,0,1,2,3,4,5,6,7,8,9,10,11,12,13,14,15,16,17,18,19,20,21,22,23,24,25,26,27,28,29,30,31,32,33,34,35
0,201001,1,3.0,13.0,24.0,5.0,8.0,19.0,1.0,27.0,1.0,6.0,5.0,47.0,18.0,9.0,9.0,13.0,2.0,3.0,3.0,8.0,3.0,11.0,12.0,3.0,13.0,16.0,8.0,3.0,9.0,3.0,5.0,1.0,3.0,9.0
1,201001,2,13.0,26.0,15.0,20.0,5.0,36.0,6.0,20.0,0.0,12.0,11.0,40.0,11.0,16.0,22.0,37.0,9.0,2.0,2.0,9.0,1.0,5.0,5.0,8.0,19.0,10.0,10.0,3.0,12.0,2.0,9.0,2.0,10.0,8.0
2,201001,3,42.0,10.0,15.0,17.0,3.0,66.0,4.0,22.0,5.0,24.0,19.0,39.0,16.0,15.0,25.0,45.0,1.0,4.0,3.0,10.0,6.0,8.0,5.0,12.0,19.0,9.0,12.0,7.0,13.0,1.0,7.0,2.0,20.0,26.0
3,201001,4,12.0,21.0,9.0,20.0,7.0,29.0,9.0,7.0,1.0,13.0,9.0,11.0,10.0,14.0,23.0,23.0,10.0,6.0,5.0,17.0,3.0,29.0,7.0,9.0,17.0,11.0,9.0,6.0,18.0,2.0,9.0,2.0,7.0,7.0
4,201001,5,5.0,12.0,3.0,13.0,3.0,9.0,4.0,6.0,1.0,11.0,4.0,2.0,4.0,12.0,25.0,23.0,0.0,2.0,8.0,21.0,2.0,24.0,14.0,8.0,22.0,7.0,9.0,1.0,9.0,5.0,2.0,5.0,0.0,6.0
5,201001,6,4.0,19.0,7.0,25.0,6.0,11.0,15.0,6.0,9.0,5.0,6.0,4.0,7.0,45.0,25.0,17.0,2.0,5.0,8.0,14.0,8.0,24.0,8.0,18.0,9.0,15.0,3.0,3.0,3.0,2.0,3.0,2.0,1.0,14.0
6,201001,7,18.0,57.0,19.0,76.0,29.0,45.0,9.0,17.0,12.0,40.0,78.0,30.0,296.0,32.0,306.0,100.0,11.0,16.0,126.0,21.0,4.0,23.0,9.0,81.0,79.0,94.0,30.0,12.0,30.0,6.0,10.0,2.0,6.0,27.0
7,201001,8,54.0,46.0,11.0,32.0,21.0,42.0,15.0,14.0,1.0,36.0,19.0,21.0,110.0,18.0,75.0,86.0,7.0,5.0,30.0,18.0,0.0,24.0,6.0,27.0,47.0,35.0,16.0,11.0,14.0,3.0,6.0,0.0,8.0,40.0
8,201001,9,4.0,6.0,2.0,3.0,1.0,1.0,5.0,1.0,0.0,4.0,3.0,5.0,6.0,7.0,11.0,8.0,9.0,2.0,3.0,10.0,0.0,10.0,4.0,2.0,5.0,8.0,3.0,1.0,4.0,0.0,1.0,2.0,3.0,0.0
9,201001,10,19.0,16.0,6.0,12.0,2.0,21.0,4.0,5.0,1.0,11.0,5.0,12.0,14.0,5.0,28.0,145.0,8.0,0.0,7.0,13.0,1.0,12.0,2.0,18.0,16.0,4.0,5.0,7.0,8.0,1.0,5.0,0.0,6.0,8.0
10,201001,11,5.0,15.0,7.0,5.0,3.0,6.0,11.0,2.0,0.0,7.0,6.0,5.0,5.0,8.0,19.0,12.0,4.0,1.0,2.0,16.0,2.0,9.0,4.0,4.0,11.0,1.0,5.0,3.0,3.0,1.0,1.0,4.0,0.0,10.0
11,201001,12,5.0,24.0,16.0,8.0,8.0,9.0,25.0,3.0,0.0,6.0,7.0,5.0,8.0,4.0,10.0,12.0,3.0,1.0,6.0,42.0,6.0,63.0,6.0,8.0,16.0,8.0,6.0,0.0,2.0,11.0,2.0,2.0,2.0,11.0
12,201001,13,1.0,14.0,8.0,6.0,1.0,11.0,10.0,2.0,0.0,6.0,5.0,8.0,2.0,10.0,16.0,5.0,0.0,0.0,3.0,20.0,5.0,26.0,12.0,13.0,10.0,5.0,2.0,3.0,6.0,3.0,1.0,5.0,1.0,3.0
13,201001,14,3.0,17.0,5.0,10.0,1.0,2.0,3.0,2.0,6.0,3.0,9.0,6.0,5.0,3.0,10.0,3.0,4.0,3.0,2.0,11.0,1.0,22.0,4.0,8.0,4.0,6.0,2.0,2.0,1.0,3.0,1.0,3.0,0.0,4.0
14,201001,15,7.0,23.0,4.0,8.0,2.0,12.0,3.0,4.0,3.0,4.0,5.0,5.0,2.0,10.0,15.0,11.0,3.0,3.0,2.0,3.0,1.0,10.0,7.0,19.0,8.0,17.0,1.0,1.0,2.0,0.0,1.0,0.0,1.0,2.0
15,201001,16,1.0,16.0,5.0,7.0,2.0,3.0,6.0,8.0,0.0,4.0,10.0,13.0,8.0,9.0,23.0,10.0,5.0,1.0,3.0,4.0,1.0,7.0,2.0,6.0,4.0,30.0,4.0,1.0,7.0,1.0,1.0,1.0,2.0,5.0
16,201001,17,13.0,66.0,7.0,25.0,1.0,22.0,5.0,45.0,1.0,17.0,16.0,20.0,11.0,7.0,51.0,24.0,3.0,6.0,9.0,7.0,0.0,18.0,3.0,17.0,8.0,37.0,10.0,4.0,14.0,0.0,1.0,4.0,2.0,14.0
17,201001,18,13.0,18.0,8.0,42.0,4.0,49.0,10.0,18.0,0.0,14.0,8.0,3.0,6.0,14.0,83.0,17.0,2.0,0.0,15.0,44.0,6.0,61.0,7.0,9.0,19.0,44.0,2.0,5.0,6.0,11.0,3.0,2.0,3.0,21.0
18,201001,19,6.0,10.0,14.0,39.0,1.0,18.0,13.0,9.0,10.0,7.0,4.0,3.0,6.0,17.0,36.0,15.0,5.0,4.0,10.0,45.0,6.0,76.0,6.0,10.0,32.0,21.0,5.0,3.0,6.0,15.0,3.0,4.0,2.0,11.0
19,201001,20,9.0,29.0,11.0,33.0,8.0,13.0,22.0,2.0,5.0,9.0,12.0,10.0,15.0,18.0,49.0,13.0,8.0,6.0,11.0,69.0,9.0,98.0,7.0,10.0,27.0,36.0,6.0,2.0,8.0,12.0,2.0,3.0,2.0,7.0
20,201001,21,14.0,18.0,255.0,25.0,16.0,15.0,16.0,8.0,3.0,11.0,18.0,12.0,28.0,60.0,20.0,24.0,10.0,13.0,12.0,133.0,47.0,136.0,18.0,14.0,20.0,24.0,8.0,3.0,14.0,103.0,6.0,4.0,2.0,14.0
21,201001,22,8.0,20.0,36.0,49.0,6.0,16.0,15.0,8.0,1.0,10.0,9.0,17.0,20.0,57.0,70.0,12.0,4.0,8.0,4.0,22.0,4.0,27.0,12.0,10.0,22.0,12.0,5.0,3.0,12.0,5.0,2.0,1.0,2.0,7.0
22,201001,23,1.0,3.0,7.0,29.0,5.0,4.0,9.0,0.0,1.0,2.0,0.0,6.0,3.0,11.0,34.0,11.0,5.0,0.0,6.0,7.0,2.0,9.0,3.0,5.0,4.0,7.0,1.0,1.0,1.0,2.0,3.0,0.0,1.0,1.0
23,201001,24,4.0,13.0,5.0,30.0,24.0,23.0,14.0,13.0,1.0,20.0,17.0,23.0,234.0,11.0,29.0,30.0,9.0,6.0,7.0,15.0,5.0,25.0,3.0,31.0,19.0,10.0,16.0,1.0,26.0,2.0,7.0,1.0,15.0,32.0
24,201001,25,86.0,26.0,13.0,61.0,13.0,165.0,14.0,134.0,0.0,72.0,13.0,32.0,43.0,17.0,57.0,81.0,7.0,6.0,14.0,27.0,2.0,47.0,6.0,22.0,42.0,13.0,38.0,26.0,45.0,7.0,18.0,3.0,52.0,239.0
25,201001,26,5.0,16.0,7.0,8.0,2.0,17.0,15.0,9.0,1.0,6.0,6.0,1.0,2.0,13.0,18.0,17.0,4.0,1.0,7.0,18.0,4.0,21.0,6.0,10.0,15.0,9.0,1.0,5.0,6.0,4.0,1.0,5.0,3.0,13.0
26,201001,27,4.0,14.0,10.0,4.0,4.0,13.0,6.0,4.0,1.0,10.0,7.0,1.0,5.0,21.0,13.0,9.0,10.0,1.0,5.0,19.0,7.0,21.0,8.0,10.0,10.0,4.0,6.0,1.0,3.0,3.0,1.0,3.0,0.0,7.0
27,201001,28,34.0,171.0,35.0,19.0,6.0,42.0,2.0,13.0,4.0,19.0,46.0,6.0,24.0,23.0,34.0,48.0,4.0,8.0,2.0,8.0,3.0,8.0,9.0,39.0,19.0,55.0,6.0,6.0,6.0,0.0,1.0,5.0,2.0,59.0
28,201001,29,23.0,178.0,40.0,33.0,19.0,29.0,9.0,15.0,7.0,23.0,104.0,56.0,106.0,59.0,71.0,39.0,13.0,13.0,7.0,22.0,8.0,23.0,21.0,423.0,43.0,95.0,15.0,9.0,27.0,3.0,3.0,0.0,9.0,30.0
29,201001,30,24.0,68.0,10.0,12.0,10.0,47.0,7.0,50.0,0.0,217.0,13.0,258.0,125.0,5.0,51.0,43.0,22.0,5.0,5.0,11.0,1.0,10.0,5.0,96.0,34.0,28.0,37.0,23.0,204.0,3.0,8.0,0.0,34.0,16.0
30,201001,31,3.0,37.0,8.0,9.0,0.0,19.0,5.0,8.0,3.0,64.0,5.0,43.0,16.0,6.0,18.0,12.0,3.0,3.0,2.0,11.0,0.0,9.0,16.0,32.0,10.0,9.0,5.0,10.0,61.0,3.0,1.0,2.0,1.0,9.0
31,201002,1,7.0,22.0,7.0,13.0,9.0,13.0,9.0,3.0,1.0,7.0,11.0,7.0,7.0,16.0,11.0,8.0,6.0,1.0,4.0,9.0,0.0,7.0,7.0,17.0,8.0,10.0,4.0,2.0,5.0,0.0,0.0,3.0,1.0,15.0
32,201002,2,6.0,54.0,13.0,12.0,3.0,12.0,7.0,10.0,5.0,16.0,22.0,5.0,11.0,10.0,32.0,19.0,9.0,7.0,8.0,16.0,5.0,13.0,3.0,11.0,19.0,7.0,9.0,2.0,33.0,4.0,1.0,1.0,3.0,9.0
33,201002,3,38.0,37.0,21.0,8.0,6.0,23.0,7.0,7.0,4.0,26.0,11.0,46.0,3.0,9.0,12.0,16.0,3.0,2.0,3.0,26.0,3.0,22.0,3.0,18.0,20.0,5.0,13.0,2.0,17.0,4.0,1.0,2.0,0.0,9.0
34,201002,4,9.0,27.0,10.0,4.0,4.0,11.0,7.0,2.0,0.0,3.0,6.0,7.0,16.0,11.0,7.0,10.0,3.0,2.0,1.0,14.0,3.0,26.0,3.0,11.0,10.0,4.0,3.0,1.0,6.0,5.0,0.0,1.0,1.0,5.0
35,201002,5,57.0,45.0,18.0,25.0,24.0,121.0,10.0,116.0,0.0,165.0,37.0,88.0,104.0,30.0,103.0,101.0,26.0,11.0,27.0,24.0,13.0,21.0,15.0,47.0,61.0,29.0,57.0,122.0,203.0,7.0,27.0,2.0,23.0,56.0
36,201002,6,123.0,39.0,23.0,19.0,25.0,192.0,7.0,380.0,3.0,291.0,38.0,93.0,88.0,28.0,73.0,211.0,42.0,11.0,18.0,28.0,15.0,20.0,12.0,41.0,89.0,18.0,93.0,225.0,324.0,16.0,43.0,0.0,74.0,65.0
37,201002,7,44.0,73.0,23.0,19.0,22.0,187.0,8.0,201.0,3.0,347.0,47.0,78.0,53.0,32.0,42.0,132.0,24.0,6.0,19.0,17.0,12.0,11.0,10.0,41.0,59.0,24.0,63.0,262.0,273.0,4.0,36.0,0.0,24.0,51.0
38,201002,8,19.0,79.0,19.0,47.0,10.0,78.0,8.0,38.0,1.0,213.0,52.0,25.0,30.0,30.0,55.0,54.0,6.0,6.0,13.0,16.0,5.0,14.0,5.0,157.0,33.0,30.0,26.0,76.0,67.0,1.0,6.0,3.0,12.0,28.0
39,201002,9,45.0,78.0,32.0,93.0,28.0,148.0,27.0,94.0,3.0,204.0,55.0,62.0,111.0,50.0,393.0,202.0,24.0,18.0,185.0,60.0,29.0,56.0,11.0,90.0,129.0,68.0,56.0,126.0,218.0,14.0,25.0,3.0,24.0,72.0
40,201002,10,479.0,86.0,36.0,70.0,52.0,552.0,20.0,496.0,1.0,440.0,75.0,141.0,173.0,52.0,204.0,343.0,73.0,21.0,118.0,62.0,33.0,44.0,14.0,92.0,195.0,62.0,160.0,296.0,422.0,19.0,121.0,1.0,270.0,433.0
41,201002,11,158.0,568.0,48.0,30.0,34.0,344.0,13.0,290.0,5.0,278.0,98.0,44.0,80.0,30.0,62.0,132.0,28.0,47.0,28.0,43.0,19.0,27.0,9.0,83.0,125.0,49.0,79.0,237.0,237.0,17.0,45.0,0.0,82.0,219.0
42,201002,12,21.0,327.0,28.0,30.0,68.0,40.0,10.0,26.0,0.0,65.0,118.0,111.0,815.0,22.0,64.0,58.0,21.0,34.0,30.0,30.0,11.0,27.0,7.0,107.0,71.0,53.0,89.0,16.0,45.0,5.0,37.0,2.0,4.0,35.0
43,201002,13,10.0,53.0,8.0,18.0,36.0,18.0,3.0,8.0,0.0,42.0,27.0,49.0,356.0,30.0,26.0,28.0,17.0,15.0,9.0,9.0,1.0,9.0,12.0,38.0,41.0,19.0,60.0,7.0,29.0,5.0,19.0,5.0,2.0,6.0
44,201002,14,5.0,32.0,5.0,7.0,6.0,7.0,3.0,8.0,1.0,16.0,9.0,15.0,14.0,12.0,17.0,11.0,5.0,4.0,5.0,16.0,2.0,23.0,2.0,18.0,7.0,8.0,5.0,2.0,7.0,2.0,8.0,0.0,1.0,12.0
45,201002,15,23.0,13.0,4.0,17.0,14.0,32.0,9.0,21.0,3.0,35.0,34.0,29.0,295.0,10.0,38.0,39.0,9.0,4.0,13.0,14.0,2.0,36.0,11.0,46.0,125.0,26.0,22.0,7.0,24.0,6.0,12.0,7.0,2.0,18.0
46,201002,16,72.0,8.0,5.0,14.0,4.0,103.0,6.0,36.0,2.0,41.0,5.0,12.0,14.0,18.0,26.0,53.0,4.0,2.0,11.0,25.0,6.0,44.0,16.0,11.0,57.0,23.0,14.0,13.0,22.0,4.0,6.0,1.0,35.0,120.0
47,201002,17,5.0,11.0,9.0,2.0,0.0,30.0,15.0,9.0,0.0,14.0,4.0,5.0,0.0,12.0,18.0,30.0,5.0,2.0,8.0,32.0,6.0,56.0,10.0,18.0,27.0,9.0,9.0,3.0,8.0,4.0,2.0,0.0,10.0,17.0
48,201002,18,6.0,7.0,2.0,2.0,1.0,13.0,12.0,3.0,7.0,7.0,4.0,4.0,5.0,12.0,14.0,26.0,4.0,3.0,4.0,24.0,3.0,24.0,10.0,7.0,14.0,4.0,5.0,5.0,5.0,2.0,3.0,4.0,1.0,5.0
49,201002,19,2.0,8.0,5.0,8.0,1.0,11.0,2.0,4.0,7.0,9.0,13.0,6.0,4.0,39.0,12.0,5.0,1.0,0.0,2.0,11.0,0.0,17.0,3.0,5.0,4.0,10.0,3.0,0.0,4.0,0.0,1.0,2.0,1.0,5.0
50,201002,20,3.0,12.0,4.0,6.0,1.0,2.0,3.0,1.0,11.0,3.0,7.0,3.0,7.0,64.0,11.0,6.0,4.0,3.0,1.0,9.0,0.0,8.0,6.0,7.0,7.0,7.0,0.0,1.0,1.0,0.0,0.0,0.0,3.0,2.0
51,201002,21,2.0,21.0,5.0,11.0,0.0,4.0,6.0,8.0,9.0,8.0,10.0,10.0,8.0,47.0,68.0,18.0,1.0,3.0,12.0,8.0,0.0,10.0,3.0,23.0,9.0,20.0,1.0,0.0,3.0,2.0,1.0,1.0,0.0,8.0
52,201002,22,9.0,7.0,11.0,21.0,4.0,17.0,4.0,11.0,5.0,11.0,11.0,10.0,17.0,12.0,67.0,95.0,6.0,3.0,38.0,18.0,4.0,14.0,1.0,17.0,16.0,12.0,6.0,5.0,15.0,2.0,2.0,2.0,4.0,9.0
53,201002,23,29.0,144.0,20.0,15.0,4.0,31.0,10.0,53.0,0.0,19.0,69.0,16.0,28.0,11.0,27.0,33.0,1.0,23.0,8.0,27.0,5.0,36.0,0.0,30.0,28.0,20.0,19.0,6.0,28.0,7.0,9.0,0.0,7.0,49.0
54,201002,24,13.0,21.0,1.0,24.0,12.0,65.0,9.0,14.0,1.0,26.0,13.0,16.0,63.0,7.0,59.0,35.0,7.0,8.0,11.0,20.0,5.0,28.0,9.0,20.0,15.0,17.0,15.0,8.0,17.0,3.0,4.0,0.0,3.0,88.0
55,201002,25,296.0,34.0,6.0,31.0,16.0,204.0,6.0,206.0,3.0,83.0,15.0,33.0,47.0,25.0,90.0,144.0,30.0,5.0,23.0,25.0,7.0,22.0,7.0,43.0,84.0,33.0,56.0,47.0,74.0,4.0,30.0,1.0,89.0,239.0
56,201002,26,362.0,30.0,10.0,28.0,20.0,277.0,15.0,181.0,4.0,146.0,35.0,41.0,44.0,14.0,66.0,205.0,29.0,7.0,32.0,34.0,13.0,43.0,4.0,46.0,95.0,35.0,62.0,109.0,80.0,6.0,48.0,2.0,189.0,320.0
57,201002,27,80.0,3.0,4.0,6.0,5.0,39.0,9.0,6.0,2.0,16.0,8.0,9.0,5.0,11.0,9.0,28.0,8.0,2.0,5.0,19.0,2.0,21.0,3.0,8.0,21.0,5.0,7.0,2.0,2.0,5.0,8.0,41.0,31.0,22.0
58,201002,28,10.0,9.0,5.0,9.0,0.0,15.0,3.0,5.0,1.0,10.0,3.0,5.0,3.0,17.0,6.0,12.0,2.0,0.0,3.0,6.0,3.0,4.0,5.0,7.0,8.0,5.0,1.0,1.0,4.0,1.0,1.0,0.0,0.0,7.0
59,201003,1,12.0,21.0,4.0,7.0,4.0,17.0,3.0,5.0,0.0,9.0,18.0,8.0,11.0,8.0,14.0,19.0,1.0,5.0,3.0,25.0,2.0,35.0,3.0,9.0,15.0,4.0,5.0,2.0,8.0,3.0,1.0,4.0,27.0,7.0
60,201003,2,15.0,29.0,11.0,10.0,32.0,22.0,12.0,15.0,0.0,39.0,31.0,65.0,430.0,15.0,24.0,33.0,14.0,14.0,13.0,22.0,3.0,32.0,7.0,33.0,44.0,18.0,47.0,7.0,24.0,4.0,21.0,1.0,4.0,14.0
61,201003,3,95.0,7.0,8.0,12.0,2.0,35.0,9.0,20.0,2.0,25.0,9.0,16.0,15.0,17.0,12.0,34.0,2.0,2.0,7.0,19.0,2.0,20.0,7.0,11.0,24.0,3.0,15.0,5.0,11.0,5.0,3.0,5.0,7.0,44.0
62,201003,4,4.0,8.0,4.0,4.0,4.0,10.0,7.0,11.0,4.0,11.0,7.0,6.0,7.0,6.0,9.0,6.0,4.0,2.0,2.0,9.0,0.0,6.0,2.0,10.0,15.0,4.0,5.0,4.0,6.0,0.0,1.0,2.0,0.0,5.0
63,201003,5,5.0,10.0,1.0,8.0,3.0,4.0,3.0,2.0,4.0,6.0,5.0,3.0,6.0,16.0,6.0,4.0,7.0,0.0,3.0,8.0,1.0,4.0,3.0,9.0,17.0,9.0,1.0,0.0,3.0,0.0,0.0,1.0,0.0,5.0
64,201003,6,0.0,2.0,2.0,8.0,1.0,3.0,2.0,2.0,0.0,0.0,1.0,3.0,4.0,4.0,4.0,3.0,5.0,0.0,1.0,4.0,0.0,4.0,4.0,1.0,0.0,2.0,3.0,0.0,2.0,1.0,2.0,2.0,0.0,0.0
65,201003,7,2.0,13.0,10.0,13.0,2.0,0.0,7.0,3.0,2.0,6.0,4.0,6.0,2.0,39.0,11.0,4.0,3.0,3.0,1.0,7.0,1.0,12.0,13.0,6.0,6.0,3.0,3.0,0.0,1.0,2.0,2.0,3.0,1.0,4.0
66,201003,8,2.0,65.0,14.0,24.0,2.0,8.0,10.0,5.0,9.0,5.0,21.0,8.0,6.0,35.0,35.0,7.0,4.0,5.0,17.0,23.0,9.0,26.0,8.0,12.0,7.0,11.0,4.0,3.0,3.0,4.0,0.0,0.0,0.0,8.0
67,201003,9,5.0,17.0,15.0,45.0,2.0,14.0,2.0,9.0,2.0,7.0,7.0,11.0,8.0,14.0,122.0,16.0,2.0,1.0,38.0,13.0,5.0,17.0,15.0,22.0,23.0,21.0,7.0,8.0,8.0,5.0,3.0,0.0,2.0,10.0
68,201003,10,3.0,45.0,5.0,18.0,3.0,10.0,5.0,7.0,1.0,7.0,12.0,11.0,31.0,12.0,44.0,12.0,6.0,4.0,1.0,4.0,0.0,2.0,1.0,14.0,15.0,3.0,5.0,2.0,7.0,2.0,2.0,1.0,1.0,8.0
69,201003,11,5.0,5.0,2.0,72.0,17.0,17.0,4.0,8.0,4.0,9.0,16.0,14.0,50.0,10.0,64.0,21.0,2.0,2.0,5.0,4.0,1.0,7.0,0.0,18.0,15.0,3.0,13.0,2.0,5.0,1.0,3.0,1.0,2.0,11.0
70,201003,12,35.0,8.0,5.0,42.0,15.0,30.0,11.0,63.0,10.0,29.0,15.0,35.0,139.0,7.0,46.0,36.0,19.0,3.0,6.0,18.0,3.0,34.0,5.0,28.0,25.0,12.0,17.0,4.0,13.0,3.0,12.0,6.0,5.0,24.0
71,201003,13,95.0,6.0,5.0,32.0,10.0,75.0,1.0,52.0,2.0,41.0,3.0,29.0,45.0,8.0,124.0,54.0,22.0,3.0,12.0,24.0,4.0,12.0,8.0,22.0,24.0,15.0,31.0,12.0,40.0,2.0,37.0,4.0,192.0,56.0
72,201003,14,80.0,17.0,4.0,18.0,5.0,130.0,9.0,32.0,1.0,41.0,8.0,20.0,28.0,27.0,25.0,50.0,12.0,1.0,4.0,12.0,3.0,12.0,8.0,18.0,28.0,11.0,31.0,7.0,27.0,3.0,18.0,0.0,99.0,85.0
73,201003,15,35.0,6.0,4.0,19.0,5.0,81.0,5.0,26.0,2.0,31.0,17.0,11.0,26.0,10.0,13.0,42.0,9.0,0.0,7.0,16.0,1.0,11.0,6.0,8.0,25.0,2.0,12.0,5.0,13.0,4.0,15.0,0.0,11.0,49.0
74,201003,16,8.0,19.0,7.0,3.0,2.0,10.0,4.0,5.0,0.0,14.0,9.0,9.0,3.0,3.0,9.0,5.0,1.0,1.0,4.0,13.0,2.0,12.0,1.0,6.0,10.0,2.0,4.0,0.0,7.0,5.0,0.0,0.0,1.0,9.0
75,201003,17,4.0,13.0,5.0,10.0,2.0,7.0,0.0,7.0,1.0,4.0,6.0,7.0,6.0,3.0,22.0,5.0,3.0,4.0,5.0,10.0,1.0,8.0,2.0,10.0,11.0,2.0,2.0,3.0,4.0,2.0,2.0,0.0,2.0,9.0
76,201003,18,4.0,10.0,2.0,0.0,5.0,7.0,4.0,9.0,0.0,7.0,9.0,9.0,8.0,5.0,3.0,10.0,3.0,3.0,0.0,8.0,3.0,8.0,1.0,4.0,6.0,6.0,3.0,3.0,2.0,0.0,2.0,0.0,1.0,10.0
77,201003,19,6.0,6.0,3.0,9.0,0.0,12.0,7.0,4.0,2.0,7.0,18.0,7.0,5.0,47.0,6.0,9.0,0.0,2.0,1.0,8.0,0.0,7.0,5.0,5.0,8.0,8.0,1.0,2.0,3.0,1.0,1.0,0.0,0.0,5.0
78,201003,20,9.0,38.0,6.0,8.0,2.0,2.0,2.0,2.0,1.0,4.0,32.0,10.0,10.0,12.0,42.0,9.0,0.0,2.0,5.0,7.0,0.0,7.0,2.0,14.0,6.0,11.0,3.0,4.0,2.0,1.0,2.0,0.0,1.0,2.0
79,201003,21,1.0,33.0,4.0,7.0,6.0,12.0,1.0,4.0,1.0,7.0,17.0,11.0,25.0,10.0,12.0,13.0,2.0,2.0,2.0,6.0,2.0,0.0,0.0,19.0,3.0,22.0,6.0,2.0,3.0,4.0,1.0,1.0,3.0,6.0
80,201003,22,25.0,6.0,6.0,7.0,5.0,46.0,1.0,25.0,1.0,28.0,20.0,13.0,14.0,9.0,19.0,26.0,2.0,1.0,4.0,1.0,0.0,6.0,2.0,11.0,18.0,6.0,13.0,6.0,18.0,0.0,4.0,1.0,7.0,105.0
81,201003,23,12.0,8.0,13.0,4.0,1.0,16.0,3.0,12.0,0.0,7.0,7.0,5.0,3.0,184.0,10.0,18.0,6.0,1.0,2.0,28.0,10.0,14.0,14.0,8.0,7.0,5.0,3.0,2.0,6.0,4.0,3.0,0.0,1.0,20.0
82,201003,24,20.0,82.0,20.0,24.0,5.0,28.0,12.0,9.0,1.0,17.0,22.0,6.0,8.0,116.0,20.0,18.0,7.0,11.0,6.0,33.0,9.0,29.0,19.0,16.0,17.0,15.0,4.0,5.0,12.0,5.0,5.0,1.0,58.0,20.0
83,201003,25,7.0,28.0,5.0,6.0,7.0,13.0,2.0,5.0,0.0,8.0,25.0,10.0,3.0,3.0,9.0,13.0,0.0,2.0,1.0,7.0,1.0,6.0,3.0,7.0,12.0,9.0,5.0,0.0,2.0,0.0,2.0,0.0,0.0,5.0
84,201003,26,25.0,11.0,6.0,4.0,1.0,13.0,4.0,6.0,1.0,7.0,7.0,10.0,7.0,59.0,10.0,11.0,2.0,1.0,3.0,7.0,2.0,13.0,5.0,12.0,8.0,7.0,4.0,2.0,5.0,1.0,1.0,0.0,0.0,10.0
85,201003,27,1.0,7.0,3.0,0.0,2.0,5.0,2.0,1.0,3.0,2.0,7.0,3.0,2.0,4.0,4.0,6.0,2.0,5.0,0.0,3.0,1.0,4.0,4.0,9.0,5.0,7.0,4.0,1.0,1.0,0.0,2.0,2.0,0.0,1.0
86,201003,28,1.0,3.0,1.0,2.0,4.0,10.0,0.0,2.0,1.0,3.0,5.0,7.0,3.0,5.0,3.0,11.0,4.0,3.0,1.0,2.0,0.0,2.0,2.0,13.0,3.0,4.0,6.0,1.0,4.0,1.0,2.0,1.0,3.0,6.0
87,201003,29,10.0,9.0,4.0,4.0,4.0,40.0,4.0,32.0,0.0,16.0,3.0,4.0,7.0,7.0,9.0,22.0,8.0,2.0,0.0,14.0,0.0,11.0,0.0,8.0,11.0,11.0,5.0,4.0,8.0,2.0,8.0,1.0,12.0,28.0
88,201003,30,58.0,9.0,5.0,7.0,1.0,51.0,10.0,52.0,4.0,31.0,3.0,9.0,8.0,4.0,22.0,32.0,3.0,1.0,3.0,19.0,6.0,18.0,7.0,12.0,19.0,7.0,6.0,11.0,12.0,3.0,4.0,0.0,5.0,79.0
89,201003,31,5.0,21.0,8.0,2.0,1.0,26.0,5.0,6.0,2.0,7.0,11.0,7.0,4.0,8.0,11.0,7.0,1.0,2.0,6.0,16.0,4.0,16.0,2.0,10.0,6.0,4.0,3.0,2.0,1.0,0.0,1.0,1.0,2.0,15.0
90,201004,1,5.0,14.0,6.0,2.0,0.0,13.0,3.0,6.0,0.0,8.0,6.0,5.0,4.0,57.0,15.0,9.0,2.0,3.0,1.0,9.0,1.0,12.0,8.0,3.0,15.0,7.0,2.0,0.0,6.0,1.0,1.0,0.0,1.0,3.0
91,201004,2,6.0,22.0,3.0,7.0,1.0,9.0,3.0,6.0,5.0,2.0,7.0,2.0,7.0,9.0,7.0,7.0,6.0,1.0,3.0,6.0,1.0,21.0,7.0,7.0,10.0,6.0,1.0,3.0,1.0,1.0,2.0,0.0,1.0,2.0
92,201004,3,0.0,14.0,2.0,3.0,3.0,4.0,3.0,6.0,2.0,2.0,9.0,2.0,18.0,4.0,12.0,7.0,2.0,1.0,3.0,8.0,2.0,5.0,4.0,7.0,5.0,10.0,6.0,2.0,1.0,2.0,1.0,1.0,1.0,2.0
93,201004,4,6.0,11.0,5.0,1.0,2.0,3.0,7.0,4.0,0.0,5.0,4.0,4.0,20.0,4.0,11.0,9.0,3.0,1.0,6.0,8.0,3.0,27.0,0.0,8.0,8.0,10.0,3.0,0.0,3.0,4.0,2.0,0.0,2.0,1.0
94,201004,5,4.0,11.0,4.0,5.0,4.0,11.0,11.0,2.0,2.0,3.0,9.0,5.0,5.0,18.0,13.0,13.0,0.0,0.0,2.0,8.0,1.0,5.0,14.0,12.0,7.0,8.0,2.0,0.0,8.0,2.0,2.0,3.0,1.0,5.0
95,201004,6,1.0,9.0,2.0,16.0,7.0,9.0,8.0,4.0,0.0,8.0,8.0,8.0,8.0,19.0,96.0,13.0,2.0,2.0,7.0,8.0,1.0,17.0,7.0,9.0,13.0,16.0,5.0,1.0,9.0,2.0,4.0,2.0,2.0,4.0
96,201004,7,4.0,36.0,7.0,27.0,1.0,19.0,3.0,11.0,2.0,10.0,4.0,7.0,9.0,8.0,117.0,18.0,2.0,3.0,13.0,16.0,4.0,11.0,4.0,11.0,20.0,16.0,7.0,3.0,7.0,3.0,0.0,1.0,1.0,11.0
97,201004,8,4.0,6.0,2.0,5.0,1.0,8.0,6.0,4.0,0.0,8.0,11.0,10.0,42.0,7.0,21.0,16.0,5.0,3.0,1.0,13.0,1.0,10.0,7.0,15.0,9.0,7.0,6.0,4.0,9.0,2.0,2.0,2.0,3.0,3.0
98,201004,9,9.0,8.0,0.0,4.0,5.0,14.0,4.0,4.0,0.0,6.0,4.0,4.0,5.0,6.0,17.0,8.0,2.0,1.0,3.0,1.0,0.0,5.0,2.0,14.0,8.0,8.0,5.0,2.0,1.0,2.0,2.0,0.0,2.0,9.0
99,201004,10,0.0,3.0,2.0,2.0,2.0,5.0,5.0,0.0,6.0,1.0,2.0,2.0,3.0,8.0,7.0,3.0,12.0,0.0,1.0,9.0,0.0,10.0,2.0,4.0,2.0,4.0,0.0,1.0,1.0,0.0,0.0,2.0,1.0,3.0
100,201004,11,4.0,4.0,3.0,7.0,0.0,4.0,9.0,2.0,2.0,3.0,1.0,1.0,4.0,8.0,7.0,6.0,5.0,1.0,2.0,9.0,2.0,26.0,3.0,9.0,6.0,9.0,2.0,0.0,2.0,2.0,0.0,0.0,1.0,1.0
101,201004,12,7.0,7.0,3.0,1.0,2.0,10.0,6.0,3.0,1.0,1.0,6.0,1.0,0.0,8.0,20.0,4.0,3.0,1.0,2.0,10.0,1.0,33.0,7.0,4.0,6.0,13.0,2.0,4.0,2.0,4.0,3.0,0.0,3.0,5.0
102,201004,13,3.0,9.0,3.0,7.0,0.0,2.0,6.0,5.0,1.0,3.0,10.0,2.0,2.0,22.0,15.0,5.0,5.0,2.0,1.0,12.0,2.0,7.0,7.0,10.0,13.0,11.0,2.0,1.0,1.0,0.0,1.0,0.0,4.0,4.0
103,201004,14,3.0,11.0,3.0,9.0,0.0,5.0,3.0,3.0,4.0,4.0,16.0,2.0,5.0,7.0,9.0,5.0,5.0,2.0,3.0,11.0,0.0,7.0,2.0,8.0,8.0,8.0,3.0,2.0,3.0,2.0,1.0,1.0,2.0,4.0
104,201004,15,2.0,3.0,4.0,14.0,1.0,5.0,5.0,0.0,1.0,3.0,6.0,3.0,4.0,8.0,22.0,5.0,1.0,3.0,1.0,7.0,2.0,8.0,6.0,8.0,10.0,8.0,2.0,1.0,0.0,1.0,1.0,1.0,1.0,5.0
105,201004,16,3.0,1.0,2.0,5.0,1.0,1.0,5.0,4.0,2.0,3.0,7.0,5.0,4.0,1.0,20.0,7.0,2.0,0.0,4.0,3.0,2.0,3.0,2.0,6.0,9.0,5.0,2.0,3.0,2.0,1.0,2.0,3.0,1.0,4.0
106,201004,17,3.0,6.0,5.0,0.0,2.0,0.0,5.0,1.0,3.0,2.0,1.0,5.0,4.0,1.0,7.0,2.0,0.0,1.0,3.0,4.0,0.0,8.0,4.0,4.0,2.0,6.0,3.0,1.0,0.0,0.0,1.0,5.0,0.0,1.0
107,201004,18,1.0,2.0,1.0,3.0,0.0,3.0,6.0,2.0,3.0,2.0,8.0,2.0,2.0,11.0,8.0,3.0,2.0,1.0,2.0,5.0,2.0,2.0,4.0,5.0,5.0,6.0,0.0,0.0,2.0,2.0,4.0,0.0,0.0,4.0
108,201004,19,5.0,4.0,4.0,4.0,1.0,5.0,3.0,6.0,2.0,4.0,2.0,3.0,2.0,11.0,6.0,8.0,4.0,2.0,0.0,6.0,0.0,6.0,2.0,4.0,3.0,6.0,3.0,0.0,4.0,0.0,0.0,1.0,0.0,3.0
109,201004,20,2.0,9.0,7.0,7.0,1.0,1.0,6.0,10.0,3.0,3.0,9.0,0.0,2.0,15.0,9.0,8.0,3.0,0.0,5.0,15.0,5.0,19.0,4.0,2.0,9.0,11.0,2.0,0.0,2.0,4.0,1.0,0.0,0.0,4.0
110,201004,21,5.0,8.0,11.0,6.0,1.0,4.0,9.0,2.0,1.0,1.0,9.0,5.0,1.0,15.0,7.0,5.0,2.0,2.0,2.0,26.0,8.0,10.0,6.0,11.0,9.0,5.0,1.0,1.0,2.0,5.0,0.0,1.0,0.0,4.0
111,201004,22,4.0,11.0,8.0,5.0,1.0,17.0,1.0,3.0,3.0,8.0,7.0,5.0,4.0,32.0,10.0,9.0,1.0,0.0,3.0,22.0,4.0,7.0,12.0,7.0,8.0,10.0,4.0,1.0,3.0,1.0,2.0,1.0,2.0,11.0
112,201004,23,1.0,5.0,3.0,11.0,7.0,8.0,2.0,3.0,0.0,8.0,7.0,12.0,2.0,31.0,17.0,7.0,4.0,2.0,0.0,3.0,0.0,6.0,7.0,9.0,18.0,12.0,8.0,3.0,3.0,1.0,1.0,3.0,0.0,3.0
113,201004,24,4.0,12.0,5.0,4.0,3.0,4.0,1.0,3.0,1.0,8.0,6.0,17.0,68.0,7.0,39.0,7.0,8.0,3.0,4.0,10.0,4.0,7.0,4.0,20.0,8.0,13.0,11.0,1.0,7.0,4.0,2.0,1.0,0.0,4.0
114,201004,25,25.0,6.0,4.0,15.0,2.0,23.0,0.0,69.0,1.0,23.0,7.0,21.0,9.0,6.0,102.0,30.0,3.0,0.0,9.0,6.0,1.0,1.0,8.0,6.0,24.0,12.0,14.0,4.0,22.0,3.0,7.0,1.0,7.0,22.0
115,201004,26,22.0,9.0,5.0,5.0,13.0,21.0,5.0,23.0,1.0,23.0,5.0,11.0,12.0,6.0,15.0,16.0,27.0,0.0,1.0,12.0,4.0,8.0,0.0,11.0,13.0,4.0,8.0,6.0,8.0,4.0,4.0,0.0,19.0,26.0
116,201004,27,15.0,19.0,16.0,9.0,1.0,10.0,12.0,7.0,0.0,5.0,5.0,4.0,7.0,18.0,8.0,10.0,2.0,1.0,6.0,22.0,3.0,59.0,6.0,14.0,8.0,3.0,6.0,3.0,7.0,7.0,1.0,1.0,3.0,4.0
117,201004,28,5.0,15.0,4.0,3.0,3.0,14.0,5.0,7.0,4.0,4.0,4.0,5.0,2.0,20.0,17.0,5.0,4.0,3.0,2.0,16.0,14.0,14.0,3.0,10.0,8.0,4.0,7.0,2.0,5.0,8.0,4.0,2.0,20.0,16.0
118,201004,29,4.0,13.0,7.0,7.0,4.0,10.0,3.0,4.0,0.0,3.0,4.0,0.0,0.0,16.0,12.0,5.0,2.0,2.0,1.0,5.0,4.0,10.0,9.0,6.0,7.0,4.0,2.0,1.0,4.0,2.0,1.0,0.0,9.0,3.0
119,201004,30,2.0,5.0,5.0,14.0,2.0,6.0,4.0,0.0,0.0,5.0,3.0,4.0,7.0,8.0,31.0,3.0,3.0,2.0,6.0,3.0,2.0,3.0,6.0,8.0,5.0,4.0,2.0,1.0,2.0,0.0,0.0,7.0,1.0,7.0
120,201005,1,1.0,9.0,1.0,3.0,3.0,0.0,4.0,4.0,1.0,7.0,4.0,7.0,10.0,4.0,5.0,3.0,3.0,3.0,3.0,4.0,0.0,1.0,2.0,19.0,11.0,5.0,6.0,2.0,4.0,1.0,1.0,4.0,2.0,4.0
121,201005,2,8.0,24.0,3.0,5.0,6.0,19.0,4.0,7.0,1.0,7.0,12.0,13.0,14.0,10.0,17.0,18.0,9.0,3.0,5.0,11.0,3.0,4.0,1.0,68.0,13.0,8.0,11.0,4.0,9.0,3.0,11.0,4.0,37.0,21.0
122,201005,3,25.0,69.0,8.0,9.0,11.0,15.0,3.0,12.0,1.0,11.0,20.0,13.0,33.0,6.0,7.0,13.0,5.0,8.0,2.0,5.0,1.0,5.0,3.0,16.0,15.0,11.0,7.0,5.0,13.0,3.0,0.0,0.0,8.0,16.0
123,201005,4,5.0,27.0,4.0,8.0,9.0,8.0,9.0,4.0,0.0,10.0,10.0,4.0,14.0,10.0,5.0,10.0,10.0,1.0,3.0,16.0,5.0,17.0,6.0,20.0,11.0,11.0,14.0,2.0,3.0,2.0,3.0,2.0,4.0,13.0
124,201005,5,5.0,5.0,2.0,2.0,4.0,6.0,7.0,5.0,0.0,6.0,4.0,6.0,15.0,2.0,5.0,23.0,5.0,1.0,2.0,8.0,1.0,11.0,1.0,7.0,14.0,2.0,6.0,3.0,5.0,3.0,6.0,1.0,2.0,9.0
125,201005,6,4.0,6.0,2.0,5.0,1.0,8.0,4.0,5.0,2.0,8.0,5.0,5.0,6.0,12.0,5.0,5.0,1.0,0.0,0.0,7.0,2.0,6.0,4.0,10.0,16.0,7.0,4.0,2.0,7.0,0.0,0.0,0.0,3.0,5.0
126,201005,7,9.0,12.0,9.0,28.0,6.0,15.0,4.0,4.0,4.0,6.0,8.0,8.0,8.0,11.0,114.0,34.0,2.0,1.0,11.0,5.0,3.0,4.0,8.0,7.0,31.0,9.0,4.0,3.0,6.0,0.0,0.0,1.0,2.0,6.0
127,201005,8,12.0,2.0,3.0,3.0,1.0,12.0,7.0,3.0,1.0,5.0,5.0,10.0,1.0,7.0,6.0,23.0,2.0,1.0,1.0,9.0,1.0,6.0,7.0,2.0,5.0,4.0,4.0,1.0,6.0,2.0,1.0,1.0,28.0,3.0
128,201005,9,14.0,9.0,6.0,4.0,3.0,17.0,5.0,5.0,1.0,12.0,5.0,7.0,2.0,5.0,12.0,21.0,4.0,3.0,1.0,9.0,0.0,7.0,4.0,12.0,9.0,2.0,9.0,4.0,16.0,2.0,6.0,2.0,68.0,9.0
129,201005,10,4.0,15.0,7.0,7.0,3.0,8.0,10.0,1.0,2.0,5.0,2.0,4.0,5.0,6.0,8.0,8.0,6.0,2.0,2.0,21.0,1.0,32.0,8.0,6.0,6.0,8.0,4.0,1.0,5.0,2.0,2.0,0.0,2.0,4.0
130,201005,11,9.0,13.0,6.0,11.0,4.0,9.0,4.0,2.0,0.0,8.0,7.0,2.0,6.0,14.0,52.0,16.0,4.0,1.0,7.0,17.0,6.0,17.0,6.0,9.0,12.0,10.0,2.0,3.0,4.0,9.0,0.0,0.0,0.0,5.0
131,201005,12,17.0,5.0,7.0,33.0,5.0,26.0,3.0,14.0,0.0,19.0,5.0,10.0,19.0,18.0,186.0,32.0,5.0,1.0,17.0,15.0,4.0,15.0,12.0,28.0,42.0,26.0,11.0,3.0,15.0,4.0,2.0,3.0,8.0,28.0
132,201005,13,13.0,15.0,5.0,26.0,2.0,22.0,2.0,12.0,0.0,18.0,9.0,10.0,13.0,14.0,144.0,45.0,2.0,5.0,13.0,11.0,3.0,9.0,6.0,21.0,22.0,24.0,7.0,3.0,9.0,3.0,4.0,3.0,3.0,6.0
133,201005,14,12.0,345.0,33.0,12.0,15.0,13.0,10.0,30.0,2.0,27.0,133.0,20.0,24.0,13.0,36.0,26.0,8.0,29.0,5.0,20.0,6.0,17.0,8.0,48.0,26.0,20.0,22.0,4.0,15.0,6.0,2.0,3.0,5.0,24.0
134,201005,15,9.0,28.0,3.0,7.0,3.0,7.0,5.0,3.0,0.0,8.0,39.0,11.0,8.0,6.0,8.0,14.0,4.0,8.0,3.0,3.0,3.0,6.0,3.0,14.0,7.0,11.0,7.0,1.0,10.0,0.0,1.0,0.0,4.0,1.0
135,201005,16,2.0,8.0,2.0,1.0,2.0,7.0,4.0,2.0,10.0,3.0,1.0,5.0,4.0,2.0,4.0,9.0,6.0,1.0,3.0,10.0,2.0,10.0,2.0,7.0,1.0,4.0,0.0,1.0,4.0,1.0,1.0,0.0,3.0,2.0
136,201005,17,3.0,24.0,2.0,3.0,9.0,5.0,5.0,7.0,5.0,5.0,15.0,5.0,18.0,2.0,10.0,4.0,8.0,2.0,2.0,17.0,3.0,34.0,3.0,8.0,8.0,8.0,6.0,0.0,5.0,2.0,1.0,1.0,5.0,8.0
137,201005,18,16.0,8.0,9.0,4.0,4.0,11.0,9.0,4.0,0.0,9.0,7.0,7.0,10.0,22.0,12.0,10.0,7.0,1.0,3.0,15.0,3.0,18.0,7.0,11.0,10.0,12.0,10.0,4.0,8.0,5.0,6.0,1.0,2.0,16.0
138,201005,19,5.0,8.0,5.0,3.0,2.0,15.0,5.0,3.0,2.0,8.0,4.0,3.0,5.0,7.0,8.0,8.0,9.0,0.0,4.0,15.0,5.0,15.0,8.0,12.0,9.0,6.0,4.0,2.0,5.0,4.0,4.0,0.0,3.0,11.0
139,201005,20,2.0,20.0,6.0,10.0,2.0,8.0,3.0,3.0,1.0,7.0,8.0,5.0,7.0,5.0,5.0,10.0,11.0,3.0,4.0,7.0,2.0,11.0,4.0,15.0,8.0,7.0,3.0,1.0,4.0,2.0,1.0,0.0,2.0,6.0
140,201005,21,3.0,8.0,4.0,16.0,4.0,12.0,8.0,4.0,1.0,12.0,9.0,14.0,96.0,10.0,87.0,23.0,4.0,2.0,14.0,9.0,6.0,5.0,3.0,16.0,18.0,14.0,11.0,2.0,11.0,2.0,1.0,0.0,0.0,9.0
141,201005,22,3.0,6.0,2.0,4.0,2.0,3.0,3.0,1.0,1.0,4.0,3.0,4.0,15.0,10.0,10.0,11.0,4.0,2.0,3.0,5.0,3.0,3.0,7.0,9.0,9.0,4.0,4.0,2.0,1.0,3.0,2.0,1.0,1.0,1.0
142,201005,23,9.0,4.0,4.0,10.0,9.0,9.0,6.0,10.0,4.0,9.0,5.0,9.0,15.0,8.0,14.0,18.0,7.0,1.0,3.0,5.0,0.0,14.0,2.0,7.0,5.0,4.0,5.0,1.0,8.0,2.0,3.0,2.0,0.0,5.0
143,201005,24,9.0,17.0,10.0,21.0,3.0,27.0,6.0,7.0,0.0,14.0,8.0,5.0,6.0,111.0,10.0,13.0,5.0,3.0,3.0,15.0,1.0,15.0,15.0,11.0,8.0,14.0,5.0,2.0,3.0,4.0,4.0,1.0,1.0,31.0
144,201005,25,3.0,14.0,9.0,6.0,1.0,11.0,10.0,4.0,0.0,3.0,5.0,4.0,1.0,6.0,15.0,10.0,6.0,3.0,1.0,33.0,4.0,61.0,1.0,18.0,10.0,6.0,6.0,0.0,2.0,10.0,2.0,0.0,5.0,7.0
145,201005,26,15.0,9.0,7.0,23.0,4.0,11.0,9.0,5.0,2.0,14.0,8.0,7.0,5.0,79.0,91.0,16.0,8.0,2.0,10.0,18.0,2.0,16.0,13.0,21.0,19.0,12.0,6.0,1.0,13.0,3.0,0.0,1.0,2.0,12.0
146,201005,27,54.0,12.0,6.0,7.0,6.0,35.0,8.0,27.0,1.0,23.0,5.0,11.0,7.0,8.0,30.0,36.0,3.0,2.0,2.0,16.0,0.0,32.0,5.0,10.0,27.0,7.0,16.0,7.0,22.0,3.0,2.0,1.0,33.0,89.0
147,201005,28,15.0,4.0,5.0,10.0,8.0,16.0,2.0,11.0,2.0,26.0,12.0,47.0,100.0,10.0,30.0,25.0,4.0,0.0,11.0,4.0,2.0,7.0,8.0,21.0,36.0,6.0,10.0,4.0,44.0,1.0,4.0,1.0,10.0,16.0
148,201005,29,3.0,1.0,0.0,2.0,2.0,7.0,7.0,2.0,0.0,7.0,4.0,11.0,19.0,4.0,7.0,11.0,4.0,0.0,1.0,4.0,0.0,5.0,1.0,5.0,4.0,0.0,6.0,1.0,7.0,0.0,1.0,1.0,1.0,3.0
149,201005,30,2.0,4.0,1.0,5.0,4.0,1.0,2.0,2.0,4.0,1.0,3.0,5.0,7.0,1.0,7.0,7.0,8.0,1.0,1.0,5.0,0.0,5.0,1.0,9.0,2.0,4.0,7.0,0.0,0.0,0.0,1.0,0.0,1.0,1.0
150,201005,31,17.0,5.0,2.0,17.0,4.0,23.0,1.0,16.0,1.0,22.0,3.0,26.0,11.0,8.0,146.0,96.0,6.0,3.0,23.0,3.0,1.0,3.0,2.0,12.0,29.0,12.0,10.0,8.0,18.0,2.0,3.0,2.0,7.0,49.0
151,201006,1,33.0,17.0,7.0,15.0,4.0,46.0,6.0,17.0,1.0,30.0,8.0,18.0,16.0,7.0,25.0,37.0,7.0,1.0,5.0,15.0,1.0,14.0,4.0,13.0,30.0,9.0,19.0,7.0,21.0,1.0,5.0,0.0,39.0,60.0
152,201006,2,5.0,26.0,7.0,11.0,6.0,25.0,10.0,12.0,0.0,14.0,6.0,27.0,19.0,6.0,47.0,25.0,8.0,3.0,5.0,10.0,2.0,15.0,8.0,18.0,23.0,6.0,16.0,6.0,16.0,3.0,1.0,0.0,8.0,12.0
153,201006,3,18.0,18.0,4.0,5.0,9.0,35.0,10.0,15.0,0.0,27.0,18.0,9.0,19.0,5.0,13.0,17.0,39.0,8.0,3.0,10.0,6.0,21.0,2.0,21.0,28.0,10.0,24.0,8.0,22.0,1.0,1.0,0.0,20.0,24.0
154,201006,4,3.0,4.0,3.0,7.0,6.0,22.0,7.0,11.0,0.0,13.0,5.0,8.0,20.0,11.0,33.0,13.0,5.0,0.0,4.0,9.0,2.0,4.0,3.0,9.0,22.0,5.0,6.0,2.0,19.0,1.0,4.0,4.0,1.0,10.0
155,201006,5,3.0,7.0,2.0,3.0,2.0,2.0,7.0,6.0,0.0,3.0,4.0,8.0,5.0,9.0,2.0,10.0,2.0,1.0,1.0,8.0,0.0,5.0,3.0,6.0,4.0,3.0,4.0,0.0,4.0,2.0,1.0,0.0,5.0,3.0
156,201006,6,42.0,16.0,5.0,4.0,4.0,32.0,4.0,13.0,2.0,16.0,3.0,10.0,9.0,8.0,27.0,21.0,10.0,1.0,7.0,7.0,7.0,11.0,1.0,10.0,15.0,6.0,8.0,4.0,11.0,3.0,6.0,0.0,32.0,37.0
157,201006,7,10.0,26.0,4.0,6.0,5.0,18.0,5.0,3.0,1.0,4.0,4.0,4.0,7.0,13.0,5.0,9.0,7.0,2.0,3.0,12.0,3.0,24.0,2.0,8.0,5.0,9.0,2.0,2.0,0.0,3.0,2.0,0.0,1.0,8.0
158,201006,8,5.0,14.0,6.0,8.0,3.0,9.0,4.0,7.0,4.0,5.0,25.0,16.0,6.0,9.0,12.0,7.0,6.0,1.0,3.0,16.0,2.0,18.0,2.0,10.0,13.0,8.0,6.0,1.0,3.0,1.0,2.0,0.0,4.0,4.0
159,201006,9,7.0,21.0,4.0,9.0,5.0,13.0,5.0,5.0,2.0,10.0,10.0,10.0,12.0,19.0,9.0,7.0,4.0,2.0,1.0,12.0,3.0,21.0,3.0,10.0,12.0,3.0,6.0,0.0,3.0,2.0,1.0,0.0,5.0,13.0
160,201006,10,4.0,21.0,2.0,9.0,4.0,9.0,1.0,6.0,0.0,9.0,11.0,11.0,25.0,28.0,18.0,11.0,7.0,3.0,1.0,12.0,3.0,10.0,9.0,17.0,17.0,9.0,9.0,3.0,5.0,1.0,7.0,2.0,1.0,11.0
161,201006,11,6.0,8.0,5.0,17.0,4.0,15.0,1.0,6.0,2.0,10.0,5.0,6.0,13.0,57.0,32.0,25.0,2.0,2.0,3.0,13.0,1.0,4.0,7.0,10.0,14.0,7.0,6.0,2.0,4.0,5.0,3.0,0.0,2.0,6.0
162,201006,12,9.0,10.0,2.0,40.0,5.0,17.0,6.0,20.0,0.0,10.0,8.0,12.0,22.0,38.0,172.0,41.0,9.0,5.0,15.0,9.0,5.0,7.0,16.0,22.0,20.0,18.0,22.0,3.0,7.0,1.0,30.0,1.0,2.0,17.0
163,201006,13,39.0,8.0,2.0,25.0,5.0,36.0,2.0,32.0,1.0,20.0,12.0,23.0,30.0,21.0,85.0,44.0,5.0,1.0,10.0,5.0,6.0,3.0,7.0,26.0,19.0,9.0,33.0,4.0,20.0,0.0,30.0,0.0,10.0,44.0
164,201006,14,13.0,25.0,2.0,22.0,5.0,25.0,2.0,23.0,0.0,13.0,13.0,16.0,16.0,14.0,95.0,42.0,10.0,4.0,10.0,6.0,4.0,11.0,5.0,9.0,29.0,16.0,15.0,1.0,4.0,3.0,21.0,4.0,3.0,20.0
165,201006,15,4.0,13.0,1.0,8.0,9.0,20.0,14.0,18.0,0.0,13.0,8.0,18.0,120.0,19.0,64.0,29.0,15.0,2.0,19.0,15.0,9.0,14.0,10.0,23.0,38.0,7.0,29.0,1.0,14.0,4.0,22.0,12.0,2.0,22.0
166,201006,16,5.0,14.0,4.0,13.0,7.0,16.0,3.0,15.0,2.0,21.0,13.0,9.0,30.0,17.0,31.0,37.0,12.0,3.0,8.0,11.0,10.0,9.0,9.0,16.0,13.0,8.0,33.0,5.0,18.0,4.0,32.0,4.0,9.0,25.0
167,201006,17,8.0,4.0,5.0,28.0,5.0,18.0,0.0,17.0,2.0,10.0,4.0,5.0,14.0,13.0,23.0,28.0,8.0,1.0,8.0,10.0,6.0,7.0,3.0,14.0,13.0,8.0,25.0,4.0,3.0,0.0,29.0,0.0,1.0,20.0
168,201006,18,9.0,10.0,6.0,45.0,6.0,17.0,7.0,5.0,0.0,11.0,5.0,12.0,10.0,15.0,254.0,49.0,4.0,1.0,21.0,12.0,4.0,33.0,3.0,13.0,33.0,28.0,13.0,2.0,11.0,3.0,8.0,0.0,4.0,24.0
169,201006,19,5.0,8.0,1.0,23.0,4.0,14.0,4.0,5.0,1.0,12.0,8.0,15.0,10.0,17.0,44.0,33.0,6.0,0.0,5.0,5.0,4.0,12.0,7.0,14.0,16.0,17.0,3.0,1.0,13.0,2.0,1.0,0.0,7.0,10.0
170,201006,20,6.0,7.0,5.0,9.0,2.0,17.0,4.0,3.0,2.0,9.0,6.0,4.0,13.0,9.0,14.0,22.0,3.0,0.0,2.0,4.0,0.0,3.0,7.0,8.0,13.0,3.0,8.0,1.0,6.0,3.0,2.0,1.0,4.0,13.0
171,201006,21,5.0,9.0,7.0,35.0,3.0,27.0,3.0,9.0,1.0,14.0,8.0,22.0,11.0,13.0,131.0,20.0,8.0,2.0,6.0,16.0,2.0,12.0,6.0,12.0,25.0,13.0,4.0,4.0,11.0,2.0,4.0,0.0,4.0,12.0
172,201006,22,8.0,14.0,5.0,12.0,4.0,10.0,1.0,17.0,2.0,13.0,5.0,19.0,14.0,11.0,15.0,17.0,10.0,2.0,4.0,12.0,5.0,11.0,6.0,7.0,21.0,8.0,8.0,5.0,12.0,2.0,2.0,6.0,1.0,31.0
173,201006,23,16.0,32.0,10.0,58.0,1.0,34.0,8.0,12.0,4.0,18.0,11.0,25.0,22.0,15.0,419.0,77.0,6.0,5.0,34.0,14.0,5.0,7.0,3.0,34.0,54.0,34.0,11.0,9.0,16.0,3.0,1.0,2.0,1.0,22.0
174,201006,24,42.0,45.0,5.0,28.0,11.0,41.0,13.0,48.0,3.0,32.0,4.0,18.0,21.0,17.0,38.0,40.0,3.0,4.0,13.0,22.0,5.0,56.0,8.0,28.0,30.0,11.0,17.0,8.0,25.0,6.0,2.0,10.0,15.0,46.0
175,201006,25,11.0,37.0,8.0,35.0,3.0,16.0,4.0,7.0,5.0,9.0,16.0,11.0,20.0,27.0,33.0,18.0,2.0,3.0,4.0,10.0,0.0,15.0,5.0,14.0,31.0,13.0,4.0,1.0,11.0,0.0,3.0,1.0,8.0,16.0
176,201006,26,6.0,0.0,2.0,20.0,0.0,6.0,3.0,2.0,1.0,6.0,4.0,11.0,8.0,12.0,15.0,25.0,6.0,3.0,5.0,6.0,0.0,6.0,3.0,12.0,3.0,6.0,8.0,2.0,8.0,0.0,0.0,0.0,5.0,1.0
177,201006,27,15.0,21.0,4.0,28.0,7.0,22.0,2.0,16.0,3.0,13.0,6.0,24.0,20.0,5.0,142.0,74.0,2.0,8.0,21.0,8.0,10.0,9.0,3.0,20.0,45.0,20.0,13.0,7.0,13.0,5.0,5.0,1.0,14.0,18.0
178,201006,28,38.0,154.0,12.0,23.0,10.0,44.0,7.0,19.0,7.0,39.0,40.0,19.0,12.0,17.0,31.0,64.0,11.0,10.0,7.0,17.0,3.0,6.0,9.0,32.0,55.0,25.0,25.0,10.0,27.0,3.0,7.0,1.0,34.0,35.0
179,201006,29,4.0,31.0,10.0,7.0,3.0,16.0,2.0,1.0,2.0,8.0,13.0,6.0,24.0,9.0,13.0,14.0,5.0,8.0,4.0,11.0,4.0,18.0,2.0,17.0,14.0,8.0,5.0,3.0,6.0,5.0,0.0,0.0,8.0,2.0
180,201006,30,6.0,59.0,8.0,8.0,7.0,10.0,0.0,8.0,4.0,7.0,24.0,14.0,7.0,7.0,18.0,21.0,3.0,9.0,2.0,12.0,8.0,12.0,0.0,18.0,13.0,8.0,4.0,3.0,4.0,5.0,3.0,1.0,3.0,9.0
181,201007,1,4.0,24.0,8.0,4.0,4.0,15.0,4.0,8.0,5.0,10.0,17.0,21.0,11.0,5.0,8.0,7.0,1.0,5.0,2.0,9.0,2.0,7.0,1.0,3.0,15.0,3.0,1.0,3.0,8.0,3.0,3.0,0.0,4.0,9.0
182,201007,2,4.0,32.0,12.0,15.0,5.0,11.0,3.0,9.0,4.0,8.0,164.0,9.0,20.0,12.0,12.0,8.0,7.0,12.0,0.0,9.0,5.0,11.0,8.0,25.0,9.0,15.0,9.0,2.0,12.0,2.0,5.0,0.0,2.0,6.0
183,201007,3,1.0,12.0,5.0,6.0,3.0,3.0,3.0,7.0,6.0,1.0,19.0,13.0,10.0,6.0,8.0,6.0,5.0,2.0,1.0,4.0,1.0,8.0,5.0,3.0,5.0,5.0,10.0,0.0,4.0,1.0,4.0,0.0,0.0,3.0
184,201007,4,0.0,2.0,5.0,2.0,3.0,3.0,4.0,2.0,2.0,1.0,3.0,4.0,7.0,38.0,9.0,4.0,4.0,3.0,0.0,5.0,3.0,8.0,2.0,2.0,4.0,3.0,3.0,1.0,2.0,4.0,4.0,1.0,1.0,0.0
185,201007,5,1.0,4.0,4.0,16.0,4.0,21.0,6.0,6.0,2.0,7.0,5.0,13.0,10.0,16.0,14.0,15.0,4.0,2.0,1.0,4.0,2.0,2.0,3.0,7.0,6.0,4.0,7.0,5.0,6.0,2.0,4.0,1.0,3.0,11.0
186,201007,6,7.0,43.0,5.0,13.0,8.0,21.0,4.0,9.0,0.0,9.0,10.0,5.0,11.0,43.0,28.0,14.0,7.0,6.0,2.0,9.0,1.0,14.0,11.0,7.0,20.0,9.0,7.0,4.0,7.0,0.0,1.0,0.0,1.0,16.0
187,201007,7,5.0,28.0,7.0,10.0,7.0,21.0,7.0,18.0,5.0,14.0,48.0,6.0,15.0,12.0,62.0,18.0,4.0,3.0,6.0,15.0,4.0,20.0,6.0,17.0,20.0,17.0,1.0,4.0,11.0,2.0,5.0,3.0,2.0,12.0
188,201007,8,7.0,43.0,15.0,9.0,3.0,15.0,7.0,11.0,1.0,10.0,26.0,8.0,8.0,10.0,34.0,18.0,7.0,5.0,3.0,12.0,4.0,10.0,4.0,18.0,12.0,12.0,4.0,2.0,12.0,1.0,2.0,3.0,4.0,9.0
189,201007,9,17.0,48.0,5.0,6.0,1.0,18.0,7.0,10.0,0.0,16.0,6.0,12.0,15.0,12.0,21.0,37.0,3.0,4.0,3.0,11.0,6.0,19.0,2.0,22.0,25.0,7.0,7.0,5.0,18.0,2.0,2.0,1.0,8.0,33.0
190,201007,10,34.0,6.0,4.0,16.0,3.0,20.0,6.0,10.0,1.0,15.0,4.0,19.0,6.0,6.0,10.0,21.0,12.0,2.0,3.0,4.0,6.0,4.0,4.0,8.0,12.0,9.0,11.0,4.0,19.0,3.0,3.0,0.0,11.0,24.0
191,201007,11,11.0,3.0,1.0,10.0,1.0,13.0,3.0,12.0,2.0,10.0,1.0,12.0,2.0,14.0,12.0,17.0,0.0,2.0,4.0,7.0,1.0,10.0,5.0,5.0,6.0,3.0,5.0,1.0,7.0,3.0,2.0,0.0,3.0,12.0
192,201007,12,19.0,16.0,8.0,10.0,9.0,23.0,5.0,51.0,1.0,27.0,13.0,45.0,126.0,3.0,24.0,35.0,4.0,0.0,12.0,11.0,6.0,11.0,7.0,17.0,24.0,18.0,16.0,6.0,16.0,10.0,2.0,2.0,8.0,24.0
193,201007,13,85.0,16.0,7.0,23.0,11.0,71.0,4.0,39.0,1.0,60.0,12.0,41.0,93.0,10.0,64.0,79.0,8.0,6.0,8.0,12.0,9.0,12.0,2.0,23.0,66.0,20.0,35.0,13.0,61.0,4.0,14.0,1.0,72.0,159.0
194,201007,14,43.0,23.0,7.0,30.0,8.0,46.0,5.0,46.0,1.0,28.0,10.0,16.0,33.0,2.0,25.0,46.0,1.0,5.0,4.0,14.0,3.0,19.0,4.0,19.0,29.0,12.0,14.0,8.0,22.0,1.0,1.0,7.0,9.0,44.0
195,201007,15,11.0,14.0,6.0,14.0,3.0,19.0,6.0,12.0,2.0,28.0,6.0,8.0,13.0,10.0,36.0,53.0,3.0,1.0,6.0,17.0,3.0,8.0,4.0,13.0,23.0,6.0,5.0,2.0,14.0,1.0,1.0,2.0,3.0,13.0
196,201007,16,27.0,15.0,4.0,17.0,2.0,26.0,15.0,13.0,3.0,6.0,7.0,4.0,16.0,4.0,17.0,28.0,1.0,5.0,1.0,6.0,6.0,9.0,7.0,10.0,18.0,7.0,11.0,8.0,12.0,3.0,2.0,2.0,7.0,15.0
197,201007,17,2.0,6.0,5.0,10.0,2.0,20.0,2.0,8.0,2.0,3.0,5.0,13.0,9.0,6.0,9.0,15.0,1.0,2.0,3.0,2.0,3.0,5.0,4.0,6.0,13.0,3.0,4.0,2.0,4.0,1.0,1.0,1.0,1.0,9.0
198,201007,18,1.0,12.0,5.0,23.0,2.0,11.0,5.0,8.0,1.0,12.0,10.0,16.0,18.0,8.0,27.0,13.0,2.0,0.0,1.0,4.0,9.0,6.0,3.0,9.0,16.0,10.0,7.0,0.0,5.0,0.0,2.0,0.0,1.0,11.0
199,201007,19,42.0,17.0,4.0,15.0,7.0,61.0,4.0,24.0,2.0,49.0,14.0,14.0,21.0,10.0,33.0,34.0,4.0,9.0,1.0,15.0,1.0,11.0,3.0,19.0,31.0,7.0,15.0,7.0,22.0,1.0,5.0,0.0,33.0,80.0
200,201007,20,5.0,10.0,8.0,10.0,3.0,19.0,6.0,6.0,4.0,14.0,7.0,1.0,11.0,4.0,16.0,18.0,4.0,2.0,4.0,17.0,5.0,12.0,8.0,14.0,19.0,11.0,6.0,5.0,13.0,5.0,7.0,0.0,8.0,21.0
201,201007,21,31.0,19.0,4.0,10.0,2.0,50.0,4.0,18.0,1.0,21.0,6.0,22.0,16.0,16.0,13.0,29.0,2.0,3.0,1.0,10.0,1.0,5.0,2.0,28.0,21.0,8.0,17.0,2.0,17.0,1.0,1.0,1.0,14.0,40.0
202,201007,22,13.0,7.0,5.0,21.0,5.0,18.0,2.0,12.0,1.0,14.0,6.0,11.0,15.0,20.0,88.0,19.0,1.0,0.0,4.0,11.0,6.0,12.0,4.0,16.0,15.0,9.0,10.0,0.0,18.0,1.0,2.0,3.0,4.0,15.0
203,201007,23,15.0,41.0,5.0,33.0,6.0,29.0,9.0,11.0,1.0,15.0,15.0,14.0,26.0,16.0,222.0,130.0,16.0,5.0,9.0,13.0,4.0,21.0,5.0,22.0,23.0,16.0,10.0,7.0,13.0,5.0,6.0,1.0,6.0,30.0
204,201007,24,19.0,18.0,5.0,44.0,6.0,28.0,13.0,9.0,1.0,22.0,14.0,17.0,24.0,22.0,143.0,46.0,5.0,7.0,19.0,4.0,4.0,13.0,12.0,31.0,32.0,29.0,6.0,4.0,24.0,1.0,3.0,0.0,5.0,9.0
205,201007,25,29.0,5.0,10.0,26.0,3.0,45.0,12.0,36.0,2.0,44.0,5.0,16.0,10.0,10.0,28.0,35.0,5.0,6.0,3.0,5.0,2.0,5.0,7.0,19.0,20.0,5.0,11.0,5.0,21.0,4.0,6.0,7.0,12.0,48.0
206,201007,26,12.0,36.0,10.0,19.0,9.0,36.0,6.0,12.0,3.0,15.0,32.0,24.0,81.0,12.0,22.0,35.0,5.0,5.0,7.0,16.0,3.0,14.0,4.0,20.0,10.0,3.0,15.0,1.0,9.0,3.0,3.0,0.0,2.0,24.0
207,201007,27,5.0,23.0,14.0,24.0,5.0,14.0,9.0,5.0,0.0,10.0,41.0,9.0,24.0,4.0,17.0,16.0,2.0,6.0,4.0,24.0,4.0,7.0,4.0,15.0,23.0,5.0,8.0,2.0,10.0,2.0,4.0,0.0,2.0,4.0
208,201007,28,14.0,17.0,8.0,23.0,9.0,13.0,3.0,10.0,4.0,11.0,10.0,8.0,7.0,18.0,75.0,59.0,3.0,1.0,16.0,9.0,5.0,11.0,9.0,16.0,33.0,14.0,7.0,2.0,11.0,2.0,1.0,5.0,8.0,5.0
209,201007,29,24.0,10.0,6.0,17.0,5.0,47.0,2.0,30.0,4.0,71.0,15.0,30.0,21.0,10.0,29.0,47.0,6.0,4.0,5.0,14.0,5.0,10.0,3.0,22.0,26.0,12.0,26.0,11.0,61.0,0.0,5.0,2.0,21.0,83.0
210,201007,30,8.0,5.0,1.0,11.0,6.0,10.0,11.0,9.0,5.0,7.0,4.0,11.0,5.0,22.0,19.0,23.0,5.0,5.0,2.0,1.0,3.0,2.0,5.0,10.0,15.0,7.0,5.0,3.0,16.0,1.0,1.0,1.0,2.0,8.0
211,201007,31,7.0,20.0,5.0,10.0,3.0,10.0,18.0,4.0,4.0,9.0,8.0,10.0,9.0,11.0,16.0,16.0,5.0,1.0,1.0,9.0,3.0,8.0,10.0,12.0,7.0,4.0,8.0,0.0,7.0,0.0,3.0,4.0,1.0,1.0
212,201008,1,15.0,6.0,7.0,19.0,1.0,22.0,3.0,14.0,3.0,17.0,8.0,15.0,8.0,28.0,9.0,21.0,3.0,3.0,2.0,9.0,2.0,5.0,10.0,17.0,14.0,6.0,9.0,2.0,7.0,2.0,2.0,0.0,4.0,23.0
213,201008,2,8.0,22.0,6.0,18.0,4.0,14.0,12.0,10.0,2.0,6.0,10.0,12.0,11.0,8.0,13.0,23.0,5.0,3.0,5.0,12.0,1.0,12.0,7.0,15.0,12.0,5.0,6.0,3.0,7.0,4.0,0.0,0.0,8.0,8.0
214,201008,3,2.0,14.0,11.0,28.0,2.0,5.0,11.0,3.0,3.0,7.0,1.0,9.0,14.0,8.0,47.0,29.0,6.0,5.0,9.0,11.0,3.0,14.0,1.0,22.0,31.0,7.0,8.0,3.0,8.0,4.0,3.0,3.0,4.0,4.0
215,201008,4,5.0,18.0,3.0,23.0,3.0,15.0,9.0,8.0,3.0,18.0,11.0,13.0,11.0,25.0,122.0,30.0,10.0,0.0,11.0,16.0,3.0,11.0,5.0,26.0,38.0,22.0,13.0,1.0,15.0,1.0,1.0,4.0,3.0,19.0
216,201008,5,19.0,23.0,6.0,14.0,8.0,51.0,8.0,10.0,1.0,71.0,8.0,53.0,32.0,14.0,32.0,37.0,8.0,2.0,6.0,17.0,2.0,14.0,5.0,41.0,48.0,11.0,20.0,3.0,90.0,3.0,3.0,1.0,26.0,38.0
217,201008,6,11.0,39.0,4.0,20.0,8.0,24.0,6.0,11.0,2.0,27.0,10.0,29.0,87.0,14.0,17.0,26.0,6.0,5.0,5.0,10.0,3.0,10.0,6.0,21.0,27.0,12.0,16.0,4.0,13.0,2.0,6.0,0.0,3.0,19.0
218,201008,7,2.0,8.0,5.0,8.0,9.0,5.0,1.0,3.0,0.0,6.0,6.0,10.0,16.0,9.0,5.0,13.0,6.0,2.0,3.0,8.0,3.0,9.0,5.0,14.0,17.0,6.0,4.0,3.0,5.0,3.0,1.0,0.0,1.0,2.0
219,201008,8,3.0,21.0,5.0,30.0,4.0,9.0,1.0,7.0,6.0,5.0,7.0,12.0,11.0,19.0,12.0,8.0,9.0,2.0,2.0,4.0,5.0,8.0,5.0,17.0,7.0,2.0,8.0,3.0,6.0,2.0,3.0,1.0,5.0,8.0
220,201008,9,10.0,8.0,5.0,22.0,1.0,15.0,5.0,14.0,1.0,11.0,12.0,10.0,11.0,21.0,21.0,21.0,7.0,0.0,3.0,9.0,2.0,11.0,12.0,12.0,6.0,6.0,6.0,4.0,4.0,0.0,0.0,0.0,1.0,13.0
221,201008,10,9.0,8.0,7.0,23.0,5.0,15.0,9.0,9.0,1.0,11.0,9.0,18.0,19.0,7.0,18.0,34.0,3.0,0.0,3.0,9.0,1.0,7.0,7.0,16.0,15.0,7.0,5.0,2.0,3.0,1.0,2.0,0.0,1.0,13.0
222,201008,11,4.0,1.0,8.0,15.0,2.0,13.0,16.0,7.0,3.0,15.0,6.0,14.0,15.0,6.0,32.0,33.0,6.0,0.0,11.0,28.0,2.0,44.0,7.0,13.0,26.0,5.0,6.0,5.0,12.0,3.0,1.0,2.0,5.0,8.0
223,201008,12,25.0,8.0,5.0,19.0,3.0,43.0,11.0,50.0,6.0,60.0,8.0,20.0,29.0,8.0,28.0,42.0,8.0,1.0,3.0,13.0,4.0,10.0,2.0,17.0,31.0,15.0,26.0,12.0,56.0,2.0,5.0,14.0,14.0,45.0
224,201008,13,3.0,7.0,2.0,21.0,4.0,12.0,8.0,5.0,1.0,14.0,3.0,12.0,15.0,4.0,53.0,14.0,2.0,0.0,6.0,4.0,0.0,4.0,1.0,13.0,14.0,7.0,11.0,4.0,8.0,1.0,0.0,1.0,2.0,13.0
225,201008,14,7.0,8.0,3.0,10.0,2.0,4.0,5.0,2.0,6.0,4.0,5.0,2.0,16.0,4.0,13.0,11.0,8.0,2.0,3.0,3.0,0.0,7.0,1.0,4.0,8.0,6.0,4.0,0.0,1.0,2.0,0.0,6.0,1.0,2.0
226,201008,15,8.0,20.0,4.0,6.0,3.0,8.0,5.0,8.0,4.0,9.0,4.0,13.0,8.0,6.0,7.0,15.0,5.0,1.0,2.0,6.0,2.0,25.0,4.0,15.0,7.0,4.0,4.0,0.0,2.0,1.0,1.0,11.0,2.0,3.0
227,201008,16,25.0,17.0,10.0,14.0,0.0,29.0,6.0,11.0,3.0,12.0,40.0,7.0,17.0,13.0,20.0,18.0,6.0,3.0,4.0,9.0,2.0,12.0,4.0,17.0,12.0,8.0,8.0,8.0,18.0,0.0,3.0,6.0,11.0,39.0
228,201008,17,4.0,6.0,9.0,9.0,3.0,16.0,9.0,11.0,2.0,12.0,4.0,11.0,5.0,6.0,12.0,3.0,5.0,2.0,1.0,15.0,2.0,16.0,8.0,12.0,14.0,4.0,9.0,0.0,8.0,3.0,2.0,0.0,0.0,11.0
229,201008,18,5.0,7.0,9.0,12.0,3.0,2.0,5.0,3.0,1.0,10.0,5.0,10.0,5.0,16.0,16.0,8.0,3.0,2.0,1.0,15.0,4.0,16.0,2.0,10.0,9.0,1.0,6.0,1.0,9.0,1.0,1.0,6.0,2.0,8.0
230,201008,19,5.0,5.0,4.0,14.0,7.0,7.0,11.0,3.0,3.0,8.0,3.0,21.0,9.0,13.0,14.0,10.0,4.0,0.0,0.0,8.0,2.0,12.0,6.0,12.0,13.0,7.0,4.0,3.0,10.0,0.0,2.0,0.0,1.0,8.0
231,201008,20,1.0,3.0,4.0,17.0,1.0,17.0,16.0,1.0,4.0,9.0,4.0,13.0,18.0,16.0,34.0,9.0,7.0,1.0,4.0,9.0,0.0,18.0,2.0,17.0,14.0,9.0,6.0,3.0,7.0,0.0,3.0,0.0,3.0,8.0
232,201008,21,2.0,4.0,3.0,14.0,1.0,9.0,6.0,7.0,3.0,4.0,5.0,4.0,7.0,3.0,10.0,9.0,4.0,1.0,4.0,4.0,1.0,6.0,2.0,8.0,8.0,4.0,2.0,0.0,5.0,3.0,0.0,0.0,2.0,2.0
233,201008,22,38.0,6.0,6.0,10.0,2.0,54.0,3.0,50.0,0.0,32.0,1.0,10.0,10.0,9.0,18.0,35.0,3.0,0.0,1.0,5.0,3.0,6.0,3.0,16.0,14.0,4.0,9.0,5.0,15.0,0.0,1.0,0.0,27.0,51.0
234,201008,23,21.0,7.0,7.0,11.0,2.0,88.0,3.0,18.0,2.0,22.0,11.0,6.0,9.0,4.0,12.0,27.0,4.0,4.0,3.0,5.0,2.0,3.0,4.0,11.0,16.0,7.0,9.0,4.0,9.0,1.0,0.0,1.0,7.0,30.0
235,201008,24,15.0,1.0,15.0,4.0,1.0,58.0,4.0,16.0,2.0,17.0,6.0,14.0,7.0,2.0,11.0,18.0,2.0,3.0,3.0,13.0,3.0,15.0,6.0,19.0,11.0,1.0,2.0,7.0,13.0,2.0,3.0,3.0,9.0,46.0
236,201008,25,5.0,4.0,6.0,9.0,2.0,55.0,6.0,9.0,1.0,18.0,4.0,9.0,9.0,2.0,11.0,15.0,2.0,3.0,0.0,5.0,3.0,9.0,6.0,9.0,13.0,1.0,4.0,2.0,14.0,1.0,0.0,0.0,1.0,50.0
237,201008,26,3.0,4.0,5.0,6.0,1.0,15.0,6.0,7.0,1.0,7.0,10.0,3.0,9.0,6.0,12.0,4.0,4.0,3.0,3.0,6.0,3.0,8.0,4.0,8.0,12.0,3.0,5.0,1.0,4.0,1.0,1.0,2.0,0.0,8.0
238,201008,27,3.0,5.0,2.0,10.0,1.0,18.0,12.0,7.0,2.0,4.0,7.0,10.0,8.0,3.0,4.0,1.0,2.0,4.0,1.0,12.0,3.0,10.0,0.0,5.0,2.0,1.0,2.0,2.0,3.0,3.0,0.0,0.0,1.0,7.0
239,201008,28,1.0,6.0,1.0,4.0,2.0,12.0,11.0,1.0,2.0,2.0,1.0,1.0,4.0,3.0,5.0,1.0,2.0,1.0,2.0,11.0,2.0,12.0,0.0,6.0,3.0,0.0,0.0,0.0,1.0,2.0,0.0,1.0,0.0,1.0
240,201008,29,5.0,5.0,1.0,12.0,2.0,20.0,4.0,6.0,1.0,0.0,3.0,4.0,2.0,9.0,5.0,5.0,7.0,0.0,0.0,1.0,1.0,1.0,8.0,2.0,5.0,2.0,4.0,1.0,2.0,0.0,0.0,0.0,0.0,7.0
241,201008,30,6.0,9.0,4.0,15.0,1.0,16.0,9.0,6.0,2.0,5.0,10.0,3.0,7.0,5.0,3.0,11.0,2.0,3.0,2.0,8.0,5.0,15.0,3.0,5.0,8.0,5.0,4.0,3.0,4.0,2.0,0.0,2.0,0.0,6.0
242,201008,31,1.0,11.0,9.0,18.0,1.0,12.0,10.0,3.0,0.0,7.0,9.0,4.0,9.0,8.0,9.0,10.0,6.0,0.0,4.0,9.0,5.0,15.0,14.0,5.0,9.0,2.0,5.0,0.0,9.0,5.0,3.0,0.0,2.0,5.0
243,201009,1,5.0,117.0,9.0,14.0,6.0,8.0,4.0,6.0,0.0,9.0,13.0,8.0,7.0,9.0,40.0,13.0,4.0,8.0,4.0,9.0,3.0,13.0,6.0,17.0,12.0,15.0,15.0,5.0,9.0,3.0,2.0,3.0,0.0,7.0
244,201009,2,5.0,15.0,4.0,12.0,0.0,9.0,7.0,8.0,3.0,6.0,5.0,13.0,14.0,9.0,34.0,7.0,1.0,7.0,5.0,12.0,1.0,13.0,4.0,15.0,13.0,10.0,9.0,2.0,7.0,3.0,1.0,6.0,3.0,6.0
245,201009,3,49.0,5.0,1.0,10.0,3.0,39.0,16.0,12.0,3.0,31.0,3.0,6.0,14.0,8.0,13.0,16.0,3.0,1.0,8.0,5.0,3.0,10.0,4.0,18.0,9.0,7.0,13.0,13.0,8.0,1.0,7.0,16.0,3.0,17.0
246,201009,4,2.0,2.0,1.0,5.0,0.0,30.0,8.0,0.0,0.0,5.0,0.0,2.0,8.0,4.0,1.0,7.0,6.0,1.0,1.0,5.0,1.0,4.0,1.0,9.0,2.0,2.0,2.0,1.0,1.0,0.0,0.0,12.0,1.0,2.0
247,201009,5,1.0,1.0,2.0,6.0,1.0,2.0,3.0,0.0,1.0,0.0,2.0,2.0,1.0,1.0,2.0,1.0,1.0,0.0,2.0,0.0,0.0,0.0,0.0,8.0,5.0,1.0,2.0,0.0,0.0,0.0,0.0,8.0,1.0,0.0
248,201009,6,1.0,4.0,0.0,3.0,0.0,6.0,0.0,2.0,1.0,3.0,10.0,1.0,2.0,11.0,8.0,4.0,2.0,1.0,1.0,2.0,1.0,2.0,3.0,6.0,4.0,6.0,2.0,2.0,1.0,0.0,1.0,6.0,0.0,5.0
249,201009,7,5.0,78.0,5.0,6.0,2.0,12.0,4.0,2.0,3.0,4.0,73.0,6.0,14.0,8.0,9.0,9.0,2.0,21.0,0.0,9.0,1.0,10.0,2.0,18.0,9.0,8.0,5.0,0.0,4.0,1.0,2.0,0.0,1.0,3.0
250,201009,8,1.0,65.0,9.0,7.0,3.0,10.0,15.0,0.0,1.0,7.0,16.0,4.0,21.0,7.0,8.0,6.0,1.0,8.0,2.0,16.0,2.0,44.0,4.0,17.0,11.0,8.0,2.0,1.0,1.0,5.0,1.0,0.0,0.0,6.0
251,201009,9,3.0,8.0,4.0,6.0,0.0,5.0,8.0,5.0,0.0,4.0,7.0,4.0,7.0,7.0,2.0,0.0,4.0,2.0,1.0,4.0,2.0,8.0,6.0,10.0,7.0,6.0,5.0,2.0,2.0,2.0,0.0,1.0,0.0,4.0
252,201009,10,4.0,5.0,2.0,9.0,0.0,7.0,3.0,4.0,0.0,7.0,2.0,0.0,5.0,9.0,7.0,6.0,2.0,2.0,2.0,3.0,2.0,6.0,2.0,5.0,8.0,3.0,2.0,3.0,4.0,1.0,1.0,2.0,2.0,9.0
253,201009,11,0.0,6.0,3.0,4.0,3.0,3.0,8.0,2.0,0.0,4.0,2.0,2.0,3.0,3.0,1.0,2.0,1.0,1.0,1.0,5.0,2.0,4.0,2.0,2.0,4.0,0.0,1.0,0.0,2.0,1.0,1.0,2.0,1.0,3.0
254,201009,12,3.0,2.0,1.0,2.0,1.0,5.0,2.0,2.0,0.0,6.0,3.0,17.0,8.0,5.0,10.0,5.0,0.0,0.0,2.0,0.0,1.0,2.0,2.0,12.0,2.0,2.0,2.0,1.0,7.0,1.0,1.0,3.0,6.0,3.0
255,201009,13,7.0,7.0,0.0,1.0,3.0,11.0,11.0,3.0,4.0,10.0,7.0,3.0,6.0,4.0,9.0,8.0,5.0,2.0,2.0,7.0,3.0,15.0,1.0,9.0,5.0,2.0,5.0,2.0,9.0,2.0,1.0,9.0,4.0,10.0
256,201009,14,2.0,12.0,3.0,1.0,3.0,10.0,16.0,6.0,3.0,9.0,7.0,7.0,7.0,6.0,8.0,8.0,3.0,2.0,3.0,6.0,2.0,14.0,5.0,4.0,10.0,2.0,5.0,1.0,11.0,4.0,1.0,0.0,2.0,5.0
257,201009,15,0.0,7.0,4.0,14.0,2.0,10.0,7.0,4.0,5.0,6.0,0.0,4.0,10.0,9.0,6.0,2.0,4.0,1.0,0.0,13.0,1.0,15.0,5.0,9.0,10.0,6.0,3.0,2.0,3.0,8.0,0.0,0.0,1.0,6.0
258,201009,16,14.0,4.0,3.0,14.0,1.0,25.0,5.0,31.0,0.0,12.0,2.0,3.0,11.0,4.0,17.0,44.0,2.0,1.0,3.0,9.0,1.0,6.0,1.0,5.0,18.0,6.0,2.0,3.0,10.0,1.0,1.0,4.0,22.0,25.0
259,201009,17,9.0,4.0,2.0,2.0,2.0,13.0,12.0,2.0,1.0,9.0,5.0,4.0,6.0,6.0,16.0,14.0,0.0,1.0,1.0,13.0,2.0,43.0,17.0,7.0,11.0,12.0,5.0,3.0,9.0,0.0,4.0,0.0,2.0,16.0
260,201009,18,2.0,2.0,3.0,2.0,4.0,2.0,3.0,1.0,2.0,7.0,1.0,4.0,10.0,3.0,48.0,8.0,5.0,0.0,3.0,7.0,1.0,3.0,3.0,7.0,11.0,8.0,6.0,1.0,4.0,2.0,2.0,0.0,2.0,3.0
261,201009,19,2.0,9.0,1.0,12.0,1.0,4.0,8.0,1.0,6.0,1.0,3.0,1.0,6.0,4.0,29.0,10.0,2.0,1.0,0.0,5.0,2.0,25.0,1.0,7.0,3.0,4.0,1.0,0.0,3.0,2.0,0.0,0.0,2.0,1.0
262,201009,20,3.0,5.0,0.0,6.0,2.0,5.0,7.0,4.0,4.0,4.0,7.0,7.0,3.0,3.0,14.0,8.0,2.0,0.0,1.0,10.0,0.0,10.0,5.0,6.0,5.0,1.0,6.0,2.0,6.0,2.0,4.0,0.0,1.0,9.0
263,201009,21,5.0,5.0,4.0,16.0,0.0,5.0,5.0,7.0,4.0,6.0,3.0,5.0,11.0,2.0,34.0,10.0,5.0,1.0,6.0,11.0,6.0,19.0,2.0,4.0,12.0,8.0,5.0,1.0,3.0,4.0,1.0,0.0,0.0,4.0
264,201009,22,10.0,8.0,7.0,13.0,3.0,9.0,1.0,25.0,1.0,22.0,4.0,1.0,4.0,3.0,19.0,13.0,4.0,2.0,1.0,15.0,0.0,17.0,4.0,12.0,18.0,5.0,5.0,2.0,11.0,3.0,0.0,0.0,25.0,30.0
265,201009,23,4.0,2.0,1.0,13.0,1.0,8.0,3.0,2.0,0.0,11.0,1.0,1.0,6.0,10.0,17.0,16.0,6.0,1.0,4.0,3.0,1.0,5.0,3.0,6.0,14.0,4.0,4.0,4.0,9.0,2.0,3.0,1.0,4.0,14.0
266,201009,24,4.0,2.0,2.0,7.0,0.0,4.0,2.0,9.0,2.0,4.0,4.0,2.0,4.0,3.0,9.0,7.0,2.0,1.0,2.0,3.0,1.0,2.0,1.0,4.0,9.0,3.0,1.0,2.0,8.0,2.0,0.0,0.0,3.0,6.0
267,201009,25,3.0,9.0,3.0,1.0,2.0,7.0,5.0,3.0,0.0,2.0,4.0,4.0,5.0,4.0,2.0,3.0,3.0,4.0,3.0,5.0,2.0,3.0,1.0,5.0,7.0,3.0,3.0,2.0,6.0,1.0,0.0,0.0,1.0,2.0
268,201009,26,3.0,3.0,2.0,5.0,1.0,10.0,6.0,2.0,1.0,6.0,4.0,11.0,21.0,0.0,1.0,9.0,0.0,1.0,2.0,0.0,0.0,2.0,1.0,4.0,8.0,0.0,5.0,2.0,7.0,1.0,1.0,2.0,1.0,4.0
269,201009,27,26.0,7.0,2.0,9.0,2.0,47.0,7.0,62.0,2.0,42.0,5.0,15.0,29.0,5.0,17.0,36.0,1.0,1.0,3.0,7.0,1.0,10.0,5.0,11.0,28.0,7.0,10.0,7.0,22.0,3.0,6.0,1.0,56.0,74.0
270,201009,28,17.0,6.0,1.0,14.0,5.0,37.0,4.0,10.0,0.0,21.0,4.0,7.0,16.0,12.0,18.0,30.0,3.0,0.0,3.0,7.0,0.0,7.0,2.0,13.0,19.0,6.0,18.0,6.0,18.0,0.0,4.0,0.0,56.0,42.0
271,201009,29,4.0,6.0,9.0,10.0,6.0,8.0,7.0,2.0,1.0,4.0,7.0,8.0,3.0,5.0,7.0,7.0,15.0,1.0,2.0,9.0,2.0,10.0,4.0,11.0,7.0,3.0,4.0,1.0,6.0,1.0,5.0,1.0,3.0,10.0
272,201009,30,124.0,7.0,0.0,16.0,7.0,89.0,6.0,59.0,2.0,66.0,5.0,29.0,18.0,5.0,18.0,73.0,6.0,3.0,12.0,6.0,3.0,6.0,1.0,18.0,50.0,11.0,30.0,14.0,47.0,3.0,19.0,1.0,89.0,119.0
273,201010,1,67.0,4.0,2.0,16.0,1.0,67.0,4.0,10.0,4.0,33.0,5.0,12.0,11.0,12.0,19.0,59.0,1.0,0.0,7.0,8.0,2.0,8.0,3.0,8.0,19.0,7.0,10.0,7.0,24.0,2.0,1.0,0.0,12.0,103.0
274,201010,2,10.0,4.0,1.0,7.0,0.0,9.0,2.0,4.0,2.0,7.0,3.0,2.0,9.0,5.0,4.0,8.0,1.0,1.0,1.0,5.0,3.0,3.0,0.0,1.0,6.0,1.0,3.0,1.0,4.0,4.0,1.0,3.0,4.0,5.0
275,201010,3,3.0,3.0,4.0,4.0,0.0,4.0,8.0,3.0,2.0,4.0,5.0,7.0,1.0,4.0,8.0,8.0,1.0,1.0,1.0,29.0,0.0,14.0,1.0,7.0,5.0,4.0,4.0,1.0,4.0,1.0,3.0,0.0,2.0,4.0
276,201010,4,37.0,6.0,9.0,8.0,0.0,41.0,5.0,53.0,1.0,20.0,2.0,8.0,19.0,6.0,12.0,25.0,1.0,0.0,2.0,22.0,8.0,33.0,2.0,4.0,14.0,5.0,8.0,1.0,9.0,4.0,2.0,1.0,5.0,37.0
277,201010,5,32.0,5.0,24.0,3.0,1.0,33.0,12.0,39.0,2.0,24.0,2.0,12.0,12.0,4.0,11.0,27.0,3.0,0.0,0.0,25.0,4.0,20.0,2.0,7.0,15.0,4.0,6.0,3.0,9.0,6.0,0.0,1.0,6.0,44.0
278,201010,6,7.0,8.0,8.0,5.0,2.0,14.0,7.0,5.0,2.0,5.0,1.0,4.0,12.0,3.0,10.0,13.0,7.0,0.0,0.0,4.0,2.0,5.0,4.0,3.0,10.0,3.0,3.0,0.0,4.0,2.0,2.0,1.0,3.0,7.0
279,201010,7,6.0,5.0,3.0,3.0,0.0,12.0,3.0,6.0,0.0,5.0,2.0,6.0,9.0,3.0,7.0,3.0,3.0,1.0,4.0,0.0,0.0,4.0,2.0,10.0,10.0,2.0,4.0,1.0,3.0,0.0,0.0,1.0,0.0,10.0
280,201010,8,1.0,2.0,2.0,4.0,1.0,6.0,5.0,7.0,3.0,3.0,5.0,2.0,6.0,4.0,2.0,13.0,2.0,1.0,2.0,2.0,1.0,2.0,5.0,4.0,5.0,2.0,1.0,1.0,0.0,0.0,0.0,0.0,1.0,6.0
281,201010,9,0.0,2.0,0.0,2.0,0.0,1.0,0.0,2.0,4.0,4.0,1.0,4.0,4.0,7.0,5.0,2.0,0.0,2.0,0.0,2.0,0.0,3.0,0.0,2.0,1.0,3.0,2.0,0.0,4.0,0.0,1.0,1.0,0.0,2.0
282,201010,10,3.0,4.0,3.0,3.0,2.0,7.0,12.0,5.0,0.0,7.0,0.0,4.0,3.0,15.0,3.0,6.0,0.0,0.0,0.0,4.0,1.0,5.0,4.0,9.0,6.0,4.0,4.0,0.0,6.0,3.0,3.0,2.0,2.0,5.0
283,201010,11,4.0,4.0,3.0,3.0,1.0,5.0,2.0,7.0,0.0,5.0,5.0,2.0,6.0,5.0,6.0,9.0,1.0,0.0,0.0,14.0,1.0,6.0,5.0,10.0,9.0,4.0,3.0,3.0,5.0,11.0,0.0,4.0,4.0,18.0
284,201010,12,7.0,10.0,3.0,7.0,0.0,14.0,4.0,2.0,19.0,10.0,6.0,3.0,1.0,12.0,6.0,9.0,1.0,2.0,2.0,7.0,0.0,7.0,0.0,1.0,11.0,3.0,3.0,1.0,7.0,2.0,1.0,0.0,2.0,10.0
285,201010,13,1.0,1.0,3.0,3.0,1.0,6.0,1.0,1.0,3.0,3.0,3.0,4.0,3.0,1.0,11.0,4.0,1.0,0.0,0.0,6.0,2.0,4.0,1.0,8.0,11.0,1.0,0.0,1.0,3.0,1.0,1.0,1.0,0.0,2.0
286,201010,14,8.0,2.0,2.0,3.0,2.0,11.0,11.0,5.0,0.0,12.0,5.0,3.0,5.0,9.0,5.0,11.0,1.0,0.0,1.0,7.0,0.0,5.0,4.0,6.0,8.0,2.0,4.0,1.0,12.0,0.0,0.0,3.0,1.0,16.0
287,201010,15,23.0,1.0,2.0,4.0,0.0,15.0,3.0,2.0,3.0,5.0,0.0,5.0,6.0,2.0,6.0,14.0,1.0,0.0,1.0,2.0,0.0,5.0,2.0,3.0,6.0,2.0,4.0,1.0,8.0,0.0,2.0,4.0,0.0,34.0
288,201010,16,4.0,2.0,1.0,2.0,0.0,4.0,1.0,1.0,3.0,4.0,2.0,0.0,3.0,3.0,1.0,1.0,3.0,0.0,2.0,1.0,0.0,3.0,1.0,3.0,7.0,1.0,2.0,1.0,4.0,1.0,0.0,0.0,1.0,2.0
289,201010,17,2.0,2.0,2.0,4.0,0.0,8.0,8.0,0.0,1.0,6.0,1.0,0.0,4.0,9.0,6.0,3.0,0.0,0.0,0.0,19.0,1.0,28.0,1.0,4.0,10.0,1.0,0.0,0.0,3.0,2.0,0.0,0.0,1.0,6.0
290,201010,18,7.0,5.0,1.0,1.0,1.0,11.0,7.0,5.0,0.0,7.0,4.0,2.0,3.0,4.0,4.0,7.0,6.0,0.0,1.0,7.0,0.0,6.0,3.0,5.0,3.0,4.0,2.0,0.0,11.0,4.0,0.0,0.0,1.0,5.0
291,201010,19,7.0,6.0,4.0,4.0,1.0,12.0,7.0,6.0,2.0,10.0,5.0,1.0,6.0,5.0,5.0,10.0,6.0,0.0,3.0,11.0,2.0,20.0,4.0,8.0,10.0,2.0,2.0,1.0,6.0,3.0,0.0,0.0,2.0,2.0
292,201010,20,4.0,7.0,2.0,0.0,1.0,12.0,9.0,10.0,1.0,5.0,4.0,1.0,3.0,3.0,0.0,4.0,1.0,1.0,3.0,10.0,4.0,25.0,2.0,14.0,7.0,4.0,3.0,1.0,4.0,6.0,0.0,0.0,2.0,6.0
293,201010,21,10.0,3.0,4.0,2.0,1.0,12.0,5.0,6.0,3.0,9.0,3.0,1.0,2.0,4.0,4.0,6.0,0.0,0.0,1.0,5.0,1.0,14.0,4.0,4.0,7.0,1.0,1.0,0.0,9.0,0.0,0.0,0.0,0.0,19.0
294,201010,22,5.0,4.0,1.0,1.0,1.0,10.0,11.0,3.0,1.0,4.0,8.0,4.0,2.0,14.0,4.0,4.0,1.0,0.0,0.0,10.0,1.0,18.0,3.0,4.0,3.0,2.0,0.0,2.0,3.0,1.0,1.0,0.0,1.0,5.0
295,201010,23,3.0,141.0,10.0,3.0,5.0,4.0,12.0,2.0,0.0,3.0,11.0,3.0,7.0,14.0,8.0,4.0,4.0,14.0,0.0,16.0,3.0,21.0,9.0,9.0,7.0,9.0,4.0,1.0,4.0,6.0,2.0,0.0,1.0,3.0
296,201010,24,5.0,4.0,9.0,4.0,3.0,3.0,11.0,1.0,0.0,3.0,4.0,9.0,2.0,14.0,11.0,1.0,2.0,1.0,3.0,21.0,3.0,51.0,10.0,6.0,0.0,4.0,1.0,1.0,6.0,2.0,1.0,4.0,0.0,6.0
297,201010,25,3.0,5.0,3.0,4.0,1.0,9.0,11.0,10.0,0.0,15.0,4.0,8.0,13.0,20.0,5.0,7.0,1.0,2.0,2.0,12.0,3.0,12.0,12.0,5.0,7.0,7.0,5.0,1.0,6.0,2.0,2.0,0.0,2.0,11.0
298,201010,26,22.0,13.0,11.0,175.0,2.0,37.0,10.0,15.0,0.0,27.0,8.0,11.0,16.0,39.0,294.0,74.0,4.0,5.0,30.0,10.0,7.0,13.0,11.0,32.0,54.0,31.0,8.0,10.0,20.0,6.0,0.0,0.0,24.0,30.0
299,201010,27,38.0,28.0,9.0,155.0,16.0,71.0,14.0,60.0,1.0,46.0,22.0,41.0,291.0,25.0,162.0,64.0,9.0,7.0,18.0,12.0,3.0,8.0,8.0,34.0,60.0,30.0,34.0,10.0,31.0,1.0,9.0,3.0,61.0,49.0
300,201010,28,6.0,10.0,5.0,8.0,15.0,12.0,3.0,12.0,2.0,14.0,12.0,15.0,42.0,4.0,16.0,15.0,2.0,7.0,7.0,8.0,1.0,6.0,5.0,14.0,16.0,5.0,9.0,5.0,17.0,3.0,3.0,0.0,2.0,10.0
301,201010,29,7.0,3.0,1.0,5.0,1.0,12.0,3.0,5.0,5.0,4.0,0.0,5.0,3.0,4.0,9.0,10.0,0.0,1.0,3.0,6.0,1.0,6.0,8.0,6.0,13.0,3.0,3.0,2.0,7.0,1.0,1.0,4.0,2.0,9.0
302,201010,30,4.0,4.0,4.0,2.0,0.0,6.0,6.0,1.0,2.0,2.0,2.0,3.0,4.0,3.0,3.0,5.0,2.0,0.0,0.0,5.0,1.0,8.0,2.0,3.0,3.0,0.0,1.0,0.0,3.0,0.0,0.0,0.0,3.0,4.0
303,201010,31,4.0,5.0,2.0,4.0,4.0,15.0,8.0,4.0,6.0,9.0,5.0,12.0,3.0,4.0,2.0,11.0,0.0,1.0,1.0,4.0,0.0,6.0,0.0,10.0,11.0,4.0,5.0,0.0,6.0,0.0,0.0,0.0,5.0,5.0
304,201011,1,6.0,9.0,5.0,10.0,0.0,9.0,9.0,3.0,8.0,6.0,7.0,3.0,1.0,8.0,3.0,8.0,2.0,1.0,5.0,5.0,0.0,8.0,4.0,8.0,2.0,2.0,2.0,1.0,3.0,1.0,0.0,0.0,6.0,6.0
305,201011,2,5.0,39.0,3.0,5.0,4.0,11.0,24.0,5.0,2.0,5.0,11.0,6.0,7.0,5.0,7.0,10.0,0.0,3.0,2.0,8.0,3.0,18.0,3.0,12.0,10.0,7.0,5.0,5.0,6.0,3.0,0.0,0.0,0.0,12.0
306,201011,3,7.0,8.0,6.0,7.0,4.0,6.0,10.0,1.0,0.0,7.0,0.0,6.0,11.0,5.0,7.0,9.0,1.0,2.0,3.0,10.0,0.0,11.0,2.0,8.0,10.0,1.0,1.0,0.0,5.0,2.0,0.0,2.0,0.0,4.0
307,201011,4,51.0,5.0,5.0,5.0,2.0,45.0,11.0,65.0,2.0,16.0,1.0,11.0,9.0,5.0,10.0,27.0,0.0,1.0,1.0,4.0,2.0,14.0,3.0,7.0,17.0,5.0,7.0,4.0,11.0,3.0,1.0,1.0,13.0,52.0
308,201011,5,7.0,4.0,4.0,5.0,1.0,10.0,11.0,16.0,1.0,9.0,6.0,5.0,7.0,3.0,4.0,13.0,3.0,1.0,3.0,11.0,1.0,10.0,2.0,10.0,11.0,2.0,2.0,1.0,5.0,0.0,0.0,1.0,1.0,9.0
309,201011,6,1.0,2.0,2.0,2.0,1.0,2.0,2.0,1.0,1.0,2.0,5.0,2.0,10.0,3.0,3.0,5.0,1.0,0.0,0.0,9.0,1.0,8.0,2.0,5.0,3.0,1.0,1.0,0.0,2.0,2.0,0.0,0.0,0.0,2.0
310,201011,7,5.0,4.0,6.0,3.0,0.0,8.0,2.0,6.0,3.0,6.0,0.0,8.0,6.0,7.0,4.0,9.0,1.0,0.0,1.0,6.0,0.0,15.0,5.0,5.0,4.0,3.0,1.0,1.0,7.0,4.0,0.0,2.0,2.0,0.0
311,201011,8,34.0,6.0,5.0,7.0,0.0,41.0,5.0,11.0,2.0,14.0,1.0,5.0,7.0,5.0,9.0,13.0,3.0,1.0,0.0,6.0,0.0,3.0,9.0,8.0,13.0,5.0,7.0,5.0,13.0,5.0,0.0,2.0,4.0,47.0
312,201011,9,7.0,3.0,3.0,7.0,3.0,10.0,2.0,2.0,1.0,1.0,3.0,2.0,10.0,10.0,5.0,18.0,3.0,1.0,0.0,13.0,1.0,13.0,1.0,9.0,7.0,1.0,2.0,2.0,5.0,0.0,1.0,4.0,0.0,7.0
313,201011,10,3.0,2.0,3.0,2.0,0.0,7.0,6.0,4.0,3.0,5.0,2.0,5.0,4.0,15.0,5.0,8.0,3.0,2.0,1.0,4.0,0.0,6.0,3.0,7.0,10.0,2.0,7.0,2.0,3.0,1.0,0.0,0.0,1.0,5.0
314,201011,11,3.0,0.0,4.0,1.0,0.0,6.0,5.0,2.0,1.0,6.0,1.0,3.0,8.0,20.0,4.0,12.0,1.0,0.0,0.0,3.0,1.0,5.0,4.0,3.0,3.0,2.0,0.0,1.0,6.0,1.0,1.0,1.0,2.0,7.0
315,201011,12,5.0,19.0,6.0,5.0,2.0,9.0,10.0,0.0,2.0,3.0,7.0,2.0,7.0,6.0,9.0,8.0,2.0,2.0,2.0,5.0,0.0,3.0,4.0,9.0,5.0,5.0,4.0,1.0,5.0,0.0,0.0,1.0,3.0,4.0
316,201011,13,0.0,6.0,3.0,100.0,0.0,3.0,3.0,3.0,0.0,3.0,3.0,3.0,5.0,17.0,14.0,8.0,4.0,5.0,4.0,3.0,3.0,4.0,8.0,5.0,8.0,2.0,1.0,1.0,2.0,2.0,2.0,0.0,1.0,3.0
317,201011,14,2.0,1.0,1.0,16.0,0.0,1.0,2.0,7.0,0.0,6.0,2.0,4.0,4.0,3.0,6.0,2.0,0.0,0.0,1.0,3.0,1.0,3.0,4.0,0.0,3.0,3.0,4.0,0.0,3.0,2.0,0.0,1.0,1.0,6.0
318,201011,15,6.0,3.0,6.0,10.0,2.0,13.0,2.0,8.0,1.0,7.0,10.0,2.0,18.0,7.0,4.0,6.0,1.0,0.0,6.0,10.0,3.0,13.0,2.0,9.0,6.0,4.0,4.0,2.0,4.0,14.0,2.0,0.0,1.0,11.0
319,201011,16,17.0,0.0,2.0,14.0,1.0,18.0,3.0,42.0,0.0,8.0,2.0,8.0,12.0,9.0,9.0,22.0,2.0,2.0,6.0,19.0,4.0,13.0,10.0,12.0,16.0,4.0,7.0,1.0,13.0,17.0,1.0,0.0,2.0,10.0
320,201011,17,29.0,4.0,3.0,5.0,1.0,26.0,3.0,10.0,5.0,8.0,0.0,11.0,8.0,9.0,11.0,19.0,1.0,1.0,7.0,11.0,3.0,11.0,4.0,7.0,9.0,4.0,5.0,3.0,7.0,0.0,3.0,0.0,1.0,29.0
321,201011,18,5.0,4.0,1.0,9.0,4.0,11.0,3.0,1.0,2.0,9.0,1.0,5.0,9.0,3.0,10.0,11.0,3.0,0.0,2.0,17.0,0.0,5.0,3.0,9.0,12.0,5.0,3.0,3.0,6.0,8.0,4.0,0.0,5.0,4.0
322,201011,19,3.0,4.0,2.0,6.0,0.0,6.0,12.0,3.0,3.0,10.0,3.0,7.0,14.0,5.0,6.0,8.0,5.0,0.0,2.0,16.0,1.0,30.0,8.0,5.0,6.0,2.0,6.0,3.0,8.0,4.0,1.0,0.0,6.0,7.0
323,201011,20,1.0,1.0,1.0,6.0,1.0,2.0,8.0,5.0,5.0,4.0,1.0,3.0,1.0,10.0,0.0,2.0,1.0,2.0,0.0,5.0,2.0,16.0,12.0,0.0,2.0,2.0,3.0,0.0,0.0,1.0,2.0,0.0,3.0,1.0
324,201011,21,4.0,8.0,9.0,46.0,2.0,10.0,5.0,6.0,1.0,8.0,3.0,9.0,12.0,31.0,55.0,10.0,1.0,0.0,8.0,11.0,3.0,4.0,24.0,6.0,8.0,9.0,4.0,2.0,5.0,1.0,2.0,4.0,2.0,8.0
325,201011,22,5.0,3.0,4.0,30.0,2.0,12.0,58.0,2.0,12.0,12.0,2.0,9.0,14.0,24.0,103.0,28.0,3.0,0.0,13.0,13.0,4.0,18.0,17.0,6.0,20.0,12.0,3.0,1.0,11.0,2.0,0.0,0.0,1.0,9.0
326,201011,23,2.0,11.0,13.0,14.0,4.0,5.0,16.0,2.0,2.0,13.0,6.0,4.0,13.0,25.0,10.0,8.0,5.0,0.0,2.0,17.0,5.0,12.0,78.0,10.0,19.0,1.0,4.0,0.0,4.0,3.0,4.0,3.0,2.0,3.0
327,201011,24,4.0,3.0,7.0,15.0,10.0,10.0,2.0,1.0,0.0,9.0,3.0,5.0,6.0,16.0,19.0,3.0,2.0,1.0,3.0,4.0,2.0,3.0,15.0,10.0,7.0,5.0,1.0,1.0,0.0,1.0,0.0,4.0,0.0,8.0
328,201011,25,2.0,0.0,0.0,8.0,0.0,1.0,6.0,1.0,0.0,1.0,1.0,0.0,0.0,2.0,5.0,4.0,5.0,1.0,3.0,0.0,1.0,0.0,7.0,5.0,5.0,7.0,1.0,1.0,1.0,0.0,1.0,2.0,1.0,1.0
329,201011,26,2.0,1.0,2.0,3.0,1.0,0.0,1.0,1.0,6.0,6.0,3.0,1.0,1.0,3.0,4.0,0.0,1.0,0.0,0.0,0.0,1.0,2.0,7.0,10.0,6.0,1.0,1.0,0.0,2.0,0.0,0.0,0.0,1.0,0.0
330,201011,27,5.0,0.0,3.0,4.0,0.0,5.0,5.0,2.0,4.0,0.0,1.0,3.0,3.0,1.0,2.0,5.0,1.0,0.0,0.0,6.0,2.0,4.0,7.0,7.0,3.0,0.0,2.0,1.0,6.0,1.0,3.0,0.0,1.0,0.0
331,201011,28,2.0,3.0,11.0,0.0,2.0,4.0,10.0,3.0,1.0,4.0,4.0,4.0,3.0,7.0,4.0,5.0,0.0,1.0,1.0,9.0,2.0,8.0,16.0,4.0,2.0,1.0,3.0,0.0,3.0,1.0,1.0,0.0,1.0,7.0
332,201011,29,2.0,5.0,3.0,11.0,2.0,5.0,8.0,5.0,3.0,6.0,1.0,5.0,25.0,8.0,10.0,10.0,3.0,0.0,1.0,7.0,3.0,7.0,9.0,7.0,9.0,4.0,5.0,1.0,3.0,2.0,4.0,0.0,1.0,6.0
333,201011,30,9.0,8.0,3.0,20.0,7.0,10.0,18.0,7.0,1.0,17.0,15.0,15.0,105.0,7.0,25.0,18.0,5.0,0.0,5.0,7.0,5.0,9.0,15.0,14.0,21.0,10.0,14.0,4.0,21.0,4.0,3.0,0.0,2.0,12.0
334,201012,1,130.0,18.0,4.0,23.0,5.0,92.0,16.0,41.0,3.0,50.0,11.0,34.0,48.0,1.0,66.0,70.0,13.0,2.0,4.0,9.0,4.0,13.0,11.0,22.0,45.0,17.0,22.0,11.0,36.0,2.0,11.0,1.0,83.0,228.0
335,201012,2,4.0,3.0,3.0,4.0,4.0,10.0,23.0,3.0,2.0,8.0,2.0,3.0,7.0,2.0,9.0,11.0,1.0,0.0,1.0,14.0,1.0,25.0,12.0,5.0,11.0,2.0,6.0,2.0,7.0,1.0,2.0,4.0,3.0,5.0
336,201012,3,3.0,8.0,0.0,38.0,3.0,9.0,16.0,5.0,3.0,5.0,4.0,0.0,9.0,4.0,14.0,16.0,1.0,1.0,4.0,7.0,3.0,12.0,14.0,6.0,9.0,6.0,3.0,1.0,14.0,5.0,1.0,0.0,3.0,11.0
337,201012,4,6.0,7.0,1.0,23.0,4.0,6.0,9.0,2.0,1.0,10.0,6.0,2.0,6.0,5.0,115.0,12.0,5.0,3.0,9.0,4.0,0.0,4.0,6.0,6.0,19.0,10.0,1.0,1.0,9.0,3.0,1.0,0.0,1.0,5.0
338,201012,5,3.0,6.0,7.0,15.0,0.0,7.0,10.0,4.0,3.0,5.0,6.0,7.0,10.0,14.0,15.0,19.0,0.0,3.0,3.0,16.0,6.0,32.0,111.0,9.0,4.0,4.0,4.0,3.0,10.0,1.0,0.0,0.0,2.0,2.0
339,201012,6,13.0,7.0,3.0,10.0,1.0,23.0,13.0,17.0,3.0,9.0,7.0,6.0,14.0,14.0,11.0,23.0,9.0,2.0,4.0,19.0,2.0,27.0,31.0,9.0,9.0,9.0,5.0,2.0,15.0,3.0,1.0,1.0,7.0,26.0
340,201012,7,10.0,7.0,6.0,9.0,3.0,17.0,8.0,6.0,0.0,21.0,9.0,10.0,12.0,10.0,23.0,25.0,1.0,2.0,6.0,13.0,2.0,18.0,26.0,6.0,23.0,5.0,8.0,3.0,14.0,9.0,2.0,1.0,4.0,19.0
341,201012,8,8.0,17.0,6.0,3.0,2.0,12.0,9.0,3.0,1.0,9.0,10.0,4.0,14.0,6.0,7.0,15.0,2.0,3.0,2.0,22.0,3.0,54.0,8.0,7.0,11.0,6.0,7.0,0.0,17.0,10.0,4.0,1.0,0.0,7.0
342,201012,9,14.0,4.0,2.0,25.0,0.0,13.0,9.0,5.0,1.0,13.0,8.0,10.0,15.0,3.0,75.0,21.0,3.0,0.0,12.0,19.0,0.0,18.0,3.0,8.0,18.0,6.0,13.0,3.0,11.0,5.0,6.0,3.0,3.0,5.0
343,201012,10,6.0,4.0,5.0,18.0,2.0,13.0,12.0,5.0,1.0,8.0,9.0,9.0,10.0,10.0,17.0,24.0,3.0,0.0,3.0,23.0,2.0,22.0,2.0,9.0,11.0,3.0,9.0,4.0,4.0,16.0,1.0,10.0,1.0,6.0
344,201012,11,4.0,16.0,14.0,433.0,2.0,14.0,13.0,9.0,1.0,9.0,9.0,10.0,27.0,29.0,114.0,44.0,8.0,4.0,23.0,24.0,6.0,21.0,18.0,17.0,30.0,17.0,7.0,3.0,9.0,7.0,2.0,5.0,8.0,13.0
345,201012,12,89.0,27.0,27.0,250.0,24.0,171.0,20.0,44.0,4.0,166.0,38.0,50.0,168.0,27.0,775.0,316.0,31.0,12.0,222.0,25.0,15.0,34.0,25.0,103.0,146.0,79.0,60.0,23.0,61.0,8.0,28.0,2.0,75.0,114.0
346,201012,13,19.0,12.0,8.0,54.0,5.0,65.0,11.0,21.0,2.0,32.0,12.0,18.0,64.0,4.0,65.0,241.0,8.0,5.0,31.0,29.0,4.0,26.0,7.0,21.0,59.0,16.0,20.0,12.0,34.0,4.0,3.0,3.0,19.0,33.0
347,201012,14,22.0,6.0,10.0,21.0,8.0,25.0,7.0,12.0,0.0,17.0,8.0,9.0,19.0,6.0,22.0,80.0,6.0,5.0,7.0,35.0,8.0,38.0,10.0,23.0,23.0,13.0,12.0,6.0,19.0,12.0,1.0,0.0,4.0,28.0
348,201012,15,10.0,9.0,11.0,20.0,8.0,22.0,4.0,16.0,7.0,19.0,22.0,25.0,162.0,13.0,13.0,37.0,7.0,5.0,9.0,16.0,4.0,11.0,10.0,75.0,36.0,12.0,20.0,4.0,21.0,3.0,5.0,1.0,0.0,19.0
349,201012,16,4.0,16.0,19.0,21.0,4.0,45.0,5.0,45.0,3.0,115.0,12.0,41.0,65.0,8.0,26.0,35.0,6.0,2.0,4.0,16.0,5.0,12.0,6.0,34.0,95.0,23.0,26.0,8.0,62.0,4.0,2.0,2.0,11.0,41.0
350,201012,17,8.0,8.0,16.0,15.0,3.0,16.0,21.0,4.0,1.0,24.0,11.0,15.0,8.0,16.0,13.0,11.0,2.0,2.0,1.0,29.0,4.0,89.0,13.0,10.0,17.0,3.0,6.0,1.0,11.0,4.0,4.0,2.0,9.0,8.0
351,201012,18,1.0,7.0,11.0,5.0,2.0,6.0,7.0,2.0,7.0,4.0,2.0,22.0,5.0,10.0,7.0,7.0,2.0,1.0,1.0,6.0,5.0,28.0,16.0,8.0,10.0,4.0,7.0,0.0,3.0,1.0,3.0,2.0,0.0,3.0
352,201012,19,4.0,17.0,16.0,8.0,3.0,8.0,9.0,2.0,4.0,10.0,5.0,2.0,11.0,19.0,12.0,7.0,3.0,3.0,2.0,23.0,4.0,32.0,30.0,31.0,6.0,5.0,6.0,0.0,4.0,14.0,1.0,1.0,4.0,7.0
353,201012,20,11.0,10.0,4.0,121.0,7.0,25.0,9.0,9.0,0.0,13.0,12.0,4.0,12.0,20.0,124.0,25.0,5.0,2.0,41.0,24.0,3.0,38.0,19.0,7.0,28.0,18.0,6.0,2.0,12.0,6.0,2.0,0.0,3.0,7.0
354,201012,21,4.0,11.0,3.0,52.0,3.0,28.0,18.0,11.0,2.0,15.0,5.0,7.0,14.0,15.0,191.0,44.0,2.0,2.0,24.0,23.0,2.0,18.0,9.0,24.0,45.0,29.0,14.0,4.0,10.0,12.0,5.0,1.0,6.0,12.0
355,201012,22,3.0,15.0,9.0,11.0,2.0,14.0,12.0,5.0,2.0,10.0,5.0,4.0,9.0,30.0,26.0,25.0,0.0,3.0,6.0,21.0,8.0,19.0,21.0,15.0,33.0,9.0,2.0,0.0,3.0,10.0,3.0,0.0,5.0,8.0
356,201012,23,5.0,3.0,6.0,10.0,1.0,17.0,11.0,6.0,2.0,5.0,5.0,4.0,5.0,36.0,5.0,6.0,2.0,2.0,0.0,11.0,1.0,16.0,16.0,13.0,15.0,5.0,6.0,3.0,6.0,1.0,3.0,1.0,8.0,8.0
357,201012,24,6.0,7.0,4.0,9.0,0.0,8.0,9.0,2.0,1.0,3.0,6.0,4.0,20.0,6.0,22.0,13.0,3.0,2.0,5.0,4.0,0.0,6.0,12.0,9.0,26.0,10.0,7.0,2.0,5.0,0.0,2.0,0.0,3.0,3.0
358,201012,25,13.0,18.0,12.0,10.0,37.0,20.0,8.0,12.0,1.0,29.0,28.0,64.0,527.0,11.0,19.0,28.0,20.0,11.0,16.0,10.0,8.0,14.0,10.0,41.0,35.0,14.0,52.0,7.0,23.0,5.0,27.0,3.0,4.0,12.0
359,201012,26,226.0,59.0,28.0,53.0,49.0,322.0,22.0,306.0,2.0,257.0,49.0,140.0,277.0,40.0,133.0,191.0,69.0,13.0,40.0,65.0,28.0,62.0,25.0,82.0,131.0,42.0,134.0,153.0,191.0,14.0,95.0,0.0,212.0,232.0
360,201012,27,453.0,48.0,24.0,53.0,35.0,603.0,23.0,356.0,1.0,201.0,68.0,123.0,122.0,30.0,135.0,205.0,69.0,13.0,18.0,64.0,12.0,80.0,14.0,46.0,124.0,34.0,126.0,90.0,133.0,17.0,122.0,1.0,347.0,381.0
361,201012,28,313.0,24.0,10.0,22.0,19.0,169.0,13.0,37.0,2.0,64.0,24.0,45.0,16.0,8.0,37.0,97.0,24.0,13.0,8.0,37.0,10.0,41.0,12.0,30.0,62.0,19.0,54.0,10.0,62.0,9.0,51.0,3.0,241.0,117.0
362,201012,29,60.0,23.0,27.0,28.0,11.0,48.0,18.0,7.0,0.0,14.0,35.0,12.0,12.0,35.0,68.0,36.0,7.0,8.0,70.0,19.0,13.0,26.0,49.0,24.0,29.0,10.0,19.0,5.0,15.0,5.0,18.0,0.0,65.0,28.0
363,201012,30,8.0,16.0,25.0,97.0,11.0,31.0,17.0,2.0,6.0,11.0,17.0,6.0,8.0,93.0,183.0,39.0,7.0,5.0,86.0,14.0,5.0,12.0,33.0,15.0,28.0,15.0,7.0,4.0,9.0,3.0,10.0,3.0,19.0,1.0
364,201012,31,6.0,5.0,7.0,62.0,1.0,3.0,9.0,7.0,0.0,2.0,5.0,1.0,5.0,42.0,98.0,16.0,2.0,1.0,5.0,5.0,2.0,6.0,17.0,12.0,21.0,9.0,2.0,2.0,5.0,2.0,3.0,2.0,6.0,1.0
365,201101,1,6.0,5.0,2.0,26.0,4.0,6.0,2.0,9.0,5.0,9.0,11.0,30.0,32.0,12.0,20.0,11.0,9.0,2.0,5.0,6.0,4.0,6.0,9.0,8.0,21.0,10.0,11.0,4.0,15.0,0.0,4.0,2.0,5.0,5.0
366,201101,2,9.0,12.0,6.0,13.0,4.0,15.0,5.0,11.0,5.0,9.0,14.0,10.0,20.0,7.0,10.0,35.0,7.0,3.0,3.0,22.0,1.0,35.0,10.0,16.0,22.0,6.0,8.0,2.0,7.0,1.0,1.0,3.0,10.0,5.0
367,201101,3,6.0,4.0,3.0,20.0,1.0,15.0,12.0,4.0,1.0,8.0,10.0,7.0,11.0,10.0,9.0,25.0,1.0,0.0,8.0,14.0,4.0,26.0,7.0,7.0,29.0,10.0,6.0,1.0,5.0,3.0,7.0,1.0,4.0,11.0
368,201101,4,8.0,11.0,1.0,10.0,3.0,14.0,22.0,0.0,2.0,6.0,2.0,4.0,5.0,8.0,6.0,17.0,7.0,2.0,11.0,20.0,0.0,20.0,8.0,8.0,12.0,6.0,12.0,1.0,6.0,2.0,0.0,5.0,5.0,4.0
369,201101,5,4.0,5.0,9.0,12.0,6.0,15.0,6.0,2.0,3.0,9.0,4.0,12.0,13.0,2.0,14.0,24.0,1.0,1.0,11.0,13.0,3.0,25.0,3.0,11.0,14.0,7.0,14.0,1.0,7.0,7.0,1.0,2.0,4.0,13.0
370,201101,6,7.0,9.0,4.0,16.0,3.0,18.0,13.0,14.0,1.0,16.0,6.0,17.0,20.0,5.0,20.0,26.0,5.0,0.0,9.0,8.0,3.0,22.0,21.0,15.0,17.0,8.0,10.0,2.0,8.0,4.0,2.0,2.0,2.0,14.0
371,201101,7,118.0,13.0,1.0,26.0,6.0,72.0,14.0,40.0,1.0,40.0,10.0,18.0,33.0,4.0,34.0,60.0,11.0,4.0,8.0,14.0,1.0,29.0,5.0,14.0,41.0,15.0,21.0,11.0,20.0,3.0,8.0,0.0,49.0,88.0
372,201101,8,6.0,5.0,2.0,13.0,3.0,18.0,4.0,22.0,0.0,11.0,2.0,3.0,3.0,4.0,12.0,27.0,3.0,2.0,10.0,6.0,0.0,8.0,2.0,8.0,11.0,5.0,2.0,2.0,4.0,1.0,1.0,0.0,2.0,7.0
373,201101,9,16.0,194.0,23.0,22.0,16.0,15.0,24.0,18.0,0.0,25.0,52.0,21.0,206.0,82.0,38.0,44.0,11.0,13.0,22.0,21.0,5.0,20.0,20.0,89.0,32.0,23.0,22.0,8.0,12.0,7.0,12.0,6.0,10.0,17.0
374,201101,10,38.0,136.0,14.0,47.0,86.0,86.0,23.0,43.0,2.0,110.0,107.0,393.0,1167.0,50.0,82.0,121.0,52.0,26.0,31.0,20.0,12.0,15.0,15.0,204.0,102.0,59.0,152.0,29.0,91.0,8.0,62.0,1.0,9.0,66.0
375,201101,11,100.0,88.0,37.0,82.0,81.0,148.0,17.0,115.0,1.0,194.0,82.0,542.0,889.0,43.0,365.0,228.0,84.0,29.0,62.0,65.0,25.0,42.0,15.0,141.0,179.0,86.0,191.0,47.0,186.0,17.0,94.0,0.0,25.0,108.0
376,201101,12,296.0,35.0,11.0,37.0,47.0,726.0,14.0,167.0,5.0,170.0,36.0,86.0,286.0,18.0,95.0,214.0,43.0,18.0,36.0,25.0,10.0,19.0,9.0,68.0,112.0,39.0,104.0,84.0,113.0,3.0,72.0,1.0,233.0,366.0
377,201101,13,14.0,11.0,3.0,13.0,12.0,99.0,18.0,5.0,4.0,22.0,13.0,17.0,63.0,8.0,26.0,49.0,6.0,1.0,9.0,19.0,2.0,36.0,11.0,32.0,25.0,12.0,12.0,3.0,16.0,5.0,1.0,3.0,17.0,25.0
378,201101,14,10.0,5.0,1.0,5.0,2.0,11.0,12.0,4.0,1.0,8.0,5.0,6.0,9.0,11.0,14.0,11.0,1.0,0.0,5.0,8.0,0.0,9.0,11.0,12.0,8.0,6.0,4.0,2.0,6.0,0.0,1.0,1.0,1.0,7.0
379,201101,15,3.0,0.0,1.0,8.0,3.0,6.0,17.0,3.0,5.0,4.0,1.0,2.0,8.0,6.0,6.0,13.0,2.0,1.0,4.0,3.0,0.0,4.0,3.0,4.0,9.0,2.0,9.0,0.0,5.0,0.0,1.0,1.0,5.0,2.0
380,201101,16,6.0,9.0,3.0,5.0,0.0,5.0,11.0,3.0,8.0,7.0,4.0,6.0,2.0,2.0,13.0,10.0,1.0,2.0,6.0,10.0,0.0,30.0,8.0,8.0,6.0,6.0,6.0,0.0,4.0,1.0,0.0,7.0,3.0,8.0
381,201101,17,17.0,17.0,11.0,40.0,10.0,27.0,23.0,18.0,5.0,32.0,10.0,15.0,12.0,26.0,232.0,35.0,10.0,6.0,21.0,27.0,4.0,98.0,9.0,20.0,31.0,20.0,15.0,2.0,24.0,3.0,3.0,5.0,3.0,10.0
382,201101,18,108.0,18.0,6.0,22.0,7.0,228.0,15.0,103.0,1.0,92.0,7.0,41.0,38.0,11.0,83.0,80.0,12.0,6.0,28.0,18.0,4.0,46.0,5.0,13.0,38.0,13.0,39.0,21.0,63.0,2.0,12.0,0.0,14.0,133.0
383,201101,19,10.0,15.0,9.0,11.0,7.0,49.0,10.0,17.0,7.0,21.0,6.0,23.0,12.0,31.0,16.0,26.0,5.0,1.0,13.0,16.0,2.0,15.0,6.0,15.0,22.0,20.0,14.0,5.0,18.0,11.0,3.0,0.0,5.0,26.0
384,201101,20,13.0,28.0,7.0,21.0,3.0,27.0,6.0,9.0,3.0,29.0,17.0,22.0,16.0,12.0,41.0,37.0,6.0,6.0,14.0,19.0,4.0,13.0,5.0,84.0,107.0,38.0,11.0,1.0,23.0,6.0,4.0,3.0,7.0,15.0
385,201101,21,77.0,15.0,4.0,16.0,4.0,182.0,12.0,54.0,1.0,56.0,3.0,18.0,27.0,12.0,25.0,58.0,6.0,0.0,17.0,10.0,3.0,15.0,5.0,23.0,50.0,9.0,24.0,17.0,34.0,1.0,4.0,0.0,45.0,145.0
386,201101,22,2.0,3.0,2.0,15.0,1.0,15.0,12.0,2.0,3.0,14.0,1.0,7.0,7.0,8.0,12.0,10.0,5.0,3.0,4.0,11.0,1.0,10.0,4.0,1.0,8.0,4.0,3.0,1.0,1.0,3.0,1.0,0.0,2.0,4.0
387,201101,23,10.0,6.0,2.0,6.0,2.0,17.0,11.0,12.0,9.0,20.0,5.0,8.0,7.0,5.0,15.0,25.0,2.0,2.0,8.0,6.0,2.0,13.0,4.0,19.0,17.0,11.0,7.0,2.0,4.0,8.0,0.0,1.0,6.0,18.0
388,201101,24,14.0,8.0,10.0,12.0,4.0,39.0,13.0,10.0,6.0,12.0,11.0,18.0,11.0,14.0,42.0,35.0,10.0,4.0,10.0,13.0,5.0,18.0,2.0,14.0,20.0,10.0,16.0,0.0,14.0,2.0,3.0,1.0,5.0,18.0
389,201101,25,11.0,28.0,7.0,17.0,13.0,49.0,13.0,17.0,5.0,26.0,7.0,15.0,34.0,15.0,27.0,24.0,13.0,4.0,12.0,20.0,5.0,37.0,11.0,45.0,26.0,16.0,13.0,5.0,11.0,4.0,4.0,0.0,1.0,54.0
390,201101,26,211.0,50.0,31.0,44.0,27.0,230.0,24.0,299.0,0.0,225.0,32.0,104.0,101.0,33.0,120.0,168.0,50.0,10.0,35.0,53.0,25.0,62.0,24.0,50.0,114.0,40.0,95.0,117.0,195.0,9.0,57.0,0.0,102.0,289.0
391,201101,27,322.0,23.0,15.0,35.0,23.0,403.0,21.0,203.0,2.0,174.0,21.0,48.0,48.0,14.0,85.0,144.0,25.0,7.0,21.0,27.0,6.0,61.0,15.0,52.0,122.0,34.0,69.0,65.0,134.0,4.0,44.0,3.0,216.0,265.0
392,201101,28,63.0,12.0,6.0,5.0,4.0,44.0,14.0,24.0,2.0,54.0,9.0,14.0,16.0,3.0,20.0,35.0,6.0,4.0,11.0,22.0,5.0,45.0,4.0,11.0,32.0,15.0,16.0,7.0,14.0,2.0,3.0,0.0,30.0,42.0
393,201101,29,4.0,8.0,2.0,7.0,1.0,13.0,8.0,5.0,3.0,14.0,5.0,8.0,13.0,9.0,15.0,14.0,6.0,0.0,9.0,6.0,2.0,18.0,2.0,6.0,10.0,6.0,7.0,2.0,4.0,1.0,2.0,1.0,5.0,2.0
394,201101,30,3.0,6.0,4.0,11.0,3.0,13.0,11.0,6.0,0.0,10.0,4.0,2.0,10.0,5.0,15.0,27.0,2.0,1.0,6.0,4.0,1.0,12.0,3.0,28.0,13.0,11.0,7.0,1.0,4.0,2.0,3.0,0.0,2.0,9.0
395,201101,31,21.0,46.0,10.0,57.0,10.0,30.0,12.0,13.0,2.0,24.0,25.0,5.0,53.0,72.0,63.0,42.0,13.0,3.0,22.0,21.0,12.0,22.0,15.0,32.0,48.0,98.0,18.0,9.0,15.0,2.0,6.0,1.0,13.0,20.0
396,201102,1,310.0,887.0,139.0,237.0,63.0,423.0,46.0,190.0,8.0,216.0,238.0,128.0,252.0,173.0,774.0,429.0,84.0,84.0,227.0,123.0,64.0,93.0,39.0,218.0,432.0,468.0,160.0,112.0,167.0,32.0,115.0,3.0,170.0,331.0
397,201102,2,315.0,443.0,61.0,251.0,46.0,691.0,39.0,172.0,5.0,172.0,123.0,81.0,156.0,112.0,1272.0,597.0,56.0,49.0,345.0,70.0,33.0,56.0,31.0,170.0,342.0,317.0,114.0,102.0,137.0,24.0,68.0,0.0,136.0,328.0
398,201102,3,56.0,173.0,40.0,78.0,13.0,147.0,15.0,22.0,3.0,47.0,343.0,38.0,84.0,43.0,588.0,95.0,17.0,39.0,84.0,25.0,9.0,16.0,13.0,103.0,107.0,82.0,37.0,22.0,42.0,7.0,11.0,1.0,38.0,57.0
399,201102,4,41.0,471.0,50.0,44.0,25.0,26.0,14.0,20.0,3.0,30.0,509.0,28.0,84.0,32.0,106.0,56.0,18.0,88.0,30.0,25.0,10.0,22.0,5.0,121.0,66.0,69.0,47.0,11.0,25.0,8.0,12.0,1.0,6.0,28.0
400,201102,5,49.0,35.0,4.0,27.0,7.0,47.0,12.0,23.0,1.0,18.0,18.0,15.0,14.0,21.0,50.0,78.0,5.0,6.0,9.0,4.0,3.0,10.0,0.0,24.0,25.0,17.0,27.0,5.0,16.0,1.0,7.0,1.0,39.0,15.0
401,201102,6,25.0,38.0,6.0,21.0,3.0,34.0,14.0,11.0,0.0,20.0,28.0,11.0,23.0,14.0,123.0,47.0,7.0,3.0,19.0,14.0,3.0,6.0,5.0,36.0,34.0,27.0,13.0,5.0,18.0,5.0,1.0,3.0,9.0,12.0
402,201102,7,31.0,13.0,5.0,26.0,5.0,41.0,6.0,14.0,4.0,23.0,14.0,21.0,13.0,26.0,95.0,50.0,8.0,3.0,23.0,9.0,0.0,13.0,8.0,46.0,49.0,29.0,15.0,4.0,20.0,3.0,5.0,8.0,6.0,18.0
403,201102,8,45.0,24.0,16.0,29.0,1.0,47.0,13.0,15.0,8.0,22.0,16.0,14.0,25.0,87.0,55.0,42.0,9.0,6.0,12.0,19.0,11.0,19.0,10.0,27.0,31.0,27.0,10.0,2.0,12.0,8.0,4.0,0.0,4.0,38.0
404,201102,9,16.0,317.0,25.0,24.0,14.0,30.0,7.0,11.0,2.0,15.0,110.0,14.0,57.0,21.0,53.0,31.0,13.0,22.0,12.0,19.0,8.0,17.0,4.0,189.0,39.0,68.0,14.0,4.0,17.0,5.0,8.0,4.0,4.0,15.0
405,201102,10,11.0,19.0,3.0,15.0,6.0,19.0,12.0,13.0,5.0,16.0,11.0,11.0,46.0,7.0,34.0,34.0,6.0,5.0,12.0,9.0,2.0,7.0,3.0,47.0,26.0,13.0,16.0,2.0,9.0,0.0,1.0,6.0,3.0,5.0
406,201102,11,12.0,18.0,3.0,8.0,2.0,14.0,9.0,6.0,2.0,9.0,14.0,14.0,7.0,6.0,38.0,18.0,4.0,3.0,12.0,11.0,2.0,3.0,2.0,16.0,22.0,9.0,9.0,1.0,10.0,2.0,1.0,7.0,2.0,7.0
407,201102,12,7.0,7.0,2.0,5.0,3.0,8.0,7.0,3.0,3.0,6.0,3.0,2.0,9.0,0.0,14.0,10.0,10.0,3.0,6.0,4.0,0.0,4.0,1.0,8.0,16.0,4.0,8.0,4.0,5.0,1.0,1.0,3.0,3.0,3.0
408,201102,13,6.0,9.0,0.0,7.0,2.0,20.0,5.0,8.0,5.0,9.0,5.0,4.0,8.0,5.0,19.0,11.0,3.0,1.0,9.0,10.0,1.0,2.0,3.0,16.0,16.0,7.0,9.0,2.0,5.0,0.0,1.0,9.0,3.0,7.0
409,201102,14,19.0,12.0,5.0,9.0,0.0,24.0,9.0,13.0,6.0,28.0,7.0,13.0,14.0,5.0,15.0,18.0,9.0,2.0,7.0,20.0,0.0,48.0,3.0,14.0,15.0,10.0,10.0,1.0,16.0,3.0,1.0,0.0,4.0,26.0
410,201102,15,19.0,6.0,7.0,7.0,2.0,18.0,10.0,8.0,4.0,11.0,3.0,11.0,12.0,10.0,21.0,16.0,4.0,2.0,8.0,23.0,7.0,47.0,4.0,14.0,19.0,10.0,13.0,4.0,16.0,2.0,1.0,4.0,2.0,29.0
411,201102,16,9.0,10.0,11.0,12.0,3.0,13.0,8.0,4.0,3.0,12.0,4.0,13.0,7.0,17.0,45.0,14.0,3.0,3.0,12.0,8.0,2.0,15.0,17.0,13.0,20.0,17.0,6.0,2.0,3.0,7.0,1.0,1.0,0.0,3.0
412,201102,17,5.0,12.0,7.0,41.0,4.0,5.0,10.0,8.0,6.0,9.0,14.0,12.0,30.0,18.0,92.0,22.0,1.0,1.0,7.0,22.0,2.0,48.0,11.0,14.0,11.0,12.0,2.0,1.0,2.0,5.0,0.0,0.0,1.0,10.0
413,201102,18,9.0,7.0,3.0,15.0,12.0,15.0,16.0,12.0,1.0,20.0,17.0,7.0,12.0,3.0,16.0,14.0,2.0,2.0,12.0,17.0,2.0,48.0,9.0,14.0,18.0,9.0,12.0,1.0,10.0,5.0,0.0,0.0,3.0,7.0
414,201102,19,29.0,1.0,7.0,3.0,3.0,32.0,3.0,10.0,3.0,16.0,6.0,5.0,11.0,21.0,5.0,18.0,2.0,1.0,1.0,12.0,3.0,11.0,12.0,8.0,7.0,3.0,5.0,2.0,9.0,9.0,1.0,0.0,10.0,2.0
415,201102,20,18.0,15.0,21.0,391.0,4.0,22.0,24.0,14.0,11.0,19.0,13.0,16.0,22.0,46.0,228.0,159.0,9.0,7.0,33.0,13.0,10.0,16.0,26.0,30.0,41.0,26.0,9.0,3.0,15.0,3.0,6.0,3.0,6.0,20.0
416,201102,21,77.0,17.0,5.0,192.0,2.0,64.0,19.0,43.0,4.0,36.0,14.0,27.0,38.0,12.0,271.0,194.0,8.0,10.0,47.0,10.0,4.0,13.0,15.0,41.0,68.0,36.0,13.0,17.0,38.0,4.0,4.0,1.0,13.0,55.0
417,201102,22,32.0,19.0,5.0,33.0,8.0,29.0,8.0,18.0,1.0,29.0,6.0,19.0,20.0,11.0,50.0,74.0,0.0,5.0,9.0,8.0,3.0,13.0,11.0,28.0,44.0,14.0,6.0,12.0,28.0,4.0,5.0,2.0,9.0,19.0
418,201102,23,12.0,8.0,12.0,15.0,9.0,29.0,7.0,5.0,12.0,17.0,5.0,6.0,21.0,6.0,27.0,18.0,4.0,1.0,14.0,18.0,3.0,17.0,3.0,15.0,22.0,5.0,14.0,2.0,18.0,3.0,3.0,1.0,4.0,8.0
419,201102,24,9.0,52.0,6.0,21.0,8.0,19.0,7.0,9.0,20.0,16.0,30.0,13.0,21.0,10.0,23.0,35.0,4.0,1.0,17.0,11.0,2.0,9.0,16.0,23.0,29.0,17.0,16.0,3.0,28.0,5.0,4.0,1.0,3.0,15.0
420,201102,25,121.0,25.0,4.0,38.0,3.0,193.0,8.0,110.0,5.0,102.0,33.0,35.0,42.0,29.0,101.0,340.0,12.0,4.0,31.0,12.0,5.0,14.0,9.0,33.0,90.0,36.0,33.0,23.0,68.0,2.0,8.0,1.0,41.0,106.0
421,201102,26,15.0,8.0,9.0,14.0,1.0,24.0,4.0,2.0,7.0,6.0,20.0,11.0,3.0,12.0,50.0,54.0,2.0,3.0,5.0,13.0,0.0,7.0,7.0,10.0,19.0,13.0,8.0,2.0,16.0,2.0,1.0,0.0,6.0,3.0
422,201102,27,11.0,23.0,11.0,13.0,1.0,14.0,5.0,5.0,3.0,8.0,9.0,8.0,6.0,12.0,70.0,20.0,2.0,4.0,10.0,13.0,2.0,5.0,2.0,16.0,15.0,43.0,16.0,1.0,18.0,2.0,0.0,13.0,0.0,3.0
423,201102,28,49.0,20.0,4.0,20.0,4.0,61.0,6.0,28.0,5.0,49.0,14.0,39.0,72.0,16.0,64.0,59.0,4.0,4.0,17.0,18.0,2.0,8.0,7.0,26.0,51.0,17.0,24.0,8.0,44.0,2.0,1.0,6.0,10.0,74.0
424,201103,1,17.0,20.0,7.0,10.0,2.0,23.0,5.0,6.0,2.0,13.0,8.0,16.0,30.0,13.0,26.0,28.0,4.0,1.0,17.0,21.0,11.0,13.0,2.0,15.0,21.0,10.0,17.0,2.0,19.0,5.0,3.0,3.0,2.0,9.0
425,201103,2,12.0,13.0,7.0,17.0,0.0,18.0,9.0,10.0,2.0,8.0,7.0,5.0,15.0,7.0,33.0,21.0,2.0,3.0,16.0,17.0,2.0,42.0,9.0,15.0,21.0,7.0,8.0,1.0,13.0,2.0,1.0,1.0,3.0,33.0
426,201103,3,12.0,27.0,6.0,7.0,0.0,16.0,11.0,7.0,5.0,10.0,61.0,10.0,8.0,20.0,28.0,20.0,0.0,10.0,13.0,8.0,0.0,5.0,15.0,14.0,21.0,9.0,10.0,1.0,13.0,2.0,3.0,2.0,2.0,13.0
427,201103,4,9.0,14.0,9.0,24.0,0.0,23.0,5.0,8.0,4.0,17.0,9.0,12.0,8.0,11.0,64.0,32.0,0.0,6.0,16.0,19.0,1.0,11.0,4.0,9.0,22.0,16.0,12.0,2.0,20.0,4.0,1.0,10.0,8.0,14.0
428,201103,5,5.0,11.0,5.0,15.0,5.0,12.0,7.0,5.0,4.0,12.0,6.0,9.0,10.0,21.0,44.0,18.0,2.0,3.0,16.0,13.0,4.0,10.0,9.0,12.0,13.0,15.0,15.0,2.0,12.0,2.0,0.0,2.0,4.0,7.0
429,201103,6,50.0,9.0,5.0,17.0,1.0,64.0,7.0,50.0,4.0,51.0,5.0,29.0,18.0,16.0,53.0,65.0,6.0,2.0,14.0,5.0,1.0,25.0,13.0,18.0,26.0,13.0,16.0,8.0,43.0,0.0,1.0,2.0,49.0,60.0
430,201103,7,38.0,22.0,11.0,12.0,1.0,99.0,13.0,27.0,3.0,30.0,12.0,14.0,17.0,18.0,35.0,40.0,1.0,2.0,13.0,19.0,2.0,25.0,22.0,14.0,18.0,16.0,13.0,3.0,22.0,7.0,1.0,1.0,17.0,26.0
431,201103,8,4.0,19.0,8.0,9.0,0.0,20.0,7.0,5.0,1.0,12.0,9.0,14.0,15.0,8.0,19.0,18.0,2.0,2.0,14.0,13.0,3.0,22.0,13.0,18.0,13.0,11.0,10.0,0.0,15.0,7.0,1.0,0.0,5.0,13.0
432,201103,9,8.0,21.0,5.0,29.0,12.0,14.0,9.0,7.0,0.0,22.0,10.0,16.0,38.0,8.0,67.0,21.0,4.0,1.0,23.0,11.0,4.0,16.0,3.0,18.0,27.0,9.0,13.0,3.0,20.0,5.0,1.0,3.0,3.0,15.0
433,201103,10,57.0,11.0,3.0,19.0,2.0,42.0,7.0,36.0,4.0,35.0,8.0,20.0,28.0,5.0,26.0,37.0,9.0,0.0,13.0,8.0,1.0,13.0,3.0,18.0,27.0,6.0,15.0,9.0,33.0,0.0,4.0,0.0,20.0,65.0
434,201103,11,15.0,4.0,1.0,39.0,1.0,59.0,3.0,14.0,2.0,24.0,3.0,19.0,21.0,8.0,29.0,129.0,7.0,2.0,13.0,13.0,2.0,9.0,1.0,20.0,33.0,5.0,12.0,5.0,17.0,3.0,0.0,35.0,9.0,35.0
435,201103,12,4.0,1.0,1.0,10.0,3.0,8.0,7.0,2.0,2.0,5.0,0.0,3.0,8.0,8.0,4.0,5.0,3.0,0.0,0.0,7.0,2.0,5.0,1.0,2.0,3.0,5.0,0.0,3.0,7.0,2.0,0.0,1.0,1.0,2.0
436,201103,13,7.0,12.0,5.0,4.0,3.0,5.0,8.0,6.0,6.0,9.0,9.0,13.0,10.0,5.0,7.0,10.0,4.0,0.0,7.0,7.0,1.0,20.0,3.0,10.0,11.0,7.0,9.0,0.0,9.0,2.0,0.0,1.0,1.0,11.0
437,201103,14,10.0,20.0,1.0,12.0,1.0,9.0,6.0,11.0,5.0,13.0,31.0,20.0,22.0,10.0,24.0,19.0,0.0,0.0,10.0,17.0,2.0,38.0,6.0,20.0,14.0,42.0,8.0,3.0,11.0,4.0,0.0,2.0,3.0,14.0
438,201103,15,6.0,16.0,4.0,5.0,3.0,10.0,13.0,13.0,3.0,10.0,12.0,7.0,20.0,11.0,17.0,13.0,1.0,5.0,9.0,33.0,4.0,33.0,8.0,11.0,12.0,10.0,9.0,2.0,9.0,2.0,1.0,7.0,3.0,13.0
439,201103,16,21.0,6.0,2.0,5.0,0.0,15.0,6.0,10.0,0.0,15.0,4.0,6.0,4.0,4.0,11.0,7.0,3.0,0.0,3.0,19.0,1.0,14.0,11.0,13.0,6.0,5.0,9.0,3.0,10.0,8.0,0.0,2.0,4.0,16.0
440,201103,17,1.0,8.0,4.0,7.0,1.0,4.0,4.0,4.0,1.0,5.0,12.0,6.0,11.0,20.0,12.0,9.0,1.0,4.0,1.0,12.0,1.0,5.0,3.0,6.0,4.0,3.0,1.0,5.0,4.0,7.0,0.0,17.0,0.0,7.0
441,201103,18,7.0,6.0,3.0,7.0,1.0,17.0,15.0,4.0,0.0,10.0,3.0,3.0,4.0,12.0,10.0,12.0,0.0,1.0,4.0,15.0,1.0,60.0,7.0,7.0,10.0,1.0,2.0,1.0,6.0,2.0,0.0,9.0,1.0,9.0
442,201103,19,1.0,7.0,1.0,6.0,0.0,4.0,4.0,1.0,1.0,6.0,3.0,2.0,6.0,27.0,5.0,6.0,2.0,1.0,1.0,5.0,0.0,16.0,4.0,4.0,4.0,1.0,3.0,1.0,2.0,0.0,0.0,10.0,1.0,4.0
443,201103,20,5.0,4.0,7.0,8.0,3.0,11.0,6.0,5.0,0.0,9.0,3.0,8.0,13.0,8.0,32.0,15.0,2.0,1.0,11.0,62.0,5.0,26.0,5.0,11.0,18.0,6.0,8.0,0.0,10.0,16.0,0.0,4.0,5.0,6.0
444,201103,21,22.0,14.0,11.0,7.0,1.0,39.0,3.0,19.0,0.0,22.0,16.0,7.0,21.0,45.0,22.0,23.0,4.0,0.0,9.0,6.0,3.0,12.0,12.0,14.0,13.0,6.0,7.0,2.0,13.0,3.0,1.0,2.0,2.0,46.0
445,201103,22,12.0,10.0,4.0,56.0,3.0,18.0,5.0,4.0,0.0,17.0,7.0,12.0,15.0,33.0,124.0,27.0,0.0,2.0,17.0,19.0,3.0,16.0,14.0,14.0,20.0,17.0,8.0,2.0,5.0,7.0,0.0,4.0,3.0,6.0
446,201103,23,74.0,14.0,3.0,114.0,2.0,70.0,5.0,66.0,0.0,64.0,10.0,47.0,33.0,6.0,162.0,175.0,2.0,0.0,42.0,22.0,2.0,39.0,4.0,24.0,54.0,23.0,27.0,14.0,43.0,4.0,3.0,3.0,18.0,99.0
447,201103,24,21.0,22.0,9.0,14.0,7.0,35.0,9.0,15.0,1.0,30.0,7.0,11.0,17.0,8.0,30.0,27.0,84.0,1.0,7.0,19.0,5.0,47.0,10.0,21.0,27.0,10.0,22.0,3.0,18.0,1.0,4.0,0.0,10.0,40.0
448,201103,25,9.0,12.0,5.0,10.0,8.0,12.0,4.0,2.0,2.0,22.0,14.0,6.0,20.0,20.0,31.0,17.0,74.0,1.0,10.0,5.0,5.0,6.0,3.0,8.0,14.0,7.0,12.0,3.0,13.0,2.0,2.0,0.0,5.0,14.0
449,201103,26,5.0,6.0,5.0,7.0,7.0,8.0,29.0,0.0,9.0,10.0,3.0,10.0,24.0,8.0,14.0,5.0,32.0,3.0,7.0,11.0,2.0,14.0,10.0,6.0,9.0,8.0,13.0,0.0,12.0,4.0,1.0,1.0,0.0,4.0
450,201103,27,7.0,5.0,5.0,9.0,4.0,4.0,1.0,11.0,0.0,19.0,16.0,14.0,25.0,22.0,16.0,9.0,18.0,1.0,7.0,8.0,1.0,10.0,9.0,12.0,8.0,9.0,16.0,2.0,12.0,0.0,1.0,13.0,4.0,6.0
451,201103,28,14.0,8.0,6.0,11.0,8.0,8.0,2.0,11.0,0.0,20.0,10.0,9.0,18.0,41.0,20.0,14.0,26.0,1.0,9.0,10.0,0.0,5.0,4.0,10.0,15.0,3.0,16.0,3.0,10.0,0.0,1.0,18.0,4.0,7.0
452,201103,29,8.0,9.0,7.0,5.0,4.0,7.0,5.0,3.0,1.0,14.0,16.0,7.0,13.0,8.0,19.0,13.0,12.0,2.0,11.0,14.0,4.0,18.0,4.0,10.0,18.0,6.0,16.0,2.0,11.0,4.0,2.0,12.0,2.0,7.0
453,201103,30,10.0,12.0,8.0,12.0,5.0,12.0,4.0,5.0,0.0,12.0,13.0,22.0,31.0,6.0,18.0,14.0,11.0,6.0,11.0,13.0,3.0,14.0,6.0,23.0,22.0,10.0,18.0,3.0,19.0,12.0,1.0,19.0,4.0,12.0
454,201103,31,24.0,12.0,3.0,11.0,15.0,31.0,3.0,26.0,1.0,22.0,21.0,17.0,20.0,13.0,29.0,38.0,21.0,2.0,7.0,9.0,1.0,6.0,2.0,15.0,20.0,11.0,30.0,4.0,22.0,1.0,11.0,13.0,3.0,29.0
455,201104,1,43.0,20.0,6.0,14.0,2.0,60.0,2.0,30.0,0.0,22.0,20.0,12.0,12.0,8.0,34.0,43.0,11.0,2.0,16.0,9.0,4.0,4.0,2.0,24.0,19.0,11.0,15.0,6.0,13.0,2.0,3.0,17.0,6.0,33.0
456,201104,2,9.0,21.0,28.0,10.0,5.0,26.0,5.0,9.0,2.0,9.0,25.0,8.0,15.0,19.0,17.0,20.0,2.0,7.0,8.0,33.0,14.0,47.0,9.0,7.0,8.0,19.0,9.0,10.0,9.0,13.0,2.0,26.0,2.0,5.0
457,201104,3,10.0,42.0,43.0,24.0,11.0,28.0,6.0,11.0,1.0,25.0,38.0,19.0,11.0,55.0,43.0,24.0,9.0,14.0,39.0,32.0,26.0,37.0,7.0,18.0,29.0,22.0,27.0,17.0,13.0,6.0,2.0,20.0,3.0,20.0
458,201104,4,19.0,52.0,8.0,22.0,10.0,26.0,4.0,15.0,0.0,32.0,38.0,18.0,74.0,7.0,50.0,34.0,17.0,5.0,26.0,22.0,7.0,17.0,2.0,45.0,47.0,13.0,17.0,8.0,18.0,2.0,1.0,15.0,5.0,23.0
459,201104,5,50.0,20.0,10.0,9.0,13.0,49.0,1.0,31.0,0.0,34.0,12.0,34.0,34.0,8.0,35.0,31.0,28.0,4.0,21.0,11.0,3.0,14.0,7.0,15.0,38.0,13.0,34.0,7.0,30.0,1.0,1.0,12.0,12.0,91.0
460,201104,6,15.0,10.0,4.0,12.0,1.0,19.0,5.0,11.0,6.0,13.0,12.0,12.0,16.0,12.0,14.0,21.0,12.0,1.0,16.0,10.0,5.0,9.0,3.0,13.0,22.0,5.0,15.0,1.0,9.0,0.0,2.0,12.0,4.0,20.0
461,201104,7,16.0,16.0,5.0,11.0,3.0,21.0,8.0,11.0,14.0,25.0,15.0,12.0,17.0,10.0,54.0,32.0,12.0,4.0,29.0,11.0,4.0,16.0,13.0,17.0,22.0,9.0,15.0,2.0,10.0,5.0,3.0,16.0,6.0,18.0
462,201104,8,22.0,16.0,3.0,53.0,2.0,24.0,10.0,11.0,1.0,18.0,13.0,16.0,21.0,29.0,281.0,44.0,10.0,7.0,33.0,9.0,3.0,8.0,21.0,21.0,39.0,22.0,12.0,6.0,12.0,3.0,1.0,8.0,5.0,19.0
463,201104,9,5.0,5.0,7.0,4.0,3.0,9.0,3.0,3.0,1.0,13.0,6.0,55.0,4.0,16.0,14.0,8.0,1.0,1.0,3.0,3.0,2.0,2.0,6.0,5.0,7.0,8.0,4.0,2.0,5.0,1.0,2.0,4.0,4.0,3.0
464,201104,10,13.0,19.0,8.0,15.0,2.0,15.0,1.0,6.0,0.0,11.0,9.0,20.0,5.0,11.0,26.0,29.0,7.0,0.0,12.0,3.0,1.0,4.0,0.0,9.0,16.0,5.0,19.0,3.0,9.0,1.0,2.0,1.0,4.0,11.0
465,201104,11,25.0,11.0,6.0,10.0,5.0,28.0,4.0,11.0,2.0,25.0,11.0,17.0,21.0,3.0,27.0,24.0,12.0,0.0,15.0,9.0,4.0,14.0,7.0,19.0,25.0,8.0,15.0,2.0,10.0,4.0,2.0,5.0,4.0,43.0
466,201104,12,26.0,15.0,17.0,8.0,2.0,30.0,2.0,56.0,1.0,27.0,13.0,24.0,18.0,7.0,15.0,30.0,13.0,2.0,13.0,12.0,3.0,16.0,4.0,11.0,26.0,11.0,17.0,4.0,20.0,4.0,2.0,6.0,3.0,23.0
467,201104,13,59.0,13.0,11.0,9.0,3.0,43.0,6.0,62.0,1.0,37.0,15.0,13.0,18.0,4.0,30.0,35.0,15.0,3.0,18.0,9.0,3.0,15.0,7.0,21.0,32.0,11.0,16.0,5.0,15.0,4.0,0.0,1.0,7.0,43.0
468,201104,14,11.0,21.0,6.0,11.0,4.0,12.0,1.0,2.0,0.0,12.0,14.0,13.0,13.0,15.0,23.0,16.0,9.0,5.0,16.0,9.0,2.0,5.0,1.0,19.0,24.0,12.0,18.0,2.0,11.0,4.0,0.0,0.0,4.0,6.0
469,201104,15,11.0,30.0,4.0,41.0,5.0,20.0,3.0,8.0,0.0,17.0,12.0,19.0,40.0,11.0,154.0,34.0,11.0,5.0,25.0,7.0,3.0,7.0,2.0,22.0,38.0,27.0,22.0,2.0,10.0,2.0,4.0,1.0,4.0,12.0
470,201104,16,51.0,10.0,2.0,11.0,4.0,26.0,4.0,28.0,0.0,37.0,2.0,42.0,24.0,7.0,25.0,38.0,7.0,3.0,3.0,8.0,2.0,5.0,3.0,19.0,17.0,9.0,19.0,21.0,48.0,4.0,5.0,1.0,82.0,1.0
471,201104,17,38.0,14.0,9.0,12.0,7.0,28.0,9.0,13.0,1.0,23.0,14.0,8.0,15.0,6.0,41.0,35.0,9.0,1.0,18.0,7.0,7.0,15.0,6.0,12.0,27.0,9.0,25.0,4.0,16.0,1.0,2.0,0.0,13.0,11.0
472,201104,18,12.0,6.0,8.0,11.0,2.0,20.0,4.0,9.0,3.0,14.0,10.0,9.0,6.0,10.0,36.0,29.0,12.0,1.0,14.0,14.0,1.0,15.0,12.0,13.0,26.0,11.0,15.0,0.0,7.0,3.0,1.0,1.0,3.0,11.0
473,201104,19,36.0,121.0,12.0,51.0,4.0,24.0,3.0,13.0,0.0,27.0,19.0,23.0,26.0,23.0,362.0,52.0,15.0,2.0,51.0,18.0,8.0,12.0,7.0,41.0,53.0,39.0,25.0,5.0,13.0,4.0,4.0,2.0,7.0,19.0
474,201104,20,51.0,44.0,14.0,31.0,5.0,45.0,3.0,22.0,0.0,35.0,25.0,10.0,27.0,14.0,82.0,53.0,17.0,9.0,31.0,9.0,8.0,31.0,6.0,39.0,57.0,28.0,27.0,5.0,18.0,5.0,7.0,0.0,11.0,49.0
475,201104,21,10.0,28.0,9.0,9.0,0.0,13.0,4.0,8.0,1.0,16.0,11.0,5.0,9.0,7.0,28.0,16.0,18.0,3.0,14.0,6.0,1.0,6.0,4.0,19.0,24.0,14.0,14.0,1.0,6.0,2.0,0.0,1.0,4.0,13.0
476,201104,22,22.0,25.0,9.0,42.0,0.0,19.0,10.0,10.0,4.0,20.0,16.0,14.0,23.0,17.0,320.0,44.0,12.0,2.0,34.0,6.0,5.0,7.0,8.0,28.0,51.0,67.0,14.0,6.0,13.0,2.0,3.0,2.0,5.0,13.0
477,201104,23,23.0,32.0,14.0,17.0,8.0,23.0,2.0,32.0,0.0,15.0,15.0,16.0,22.0,27.0,60.0,23.0,10.0,1.0,15.0,13.0,4.0,10.0,4.0,17.0,27.0,169.0,19.0,7.0,14.0,2.0,5.0,1.0,11.0,9.0
478,201104,24,24.0,73.0,11.0,14.0,5.0,26.0,1.0,15.0,0.0,30.0,13.0,11.0,7.0,11.0,35.0,15.0,11.0,5.0,11.0,11.0,2.0,6.0,6.0,15.0,15.0,68.0,13.0,5.0,17.0,1.0,1.0,0.0,9.0,43.0
479,201104,25,39.0,198.0,17.0,20.0,10.0,34.0,8.0,17.0,0.0,31.0,44.0,18.0,30.0,12.0,57.0,39.0,16.0,16.0,20.0,12.0,6.0,14.0,6.0,56.0,39.0,42.0,28.0,2.0,18.0,4.0,2.0,0.0,10.0,44.0
480,201104,26,23.0,55.0,21.0,65.0,3.0,39.0,11.0,16.0,1.0,32.0,23.0,12.0,11.0,19.0,104.0,37.0,10.0,10.0,26.0,17.0,8.0,29.0,9.0,49.0,40.0,23.0,12.0,4.0,17.0,6.0,2.0,2.0,9.0,39.0
481,201104,27,37.0,28.0,12.0,20.0,10.0,45.0,5.0,12.0,2.0,46.0,18.0,36.0,153.0,10.0,67.0,53.0,20.0,7.0,23.0,14.0,3.0,13.0,3.0,66.0,51.0,24.0,32.0,7.0,42.0,1.0,3.0,0.0,51.0,36.0
482,201104,28,139.0,22.0,10.0,29.0,13.0,156.0,4.0,86.0,0.0,88.0,24.0,54.0,96.0,11.0,61.0,113.0,25.0,11.0,18.0,20.0,7.0,16.0,4.0,42.0,71.0,24.0,55.0,14.0,71.0,7.0,15.0,1.0,104.0,184.0
483,201104,29,15.0,11.0,7.0,7.0,9.0,25.0,2.0,10.0,0.0,23.0,11.0,7.0,23.0,12.0,21.0,19.0,39.0,2.0,15.0,8.0,2.0,6.0,5.0,24.0,21.0,12.0,17.0,3.0,14.0,0.0,4.0,0.0,9.0,13.0
484,201104,30,1.0,12.0,2.0,9.0,2.0,5.0,5.0,1.0,2.0,3.0,6.0,9.0,5.0,8.0,9.0,4.0,3.0,2.0,5.0,9.0,0.0,7.0,3.0,3.0,6.0,0.0,3.0,2.0,6.0,2.0,1.0,0.0,1.0,4.0
485,201105,1,4.0,84.0,5.0,17.0,7.0,10.0,3.0,4.0,0.0,15.0,15.0,13.0,21.0,7.0,27.0,17.0,2.0,3.0,8.0,11.0,1.0,7.0,2.0,18.0,20.0,8.0,3.0,0.0,14.0,1.0,3.0,1.0,8.0,6.0
486,201105,2,11.0,93.0,13.0,12.0,4.0,16.0,5.0,9.0,1.0,21.0,31.0,19.0,23.0,8.0,28.0,29.0,9.0,7.0,20.0,19.0,4.0,11.0,3.0,28.0,29.0,15.0,19.0,3.0,12.0,3.0,4.0,6.0,11.0,13.0
487,201105,3,13.0,15.0,7.0,18.0,0.0,16.0,2.0,13.0,0.0,11.0,20.0,20.0,9.0,3.0,28.0,23.0,12.0,4.0,22.0,9.0,6.0,15.0,3.0,10.0,18.0,10.0,12.0,4.0,6.0,6.0,0.0,0.0,4.0,13.0
488,201105,4,28.0,8.0,8.0,4.0,1.0,35.0,4.0,28.0,0.0,20.0,5.0,18.0,7.0,15.0,23.0,23.0,9.0,1.0,15.0,15.0,1.0,10.0,3.0,13.0,27.0,9.0,12.0,4.0,8.0,2.0,0.0,0.0,7.0,22.0
489,201105,5,5.0,5.0,12.0,10.0,1.0,7.0,2.0,4.0,0.0,14.0,9.0,13.0,4.0,3.0,23.0,25.0,6.0,0.0,16.0,24.0,4.0,11.0,2.0,12.0,26.0,9.0,8.0,1.0,13.0,6.0,0.0,0.0,8.0,12.0
490,201105,6,10.0,17.0,9.0,15.0,0.0,12.0,3.0,3.0,0.0,18.0,12.0,15.0,13.0,6.0,31.0,26.0,7.0,1.0,15.0,9.0,3.0,10.0,1.0,21.0,28.0,8.0,13.0,1.0,13.0,4.0,1.0,2.0,6.0,13.0
491,201105,7,2.0,10.0,2.0,9.0,3.0,7.0,2.0,3.0,0.0,3.0,10.0,12.0,7.0,5.0,9.0,5.0,1.0,1.0,2.0,11.0,1.0,3.0,2.0,7.0,7.0,6.0,1.0,2.0,2.0,0.0,1.0,2.0,4.0,3.0
492,201105,8,5.0,20.0,2.0,6.0,0.0,9.0,2.0,5.0,0.0,6.0,14.0,9.0,8.0,8.0,13.0,16.0,6.0,1.0,12.0,8.0,3.0,7.0,4.0,15.0,16.0,7.0,5.0,2.0,5.0,3.0,0.0,0.0,5.0,9.0
493,201105,9,12.0,29.0,4.0,11.0,4.0,13.0,7.0,8.0,0.0,9.0,26.0,15.0,14.0,7.0,26.0,20.0,13.0,2.0,17.0,11.0,3.0,10.0,1.0,7.0,17.0,14.0,12.0,0.0,13.0,1.0,1.0,2.0,4.0,7.0
494,201105,10,10.0,28.0,12.0,12.0,1.0,12.0,4.0,3.0,0.0,16.0,13.0,13.0,6.0,5.0,32.0,16.0,8.0,5.0,16.0,12.0,6.0,14.0,5.0,20.0,16.0,8.0,14.0,3.0,13.0,2.0,1.0,1.0,2.0,10.0
495,201105,11,10.0,250.0,29.0,22.0,8.0,14.0,12.0,15.0,1.0,13.0,30.0,11.0,20.0,71.0,102.0,24.0,6.0,17.0,26.0,28.0,12.0,38.0,14.0,29.0,33.0,23.0,16.0,1.0,11.0,10.0,1.0,1.0,5.0,10.0
496,201105,12,12.0,64.0,16.0,16.0,4.0,14.0,2.0,9.0,0.0,17.0,111.0,14.0,11.0,18.0,44.0,31.0,11.0,18.0,17.0,16.0,8.0,12.0,8.0,31.0,32.0,21.0,13.0,5.0,12.0,3.0,3.0,0.0,4.0,11.0
497,201105,13,21.0,29.0,9.0,34.0,5.0,28.0,2.0,8.0,0.0,22.0,33.0,14.0,28.0,7.0,220.0,48.0,10.0,4.0,30.0,7.0,2.0,7.0,1.0,35.0,37.0,19.0,14.0,5.0,25.0,0.0,1.0,2.0,7.0,13.0
498,201105,14,4.0,11.0,2.0,15.0,6.0,10.0,0.0,6.0,0.0,5.0,16.0,20.0,18.0,8.0,78.0,15.0,1.0,1.0,10.0,10.0,1.0,6.0,1.0,8.0,13.0,11.0,9.0,1.0,8.0,1.0,7.0,3.0,4.0,2.0
499,201105,15,44.0,12.0,3.0,16.0,0.0,24.0,6.0,26.0,0.0,32.0,7.0,17.0,11.0,1.0,58.0,41.0,8.0,2.0,17.0,6.0,2.0,7.0,5.0,16.0,19.0,13.0,10.0,1.0,19.0,3.0,1.0,3.0,18.0,26.0
500,201105,16,39.0,18.0,5.0,19.0,6.0,62.0,9.0,22.0,2.0,36.0,11.0,20.0,7.0,18.0,36.0,36.0,10.0,0.0,13.0,19.0,0.0,36.0,3.0,14.0,26.0,14.0,23.0,8.0,28.0,0.0,6.0,1.0,9.0,114.0
501,201105,17,35.0,12.0,9.0,4.0,1.0,55.0,6.0,38.0,2.0,36.0,5.0,18.0,9.0,5.0,25.0,32.0,8.0,0.0,13.0,19.0,5.0,52.0,2.0,12.0,22.0,6.0,16.0,7.0,28.0,5.0,5.0,0.0,11.0,52.0
502,201105,18,46.0,15.0,8.0,14.0,0.0,58.0,3.0,14.0,0.0,30.0,5.0,16.0,5.0,36.0,93.0,36.0,8.0,0.0,21.0,17.0,3.0,19.0,10.0,9.0,26.0,16.0,11.0,6.0,22.0,6.0,0.0,0.0,25.0,66.0
503,201105,19,36.0,8.0,2.0,12.0,1.0,46.0,3.0,32.0,6.0,29.0,10.0,16.0,4.0,29.0,34.0,36.0,9.0,2.0,14.0,11.0,2.0,6.0,7.0,9.0,28.0,12.0,13.0,2.0,17.0,2.0,2.0,1.0,16.0,59.0
504,201105,20,27.0,218.0,22.0,21.0,7.0,31.0,9.0,14.0,1.0,22.0,36.0,18.0,10.0,16.0,44.0,51.0,12.0,11.0,19.0,18.0,3.0,9.0,2.0,28.0,31.0,29.0,21.0,3.0,12.0,3.0,5.0,4.0,13.0,22.0
505,201105,21,7.0,34.0,9.0,187.0,1.0,21.0,5.0,4.0,1.0,7.0,27.0,5.0,1.0,10.0,21.0,18.0,5.0,6.0,13.0,4.0,2.0,4.0,7.0,18.0,23.0,12.0,6.0,3.0,10.0,1.0,3.0,0.0,9.0,1.0
506,201105,22,10.0,37.0,11.0,59.0,4.0,16.0,3.0,7.0,0.0,13.0,19.0,13.0,28.0,12.0,211.0,34.0,8.0,8.0,30.0,15.0,4.0,9.0,2.0,23.0,34.0,23.0,14.0,2.0,13.0,4.0,5.0,0.0,5.0,7.0
507,201105,23,46.0,284.0,26.0,32.0,10.0,38.0,5.0,20.0,2.0,37.0,39.0,24.0,29.0,33.0,119.0,108.0,13.0,16.0,29.0,23.0,6.0,14.0,11.0,41.0,72.0,36.0,23.0,5.0,30.0,5.0,5.0,2.0,17.0,38.0
508,201105,24,23.0,213.0,20.0,30.0,8.0,30.0,5.0,9.0,2.0,19.0,14.0,20.0,16.0,22.0,41.0,45.0,9.0,10.0,25.0,22.0,6.0,24.0,7.0,28.0,27.0,31.0,16.0,1.0,25.0,7.0,1.0,2.0,10.0,22.0
509,201105,25,48.0,190.0,30.0,81.0,5.0,59.0,12.0,32.0,0.0,33.0,26.0,42.0,37.0,23.0,495.0,243.0,14.0,22.0,77.0,25.0,17.0,33.0,12.0,60.0,86.0,82.0,33.0,10.0,29.0,10.0,2.0,2.0,6.0,37.0
510,201105,26,33.0,80.0,13.0,29.0,16.0,46.0,7.0,28.0,4.0,35.0,23.0,36.0,141.0,14.0,131.0,106.0,18.0,16.0,39.0,12.0,4.0,20.0,11.0,44.0,52.0,34.0,18.0,6.0,49.0,3.0,5.0,0.0,20.0,41.0
511,201105,27,28.0,41.0,12.0,22.0,5.0,33.0,5.0,15.0,1.0,35.0,13.0,82.0,21.0,19.0,75.0,68.0,15.0,8.0,24.0,19.0,3.0,13.0,6.0,17.0,52.0,15.0,22.0,2.0,55.0,6.0,3.0,2.0,15.0,38.0
512,201105,28,5.0,11.0,2.0,5.0,0.0,15.0,4.0,1.0,2.0,6.0,4.0,11.0,7.0,4.0,10.0,10.0,6.0,3.0,6.0,5.0,1.0,1.0,2.0,6.0,7.0,6.0,7.0,1.0,5.0,0.0,1.0,13.0,5.0,5.0
513,201105,29,13.0,28.0,7.0,29.0,4.0,18.0,7.0,8.0,3.0,9.0,4.0,8.0,9.0,16.0,262.0,30.0,9.0,0.0,19.0,12.0,1.0,8.0,13.0,22.0,26.0,19.0,10.0,3.0,6.0,3.0,2.0,12.0,7.0,11.0
514,201105,30,10.0,30.0,9.0,13.0,1.0,20.0,5.0,7.0,2.0,21.0,8.0,13.0,16.0,12.0,60.0,21.0,9.0,4.0,22.0,5.0,2.0,9.0,3.0,11.0,21.0,7.0,7.0,3.0,15.0,3.0,1.0,1.0,6.0,14.0
515,201105,31,9.0,24.0,8.0,19.0,0.0,11.0,9.0,8.0,1.0,7.0,8.0,9.0,10.0,4.0,30.0,11.0,4.0,7.0,4.0,18.0,2.0,27.0,1.0,11.0,16.0,7.0,3.0,1.0,9.0,2.0,0.0,1.0,2.0,16.0
516,201106,1,48.0,22.0,12.0,1.0,2.0,47.0,8.0,18.0,0.0,26.0,9.0,19.0,17.0,10.0,24.0,36.0,8.0,3.0,14.0,14.0,6.0,21.0,5.0,26.0,26.0,11.0,14.0,6.0,26.0,6.0,1.0,3.0,18.0,45.0
517,201106,2,17.0,10.0,6.0,8.0,2.0,15.0,6.0,11.0,1.0,16.0,8.0,24.0,18.0,8.0,22.0,30.0,11.0,2.0,16.0,10.0,4.0,8.0,3.0,12.0,24.0,9.0,10.0,3.0,19.0,5.0,1.0,2.0,4.0,19.0
518,201106,3,12.0,29.0,11.0,12.0,0.0,15.0,2.0,4.0,3.0,11.0,13.0,12.0,3.0,6.0,33.0,24.0,8.0,3.0,18.0,5.0,0.0,6.0,1.0,13.0,23.0,12.0,8.0,0.0,14.0,2.0,0.0,6.0,4.0,10.0
519,201106,4,2.0,5.0,7.0,3.0,1.0,10.0,4.0,5.0,2.0,3.0,3.0,7.0,4.0,5.0,3.0,3.0,2.0,0.0,1.0,12.0,0.0,18.0,0.0,2.0,6.0,2.0,3.0,0.0,4.0,3.0,3.0,1.0,2.0,5.0
520,201106,5,4.0,14.0,16.0,5.0,0.0,6.0,7.0,2.0,0.0,6.0,3.0,22.0,4.0,6.0,19.0,17.0,6.0,0.0,13.0,14.0,3.0,5.0,2.0,13.0,26.0,3.0,13.0,0.0,11.0,7.0,1.0,7.0,3.0,5.0
521,201106,6,7.0,8.0,16.0,5.0,0.0,8.0,10.0,3.0,1.0,12.0,15.0,10.0,10.0,11.0,18.0,19.0,8.0,1.0,17.0,14.0,0.0,16.0,1.0,8.0,21.0,12.0,9.0,1.0,11.0,4.0,1.0,4.0,4.0,9.0
522,201106,7,5.0,7.0,5.0,10.0,0.0,11.0,9.0,8.0,2.0,14.0,3.0,13.0,6.0,4.0,28.0,21.0,9.0,2.0,18.0,10.0,2.0,10.0,3.0,5.0,21.0,4.0,10.0,1.0,11.0,7.0,1.0,0.0,6.0,9.0
523,201106,8,11.0,9.0,6.0,3.0,4.0,16.0,10.0,11.0,3.0,10.0,3.0,13.0,2.0,5.0,24.0,22.0,10.0,0.0,16.0,10.0,2.0,7.0,9.0,8.0,19.0,7.0,11.0,7.0,12.0,2.0,3.0,5.0,3.0,12.0
524,201106,9,73.0,19.0,4.0,57.0,5.0,106.0,10.0,57.0,2.0,69.0,16.0,38.0,41.0,12.0,330.0,76.0,10.0,4.0,47.0,9.0,2.0,12.0,15.0,27.0,58.0,38.0,18.0,16.0,58.0,2.0,3.0,3.0,58.0,101.0
525,201106,10,52.0,22.0,6.0,32.0,6.0,51.0,9.0,21.0,0.0,25.0,18.0,25.0,43.0,5.0,164.0,71.0,16.0,8.0,32.0,11.0,4.0,18.0,5.0,24.0,53.0,24.0,23.0,9.0,23.0,3.0,3.0,6.0,5.0,23.0
526,201106,11,15.0,6.0,8.0,16.0,2.0,25.0,10.0,32.0,6.0,15.0,6.0,36.0,19.0,5.0,28.0,19.0,7.0,2.0,12.0,11.0,2.0,28.0,7.0,8.0,13.0,5.0,15.0,8.0,15.0,0.0,1.0,2.0,4.0,9.0
527,201106,12,22.0,23.0,4.0,14.0,1.0,46.0,4.0,45.0,7.0,26.0,6.0,27.0,24.0,9.0,23.0,48.0,8.0,3.0,19.0,2.0,1.0,9.0,4.0,16.0,25.0,11.0,16.0,8.0,20.0,2.0,4.0,7.0,10.0,41.0
528,201106,13,15.0,17.0,5.0,8.0,4.0,20.0,2.0,10.0,0.0,11.0,17.0,12.0,8.0,6.0,21.0,22.0,12.0,1.0,21.0,7.0,1.0,19.0,4.0,11.0,17.0,8.0,8.0,1.0,18.0,3.0,1.0,0.0,5.0,6.0
529,201106,14,21.0,22.0,3.0,19.0,3.0,25.0,3.0,7.0,2.0,8.0,13.0,6.0,28.0,7.0,29.0,20.0,12.0,3.0,21.0,11.0,5.0,12.0,2.0,15.0,18.0,13.0,9.0,3.0,12.0,6.0,2.0,2.0,3.0,6.0
530,201106,15,20.0,22.0,18.0,27.0,4.0,18.0,4.0,11.0,1.0,19.0,15.0,31.0,125.0,16.0,142.0,34.0,10.0,3.0,28.0,19.0,3.0,20.0,3.0,19.0,26.0,19.0,17.0,1.0,18.0,7.0,2.0,0.0,4.0,12.0
531,201106,16,22.0,20.0,4.0,19.0,10.0,27.0,7.0,11.0,5.0,36.0,16.0,28.0,73.0,11.0,47.0,29.0,16.0,10.0,25.0,10.0,2.0,11.0,1.0,32.0,32.0,16.0,25.0,3.0,47.0,0.0,4.0,4.0,4.0,9.0
532,201106,17,66.0,21.0,4.0,31.0,9.0,67.0,8.0,24.0,0.0,48.0,14.0,31.0,42.0,15.0,44.0,65.0,10.0,3.0,23.0,11.0,3.0,18.0,8.0,28.0,39.0,15.0,16.0,8.0,52.0,1.0,6.0,3.0,74.0,103.0
533,201106,18,19.0,12.0,11.0,15.0,2.0,18.0,7.0,7.0,1.0,17.0,12.0,31.0,31.0,6.0,37.0,27.0,11.0,2.0,9.0,10.0,1.0,14.0,6.0,11.0,17.0,9.0,16.0,3.0,10.0,1.0,2.0,4.0,6.0,10.0
534,201106,19,20.0,25.0,9.0,20.0,1.0,19.0,3.0,10.0,1.0,25.0,15.0,14.0,19.0,14.0,34.0,34.0,13.0,4.0,20.0,16.0,3.0,8.0,7.0,9.0,21.0,15.0,14.0,1.0,15.0,1.0,0.0,4.0,0.0,5.0
535,201106,20,14.0,41.0,11.0,41.0,0.0,20.0,6.0,9.0,0.0,9.0,18.0,11.0,15.0,12.0,104.0,39.0,10.0,7.0,36.0,22.0,1.0,14.0,6.0,20.0,29.0,16.0,14.0,1.0,19.0,3.0,2.0,0.0,2.0,7.0
536,201106,21,26.0,58.0,15.0,52.0,3.0,31.0,6.0,16.0,1.0,30.0,21.0,24.0,25.0,16.0,330.0,76.0,9.0,5.0,59.0,17.0,5.0,21.0,4.0,31.0,52.0,31.0,15.0,7.0,43.0,5.0,2.0,4.0,6.0,19.0
537,201106,22,46.0,53.0,26.0,63.0,6.0,63.0,4.0,16.0,0.0,45.0,104.0,47.0,79.0,22.0,254.0,77.0,7.0,17.0,29.0,29.0,6.0,24.0,9.0,55.0,53.0,31.0,26.0,9.0,43.0,12.0,2.0,0.0,30.0,50.0
538,201106,23,69.0,8.0,5.0,23.0,4.0,80.0,3.0,21.0,2.0,38.0,4.0,25.0,31.0,16.0,65.0,70.0,11.0,2.0,24.0,18.0,8.0,19.0,9.0,23.0,45.0,16.0,23.0,11.0,37.0,2.0,6.0,0.0,44.0,121.0
539,201106,24,43.0,13.0,8.0,22.0,4.0,58.0,2.0,20.0,0.0,42.0,13.0,30.0,56.0,7.0,56.0,63.0,19.0,2.0,24.0,13.0,2.0,10.0,8.0,19.0,34.0,11.0,20.0,7.0,33.0,8.0,8.0,4.0,42.0,74.0
540,201106,25,19.0,7.0,13.0,23.0,6.0,22.0,7.0,10.0,1.0,19.0,8.0,20.0,26.0,9.0,14.0,18.0,11.0,3.0,13.0,15.0,1.0,10.0,10.0,5.0,16.0,7.0,12.0,4.0,10.0,4.0,3.0,2.0,4.0,13.0
541,201106,26,13.0,19.0,16.0,12.0,2.0,16.0,2.0,7.0,1.0,12.0,12.0,20.0,27.0,13.0,32.0,37.0,13.0,2.0,20.0,10.0,1.0,4.0,4.0,11.0,21.0,14.0,11.0,2.0,14.0,5.0,0.0,4.0,4.0,6.0
542,201106,27,12.0,13.0,5.0,13.0,5.0,14.0,5.0,7.0,2.0,18.0,10.0,21.0,31.0,6.0,40.0,27.0,9.0,0.0,23.0,9.0,5.0,8.0,3.0,12.0,15.0,11.0,15.0,2.0,20.0,4.0,0.0,6.0,3.0,15.0
543,201106,28,16.0,17.0,9.0,13.0,2.0,22.0,12.0,13.0,2.0,32.0,9.0,47.0,14.0,11.0,22.0,30.0,11.0,4.0,16.0,18.0,2.0,39.0,12.0,15.0,25.0,16.0,20.0,2.0,27.0,4.0,2.0,9.0,6.0,16.0
544,201106,29,17.0,14.0,11.0,15.0,0.0,15.0,1.0,9.0,0.0,15.0,9.0,17.0,3.0,33.0,27.0,25.0,12.0,1.0,21.0,19.0,7.0,14.0,7.0,9.0,16.0,15.0,12.0,1.0,15.0,8.0,3.0,1.0,1.0,9.0
545,201106,30,15.0,15.0,8.0,9.0,6.0,24.0,3.0,6.0,1.0,16.0,5.0,20.0,9.0,42.0,49.0,36.0,45.0,1.0,24.0,12.0,2.0,11.0,5.0,7.0,17.0,12.0,18.0,2.0,17.0,3.0,2.0,0.0,4.0,17.0
546,201107,1,22.0,16.0,9.0,35.0,1.0,34.0,5.0,8.0,1.0,18.0,7.0,20.0,18.0,15.0,149.0,32.0,10.0,1.0,27.0,13.0,0.0,6.0,9.0,19.0,37.0,23.0,10.0,4.0,14.0,4.0,4.0,3.0,4.0,18.0
547,201107,2,19.0,18.0,4.0,12.0,3.0,10.0,3.0,8.0,0.0,11.0,7.0,9.0,10.0,13.0,44.0,12.0,9.0,1.0,13.0,7.0,1.0,3.0,7.0,16.0,13.0,9.0,8.0,1.0,12.0,3.0,0.0,0.0,3.0,7.0
548,201107,3,15.0,20.0,7.0,6.0,2.0,18.0,4.0,7.0,3.0,15.0,11.0,9.0,8.0,3.0,39.0,14.0,9.0,1.0,11.0,6.0,2.0,2.0,0.0,10.0,16.0,11.0,4.0,3.0,8.0,4.0,0.0,9.0,9.0,15.0
549,201107,4,7.0,15.0,14.0,23.0,9.0,18.0,3.0,10.0,1.0,22.0,11.0,48.0,71.0,11.0,30.0,27.0,2.0,4.0,19.0,9.0,4.0,7.0,1.0,19.0,20.0,11.0,14.0,5.0,12.0,2.0,2.0,9.0,2.0,15.0
550,201107,5,14.0,15.0,5.0,18.0,7.0,24.0,4.0,8.0,1.0,11.0,9.0,38.0,27.0,8.0,49.0,28.0,9.0,3.0,29.0,18.0,3.0,18.0,6.0,15.0,24.0,14.0,9.0,3.0,13.0,6.0,0.0,1.0,5.0,8.0
551,201107,6,19.0,25.0,10.0,17.0,1.0,34.0,4.0,18.0,5.0,34.0,11.0,42.0,10.0,25.0,29.0,29.0,9.0,3.0,19.0,27.0,5.0,25.0,5.0,15.0,20.0,15.0,14.0,2.0,25.0,6.0,3.0,1.0,8.0,37.0
552,201107,7,22.0,15.0,14.0,12.0,3.0,50.0,2.0,25.0,1.0,37.0,4.0,23.0,19.0,49.0,47.0,35.0,10.0,2.0,20.0,16.0,2.0,19.0,7.0,10.0,31.0,20.0,4.0,5.0,20.0,5.0,2.0,8.0,25.0,46.0
553,201107,8,104.0,24.0,20.0,22.0,9.0,129.0,6.0,125.0,2.0,90.0,13.0,54.0,34.0,21.0,55.0,80.0,13.0,3.0,22.0,19.0,2.0,13.0,6.0,25.0,64.0,23.0,33.0,43.0,64.0,6.0,8.0,0.0,48.0,134.0
554,201107,9,6.0,9.0,7.0,11.0,5.0,18.0,1.0,5.0,0.0,15.0,1.0,12.0,5.0,9.0,13.0,12.0,5.0,0.0,3.0,10.0,3.0,8.0,3.0,8.0,12.0,6.0,7.0,3.0,10.0,5.0,0.0,3.0,4.0,18.0
555,201107,10,14.0,16.0,23.0,20.0,0.0,14.0,1.0,6.0,1.0,7.0,15.0,8.0,7.0,18.0,41.0,21.0,5.0,0.0,15.0,9.0,2.0,9.0,4.0,18.0,18.0,9.0,5.0,2.0,9.0,4.0,2.0,0.0,1.0,9.0
556,201107,11,14.0,27.0,12.0,35.0,1.0,40.0,6.0,23.0,4.0,29.0,15.0,26.0,21.0,17.0,158.0,64.0,7.0,1.0,27.0,21.0,4.0,47.0,2.0,16.0,42.0,24.0,10.0,5.0,22.0,6.0,2.0,2.0,3.0,26.0
557,201107,12,21.0,21.0,9.0,14.0,2.0,32.0,8.0,16.0,1.0,26.0,19.0,17.0,51.0,20.0,36.0,45.0,6.0,3.0,19.0,19.0,5.0,43.0,3.0,12.0,28.0,18.0,12.0,4.0,19.0,3.0,6.0,1.0,9.0,12.0
558,201107,13,16.0,17.0,7.0,10.0,3.0,35.0,9.0,8.0,1.0,47.0,7.0,63.0,30.0,45.0,37.0,30.0,13.0,3.0,22.0,22.0,6.0,66.0,8.0,13.0,29.0,11.0,16.0,2.0,26.0,5.0,2.0,0.0,7.0,23.0
559,201107,14,13.0,12.0,12.0,16.0,4.0,29.0,21.0,12.0,2.0,19.0,11.0,11.0,25.0,122.0,49.0,25.0,10.0,6.0,21.0,26.0,3.0,51.0,24.0,16.0,26.0,14.0,17.0,2.0,21.0,8.0,5.0,1.0,5.0,10.0
560,201107,15,17.0,29.0,10.0,87.0,5.0,18.0,18.0,4.0,0.0,18.0,14.0,18.0,12.0,107.0,63.0,34.0,6.0,1.0,19.0,25.0,5.0,58.0,23.0,16.0,26.0,23.0,16.0,2.0,24.0,3.0,0.0,0.0,4.0,15.0
561,201107,16,12.0,6.0,7.0,12.0,3.0,7.0,11.0,3.0,0.0,2.0,7.0,10.0,4.0,42.0,23.0,13.0,4.0,2.0,10.0,18.0,3.0,18.0,9.0,10.0,13.0,8.0,7.0,3.0,8.0,3.0,2.0,3.0,2.0,9.0
562,201107,17,13.0,8.0,15.0,12.0,3.0,15.0,6.0,6.0,0.0,9.0,14.0,13.0,7.0,34.0,34.0,16.0,9.0,4.0,15.0,8.0,1.0,14.0,10.0,7.0,15.0,13.0,5.0,0.0,9.0,2.0,0.0,1.0,1.0,14.0
563,201107,18,27.0,19.0,15.0,25.0,2.0,43.0,4.0,11.0,0.0,21.0,12.0,9.0,5.0,42.0,47.0,53.0,6.0,6.0,27.0,15.0,0.0,14.0,3.0,15.0,21.0,13.0,6.0,5.0,14.0,5.0,0.0,8.0,10.0,18.0
564,201107,19,26.0,16.0,8.0,25.0,4.0,40.0,8.0,30.0,4.0,39.0,14.0,14.0,15.0,35.0,49.0,36.0,9.0,4.0,24.0,10.0,5.0,14.0,9.0,13.0,23.0,20.0,10.0,9.0,25.0,4.0,1.0,3.0,10.0,55.0
565,201107,20,13.0,11.0,7.0,18.0,2.0,26.0,7.0,16.0,1.0,20.0,8.0,30.0,37.0,17.0,43.0,35.0,9.0,2.0,20.0,20.0,4.0,24.0,5.0,12.0,32.0,17.0,12.0,2.0,24.0,0.0,1.0,0.0,4.0,15.0
566,201107,21,17.0,16.0,2.0,14.0,7.0,30.0,3.0,23.0,1.0,16.0,7.0,20.0,17.0,19.0,36.0,33.0,9.0,4.0,20.0,15.0,1.0,2.0,3.0,13.0,31.0,16.0,10.0,4.0,13.0,1.0,4.0,2.0,5.0,13.0
567,201107,22,28.0,19.0,5.0,28.0,0.0,59.0,6.0,32.0,1.0,32.0,10.0,13.0,16.0,22.0,197.0,64.0,9.0,2.0,32.0,12.0,3.0,15.0,3.0,17.0,50.0,17.0,7.0,5.0,29.0,1.0,0.0,2.0,5.0,30.0
568,201107,23,11.0,11.0,9.0,13.0,1.0,30.0,4.0,16.0,0.0,11.0,5.0,12.0,6.0,9.0,147.0,23.0,5.0,1.0,21.0,8.0,2.0,9.0,5.0,14.0,24.0,17.0,16.0,4.0,23.0,0.0,3.0,1.0,9.0,8.0
569,201107,24,18.0,11.0,7.0,25.0,0.0,27.0,5.0,16.0,0.0,22.0,13.0,26.0,8.0,10.0,107.0,43.0,6.0,2.0,20.0,6.0,3.0,9.0,5.0,12.0,37.0,12.0,13.0,2.0,18.0,2.0,0.0,1.0,6.0,20.0
570,201107,25,99.0,26.0,6.0,22.0,9.0,90.0,5.0,42.0,0.0,77.0,16.0,61.0,77.0,17.0,59.0,61.0,10.0,3.0,26.0,10.0,2.0,9.0,3.0,25.0,54.0,26.0,24.0,24.0,48.0,1.0,4.0,2.0,26.0,94.0
571,201107,26,20.0,25.0,9.0,10.0,3.0,25.0,2.0,12.0,0.0,23.0,11.0,19.0,15.0,20.0,40.0,35.0,11.0,3.0,23.0,19.0,4.0,12.0,13.0,20.0,25.0,14.0,27.0,5.0,23.0,6.0,5.0,0.0,5.0,33.0
572,201107,27,21.0,20.0,8.0,28.0,4.0,29.0,5.0,9.0,1.0,19.0,12.0,12.0,7.0,9.0,84.0,35.0,12.0,3.0,31.0,20.0,4.0,22.0,8.0,7.0,26.0,15.0,14.0,5.0,11.0,0.0,2.0,3.0,3.0,14.0
573,201107,28,15.0,28.0,14.0,31.0,3.0,24.0,1.0,10.0,2.0,18.0,15.0,16.0,8.0,13.0,80.0,34.0,10.0,5.0,19.0,12.0,2.0,16.0,9.0,16.0,30.0,16.0,9.0,1.0,17.0,3.0,3.0,2.0,1.0,13.0
574,201107,29,42.0,34.0,9.0,21.0,3.0,40.0,6.0,18.0,3.0,25.0,49.0,17.0,8.0,20.0,72.0,58.0,11.0,7.0,25.0,14.0,2.0,15.0,16.0,11.0,39.0,13.0,13.0,7.0,26.0,2.0,2.0,4.0,42.0,47.0
575,201107,30,5.0,11.0,3.0,6.0,2.0,10.0,5.0,1.0,1.0,6.0,5.0,9.0,6.0,8.0,16.0,21.0,1.0,2.0,2.0,8.0,1.0,10.0,0.0,7.0,8.0,2.0,4.0,1.0,6.0,0.0,0.0,4.0,2.0,7.0
576,201107,31,11.0,7.0,2.0,15.0,0.0,21.0,4.0,15.0,0.0,8.0,4.0,27.0,12.0,6.0,19.0,23.0,4.0,0.0,15.0,20.0,1.0,16.0,8.0,10.0,22.0,11.0,13.0,2.0,14.0,6.0,1.0,2.0,1.0,13.0
577,201108,1,38.0,15.0,0.0,24.0,7.0,88.0,5.0,56.0,1.0,64.0,8.0,25.0,32.0,9.0,54.0,52.0,8.0,5.0,19.0,8.0,0.0,11.0,2.0,18.0,39.0,20.0,15.0,19.0,55.0,2.0,1.0,2.0,48.0,87.0
578,201108,2,21.0,22.0,5.0,10.0,6.0,44.0,3.0,10.0,2.0,24.0,15.0,7.0,17.0,8.0,65.0,34.0,8.0,2.0,27.0,6.0,4.0,5.0,4.0,22.0,30.0,15.0,13.0,7.0,15.0,1.0,4.0,3.0,9.0,25.0
579,201108,3,21.0,18.0,10.0,8.0,1.0,20.0,3.0,7.0,1.0,16.0,9.0,15.0,25.0,11.0,30.0,28.0,7.0,4.0,20.0,11.0,1.0,22.0,2.0,12.0,28.0,19.0,12.0,2.0,12.0,4.0,0.0,1.0,6.0,12.0
580,201108,4,8.0,23.0,7.0,8.0,5.0,20.0,8.0,9.0,3.0,15.0,11.0,15.0,13.0,9.0,39.0,25.0,13.0,5.0,22.0,19.0,1.0,38.0,3.0,13.0,22.0,14.0,10.0,1.0,16.0,3.0,2.0,3.0,3.0,10.0
581,201108,5,17.0,27.0,5.0,15.0,3.0,23.0,5.0,18.0,0.0,24.0,12.0,60.0,14.0,33.0,45.0,38.0,5.0,4.0,22.0,7.0,4.0,19.0,8.0,21.0,24.0,15.0,15.0,2.0,19.0,3.0,0.0,1.0,2.0,10.0
582,201108,6,7.0,23.0,7.0,16.0,4.0,15.0,3.0,6.0,0.0,7.0,10.0,16.0,13.0,14.0,34.0,18.0,11.0,6.0,14.0,7.0,1.0,10.0,8.0,9.0,19.0,9.0,10.0,1.0,9.0,0.0,2.0,6.0,5.0,3.0
583,201108,7,11.0,21.0,9.0,35.0,6.0,46.0,9.0,16.0,1.0,32.0,7.0,22.0,30.0,9.0,120.0,42.0,16.0,2.0,24.0,16.0,2.0,25.0,6.0,19.0,28.0,16.0,11.0,4.0,18.0,1.0,1.0,0.0,22.0,30.0
584,201108,8,13.0,33.0,2.0,21.0,8.0,33.0,1.0,12.0,3.0,18.0,14.0,17.0,24.0,6.0,68.0,38.0,9.0,4.0,25.0,10.0,4.0,10.0,3.0,16.0,34.0,20.0,12.0,3.0,26.0,0.0,0.0,1.0,6.0,14.0
585,201108,9,57.0,29.0,8.0,13.0,5.0,59.0,1.0,63.0,0.0,43.0,11.0,27.0,19.0,4.0,40.0,63.0,31.0,2.0,24.0,16.0,1.0,11.0,2.0,23.0,36.0,14.0,24.0,3.0,33.0,4.0,4.0,5.0,35.0,83.0
586,201108,10,15.0,14.0,7.0,10.0,5.0,26.0,2.0,14.0,1.0,19.0,4.0,15.0,12.0,5.0,30.0,34.0,29.0,0.0,20.0,15.0,5.0,12.0,4.0,16.0,20.0,11.0,16.0,2.0,13.0,4.0,2.0,2.0,6.0,15.0
587,201108,11,10.0,4.0,1.0,12.0,3.0,11.0,3.0,2.0,3.0,11.0,5.0,20.0,4.0,12.0,21.0,21.0,13.0,1.0,20.0,8.0,0.0,10.0,1.0,8.0,25.0,9.0,10.0,1.0,11.0,2.0,1.0,4.0,3.0,4.0
588,201108,12,10.0,8.0,8.0,6.0,3.0,19.0,2.0,6.0,2.0,7.0,1.0,8.0,4.0,4.0,19.0,26.0,4.0,2.0,17.0,7.0,2.0,6.0,0.0,6.0,24.0,12.0,7.0,1.0,9.0,1.0,1.0,1.0,1.0,7.0
589,201108,13,8.0,2.0,8.0,11.0,3.0,19.0,1.0,6.0,1.0,15.0,3.0,22.0,4.0,4.0,86.0,17.0,5.0,0.0,11.0,4.0,0.0,10.0,4.0,7.0,14.0,10.0,12.0,6.0,9.0,3.0,1.0,5.0,3.0,6.0
590,201108,14,46.0,13.0,8.0,23.0,3.0,72.0,2.0,64.0,0.0,41.0,7.0,35.0,11.0,8.0,39.0,60.0,9.0,3.0,14.0,4.0,2.0,3.0,1.0,20.0,38.0,15.0,16.0,7.0,28.0,4.0,3.0,1.0,68.0,57.0
591,201108,15,60.0,20.0,2.0,12.0,3.0,64.0,0.0,42.0,0.0,46.0,2.0,23.0,7.0,7.0,36.0,49.0,4.0,1.0,19.0,10.0,2.0,9.0,0.0,17.0,38.0,17.0,17.0,7.0,23.0,2.0,6.0,5.0,26.0,82.0
592,201108,16,11.0,21.0,5.0,11.0,1.0,19.0,7.0,8.0,4.0,13.0,8.0,3.0,6.0,2.0,29.0,18.0,20.0,0.0,9.0,23.0,5.0,14.0,1.0,11.0,13.0,12.0,12.0,2.0,9.0,4.0,5.0,4.0,5.0,14.0
593,201108,17,10.0,9.0,7.0,9.0,3.0,16.0,3.0,11.0,1.0,8.0,2.0,10.0,2.0,1.0,21.0,17.0,14.0,1.0,11.0,9.0,2.0,11.0,2.0,7.0,12.0,8.0,5.0,2.0,10.0,2.0,0.0,0.0,0.0,5.0
594,201108,18,34.0,21.0,7.0,29.0,2.0,27.0,6.0,34.0,5.0,31.0,10.0,18.0,14.0,10.0,26.0,22.0,8.0,3.0,1.0,15.0,6.0,18.0,3.0,13.0,19.0,10.0,10.0,20.0,46.0,1.0,1.0,2.0,14.0,43.0
595,201108,19,87.0,30.0,8.0,38.0,3.0,111.0,4.0,75.0,2.0,86.0,5.0,26.0,21.0,12.0,73.0,83.0,12.0,0.0,19.0,14.0,6.0,27.0,9.0,22.0,50.0,23.0,14.0,30.0,48.0,4.0,4.0,4.0,73.0,108.0
596,201108,20,10.0,13.0,4.0,20.0,3.0,18.0,3.0,8.0,0.0,5.0,7.0,10.0,6.0,8.0,86.0,21.0,10.0,3.0,6.0,5.0,3.0,4.0,3.0,9.0,11.0,16.0,7.0,3.0,10.0,2.0,1.0,2.0,4.0,7.0
597,201108,21,74.0,29.0,8.0,11.0,1.0,92.0,4.0,52.0,1.0,67.0,7.0,25.0,13.0,3.0,32.0,48.0,9.0,2.0,12.0,6.0,3.0,11.0,1.0,18.0,26.0,22.0,19.0,16.0,50.0,1.0,6.0,0.0,62.0,83.0
598,201108,22,15.0,20.0,5.0,11.0,2.0,25.0,1.0,6.0,1.0,8.0,8.0,10.0,9.0,10.0,27.0,26.0,10.0,2.0,14.0,12.0,1.0,10.0,2.0,13.0,9.0,12.0,11.0,1.0,16.0,2.0,1.0,2.0,1.0,9.0
599,201108,23,12.0,7.0,8.0,18.0,1.0,17.0,5.0,7.0,0.0,15.0,2.0,11.0,7.0,11.0,92.0,23.0,6.0,2.0,20.0,13.0,2.0,17.0,3.0,10.0,20.0,15.0,7.0,5.0,12.0,5.0,3.0,2.0,6.0,5.0
600,201108,24,6.0,7.0,5.0,10.0,3.0,11.0,3.0,3.0,1.0,6.0,2.0,14.0,13.0,6.0,21.0,44.0,8.0,2.0,16.0,10.0,1.0,10.0,3.0,7.0,9.0,11.0,4.0,1.0,12.0,3.0,1.0,1.0,2.0,5.0
601,201108,25,82.0,7.0,3.0,22.0,5.0,101.0,1.0,104.0,1.0,60.0,5.0,23.0,18.0,7.0,36.0,98.0,36.0,2.0,17.0,7.0,3.0,12.0,0.0,18.0,48.0,12.0,20.0,16.0,49.0,3.0,5.0,1.0,56.0,112.0
602,201108,26,23.0,22.0,6.0,22.0,1.0,25.0,8.0,24.0,7.0,23.0,10.0,24.0,23.0,12.0,42.0,45.0,10.0,5.0,18.0,25.0,7.0,23.0,8.0,11.0,13.0,12.0,13.0,8.0,26.0,2.0,3.0,5.0,6.0,27.0
603,201108,27,285.0,55.0,32.0,44.0,29.0,170.0,26.0,134.0,0.0,256.0,59.0,125.0,116.0,35.0,149.0,145.0,70.0,12.0,30.0,64.0,30.0,53.0,12.0,43.0,61.0,26.0,139.0,143.0,167.0,15.0,67.0,7.0,249.0,192.0
604,201108,28,437.0,58.0,35.0,53.0,48.0,831.0,29.0,488.0,3.0,384.0,60.0,147.0,144.0,40.0,188.0,283.0,62.0,11.0,46.0,66.0,35.0,54.0,9.0,60.0,120.0,44.0,160.0,191.0,194.0,19.0,96.0,2.0,352.0,441.0
605,201108,29,266.0,16.0,11.0,24.0,15.0,397.0,2.0,95.0,0.0,67.0,22.0,33.0,24.0,7.0,33.0,96.0,19.0,9.0,15.0,12.0,4.0,15.0,5.0,21.0,46.0,12.0,48.0,34.0,48.0,8.0,27.0,5.0,186.0,174.0
606,201108,30,7.0,13.0,14.0,11.0,2.0,13.0,4.0,6.0,0.0,4.0,8.0,4.0,4.0,7.0,15.0,19.0,7.0,6.0,12.0,20.0,7.0,21.0,2.0,6.0,10.0,15.0,5.0,1.0,11.0,12.0,1.0,6.0,1.0,3.0
607,201108,31,6.0,10.0,10.0,13.0,0.0,13.0,4.0,6.0,1.0,4.0,6.0,11.0,5.0,11.0,20.0,19.0,7.0,1.0,14.0,9.0,2.0,13.0,7.0,5.0,8.0,6.0,6.0,0.0,7.0,4.0,3.0,4.0,1.0,7.0
608,201109,1,7.0,10.0,8.0,11.0,2.0,14.0,2.0,3.0,3.0,11.0,12.0,4.0,6.0,4.0,22.0,21.0,7.0,3.0,12.0,6.0,3.0,5.0,4.0,8.0,10.0,8.0,3.0,1.0,8.0,2.0,0.0,4.0,1.0,7.0
609,201109,2,6.0,6.0,7.0,9.0,0.0,11.0,4.0,5.0,2.0,6.0,9.0,17.0,3.0,5.0,17.0,18.0,2.0,2.0,8.0,3.0,3.0,6.0,2.0,7.0,10.0,5.0,4.0,2.0,6.0,4.0,0.0,2.0,2.0,1.0
610,201109,3,6.0,3.0,0.0,6.0,2.0,5.0,2.0,2.0,1.0,1.0,23.0,3.0,10.0,2.0,23.0,4.0,3.0,0.0,3.0,2.0,3.0,10.0,3.0,6.0,10.0,0.0,1.0,2.0,7.0,1.0,0.0,4.0,2.0,0.0
611,201109,4,11.0,0.0,1.0,3.0,2.0,3.0,2.0,2.0,0.0,1.0,30.0,3.0,0.0,2.0,5.0,11.0,6.0,1.0,3.0,4.0,0.0,5.0,1.0,0.0,3.0,1.0,3.0,1.0,7.0,0.0,0.0,9.0,0.0,3.0
612,201109,5,23.0,2.0,2.0,5.0,6.0,16.0,4.0,8.0,3.0,8.0,7.0,32.0,39.0,1.0,5.0,13.0,2.0,2.0,1.0,3.0,1.0,4.0,1.0,14.0,6.0,5.0,7.0,2.0,10.0,1.0,1.0,7.0,2.0,4.0
613,201109,6,50.0,5.0,4.0,12.0,3.0,53.0,2.0,55.0,0.0,24.0,7.0,8.0,10.0,6.0,22.0,33.0,7.0,0.0,11.0,13.0,1.0,15.0,2.0,11.0,17.0,8.0,11.0,7.0,25.0,1.0,2.0,7.0,11.0,44.0
614,201109,7,63.0,13.0,9.0,11.0,5.0,94.0,9.0,132.0,1.0,71.0,6.0,21.0,24.0,4.0,27.0,63.0,7.0,0.0,5.0,10.0,5.0,10.0,4.0,13.0,40.0,11.0,20.0,37.0,53.0,3.0,3.0,1.0,22.0,113.0
615,201109,8,51.0,9.0,16.0,4.0,1.0,43.0,9.0,58.0,0.0,41.0,8.0,22.0,12.0,7.0,23.0,38.0,4.0,4.0,2.0,16.0,7.0,28.0,7.0,10.0,22.0,3.0,6.0,10.0,30.0,45.0,7.0,4.0,3.0,58.0
616,201109,9,22.0,14.0,14.0,6.0,1.0,9.0,0.0,12.0,8.0,10.0,11.0,8.0,1.0,1.0,13.0,13.0,4.0,1.0,4.0,8.0,1.0,14.0,1.0,4.0,13.0,2.0,5.0,3.0,13.0,27.0,2.0,8.0,3.0,8.0
617,201109,10,8.0,2.0,5.0,2.0,2.0,4.0,0.0,4.0,2.0,1.0,0.0,2.0,2.0,2.0,5.0,7.0,5.0,1.0,0.0,7.0,1.0,4.0,0.0,3.0,5.0,0.0,1.0,4.0,3.0,0.0,1.0,0.0,1.0,1.0
618,201109,11,8.0,8.0,3.0,3.0,0.0,10.0,3.0,6.0,2.0,7.0,0.0,3.0,2.0,6.0,13.0,7.0,1.0,2.0,5.0,4.0,2.0,8.0,1.0,4.0,4.0,4.0,4.0,20.0,5.0,1.0,1.0,2.0,3.0,8.0
619,201109,12,8.0,4.0,2.0,3.0,1.0,11.0,5.0,10.0,0.0,7.0,4.0,6.0,2.0,2.0,10.0,9.0,3.0,0.0,2.0,6.0,3.0,9.0,0.0,4.0,7.0,1.0,2.0,0.0,2.0,2.0,4.0,4.0,2.0,6.0
620,201109,13,3.0,3.0,7.0,1.0,0.0,7.0,3.0,5.0,2.0,6.0,5.0,6.0,2.0,3.0,3.0,8.0,2.0,0.0,3.0,17.0,6.0,23.0,0.0,6.0,6.0,4.0,4.0,2.0,3.0,6.0,2.0,0.0,2.0,3.0
621,201109,14,9.0,16.0,6.0,4.0,0.0,11.0,3.0,7.0,2.0,6.0,8.0,8.0,3.0,6.0,10.0,10.0,1.0,3.0,6.0,10.0,0.0,16.0,1.0,3.0,6.0,0.0,2.0,1.0,11.0,4.0,1.0,1.0,2.0,9.0
622,201109,15,6.0,6.0,3.0,6.0,5.0,16.0,2.0,8.0,2.0,7.0,9.0,4.0,0.0,7.0,10.0,5.0,1.0,3.0,4.0,8.0,2.0,18.0,1.0,1.0,9.0,3.0,4.0,1.0,6.0,2.0,2.0,0.0,1.0,14.0
623,201109,16,1.0,35.0,14.0,3.0,1.0,13.0,5.0,2.0,1.0,8.0,7.0,5.0,1.0,8.0,6.0,10.0,1.0,2.0,1.0,6.0,2.0,7.0,0.0,8.0,5.0,3.0,1.0,2.0,3.0,0.0,1.0,1.0,1.0,4.0
624,201109,17,5.0,14.0,8.0,2.0,1.0,4.0,1.0,1.0,0.0,4.0,5.0,6.0,4.0,8.0,4.0,1.0,3.0,4.0,0.0,7.0,2.0,8.0,1.0,7.0,5.0,3.0,1.0,1.0,5.0,1.0,0.0,1.0,2.0,2.0
625,201109,18,12.0,10.0,1.0,19.0,2.0,12.0,3.0,7.0,0.0,6.0,4.0,9.0,5.0,8.0,103.0,15.0,4.0,3.0,7.0,2.0,2.0,1.0,2.0,10.0,11.0,13.0,4.0,1.0,10.0,1.0,0.0,0.0,4.0,5.0
626,201109,19,10.0,18.0,7.0,14.0,2.0,12.0,2.0,2.0,3.0,8.0,10.0,6.0,4.0,14.0,31.0,20.0,3.0,1.0,2.0,4.0,3.0,2.0,6.0,11.0,12.0,5.0,5.0,2.0,14.0,2.0,0.0,4.0,3.0,4.0
627,201109,20,11.0,2.0,6.0,4.0,1.0,10.0,3.0,3.0,2.0,4.0,0.0,2.0,3.0,7.0,8.0,7.0,2.0,1.0,16.0,18.0,5.0,16.0,4.0,8.0,15.0,4.0,1.0,0.0,2.0,7.0,2.0,3.0,0.0,7.0
628,201109,21,6.0,2.0,6.0,2.0,2.0,8.0,5.0,7.0,6.0,6.0,2.0,9.0,1.0,11.0,2.0,3.0,2.0,2.0,2.0,9.0,0.0,10.0,0.0,5.0,10.0,1.0,2.0,3.0,5.0,1.0,1.0,1.0,1.0,6.0
629,201109,22,17.0,4.0,8.0,7.0,0.0,20.0,5.0,24.0,0.0,11.0,1.0,8.0,4.0,8.0,7.0,7.0,6.0,1.0,0.0,10.0,1.0,15.0,1.0,6.0,15.0,1.0,4.0,2.0,10.0,0.0,3.0,0.0,6.0,6.0
630,201109,23,34.0,4.0,1.0,2.0,1.0,53.0,8.0,68.0,3.0,24.0,1.0,13.0,3.0,3.0,8.0,25.0,0.0,1.0,4.0,17.0,2.0,16.0,2.0,10.0,13.0,4.0,4.0,1.0,15.0,3.0,0.0,0.0,8.0,27.0
631,201109,24,2.0,2.0,0.0,3.0,0.0,5.0,1.0,2.0,0.0,2.0,0.0,3.0,2.0,2.0,2.0,8.0,2.0,0.0,0.0,1.0,1.0,4.0,0.0,1.0,6.0,0.0,1.0,0.0,8.0,1.0,0.0,1.0,2.0,1.0
632,201109,25,24.0,7.0,2.0,4.0,0.0,15.0,5.0,8.0,0.0,8.0,7.0,16.0,1.0,6.0,8.0,12.0,3.0,2.0,1.0,1.0,0.0,2.0,2.0,16.0,5.0,1.0,8.0,0.0,6.0,1.0,1.0,2.0,1.0,3.0
633,201109,26,9.0,17.0,5.0,9.0,1.0,18.0,1.0,31.0,0.0,9.0,7.0,10.0,6.0,7.0,27.0,21.0,7.0,6.0,2.0,11.0,2.0,6.0,1.0,10.0,12.0,3.0,5.0,2.0,7.0,4.0,1.0,1.0,3.0,7.0
634,201109,27,13.0,2.0,9.0,2.0,2.0,33.0,3.0,21.0,1.0,16.0,4.0,10.0,9.0,4.0,9.0,13.0,1.0,1.0,1.0,9.0,3.0,10.0,3.0,7.0,13.0,1.0,4.0,2.0,8.0,6.0,1.0,0.0,5.0,26.0
635,201109,28,14.0,3.0,2.0,5.0,3.0,16.0,8.0,18.0,1.0,14.0,3.0,3.0,6.0,3.0,18.0,10.0,2.0,2.0,3.0,12.0,5.0,11.0,3.0,6.0,6.0,2.0,2.0,2.0,6.0,3.0,1.0,3.0,2.0,18.0
636,201109,29,66.0,15.0,6.0,14.0,2.0,77.0,3.0,30.0,2.0,36.0,52.0,14.0,12.0,11.0,37.0,46.0,6.0,2.0,3.0,14.0,2.0,9.0,3.0,11.0,21.0,7.0,6.0,9.0,21.0,1.0,4.0,2.0,29.0,120.0
637,201109,30,22.0,13.0,2.0,9.0,3.0,22.0,1.0,11.0,0.0,14.0,35.0,19.0,9.0,7.0,43.0,22.0,0.0,3.0,3.0,5.0,0.0,15.0,0.0,15.0,29.0,10.0,5.0,3.0,9.0,2.0,1.0,1.0,2.0,13.0
638,201110,1,19.0,5.0,0.0,7.0,1.0,7.0,1.0,3.0,1.0,5.0,12.0,10.0,3.0,4.0,33.0,13.0,0.0,2.0,2.0,2.0,2.0,6.0,5.0,4.0,9.0,3.0,7.0,0.0,8.0,0.0,0.0,3.0,2.0,2.0
639,201110,2,16.0,9.0,3.0,9.0,0.0,12.0,2.0,17.0,4.0,11.0,7.0,5.0,6.0,1.0,17.0,15.0,2.0,2.0,2.0,2.0,0.0,1.0,0.0,15.0,16.0,9.0,4.0,2.0,10.0,0.0,0.0,2.0,2.0,12.0
640,201110,3,14.0,4.0,6.0,3.0,1.0,7.0,8.0,5.0,4.0,11.0,6.0,4.0,1.0,2.0,13.0,12.0,2.0,2.0,1.0,21.0,4.0,57.0,2.0,7.0,9.0,3.0,3.0,5.0,10.0,3.0,1.0,2.0,3.0,13.0
641,201110,4,4.0,0.0,13.0,1.0,2.0,8.0,4.0,6.0,0.0,2.0,5.0,4.0,1.0,4.0,2.0,7.0,3.0,2.0,1.0,11.0,5.0,23.0,1.0,4.0,12.0,1.0,3.0,3.0,7.0,8.0,2.0,2.0,1.0,8.0
642,201110,5,6.0,5.0,9.0,5.0,0.0,7.0,6.0,3.0,1.0,1.0,5.0,0.0,1.0,4.0,8.0,9.0,2.0,2.0,2.0,15.0,2.0,18.0,3.0,7.0,21.0,3.0,3.0,0.0,3.0,6.0,1.0,5.0,1.0,3.0
643,201110,6,4.0,5.0,7.0,6.0,1.0,27.0,24.0,31.0,0.0,33.0,5.0,16.0,1.0,23.0,5.0,10.0,1.0,1.0,1.0,15.0,4.0,13.0,10.0,8.0,17.0,1.0,10.0,1.0,5.0,3.0,2.0,1.0,3.0,4.0
644,201110,7,3.0,2.0,5.0,9.0,1.0,9.0,9.0,5.0,0.0,7.0,1.0,1.0,5.0,0.0,7.0,10.0,2.0,0.0,2.0,5.0,0.0,4.0,3.0,7.0,6.0,0.0,1.0,0.0,3.0,1.0,0.0,5.0,1.0,6.0
645,201110,8,0.0,6.0,2.0,3.0,2.0,4.0,2.0,2.0,4.0,3.0,0.0,1.0,0.0,13.0,2.0,1.0,8.0,0.0,1.0,4.0,0.0,5.0,0.0,1.0,4.0,0.0,1.0,0.0,2.0,0.0,0.0,2.0,3.0,2.0
646,201110,9,3.0,20.0,2.0,5.0,0.0,3.0,3.0,2.0,4.0,6.0,59.0,5.0,5.0,4.0,3.0,6.0,2.0,7.0,0.0,12.0,1.0,7.0,3.0,6.0,6.0,5.0,4.0,3.0,1.0,0.0,1.0,3.0,2.0,1.0
647,201110,10,2.0,5.0,3.0,2.0,2.0,4.0,8.0,0.0,0.0,5.0,2.0,1.0,4.0,4.0,1.0,3.0,3.0,3.0,1.0,27.0,0.0,45.0,1.0,3.0,0.0,2.0,4.0,1.0,0.0,6.0,0.0,6.0,1.0,1.0
648,201110,11,1.0,0.0,2.0,0.0,1.0,6.0,0.0,3.0,2.0,7.0,3.0,3.0,3.0,2.0,4.0,3.0,3.0,1.0,1.0,10.0,1.0,19.0,1.0,3.0,3.0,3.0,1.0,0.0,4.0,11.0,0.0,1.0,1.0,3.0
649,201110,12,0.0,14.0,2.0,5.0,3.0,10.0,0.0,6.0,3.0,10.0,16.0,7.0,3.0,4.0,3.0,7.0,2.0,4.0,2.0,6.0,1.0,6.0,0.0,7.0,8.0,6.0,2.0,1.0,1.0,1.0,0.0,2.0,1.0,7.0
650,201110,13,33.0,5.0,5.0,7.0,1.0,45.0,2.0,75.0,0.0,22.0,4.0,9.0,4.0,6.0,18.0,24.0,3.0,0.0,2.0,16.0,2.0,3.0,1.0,14.0,18.0,4.0,9.0,5.0,18.0,1.0,0.0,1.0,4.0,48.0
651,201110,14,31.0,4.0,6.0,4.0,1.0,38.0,0.0,24.0,2.0,23.0,5.0,6.0,3.0,11.0,11.0,26.0,1.0,1.0,0.0,24.0,3.0,7.0,2.0,12.0,8.0,5.0,4.0,5.0,12.0,5.0,0.0,1.0,8.0,48.0
652,201110,15,1.0,0.0,1.0,1.0,1.0,3.0,8.0,1.0,0.0,4.0,0.0,2.0,1.0,0.0,2.0,2.0,0.0,1.0,0.0,9.0,2.0,4.0,1.0,4.0,1.0,1.0,6.0,1.0,0.0,0.0,0.0,2.0,0.0,1.0
653,201110,16,3.0,2.0,2.0,1.0,0.0,7.0,2.0,10.0,0.0,3.0,2.0,8.0,1.0,3.0,3.0,9.0,1.0,0.0,3.0,6.0,2.0,0.0,3.0,5.0,2.0,0.0,1.0,0.0,5.0,1.0,0.0,0.0,1.0,5.0
654,201110,17,11.0,19.0,5.0,4.0,2.0,9.0,2.0,3.0,0.0,5.0,23.0,6.0,6.0,7.0,11.0,13.0,9.0,1.0,0.0,14.0,3.0,14.0,3.0,6.0,7.0,3.0,2.0,2.0,4.0,6.0,0.0,1.0,1.0,2.0
655,201110,18,2.0,2.0,7.0,0.0,1.0,3.0,1.0,4.0,0.0,5.0,0.0,4.0,9.0,4.0,3.0,4.0,5.0,2.0,2.0,21.0,5.0,22.0,2.0,1.0,6.0,3.0,4.0,0.0,1.0,6.0,0.0,2.0,2.0,3.0
656,201110,19,37.0,4.0,3.0,10.0,0.0,43.0,2.0,64.0,1.0,29.0,5.0,21.0,11.0,7.0,86.0,28.0,4.0,2.0,8.0,16.0,5.0,14.0,1.0,10.0,22.0,7.0,10.0,6.0,17.0,3.0,1.0,5.0,7.0,47.0
657,201110,20,7.0,2.0,3.0,9.0,1.0,12.0,1.0,18.0,5.0,10.0,0.0,6.0,1.0,3.0,8.0,18.0,3.0,0.0,3.0,10.0,0.0,18.0,1.0,10.0,3.0,3.0,4.0,2.0,6.0,1.0,0.0,2.0,2.0,13.0
658,201110,21,4.0,4.0,15.0,7.0,2.0,7.0,2.0,3.0,0.0,5.0,3.0,11.0,3.0,6.0,8.0,5.0,1.0,0.0,1.0,6.0,2.0,5.0,8.0,1.0,9.0,5.0,2.0,0.0,4.0,6.0,0.0,6.0,1.0,3.0
659,201110,22,2.0,2.0,5.0,1.0,1.0,2.0,2.0,1.0,0.0,5.0,2.0,5.0,1.0,3.0,6.0,3.0,4.0,1.0,2.0,21.0,2.0,7.0,0.0,1.0,4.0,0.0,1.0,1.0,2.0,10.0,0.0,5.0,1.0,1.0
660,201110,23,7.0,5.0,0.0,3.0,0.0,10.0,1.0,5.0,0.0,7.0,3.0,6.0,4.0,0.0,5.0,4.0,1.0,0.0,1.0,4.0,1.0,3.0,0.0,0.0,3.0,1.0,1.0,1.0,5.0,2.0,0.0,0.0,0.0,7.0
661,201110,24,5.0,93.0,6.0,7.0,3.0,11.0,2.0,6.0,0.0,8.0,23.0,6.0,5.0,4.0,11.0,7.0,2.0,6.0,6.0,11.0,2.0,14.0,2.0,16.0,11.0,6.0,4.0,0.0,4.0,3.0,1.0,7.0,2.0,4.0
662,201110,25,3.0,8.0,9.0,8.0,0.0,6.0,6.0,2.0,12.0,4.0,5.0,5.0,8.0,6.0,3.0,6.0,3.0,2.0,2.0,15.0,7.0,20.0,5.0,7.0,15.0,12.0,5.0,1.0,3.0,4.0,2.0,2.0,1.0,3.0
663,201110,26,4.0,8.0,13.0,12.0,1.0,12.0,4.0,11.0,3.0,5.0,5.0,4.0,0.0,50.0,9.0,4.0,0.0,1.0,4.0,10.0,5.0,13.0,5.0,5.0,9.0,5.0,5.0,3.0,6.0,4.0,1.0,4.0,2.0,6.0
664,201110,27,36.0,10.0,5.0,9.0,1.0,19.0,5.0,12.0,2.0,11.0,4.0,4.0,4.0,4.0,12.0,15.0,3.0,3.0,4.0,9.0,1.0,8.0,3.0,8.0,15.0,4.0,1.0,1.0,9.0,3.0,1.0,0.0,7.0,30.0
665,201110,28,2.0,5.0,6.0,4.0,0.0,4.0,1.0,2.0,4.0,7.0,2.0,3.0,2.0,1.0,13.0,11.0,2.0,1.0,1.0,4.0,1.0,8.0,2.0,11.0,14.0,3.0,1.0,0.0,4.0,1.0,0.0,1.0,0.0,1.0
666,201110,29,165.0,11.0,7.0,13.0,10.0,77.0,6.0,100.0,0.0,37.0,12.0,30.0,29.0,17.0,49.0,54.0,18.0,1.0,9.0,13.0,8.0,9.0,3.0,13.0,21.0,9.0,38.0,20.0,47.0,1.0,22.0,2.0,101.0,63.0
667,201110,30,63.0,6.0,6.0,7.0,2.0,113.0,9.0,15.0,0.0,17.0,5.0,7.0,3.0,1.0,11.0,24.0,5.0,3.0,2.0,7.0,3.0,10.0,2.0,4.0,13.0,4.0,10.0,5.0,15.0,2.0,7.0,1.0,17.0,31.0
668,201110,31,6.0,9.0,2.0,1.0,5.0,21.0,8.0,3.0,1.0,6.0,4.0,4.0,2.0,1.0,0.0,6.0,5.0,2.0,2.0,17.0,3.0,14.0,2.0,3.0,4.0,1.0,1.0,0.0,7.0,5.0,4.0,8.0,1.0,6.0
669,201111,1,2.0,14.0,8.0,2.0,0.0,7.0,2.0,5.0,14.0,6.0,5.0,4.0,2.0,8.0,1.0,2.0,0.0,3.0,1.0,12.0,3.0,12.0,4.0,10.0,10.0,0.0,1.0,1.0,4.0,2.0,0.0,4.0,0.0,6.0
670,201111,2,6.0,5.0,12.0,5.0,0.0,15.0,8.0,2.0,3.0,1.0,1.0,0.0,1.0,32.0,8.0,3.0,3.0,1.0,3.0,14.0,3.0,13.0,5.0,6.0,6.0,3.0,2.0,0.0,3.0,4.0,0.0,2.0,3.0,6.0
671,201111,3,2.0,6.0,5.0,2.0,1.0,8.0,1.0,5.0,4.0,3.0,5.0,7.0,2.0,3.0,8.0,9.0,1.0,3.0,4.0,4.0,2.0,6.0,1.0,7.0,7.0,3.0,0.0,2.0,4.0,1.0,1.0,1.0,1.0,3.0
672,201111,4,1.0,3.0,4.0,2.0,0.0,5.0,4.0,2.0,1.0,2.0,3.0,5.0,2.0,2.0,1.0,5.0,1.0,2.0,0.0,6.0,2.0,5.0,8.0,2.0,2.0,0.0,1.0,0.0,2.0,1.0,1.0,6.0,1.0,0.0
673,201111,5,5.0,3.0,7.0,0.0,0.0,5.0,0.0,3.0,0.0,1.0,0.0,8.0,0.0,18.0,1.0,2.0,0.0,0.0,0.0,1.0,0.0,4.0,3.0,3.0,2.0,0.0,1.0,1.0,2.0,1.0,0.0,0.0,0.0,3.0
674,201111,6,2.0,1.0,4.0,3.0,0.0,3.0,2.0,2.0,3.0,6.0,1.0,2.0,1.0,3.0,1.0,0.0,0.0,0.0,0.0,12.0,0.0,2.0,3.0,0.0,2.0,0.0,2.0,1.0,5.0,1.0,0.0,0.0,0.0,5.0
675,201111,7,14.0,7.0,0.0,1.0,2.0,14.0,5.0,30.0,6.0,15.0,2.0,8.0,1.0,7.0,9.0,8.0,1.0,2.0,0.0,3.0,0.0,6.0,5.0,1.0,4.0,2.0,3.0,3.0,4.0,1.0,1.0,4.0,1.0,13.0
676,201111,8,4.0,26.0,8.0,17.0,0.0,7.0,4.0,2.0,7.0,4.0,5.0,4.0,6.0,4.0,78.0,9.0,5.0,1.0,7.0,10.0,2.0,8.0,5.0,16.0,14.0,9.0,6.0,4.0,4.0,2.0,0.0,1.0,4.0,3.0
677,201111,9,10.0,6.0,1.0,12.0,2.0,21.0,5.0,18.0,13.0,19.0,2.0,7.0,6.0,4.0,17.0,19.0,11.0,2.0,2.0,5.0,0.0,3.0,0.0,4.0,12.0,2.0,3.0,4.0,7.0,0.0,3.0,4.0,1.0,67.0
678,201111,10,17.0,5.0,0.0,10.0,2.0,73.0,2.0,131.0,6.0,49.0,4.0,22.0,11.0,3.0,20.0,29.0,1.0,1.0,5.0,4.0,0.0,8.0,1.0,11.0,24.0,6.0,12.0,8.0,24.0,2.0,2.0,3.0,13.0,115.0
679,201111,11,8.0,3.0,5.0,8.0,0.0,17.0,7.0,8.0,9.0,10.0,2.0,15.0,9.0,5.0,4.0,8.0,0.0,1.0,3.0,30.0,3.0,65.0,6.0,7.0,6.0,3.0,4.0,2.0,4.0,8.0,0.0,6.0,1.0,22.0
680,201111,12,1.0,2.0,3.0,3.0,0.0,8.0,1.0,2.0,3.0,0.0,1.0,6.0,0.0,2.0,2.0,3.0,0.0,0.0,1.0,4.0,1.0,6.0,6.0,5.0,5.0,3.0,0.0,0.0,2.0,2.0,0.0,5.0,1.0,2.0
681,201111,13,0.0,1.0,9.0,3.0,1.0,10.0,2.0,0.0,1.0,2.0,0.0,5.0,2.0,7.0,6.0,9.0,1.0,1.0,0.0,6.0,1.0,6.0,0.0,5.0,3.0,2.0,2.0,1.0,2.0,1.0,0.0,2.0,0.0,2.0
682,201111,14,5.0,5.0,1.0,6.0,1.0,13.0,2.0,6.0,3.0,4.0,5.0,1.0,3.0,5.0,28.0,21.0,0.0,3.0,6.0,5.0,0.0,3.0,1.0,5.0,12.0,3.0,1.0,1.0,4.0,3.0,1.0,0.0,1.0,8.0
683,201111,15,3.0,12.0,7.0,4.0,4.0,4.0,5.0,4.0,5.0,7.0,13.0,7.0,5.0,8.0,5.0,11.0,0.0,3.0,2.0,7.0,1.0,7.0,3.0,7.0,10.0,2.0,3.0,1.0,2.0,1.0,1.0,5.0,1.0,9.0
684,201111,16,12.0,6.0,5.0,2.0,1.0,30.0,3.0,39.0,9.0,12.0,4.0,11.0,3.0,3.0,7.0,6.0,1.0,4.0,6.0,9.0,3.0,8.0,2.0,7.0,8.0,2.0,6.0,2.0,8.0,1.0,2.0,3.0,2.0,15.0
685,201111,17,15.0,12.0,5.0,4.0,0.0,15.0,6.0,9.0,3.0,9.0,3.0,8.0,3.0,4.0,7.0,5.0,1.0,3.0,7.0,16.0,4.0,28.0,4.0,10.0,9.0,4.0,1.0,1.0,3.0,10.0,2.0,2.0,0.0,11.0
686,201111,18,4.0,3.0,3.0,12.0,1.0,9.0,10.0,5.0,1.0,9.0,5.0,2.0,4.0,4.0,36.0,6.0,3.0,5.0,3.0,9.0,5.0,20.0,11.0,6.0,7.0,5.0,2.0,1.0,3.0,1.0,1.0,3.0,1.0,10.0
687,201111,19,1.0,2.0,3.0,5.0,2.0,1.0,0.0,0.0,2.0,2.0,0.0,1.0,1.0,7.0,2.0,0.0,2.0,0.0,0.0,6.0,0.0,4.0,3.0,4.0,3.0,1.0,1.0,0.0,0.0,0.0,0.0,1.0,2.0,1.0
688,201111,20,1.0,1.0,6.0,2.0,0.0,4.0,1.0,0.0,4.0,0.0,5.0,10.0,5.0,2.0,2.0,7.0,0.0,0.0,0.0,8.0,2.0,14.0,3.0,8.0,6.0,2.0,2.0,2.0,1.0,1.0,1.0,0.0,2.0,2.0
689,201111,21,6.0,24.0,13.0,8.0,0.0,3.0,2.0,1.0,4.0,5.0,6.0,8.0,10.0,1.0,10.0,6.0,1.0,4.0,5.0,7.0,1.0,3.0,5.0,15.0,15.0,5.0,4.0,0.0,9.0,0.0,0.0,3.0,2.0,10.0
690,201111,22,14.0,7.0,8.0,3.0,3.0,24.0,1.0,55.0,7.0,15.0,4.0,25.0,9.0,5.0,14.0,13.0,1.0,2.0,2.0,11.0,1.0,5.0,7.0,6.0,18.0,3.0,4.0,1.0,26.0,3.0,1.0,5.0,2.0,19.0
691,201111,23,8.0,2.0,5.0,2.0,0.0,15.0,2.0,10.0,3.0,13.0,0.0,15.0,1.0,1.0,7.0,13.0,1.0,0.0,1.0,6.0,0.0,13.0,0.0,7.0,10.0,3.0,0.0,0.0,6.0,3.0,1.0,2.0,2.0,23.0
692,201111,24,0.0,0.0,0.0,2.0,1.0,0.0,0.0,0.0,1.0,1.0,1.0,0.0,2.0,0.0,1.0,2.0,2.0,1.0,1.0,0.0,0.0,0.0,0.0,0.0,6.0,3.0,1.0,0.0,0.0,1.0,0.0,13.0,0.0,0.0
693,201111,25,2.0,1.0,0.0,1.0,0.0,2.0,3.0,0.0,1.0,2.0,2.0,2.0,0.0,1.0,3.0,0.0,2.0,0.0,0.0,3.0,1.0,4.0,0.0,3.0,1.0,2.0,0.0,1.0,0.0,0.0,0.0,4.0,1.0,0.0
694,201111,26,4.0,1.0,0.0,4.0,0.0,5.0,2.0,2.0,1.0,2.0,0.0,1.0,4.0,1.0,5.0,3.0,2.0,0.0,0.0,7.0,1.0,5.0,0.0,2.0,4.0,1.0,1.0,0.0,2.0,2.0,1.0,4.0,0.0,0.0
695,201111,27,2.0,1.0,8.0,2.0,0.0,8.0,5.0,6.0,0.0,5.0,6.0,2.0,2.0,4.0,6.0,8.0,1.0,0.0,4.0,13.0,3.0,39.0,1.0,6.0,8.0,0.0,0.0,1.0,1.0,3.0,0.0,1.0,0.0,1.0
696,201111,28,4.0,3.0,3.0,2.0,2.0,3.0,7.0,5.0,0.0,4.0,7.0,6.0,8.0,0.0,4.0,1.0,0.0,1.0,1.0,17.0,3.0,32.0,1.0,8.0,6.0,2.0,2.0,1.0,5.0,2.0,2.0,3.0,2.0,4.0
697,201111,29,23.0,8.0,12.0,38.0,2.0,35.0,15.0,23.0,4.0,28.0,8.0,13.0,15.0,5.0,290.0,36.0,3.0,2.0,23.0,43.0,7.0,101.0,7.0,16.0,36.0,23.0,7.0,7.0,11.0,7.0,1.0,5.0,7.0,22.0
698,201111,30,7.0,6.0,4.0,3.0,0.0,8.0,6.0,5.0,9.0,5.0,3.0,4.0,2.0,8.0,15.0,12.0,5.0,4.0,5.0,38.0,4.0,29.0,6.0,5.0,9.0,4.0,2.0,1.0,6.0,8.0,1.0,6.0,1.0,7.0
699,201112,1,2.0,13.0,31.0,6.0,1.0,9.0,7.0,6.0,1.0,2.0,7.0,5.0,7.0,42.0,12.0,5.0,4.0,0.0,0.0,21.0,3.0,10.0,12.0,9.0,13.0,7.0,2.0,1.0,3.0,8.0,0.0,0.0,1.0,0.0
700,201112,2,3.0,15.0,18.0,4.0,3.0,5.0,11.0,2.0,0.0,5.0,5.0,4.0,3.0,5.0,5.0,2.0,3.0,1.0,1.0,17.0,0.0,9.0,1.0,3.0,3.0,3.0,4.0,2.0,5.0,3.0,1.0,3.0,0.0,3.0
701,201112,3,0.0,2.0,2.0,12.0,0.0,1.0,9.0,3.0,10.0,4.0,1.0,5.0,3.0,9.0,15.0,3.0,1.0,3.0,3.0,5.0,0.0,7.0,1.0,0.0,2.0,1.0,1.0,0.0,2.0,0.0,0.0,0.0,0.0,1.0
702,201112,4,3.0,8.0,4.0,14.0,1.0,9.0,4.0,0.0,15.0,3.0,4.0,3.0,0.0,9.0,0.0,0.0,1.0,0.0,0.0,5.0,0.0,6.0,6.0,11.0,6.0,3.0,2.0,3.0,4.0,1.0,0.0,1.0,2.0,8.0
703,201112,5,13.0,20.0,11.0,8.0,4.0,33.0,6.0,29.0,3.0,20.0,13.0,9.0,4.0,8.0,11.0,12.0,2.0,3.0,4.0,10.0,1.0,13.0,2.0,8.0,16.0,4.0,5.0,5.0,8.0,3.0,0.0,0.0,24.0,16.0
704,201112,6,21.0,5.0,7.0,7.0,3.0,42.0,17.0,43.0,2.0,14.0,4.0,9.0,10.0,7.0,9.0,8.0,2.0,1.0,7.0,8.0,6.0,11.0,3.0,7.0,16.0,8.0,5.0,3.0,9.0,4.0,2.0,1.0,4.0,16.0
705,201112,7,19.0,6.0,6.0,8.0,1.0,33.0,6.0,54.0,8.0,20.0,3.0,10.0,9.0,5.0,13.0,17.0,4.0,0.0,2.0,19.0,4.0,21.0,0.0,10.0,20.0,4.0,3.0,7.0,21.0,4.0,1.0,0.0,1.0,37.0
706,201112,8,11.0,8.0,5.0,10.0,4.0,16.0,3.0,7.0,0.0,5.0,3.0,7.0,12.0,3.0,14.0,12.0,2.0,1.0,3.0,8.0,2.0,9.0,3.0,9.0,9.0,7.0,4.0,0.0,9.0,3.0,0.0,4.0,1.0,16.0
707,201112,9,4.0,5.0,9.0,10.0,5.0,5.0,7.0,3.0,2.0,3.0,5.0,8.0,2.0,26.0,15.0,8.0,2.0,1.0,6.0,5.0,1.0,12.0,9.0,5.0,5.0,3.0,2.0,2.0,5.0,3.0,1.0,0.0,3.0,2.0
708,201112,10,3.0,7.0,2.0,3.0,0.0,2.0,8.0,1.0,8.0,2.0,2.0,2.0,3.0,1.0,3.0,3.0,5.0,0.0,2.0,2.0,0.0,1.0,2.0,2.0,4.0,2.0,1.0,0.0,2.0,1.0,0.0,1.0,0.0,2.0
709,201112,11,0.0,2.0,5.0,4.0,0.0,7.0,3.0,0.0,20.0,4.0,4.0,4.0,0.0,3.0,2.0,2.0,0.0,3.0,0.0,2.0,0.0,3.0,2.0,2.0,4.0,2.0,2.0,0.0,3.0,0.0,0.0,3.0,0.0,3.0
710,201112,12,2.0,18.0,4.0,8.0,1.0,11.0,0.0,4.0,0.0,7.0,11.0,3.0,0.0,6.0,9.0,3.0,2.0,1.0,0.0,10.0,2.0,6.0,2.0,6.0,3.0,0.0,1.0,0.0,1.0,5.0,1.0,3.0,4.0,5.0
711,201112,13,8.0,25.0,9.0,15.0,1.0,15.0,4.0,5.0,2.0,8.0,10.0,2.0,2.0,4.0,12.0,3.0,5.0,7.0,4.0,7.0,5.0,15.0,5.0,7.0,6.0,2.0,2.0,3.0,5.0,7.0,2.0,0.0,2.0,8.0
712,201112,14,11.0,10.0,10.0,41.0,0.0,15.0,4.0,3.0,4.0,6.0,4.0,1.0,13.0,3.0,111.0,14.0,1.0,1.0,7.0,8.0,4.0,15.0,1.0,8.0,20.0,10.0,2.0,1.0,6.0,5.0,1.0,1.0,1.0,8.0
713,201112,15,21.0,13.0,3.0,11.0,1.0,12.0,9.0,15.0,0.0,15.0,6.0,8.0,3.0,5.0,12.0,9.0,2.0,0.0,1.0,14.0,0.0,18.0,1.0,5.0,17.0,1.0,6.0,1.0,7.0,2.0,0.0,3.0,2.0,8.0
714,201112,16,4.0,10.0,4.0,7.0,1.0,6.0,13.0,1.0,0.0,4.0,8.0,2.0,3.0,4.0,8.0,6.0,4.0,4.0,1.0,7.0,2.0,8.0,1.0,7.0,6.0,0.0,1.0,1.0,0.0,2.0,1.0,5.0,0.0,2.0
715,201112,17,6.0,1.0,1.0,5.0,5.0,4.0,9.0,5.0,1.0,1.0,3.0,6.0,3.0,4.0,2.0,12.0,7.0,1.0,0.0,4.0,1.0,8.0,3.0,13.0,7.0,3.0,2.0,0.0,2.0,1.0,1.0,0.0,1.0,4.0
716,201112,18,4.0,5.0,10.0,7.0,3.0,10.0,8.0,6.0,14.0,5.0,6.0,2.0,3.0,6.0,4.0,10.0,2.0,0.0,0.0,4.0,1.0,9.0,2.0,13.0,4.0,1.0,4.0,2.0,3.0,1.0,0.0,1.0,1.0,9.0
717,201112,19,5.0,33.0,24.0,6.0,1.0,4.0,7.0,5.0,2.0,8.0,7.0,7.0,3.0,9.0,8.0,7.0,3.0,5.0,0.0,11.0,3.0,9.0,5.0,18.0,9.0,4.0,4.0,2.0,4.0,0.0,0.0,5.0,0.0,3.0
718,201112,20,15.0,13.0,9.0,5.0,2.0,10.0,6.0,8.0,3.0,4.0,4.0,4.0,4.0,9.0,10.0,13.0,6.0,1.0,1.0,9.0,1.0,10.0,5.0,6.0,16.0,4.0,2.0,1.0,3.0,2.0,2.0,1.0,2.0,3.0
719,201112,21,37.0,9.0,4.0,4.0,6.0,34.0,4.0,65.0,0.0,25.0,8.0,13.0,9.0,31.0,11.0,16.0,4.0,1.0,2.0,20.0,3.0,12.0,11.0,12.0,14.0,8.0,4.0,6.0,9.0,1.0,4.0,0.0,4.0,15.0
720,201112,22,8.0,7.0,6.0,7.0,9.0,7.0,6.0,12.0,1.0,9.0,13.0,8.0,19.0,50.0,20.0,9.0,5.0,2.0,0.0,11.0,2.0,6.0,11.0,13.0,5.0,1.0,2.0,1.0,9.0,1.0,2.0,2.0,1.0,7.0
721,201112,23,3.0,11.0,13.0,3.0,3.0,10.0,0.0,3.0,1.0,5.0,5.0,12.0,6.0,6.0,7.0,8.0,1.0,1.0,0.0,12.0,2.0,10.0,3.0,8.0,13.0,2.0,3.0,2.0,6.0,2.0,2.0,3.0,3.0,5.0
722,201112,24,3.0,6.0,3.0,2.0,1.0,4.0,5.0,2.0,2.0,1.0,3.0,0.0,2.0,4.0,2.0,3.0,3.0,3.0,0.0,3.0,1.0,3.0,3.0,6.0,28.0,0.0,3.0,3.0,4.0,0.0,0.0,0.0,2.0,0.0
723,201112,25,1.0,6.0,1.0,2.0,0.0,3.0,0.0,1.0,1.0,2.0,26.0,3.0,1.0,2.0,1.0,4.0,3.0,1.0,0.0,0.0,2.0,4.0,0.0,3.0,2.0,2.0,1.0,0.0,3.0,1.0,3.0,9.0,1.0,0.0
724,201112,26,8.0,3.0,0.0,2.0,1.0,5.0,7.0,3.0,4.0,4.0,21.0,4.0,8.0,1.0,4.0,3.0,2.0,3.0,0.0,9.0,0.0,30.0,1.0,4.0,5.0,1.0,3.0,0.0,4.0,3.0,3.0,4.0,0.0,3.0
725,201112,27,49.0,4.0,2.0,7.0,7.0,35.0,2.0,33.0,1.0,28.0,8.0,25.0,30.0,6.0,18.0,32.0,5.0,2.0,3.0,9.0,0.0,13.0,1.0,5.0,21.0,5.0,6.0,8.0,18.0,2.0,0.0,4.0,23.0,9.0
726,201112,28,7.0,10.0,5.0,5.0,2.0,11.0,5.0,11.0,2.0,6.0,6.0,7.0,4.0,6.0,5.0,15.0,1.0,3.0,3.0,6.0,2.0,9.0,5.0,13.0,8.0,2.0,5.0,3.0,5.0,2.0,0.0,2.0,1.0,5.0
727,201112,29,3.0,26.0,9.0,6.0,8.0,7.0,6.0,2.0,0.0,4.0,70.0,8.0,2.0,12.0,13.0,10.0,4.0,7.0,1.0,33.0,3.0,54.0,10.0,15.0,11.0,5.0,5.0,3.0,4.0,11.0,3.0,2.0,1.0,4.0
728,201112,30,3.0,8.0,13.0,6.0,0.0,6.0,9.0,2.0,3.0,4.0,8.0,6.0,4.0,8.0,17.0,4.0,2.0,6.0,3.0,103.0,4.0,81.0,8.0,7.0,8.0,2.0,1.0,1.0,3.0,22.0,0.0,1.0,1.0,1.0
729,201112,31,0.0,20.0,13.0,6.0,1.0,4.0,4.0,6.0,1.0,1.0,80.0,3.0,4.0,85.0,16.0,4.0,8.0,10.0,2.0,36.0,6.0,22.0,3.0,10.0,8.0,7.0,5.0,0.0,6.0,26.0,1.0,2.0,1.0,0.0
730,201201,1,3.0,8.0,6.0,3.0,3.0,6.0,4.0,5.0,11.0,4.0,8.0,5.0,2.0,8.0,9.0,4.0,2.0,2.0,1.0,32.0,4.0,17.0,1.0,4.0,0.0,1.0,7.0,0.0,2.0,17.0,1.0,8.0,1.0,2.0
731,201201,2,23.0,7.0,6.0,7.0,3.0,17.0,5.0,6.0,4.0,14.0,3.0,7.0,3.0,4.0,21.0,84.0,3.0,2.0,9.0,25.0,4.0,20.0,0.0,0.0,20.0,3.0,9.0,4.0,10.0,35.0,3.0,8.0,1.0,3.0
732,201201,3,11.0,8.0,3.0,3.0,3.0,11.0,7.0,9.0,3.0,5.0,2.0,8.0,3.0,0.0,8.0,26.0,5.0,4.0,2.0,23.0,0.0,41.0,2.0,9.0,14.0,3.0,4.0,1.0,4.0,24.0,1.0,4.0,1.0,3.0
733,201201,4,8.0,8.0,8.0,6.0,2.0,9.0,3.0,3.0,1.0,8.0,4.0,1.0,1.0,4.0,13.0,11.0,1.0,1.0,4.0,14.0,0.0,11.0,3.0,3.0,8.0,0.0,0.0,2.0,4.0,3.0,0.0,0.0,1.0,5.0
734,201201,5,3.0,4.0,11.0,7.0,0.0,9.0,6.0,3.0,4.0,7.0,1.0,0.0,1.0,6.0,8.0,5.0,2.0,2.0,1.0,7.0,4.0,8.0,4.0,5.0,9.0,1.0,1.0,1.0,1.0,1.0,0.0,4.0,1.0,5.0
735,201201,6,1.0,5.0,1.0,1.0,12.0,3.0,4.0,0.0,2.0,2.0,4.0,5.0,9.0,5.0,0.0,4.0,1.0,2.0,1.0,7.0,2.0,5.0,0.0,6.0,8.0,4.0,2.0,0.0,2.0,1.0,0.0,5.0,0.0,2.0
736,201201,7,2.0,4.0,0.0,2.0,11.0,1.0,0.0,3.0,2.0,3.0,4.0,5.0,2.0,25.0,5.0,1.0,2.0,2.0,0.0,6.0,2.0,6.0,1.0,4.0,3.0,0.0,2.0,1.0,1.0,0.0,0.0,0.0,0.0,2.0
737,201201,8,2.0,32.0,0.0,2.0,2.0,2.0,13.0,6.0,3.0,5.0,7.0,3.0,5.0,2.0,6.0,6.0,1.0,3.0,4.0,7.0,4.0,8.0,5.0,5.0,3.0,0.0,1.0,1.0,4.0,4.0,0.0,1.0,2.0,6.0
738,201201,9,5.0,53.0,3.0,3.0,5.0,9.0,8.0,5.0,2.0,19.0,69.0,8.0,6.0,2.0,2.0,10.0,5.0,8.0,0.0,5.0,2.0,10.0,2.0,6.0,4.0,5.0,5.0,1.0,5.0,0.0,0.0,2.0,1.0,9.0
739,201201,10,5.0,21.0,6.0,2.0,0.0,8.0,10.0,2.0,12.0,5.0,5.0,10.0,3.0,2.0,1.0,4.0,2.0,1.0,0.0,9.0,1.0,8.0,1.0,8.0,2.0,1.0,3.0,1.0,4.0,2.0,1.0,3.0,2.0,11.0
740,201201,11,4.0,4.0,7.0,3.0,3.0,9.0,2.0,4.0,0.0,6.0,0.0,7.0,4.0,17.0,6.0,5.0,7.0,2.0,0.0,11.0,3.0,6.0,6.0,3.0,9.0,2.0,5.0,2.0,2.0,2.0,0.0,0.0,0.0,2.0
741,201201,12,20.0,14.0,10.0,45.0,3.0,53.0,4.0,50.0,5.0,37.0,9.0,12.0,14.0,8.0,246.0,41.0,11.0,2.0,86.0,18.0,4.0,10.0,2.0,18.0,35.0,30.0,15.0,7.0,11.0,2.0,3.0,1.0,1.0,56.0
742,201201,13,38.0,7.0,1.0,16.0,3.0,43.0,1.0,28.0,1.0,28.0,1.0,7.0,10.0,1.0,33.0,128.0,4.0,1.0,19.0,6.0,2.0,8.0,0.0,10.0,22.0,6.0,3.0,5.0,11.0,2.0,4.0,1.0,3.0,49.0
743,201201,14,2.0,7.0,0.0,1.0,0.0,2.0,1.0,1.0,0.0,2.0,2.0,0.0,2.0,0.0,6.0,8.0,3.0,1.0,0.0,3.0,2.0,3.0,1.0,8.0,2.0,2.0,0.0,3.0,2.0,2.0,1.0,0.0,0.0,0.0
744,201201,15,1.0,7.0,2.0,1.0,2.0,8.0,2.0,5.0,7.0,3.0,0.0,3.0,1.0,2.0,4.0,3.0,1.0,0.0,0.0,11.0,3.0,14.0,2.0,4.0,7.0,2.0,2.0,1.0,2.0,1.0,0.0,3.0,2.0,3.0
745,201201,16,6.0,15.0,1.0,1.0,2.0,10.0,12.0,7.0,5.0,9.0,2.0,5.0,4.0,39.0,2.0,12.0,2.0,0.0,2.0,6.0,1.0,7.0,2.0,3.0,5.0,0.0,1.0,0.0,2.0,1.0,0.0,8.0,3.0,5.0
746,201201,17,13.0,9.0,3.0,15.0,2.0,17.0,11.0,11.0,3.0,17.0,4.0,4.0,7.0,12.0,54.0,18.0,0.0,0.0,7.0,4.0,4.0,11.0,3.0,6.0,13.0,3.0,1.0,1.0,9.0,2.0,1.0,1.0,0.0,10.0
747,201201,18,17.0,8.0,11.0,2.0,2.0,19.0,93.0,13.0,7.0,11.0,4.0,3.0,9.0,7.0,6.0,9.0,3.0,4.0,2.0,25.0,4.0,25.0,27.0,9.0,8.0,4.0,6.0,3.0,9.0,5.0,0.0,2.0,4.0,7.0
748,201201,19,11.0,15.0,19.0,13.0,0.0,17.0,302.0,12.0,34.0,5.0,4.0,1.0,13.0,25.0,15.0,20.0,2.0,3.0,7.0,41.0,10.0,78.0,36.0,3.0,11.0,4.0,3.0,4.0,5.0,7.0,1.0,2.0,3.0,8.0
749,201201,20,27.0,23.0,18.0,80.0,5.0,32.0,82.0,11.0,17.0,29.0,22.0,21.0,41.0,25.0,417.0,95.0,11.0,6.0,94.0,45.0,14.0,105.0,25.0,36.0,71.0,38.0,20.0,10.0,16.0,12.0,9.0,4.0,5.0,32.0
750,201201,21,78.0,22.0,3.0,14.0,8.0,49.0,4.0,78.0,5.0,49.0,5.0,23.0,71.0,35.0,39.0,51.0,12.0,3.0,7.0,16.0,6.0,22.0,18.0,17.0,42.0,8.0,24.0,26.0,60.0,17.0,3.0,2.0,37.0,58.0
751,201201,22,11.0,70.0,11.0,26.0,6.0,16.0,11.0,3.0,2.0,12.0,8.0,11.0,20.0,11.0,138.0,24.0,1.0,5.0,16.0,26.0,3.0,75.0,5.0,21.0,31.0,14.0,4.0,5.0,14.0,4.0,4.0,0.0,2.0,9.0
752,201201,23,54.0,17.0,8.0,21.0,6.0,43.0,11.0,68.0,0.0,69.0,10.0,31.0,26.0,7.0,54.0,41.0,5.0,2.0,12.0,22.0,1.0,55.0,14.0,11.0,23.0,8.0,25.0,13.0,44.0,4.0,1.0,8.0,3.0,57.0
753,201201,24,10.0,34.0,10.0,7.0,5.0,28.0,8.0,8.0,3.0,25.0,8.0,14.0,4.0,9.0,10.0,5.0,3.0,2.0,1.0,11.0,2.0,19.0,10.0,8.0,9.0,4.0,13.0,0.0,16.0,4.0,0.0,1.0,3.0,15.0
754,201201,25,10.0,115.0,15.0,8.0,4.0,11.0,4.0,5.0,3.0,13.0,143.0,4.0,7.0,9.0,6.0,11.0,3.0,17.0,3.0,11.0,1.0,17.0,6.0,20.0,5.0,10.0,2.0,1.0,8.0,8.0,5.0,0.0,2.0,7.0
755,201201,26,6.0,12.0,8.0,4.0,2.0,13.0,10.0,4.0,3.0,9.0,8.0,4.0,5.0,13.0,25.0,11.0,4.0,0.0,4.0,16.0,3.0,42.0,9.0,5.0,13.0,4.0,2.0,2.0,4.0,4.0,1.0,0.0,3.0,13.0
756,201201,27,32.0,14.0,1.0,7.0,0.0,29.0,3.0,9.0,0.0,17.0,3.0,7.0,9.0,6.0,17.0,18.0,1.0,3.0,5.0,4.0,1.0,11.0,3.0,9.0,15.0,6.0,2.0,2.0,9.0,1.0,2.0,0.0,5.0,63.0
757,201201,28,3.0,2.0,2.0,4.0,3.0,4.0,2.0,2.0,4.0,3.0,1.0,1.0,2.0,1.0,9.0,2.0,1.0,2.0,1.0,5.0,1.0,9.0,0.0,4.0,3.0,1.0,1.0,2.0,3.0,1.0,2.0,1.0,1.0,5.0
758,201201,29,2.0,5.0,4.0,3.0,0.0,5.0,0.0,3.0,2.0,5.0,2.0,3.0,3.0,1.0,2.0,16.0,5.0,2.0,1.0,1.0,1.0,2.0,1.0,6.0,4.0,0.0,0.0,1.0,2.0,0.0,1.0,0.0,1.0,3.0
759,201201,30,7.0,7.0,10.0,5.0,0.0,6.0,6.0,5.0,7.0,3.0,4.0,1.0,3.0,5.0,4.0,8.0,4.0,1.0,0.0,11.0,5.0,11.0,2.0,2.0,7.0,3.0,1.0,1.0,3.0,0.0,0.0,8.0,0.0,1.0
760,201201,31,5.0,4.0,5.0,6.0,1.0,5.0,8.0,6.0,0.0,5.0,2.0,4.0,3.0,3.0,3.0,3.0,1.0,1.0,2.0,18.0,5.0,37.0,0.0,3.0,4.0,1.0,3.0,2.0,4.0,4.0,0.0,1.0,4.0,3.0
761,201202,1,4.0,5.0,10.0,19.0,3.0,8.0,5.0,1.0,7.0,4.0,6.0,5.0,5.0,3.0,18.0,4.0,1.0,2.0,8.0,23.0,5.0,28.0,1.0,3.0,5.0,1.0,3.0,3.0,4.0,6.0,0.0,2.0,2.0,8.0
762,201202,2,5.0,15.0,9.0,31.0,2.0,9.0,10.0,3.0,5.0,5.0,12.0,5.0,8.0,26.0,50.0,7.0,3.0,9.0,9.0,19.0,6.0,15.0,5.0,6.0,8.0,5.0,1.0,3.0,7.0,6.0,1.0,3.0,1.0,7.0
763,201202,3,5.0,21.0,26.0,70.0,6.0,8.0,12.0,4.0,16.0,3.0,8.0,3.0,10.0,316.0,47.0,16.0,2.0,6.0,6.0,19.0,5.0,23.0,33.0,18.0,15.0,22.0,3.0,6.0,5.0,2.0,3.0,3.0,2.0,7.0
764,201202,4,1.0,11.0,2.0,17.0,0.0,2.0,6.0,0.0,7.0,0.0,10.0,1.0,2.0,5.0,6.0,3.0,6.0,0.0,1.0,3.0,1.0,5.0,1.0,6.0,7.0,2.0,1.0,1.0,3.0,0.0,0.0,0.0,0.0,2.0
765,201202,5,1.0,5.0,2.0,1.0,1.0,2.0,7.0,1.0,3.0,4.0,1.0,0.0,3.0,8.0,5.0,2.0,7.0,1.0,0.0,4.0,0.0,3.0,2.0,2.0,7.0,2.0,2.0,1.0,3.0,2.0,2.0,0.0,2.0,2.0
766,201202,6,5.0,5.0,2.0,6.0,1.0,8.0,8.0,2.0,0.0,8.0,4.0,2.0,0.0,7.0,8.0,7.0,5.0,3.0,2.0,6.0,1.0,6.0,1.0,2.0,6.0,12.0,1.0,2.0,4.0,1.0,1.0,8.0,0.0,8.0
767,201202,7,5.0,10.0,2.0,8.0,2.0,7.0,9.0,1.0,2.0,4.0,5.0,0.0,3.0,2.0,24.0,4.0,2.0,1.0,3.0,18.0,3.0,34.0,2.0,3.0,10.0,9.0,2.0,4.0,1.0,3.0,2.0,6.0,0.0,6.0
768,201202,8,9.0,7.0,12.0,5.0,0.0,13.0,8.0,24.0,0.0,5.0,6.0,4.0,2.0,3.0,3.0,8.0,1.0,1.0,2.0,9.0,4.0,18.0,4.0,8.0,6.0,2.0,1.0,3.0,8.0,1.0,2.0,0.0,2.0,5.0
769,201202,9,3.0,6.0,2.0,2.0,0.0,2.0,9.0,5.0,1.0,5.0,2.0,1.0,1.0,5.0,6.0,3.0,2.0,0.0,1.0,4.0,1.0,11.0,3.0,6.0,7.0,2.0,3.0,1.0,1.0,0.0,1.0,4.0,2.0,5.0
770,201202,10,9.0,11.0,5.0,35.0,2.0,13.0,4.0,3.0,0.0,9.0,7.0,6.0,10.0,31.0,180.0,25.0,2.0,1.0,14.0,10.0,4.0,7.0,10.0,16.0,24.0,18.0,2.0,3.0,5.0,0.0,1.0,5.0,1.0,8.0
771,201202,11,36.0,13.0,0.0,10.0,1.0,14.0,4.0,9.0,0.0,6.0,2.0,6.0,1.0,3.0,18.0,42.0,7.0,0.0,8.0,9.0,0.0,9.0,3.0,5.0,3.0,5.0,5.0,4.0,3.0,1.0,2.0,1.0,7.0,19.0
772,201202,12,7.0,100.0,9.0,27.0,4.0,11.0,9.0,4.0,0.0,5.0,15.0,8.0,7.0,6.0,10.0,5.0,0.0,3.0,0.0,5.0,1.0,4.0,6.0,19.0,15.0,8.0,5.0,1.0,5.0,1.0,3.0,0.0,0.0,3.0
773,201202,13,3.0,33.0,7.0,3.0,2.0,7.0,3.0,10.0,2.0,9.0,11.0,8.0,5.0,12.0,8.0,5.0,5.0,2.0,5.0,19.0,1.0,21.0,3.0,14.0,9.0,6.0,3.0,0.0,3.0,9.0,0.0,7.0,2.0,13.0
774,201202,14,5.0,20.0,8.0,12.0,5.0,9.0,4.0,2.0,0.0,12.0,11.0,2.0,4.0,9.0,7.0,8.0,1.0,4.0,5.0,8.0,0.0,9.0,4.0,7.0,15.0,4.0,1.0,2.0,5.0,0.0,2.0,5.0,2.0,10.0
775,201202,15,4.0,15.0,3.0,3.0,1.0,10.0,4.0,0.0,0.0,7.0,12.0,8.0,7.0,6.0,7.0,2.0,4.0,4.0,3.0,6.0,0.0,5.0,3.0,10.0,13.0,1.0,2.0,4.0,5.0,1.0,0.0,6.0,2.0,8.0
776,201202,16,9.0,19.0,5.0,10.0,6.0,7.0,2.0,8.0,3.0,4.0,25.0,8.0,8.0,6.0,6.0,8.0,1.0,4.0,6.0,6.0,0.0,12.0,3.0,8.0,12.0,3.0,3.0,1.0,10.0,1.0,1.0,2.0,1.0,8.0
777,201202,17,9.0,0.0,3.0,0.0,0.0,10.0,3.0,9.0,2.0,17.0,3.0,14.0,1.0,1.0,8.0,6.0,2.0,1.0,1.0,5.0,1.0,8.0,1.0,4.0,8.0,2.0,4.0,1.0,5.0,1.0,1.0,1.0,1.0,10.0
778,201202,18,2.0,8.0,5.0,2.0,0.0,1.0,2.0,4.0,2.0,2.0,19.0,1.0,4.0,1.0,3.0,4.0,2.0,1.0,1.0,5.0,1.0,2.0,5.0,1.0,7.0,1.0,0.0,0.0,2.0,0.0,2.0,0.0,5.0,0.0
779,201202,19,4.0,3.0,4.0,2.0,0.0,6.0,5.0,13.0,0.0,20.0,1.0,14.0,3.0,5.0,3.0,6.0,1.0,0.0,0.0,1.0,0.0,6.0,3.0,1.0,4.0,2.0,1.0,2.0,15.0,0.0,2.0,9.0,1.0,5.0
780,201202,20,3.0,18.0,3.0,4.0,4.0,7.0,1.0,5.0,0.0,10.0,3.0,5.0,2.0,6.0,7.0,8.0,3.0,1.0,0.0,3.0,0.0,0.0,8.0,3.0,6.0,1.0,1.0,0.0,9.0,0.0,1.0,5.0,2.0,8.0
781,201202,21,4.0,4.0,7.0,4.0,2.0,5.0,3.0,0.0,0.0,0.0,5.0,1.0,5.0,5.0,20.0,12.0,3.0,2.0,3.0,12.0,3.0,29.0,6.0,7.0,12.0,5.0,4.0,0.0,5.0,1.0,0.0,3.0,1.0,3.0
782,201202,22,1.0,8.0,8.0,8.0,5.0,8.0,5.0,2.0,0.0,7.0,2.0,0.0,3.0,41.0,7.0,9.0,1.0,4.0,1.0,17.0,5.0,18.0,14.0,9.0,8.0,3.0,2.0,0.0,2.0,2.0,0.0,4.0,0.0,4.0
783,201202,23,16.0,16.0,10.0,32.0,8.0,24.0,5.0,8.0,2.0,13.0,10.0,10.0,19.0,25.0,183.0,34.0,9.0,5.0,73.0,24.0,9.0,19.0,6.0,26.0,21.0,19.0,11.0,5.0,10.0,4.0,4.0,2.0,4.0,17.0
784,201202,24,41.0,10.0,6.0,19.0,3.0,35.0,3.0,36.0,2.0,21.0,7.0,22.0,28.0,6.0,154.0,35.0,2.0,1.0,56.0,11.0,2.0,4.0,1.0,24.0,27.0,19.0,8.0,10.0,25.0,0.0,3.0,4.0,7.0,49.0
785,201202,25,28.0,5.0,3.0,7.0,1.0,22.0,3.0,6.0,1.0,9.0,5.0,2.0,4.0,23.0,7.0,16.0,2.0,1.0,3.0,6.0,1.0,2.0,16.0,7.0,7.0,2.0,4.0,1.0,16.0,0.0,1.0,1.0,0.0,2.0
786,201202,26,4.0,2.0,0.0,9.0,0.0,7.0,1.0,9.0,2.0,6.0,3.0,9.0,5.0,5.0,5.0,11.0,0.0,1.0,1.0,3.0,0.0,1.0,6.0,6.0,5.0,5.0,1.0,3.0,3.0,2.0,1.0,3.0,0.0,5.0
787,201202,27,8.0,6.0,6.0,4.0,0.0,6.0,2.0,4.0,0.0,3.0,6.0,5.0,9.0,7.0,5.0,5.0,1.0,2.0,5.0,10.0,0.0,11.0,3.0,6.0,2.0,3.0,0.0,1.0,4.0,1.0,2.0,7.0,1.0,8.0
788,201202,28,3.0,13.0,4.0,14.0,1.0,2.0,3.0,4.0,1.0,7.0,11.0,16.0,2.0,24.0,10.0,10.0,3.0,1.0,4.0,14.0,4.0,9.0,5.0,6.0,7.0,3.0,2.0,1.0,8.0,1.0,0.0,4.0,0.0,7.0
789,201202,29,26.0,6.0,2.0,44.0,11.0,45.0,11.0,63.0,1.0,35.0,6.0,9.0,4.0,6.0,31.0,38.0,2.0,4.0,4.0,15.0,3.0,27.0,13.0,11.0,19.0,4.0,5.0,1.0,15.0,4.0,0.0,5.0,3.0,31.0
790,201203,1,12.0,14.0,5.0,12.0,1.0,55.0,7.0,9.0,4.0,14.0,16.0,7.0,3.0,27.0,11.0,13.0,1.0,2.0,4.0,12.0,2.0,25.0,7.0,4.0,9.0,1.0,2.0,3.0,6.0,4.0,2.0,3.0,3.0,28.0
791,201203,2,14.0,14.0,2.0,27.0,1.0,21.0,0.0,4.0,3.0,13.0,11.0,14.0,25.0,16.0,167.0,47.0,2.0,7.0,11.0,10.0,3.0,8.0,13.0,22.0,40.0,11.0,6.0,1.0,18.0,3.0,1.0,4.0,5.0,15.0
792,201203,3,13.0,6.0,3.0,14.0,1.0,5.0,1.0,8.0,1.0,8.0,6.0,1.0,11.0,2.0,25.0,21.0,3.0,0.0,2.0,5.0,1.0,3.0,2.0,6.0,4.0,4.0,9.0,1.0,9.0,1.0,0.0,3.0,2.0,6.0
793,201203,4,3.0,1.0,0.0,3.0,6.0,13.0,11.0,9.0,1.0,6.0,4.0,2.0,11.0,1.0,12.0,11.0,4.0,2.0,1.0,5.0,0.0,10.0,0.0,7.0,5.0,0.0,3.0,0.0,12.0,0.0,2.0,0.0,1.0,3.0
794,201203,5,4.0,3.0,9.0,5.0,2.0,8.0,7.0,2.0,1.0,5.0,7.0,1.0,4.0,6.0,10.0,9.0,3.0,0.0,1.0,17.0,4.0,28.0,1.0,4.0,2.0,4.0,5.0,1.0,2.0,2.0,0.0,16.0,0.0,6.0
795,201203,6,1.0,4.0,7.0,7.0,5.0,10.0,5.0,2.0,14.0,10.0,6.0,6.0,2.0,6.0,11.0,5.0,2.0,1.0,2.0,35.0,38.0,26.0,2.0,11.0,4.0,2.0,5.0,3.0,6.0,14.0,0.0,8.0,1.0,6.0
796,201203,7,6.0,5.0,4.0,6.0,4.0,4.0,2.0,1.0,13.0,7.0,5.0,3.0,1.0,4.0,18.0,10.0,3.0,2.0,2.0,14.0,4.0,7.0,7.0,9.0,8.0,3.0,3.0,1.0,5.0,3.0,0.0,7.0,0.0,7.0
797,201203,8,10.0,29.0,11.0,3.0,1.0,9.0,4.0,5.0,6.0,2.0,10.0,4.0,6.0,9.0,11.0,16.0,3.0,5.0,4.0,6.0,1.0,7.0,6.0,14.0,7.0,5.0,3.0,3.0,8.0,5.0,1.0,2.0,3.0,9.0
798,201203,9,6.0,23.0,1.0,7.0,2.0,5.0,0.0,3.0,3.0,3.0,43.0,8.0,16.0,6.0,10.0,8.0,2.0,3.0,1.0,8.0,1.0,5.0,3.0,24.0,8.0,7.0,7.0,0.0,10.0,2.0,2.0,4.0,2.0,3.0
799,201203,10,2.0,7.0,2.0,3.0,2.0,5.0,1.0,0.0,0.0,3.0,14.0,3.0,8.0,2.0,5.0,8.0,1.0,0.0,0.0,8.0,0.0,7.0,1.0,6.0,4.0,3.0,6.0,1.0,6.0,1.0,1.0,5.0,2.0,1.0
800,201203,11,2.0,12.0,3.0,4.0,6.0,2.0,3.0,1.0,2.0,3.0,58.0,0.0,12.0,11.0,6.0,11.0,3.0,2.0,3.0,10.0,0.0,11.0,1.0,12.0,6.0,8.0,3.0,0.0,9.0,1.0,1.0,0.0,1.0,2.0
801,201203,12,13.0,11.0,5.0,24.0,2.0,10.0,5.0,1.0,1.0,10.0,38.0,8.0,12.0,7.0,23.0,21.0,2.0,6.0,5.0,8.0,3.0,11.0,2.0,13.0,8.0,6.0,6.0,2.0,6.0,2.0,2.0,6.0,2.0,5.0
802,201203,13,4.0,8.0,3.0,4.0,2.0,5.0,24.0,6.0,0.0,6.0,15.0,11.0,4.0,1.0,9.0,12.0,1.0,2.0,1.0,40.0,4.0,102.0,7.0,12.0,8.0,2.0,3.0,3.0,5.0,7.0,1.0,4.0,3.0,5.0
803,201203,14,8.0,7.0,2.0,1.0,0.0,8.0,21.0,5.0,0.0,9.0,4.0,14.0,2.0,6.0,10.0,4.0,1.0,2.0,0.0,40.0,6.0,114.0,9.0,6.0,9.0,3.0,8.0,1.0,6.0,11.0,0.0,4.0,3.0,3.0
804,201203,15,15.0,16.0,1.0,9.0,2.0,12.0,13.0,5.0,2.0,6.0,13.0,6.0,7.0,0.0,13.0,30.0,3.0,2.0,5.0,23.0,4.0,48.0,3.0,14.0,14.0,5.0,5.0,2.0,8.0,1.0,1.0,1.0,6.0,11.0
805,201203,16,15.0,18.0,5.0,10.0,2.0,10.0,11.0,8.0,0.0,15.0,10.0,6.0,5.0,3.0,7.0,13.0,1.0,2.0,4.0,27.0,2.0,83.0,9.0,14.0,24.0,2.0,3.0,2.0,15.0,8.0,1.0,2.0,7.0,17.0
806,201203,17,3.0,4.0,3.0,5.0,1.0,2.0,7.0,5.0,2.0,3.0,6.0,0.0,6.0,2.0,6.0,14.0,0.0,2.0,3.0,17.0,3.0,30.0,7.0,5.0,6.0,2.0,1.0,1.0,1.0,5.0,3.0,0.0,4.0,0.0
807,201203,18,3.0,7.0,42.0,8.0,2.0,4.0,3.0,3.0,1.0,11.0,10.0,7.0,6.0,35.0,7.0,2.0,4.0,0.0,0.0,13.0,3.0,8.0,14.0,4.0,6.0,0.0,3.0,0.0,6.0,0.0,4.0,0.0,3.0,7.0
808,201203,19,3.0,224.0,17.0,10.0,4.0,7.0,6.0,6.0,1.0,15.0,30.0,49.0,12.0,12.0,20.0,8.0,3.0,18.0,2.0,18.0,4.0,11.0,11.0,20.0,18.0,15.0,17.0,2.0,14.0,3.0,1.0,6.0,3.0,9.0
809,201203,20,14.0,120.0,11.0,12.0,4.0,21.0,7.0,16.0,1.0,28.0,84.0,12.0,12.0,6.0,10.0,19.0,2.0,23.0,4.0,13.0,6.0,15.0,8.0,21.0,16.0,18.0,6.0,4.0,19.0,4.0,4.0,6.0,3.0,58.0
810,201203,21,9.0,13.0,7.0,7.0,0.0,13.0,4.0,8.0,3.0,6.0,10.0,11.0,7.0,2.0,7.0,12.0,1.0,0.0,2.0,9.0,2.0,8.0,2.0,5.0,9.0,1.0,7.0,5.0,13.0,2.0,0.0,4.0,1.0,22.0
811,201203,22,11.0,6.0,3.0,6.0,3.0,31.0,6.0,38.0,1.0,42.0,12.0,7.0,5.0,3.0,6.0,16.0,2.0,0.0,5.0,4.0,1.0,7.0,1.0,3.0,9.0,6.0,4.0,5.0,14.0,1.0,1.0,2.0,4.0,23.0
812,201203,23,3.0,11.0,2.0,7.0,2.0,6.0,0.0,5.0,0.0,3.0,18.0,6.0,4.0,2.0,14.0,11.0,3.0,2.0,0.0,3.0,1.0,8.0,1.0,10.0,5.0,3.0,5.0,3.0,4.0,0.0,0.0,5.0,3.0,7.0
813,201203,24,1.0,1.0,0.0,6.0,0.0,7.0,1.0,1.0,1.0,3.0,2.0,10.0,3.0,1.0,13.0,3.0,2.0,2.0,1.0,5.0,0.0,21.0,4.0,1.0,3.0,3.0,2.0,0.0,4.0,1.0,1.0,2.0,0.0,0.0
814,201203,25,1.0,2.0,2.0,2.0,0.0,3.0,1.0,3.0,4.0,11.0,6.0,4.0,3.0,1.0,4.0,3.0,0.0,0.0,0.0,13.0,2.0,12.0,2.0,7.0,8.0,0.0,3.0,0.0,1.0,5.0,0.0,2.0,2.0,4.0
815,201203,26,4.0,13.0,3.0,2.0,1.0,3.0,0.0,2.0,0.0,7.0,9.0,5.0,5.0,39.0,4.0,4.0,2.0,3.0,1.0,10.0,1.0,10.0,7.0,6.0,5.0,3.0,2.0,0.0,5.0,3.0,1.0,6.0,2.0,9.0
816,201203,27,3.0,10.0,4.0,0.0,1.0,7.0,15.0,2.0,2.0,0.0,4.0,2.0,5.0,4.0,2.0,6.0,1.0,4.0,3.0,37.0,4.0,98.0,4.0,4.0,2.0,3.0,0.0,0.0,4.0,7.0,1.0,4.0,2.0,3.0
817,201203,28,3.0,13.0,2.0,2.0,2.0,4.0,4.0,1.0,0.0,8.0,4.0,1.0,1.0,2.0,5.0,5.0,1.0,3.0,2.0,12.0,5.0,21.0,0.0,5.0,3.0,0.0,5.0,1.0,4.0,2.0,1.0,4.0,3.0,5.0
818,201203,29,4.0,13.0,0.0,3.0,1.0,6.0,5.0,2.0,1.0,7.0,5.0,4.0,4.0,4.0,16.0,7.0,6.0,2.0,3.0,17.0,4.0,20.0,6.0,5.0,3.0,1.0,2.0,0.0,1.0,3.0,2.0,5.0,1.0,10.0
819,201203,30,5.0,13.0,1.0,10.0,2.0,14.0,5.0,5.0,1.0,3.0,8.0,4.0,12.0,5.0,75.0,47.0,5.0,4.0,11.0,10.0,1.0,12.0,1.0,3.0,20.0,7.0,4.0,1.0,2.0,2.0,2.0,1.0,4.0,10.0
820,201203,31,10.0,11.0,5.0,5.0,1.0,15.0,18.0,13.0,2.0,7.0,3.0,4.0,5.0,4.0,10.0,8.0,4.0,1.0,2.0,28.0,4.0,66.0,4.0,5.0,2.0,3.0,5.0,0.0,4.0,5.0,1.0,2.0,0.0,5.0
821,201204,1,2.0,5.0,6.0,7.0,0.0,6.0,4.0,3.0,0.0,5.0,6.0,1.0,3.0,2.0,15.0,8.0,1.0,1.0,1.0,8.0,0.0,9.0,1.0,8.0,5.0,2.0,0.0,2.0,5.0,1.0,2.0,2.0,3.0,2.0
822,201204,2,6.0,24.0,5.0,16.0,4.0,13.0,4.0,4.0,2.0,5.0,32.0,8.0,5.0,8.0,12.0,11.0,0.0,2.0,2.0,4.0,2.0,8.0,4.0,14.0,4.0,2.0,2.0,0.0,4.0,1.0,2.0,5.0,0.0,11.0
823,201204,3,8.0,513.0,36.0,20.0,13.0,17.0,12.0,5.0,1.0,14.0,46.0,11.0,17.0,43.0,29.0,13.0,7.0,30.0,8.0,32.0,10.0,27.0,7.0,38.0,19.0,25.0,14.0,5.0,10.0,7.0,4.0,3.0,1.0,13.0
824,201204,4,5.0,287.0,19.0,12.0,6.0,9.0,6.0,4.0,2.0,12.0,27.0,12.0,15.0,9.0,12.0,12.0,8.0,28.0,4.0,10.0,5.0,11.0,4.0,27.0,19.0,19.0,8.0,2.0,10.0,4.0,2.0,4.0,1.0,9.0
825,201204,5,5.0,159.0,12.0,10.0,4.0,5.0,8.0,3.0,1.0,11.0,10.0,14.0,7.0,10.0,19.0,14.0,0.0,13.0,2.0,14.0,7.0,16.0,6.0,15.0,14.0,13.0,7.0,3.0,7.0,4.0,1.0,0.0,1.0,6.0
826,201204,6,7.0,146.0,14.0,8.0,3.0,8.0,5.0,2.0,0.0,10.0,10.0,7.0,8.0,23.0,10.0,9.0,3.0,10.0,0.0,8.0,4.0,8.0,7.0,13.0,11.0,16.0,2.0,3.0,3.0,3.0,0.0,2.0,0.0,7.0
827,201204,7,0.0,6.0,2.0,5.0,1.0,4.0,4.0,0.0,1.0,4.0,3.0,3.0,3.0,5.0,2.0,3.0,1.0,1.0,0.0,7.0,1.0,7.0,4.0,5.0,1.0,3.0,2.0,1.0,2.0,1.0,2.0,1.0,0.0,1.0
828,201204,8,2.0,137.0,8.0,9.0,5.0,7.0,3.0,6.0,0.0,7.0,16.0,6.0,9.0,6.0,10.0,7.0,0.0,14.0,2.0,3.0,0.0,10.0,2.0,18.0,7.0,15.0,4.0,1.0,4.0,1.0,0.0,3.0,1.0,5.0
829,201204,9,29.0,14.0,1.0,4.0,0.0,14.0,0.0,4.0,3.0,11.0,3.0,6.0,5.0,4.0,12.0,16.0,0.0,1.0,4.0,6.0,1.0,5.0,2.0,4.0,7.0,3.0,6.0,1.0,4.0,4.0,1.0,7.0,1.0,28.0
830,201204,10,3.0,7.0,8.0,2.0,0.0,4.0,18.0,0.0,1.0,1.0,6.0,3.0,3.0,1.0,7.0,7.0,1.0,6.0,2.0,24.0,9.0,73.0,4.0,2.0,6.0,2.0,3.0,0.0,6.0,6.0,1.0,5.0,1.0,5.0
831,201204,11,4.0,6.0,15.0,8.0,0.0,4.0,4.0,5.0,0.0,6.0,3.0,13.0,2.0,2.0,5.0,7.0,1.0,5.0,3.0,15.0,6.0,35.0,3.0,10.0,10.0,3.0,4.0,0.0,6.0,2.0,0.0,4.0,1.0,2.0
832,201204,12,2.0,5.0,6.0,3.0,3.0,7.0,8.0,0.0,0.0,1.0,3.0,1.0,1.0,4.0,6.0,7.0,2.0,3.0,1.0,14.0,2.0,53.0,3.0,5.0,1.0,4.0,2.0,1.0,5.0,3.0,1.0,0.0,3.0,1.0
833,201204,13,5.0,7.0,2.0,5.0,0.0,6.0,3.0,5.0,2.0,3.0,5.0,3.0,3.0,8.0,5.0,5.0,0.0,0.0,1.0,24.0,1.0,21.0,2.0,5.0,6.0,1.0,0.0,0.0,5.0,6.0,0.0,9.0,3.0,5.0
834,201204,14,2.0,6.0,9.0,13.0,0.0,3.0,4.0,1.0,0.0,0.0,7.0,3.0,3.0,6.0,9.0,5.0,0.0,1.0,2.0,12.0,3.0,12.0,5.0,1.0,5.0,3.0,1.0,0.0,1.0,0.0,1.0,0.0,1.0,0.0
835,201204,15,6.0,93.0,8.0,18.0,4.0,5.0,1.0,1.0,0.0,2.0,6.0,5.0,4.0,19.0,25.0,17.0,1.0,5.0,6.0,6.0,1.0,6.0,2.0,8.0,5.0,8.0,3.0,2.0,3.0,3.0,1.0,0.0,0.0,2.0
836,201204,16,7.0,14.0,6.0,6.0,6.0,6.0,14.0,3.0,1.0,3.0,28.0,3.0,0.0,5.0,16.0,7.0,2.0,3.0,3.0,10.0,1.0,17.0,2.0,3.0,4.0,3.0,3.0,2.0,5.0,3.0,2.0,4.0,1.0,2.0
837,201204,17,3.0,10.0,15.0,2.0,3.0,6.0,13.0,3.0,1.0,8.0,8.0,2.0,3.0,5.0,3.0,7.0,1.0,4.0,2.0,17.0,8.0,23.0,1.0,10.0,2.0,4.0,4.0,3.0,3.0,4.0,0.0,5.0,2.0,6.0
838,201204,18,1.0,7.0,6.0,0.0,3.0,1.0,2.0,2.0,1.0,4.0,3.0,7.0,2.0,3.0,5.0,2.0,1.0,1.0,0.0,5.0,1.0,12.0,3.0,7.0,5.0,2.0,4.0,0.0,3.0,1.0,1.0,1.0,0.0,5.0
839,201204,19,2.0,8.0,4.0,4.0,1.0,7.0,2.0,4.0,0.0,2.0,5.0,1.0,3.0,5.0,5.0,10.0,2.0,1.0,1.0,13.0,1.0,24.0,1.0,8.0,4.0,2.0,2.0,1.0,5.0,2.0,4.0,1.0,0.0,2.0
840,201204,20,8.0,10.0,3.0,4.0,1.0,10.0,1.0,25.0,1.0,6.0,17.0,5.0,7.0,3.0,11.0,14.0,0.0,3.0,4.0,12.0,1.0,7.0,0.0,3.0,7.0,5.0,1.0,2.0,3.0,4.0,2.0,3.0,2.0,7.0
841,201204,21,24.0,1.0,2.0,2.0,2.0,11.0,1.0,4.0,1.0,4.0,2.0,7.0,2.0,0.0,3.0,5.0,6.0,0.0,0.0,7.0,1.0,4.0,0.0,4.0,3.0,2.0,5.0,1.0,2.0,1.0,1.0,1.0,0.0,0.0
842,201204,22,28.0,6.0,2.0,6.0,1.0,14.0,1.0,31.0,0.0,12.0,3.0,4.0,3.0,1.0,4.0,13.0,2.0,0.0,2.0,7.0,1.0,6.0,0.0,3.0,12.0,2.0,4.0,2.0,1.0,2.0,1.0,1.0,0.0,9.0
843,201204,23,23.0,4.0,1.0,11.0,0.0,19.0,10.0,26.0,0.0,7.0,4.0,5.0,2.0,2.0,8.0,25.0,1.0,1.0,3.0,10.0,0.0,37.0,3.0,13.0,11.0,3.0,3.0,3.0,4.0,2.0,1.0,5.0,0.0,10.0
844,201204,24,2.0,5.0,3.0,7.0,0.0,5.0,3.0,2.0,0.0,5.0,2.0,1.0,2.0,1.0,0.0,3.0,0.0,1.0,3.0,10.0,2.0,12.0,2.0,4.0,3.0,4.0,1.0,1.0,1.0,2.0,0.0,5.0,1.0,4.0
845,201204,25,3.0,7.0,6.0,5.0,4.0,5.0,6.0,1.0,1.0,3.0,4.0,6.0,0.0,5.0,2.0,5.0,1.0,3.0,3.0,12.0,2.0,18.0,2.0,4.0,4.0,5.0,3.0,0.0,0.0,2.0,1.0,4.0,0.0,1.0
846,201204,26,9.0,4.0,5.0,6.0,0.0,8.0,2.0,3.0,0.0,8.0,6.0,2.0,6.0,5.0,2.0,14.0,4.0,0.0,4.0,8.0,1.0,13.0,3.0,4.0,6.0,4.0,4.0,1.0,4.0,4.0,2.0,5.0,0.0,7.0
847,201204,27,10.0,16.0,5.0,7.0,3.0,12.0,3.0,0.0,1.0,3.0,11.0,5.0,4.0,17.0,4.0,9.0,0.0,0.0,3.0,5.0,3.0,11.0,1.0,6.0,1.0,9.0,3.0,1.0,3.0,0.0,2.0,0.0,0.0,2.0
848,201204,28,4.0,3.0,1.0,1.0,1.0,3.0,6.0,0.0,2.0,2.0,5.0,2.0,4.0,4.0,2.0,7.0,5.0,2.0,4.0,3.0,1.0,8.0,0.0,4.0,5.0,1.0,3.0,3.0,5.0,2.0,1.0,0.0,1.0,1.0
849,201204,29,1.0,6.0,2.0,6.0,0.0,2.0,2.0,1.0,2.0,5.0,2.0,3.0,3.0,4.0,4.0,8.0,1.0,1.0,1.0,10.0,1.0,4.0,1.0,2.0,5.0,3.0,2.0,5.0,5.0,1.0,0.0,1.0,1.0,3.0
850,201204,30,6.0,17.0,6.0,4.0,1.0,6.0,8.0,2.0,1.0,3.0,6.0,8.0,4.0,3.0,8.0,9.0,1.0,2.0,6.0,17.0,5.0,19.0,4.0,4.0,5.0,4.0,1.0,1.0,15.0,4.0,0.0,8.0,0.0,4.0
851,201205,1,10.0,14.0,9.0,13.0,1.0,11.0,11.0,3.0,0.0,9.0,4.0,5.0,2.0,2.0,31.0,9.0,1.0,2.0,9.0,10.0,3.0,15.0,1.0,5.0,9.0,7.0,4.0,2.0,15.0,3.0,0.0,6.0,2.0,12.0
852,201205,2,12.0,5.0,3.0,9.0,0.0,5.0,8.0,1.0,4.0,7.0,3.0,8.0,5.0,0.0,10.0,6.0,1.0,0.0,4.0,4.0,1.0,2.0,0.0,8.0,10.0,4.0,4.0,1.0,4.0,2.0,1.0,6.0,1.0,8.0
853,201205,3,20.0,11.0,2.0,16.0,1.0,19.0,9.0,18.0,1.0,8.0,3.0,6.0,5.0,3.0,142.0,36.0,1.0,4.0,5.0,20.0,3.0,40.0,5.0,15.0,11.0,6.0,8.0,2.0,13.0,5.0,1.0,3.0,2.0,8.0
854,201205,4,18.0,10.0,7.0,33.0,2.0,18.0,2.0,6.0,0.0,8.0,7.0,4.0,12.0,8.0,100.0,27.0,1.0,3.0,10.0,9.0,2.0,10.0,4.0,23.0,29.0,17.0,6.0,2.0,14.0,3.0,2.0,2.0,5.0,21.0
855,201205,5,1.0,7.0,3.0,6.0,5.0,2.0,6.0,1.0,0.0,3.0,6.0,2.0,6.0,2.0,6.0,3.0,2.0,2.0,4.0,13.0,2.0,16.0,3.0,3.0,6.0,5.0,6.0,4.0,4.0,6.0,1.0,6.0,1.0,3.0
856,201205,6,10.0,8.0,7.0,23.0,3.0,16.0,3.0,9.0,0.0,7.0,5.0,7.0,13.0,6.0,202.0,32.0,4.0,2.0,16.0,5.0,0.0,6.0,1.0,15.0,16.0,9.0,7.0,2.0,4.0,2.0,1.0,0.0,2.0,2.0
857,201205,7,10.0,17.0,6.0,6.0,1.0,7.0,9.0,2.0,0.0,6.0,5.0,5.0,6.0,7.0,23.0,13.0,0.0,5.0,2.0,10.0,2.0,11.0,6.0,10.0,8.0,12.0,4.0,1.0,4.0,4.0,2.0,3.0,2.0,9.0
858,201205,8,8.0,18.0,5.0,3.0,5.0,10.0,2.0,1.0,0.0,3.0,11.0,8.0,10.0,4.0,5.0,9.0,7.0,3.0,15.0,13.0,2.0,15.0,2.0,7.0,6.0,2.0,3.0,1.0,3.0,6.0,2.0,2.0,1.0,6.0
859,201205,9,5.0,13.0,13.0,2.0,1.0,12.0,0.0,18.0,3.0,10.0,5.0,8.0,2.0,3.0,3.0,5.0,2.0,2.0,3.0,10.0,2.0,12.0,0.0,10.0,17.0,2.0,5.0,0.0,2.0,4.0,0.0,4.0,0.0,11.0
860,201205,10,2.0,8.0,7.0,3.0,0.0,3.0,2.0,1.0,1.0,7.0,4.0,1.0,1.0,4.0,12.0,8.0,0.0,2.0,0.0,9.0,1.0,5.0,1.0,5.0,10.0,1.0,4.0,3.0,3.0,1.0,2.0,3.0,0.0,4.0
861,201205,11,2.0,34.0,2.0,3.0,2.0,3.0,3.0,3.0,2.0,4.0,10.0,3.0,1.0,0.0,7.0,6.0,2.0,3.0,1.0,3.0,0.0,7.0,2.0,4.0,7.0,1.0,6.0,2.0,2.0,3.0,0.0,1.0,1.0,2.0
862,201205,12,3.0,3.0,4.0,1.0,1.0,5.0,3.0,5.0,0.0,1.0,3.0,3.0,5.0,1.0,4.0,1.0,1.0,0.0,1.0,6.0,1.0,6.0,0.0,7.0,2.0,2.0,1.0,0.0,2.0,1.0,1.0,5.0,2.0,1.0
863,201205,13,6.0,6.0,3.0,2.0,0.0,4.0,2.0,2.0,1.0,1.0,1.0,1.0,2.0,8.0,5.0,4.0,0.0,4.0,0.0,6.0,0.0,10.0,3.0,3.0,3.0,3.0,0.0,2.0,7.0,2.0,0.0,0.0,0.0,3.0
864,201205,14,4.0,9.0,3.0,8.0,1.0,8.0,3.0,2.0,0.0,3.0,1.0,8.0,0.0,2.0,10.0,14.0,1.0,3.0,3.0,2.0,2.0,8.0,1.0,3.0,6.0,1.0,4.0,1.0,12.0,2.0,0.0,8.0,2.0,5.0
865,201205,15,17.0,9.0,11.0,8.0,0.0,20.0,5.0,5.0,0.0,12.0,6.0,8.0,4.0,4.0,12.0,8.0,1.0,3.0,1.0,8.0,4.0,12.0,2.0,7.0,8.0,2.0,4.0,0.0,7.0,2.0,1.0,8.0,1.0,8.0
866,201205,16,6.0,4.0,11.0,9.0,3.0,16.0,2.0,3.0,1.0,4.0,2.0,5.0,2.0,1.0,1.0,5.0,0.0,1.0,2.0,14.0,6.0,18.0,3.0,3.0,7.0,2.0,5.0,1.0,3.0,2.0,0.0,4.0,3.0,4.0
867,201205,17,3.0,3.0,11.0,7.0,0.0,12.0,4.0,4.0,2.0,3.0,2.0,4.0,3.0,4.0,6.0,11.0,0.0,2.0,3.0,14.0,2.0,23.0,6.0,8.0,4.0,0.0,1.0,1.0,2.0,4.0,1.0,0.0,1.0,7.0
868,201205,18,4.0,0.0,6.0,3.0,2.0,2.0,4.0,2.0,4.0,4.0,7.0,4.0,3.0,5.0,3.0,6.0,0.0,0.0,0.0,9.0,1.0,5.0,4.0,1.0,3.0,5.0,1.0,1.0,5.0,0.0,1.0,1.0,0.0,5.0
869,201205,19,1.0,4.0,0.0,3.0,1.0,1.0,5.0,1.0,4.0,1.0,6.0,1.0,2.0,4.0,5.0,2.0,1.0,0.0,0.0,3.0,0.0,2.0,0.0,0.0,1.0,0.0,0.0,1.0,1.0,0.0,1.0,2.0,0.0,2.0
870,201205,20,5.0,4.0,0.0,18.0,0.0,4.0,1.0,1.0,0.0,4.0,6.0,2.0,8.0,6.0,83.0,14.0,1.0,1.0,5.0,1.0,1.0,2.0,0.0,8.0,7.0,7.0,0.0,1.0,3.0,1.0,0.0,0.0,0.0,3.0
871,201205,21,12.0,6.0,4.0,3.0,1.0,19.0,5.0,8.0,0.0,11.0,5.0,14.0,5.0,4.0,13.0,18.0,1.0,1.0,5.0,15.0,2.0,29.0,1.0,12.0,13.0,2.0,7.0,0.0,9.0,3.0,2.0,5.0,5.0,42.0
872,201205,22,0.0,8.0,3.0,7.0,5.0,23.0,1.0,7.0,0.0,12.0,7.0,11.0,5.0,1.0,5.0,8.0,4.0,1.0,3.0,8.0,2.0,9.0,1.0,4.0,9.0,3.0,12.0,2.0,11.0,2.0,7.0,5.0,3.0,17.0
873,201205,23,21.0,7.0,5.0,12.0,0.0,18.0,2.0,21.0,4.0,13.0,4.0,8.0,2.0,3.0,8.0,18.0,0.0,1.0,3.0,8.0,1.0,7.0,0.0,5.0,14.0,4.0,1.0,0.0,15.0,2.0,1.0,4.0,4.0,23.0
874,201205,24,29.0,4.0,3.0,13.0,0.0,17.0,3.0,13.0,2.0,19.0,3.0,11.0,8.0,6.0,12.0,14.0,4.0,1.0,0.0,3.0,1.0,2.0,1.0,5.0,11.0,1.0,6.0,3.0,9.0,2.0,1.0,1.0,10.0,46.0
875,201205,25,26.0,3.0,3.0,9.0,0.0,33.0,1.0,11.0,2.0,14.0,4.0,8.0,4.0,4.0,9.0,18.0,3.0,0.0,1.0,1.0,2.0,2.0,7.0,6.0,10.0,3.0,9.0,3.0,7.0,1.0,1.0,2.0,7.0,41.0
876,201205,26,1.0,3.0,1.0,3.0,1.0,6.0,0.0,4.0,0.0,5.0,1.0,3.0,2.0,8.0,4.0,3.0,1.0,0.0,0.0,3.0,1.0,7.0,5.0,1.0,1.0,0.0,0.0,1.0,3.0,3.0,2.0,4.0,1.0,2.0
877,201205,27,2.0,2.0,1.0,7.0,1.0,1.0,5.0,2.0,0.0,3.0,2.0,3.0,4.0,3.0,3.0,3.0,1.0,1.0,2.0,2.0,0.0,2.0,3.0,3.0,1.0,1.0,2.0,1.0,3.0,1.0,1.0,9.0,0.0,0.0
878,201205,28,4.0,12.0,2.0,9.0,2.0,6.0,0.0,1.0,1.0,2.0,3.0,3.0,2.0,4.0,9.0,7.0,0.0,1.0,2.0,4.0,0.0,0.0,2.0,4.0,7.0,1.0,14.0,1.0,2.0,2.0,1.0,10.0,0.0,2.0
879,201205,29,71.0,26.0,6.0,15.0,2.0,59.0,9.0,71.0,2.0,54.0,4.0,34.0,23.0,6.0,80.0,80.0,8.0,1.0,10.0,9.0,3.0,29.0,1.0,25.0,54.0,14.0,17.0,17.0,38.0,6.0,10.0,8.0,31.0,111.0
880,201205,30,11.0,110.0,6.0,7.0,5.0,16.0,3.0,5.0,5.0,12.0,15.0,7.0,9.0,8.0,13.0,24.0,2.0,10.0,7.0,18.0,5.0,16.0,2.0,14.0,13.0,7.0,8.0,4.0,7.0,4.0,1.0,6.0,1.0,10.0
881,201205,31,4.0,50.0,13.0,18.0,3.0,11.0,6.0,3.0,2.0,7.0,32.0,4.0,12.0,7.0,104.0,15.0,2.0,12.0,9.0,5.0,2.0,13.0,0.0,20.0,17.0,15.0,6.0,2.0,6.0,7.0,2.0,2.0,1.0,5.0
882,201206,1,22.0,8.0,5.0,11.0,3.0,28.0,5.0,10.0,4.0,70.0,6.0,22.0,13.0,3.0,31.0,37.0,5.0,4.0,8.0,8.0,2.0,8.0,0.0,16.0,27.0,4.0,14.0,28.0,63.0,1.0,3.0,3.0,10.0,14.0
883,201206,2,2.0,7.0,1.0,5.0,0.0,9.0,4.0,2.0,1.0,8.0,2.0,4.0,2.0,2.0,3.0,6.0,2.0,1.0,2.0,12.0,4.0,40.0,2.0,9.0,2.0,4.0,2.0,6.0,6.0,5.0,0.0,2.0,2.0,2.0
884,201206,3,12.0,6.0,2.0,13.0,1.0,12.0,5.0,9.0,0.0,10.0,3.0,6.0,6.0,4.0,15.0,13.0,4.0,0.0,1.0,18.0,6.0,32.0,3.0,7.0,7.0,5.0,1.0,3.0,3.0,5.0,2.0,2.0,5.0,11.0
885,201206,4,12.0,3.0,3.0,6.0,2.0,16.0,21.0,4.0,2.0,8.0,8.0,5.0,5.0,5.0,7.0,12.0,2.0,1.0,0.0,36.0,3.0,82.0,6.0,11.0,5.0,2.0,3.0,1.0,1.0,12.0,3.0,11.0,1.0,9.0
886,201206,5,2.0,9.0,8.0,7.0,4.0,9.0,6.0,2.0,1.0,4.0,7.0,3.0,2.0,2.0,8.0,8.0,0.0,2.0,2.0,7.0,3.0,9.0,8.0,6.0,7.0,2.0,5.0,1.0,2.0,2.0,2.0,9.0,0.0,6.0
887,201206,6,6.0,169.0,15.0,4.0,6.0,9.0,1.0,3.0,2.0,4.0,24.0,4.0,9.0,27.0,4.0,8.0,2.0,12.0,2.0,10.0,4.0,20.0,4.0,14.0,7.0,6.0,3.0,1.0,2.0,7.0,2.0,7.0,2.0,5.0
888,201206,7,8.0,19.0,10.0,5.0,5.0,10.0,7.0,3.0,2.0,8.0,10.0,2.0,1.0,53.0,14.0,9.0,3.0,6.0,2.0,10.0,4.0,17.0,9.0,5.0,6.0,7.0,3.0,3.0,6.0,7.0,2.0,6.0,0.0,9.0
889,201206,8,5.0,7.0,6.0,4.0,2.0,9.0,3.0,17.0,5.0,5.0,2.0,4.0,5.0,4.0,11.0,16.0,3.0,3.0,2.0,10.0,4.0,8.0,4.0,4.0,6.0,3.0,3.0,3.0,6.0,1.0,1.0,3.0,1.0,11.0
890,201206,9,3.0,4.0,3.0,7.0,5.0,5.0,0.0,1.0,6.0,5.0,3.0,6.0,2.0,4.0,4.0,9.0,7.0,3.0,2.0,6.0,1.0,2.0,5.0,4.0,5.0,1.0,8.0,1.0,3.0,1.0,2.0,4.0,1.0,0.0
891,201206,10,9.0,6.0,4.0,30.0,7.0,12.0,1.0,18.0,1.0,13.0,13.0,5.0,21.0,5.0,14.0,21.0,3.0,3.0,2.0,4.0,3.0,10.0,9.0,8.0,7.0,3.0,8.0,2.0,4.0,2.0,2.0,2.0,3.0,7.0
892,201206,11,8.0,7.0,7.0,11.0,3.0,5.0,13.0,6.0,2.0,9.0,12.0,9.0,11.0,8.0,8.0,8.0,3.0,2.0,0.0,13.0,1.0,16.0,2.0,9.0,8.0,5.0,2.0,2.0,11.0,5.0,2.0,10.0,3.0,7.0
893,201206,12,20.0,27.0,6.0,2.0,1.0,20.0,9.0,19.0,2.0,14.0,78.0,10.0,8.0,8.0,16.0,17.0,0.0,11.0,2.0,18.0,0.0,22.0,2.0,10.0,12.0,1.0,3.0,2.0,10.0,5.0,0.0,10.0,6.0,16.0
894,201206,13,7.0,60.0,11.0,3.0,0.0,12.0,6.0,5.0,7.0,7.0,22.0,6.0,23.0,4.0,11.0,11.0,2.0,4.0,3.0,13.0,2.0,10.0,0.0,14.0,10.0,3.0,9.0,1.0,5.0,2.0,1.0,7.0,0.0,14.0
895,201206,14,5.0,13.0,5.0,31.0,3.0,9.0,8.0,4.0,1.0,8.0,11.0,6.0,9.0,5.0,20.0,6.0,5.0,3.0,4.0,10.0,3.0,7.0,6.0,15.0,12.0,8.0,9.0,1.0,3.0,2.0,1.0,2.0,2.0,4.0
896,201206,15,6.0,10.0,5.0,6.0,0.0,9.0,4.0,9.0,1.0,10.0,13.0,7.0,13.0,5.0,13.0,16.0,3.0,2.0,4.0,8.0,2.0,10.0,4.0,18.0,7.0,5.0,4.0,0.0,7.0,2.0,1.0,2.0,0.0,9.0
897,201206,16,4.0,6.0,4.0,4.0,0.0,2.0,4.0,5.0,4.0,1.0,3.0,2.0,1.0,5.0,12.0,5.0,3.0,0.0,0.0,2.0,3.0,3.0,0.0,2.0,4.0,2.0,2.0,0.0,4.0,1.0,0.0,4.0,0.0,4.0
898,201206,17,4.0,1.0,4.0,5.0,1.0,8.0,5.0,5.0,1.0,5.0,0.0,3.0,2.0,11.0,10.0,12.0,1.0,1.0,1.0,10.0,7.0,4.0,1.0,13.0,9.0,1.0,0.0,3.0,6.0,1.0,0.0,0.0,2.0,6.0
899,201206,18,7.0,3.0,8.0,27.0,0.0,13.0,4.0,4.0,3.0,7.0,10.0,9.0,7.0,20.0,77.0,22.0,3.0,1.0,8.0,12.0,3.0,22.0,5.0,7.0,14.0,9.0,1.0,0.0,2.0,5.0,0.0,2.0,4.0,5.0
900,201206,19,4.0,14.0,8.0,10.0,1.0,3.0,2.0,1.0,2.0,9.0,38.0,1.0,5.0,4.0,10.0,7.0,1.0,2.0,0.0,6.0,1.0,6.0,2.0,13.0,6.0,7.0,5.0,0.0,3.0,3.0,0.0,4.0,1.0,4.0
901,201206,20,4.0,18.0,3.0,38.0,2.0,6.0,2.0,6.0,1.0,10.0,22.0,5.0,5.0,3.0,16.0,10.0,2.0,2.0,1.0,7.0,3.0,10.0,0.0,7.0,4.0,5.0,9.0,0.0,5.0,1.0,3.0,8.0,1.0,11.0
902,201206,21,7.0,10.0,6.0,9.0,1.0,14.0,10.0,6.0,0.0,16.0,7.0,6.0,4.0,2.0,15.0,18.0,3.0,1.0,0.0,30.0,3.0,66.0,4.0,10.0,5.0,5.0,4.0,4.0,4.0,4.0,0.0,2.0,2.0,8.0
903,201206,22,80.0,13.0,11.0,12.0,4.0,62.0,17.0,17.0,1.0,49.0,8.0,27.0,24.0,8.0,47.0,34.0,18.0,2.0,4.0,24.0,7.0,79.0,6.0,13.0,26.0,7.0,23.0,9.0,47.0,4.0,12.0,1.0,58.0,93.0
904,201206,23,11.0,6.0,4.0,9.0,5.0,22.0,6.0,5.0,1.0,9.0,3.0,6.0,1.0,9.0,14.0,10.0,13.0,4.0,0.0,11.0,3.0,9.0,3.0,5.0,5.0,0.0,9.0,3.0,7.0,0.0,10.0,4.0,15.0,16.0
905,201206,24,8.0,6.0,8.0,6.0,4.0,8.0,5.0,4.0,0.0,4.0,5.0,8.0,7.0,13.0,14.0,20.0,5.0,1.0,0.0,10.0,2.0,12.0,2.0,5.0,7.0,1.0,10.0,0.0,8.0,7.0,2.0,0.0,3.0,5.0
906,201206,25,28.0,16.0,5.0,7.0,5.0,50.0,11.0,12.0,5.0,26.0,7.0,16.0,12.0,12.0,25.0,33.0,17.0,0.0,2.0,8.0,4.0,13.0,4.0,12.0,16.0,9.0,8.0,1.0,23.0,0.0,6.0,5.0,27.0,118.0
907,201206,26,10.0,17.0,6.0,9.0,4.0,19.0,2.0,8.0,6.0,9.0,11.0,4.0,13.0,5.0,22.0,13.0,7.0,4.0,1.0,8.0,9.0,13.0,2.0,12.0,16.0,3.0,11.0,2.0,7.0,4.0,5.0,1.0,4.0,13.0
908,201206,27,10.0,21.0,10.0,9.0,3.0,9.0,2.0,6.0,0.0,2.0,14.0,6.0,4.0,12.0,20.0,9.0,3.0,5.0,1.0,15.0,4.0,15.0,3.0,8.0,13.0,2.0,3.0,2.0,7.0,2.0,1.0,5.0,0.0,8.0
909,201206,28,4.0,13.0,8.0,19.0,4.0,10.0,4.0,5.0,1.0,7.0,2.0,9.0,2.0,7.0,30.0,15.0,3.0,1.0,47.0,15.0,3.0,11.0,3.0,17.0,11.0,6.0,5.0,1.0,8.0,2.0,3.0,3.0,5.0,7.0
910,201206,29,7.0,34.0,4.0,26.0,5.0,22.0,9.0,10.0,3.0,20.0,8.0,13.0,15.0,9.0,107.0,34.0,1.0,6.0,10.0,19.0,2.0,39.0,4.0,12.0,27.0,12.0,12.0,7.0,30.0,1.0,0.0,1.0,8.0,24.0
911,201206,30,8.0,60.0,9.0,7.0,1.0,9.0,4.0,9.0,0.0,9.0,3.0,11.0,9.0,1.0,32.0,10.0,0.0,5.0,2.0,11.0,4.0,17.0,4.0,6.0,8.0,5.0,3.0,3.0,27.0,1.0,1.0,7.0,1.0,4.0
912,201207,1,13.0,36.0,5.0,14.0,5.0,10.0,13.0,12.0,1.0,10.0,15.0,37.0,20.0,7.0,75.0,18.0,6.0,6.0,12.0,23.0,4.0,47.0,7.0,19.0,20.0,8.0,17.0,1.0,22.0,6.0,4.0,1.0,3.0,13.0
913,201207,2,3.0,10.0,4.0,6.0,0.0,10.0,10.0,5.0,6.0,9.0,5.0,10.0,4.0,10.0,6.0,17.0,3.0,3.0,6.0,7.0,2.0,15.0,2.0,8.0,4.0,5.0,9.0,4.0,10.0,5.0,0.0,2.0,1.0,7.0
914,201207,3,3.0,2.0,3.0,3.0,2.0,1.0,2.0,7.0,1.0,13.0,4.0,9.0,2.0,6.0,5.0,10.0,1.0,0.0,2.0,3.0,1.0,3.0,0.0,7.0,7.0,0.0,4.0,1.0,6.0,1.0,0.0,2.0,2.0,2.0
915,201207,4,2.0,12.0,1.0,5.0,1.0,0.0,1.0,2.0,1.0,1.0,8.0,6.0,2.0,3.0,4.0,3.0,2.0,6.0,6.0,4.0,0.0,9.0,3.0,5.0,11.0,1.0,4.0,1.0,1.0,1.0,1.0,19.0,1.0,1.0
916,201207,5,4.0,8.0,11.0,9.0,1.0,5.0,4.0,4.0,0.0,5.0,5.0,8.0,3.0,7.0,18.0,10.0,0.0,0.0,3.0,8.0,0.0,15.0,1.0,5.0,11.0,3.0,2.0,0.0,3.0,2.0,1.0,5.0,0.0,3.0
917,201207,6,5.0,5.0,2.0,12.0,2.0,6.0,19.0,11.0,3.0,8.0,5.0,6.0,2.0,4.0,10.0,7.0,1.0,2.0,0.0,8.0,1.0,17.0,5.0,3.0,9.0,4.0,3.0,1.0,5.0,3.0,1.0,5.0,3.0,11.0
918,201207,7,4.0,68.0,4.0,4.0,2.0,5.0,3.0,2.0,1.0,7.0,5.0,7.0,9.0,5.0,15.0,6.0,0.0,7.0,3.0,7.0,0.0,9.0,1.0,9.0,8.0,6.0,4.0,1.0,3.0,2.0,0.0,0.0,4.0,1.0
919,201207,8,4.0,19.0,6.0,16.0,0.0,10.0,6.0,6.0,2.0,20.0,4.0,14.0,4.0,13.0,25.0,18.0,2.0,3.0,2.0,8.0,2.0,12.0,2.0,10.0,16.0,5.0,4.0,2.0,9.0,1.0,0.0,1.0,3.0,8.0
920,201207,9,5.0,30.0,4.0,18.0,4.0,8.0,16.0,3.0,4.0,16.0,65.0,17.0,9.0,14.0,18.0,17.0,4.0,3.0,5.0,26.0,1.0,23.0,5.0,11.0,8.0,4.0,8.0,3.0,6.0,2.0,2.0,5.0,5.0,8.0
921,201207,10,9.0,15.0,3.0,5.0,5.0,11.0,13.0,3.0,1.0,13.0,30.0,29.0,47.0,21.0,15.0,18.0,2.0,8.0,3.0,17.0,9.0,21.0,7.0,16.0,13.0,4.0,8.0,1.0,9.0,2.0,1.0,7.0,0.0,8.0
922,201207,11,10.0,20.0,7.0,7.0,4.0,12.0,2.0,13.0,4.0,4.0,69.0,7.0,10.0,14.0,26.0,13.0,2.0,4.0,3.0,7.0,2.0,13.0,1.0,22.0,14.0,5.0,5.0,3.0,10.0,3.0,1.0,6.0,0.0,5.0
923,201207,12,1.0,25.0,6.0,7.0,5.0,5.0,10.0,3.0,4.0,11.0,109.0,3.0,8.0,10.0,17.0,10.0,0.0,9.0,5.0,11.0,4.0,12.0,4.0,16.0,9.0,5.0,7.0,1.0,13.0,5.0,1.0,1.0,0.0,1.0
924,201207,13,7.0,24.0,2.0,22.0,5.0,15.0,6.0,6.0,1.0,12.0,86.0,28.0,29.0,9.0,99.0,23.0,2.0,4.0,8.0,19.0,0.0,41.0,12.0,19.0,20.0,13.0,4.0,3.0,18.0,6.0,1.0,2.0,1.0,4.0
925,201207,14,8.0,7.0,4.0,7.0,3.0,7.0,8.0,3.0,2.0,7.0,5.0,8.0,12.0,5.0,18.0,11.0,1.0,1.0,4.0,6.0,3.0,15.0,9.0,11.0,7.0,3.0,7.0,3.0,10.0,2.0,1.0,2.0,3.0,2.0
926,201207,15,57.0,50.0,5.0,22.0,4.0,39.0,2.0,39.0,0.0,35.0,26.0,12.0,10.0,14.0,36.0,49.0,3.0,4.0,1.0,5.0,2.0,9.0,5.0,15.0,23.0,14.0,5.0,5.0,28.0,2.0,2.0,3.0,68.0,48.0
927,201207,16,10.0,13.0,6.0,8.0,1.0,14.0,12.0,8.0,1.0,13.0,9.0,17.0,21.0,11.0,21.0,27.0,8.0,5.0,6.0,24.0,5.0,49.0,5.0,16.0,16.0,1.0,11.0,3.0,12.0,3.0,1.0,2.0,5.0,14.0
928,201207,17,5.0,8.0,2.0,8.0,8.0,11.0,11.0,10.0,2.0,9.0,3.0,11.0,24.0,5.0,18.0,16.0,7.0,3.0,4.0,24.0,7.0,51.0,6.0,12.0,10.0,2.0,5.0,7.0,12.0,6.0,2.0,8.0,4.0,6.0
929,201207,18,105.0,19.0,4.0,20.0,14.0,132.0,5.0,99.0,0.0,85.0,17.0,50.0,53.0,5.0,134.0,94.0,12.0,0.0,20.0,17.0,4.0,27.0,2.0,31.0,68.0,21.0,37.0,52.0,59.0,5.0,10.0,9.0,80.0,162.0
930,201207,19,39.0,12.0,3.0,24.0,3.0,28.0,13.0,27.0,3.0,40.0,20.0,21.0,22.0,7.0,46.0,48.0,3.0,9.0,12.0,16.0,3.0,24.0,3.0,26.0,39.0,18.0,18.0,9.0,37.0,2.0,6.0,2.0,10.0,23.0
931,201207,20,32.0,111.0,5.0,17.0,8.0,26.0,4.0,9.0,1.0,24.0,23.0,28.0,22.0,11.0,33.0,21.0,0.0,8.0,10.0,15.0,7.0,10.0,4.0,25.0,24.0,12.0,14.0,5.0,28.0,1.0,3.0,2.0,15.0,27.0
932,201207,21,13.0,17.0,10.0,4.0,3.0,5.0,6.0,5.0,7.0,2.0,7.0,7.0,6.0,5.0,10.0,10.0,4.0,6.0,1.0,5.0,2.0,3.0,2.0,3.0,5.0,4.0,8.0,4.0,7.0,1.0,1.0,2.0,0.0,4.0
933,201207,22,9.0,7.0,7.0,5.0,1.0,6.0,0.0,9.0,1.0,5.0,4.0,10.0,4.0,5.0,19.0,11.0,1.0,1.0,3.0,15.0,1.0,7.0,2.0,10.0,11.0,2.0,7.0,2.0,13.0,0.0,2.0,2.0,2.0,1.0
934,201207,23,36.0,11.0,4.0,6.0,3.0,25.0,5.0,13.0,1.0,11.0,5.0,8.0,7.0,16.0,25.0,26.0,4.0,1.0,4.0,10.0,1.0,12.0,2.0,9.0,12.0,8.0,9.0,5.0,9.0,0.0,3.0,7.0,17.0,50.0
935,201207,24,23.0,11.0,7.0,11.0,2.0,18.0,2.0,14.0,1.0,30.0,7.0,10.0,8.0,16.0,70.0,22.0,4.0,2.0,7.0,16.0,2.0,31.0,2.0,17.0,23.0,8.0,9.0,5.0,12.0,7.0,1.0,3.0,2.0,27.0
936,201207,25,7.0,11.0,2.0,7.0,4.0,9.0,2.0,4.0,5.0,6.0,4.0,5.0,5.0,14.0,20.0,18.0,0.0,1.0,2.0,21.0,2.0,21.0,1.0,6.0,14.0,1.0,3.0,1.0,11.0,0.0,2.0,4.0,2.0,7.0
937,201207,26,85.0,23.0,4.0,20.0,7.0,67.0,9.0,90.0,1.0,55.0,17.0,28.0,22.0,10.0,109.0,107.0,3.0,5.0,12.0,13.0,2.0,19.0,2.0,18.0,47.0,18.0,23.0,15.0,32.0,4.0,8.0,4.0,53.0,181.0
938,201207,27,37.0,19.0,7.0,21.0,4.0,39.0,8.0,23.0,3.0,28.0,18.0,18.0,25.0,13.0,50.0,119.0,3.0,5.0,13.0,8.0,5.0,15.0,7.0,14.0,44.0,8.0,8.0,7.0,18.0,1.0,4.0,4.0,15.0,46.0
939,201207,28,64.0,13.0,4.0,17.0,2.0,34.0,0.0,9.0,0.0,21.0,8.0,18.0,17.0,9.0,17.0,52.0,3.0,4.0,5.0,13.0,4.0,5.0,1.0,3.0,19.0,8.0,10.0,5.0,27.0,1.0,3.0,0.0,46.0,26.0
940,201207,29,23.0,22.0,4.0,12.0,0.0,14.0,2.0,8.0,0.0,9.0,12.0,6.0,18.0,7.0,29.0,18.0,3.0,7.0,1.0,10.0,6.0,9.0,4.0,10.0,14.0,12.0,5.0,1.0,9.0,4.0,2.0,3.0,8.0,11.0
941,201207,30,4.0,6.0,0.0,7.0,6.0,4.0,4.0,2.0,0.0,4.0,8.0,3.0,3.0,9.0,6.0,6.0,3.0,2.0,2.0,11.0,1.0,11.0,2.0,7.0,5.0,2.0,3.0,3.0,5.0,0.0,2.0,2.0,4.0,2.0
942,201207,31,24.0,11.0,2.0,10.0,3.0,19.0,1.0,12.0,0.0,23.0,8.0,14.0,21.0,8.0,28.0,28.0,2.0,3.0,4.0,9.0,1.0,7.0,1.0,13.0,19.0,7.0,10.0,5.0,18.0,3.0,2.0,5.0,6.0,37.0
943,201208,1,31.0,12.0,4.0,21.0,2.0,31.0,5.0,18.0,0.0,26.0,15.0,15.0,25.0,8.0,23.0,73.0,2.0,3.0,7.0,8.0,3.0,7.0,2.0,19.0,29.0,3.0,16.0,5.0,27.0,3.0,4.0,3.0,30.0,62.0
944,201208,2,14.0,7.0,5.0,16.0,1.0,28.0,2.0,10.0,5.0,14.0,4.0,16.0,12.0,6.0,21.0,44.0,2.0,3.0,4.0,10.0,3.0,11.0,4.0,9.0,15.0,8.0,7.0,1.0,16.0,2.0,1.0,0.0,13.0,10.0
945,201208,3,5.0,13.0,5.0,4.0,2.0,15.0,0.0,8.0,3.0,14.0,4.0,7.0,30.0,4.0,17.0,29.0,2.0,2.0,6.0,6.0,0.0,5.0,0.0,11.0,11.0,5.0,9.0,2.0,6.0,0.0,3.0,11.0,5.0,8.0
946,201208,4,11.0,5.0,2.0,15.0,2.0,11.0,3.0,8.0,0.0,9.0,1.0,5.0,7.0,2.0,65.0,19.0,7.0,0.0,2.0,10.0,1.0,4.0,0.0,4.0,9.0,10.0,7.0,2.0,7.0,1.0,1.0,4.0,3.0,11.0
947,201208,5,65.0,8.0,3.0,21.0,1.0,58.0,5.0,54.0,0.0,50.0,9.0,25.0,9.0,8.0,39.0,74.0,3.0,1.0,1.0,11.0,3.0,19.0,2.0,14.0,40.0,12.0,5.0,5.0,34.0,4.0,3.0,2.0,35.0,83.0
948,201208,6,14.0,9.0,6.0,31.0,3.0,26.0,1.0,13.0,5.0,10.0,9.0,23.0,8.0,11.0,10.0,37.0,4.0,1.0,2.0,3.0,2.0,6.0,0.0,6.0,13.0,5.0,8.0,0.0,18.0,3.0,3.0,2.0,9.0,13.0
949,201208,7,6.0,7.0,9.0,7.0,2.0,3.0,3.0,4.0,0.0,7.0,11.0,11.0,2.0,4.0,10.0,19.0,2.0,2.0,3.0,13.0,3.0,16.0,2.0,7.0,9.0,1.0,8.0,1.0,5.0,3.0,3.0,2.0,3.0,3.0
950,201208,8,3.0,10.0,2.0,5.0,1.0,1.0,2.0,5.0,2.0,3.0,2.0,6.0,7.0,6.0,6.0,11.0,2.0,3.0,2.0,3.0,0.0,8.0,4.0,2.0,6.0,4.0,6.0,1.0,9.0,1.0,0.0,2.0,0.0,6.0
951,201208,9,79.0,15.0,12.0,16.0,8.0,49.0,1.0,52.0,3.0,47.0,13.0,41.0,81.0,11.0,71.0,72.0,5.0,2.0,10.0,3.0,2.0,11.0,4.0,26.0,44.0,22.0,17.0,25.0,34.0,2.0,6.0,1.0,28.0,111.0
952,201208,10,91.0,33.0,8.0,26.0,8.0,94.0,6.0,71.0,2.0,58.0,16.0,35.0,43.0,8.0,80.0,116.0,4.0,4.0,16.0,10.0,4.0,16.0,4.0,35.0,54.0,23.0,24.0,11.0,43.0,2.0,5.0,6.0,59.0,164.0
953,201208,11,9.0,17.0,2.0,10.0,1.0,21.0,10.0,6.0,4.0,6.0,8.0,7.0,12.0,5.0,10.0,34.0,2.0,2.0,4.0,3.0,6.0,34.0,5.0,5.0,14.0,6.0,3.0,4.0,19.0,2.0,2.0,2.0,14.0,4.0
954,201208,12,6.0,9.0,5.0,13.0,0.0,7.0,11.0,2.0,4.0,9.0,3.0,12.0,12.0,11.0,16.0,14.0,0.0,1.0,5.0,21.0,2.0,34.0,4.0,3.0,6.0,1.0,0.0,2.0,8.0,5.0,0.0,12.0,2.0,10.0
955,201208,13,4.0,12.0,3.0,17.0,4.0,11.0,8.0,3.0,2.0,5.0,6.0,8.0,26.0,7.0,24.0,21.0,4.0,2.0,3.0,10.0,4.0,12.0,1.0,9.0,11.0,4.0,3.0,0.0,5.0,3.0,1.0,10.0,2.0,10.0
956,201208,14,38.0,37.0,6.0,7.0,3.0,11.0,3.0,18.0,9.0,14.0,1.0,8.0,12.0,6.0,22.0,23.0,5.0,2.0,6.0,11.0,4.0,3.0,2.0,9.0,11.0,7.0,7.0,0.0,11.0,1.0,4.0,9.0,5.0,9.0
957,201208,15,32.0,21.0,4.0,1.0,3.0,21.0,7.0,16.0,5.0,23.0,5.0,11.0,4.0,1.0,11.0,19.0,3.0,1.0,3.0,9.0,0.0,13.0,5.0,10.0,18.0,4.0,12.0,2.0,12.0,4.0,0.0,4.0,18.0,47.0
958,201208,16,5.0,31.0,2.0,18.0,3.0,7.0,4.0,5.0,4.0,12.0,5.0,7.0,8.0,2.0,124.0,22.0,1.0,1.0,15.0,11.0,0.0,11.0,5.0,16.0,21.0,4.0,6.0,3.0,10.0,1.0,0.0,5.0,4.0,8.0
959,201208,17,20.0,17.0,3.0,5.0,4.0,13.0,6.0,10.0,3.0,11.0,7.0,16.0,6.0,6.0,14.0,19.0,4.0,3.0,0.0,11.0,4.0,12.0,6.0,9.0,10.0,5.0,2.0,0.0,8.0,2.0,3.0,22.0,11.0,31.0
960,201208,18,1.0,105.0,4.0,3.0,6.0,3.0,4.0,2.0,2.0,1.0,33.0,5.0,7.0,5.0,7.0,5.0,4.0,9.0,2.0,3.0,1.0,4.0,5.0,7.0,4.0,5.0,3.0,1.0,2.0,1.0,1.0,9.0,0.0,1.0
961,201208,19,3.0,19.0,5.0,2.0,0.0,3.0,4.0,3.0,2.0,5.0,15.0,6.0,6.0,6.0,12.0,4.0,3.0,3.0,0.0,1.0,2.0,4.0,2.0,6.0,4.0,3.0,6.0,0.0,8.0,4.0,2.0,14.0,2.0,6.0
962,201208,20,4.0,7.0,0.0,3.0,0.0,5.0,3.0,2.0,0.0,6.0,6.0,5.0,6.0,6.0,24.0,18.0,1.0,0.0,3.0,14.0,1.0,18.0,3.0,4.0,6.0,6.0,4.0,0.0,7.0,1.0,1.0,12.0,5.0,7.0
963,201208,21,3.0,5.0,5.0,3.0,10.0,2.0,4.0,1.0,4.0,6.0,9.0,5.0,4.0,1.0,5.0,8.0,10.0,2.0,1.0,12.0,0.0,19.0,3.0,7.0,13.0,3.0,8.0,1.0,9.0,2.0,4.0,3.0,2.0,10.0
964,201208,22,0.0,5.0,7.0,3.0,4.0,8.0,0.0,3.0,0.0,8.0,6.0,5.0,5.0,5.0,8.0,7.0,1.0,2.0,3.0,11.0,7.0,18.0,3.0,9.0,11.0,6.0,2.0,2.0,7.0,3.0,2.0,5.0,4.0,4.0
965,201208,23,2.0,5.0,3.0,1.0,0.0,3.0,4.0,3.0,3.0,3.0,3.0,12.0,1.0,5.0,6.0,8.0,2.0,0.0,1.0,4.0,4.0,4.0,0.0,2.0,1.0,3.0,2.0,1.0,4.0,0.0,0.0,1.0,1.0,2.0
966,201208,24,2.0,1.0,2.0,3.0,1.0,5.0,4.0,2.0,5.0,5.0,6.0,3.0,4.0,3.0,9.0,3.0,2.0,0.0,1.0,5.0,2.0,8.0,0.0,7.0,9.0,0.0,2.0,0.0,6.0,3.0,1.0,9.0,0.0,7.0
967,201208,25,0.0,5.0,1.0,1.0,0.0,4.0,5.0,3.0,1.0,4.0,2.0,2.0,3.0,0.0,2.0,3.0,5.0,0.0,0.0,4.0,1.0,5.0,0.0,1.0,0.0,1.0,3.0,0.0,5.0,0.0,1.0,6.0,0.0,2.0
968,201208,26,13.0,25.0,2.0,2.0,25.0,28.0,3.0,17.0,6.0,45.0,16.0,12.0,25.0,4.0,21.0,17.0,139.0,2.0,5.0,10.0,6.0,11.0,1.0,12.0,11.0,4.0,25.0,35.0,25.0,2.0,60.0,7.0,14.0,25.0
969,201208,27,16.0,15.0,0.0,6.0,9.0,13.0,2.0,22.0,0.0,17.0,15.0,12.0,12.0,7.0,21.0,27.0,86.0,3.0,0.0,9.0,0.0,23.0,3.0,7.0,14.0,6.0,14.0,3.0,10.0,1.0,27.0,5.0,16.0,41.0
970,201208,28,9.0,39.0,2.0,5.0,33.0,4.0,3.0,5.0,2.0,12.0,187.0,12.0,52.0,7.0,10.0,7.0,7.0,2.0,2.0,13.0,3.0,15.0,4.0,20.0,5.0,2.0,8.0,4.0,4.0,2.0,3.0,1.0,6.0,10.0
971,201208,29,6.0,44.0,4.0,6.0,16.0,2.0,5.0,4.0,4.0,9.0,235.0,12.0,54.0,4.0,8.0,2.0,3.0,2.0,3.0,16.0,7.0,17.0,2.0,28.0,7.0,4.0,7.0,3.0,4.0,13.0,1.0,2.0,7.0,4.0
972,201208,30,1.0,47.0,6.0,9.0,5.0,4.0,4.0,5.0,1.0,10.0,244.0,16.0,62.0,9.0,13.0,6.0,5.0,1.0,3.0,10.0,5.0,7.0,2.0,38.0,7.0,2.0,5.0,1.0,4.0,1.0,2.0,3.0,7.0,6.0
973,201208,31,9.0,10.0,2.0,6.0,4.0,4.0,14.0,8.0,4.0,12.0,56.0,6.0,3.0,2.0,5.0,4.0,1.0,3.0,1.0,26.0,3.0,55.0,6.0,7.0,6.0,3.0,4.0,1.0,2.0,1.0,0.0,1.0,1.0,7.0
974,201209,1,2.0,3.0,1.0,1.0,2.0,2.0,3.0,1.0,0.0,0.0,3.0,1.0,1.0,1.0,5.0,4.0,4.0,0.0,0.0,4.0,1.0,10.0,1.0,2.0,1.0,0.0,2.0,0.0,0.0,0.0,0.0,0.0,2.0,0.0
975,201209,2,0.0,2.0,5.0,1.0,2.0,1.0,5.0,2.0,3.0,2.0,2.0,3.0,0.0,0.0,0.0,0.0,4.0,0.0,1.0,2.0,0.0,5.0,1.0,7.0,1.0,1.0,2.0,0.0,0.0,1.0,0.0,8.0,0.0,4.0
976,201209,3,8.0,2.0,2.0,5.0,2.0,8.0,1.0,16.0,4.0,8.0,2.0,5.0,2.0,0.0,5.0,11.0,1.0,4.0,0.0,2.0,2.0,6.0,1.0,5.0,1.0,0.0,1.0,3.0,6.0,1.0,1.0,12.0,2.0,3.0
977,201209,4,27.0,8.0,8.0,6.0,2.0,47.0,3.0,55.0,7.0,32.0,8.0,10.0,5.0,2.0,36.0,32.0,0.0,2.0,1.0,9.0,3.0,11.0,1.0,10.0,21.0,8.0,10.0,4.0,24.0,1.0,0.0,7.0,19.0,88.0
978,201209,5,24.0,22.0,12.0,17.0,1.0,20.0,15.0,9.0,5.0,21.0,12.0,7.0,7.0,4.0,55.0,38.0,1.0,3.0,7.0,14.0,2.0,34.0,4.0,19.0,18.0,8.0,10.0,6.0,12.0,1.0,0.0,6.0,13.0,45.0
979,201209,6,11.0,22.0,7.0,14.0,0.0,9.0,6.0,10.0,0.0,5.0,9.0,8.0,9.0,3.0,19.0,26.0,2.0,1.0,4.0,17.0,3.0,16.0,6.0,11.0,10.0,8.0,2.0,1.0,10.0,1.0,2.0,3.0,10.0,13.0
980,201209,7,3.0,26.0,3.0,7.0,2.0,18.0,11.0,3.0,3.0,4.0,10.0,5.0,11.0,1.0,44.0,10.0,1.0,3.0,3.0,4.0,1.0,6.0,1.0,10.0,11.0,8.0,4.0,0.0,6.0,2.0,0.0,3.0,3.0,9.0
981,201209,8,36.0,8.0,2.0,4.0,2.0,24.0,3.0,27.0,1.0,19.0,6.0,11.0,10.0,1.0,8.0,25.0,6.0,3.0,1.0,4.0,1.0,3.0,2.0,6.0,9.0,6.0,9.0,7.0,24.0,1.0,3.0,4.0,14.0,24.0
982,201209,9,24.0,17.0,5.0,5.0,5.0,8.0,3.0,3.0,3.0,4.0,8.0,9.0,3.0,0.0,6.0,11.0,5.0,4.0,2.0,6.0,3.0,3.0,0.0,10.0,3.0,1.0,2.0,0.0,3.0,4.0,0.0,2.0,0.0,5.0
983,201209,10,38.0,23.0,5.0,4.0,2.0,8.0,0.0,7.0,1.0,4.0,9.0,5.0,6.0,1.0,10.0,7.0,2.0,2.0,0.0,12.0,0.0,7.0,1.0,2.0,10.0,3.0,4.0,1.0,6.0,4.0,1.0,2.0,0.0,3.0
984,201209,11,6.0,13.0,6.0,1.0,1.0,6.0,4.0,1.0,5.0,2.0,5.0,2.0,5.0,8.0,5.0,5.0,1.0,3.0,0.0,13.0,17.0,10.0,2.0,7.0,4.0,4.0,0.0,0.0,2.0,3.0,1.0,2.0,1.0,6.0
985,201209,12,2.0,4.0,3.0,1.0,0.0,3.0,8.0,5.0,0.0,4.0,4.0,3.0,2.0,5.0,6.0,3.0,0.0,3.0,0.0,12.0,2.0,15.0,1.0,3.0,5.0,3.0,3.0,0.0,3.0,1.0,0.0,2.0,1.0,5.0
986,201209,13,2.0,40.0,5.0,3.0,0.0,2.0,5.0,1.0,4.0,4.0,35.0,5.0,3.0,3.0,8.0,5.0,1.0,12.0,1.0,11.0,5.0,12.0,2.0,5.0,7.0,4.0,2.0,1.0,5.0,4.0,0.0,1.0,1.0,3.0
987,201209,14,4.0,8.0,1.0,2.0,1.0,5.0,1.0,3.0,1.0,2.0,5.0,7.0,0.0,2.0,3.0,7.0,0.0,4.0,2.0,4.0,0.0,1.0,0.0,0.0,6.0,4.0,3.0,0.0,3.0,1.0,0.0,0.0,1.0,4.0
988,201209,15,12.0,10.0,0.0,1.0,1.0,5.0,0.0,1.0,1.0,3.0,2.0,4.0,2.0,1.0,2.0,6.0,3.0,3.0,2.0,7.0,0.0,8.0,4.0,9.0,6.0,2.0,3.0,2.0,4.0,1.0,1.0,1.0,1.0,3.0
989,201209,16,9.0,34.0,3.0,1.0,0.0,5.0,9.0,3.0,0.0,4.0,0.0,6.0,5.0,7.0,13.0,4.0,3.0,3.0,1.0,12.0,4.0,39.0,3.0,8.0,4.0,4.0,0.0,0.0,4.0,4.0,1.0,3.0,2.0,3.0
990,201209,17,3.0,36.0,3.0,7.0,0.0,3.0,1.0,3.0,0.0,3.0,4.0,4.0,4.0,8.0,26.0,11.0,10.0,6.0,5.0,16.0,5.0,11.0,0.0,2.0,1.0,5.0,2.0,2.0,2.0,2.0,0.0,8.0,1.0,11.0
991,201209,18,58.0,18.0,1.0,7.0,0.0,38.0,2.0,42.0,0.0,42.0,3.0,21.0,8.0,7.0,20.0,38.0,4.0,2.0,3.0,11.0,5.0,17.0,2.0,14.0,27.0,9.0,7.0,23.0,19.0,1.0,2.0,3.0,34.0,50.0
992,201209,19,3.0,23.0,4.0,2.0,1.0,10.0,4.0,4.0,25.0,8.0,7.0,5.0,4.0,3.0,13.0,16.0,2.0,4.0,4.0,10.0,3.0,10.0,2.0,9.0,12.0,4.0,6.0,1.0,6.0,0.0,1.0,6.0,1.0,10.0
993,201209,20,6.0,37.0,9.0,8.0,1.0,4.0,5.0,4.0,6.0,4.0,8.0,2.0,7.0,3.0,11.0,14.0,10.0,3.0,2.0,10.0,0.0,12.0,3.0,5.0,10.0,4.0,6.0,2.0,2.0,1.0,0.0,0.0,2.0,1.0
994,201209,21,1.0,35.0,7.0,11.0,2.0,6.0,4.0,5.0,3.0,3.0,1.0,5.0,3.0,4.0,12.0,11.0,4.0,3.0,3.0,10.0,2.0,8.0,1.0,6.0,7.0,3.0,3.0,2.0,2.0,2.0,1.0,2.0,0.0,3.0
995,201209,22,1.0,9.0,3.0,4.0,1.0,5.0,2.0,1.0,2.0,5.0,1.0,0.0,1.0,1.0,9.0,7.0,5.0,4.0,1.0,8.0,4.0,6.0,2.0,0.0,1.0,5.0,6.0,1.0,2.0,1.0,1.0,2.0,0.0,1.0
996,201209,23,1.0,34.0,4.0,2.0,0.0,6.0,8.0,1.0,0.0,4.0,3.0,5.0,5.0,6.0,9.0,2.0,5.0,10.0,0.0,10.0,2.0,22.0,3.0,8.0,5.0,3.0,6.0,0.0,2.0,2.0,1.0,1.0,0.0,8.0
997,201209,24,5.0,39.0,5.0,1.0,1.0,5.0,3.0,4.0,3.0,6.0,5.0,2.0,5.0,2.0,13.0,6.0,6.0,5.0,0.0,11.0,2.0,11.0,0.0,5.0,2.0,4.0,3.0,2.0,7.0,1.0,2.0,1.0,2.0,10.0
998,201209,25,4.0,25.0,10.0,5.0,3.0,2.0,3.0,2.0,1.0,7.0,4.0,3.0,2.0,6.0,10.0,3.0,3.0,2.0,3.0,12.0,3.0,12.0,0.0,2.0,3.0,7.0,4.0,2.0,6.0,0.0,1.0,2.0,1.0,7.0
999,201209,26,1.0,8.0,5.0,4.0,3.0,4.0,6.0,2.0,6.0,0.0,3.0,5.0,1.0,9.0,8.0,4.0,2.0,2.0,1.0,7.0,5.0,17.0,1.0,3.0,4.0,0.0,3.0,0.0,3.0,4.0,0.0,3.0,0.0,3.0
1000,201209,27,2.0,10.0,3.0,9.0,1.0,5.0,11.0,4.0,0.0,13.0,5.0,15.0,5.0,15.0,14.0,11.0,4.0,1.0,0.0,12.0,1.0,21.0,2.0,3.0,9.0,4.0,6.0,0.0,11.0,1.0,0.0,0.0,0.0,8.0
1001,201209,28,16.0,10.0,2.0,2.0,1.0,16.0,6.0,7.0,0.0,13.0,4.0,3.0,5.0,3.0,7.0,9.0,3.0,0.0,1.0,14.0,2.0,15.0,1.0,5.0,10.0,2.0,5.0,0.0,5.0,1.0,1.0,3.0,3.0,20.0
1002,201209,29,2.0,12.0,4.0,2.0,0.0,4.0,6.0,1.0,3.0,4.0,18.0,2.0,0.0,1.0,6.0,3.0,1.0,3.0,1.0,11.0,0.0,20.0,0.0,4.0,4.0,3.0,1.0,0.0,3.0,0.0,3.0,0.0,0.0,3.0
1003,201209,30,5.0,21.0,3.0,1.0,2.0,7.0,3.0,2.0,0.0,0.0,6.0,7.0,9.0,4.0,12.0,8.0,0.0,1.0,0.0,10.0,1.0,8.0,5.0,9.0,6.0,2.0,3.0,0.0,11.0,1.0,1.0,6.0,3.0,3.0
1004,201210,1,3.0,10.0,1.0,1.0,3.0,1.0,10.0,0.0,2.0,0.0,3.0,2.0,9.0,0.0,8.0,12.0,2.0,3.0,3.0,6.0,4.0,4.0,4.0,3.0,6.0,5.0,2.0,1.0,4.0,0.0,0.0,5.0,5.0,7.0
1005,201210,2,27.0,2.0,5.0,2.0,0.0,10.0,1.0,22.0,3.0,10.0,4.0,3.0,8.0,1.0,8.0,12.0,6.0,2.0,1.0,11.0,2.0,9.0,0.0,5.0,5.0,3.0,4.0,0.0,15.0,5.0,3.0,5.0,0.0,14.0
1006,201210,3,29.0,9.0,2.0,4.0,2.0,23.0,10.0,15.0,3.0,28.0,2.0,11.0,10.0,2.0,13.0,18.0,2.0,2.0,3.0,17.0,5.0,12.0,4.0,14.0,18.0,4.0,3.0,15.0,21.0,12.0,1.0,5.0,2.0,52.0
1007,201210,4,14.0,9.0,3.0,6.0,0.0,23.0,4.0,6.0,0.0,10.0,2.0,5.0,0.0,7.0,2.0,9.0,14.0,3.0,2.0,11.0,2.0,8.0,2.0,5.0,5.0,8.0,5.0,1.0,5.0,2.0,0.0,1.0,1.0,15.0
1008,201210,5,3.0,7.0,2.0,4.0,0.0,6.0,3.0,3.0,4.0,4.0,9.0,8.0,1.0,8.0,3.0,6.0,10.0,0.0,0.0,10.0,0.0,8.0,1.0,2.0,4.0,3.0,5.0,1.0,3.0,2.0,0.0,1.0,5.0,4.0
1009,201210,6,1.0,5.0,1.0,5.0,1.0,2.0,3.0,0.0,4.0,2.0,3.0,2.0,0.0,1.0,3.0,3.0,6.0,0.0,1.0,9.0,0.0,5.0,1.0,3.0,1.0,1.0,1.0,0.0,2.0,0.0,1.0,12.0,2.0,4.0
1010,201210,7,1.0,3.0,3.0,2.0,1.0,3.0,5.0,2.0,2.0,5.0,2.0,6.0,3.0,5.0,7.0,3.0,3.0,0.0,0.0,3.0,1.0,8.0,2.0,3.0,3.0,4.0,1.0,0.0,3.0,1.0,1.0,9.0,3.0,1.0
1011,201210,8,2.0,8.0,4.0,4.0,0.0,2.0,41.0,1.0,6.0,8.0,2.0,4.0,5.0,1.0,8.0,5.0,5.0,2.0,1.0,5.0,2.0,11.0,6.0,3.0,1.0,1.0,2.0,0.0,9.0,2.0,0.0,8.0,5.0,1.0
1012,201210,9,13.0,11.0,4.0,3.0,0.0,10.0,4.0,9.0,6.0,8.0,1.0,6.0,1.0,3.0,8.0,5.0,3.0,3.0,1.0,10.0,1.0,11.0,0.0,4.0,11.0,1.0,5.0,1.0,9.0,2.0,1.0,4.0,1.0,14.0
1013,201210,10,2.0,14.0,3.0,2.0,3.0,8.0,7.0,4.0,2.0,5.0,5.0,4.0,1.0,4.0,8.0,4.0,3.0,2.0,1.0,12.0,1.0,7.0,0.0,7.0,6.0,2.0,2.0,0.0,2.0,2.0,1.0,2.0,0.0,8.0
1014,201210,11,0.0,8.0,3.0,5.0,0.0,6.0,13.0,3.0,0.0,5.0,3.0,2.0,2.0,2.0,4.0,8.0,1.0,4.0,1.0,25.0,5.0,36.0,1.0,8.0,5.0,0.0,5.0,2.0,4.0,2.0,3.0,0.0,1.0,1.0
1015,201210,12,1.0,3.0,2.0,1.0,0.0,2.0,7.0,1.0,0.0,6.0,6.0,7.0,1.0,6.0,4.0,3.0,2.0,1.0,0.0,5.0,3.0,20.0,1.0,6.0,6.0,1.0,2.0,1.0,3.0,3.0,0.0,3.0,0.0,3.0
1016,201210,13,1.0,3.0,1.0,7.0,1.0,0.0,1.0,1.0,1.0,0.0,1.0,1.0,2.0,1.0,6.0,3.0,0.0,0.0,0.0,3.0,0.0,1.0,0.0,1.0,1.0,0.0,3.0,2.0,1.0,0.0,0.0,2.0,0.0,0.0
1017,201210,14,5.0,1.0,3.0,18.0,1.0,6.0,5.0,1.0,3.0,3.0,5.0,5.0,3.0,3.0,89.0,12.0,3.0,3.0,8.0,10.0,0.0,8.0,1.0,12.0,17.0,6.0,6.0,3.0,12.0,2.0,0.0,11.0,1.0,3.0
1018,201210,15,13.0,6.0,8.0,4.0,0.0,13.0,5.0,18.0,1.0,13.0,5.0,10.0,4.0,4.0,17.0,13.0,1.0,2.0,2.0,18.0,5.0,25.0,2.0,6.0,8.0,2.0,1.0,2.0,9.0,14.0,1.0,4.0,4.0,6.0
1019,201210,16,2.0,5.0,9.0,4.0,1.0,3.0,9.0,1.0,0.0,1.0,4.0,1.0,1.0,5.0,2.0,3.0,1.0,0.0,1.0,16.0,2.0,22.0,3.0,4.0,8.0,2.0,4.0,0.0,1.0,23.0,3.0,1.0,0.0,5.0
1020,201210,17,2.0,3.0,2.0,11.0,1.0,1.0,8.0,1.0,1.0,1.0,3.0,1.0,0.0,3.0,39.0,8.0,2.0,0.0,2.0,6.0,2.0,8.0,0.0,7.0,11.0,4.0,0.0,0.0,1.0,0.0,1.0,2.0,0.0,4.0
1021,201210,18,8.0,10.0,8.0,5.0,1.0,11.0,2.0,0.0,0.0,2.0,0.0,1.0,4.0,5.0,7.0,10.0,1.0,3.0,5.0,7.0,3.0,5.0,2.0,4.0,5.0,3.0,1.0,1.0,7.0,0.0,2.0,1.0,1.0,2.0
1022,201210,19,25.0,7.0,1.0,2.0,0.0,15.0,6.0,7.0,1.0,20.0,0.0,30.0,6.0,1.0,10.0,12.0,1.0,1.0,0.0,12.0,2.0,26.0,3.0,3.0,18.0,2.0,6.0,4.0,14.0,2.0,1.0,5.0,4.0,27.0
1023,201210,20,2.0,3.0,1.0,3.0,0.0,2.0,2.0,4.0,7.0,3.0,0.0,1.0,3.0,1.0,1.0,3.0,1.0,1.0,1.0,1.0,1.0,3.0,0.0,3.0,3.0,0.0,0.0,2.0,4.0,0.0,0.0,7.0,5.0,2.0
1024,201210,21,0.0,3.0,1.0,2.0,1.0,3.0,8.0,1.0,3.0,6.0,3.0,1.0,4.0,3.0,8.0,3.0,0.0,3.0,0.0,6.0,0.0,9.0,0.0,6.0,0.0,3.0,1.0,0.0,7.0,2.0,0.0,0.0,1.0,4.0
1025,201210,22,3.0,1.0,2.0,11.0,2.0,10.0,12.0,4.0,3.0,4.0,4.0,4.0,8.0,6.0,95.0,10.0,3.0,1.0,10.0,13.0,1.0,33.0,4.0,4.0,10.0,4.0,2.0,0.0,4.0,4.0,0.0,0.0,1.0,6.0
1026,201210,23,0.0,1.0,6.0,13.0,1.0,6.0,6.0,5.0,1.0,2.0,6.0,3.0,5.0,8.0,27.0,10.0,2.0,0.0,1.0,5.0,3.0,5.0,5.0,4.0,14.0,3.0,2.0,0.0,5.0,4.0,0.0,0.0,0.0,5.0
1027,201210,24,6.0,6.0,2.0,24.0,0.0,4.0,6.0,7.0,0.0,2.0,7.0,4.0,2.0,36.0,19.0,4.0,4.0,5.0,0.0,6.0,0.0,20.0,2.0,6.0,6.0,2.0,1.0,0.0,5.0,2.0,0.0,3.0,0.0,4.0
1028,201210,25,7.0,4.0,2.0,16.0,1.0,6.0,7.0,3.0,2.0,2.0,1.0,4.0,5.0,22.0,20.0,13.0,1.0,1.0,2.0,20.0,0.0,31.0,9.0,9.0,15.0,7.0,3.0,0.0,5.0,4.0,3.0,3.0,1.0,4.0
1029,201210,26,0.0,6.0,3.0,2.0,1.0,5.0,2.0,1.0,1.0,1.0,3.0,5.0,4.0,10.0,9.0,8.0,1.0,2.0,2.0,2.0,0.0,6.0,1.0,9.0,5.0,3.0,1.0,1.0,3.0,3.0,3.0,4.0,1.0,4.0
1030,201210,27,3.0,2.0,1.0,1.0,0.0,3.0,4.0,3.0,3.0,3.0,0.0,2.0,4.0,2.0,3.0,4.0,2.0,0.0,0.0,3.0,2.0,4.0,1.0,1.0,0.0,1.0,2.0,0.0,2.0,1.0,2.0,8.0,1.0,0.0
1031,201210,28,83.0,31.0,22.0,15.0,12.0,55.0,22.0,63.0,0.0,68.0,40.0,45.0,48.0,39.0,85.0,64.0,21.0,3.0,17.0,52.0,19.0,59.0,9.0,22.0,34.0,15.0,37.0,20.0,84.0,9.0,27.0,9.0,27.0,78.0
1032,201210,29,474.0,107.0,47.0,84.0,62.0,682.0,41.0,501.0,3.0,519.0,102.0,191.0,239.0,80.0,295.0,446.0,89.0,23.0,65.0,119.0,45.0,122.0,23.0,77.0,203.0,70.0,198.0,306.0,363.0,36.0,124.0,4.0,315.0,514.0
1033,201210,30,463.0,89.0,39.0,66.0,53.0,632.0,36.0,476.0,2.0,464.0,75.0,164.0,115.0,56.0,280.0,381.0,73.0,25.0,51.0,89.0,29.0,76.0,12.0,103.0,217.0,68.0,167.0,296.0,321.0,33.0,101.0,3.0,303.0,509.0
1034,201210,31,402.0,39.0,10.0,28.0,17.0,209.0,16.0,112.0,4.0,141.0,39.0,62.0,40.0,18.0,92.0,120.0,32.0,14.0,17.0,43.0,13.0,36.0,4.0,34.0,82.0,35.0,63.0,52.0,85.0,9.0,52.0,7.0,244.0,480.0
1035,201211,1,153.0,6.0,1.0,15.0,4.0,61.0,6.0,18.0,1.0,41.0,16.0,30.0,13.0,22.0,29.0,50.0,4.0,2.0,4.0,20.0,3.0,17.0,3.0,14.0,26.0,9.0,15.0,8.0,25.0,7.0,10.0,3.0,66.0,205.0
1036,201211,2,9.0,4.0,3.0,5.0,3.0,17.0,2.0,4.0,2.0,11.0,7.0,8.0,6.0,8.0,8.0,9.0,6.0,2.0,0.0,11.0,2.0,11.0,2.0,8.0,8.0,1.0,5.0,3.0,5.0,3.0,6.0,3.0,29.0,28.0
1037,201211,3,0.0,4.0,2.0,2.0,2.0,2.0,0.0,1.0,2.0,5.0,3.0,2.0,2.0,3.0,6.0,5.0,0.0,0.0,0.0,3.0,0.0,2.0,0.0,1.0,5.0,3.0,3.0,1.0,4.0,3.0,1.0,4.0,3.0,3.0
1038,201211,4,5.0,4.0,1.0,7.0,1.0,3.0,2.0,5.0,7.0,3.0,1.0,3.0,1.0,1.0,9.0,5.0,3.0,0.0,1.0,6.0,0.0,7.0,2.0,5.0,1.0,3.0,1.0,0.0,2.0,2.0,2.0,1.0,1.0,2.0
1039,201211,5,4.0,5.0,3.0,2.0,1.0,8.0,10.0,6.0,2.0,3.0,5.0,2.0,5.0,5.0,14.0,4.0,2.0,2.0,1.0,15.0,1.0,14.0,6.0,1.0,6.0,3.0,4.0,2.0,6.0,3.0,0.0,5.0,0.0,7.0
1040,201211,6,3.0,4.0,17.0,3.0,1.0,5.0,5.0,3.0,1.0,7.0,5.0,4.0,4.0,7.0,14.0,3.0,2.0,3.0,3.0,17.0,6.0,17.0,2.0,6.0,5.0,2.0,1.0,2.0,3.0,31.0,0.0,2.0,1.0,10.0
1041,201211,7,218.0,37.0,16.0,16.0,12.0,102.0,12.0,99.0,1.0,45.0,25.0,44.0,36.0,16.0,84.0,79.0,33.0,5.0,8.0,43.0,10.0,51.0,7.0,29.0,54.0,22.0,35.0,10.0,33.0,22.0,27.0,4.0,135.0,222.0
1042,201211,8,121.0,6.0,1.0,11.0,2.0,64.0,5.0,19.0,2.0,24.0,10.0,21.0,7.0,4.0,16.0,40.0,4.0,6.0,4.0,12.0,2.0,10.0,6.0,8.0,22.0,7.0,20.0,1.0,19.0,3.0,6.0,1.0,64.0,119.0
1043,201211,9,3.0,7.0,2.0,5.0,0.0,4.0,5.0,4.0,2.0,4.0,8.0,2.0,0.0,24.0,4.0,1.0,0.0,1.0,1.0,3.0,1.0,6.0,20.0,4.0,3.0,2.0,2.0,0.0,2.0,1.0,2.0,0.0,1.0,3.0
1044,201211,10,1.0,3.0,6.0,18.0,1.0,1.0,2.0,2.0,0.0,1.0,1.0,2.0,0.0,21.0,3.0,4.0,0.0,1.0,2.0,2.0,0.0,2.0,7.0,0.0,1.0,0.0,1.0,1.0,0.0,0.0,1.0,1.0,0.0,1.0
1045,201211,11,3.0,6.0,4.0,20.0,0.0,0.0,2.0,1.0,0.0,2.0,4.0,1.0,4.0,18.0,8.0,2.0,2.0,0.0,1.0,8.0,1.0,5.0,4.0,1.0,2.0,3.0,0.0,1.0,2.0,1.0,0.0,2.0,1.0,1.0
1046,201211,12,3.0,5.0,3.0,18.0,3.0,10.0,11.0,3.0,5.0,15.0,3.0,6.0,6.0,6.0,14.0,13.0,1.0,1.0,3.0,9.0,0.0,8.0,0.0,6.0,10.0,1.0,2.0,6.0,5.0,1.0,0.0,13.0,12.0,55.0
1047,201211,13,15.0,1.0,9.0,5.0,0.0,4.0,2.0,10.0,2.0,11.0,1.0,4.0,3.0,3.0,5.0,7.0,0.0,2.0,1.0,14.0,1.0,13.0,1.0,8.0,9.0,2.0,1.0,1.0,3.0,6.0,1.0,4.0,0.0,10.0
1048,201211,14,4.0,3.0,3.0,4.0,0.0,3.0,5.0,2.0,0.0,1.0,7.0,3.0,2.0,2.0,3.0,6.0,3.0,1.0,1.0,9.0,0.0,12.0,6.0,4.0,9.0,1.0,2.0,0.0,3.0,6.0,0.0,0.0,1.0,1.0
1049,201211,15,4.0,5.0,3.0,1.0,0.0,5.0,3.0,4.0,1.0,10.0,5.0,11.0,16.0,7.0,20.0,5.0,1.0,1.0,4.0,13.0,1.0,5.0,3.0,19.0,4.0,1.0,24.0,1.0,7.0,6.0,0.0,3.0,2.0,4.0
1050,201211,16,5.0,5.0,5.0,6.0,0.0,4.0,17.0,2.0,6.0,3.0,1.0,2.0,5.0,6.0,14.0,7.0,1.0,0.0,2.0,25.0,0.0,51.0,3.0,4.0,10.0,7.0,16.0,0.0,3.0,4.0,2.0,6.0,0.0,5.0
1051,201211,17,1.0,3.0,1.0,4.0,0.0,3.0,2.0,3.0,0.0,2.0,3.0,0.0,1.0,5.0,2.0,4.0,2.0,0.0,0.0,5.0,0.0,8.0,4.0,1.0,3.0,0.0,2.0,0.0,0.0,2.0,3.0,4.0,0.0,2.0
1052,201211,18,1.0,3.0,4.0,2.0,0.0,3.0,6.0,3.0,4.0,4.0,2.0,5.0,0.0,2.0,2.0,10.0,0.0,2.0,0.0,5.0,0.0,2.0,1.0,8.0,0.0,3.0,1.0,1.0,0.0,1.0,1.0,2.0,1.0,1.0
1053,201211,19,3.0,4.0,2.0,2.0,1.0,2.0,2.0,0.0,2.0,1.0,6.0,9.0,3.0,2.0,1.0,5.0,3.0,5.0,1.0,7.0,0.0,2.0,2.0,4.0,4.0,1.0,5.0,0.0,2.0,1.0,0.0,0.0,0.0,4.0
1054,201211,20,2.0,9.0,4.0,5.0,1.0,4.0,13.0,3.0,0.0,3.0,6.0,7.0,4.0,6.0,32.0,8.0,4.0,1.0,2.0,16.0,4.0,54.0,6.0,3.0,6.0,1.0,3.0,2.0,6.0,3.0,0.0,2.0,2.0,1.0
1055,201211,21,6.0,1.0,8.0,22.0,1.0,6.0,1.0,2.0,2.0,6.0,4.0,3.0,3.0,4.0,102.0,17.0,0.0,0.0,41.0,3.0,2.0,4.0,1.0,12.0,26.0,15.0,5.0,1.0,7.0,0.0,1.0,3.0,1.0,1.0
1056,201211,22,1.0,0.0,1.0,3.0,0.0,0.0,2.0,0.0,2.0,1.0,1.0,0.0,1.0,3.0,2.0,0.0,2.0,1.0,0.0,3.0,2.0,2.0,0.0,0.0,3.0,3.0,1.0,0.0,0.0,1.0,0.0,6.0,0.0,0.0
1057,201211,23,2.0,1.0,3.0,5.0,0.0,1.0,0.0,0.0,0.0,2.0,1.0,0.0,0.0,7.0,1.0,2.0,0.0,3.0,2.0,20.0,3.0,20.0,0.0,1.0,2.0,0.0,0.0,0.0,0.0,25.0,0.0,2.0,1.0,1.0
1058,201211,24,2.0,3.0,1.0,10.0,1.0,3.0,5.0,0.0,1.0,1.0,0.0,1.0,2.0,4.0,3.0,2.0,1.0,2.0,1.0,10.0,2.0,1.0,2.0,4.0,4.0,1.0,4.0,0.0,3.0,19.0,0.0,4.0,0.0,0.0
1059,201211,25,2.0,1.0,5.0,7.0,0.0,3.0,2.0,2.0,3.0,0.0,1.0,6.0,2.0,2.0,4.0,4.0,0.0,0.0,0.0,14.0,1.0,10.0,1.0,4.0,5.0,0.0,1.0,1.0,1.0,8.0,0.0,6.0,2.0,1.0
1060,201211,26,2.0,1.0,6.0,4.0,0.0,4.0,7.0,1.0,0.0,2.0,4.0,1.0,1.0,3.0,5.0,2.0,1.0,1.0,1.0,21.0,3.0,40.0,1.0,1.0,2.0,4.0,1.0,0.0,2.0,2.0,1.0,2.0,0.0,1.0
1061,201211,27,31.0,6.0,9.0,7.0,1.0,30.0,14.0,32.0,2.0,28.0,3.0,13.0,2.0,3.0,10.0,27.0,3.0,1.0,3.0,8.0,1.0,12.0,1.0,19.0,25.0,8.0,15.0,6.0,17.0,1.0,3.0,2.0,21.0,94.0
1062,201211,28,4.0,8.0,7.0,5.0,0.0,8.0,21.0,1.0,2.0,5.0,4.0,3.0,2.0,11.0,0.0,7.0,2.0,1.0,1.0,30.0,5.0,80.0,7.0,7.0,8.0,2.0,4.0,0.0,4.0,9.0,2.0,3.0,2.0,2.0
1063,201211,29,1.0,10.0,8.0,7.0,0.0,4.0,14.0,3.0,9.0,7.0,5.0,3.0,2.0,4.0,2.0,2.0,1.0,2.0,2.0,50.0,4.0,67.0,6.0,6.0,4.0,6.0,3.0,0.0,4.0,8.0,1.0,5.0,0.0,2.0
1064,201211,30,2.0,7.0,3.0,3.0,0.0,5.0,23.0,3.0,0.0,5.0,3.0,10.0,2.0,8.0,5.0,8.0,0.0,1.0,1.0,32.0,2.0,82.0,6.0,3.0,8.0,3.0,3.0,1.0,1.0,5.0,1.0,0.0,1.0,2.0
1065,201212,1,10.0,3.0,1.0,11.0,0.0,6.0,8.0,4.0,1.0,4.0,2.0,4.0,4.0,4.0,8.0,4.0,0.0,0.0,0.0,11.0,2.0,38.0,6.0,3.0,2.0,7.0,1.0,2.0,2.0,4.0,0.0,3.0,0.0,1.0
1066,201212,2,6.0,2.0,5.0,22.0,1.0,15.0,12.0,27.0,9.0,11.0,6.0,4.0,3.0,4.0,18.0,13.0,1.0,1.0,1.0,16.0,0.0,37.0,6.0,12.0,5.0,6.0,2.0,13.0,3.0,4.0,2.0,4.0,3.0,9.0
1067,201212,3,4.0,3.0,4.0,20.0,2.0,7.0,13.0,5.0,1.0,8.0,3.0,4.0,2.0,8.0,31.0,41.0,6.0,2.0,17.0,8.0,1.0,11.0,4.0,2.0,10.0,3.0,1.0,3.0,2.0,3.0,3.0,3.0,1.0,4.0
1068,201212,4,3.0,9.0,13.0,3.0,2.0,11.0,4.0,3.0,2.0,5.0,11.0,1.0,2.0,5.0,6.0,8.0,2.0,6.0,4.0,14.0,5.0,19.0,6.0,6.0,3.0,4.0,2.0,0.0,1.0,1.0,1.0,6.0,3.0,4.0
1069,201212,5,3.0,2.0,16.0,3.0,1.0,7.0,15.0,1.0,5.0,2.0,5.0,1.0,3.0,5.0,2.0,10.0,3.0,0.0,2.0,36.0,2.0,71.0,3.0,13.0,5.0,1.0,4.0,0.0,4.0,10.0,1.0,1.0,3.0,4.0
1070,201212,6,6.0,7.0,8.0,5.0,2.0,4.0,4.0,6.0,2.0,5.0,8.0,6.0,3.0,3.0,6.0,4.0,5.0,2.0,0.0,13.0,2.0,26.0,2.0,14.0,16.0,3.0,4.0,2.0,2.0,3.0,1.0,1.0,3.0,2.0
1071,201212,7,12.0,6.0,6.0,4.0,3.0,7.0,8.0,5.0,0.0,4.0,12.0,4.0,0.0,10.0,9.0,11.0,4.0,2.0,1.0,13.0,5.0,9.0,2.0,8.0,15.0,3.0,4.0,0.0,0.0,5.0,4.0,2.0,1.0,1.0
1072,201212,8,5.0,5.0,1.0,3.0,5.0,14.0,1.0,15.0,5.0,9.0,0.0,4.0,6.0,14.0,8.0,9.0,5.0,1.0,0.0,8.0,6.0,11.0,7.0,4.0,6.0,1.0,2.0,8.0,3.0,5.0,3.0,0.0,3.0,3.0
1073,201212,9,9.0,10.0,6.0,186.0,0.0,8.0,2.0,14.0,2.0,1.0,19.0,7.0,12.0,17.0,41.0,22.0,2.0,6.0,15.0,8.0,1.0,12.0,3.0,13.0,19.0,7.0,2.0,4.0,6.0,2.0,1.0,2.0,5.0,5.0
1074,201212,10,38.0,17.0,11.0,23.0,4.0,80.0,3.0,74.0,1.0,138.0,9.0,17.0,17.0,15.0,28.0,50.0,2.0,1.0,0.0,11.0,6.0,20.0,5.0,18.0,36.0,9.0,24.0,32.0,17.0,7.0,4.0,7.0,25.0,36.0
1075,201212,11,6.0,13.0,14.0,7.0,1.0,8.0,12.0,3.0,10.0,3.0,9.0,7.0,5.0,8.0,9.0,0.0,3.0,2.0,1.0,18.0,5.0,39.0,7.0,6.0,12.0,6.0,3.0,0.0,6.0,4.0,3.0,8.0,2.0,1.0
1076,201212,12,5.0,7.0,6.0,4.0,0.0,5.0,3.0,5.0,1.0,6.0,4.0,5.0,8.0,4.0,4.0,3.0,6.0,2.0,1.0,9.0,3.0,17.0,5.0,4.0,21.0,2.0,13.0,0.0,2.0,3.0,2.0,10.0,1.0,0.0
1077,201212,13,5.0,7.0,7.0,5.0,0.0,7.0,10.0,2.0,1.0,2.0,4.0,3.0,2.0,4.0,4.0,2.0,3.0,1.0,0.0,12.0,5.0,8.0,2.0,4.0,14.0,5.0,4.0,0.0,4.0,4.0,2.0,1.0,4.0,1.0
1078,201212,14,5.0,8.0,7.0,4.0,3.0,3.0,2.0,4.0,0.0,5.0,3.0,2.0,1.0,5.0,6.0,6.0,6.0,0.0,2.0,5.0,3.0,15.0,8.0,7.0,21.0,2.0,5.0,3.0,2.0,1.0,2.0,1.0,0.0,3.0
1079,201212,15,2.0,5.0,14.0,8.0,1.0,4.0,2.0,1.0,0.0,1.0,3.0,1.0,3.0,5.0,12.0,5.0,2.0,1.0,1.0,4.0,3.0,9.0,2.0,3.0,8.0,0.0,3.0,0.0,1.0,0.0,0.0,2.0,2.0,0.0
1080,201212,16,11.0,13.0,7.0,16.0,2.0,18.0,8.0,12.0,3.0,8.0,36.0,6.0,3.0,8.0,9.0,11.0,1.0,4.0,0.0,21.0,1.0,33.0,3.0,14.0,9.0,1.0,6.0,2.0,6.0,2.0,0.0,4.0,2.0,19.0
1081,201212,17,21.0,15.0,10.0,9.0,7.0,59.0,8.0,65.0,9.0,18.0,9.0,21.0,22.0,16.0,19.0,40.0,12.0,6.0,9.0,20.0,7.0,32.0,9.0,18.0,38.0,15.0,25.0,211.0,16.0,9.0,12.0,10.0,8.0,60.0
1082,201212,18,8.0,9.0,12.0,3.0,1.0,10.0,18.0,17.0,6.0,8.0,6.0,1.0,1.0,13.0,4.0,8.0,4.0,2.0,1.0,16.0,5.0,20.0,10.0,10.0,14.0,5.0,5.0,33.0,7.0,9.0,3.0,4.0,4.0,3.0
1083,201212,19,3.0,34.0,17.0,28.0,1.0,10.0,15.0,11.0,1.0,7.0,11.0,4.0,6.0,53.0,36.0,12.0,1.0,2.0,3.0,21.0,3.0,21.0,22.0,4.0,10.0,4.0,5.0,0.0,0.0,3.0,5.0,5.0,3.0,4.0
1084,201212,20,23.0,41.0,26.0,177.0,7.0,29.0,21.0,25.0,1.0,23.0,25.0,16.0,43.0,37.0,422.0,89.0,15.0,12.0,100.0,27.0,9.0,37.0,17.0,40.0,36.0,157.0,20.0,4.0,16.0,5.0,5.0,7.0,6.0,20.0
1085,201212,21,46.0,16.0,3.0,36.0,1.0,37.0,26.0,22.0,0.0,14.0,10.0,15.0,6.0,9.0,109.0,61.0,4.0,4.0,28.0,36.0,8.0,106.0,11.0,11.0,26.0,11.0,11.0,2.0,19.0,11.0,1.0,3.0,9.0,36.0
1086,201212,22,7.0,4.0,2.0,14.0,0.0,9.0,6.0,7.0,1.0,7.0,4.0,10.0,3.0,8.0,5.0,15.0,1.0,1.0,3.0,10.0,3.0,24.0,4.0,7.0,15.0,8.0,6.0,4.0,7.0,2.0,3.0,13.0,0.0,1.0
1087,201212,23,1.0,3.0,3.0,7.0,1.0,7.0,12.0,6.0,0.0,7.0,5.0,10.0,6.0,16.0,6.0,8.0,1.0,1.0,3.0,29.0,3.0,58.0,11.0,9.0,13.0,2.0,3.0,0.0,6.0,10.0,0.0,1.0,1.0,1.0
1088,201212,24,2.0,2.0,3.0,1.0,2.0,5.0,10.0,7.0,0.0,7.0,4.0,6.0,3.0,23.0,5.0,3.0,2.0,2.0,1.0,3.0,0.0,10.0,7.0,2.0,7.0,3.0,2.0,0.0,9.0,1.0,2.0,5.0,1.0,1.0
1089,201212,25,6.0,275.0,14.0,9.0,6.0,3.0,6.0,2.0,0.0,5.0,38.0,18.0,17.0,19.0,27.0,9.0,7.0,15.0,2.0,12.0,7.0,20.0,3.0,26.0,19.0,25.0,9.0,1.0,4.0,3.0,3.0,9.0,1.0,2.0
1090,201212,26,67.0,203.0,18.0,31.0,20.0,83.0,10.0,134.0,5.0,77.0,48.0,63.0,60.0,29.0,132.0,265.0,26.0,15.0,36.0,19.0,7.0,13.0,17.0,60.0,225.0,31.0,43.0,27.0,43.0,7.0,9.0,14.0,25.0,93.0
1091,201212,27,60.0,43.0,15.0,23.0,3.0,140.0,4.0,37.0,2.0,39.0,38.0,32.0,28.0,36.0,52.0,108.0,4.0,7.0,3.0,17.0,3.0,14.0,9.0,31.0,39.0,18.0,17.0,6.0,28.0,1.0,6.0,7.0,17.0,40.0
1092,201212,28,11.0,24.0,14.0,13.0,2.0,34.0,15.0,12.0,2.0,16.0,39.0,8.0,13.0,22.0,32.0,29.0,5.0,5.0,7.0,7.0,1.0,15.0,6.0,20.0,26.0,12.0,6.0,4.0,15.0,4.0,5.0,0.0,4.0,4.0
1093,201212,29,49.0,10.0,3.0,9.0,2.0,33.0,5.0,16.0,0.0,24.0,4.0,16.0,10.0,8.0,13.0,31.0,7.0,2.0,1.0,3.0,1.0,8.0,9.0,12.0,16.0,10.0,11.0,4.0,10.0,1.0,4.0,1.0,27.0,37.0
1094,201212,30,9.0,16.0,11.0,2.0,0.0,14.0,13.0,4.0,2.0,4.0,7.0,12.0,5.0,4.0,6.0,4.0,3.0,2.0,0.0,13.0,2.0,16.0,2.0,9.0,4.0,3.0,3.0,0.0,4.0,3.0,2.0,1.0,1.0,4.0
1095,201212,31,6.0,8.0,5.0,5.0,1.0,6.0,5.0,0.0,3.0,4.0,4.0,0.0,1.0,8.0,2.0,4.0,1.0,3.0,1.0,6.0,1.0,9.0,9.0,3.0,7.0,2.0,3.0,0.0,2.0,0.0,0.0,6.0,1.0,1.0
1096,201301,1,4.0,25.0,6.0,3.0,1.0,2.0,2.0,2.0,0.0,2.0,14.0,1.0,1.0,6.0,10.0,3.0,7.0,2.0,0.0,9.0,1.0,3.0,8.0,4.0,9.0,7.0,4.0,0.0,6.0,1.0,4.0,10.0,1.0,3.0
1097,201301,2,8.0,19.0,4.0,5.0,1.0,8.0,7.0,4.0,4.0,1.0,36.0,6.0,4.0,5.0,11.0,7.0,0.0,6.0,3.0,11.0,2.0,8.0,2.0,7.0,6.0,5.0,3.0,0.0,3.0,3.0,1.0,8.0,1.0,2.0
1098,201301,3,7.0,24.0,10.0,14.0,0.0,8.0,18.0,6.0,1.0,5.0,8.0,4.0,5.0,15.0,14.0,7.0,5.0,4.0,0.0,8.0,0.0,6.0,2.0,15.0,9.0,8.0,2.0,0.0,8.0,0.0,2.0,2.0,0.0,10.0
1099,201301,4,5.0,34.0,8.0,7.0,0.0,5.0,25.0,3.0,5.0,5.0,5.0,10.0,4.0,6.0,7.0,12.0,5.0,4.0,1.0,7.0,1.0,13.0,3.0,8.0,7.0,9.0,4.0,1.0,2.0,1.0,2.0,2.0,1.0,4.0
1100,201301,5,2.0,4.0,1.0,5.0,2.0,1.0,4.0,1.0,1.0,3.0,2.0,0.0,0.0,3.0,3.0,2.0,2.0,2.0,1.0,3.0,1.0,7.0,3.0,2.0,0.0,2.0,1.0,1.0,1.0,1.0,0.0,12.0,2.0,0.0
1101,201301,6,2.0,11.0,0.0,2.0,1.0,2.0,3.0,5.0,2.0,6.0,10.0,7.0,1.0,7.0,5.0,2.0,1.0,4.0,0.0,10.0,0.0,11.0,3.0,2.0,2.0,4.0,0.0,1.0,3.0,1.0,1.0,12.0,1.0,1.0
1102,201301,7,2.0,10.0,1.0,1.0,0.0,5.0,8.0,2.0,0.0,5.0,8.0,3.0,1.0,4.0,9.0,5.0,1.0,2.0,0.0,11.0,1.0,10.0,2.0,18.0,6.0,9.0,3.0,2.0,5.0,1.0,0.0,9.0,3.0,4.0
1103,201301,8,6.0,7.0,5.0,2.0,2.0,5.0,4.0,3.0,0.0,7.0,7.0,3.0,1.0,7.0,9.0,2.0,0.0,6.0,0.0,6.0,1.0,7.0,6.0,5.0,6.0,2.0,3.0,1.0,5.0,2.0,1.0,0.0,0.0,2.0
1104,201301,9,3.0,30.0,4.0,2.0,1.0,6.0,5.0,4.0,0.0,1.0,29.0,3.0,9.0,4.0,4.0,2.0,4.0,8.0,2.0,7.0,0.0,14.0,4.0,5.0,10.0,2.0,4.0,1.0,2.0,3.0,0.0,0.0,1.0,6.0
1105,201301,10,2.0,13.0,6.0,5.0,9.0,4.0,2.0,1.0,0.0,3.0,21.0,5.0,6.0,7.0,11.0,4.0,5.0,1.0,4.0,10.0,0.0,7.0,19.0,10.0,7.0,4.0,6.0,1.0,3.0,3.0,0.0,3.0,0.0,2.0
1106,201301,11,3.0,19.0,6.0,60.0,1.0,10.0,5.0,7.0,0.0,10.0,7.0,23.0,7.0,32.0,60.0,16.0,8.0,2.0,2.0,11.0,2.0,15.0,14.0,6.0,12.0,8.0,4.0,2.0,13.0,1.0,0.0,2.0,1.0,14.0
1107,201301,12,12.0,6.0,0.0,18.0,3.0,17.0,4.0,22.0,1.0,8.0,4.0,59.0,7.0,11.0,9.0,8.0,6.0,0.0,2.0,5.0,1.0,20.0,5.0,6.0,8.0,2.0,13.0,0.0,29.0,1.0,0.0,3.0,2.0,2.0
1108,201301,13,32.0,15.0,3.0,9.0,3.0,88.0,2.0,149.0,11.0,68.0,15.0,26.0,13.0,17.0,24.0,38.0,5.0,1.0,0.0,7.0,2.0,12.0,15.0,11.0,28.0,10.0,12.0,10.0,41.0,1.0,1.0,2.0,13.0,14.0
1109,201301,14,7.0,9.0,6.0,5.0,2.0,32.0,4.0,19.0,3.0,13.0,12.0,2.0,6.0,9.0,8.0,4.0,3.0,1.0,1.0,24.0,9.0,23.0,13.0,21.0,14.0,9.0,4.0,5.0,9.0,4.0,3.0,1.0,1.0,4.0
1110,201301,15,11.0,223.0,18.0,15.0,5.0,10.0,6.0,8.0,4.0,16.0,48.0,12.0,32.0,8.0,18.0,10.0,5.0,20.0,4.0,18.0,5.0,22.0,5.0,51.0,18.0,18.0,7.0,1.0,8.0,7.0,6.0,1.0,1.0,6.0
1111,201301,16,28.0,12.0,1.0,37.0,2.0,41.0,13.0,44.0,1.0,15.0,6.0,10.0,17.0,4.0,16.0,77.0,0.0,3.0,10.0,15.0,2.0,21.0,6.0,26.0,27.0,5.0,5.0,2.0,22.0,3.0,2.0,0.0,19.0,40.0
1112,201301,17,8.0,6.0,3.0,8.0,11.0,12.0,36.0,8.0,1.0,15.0,5.0,34.0,60.0,4.0,11.0,15.0,7.0,4.0,3.0,8.0,2.0,16.0,3.0,10.0,12.0,3.0,11.0,2.0,25.0,1.0,5.0,1.0,3.0,7.0
1113,201301,18,10.0,5.0,4.0,6.0,2.0,10.0,33.0,3.0,3.0,9.0,5.0,15.0,4.0,2.0,10.0,3.0,1.0,0.0,5.0,7.0,0.0,10.0,4.0,3.0,8.0,0.0,2.0,1.0,18.0,1.0,0.0,0.0,2.0,2.0
1114,201301,19,2.0,2.0,1.0,2.0,1.0,3.0,17.0,3.0,2.0,3.0,1.0,5.0,0.0,3.0,3.0,2.0,1.0,1.0,0.0,1.0,1.0,4.0,0.0,1.0,4.0,1.0,1.0,0.0,0.0,2.0,0.0,10.0,0.0,2.0
1115,201301,20,4.0,31.0,4.0,10.0,2.0,2.0,20.0,1.0,1.0,3.0,89.0,1.0,4.0,3.0,2.0,6.0,3.0,10.0,2.0,5.0,2.0,9.0,1.0,14.0,5.0,8.0,2.0,1.0,5.0,1.0,0.0,1.0,0.0,1.0
1116,201301,21,4.0,14.0,5.0,18.0,1.0,11.0,33.0,3.0,4.0,7.0,7.0,3.0,2.0,8.0,17.0,22.0,0.0,4.0,7.0,12.0,2.0,5.0,4.0,33.0,13.0,4.0,6.0,3.0,7.0,2.0,0.0,14.0,5.0,17.0
1117,201301,22,3.0,6.0,4.0,24.0,0.0,18.0,19.0,4.0,2.0,6.0,4.0,5.0,4.0,3.0,9.0,28.0,1.0,1.0,4.0,4.0,1.0,6.0,5.0,4.0,16.0,4.0,2.0,0.0,8.0,2.0,1.0,7.0,0.0,13.0
1118,201301,23,10.0,11.0,1.0,17.0,1.0,7.0,19.0,9.0,0.0,9.0,22.0,6.0,10.0,1.0,36.0,12.0,1.0,6.0,2.0,12.0,4.0,30.0,4.0,4.0,11.0,4.0,2.0,1.0,5.0,2.0,1.0,12.0,0.0,9.0
1119,201301,24,8.0,11.0,13.0,19.0,1.0,14.0,30.0,14.0,2.0,15.0,10.0,9.0,10.0,13.0,16.0,15.0,1.0,4.0,4.0,23.0,5.0,27.0,111.0,6.0,9.0,6.0,4.0,2.0,8.0,3.0,2.0,7.0,1.0,15.0
1120,201301,25,25.0,5.0,2.0,11.0,1.0,29.0,25.0,46.0,0.0,59.0,13.0,130.0,25.0,4.0,33.0,35.0,4.0,3.0,6.0,7.0,0.0,18.0,7.0,35.0,28.0,9.0,13.0,9.0,48.0,3.0,3.0,2.0,10.0,40.0
1121,201301,26,7.0,5.0,2.0,8.0,0.0,10.0,12.0,5.0,0.0,7.0,3.0,9.0,3.0,10.0,6.0,3.0,0.0,0.0,2.0,15.0,5.0,17.0,23.0,7.0,3.0,4.0,5.0,3.0,14.0,13.0,0.0,11.0,3.0,4.0
1122,201301,27,12.0,12.0,7.0,113.0,1.0,13.0,10.0,5.0,0.0,5.0,5.0,12.0,8.0,32.0,236.0,36.0,1.0,1.0,20.0,12.0,4.0,10.0,62.0,15.0,29.0,22.0,3.0,2.0,7.0,9.0,3.0,14.0,1.0,7.0
1123,201301,28,64.0,31.0,8.0,88.0,1.0,47.0,11.0,58.0,4.0,65.0,8.0,24.0,23.0,50.0,108.0,63.0,1.0,3.0,32.0,8.0,3.0,9.0,12.0,12.0,40.0,16.0,13.0,8.0,25.0,1.0,4.0,11.0,3.0,68.0
1124,201301,29,7.0,121.0,9.0,40.0,3.0,13.0,7.0,4.0,3.0,14.0,24.0,8.0,8.0,15.0,124.0,44.0,2.0,7.0,40.0,8.0,0.0,9.0,6.0,26.0,22.0,29.0,12.0,3.0,3.0,3.0,0.0,4.0,2.0,13.0
1125,201301,30,49.0,22.0,8.0,40.0,9.0,63.0,8.0,74.0,0.0,52.0,9.0,44.0,109.0,22.0,133.0,58.0,3.0,7.0,12.0,7.0,3.0,10.0,4.0,17.0,53.0,21.0,14.0,10.0,29.0,2.0,5.0,6.0,33.0,86.0
1126,201301,31,55.0,14.0,4.0,25.0,2.0,42.0,7.0,14.0,1.0,32.0,10.0,18.0,10.0,12.0,48.0,40.0,2.0,2.0,12.0,10.0,0.0,14.0,4.0,12.0,29.0,9.0,8.0,2.0,20.0,2.0,3.0,3.0,7.0,63.0
1127,201302,1,20.0,3.0,4.0,19.0,0.0,9.0,3.0,3.0,4.0,8.0,3.0,5.0,3.0,3.0,28.0,28.0,1.0,0.0,5.0,3.0,1.0,8.0,1.0,9.0,23.0,7.0,2.0,1.0,9.0,1.0,1.0,0.0,1.0,15.0
1128,201302,2,5.0,2.0,2.0,12.0,1.0,3.0,9.0,5.0,1.0,5.0,2.0,9.0,5.0,4.0,30.0,8.0,1.0,2.0,3.0,5.0,0.0,7.0,11.0,6.0,7.0,8.0,2.0,0.0,3.0,1.0,2.0,1.0,1.0,0.0
1129,201302,3,13.0,7.0,2.0,10.0,0.0,7.0,8.0,6.0,1.0,9.0,7.0,4.0,6.0,5.0,15.0,16.0,0.0,2.0,4.0,13.0,3.0,15.0,8.0,4.0,10.0,3.0,1.0,0.0,6.0,4.0,2.0,1.0,4.0,15.0
1130,201302,4,13.0,12.0,5.0,25.0,0.0,13.0,5.0,9.0,1.0,13.0,5.0,6.0,5.0,5.0,106.0,26.0,2.0,1.0,10.0,27.0,4.0,17.0,5.0,15.0,17.0,7.0,4.0,1.0,7.0,14.0,1.0,4.0,0.0,8.0
1131,201302,5,11.0,7.0,4.0,11.0,0.0,11.0,1.0,4.0,2.0,14.0,5.0,6.0,1.0,1.0,27.0,15.0,2.0,4.0,4.0,3.0,0.0,3.0,3.0,13.0,12.0,4.0,4.0,0.0,15.0,2.0,0.0,0.0,4.0,41.0
1132,201302,6,9.0,8.0,4.0,3.0,4.0,6.0,12.0,5.0,0.0,3.0,15.0,5.0,7.0,5.0,2.0,6.0,0.0,6.0,2.0,7.0,2.0,8.0,9.0,6.0,8.0,1.0,3.0,0.0,9.0,1.0,0.0,3.0,0.0,3.0
1133,201302,7,7.0,11.0,8.0,27.0,1.0,9.0,4.0,7.0,2.0,5.0,4.0,6.0,11.0,7.0,167.0,27.0,0.0,1.0,15.0,5.0,0.0,10.0,2.0,12.0,19.0,9.0,8.0,3.0,6.0,1.0,0.0,6.0,1.0,2.0
1134,201302,8,214.0,37.0,19.0,35.0,24.0,350.0,22.0,120.0,1.0,102.0,44.0,61.0,76.0,35.0,132.0,202.0,49.0,9.0,24.0,64.0,16.0,59.0,15.0,29.0,63.0,26.0,72.0,42.0,73.0,12.0,64.0,11.0,165.0,286.0
1135,201302,9,158.0,21.0,7.0,13.0,15.0,463.0,3.0,82.0,1.0,47.0,11.0,41.0,29.0,17.0,36.0,98.0,33.0,5.0,9.0,13.0,4.0,15.0,6.0,12.0,15.0,4.0,47.0,39.0,36.0,2.0,45.0,3.0,134.0,177.0
1136,201302,10,13.0,9.0,3.0,90.0,1.0,176.0,6.0,11.0,0.0,6.0,13.0,5.0,13.0,13.0,107.0,15.0,2.0,3.0,19.0,6.0,1.0,5.0,4.0,17.0,13.0,9.0,4.0,11.0,10.0,3.0,4.0,2.0,13.0,8.0
1137,201302,11,49.0,14.0,7.0,32.0,2.0,96.0,6.0,74.0,0.0,164.0,15.0,39.0,20.0,7.0,47.0,54.0,6.0,8.0,10.0,7.0,2.0,9.0,1.0,13.0,43.0,11.0,20.0,12.0,24.0,2.0,10.0,0.0,37.0,53.0
1138,201302,12,3.0,10.0,2.0,8.0,0.0,19.0,5.0,2.0,0.0,4.0,16.0,5.0,7.0,2.0,5.0,6.0,2.0,4.0,3.0,11.0,1.0,7.0,7.0,3.0,5.0,3.0,3.0,0.0,4.0,3.0,0.0,0.0,3.0,7.0
1139,201302,13,10.0,13.0,5.0,7.0,1.0,7.0,3.0,4.0,1.0,8.0,3.0,9.0,7.0,3.0,9.0,22.0,0.0,3.0,4.0,8.0,1.0,4.0,5.0,11.0,11.0,3.0,9.0,1.0,5.0,0.0,5.0,6.0,4.0,10.0
1140,201302,14,4.0,10.0,2.0,2.0,0.0,9.0,3.0,4.0,0.0,4.0,5.0,2.0,0.0,6.0,4.0,8.0,2.0,3.0,1.0,10.0,3.0,10.0,2.0,1.0,6.0,2.0,4.0,0.0,6.0,1.0,2.0,5.0,3.0,7.0
1141,201302,15,4.0,2.0,0.0,3.0,4.0,4.0,5.0,7.0,3.0,3.0,2.0,4.0,2.0,0.0,7.0,6.0,0.0,3.0,0.0,4.0,0.0,5.0,1.0,3.0,2.0,1.0,0.0,1.0,3.0,0.0,1.0,8.0,0.0,5.0
1142,201302,16,2.0,2.0,2.0,6.0,1.0,2.0,3.0,3.0,1.0,8.0,5.0,98.0,7.0,3.0,3.0,4.0,4.0,5.0,0.0,6.0,2.0,3.0,3.0,5.0,6.0,0.0,9.0,1.0,10.0,2.0,1.0,5.0,1.0,0.0
1143,201302,17,13.0,2.0,3.0,7.0,0.0,13.0,4.0,5.0,2.0,10.0,2.0,15.0,4.0,8.0,5.0,4.0,3.0,1.0,2.0,6.0,2.0,13.0,5.0,7.0,3.0,3.0,8.0,1.0,3.0,1.0,3.0,3.0,5.0,3.0
1144,201302,18,4.0,6.0,1.0,22.0,0.0,3.0,7.0,4.0,0.0,3.0,3.0,3.0,5.0,13.0,19.0,9.0,4.0,2.0,0.0,2.0,0.0,4.0,3.0,4.0,1.0,2.0,1.0,0.0,3.0,2.0,2.0,8.0,0.0,1.0
1145,201302,19,19.0,5.0,4.0,24.0,0.0,22.0,4.0,48.0,4.0,19.0,2.0,5.0,4.0,11.0,64.0,27.0,1.0,4.0,4.0,9.0,2.0,18.0,5.0,14.0,18.0,8.0,4.0,1.0,6.0,3.0,0.0,4.0,3.0,14.0
1146,201302,20,11.0,35.0,20.0,17.0,4.0,12.0,1.0,8.0,3.0,8.0,15.0,4.0,13.0,27.0,35.0,9.0,1.0,3.0,4.0,15.0,2.0,9.0,5.0,20.0,16.0,18.0,7.0,3.0,4.0,3.0,0.0,4.0,2.0,7.0
1147,201302,21,17.0,97.0,26.0,69.0,5.0,7.0,9.0,12.0,0.0,17.0,44.0,14.0,50.0,55.0,115.0,36.0,7.0,5.0,21.0,16.0,11.0,7.0,6.0,45.0,32.0,332.0,10.0,12.0,15.0,3.0,4.0,3.0,3.0,15.0
1148,201302,22,17.0,15.0,2.0,53.0,4.0,19.0,5.0,8.0,0.0,13.0,8.0,20.0,22.0,7.0,245.0,31.0,1.0,3.0,52.0,6.0,1.0,1.0,1.0,22.0,60.0,89.0,11.0,7.0,34.0,1.0,2.0,0.0,2.0,12.0
1149,201302,23,5.0,5.0,3.0,7.0,2.0,17.0,0.0,30.0,1.0,6.0,3.0,7.0,5.0,8.0,9.0,8.0,0.0,1.0,0.0,5.0,4.0,9.0,9.0,4.0,3.0,2.0,23.0,3.0,5.0,1.0,2.0,9.0,3.0,0.0
1150,201302,24,8.0,31.0,24.0,23.0,3.0,12.0,12.0,11.0,1.0,6.0,15.0,14.0,12.0,331.0,20.0,5.0,1.0,4.0,7.0,26.0,5.0,19.0,29.0,17.0,9.0,22.0,4.0,1.0,8.0,10.0,1.0,18.0,1.0,4.0
1151,201302,25,7.0,182.0,29.0,12.0,9.0,8.0,6.0,8.0,2.0,8.0,53.0,4.0,18.0,18.0,34.0,11.0,4.0,21.0,4.0,13.0,5.0,6.0,5.0,27.0,11.0,37.0,4.0,7.0,16.0,2.0,0.0,2.0,6.0,8.0
1152,201302,26,26.0,80.0,47.0,74.0,6.0,40.0,16.0,15.0,0.0,28.0,22.0,28.0,37.0,38.0,460.0,68.0,9.0,15.0,138.0,25.0,9.0,14.0,10.0,32.0,53.0,163.0,21.0,10.0,18.0,6.0,7.0,4.0,6.0,23.0
1153,201302,27,25.0,15.0,8.0,16.0,1.0,31.0,4.0,15.0,0.0,28.0,15.0,14.0,8.0,7.0,98.0,31.0,4.0,2.0,12.0,13.0,6.0,14.0,6.0,16.0,27.0,12.0,5.0,6.0,20.0,5.0,1.0,5.0,12.0,40.0
1154,201302,28,6.0,9.0,1.0,5.0,1.0,9.0,7.0,5.0,1.0,9.0,9.0,10.0,4.0,4.0,10.0,6.0,3.0,1.0,2.0,6.0,0.0,13.0,1.0,5.0,4.0,3.0,6.0,1.0,6.0,3.0,0.0,2.0,3.0,12.0
1155,201303,1,14.0,8.0,4.0,13.0,1.0,10.0,20.0,3.0,0.0,9.0,7.0,7.0,3.0,7.0,66.0,11.0,0.0,2.0,6.0,25.0,1.0,57.0,9.0,8.0,16.0,8.0,2.0,1.0,4.0,7.0,0.0,0.0,2.0,6.0
1156,201303,2,11.0,6.0,2.0,1.0,2.0,5.0,3.0,2.0,0.0,8.0,5.0,56.0,6.0,2.0,8.0,4.0,3.0,1.0,1.0,7.0,2.0,12.0,2.0,1.0,11.0,8.0,12.0,1.0,14.0,4.0,1.0,0.0,3.0,1.0
1157,201303,3,1.0,5.0,0.0,3.0,2.0,6.0,2.0,2.0,2.0,10.0,8.0,3.0,10.0,1.0,8.0,9.0,3.0,1.0,1.0,2.0,1.0,8.0,0.0,9.0,5.0,6.0,2.0,3.0,6.0,2.0,0.0,12.0,3.0,1.0
1158,201303,4,11.0,7.0,1.0,80.0,1.0,14.0,3.0,3.0,0.0,5.0,5.0,6.0,3.0,14.0,44.0,18.0,3.0,2.0,8.0,8.0,1.0,18.0,11.0,5.0,10.0,11.0,3.0,2.0,5.0,3.0,2.0,11.0,1.0,17.0
1159,201303,5,17.0,29.0,18.0,135.0,9.0,42.0,19.0,13.0,0.0,19.0,20.0,24.0,47.0,19.0,529.0,84.0,10.0,8.0,168.0,29.0,9.0,51.0,13.0,37.0,75.0,46.0,19.0,10.0,22.0,11.0,11.0,4.0,6.0,26.0
1160,201303,6,71.0,22.0,7.0,38.0,14.0,115.0,15.0,133.0,4.0,266.0,23.0,48.0,68.0,19.0,75.0,97.0,17.0,6.0,25.0,21.0,3.0,30.0,11.0,30.0,81.0,22.0,48.0,97.0,265.0,8.0,18.0,3.0,63.0,117.0
1161,201303,7,42.0,11.0,1.0,7.0,2.0,54.0,7.0,15.0,5.0,37.0,9.0,14.0,11.0,4.0,20.0,31.0,2.0,1.0,2.0,7.0,2.0,14.0,2.0,12.0,24.0,6.0,11.0,13.0,27.0,2.0,0.0,0.0,13.0,100.0
1162,201303,8,117.0,12.0,12.0,15.0,1.0,154.0,15.0,47.0,0.0,48.0,13.0,29.0,17.0,7.0,35.0,74.0,0.0,0.0,8.0,11.0,6.0,16.0,6.0,13.0,34.0,13.0,18.0,9.0,33.0,2.0,3.0,1.0,16.0,170.0
1163,201303,9,7.0,63.0,33.0,24.0,5.0,10.0,15.0,4.0,0.0,3.0,17.0,8.0,7.0,317.0,17.0,12.0,0.0,6.0,8.0,26.0,8.0,20.0,27.0,12.0,8.0,16.0,13.0,5.0,14.0,6.0,1.0,0.0,2.0,1.0
1164,201303,10,8.0,17.0,3.0,45.0,2.0,5.0,4.0,4.0,0.0,3.0,15.0,7.0,6.0,7.0,52.0,8.0,2.0,2.0,6.0,6.0,1.0,2.0,3.0,8.0,9.0,5.0,4.0,1.0,7.0,2.0,1.0,11.0,1.0,3.0
1165,201303,11,8.0,11.0,5.0,17.0,0.0,10.0,6.0,5.0,3.0,5.0,7.0,6.0,3.0,6.0,37.0,24.0,1.0,3.0,5.0,13.0,3.0,7.0,4.0,6.0,10.0,1.0,5.0,5.0,4.0,3.0,2.0,5.0,4.0,7.0
1166,201303,12,24.0,10.0,5.0,10.0,1.0,26.0,8.0,24.0,1.0,17.0,6.0,9.0,10.0,1.0,16.0,28.0,1.0,1.0,4.0,12.0,2.0,16.0,2.0,13.0,23.0,4.0,6.0,4.0,17.0,2.0,1.0,1.0,26.0,58.0
1167,201303,13,7.0,5.0,5.0,5.0,1.0,5.0,11.0,6.0,2.0,5.0,5.0,1.0,3.0,5.0,3.0,5.0,2.0,0.0,4.0,27.0,3.0,30.0,1.0,5.0,8.0,3.0,6.0,3.0,5.0,36.0,0.0,0.0,1.0,8.0
1168,201303,14,4.0,9.0,4.0,5.0,0.0,5.0,6.0,5.0,0.0,5.0,4.0,1.0,5.0,2.0,8.0,4.0,2.0,0.0,3.0,15.0,1.0,12.0,0.0,6.0,3.0,3.0,2.0,1.0,7.0,26.0,1.0,7.0,2.0,9.0
1169,201303,15,7.0,1.0,6.0,11.0,1.0,10.0,3.0,2.0,1.0,6.0,5.0,4.0,3.0,6.0,17.0,11.0,0.0,0.0,6.0,13.0,1.0,8.0,1.0,2.0,7.0,1.0,2.0,2.0,2.0,6.0,0.0,0.0,0.0,6.0
1170,201303,16,4.0,2.0,0.0,6.0,2.0,1.0,1.0,1.0,3.0,5.0,1.0,3.0,2.0,7.0,7.0,7.0,0.0,1.0,1.0,5.0,0.0,8.0,5.0,2.0,8.0,1.0,1.0,0.0,4.0,1.0,2.0,1.0,0.0,2.0
1171,201303,17,8.0,8.0,3.0,9.0,0.0,4.0,3.0,2.0,0.0,4.0,9.0,6.0,8.0,2.0,9.0,10.0,0.0,1.0,1.0,4.0,2.0,5.0,3.0,11.0,6.0,1.0,4.0,1.0,1.0,0.0,1.0,0.0,2.0,3.0
1172,201303,18,46.0,10.0,4.0,48.0,9.0,21.0,5.0,25.0,0.0,26.0,11.0,33.0,133.0,8.0,78.0,44.0,5.0,2.0,5.0,5.0,3.0,4.0,3.0,25.0,33.0,7.0,14.0,2.0,23.0,2.0,3.0,1.0,5.0,39.0
1173,201303,19,24.0,13.0,4.0,16.0,10.0,88.0,6.0,15.0,2.0,19.0,9.0,23.0,53.0,7.0,25.0,48.0,4.0,5.0,7.0,13.0,1.0,15.0,3.0,14.0,21.0,8.0,22.0,6.0,29.0,2.0,8.0,0.0,5.0,37.0
1174,201303,20,11.0,7.0,4.0,6.0,1.0,4.0,9.0,2.0,0.0,4.0,7.0,4.0,9.0,3.0,9.0,12.0,1.0,4.0,1.0,10.0,2.0,21.0,10.0,5.0,9.0,2.0,3.0,0.0,3.0,3.0,1.0,0.0,2.0,3.0
1175,201303,21,6.0,13.0,4.0,6.0,0.0,6.0,8.0,4.0,1.0,5.0,3.0,3.0,5.0,17.0,2.0,11.0,4.0,2.0,1.0,6.0,0.0,2.0,6.0,6.0,6.0,1.0,4.0,0.0,7.0,1.0,3.0,3.0,2.0,5.0
1176,201303,22,3.0,4.0,3.0,8.0,0.0,9.0,1.0,9.0,2.0,6.0,6.0,13.0,3.0,21.0,11.0,10.0,3.0,0.0,0.0,4.0,0.0,1.0,3.0,7.0,10.0,2.0,3.0,0.0,4.0,2.0,3.0,2.0,1.0,7.0
1177,201303,23,5.0,24.0,17.0,11.0,2.0,4.0,6.0,1.0,1.0,3.0,24.0,5.0,5.0,130.0,8.0,4.0,3.0,5.0,3.0,8.0,2.0,8.0,20.0,6.0,6.0,7.0,8.0,0.0,2.0,3.0,1.0,0.0,1.0,0.0
1178,201303,24,6.0,19.0,9.0,10.0,3.0,10.0,3.0,19.0,0.0,16.0,16.0,22.0,17.0,15.0,47.0,17.0,6.0,1.0,14.0,10.0,3.0,3.0,5.0,9.0,27.0,91.0,14.0,6.0,27.0,0.0,5.0,0.0,5.0,6.0
1179,201303,25,52.0,7.0,3.0,14.0,2.0,40.0,3.0,44.0,1.0,38.0,6.0,21.0,13.0,14.0,35.0,42.0,6.0,4.0,7.0,15.0,3.0,5.0,3.0,14.0,56.0,28.0,15.0,7.0,27.0,5.0,3.0,1.0,35.0,78.0
1180,201303,26,3.0,5.0,7.0,12.0,1.0,7.0,8.0,5.0,1.0,9.0,4.0,3.0,4.0,1.0,6.0,7.0,2.0,1.0,2.0,12.0,1.0,9.0,3.0,4.0,4.0,4.0,3.0,0.0,6.0,1.0,2.0,6.0,2.0,10.0
1181,201303,27,2.0,4.0,1.0,7.0,2.0,4.0,12.0,2.0,1.0,4.0,3.0,3.0,2.0,5.0,7.0,9.0,1.0,0.0,1.0,2.0,0.0,5.0,1.0,2.0,9.0,1.0,4.0,0.0,4.0,1.0,0.0,9.0,0.0,5.0
1182,201303,28,2.0,0.0,1.0,9.0,0.0,10.0,4.0,8.0,1.0,6.0,6.0,2.0,1.0,5.0,1.0,7.0,2.0,2.0,3.0,3.0,1.0,3.0,4.0,4.0,3.0,0.0,1.0,0.0,3.0,1.0,1.0,7.0,0.0,4.0
1183,201303,29,5.0,0.0,1.0,17.0,1.0,3.0,2.0,2.0,2.0,2.0,2.0,5.0,2.0,6.0,0.0,4.0,0.0,4.0,0.0,7.0,1.0,5.0,0.0,5.0,1.0,1.0,3.0,1.0,7.0,1.0,1.0,5.0,0.0,4.0
1184,201303,30,2.0,7.0,4.0,8.0,0.0,1.0,2.0,0.0,0.0,4.0,4.0,3.0,1.0,4.0,5.0,1.0,1.0,1.0,0.0,7.0,2.0,7.0,1.0,2.0,2.0,3.0,1.0,0.0,2.0,2.0,2.0,7.0,0.0,0.0
1185,201303,31,4.0,8.0,5.0,8.0,0.0,5.0,5.0,5.0,2.0,4.0,17.0,7.0,4.0,4.0,2.0,6.0,1.0,0.0,0.0,9.0,2.0,23.0,2.0,6.0,3.0,2.0,2.0,1.0,12.0,5.0,1.0,6.0,0.0,2.0
1186,201304,1,5.0,2.0,4.0,8.0,4.0,8.0,7.0,4.0,2.0,17.0,10.0,8.0,5.0,3.0,8.0,13.0,3.0,1.0,2.0,8.0,1.0,16.0,6.0,5.0,8.0,5.0,3.0,1.0,6.0,5.0,2.0,11.0,1.0,11.0
1187,201304,2,6.0,15.0,1.0,6.0,3.0,8.0,6.0,5.0,1.0,3.0,2.0,2.0,4.0,1.0,7.0,7.0,2.0,6.0,2.0,13.0,2.0,9.0,1.0,1.0,2.0,2.0,1.0,3.0,3.0,1.0,1.0,9.0,0.0,4.0
1188,201304,3,5.0,19.0,4.0,4.0,0.0,8.0,1.0,3.0,1.0,4.0,16.0,4.0,4.0,5.0,8.0,9.0,1.0,3.0,1.0,7.0,0.0,8.0,0.0,5.0,6.0,6.0,3.0,0.0,4.0,4.0,0.0,12.0,0.0,5.0
1189,201304,4,4.0,12.0,0.0,1.0,5.0,4.0,11.0,1.0,0.0,8.0,4.0,5.0,5.0,3.0,10.0,2.0,5.0,3.0,1.0,13.0,0.0,43.0,3.0,5.0,4.0,0.0,8.0,0.0,6.0,4.0,1.0,7.0,1.0,6.0
1190,201304,5,3.0,7.0,2.0,5.0,1.0,6.0,6.0,5.0,4.0,3.0,4.0,6.0,2.0,5.0,5.0,4.0,2.0,1.0,2.0,5.0,1.0,4.0,4.0,5.0,5.0,2.0,6.0,0.0,1.0,1.0,3.0,0.0,0.0,3.0
1191,201304,6,4.0,0.0,1.0,1.0,0.0,1.0,3.0,2.0,1.0,2.0,2.0,0.0,0.0,3.0,3.0,1.0,1.0,0.0,0.0,2.0,0.0,4.0,1.0,4.0,3.0,2.0,1.0,1.0,3.0,0.0,1.0,4.0,1.0,0.0
1192,201304,7,6.0,3.0,1.0,4.0,0.0,9.0,2.0,6.0,1.0,3.0,3.0,1.0,3.0,3.0,7.0,5.0,1.0,1.0,0.0,0.0,0.0,0.0,2.0,3.0,1.0,3.0,0.0,0.0,1.0,2.0,1.0,10.0,3.0,1.0
1193,201304,8,8.0,9.0,11.0,14.0,4.0,8.0,14.0,5.0,2.0,3.0,15.0,3.0,4.0,51.0,60.0,14.0,5.0,3.0,12.0,19.0,4.0,21.0,9.0,7.0,14.0,5.0,2.0,1.0,5.0,5.0,1.0,2.0,1.0,7.0
1194,201304,9,14.0,16.0,9.0,53.0,4.0,14.0,16.0,5.0,1.0,9.0,6.0,9.0,13.0,144.0,188.0,35.0,2.0,5.0,20.0,4.0,3.0,12.0,20.0,17.0,25.0,16.0,6.0,3.0,8.0,3.0,2.0,2.0,1.0,13.0
1195,201304,10,90.0,89.0,7.0,112.0,4.0,48.0,10.0,38.0,0.0,46.0,31.0,28.0,27.0,18.0,430.0,187.0,6.0,8.0,43.0,16.0,2.0,8.0,3.0,45.0,83.0,33.0,15.0,11.0,39.0,3.0,4.0,8.0,33.0,72.0
1196,201304,11,47.0,44.0,6.0,126.0,5.0,27.0,5.0,11.0,1.0,17.0,48.0,22.0,45.0,9.0,174.0,68.0,4.0,7.0,25.0,6.0,2.0,5.0,5.0,42.0,48.0,26.0,15.0,9.0,19.0,3.0,3.0,11.0,4.0,21.0
1197,201304,12,59.0,15.0,1.0,26.0,6.0,40.0,7.0,55.0,2.0,41.0,20.0,23.0,31.0,2.0,39.0,51.0,3.0,4.0,9.0,6.0,1.0,7.0,1.0,16.0,18.0,12.0,17.0,8.0,23.0,3.0,0.0,8.0,7.0,57.0
1198,201304,13,4.0,6.0,4.0,6.0,1.0,5.0,2.0,2.0,1.0,4.0,1.0,4.0,4.0,1.0,2.0,4.0,2.0,3.0,0.0,1.0,0.0,8.0,1.0,3.0,2.0,3.0,6.0,1.0,0.0,0.0,2.0,17.0,2.0,2.0
1199,201304,14,8.0,6.0,2.0,59.0,2.0,6.0,17.0,1.0,0.0,6.0,3.0,2.0,0.0,16.0,10.0,7.0,0.0,0.0,0.0,13.0,0.0,44.0,9.0,3.0,1.0,1.0,4.0,3.0,3.0,5.0,1.0,1.0,2.0,1.0
1200,201304,15,7.0,17.0,3.0,25.0,2.0,4.0,4.0,2.0,0.0,5.0,3.0,1.0,4.0,43.0,11.0,3.0,4.0,2.0,1.0,13.0,0.0,5.0,7.0,12.0,1.0,3.0,3.0,2.0,8.0,4.0,1.0,3.0,1.0,5.0
1201,201304,16,17.0,323.0,35.0,30.0,14.0,22.0,9.0,8.0,2.0,26.0,32.0,19.0,24.0,21.0,145.0,31.0,58.0,24.0,10.0,29.0,7.0,12.0,5.0,35.0,35.0,29.0,19.0,5.0,18.0,10.0,5.0,1.0,14.0,32.0
1202,201304,17,29.0,48.0,19.0,84.0,4.0,29.0,12.0,11.0,0.0,21.0,26.0,20.0,24.0,148.0,494.0,64.0,14.0,11.0,40.0,26.0,10.0,16.0,23.0,43.0,61.0,35.0,16.0,8.0,17.0,7.0,3.0,3.0,5.0,28.0
1203,201304,18,32.0,118.0,15.0,161.0,5.0,52.0,16.0,15.0,0.0,36.0,53.0,25.0,30.0,32.0,544.0,129.0,6.0,14.0,72.0,21.0,9.0,16.0,14.0,51.0,77.0,59.0,25.0,8.0,23.0,7.0,5.0,8.0,8.0,26.0
1204,201304,19,75.0,23.0,5.0,39.0,5.0,51.0,2.0,54.0,3.0,46.0,24.0,61.0,18.0,10.0,61.0,61.0,4.0,5.0,9.0,12.0,2.0,4.0,4.0,17.0,32.0,11.0,15.0,9.0,40.0,2.0,4.0,9.0,45.0,61.0
1205,201304,20,8.0,7.0,3.0,4.0,3.0,8.0,3.0,3.0,0.0,15.0,8.0,9.0,2.0,3.0,7.0,10.0,1.0,1.0,0.0,3.0,0.0,5.0,3.0,5.0,7.0,1.0,5.0,2.0,4.0,0.0,6.0,12.0,3.0,5.0
1206,201304,21,1.0,7.0,5.0,2.0,2.0,4.0,3.0,1.0,1.0,2.0,9.0,5.0,5.0,6.0,4.0,5.0,4.0,3.0,1.0,36.0,3.0,26.0,5.0,5.0,1.0,0.0,6.0,0.0,5.0,6.0,0.0,3.0,1.0,2.0
1207,201304,22,13.0,9.0,4.0,10.0,2.0,17.0,12.0,6.0,1.0,22.0,6.0,4.0,3.0,45.0,13.0,13.0,4.0,1.0,0.0,34.0,3.0,19.0,13.0,5.0,8.0,7.0,4.0,5.0,12.0,7.0,3.0,3.0,34.0,27.0
1208,201304,23,38.0,6.0,1.0,10.0,1.0,19.0,18.0,5.0,2.0,13.0,5.0,6.0,4.0,8.0,31.0,22.0,4.0,0.0,4.0,13.0,3.0,9.0,3.0,9.0,18.0,5.0,6.0,3.0,6.0,2.0,1.0,19.0,6.0,42.0
1209,201304,24,11.0,3.0,8.0,6.0,1.0,16.0,6.0,3.0,0.0,24.0,7.0,15.0,3.0,3.0,9.0,17.0,3.0,0.0,2.0,31.0,5.0,14.0,1.0,5.0,19.0,3.0,7.0,6.0,19.0,10.0,3.0,7.0,31.0,43.0
1210,201304,25,22.0,6.0,4.0,7.0,2.0,9.0,9.0,5.0,0.0,9.0,5.0,3.0,9.0,4.0,5.0,7.0,2.0,0.0,1.0,11.0,0.0,10.0,5.0,8.0,9.0,2.0,4.0,2.0,7.0,0.0,1.0,1.0,3.0,16.0
1211,201304,26,10.0,4.0,1.0,3.0,0.0,8.0,15.0,6.0,3.0,9.0,3.0,2.0,6.0,1.0,8.0,4.0,0.0,2.0,1.0,3.0,0.0,8.0,3.0,4.0,1.0,1.0,3.0,1.0,4.0,1.0,0.0,3.0,1.0,8.0
1212,201304,27,1.0,0.0,2.0,3.0,0.0,6.0,9.0,2.0,0.0,0.0,17.0,1.0,1.0,2.0,0.0,4.0,2.0,0.0,0.0,9.0,0.0,7.0,1.0,4.0,3.0,2.0,0.0,4.0,2.0,2.0,0.0,10.0,2.0,1.0
1213,201304,28,2.0,6.0,0.0,4.0,2.0,4.0,1.0,3.0,0.0,5.0,5.0,11.0,8.0,4.0,2.0,9.0,0.0,0.0,0.0,3.0,0.0,4.0,2.0,6.0,3.0,2.0,2.0,0.0,2.0,0.0,1.0,2.0,0.0,3.0
1214,201304,29,6.0,3.0,1.0,3.0,3.0,19.0,6.0,46.0,0.0,9.0,3.0,13.0,3.0,3.0,7.0,14.0,2.0,2.0,2.0,4.0,0.0,5.0,2.0,2.0,11.0,5.0,7.0,4.0,12.0,1.0,2.0,12.0,3.0,5.0
1215,201304,30,5.0,4.0,6.0,4.0,1.0,3.0,12.0,0.0,2.0,10.0,8.0,25.0,3.0,4.0,3.0,7.0,6.0,2.0,0.0,7.0,3.0,4.0,3.0,8.0,14.0,1.0,11.0,3.0,8.0,2.0,3.0,11.0,0.0,1.0
1216,201305,1,6.0,4.0,6.0,10.0,0.0,6.0,7.0,4.0,0.0,6.0,3.0,11.0,0.0,16.0,10.0,10.0,7.0,0.0,1.0,13.0,4.0,10.0,1.0,6.0,4.0,3.0,4.0,0.0,4.0,3.0,1.0,8.0,0.0,6.0
1217,201305,2,6.0,23.0,4.0,14.0,8.0,3.0,2.0,3.0,0.0,6.0,58.0,9.0,1.0,3.0,13.0,8.0,22.0,4.0,3.0,8.0,6.0,2.0,1.0,11.0,8.0,6.0,4.0,2.0,6.0,6.0,14.0,6.0,1.0,2.0
1218,201305,3,12.0,15.0,4.0,31.0,2.0,15.0,16.0,6.0,1.0,15.0,7.0,8.0,14.0,9.0,223.0,23.0,4.0,3.0,14.0,6.0,2.0,12.0,4.0,14.0,23.0,24.0,8.0,1.0,10.0,0.0,3.0,13.0,1.0,15.0
1219,201305,4,2.0,3.0,2.0,4.0,2.0,6.0,2.0,4.0,1.0,3.0,2.0,6.0,1.0,5.0,6.0,8.0,3.0,1.0,1.0,5.0,0.0,5.0,2.0,1.0,5.0,3.0,3.0,2.0,4.0,0.0,1.0,13.0,4.0,1.0
1220,201305,5,0.0,1.0,2.0,3.0,1.0,5.0,5.0,6.0,1.0,3.0,3.0,10.0,9.0,4.0,7.0,3.0,0.0,2.0,1.0,21.0,2.0,28.0,5.0,6.0,3.0,4.0,4.0,0.0,5.0,10.0,0.0,13.0,0.0,1.0
1221,201305,6,4.0,7.0,4.0,3.0,1.0,6.0,6.0,3.0,0.0,4.0,4.0,9.0,5.0,9.0,8.0,15.0,2.0,3.0,3.0,12.0,1.0,9.0,1.0,1.0,3.0,3.0,2.0,1.0,7.0,11.0,1.0,12.0,0.0,7.0
1222,201305,7,1.0,2.0,4.0,4.0,2.0,11.0,5.0,2.0,1.0,6.0,3.0,6.0,5.0,8.0,3.0,6.0,1.0,4.0,0.0,15.0,3.0,13.0,1.0,1.0,7.0,1.0,3.0,1.0,6.0,8.0,0.0,11.0,1.0,5.0
1223,201305,8,19.0,10.0,1.0,9.0,2.0,18.0,11.0,20.0,0.0,40.0,6.0,15.0,6.0,5.0,24.0,24.0,1.0,0.0,2.0,7.0,0.0,26.0,2.0,11.0,27.0,4.0,12.0,3.0,34.0,3.0,3.0,6.0,18.0,106.0
1224,201305,9,18.0,26.0,5.0,16.0,0.0,16.0,12.0,8.0,0.0,12.0,12.0,11.0,8.0,6.0,54.0,26.0,1.0,8.0,4.0,18.0,2.0,32.0,3.0,9.0,16.0,3.0,4.0,1.0,21.0,3.0,0.0,5.0,0.0,23.0
1225,201305,10,12.0,31.0,7.0,16.0,1.0,18.0,9.0,13.0,1.0,10.0,68.0,13.0,7.0,6.0,80.0,14.0,2.0,5.0,6.0,13.0,2.0,17.0,5.0,14.0,21.0,15.0,7.0,2.0,10.0,3.0,1.0,12.0,0.0,8.0
1226,201305,11,20.0,2.0,0.0,5.0,0.0,10.0,2.0,10.0,2.0,7.0,5.0,4.0,4.0,1.0,9.0,10.0,1.0,1.0,0.0,11.0,0.0,10.0,2.0,7.0,9.0,4.0,2.0,6.0,5.0,1.0,1.0,12.0,25.0,3.0
1227,201305,12,3.0,10.0,0.0,1.0,2.0,4.0,4.0,0.0,0.0,8.0,4.0,9.0,3.0,7.0,4.0,6.0,1.0,2.0,1.0,11.0,1.0,4.0,5.0,4.0,0.0,2.0,4.0,5.0,8.0,1.0,0.0,9.0,1.0,4.0
1228,201305,13,1.0,8.0,3.0,2.0,0.0,2.0,3.0,2.0,0.0,0.0,1.0,5.0,0.0,3.0,20.0,7.0,6.0,0.0,1.0,8.0,1.0,4.0,3.0,4.0,5.0,2.0,3.0,0.0,6.0,2.0,2.0,12.0,1.0,6.0
1229,201305,14,7.0,9.0,1.0,7.0,1.0,3.0,5.0,1.0,2.0,5.0,5.0,1.0,1.0,6.0,7.0,9.0,1.0,1.0,3.0,5.0,0.0,7.0,2.0,1.0,6.0,3.0,2.0,2.0,2.0,0.0,0.0,9.0,0.0,1.0
1230,201305,15,23.0,89.0,5.0,6.0,3.0,10.0,7.0,2.0,3.0,7.0,8.0,9.0,5.0,10.0,15.0,6.0,3.0,5.0,1.0,4.0,1.0,9.0,3.0,5.0,8.0,5.0,5.0,0.0,5.0,0.0,0.0,16.0,3.0,13.0
1231,201305,16,4.0,22.0,5.0,10.0,2.0,6.0,6.0,2.0,1.0,7.0,11.0,1.0,5.0,6.0,5.0,5.0,2.0,7.0,2.0,13.0,1.0,23.0,3.0,7.0,6.0,9.0,5.0,1.0,10.0,4.0,1.0,13.0,0.0,2.0
1232,201305,17,3.0,14.0,3.0,2.0,0.0,2.0,1.0,5.0,0.0,3.0,5.0,6.0,2.0,3.0,7.0,9.0,0.0,3.0,2.0,4.0,1.0,2.0,2.0,4.0,10.0,4.0,0.0,0.0,3.0,2.0,1.0,1.0,0.0,1.0
1233,201305,18,3.0,9.0,1.0,11.0,1.0,3.0,5.0,4.0,0.0,2.0,6.0,5.0,0.0,3.0,2.0,4.0,1.0,0.0,0.0,3.0,4.0,7.0,1.0,3.0,1.0,1.0,1.0,0.0,5.0,0.0,0.0,8.0,2.0,2.0
1234,201305,19,13.0,14.0,2.0,22.0,4.0,16.0,7.0,45.0,1.0,10.0,5.0,7.0,39.0,7.0,19.0,19.0,1.0,2.0,2.0,0.0,0.0,1.0,0.0,5.0,9.0,3.0,5.0,2.0,9.0,0.0,0.0,5.0,3.0,6.0
1235,201305,20,8.0,47.0,6.0,16.0,3.0,15.0,3.0,8.0,0.0,9.0,10.0,13.0,16.0,3.0,47.0,22.0,11.0,7.0,9.0,10.0,2.0,5.0,4.0,17.0,10.0,23.0,4.0,3.0,8.0,2.0,2.0,6.0,1.0,20.0
1236,201305,21,13.0,238.0,15.0,23.0,8.0,14.0,8.0,10.0,5.0,12.0,32.0,17.0,20.0,9.0,40.0,16.0,6.0,9.0,7.0,6.0,1.0,7.0,4.0,33.0,14.0,23.0,16.0,0.0,8.0,2.0,3.0,9.0,2.0,11.0
1237,201305,22,52.0,27.0,4.0,17.0,1.0,26.0,5.0,23.0,0.0,33.0,8.0,18.0,9.0,4.0,112.0,37.0,3.0,6.0,7.0,7.0,1.0,8.0,1.0,18.0,27.0,12.0,10.0,5.0,34.0,2.0,1.0,14.0,4.0,36.0
1238,201305,23,154.0,24.0,6.0,24.0,3.0,69.0,3.0,79.0,3.0,66.0,18.0,35.0,21.0,5.0,62.0,76.0,9.0,6.0,8.0,12.0,5.0,9.0,4.0,36.0,46.0,17.0,31.0,15.0,48.0,3.0,7.0,15.0,56.0,162.0
1239,201305,24,32.0,47.0,6.0,10.0,4.0,32.0,3.0,41.0,0.0,20.0,17.0,12.0,7.0,5.0,13.0,24.0,0.0,8.0,0.0,9.0,3.0,10.0,2.0,6.0,13.0,5.0,7.0,3.0,16.0,0.0,3.0,1.0,5.0,30.0
1240,201305,25,5.0,22.0,4.0,3.0,0.0,4.0,2.0,4.0,2.0,4.0,5.0,8.0,2.0,1.0,4.0,7.0,2.0,9.0,0.0,0.0,1.0,2.0,2.0,5.0,3.0,5.0,1.0,0.0,6.0,0.0,1.0,10.0,2.0,0.0
1241,201305,26,0.0,4.0,0.0,1.0,0.0,0.0,4.0,0.0,0.0,0.0,3.0,2.0,0.0,1.0,1.0,1.0,1.0,2.0,0.0,3.0,2.0,3.0,4.0,0.0,0.0,1.0,1.0,1.0,3.0,1.0,0.0,6.0,1.0,0.0
1242,201305,27,3.0,2.0,0.0,5.0,0.0,2.0,3.0,2.0,0.0,1.0,2.0,2.0,0.0,6.0,15.0,6.0,1.0,0.0,3.0,7.0,0.0,6.0,0.0,2.0,1.0,2.0,0.0,1.0,0.0,1.0,0.0,15.0,0.0,2.0
1243,201305,28,10.0,1.0,5.0,11.0,1.0,10.0,6.0,3.0,7.0,10.0,1.0,6.0,3.0,8.0,65.0,11.0,2.0,0.0,23.0,13.0,3.0,21.0,3.0,3.0,14.0,7.0,5.0,1.0,5.0,2.0,0.0,3.0,0.0,9.0
1244,201305,29,7.0,96.0,14.0,16.0,3.0,9.0,6.0,4.0,0.0,6.0,14.0,1.0,5.0,10.0,25.0,20.0,7.0,8.0,1.0,10.0,5.0,8.0,1.0,17.0,7.0,4.0,1.0,1.0,3.0,2.0,1.0,9.0,1.0,10.0
1245,201305,30,9.0,9.0,11.0,30.0,2.0,10.0,10.0,6.0,0.0,13.0,4.0,7.0,4.0,12.0,154.0,36.0,3.0,5.0,17.0,11.0,3.0,10.0,1.0,17.0,33.0,19.0,8.0,4.0,15.0,8.0,1.0,12.0,3.0,13.0
1246,201305,31,14.0,30.0,6.0,23.0,1.0,11.0,1.0,7.0,1.0,10.0,14.0,5.0,15.0,34.0,76.0,25.0,3.0,2.0,9.0,4.0,3.0,11.0,5.0,7.0,21.0,32.0,2.0,3.0,9.0,3.0,0.0,2.0,3.0,10.0
1247,201306,1,2.0,40.0,2.0,6.0,1.0,3.0,0.0,2.0,4.0,1.0,10.0,3.0,2.0,2.0,26.0,3.0,3.0,3.0,6.0,2.0,0.0,1.0,2.0,9.0,4.0,27.0,5.0,0.0,3.0,0.0,0.0,3.0,1.0,1.0
1248,201306,2,73.0,16.0,10.0,12.0,8.0,43.0,2.0,55.0,3.0,33.0,34.0,27.0,38.0,12.0,38.0,40.0,5.0,4.0,7.0,7.0,2.0,4.0,2.0,23.0,27.0,10.0,19.0,4.0,35.0,6.0,0.0,3.0,27.0,58.0
1249,201306,3,17.0,17.0,5.0,8.0,5.0,22.0,3.0,12.0,2.0,20.0,11.0,16.0,14.0,10.0,30.0,16.0,8.0,1.0,3.0,4.0,1.0,6.0,1.0,11.0,1.0,9.0,9.0,2.0,14.0,2.0,0.0,3.0,2.0,28.0
1250,201306,4,8.0,6.0,6.0,3.0,5.0,7.0,5.0,3.0,7.0,6.0,7.0,7.0,4.0,0.0,6.0,6.0,1.0,2.0,2.0,12.0,0.0,10.0,0.0,7.0,8.0,2.0,3.0,0.0,4.0,5.0,3.0,1.0,0.0,5.0
1251,201306,5,6.0,23.0,7.0,6.0,6.0,5.0,3.0,2.0,3.0,6.0,12.0,12.0,75.0,6.0,16.0,8.0,2.0,1.0,3.0,12.0,1.0,8.0,4.0,8.0,7.0,5.0,4.0,0.0,4.0,7.0,0.0,6.0,2.0,3.0
1252,201306,6,7.0,35.0,11.0,3.0,6.0,8.0,9.0,7.0,0.0,7.0,35.0,15.0,15.0,3.0,20.0,18.0,9.0,3.0,6.0,19.0,4.0,12.0,3.0,11.0,11.0,3.0,14.0,1.0,13.0,3.0,3.0,4.0,1.0,6.0
1253,201306,7,42.0,21.0,7.0,4.0,1.0,39.0,8.0,77.0,1.0,24.0,16.0,19.0,11.0,4.0,13.0,45.0,5.0,5.0,5.0,10.0,4.0,9.0,1.0,9.0,22.0,7.0,11.0,3.0,19.0,4.0,9.0,4.0,17.0,44.0
1254,201306,8,11.0,7.0,1.0,2.0,3.0,14.0,4.0,9.0,0.0,1.0,6.0,9.0,4.0,1.0,10.0,12.0,3.0,1.0,1.0,5.0,0.0,12.0,1.0,4.0,5.0,1.0,4.0,2.0,10.0,2.0,3.0,6.0,4.0,0.0
1255,201306,9,11.0,54.0,7.0,3.0,7.0,13.0,7.0,9.0,2.0,7.0,47.0,17.0,6.0,6.0,13.0,13.0,0.0,6.0,1.0,7.0,1.0,12.0,4.0,16.0,5.0,4.0,3.0,1.0,13.0,5.0,0.0,1.0,2.0,3.0
1256,201306,10,29.0,11.0,8.0,5.0,4.0,35.0,25.0,57.0,0.0,53.0,8.0,30.0,33.0,12.0,13.0,34.0,3.0,2.0,0.0,29.0,3.0,59.0,7.0,10.0,22.0,7.0,16.0,9.0,20.0,5.0,2.0,5.0,15.0,41.0
1257,201306,11,33.0,12.0,5.0,4.0,2.0,24.0,3.0,8.0,5.0,21.0,10.0,15.0,17.0,6.0,15.0,20.0,2.0,1.0,3.0,14.0,2.0,10.0,2.0,16.0,8.0,7.0,6.0,4.0,8.0,3.0,1.0,7.0,0.0,12.0
1258,201306,12,21.0,24.0,10.0,43.0,1.0,27.0,11.0,8.0,2.0,8.0,22.0,17.0,13.0,11.0,308.0,40.0,4.0,4.0,62.0,13.0,5.0,9.0,7.0,19.0,29.0,23.0,8.0,6.0,12.0,4.0,2.0,5.0,0.0,21.0
1259,201306,13,65.0,14.0,13.0,24.0,2.0,86.0,11.0,87.0,1.0,95.0,22.0,78.0,81.0,14.0,78.0,73.0,6.0,4.0,8.0,18.0,6.0,19.0,3.0,25.0,62.0,16.0,30.0,37.0,77.0,2.0,11.0,6.0,21.0,95.0
1260,201306,14,13.0,20.0,11.0,9.0,8.0,12.0,2.0,14.0,3.0,18.0,10.0,15.0,15.0,6.0,17.0,17.0,2.0,4.0,3.0,10.0,1.0,10.0,3.0,17.0,19.0,6.0,11.0,6.0,9.0,0.0,3.0,0.0,5.0,24.0
1261,201306,15,8.0,9.0,6.0,3.0,1.0,8.0,2.0,3.0,3.0,2.0,9.0,5.0,3.0,13.0,17.0,14.0,5.0,1.0,0.0,3.0,2.0,4.0,1.0,2.0,9.0,4.0,0.0,1.0,6.0,0.0,1.0,1.0,2.0,2.0
1262,201306,16,7.0,8.0,8.0,6.0,3.0,5.0,2.0,7.0,0.0,6.0,13.0,9.0,0.0,16.0,9.0,10.0,0.0,2.0,3.0,6.0,1.0,5.0,0.0,8.0,9.0,6.0,1.0,0.0,11.0,1.0,2.0,2.0,0.0,3.0
1263,201306,17,11.0,135.0,15.0,13.0,5.0,12.0,7.0,9.0,0.0,18.0,24.0,32.0,29.0,4.0,20.0,24.0,7.0,7.0,2.0,21.0,3.0,29.0,3.0,21.0,16.0,15.0,18.0,3.0,10.0,4.0,3.0,2.0,7.0,19.0
1264,201306,18,52.0,60.0,12.0,15.0,8.0,42.0,19.0,67.0,0.0,42.0,23.0,36.0,48.0,8.0,39.0,34.0,5.0,5.0,5.0,29.0,5.0,59.0,4.0,21.0,31.0,14.0,19.0,8.0,39.0,9.0,0.0,11.0,25.0,43.0
1265,201306,19,4.0,24.0,5.0,8.0,3.0,5.0,10.0,6.0,2.0,10.0,6.0,8.0,11.0,4.0,18.0,16.0,10.0,5.0,2.0,10.0,1.0,10.0,2.0,10.0,8.0,3.0,4.0,2.0,7.0,2.0,2.0,11.0,2.0,13.0
1266,201306,20,8.0,8.0,5.0,9.0,0.0,4.0,10.0,5.0,0.0,3.0,7.0,0.0,4.0,7.0,9.0,10.0,1.0,1.0,2.0,6.0,3.0,8.0,2.0,9.0,6.0,2.0,3.0,1.0,4.0,1.0,0.0,6.0,1.0,4.0
1267,201306,21,6.0,8.0,12.0,24.0,0.0,9.0,9.0,1.0,2.0,8.0,8.0,4.0,6.0,6.0,86.0,14.0,1.0,1.0,11.0,20.0,5.0,22.0,3.0,8.0,20.0,7.0,3.0,0.0,2.0,7.0,1.0,3.0,0.0,9.0
1268,201306,22,5.0,3.0,6.0,8.0,0.0,4.0,8.0,4.0,5.0,1.0,1.0,14.0,5.0,3.0,13.0,11.0,2.0,2.0,1.0,8.0,7.0,13.0,1.0,0.0,5.0,3.0,4.0,2.0,2.0,5.0,2.0,6.0,3.0,7.0
1269,201306,23,8.0,4.0,5.0,6.0,2.0,10.0,17.0,13.0,3.0,8.0,7.0,5.0,6.0,36.0,12.0,9.0,0.0,3.0,3.0,26.0,2.0,63.0,6.0,4.0,6.0,5.0,8.0,2.0,4.0,4.0,5.0,1.0,4.0,2.0
1270,201306,24,61.0,15.0,10.0,23.0,4.0,51.0,16.0,34.0,1.0,71.0,15.0,23.0,16.0,10.0,112.0,66.0,4.0,3.0,10.0,33.0,2.0,79.0,13.0,23.0,44.0,16.0,13.0,15.0,48.0,7.0,7.0,1.0,58.0,85.0
1271,201306,25,24.0,7.0,12.0,13.0,3.0,27.0,27.0,23.0,2.0,18.0,2.0,21.0,18.0,7.0,96.0,55.0,5.0,2.0,13.0,43.0,4.0,98.0,8.0,16.0,14.0,9.0,18.0,2.0,21.0,11.0,5.0,4.0,13.0,45.0
1272,201306,26,33.0,10.0,14.0,45.0,1.0,35.0,15.0,17.0,2.0,31.0,8.0,37.0,19.0,13.0,226.0,60.0,2.0,11.0,45.0,28.0,5.0,46.0,5.0,19.0,56.0,25.0,9.0,7.0,31.0,5.0,4.0,6.0,13.0,42.0
1273,201306,27,71.0,16.0,12.0,21.0,2.0,42.0,18.0,67.0,3.0,38.0,14.0,42.0,21.0,9.0,68.0,69.0,6.0,1.0,8.0,27.0,3.0,72.0,7.0,27.0,50.0,14.0,20.0,5.0,38.0,9.0,1.0,2.0,27.0,86.0
1274,201306,28,80.0,28.0,9.0,41.0,8.0,93.0,19.0,75.0,0.0,96.0,14.0,67.0,38.0,14.0,89.0,167.0,7.0,6.0,25.0,21.0,9.0,46.0,6.0,27.0,56.0,25.0,35.0,19.0,79.0,6.0,9.0,12.0,39.0,84.0
1275,201306,29,20.0,14.0,27.0,12.0,3.0,26.0,9.0,7.0,3.0,7.0,12.0,13.0,14.0,13.0,36.0,27.0,0.0,6.0,10.0,19.0,7.0,24.0,7.0,7.0,14.0,11.0,12.0,1.0,8.0,5.0,6.0,12.0,3.0,11.0
1276,201306,30,56.0,12.0,7.0,15.0,2.0,46.0,9.0,74.0,2.0,43.0,18.0,26.0,14.0,10.0,28.0,39.0,4.0,1.0,1.0,13.0,3.0,11.0,1.0,12.0,25.0,15.0,19.0,1.0,20.0,2.0,1.0,10.0,30.0,63.0
1277,201307,1,35.0,15.0,9.0,11.0,2.0,40.0,6.0,60.0,2.0,37.0,8.0,24.0,10.0,4.0,23.0,44.0,10.0,1.0,2.0,19.0,5.0,15.0,2.0,11.0,24.0,10.0,19.0,6.0,28.0,5.0,4.0,10.0,40.0,65.0
1278,201307,2,18.0,11.0,6.0,3.0,1.0,17.0,9.0,9.0,1.0,6.0,4.0,12.0,2.0,2.0,5.0,9.0,2.0,0.0,1.0,21.0,1.0,13.0,2.0,11.0,15.0,2.0,6.0,3.0,8.0,7.0,0.0,9.0,5.0,6.0
1279,201307,3,9.0,5.0,5.0,1.0,2.0,14.0,7.0,8.0,4.0,6.0,11.0,20.0,28.0,2.0,6.0,8.0,0.0,2.0,3.0,11.0,1.0,13.0,4.0,11.0,15.0,3.0,10.0,4.0,8.0,6.0,2.0,13.0,3.0,6.0
1280,201307,4,4.0,11.0,0.0,2.0,4.0,3.0,3.0,3.0,1.0,7.0,3.0,16.0,3.0,3.0,14.0,2.0,8.0,1.0,1.0,8.0,0.0,6.0,1.0,3.0,11.0,8.0,6.0,2.0,4.0,1.0,1.0,12.0,1.0,1.0
1281,201307,5,3.0,12.0,1.0,2.0,1.0,6.0,11.0,7.0,3.0,5.0,1.0,16.0,4.0,3.0,8.0,4.0,1.0,0.0,0.0,14.0,1.0,26.0,2.0,3.0,5.0,1.0,4.0,1.0,6.0,5.0,1.0,5.0,2.0,2.0
1282,201307,6,8.0,15.0,8.0,0.0,0.0,4.0,27.0,7.0,3.0,4.0,9.0,7.0,9.0,10.0,13.0,7.0,4.0,4.0,2.0,56.0,11.0,254.0,6.0,5.0,4.0,2.0,2.0,0.0,10.0,9.0,2.0,16.0,6.0,1.0
1283,201307,7,31.0,16.0,11.0,16.0,2.0,27.0,32.0,33.0,1.0,38.0,14.0,12.0,21.0,9.0,33.0,47.0,3.0,6.0,4.0,51.0,7.0,199.0,10.0,17.0,29.0,13.0,10.0,3.0,30.0,14.0,2.0,1.0,13.0,48.0
1284,201307,8,31.0,17.0,10.0,26.0,2.0,35.0,24.0,16.0,2.0,14.0,6.0,13.0,19.0,5.0,27.0,95.0,2.0,2.0,7.0,28.0,3.0,70.0,5.0,12.0,23.0,12.0,6.0,4.0,14.0,8.0,5.0,5.0,5.0,55.0
1285,201307,9,22.0,14.0,7.0,44.0,5.0,24.0,33.0,5.0,1.0,11.0,7.0,12.0,26.0,5.0,80.0,59.0,3.0,1.0,20.0,43.0,8.0,94.0,7.0,12.0,29.0,12.0,9.0,0.0,10.0,12.0,2.0,4.0,6.0,22.0
1286,201307,10,90.0,49.0,8.0,35.0,5.0,76.0,28.0,75.0,0.0,64.0,15.0,36.0,69.0,13.0,90.0,163.0,11.0,4.0,22.0,36.0,3.0,89.0,7.0,35.0,77.0,32.0,23.0,32.0,55.0,6.0,6.0,8.0,53.0,125.0
1287,201307,11,40.0,100.0,8.0,23.0,6.0,42.0,21.0,10.0,1.0,31.0,23.0,50.0,39.0,11.0,24.0,37.0,6.0,14.0,13.0,32.0,6.0,72.0,12.0,21.0,33.0,19.0,26.0,8.0,38.0,5.0,5.0,5.0,27.0,59.0
1288,201307,12,13.0,29.0,6.0,8.0,5.0,20.0,18.0,19.0,1.0,15.0,18.0,12.0,36.0,9.0,16.0,18.0,2.0,2.0,2.0,26.0,0.0,62.0,3.0,9.0,18.0,9.0,10.0,3.0,17.0,5.0,2.0,0.0,5.0,17.0
1289,201307,13,10.0,8.0,7.0,6.0,3.0,8.0,5.0,7.0,2.0,10.0,5.0,12.0,4.0,25.0,11.0,6.0,13.0,2.0,3.0,13.0,5.0,8.0,4.0,1.0,6.0,2.0,6.0,1.0,5.0,0.0,2.0,3.0,4.0,6.0
1290,201307,14,10.0,18.0,5.0,7.0,0.0,14.0,2.0,12.0,2.0,10.0,5.0,4.0,10.0,7.0,15.0,14.0,7.0,0.0,3.0,11.0,2.0,6.0,1.0,11.0,14.0,10.0,10.0,2.0,7.0,0.0,2.0,2.0,2.0,9.0
1291,201307,15,4.0,28.0,4.0,6.0,6.0,12.0,4.0,7.0,0.0,16.0,5.0,4.0,6.0,13.0,16.0,19.0,7.0,1.0,1.0,15.0,5.0,16.0,3.0,6.0,7.0,7.0,6.0,2.0,11.0,1.0,1.0,6.0,2.0,5.0
1292,201307,16,8.0,39.0,6.0,8.0,2.0,8.0,14.0,3.0,0.0,9.0,16.0,3.0,7.0,8.0,11.0,13.0,2.0,7.0,2.0,28.0,5.0,58.0,1.0,9.0,6.0,11.0,2.0,3.0,7.0,11.0,4.0,7.0,0.0,6.0
1293,201307,17,11.0,8.0,3.0,10.0,4.0,11.0,7.0,9.0,0.0,12.0,15.0,56.0,61.0,1.0,14.0,12.0,7.0,4.0,0.0,9.0,3.0,13.0,5.0,15.0,15.0,4.0,12.0,2.0,14.0,1.0,1.0,5.0,0.0,13.0
1294,201307,18,5.0,19.0,3.0,11.0,8.0,13.0,6.0,9.0,0.0,13.0,14.0,8.0,25.0,4.0,24.0,14.0,5.0,4.0,2.0,6.0,1.0,9.0,2.0,16.0,9.0,5.0,9.0,3.0,20.0,1.0,4.0,2.0,8.0,21.0
1295,201307,19,13.0,47.0,6.0,14.0,1.0,20.0,4.0,11.0,3.0,24.0,12.0,14.0,12.0,10.0,53.0,45.0,1.0,5.0,12.0,8.0,3.0,5.0,0.0,9.0,18.0,11.0,7.0,6.0,30.0,0.0,2.0,1.0,8.0,16.0
1296,201307,20,28.0,22.0,5.0,12.0,4.0,19.0,3.0,8.0,0.0,14.0,12.0,13.0,47.0,4.0,22.0,25.0,4.0,4.0,5.0,10.0,4.0,4.0,1.0,10.0,16.0,7.0,5.0,3.0,25.0,2.0,2.0,2.0,5.0,7.0
1297,201307,21,8.0,19.0,10.0,14.0,7.0,10.0,5.0,12.0,0.0,28.0,13.0,23.0,44.0,12.0,26.0,11.0,4.0,6.0,2.0,9.0,2.0,11.0,2.0,26.0,12.0,8.0,7.0,8.0,14.0,3.0,3.0,1.0,7.0,16.0
1298,201307,22,41.0,29.0,2.0,21.0,8.0,30.0,6.0,31.0,5.0,40.0,16.0,34.0,35.0,13.0,52.0,54.0,10.0,2.0,6.0,18.0,3.0,22.0,4.0,16.0,37.0,12.0,21.0,3.0,34.0,1.0,4.0,2.0,24.0,167.0
1299,201307,23,46.0,21.0,5.0,26.0,2.0,51.0,7.0,24.0,1.0,22.0,16.0,14.0,13.0,10.0,32.0,89.0,2.0,5.0,10.0,15.0,5.0,22.0,11.0,18.0,32.0,16.0,9.0,7.0,21.0,4.0,6.0,4.0,21.0,122.0
1300,201307,24,12.0,15.0,17.0,15.0,0.0,15.0,9.0,10.0,0.0,15.0,14.0,57.0,8.0,12.0,15.0,20.0,1.0,5.0,7.0,12.0,2.0,16.0,6.0,9.0,14.0,6.0,8.0,2.0,22.0,4.0,2.0,5.0,6.0,12.0
1301,201307,25,17.0,12.0,6.0,10.0,0.0,19.0,5.0,6.0,4.0,13.0,9.0,15.0,2.0,0.0,12.0,14.0,2.0,1.0,3.0,9.0,3.0,14.0,4.0,8.0,10.0,3.0,5.0,3.0,19.0,4.0,2.0,5.0,6.0,14.0
1302,201307,26,7.0,11.0,2.0,5.0,1.0,10.0,7.0,4.0,2.0,7.0,6.0,15.0,21.0,5.0,16.0,6.0,3.0,4.0,3.0,8.0,2.0,15.0,0.0,4.0,4.0,5.0,2.0,2.0,8.0,2.0,0.0,3.0,0.0,10.0
1303,201307,27,3.0,22.0,6.0,3.0,2.0,3.0,2.0,10.0,1.0,8.0,6.0,58.0,9.0,3.0,6.0,5.0,5.0,4.0,0.0,11.0,1.0,9.0,0.0,11.0,4.0,2.0,11.0,3.0,5.0,2.0,3.0,5.0,2.0,2.0
1304,201307,28,45.0,13.0,4.0,6.0,2.0,37.0,3.0,86.0,0.0,27.0,8.0,22.0,8.0,8.0,27.0,31.0,3.0,3.0,3.0,9.0,5.0,12.0,3.0,13.0,15.0,7.0,5.0,4.0,12.0,4.0,2.0,1.0,21.0,75.0
1305,201307,29,15.0,13.0,14.0,15.0,3.0,20.0,19.0,28.0,0.0,9.0,8.0,8.0,5.0,42.0,22.0,18.0,4.0,6.0,2.0,38.0,3.0,65.0,8.0,5.0,13.0,8.0,7.0,3.0,14.0,8.0,4.0,53.0,2.0,23.0
1306,201307,30,7.0,16.0,5.0,5.0,1.0,12.0,18.0,3.0,4.0,5.0,5.0,5.0,1.0,8.0,8.0,4.0,1.0,2.0,2.0,33.0,6.0,65.0,3.0,9.0,9.0,4.0,5.0,2.0,6.0,5.0,4.0,8.0,3.0,11.0
1307,201307,31,2.0,7.0,6.0,5.0,1.0,4.0,3.0,2.0,0.0,9.0,4.0,13.0,1.0,2.0,9.0,10.0,1.0,1.0,2.0,11.0,2.0,14.0,4.0,11.0,9.0,1.0,5.0,1.0,8.0,2.0,2.0,12.0,0.0,9.0
1308,201308,1,48.0,13.0,5.0,5.0,7.0,38.0,2.0,59.0,2.0,41.0,17.0,38.0,18.0,4.0,18.0,39.0,5.0,0.0,1.0,6.0,1.0,7.0,3.0,22.0,30.0,9.0,17.0,5.0,35.0,1.0,4.0,4.0,22.0,64.0
1309,201308,2,10.0,32.0,6.0,21.0,1.0,14.0,12.0,6.0,6.0,11.0,16.0,10.0,6.0,10.0,105.0,31.0,1.0,4.0,9.0,5.0,2.0,4.0,5.0,12.0,26.0,20.0,9.0,2.0,7.0,2.0,2.0,12.0,6.0,15.0
1310,201308,3,9.0,28.0,12.0,6.0,2.0,11.0,3.0,1.0,4.0,6.0,7.0,7.0,8.0,41.0,12.0,10.0,2.0,2.0,2.0,9.0,5.0,8.0,3.0,8.0,3.0,9.0,8.0,0.0,9.0,2.0,0.0,12.0,2.0,5.0
1311,201308,4,5.0,18.0,5.0,10.0,0.0,6.0,6.0,10.0,0.0,9.0,1.0,6.0,13.0,11.0,13.0,9.0,0.0,7.0,3.0,13.0,2.0,24.0,9.0,15.0,9.0,6.0,2.0,2.0,5.0,4.0,0.0,10.0,2.0,7.0
1312,201308,5,5.0,18.0,3.0,5.0,2.0,3.0,12.0,7.0,5.0,7.0,5.0,6.0,11.0,6.0,15.0,8.0,5.0,3.0,1.0,17.0,1.0,34.0,5.0,5.0,10.0,4.0,10.0,2.0,6.0,2.0,3.0,6.0,0.0,3.0
1313,201308,6,4.0,13.0,4.0,12.0,4.0,10.0,16.0,3.0,1.0,13.0,18.0,8.0,12.0,5.0,17.0,9.0,3.0,2.0,3.0,16.0,2.0,23.0,6.0,15.0,13.0,3.0,4.0,3.0,1.0,3.0,0.0,4.0,2.0,9.0
1314,201308,7,21.0,5.0,6.0,15.0,4.0,14.0,13.0,20.0,3.0,10.0,17.0,18.0,25.0,4.0,15.0,21.0,2.0,1.0,6.0,10.0,0.0,21.0,3.0,10.0,13.0,5.0,11.0,3.0,9.0,8.0,0.0,6.0,0.0,4.0
1315,201308,8,34.0,12.0,3.0,9.0,1.0,15.0,4.0,17.0,2.0,31.0,8.0,10.0,10.0,6.0,14.0,20.0,2.0,3.0,2.0,13.0,3.0,26.0,1.0,13.0,24.0,5.0,9.0,3.0,23.0,3.0,8.0,4.0,22.0,51.0
1316,201308,9,40.0,17.0,7.0,8.0,1.0,32.0,5.0,13.0,1.0,18.0,12.0,20.0,11.0,6.0,21.0,22.0,1.0,5.0,3.0,18.0,3.0,32.0,1.0,11.0,20.0,9.0,11.0,1.0,16.0,3.0,3.0,0.0,14.0,50.0
1317,201308,10,4.0,12.0,6.0,3.0,3.0,1.0,9.0,5.0,1.0,4.0,9.0,13.0,4.0,7.0,9.0,3.0,2.0,2.0,0.0,13.0,1.0,22.0,1.0,2.0,5.0,2.0,1.0,0.0,2.0,3.0,1.0,5.0,0.0,2.0
1318,201308,11,5.0,13.0,4.0,2.0,0.0,3.0,4.0,5.0,0.0,4.0,2.0,8.0,7.0,3.0,10.0,14.0,0.0,1.0,3.0,8.0,3.0,20.0,3.0,7.0,6.0,2.0,3.0,0.0,3.0,4.0,0.0,2.0,1.0,4.0
1319,201308,12,11.0,12.0,7.0,12.0,4.0,12.0,5.0,5.0,6.0,9.0,4.0,9.0,21.0,7.0,29.0,31.0,1.0,3.0,1.0,12.0,0.0,24.0,6.0,7.0,18.0,2.0,3.0,0.0,10.0,2.0,0.0,4.0,2.0,12.0
1320,201308,13,46.0,145.0,14.0,10.0,2.0,22.0,12.0,27.0,4.0,25.0,25.0,22.0,18.0,6.0,20.0,36.0,4.0,12.0,3.0,25.0,3.0,26.0,4.0,21.0,31.0,15.0,14.0,4.0,14.0,8.0,3.0,5.0,14.0,59.0
1321,201308,14,9.0,39.0,13.0,3.0,1.0,6.0,10.0,7.0,1.0,9.0,31.0,6.0,9.0,3.0,6.0,15.0,3.0,4.0,3.0,11.0,9.0,21.0,7.0,5.0,6.0,7.0,8.0,1.0,10.0,3.0,2.0,10.0,0.0,4.0
1322,201308,15,5.0,2.0,5.0,2.0,1.0,8.0,12.0,6.0,2.0,10.0,7.0,5.0,1.0,3.0,12.0,7.0,2.0,2.0,5.0,13.0,1.0,24.0,14.0,2.0,10.0,7.0,1.0,0.0,6.0,2.0,0.0,12.0,2.0,5.0
1323,201308,16,8.0,7.0,5.0,7.0,1.0,11.0,4.0,7.0,1.0,9.0,13.0,4.0,5.0,8.0,19.0,7.0,0.0,0.0,3.0,11.0,0.0,16.0,12.0,7.0,10.0,6.0,9.0,1.0,11.0,1.0,2.0,5.0,1.0,7.0
1324,201308,17,4.0,5.0,4.0,4.0,0.0,6.0,2.0,7.0,1.0,10.0,2.0,10.0,4.0,1.0,3.0,4.0,4.0,1.0,1.0,2.0,0.0,0.0,15.0,3.0,2.0,4.0,3.0,0.0,11.0,1.0,0.0,19.0,0.0,2.0
1325,201308,18,6.0,5.0,7.0,9.0,0.0,7.0,4.0,5.0,2.0,2.0,3.0,8.0,4.0,9.0,9.0,6.0,0.0,2.0,2.0,15.0,14.0,21.0,13.0,5.0,3.0,1.0,2.0,2.0,6.0,6.0,0.0,2.0,1.0,8.0
1326,201308,19,12.0,6.0,8.0,2.0,2.0,6.0,3.0,5.0,3.0,6.0,4.0,6.0,16.0,5.0,8.0,13.0,13.0,4.0,2.0,15.0,1.0,10.0,13.0,8.0,6.0,4.0,3.0,0.0,4.0,4.0,0.0,5.0,3.0,4.0
1327,201308,20,1.0,6.0,11.0,2.0,2.0,4.0,6.0,3.0,2.0,5.0,8.0,4.0,3.0,3.0,7.0,5.0,1.0,1.0,0.0,15.0,2.0,18.0,7.0,8.0,6.0,1.0,3.0,0.0,8.0,7.0,0.0,6.0,0.0,3.0
1328,201308,21,5.0,2.0,0.0,3.0,1.0,10.0,4.0,2.0,1.0,2.0,6.0,13.0,3.0,3.0,9.0,6.0,2.0,2.0,0.0,14.0,0.0,17.0,0.0,4.0,3.0,2.0,4.0,1.0,11.0,3.0,0.0,4.0,1.0,7.0
1329,201308,22,30.0,8.0,0.0,17.0,0.0,29.0,3.0,30.0,0.0,28.0,4.0,10.0,10.0,14.0,112.0,35.0,1.0,5.0,9.0,18.0,2.0,26.0,3.0,21.0,27.0,14.0,12.0,1.0,26.0,5.0,1.0,3.0,4.0,57.0
1330,201308,23,4.0,10.0,4.0,6.0,0.0,8.0,8.0,2.0,0.0,7.0,4.0,4.0,5.0,3.0,23.0,8.0,2.0,2.0,4.0,10.0,3.0,21.0,3.0,8.0,5.0,6.0,4.0,2.0,12.0,3.0,0.0,4.0,2.0,4.0
1331,201308,24,3.0,3.0,4.0,1.0,0.0,2.0,4.0,3.0,1.0,2.0,1.0,3.0,0.0,4.0,4.0,2.0,0.0,0.0,0.0,4.0,2.0,3.0,1.0,2.0,3.0,1.0,2.0,0.0,6.0,4.0,0.0,5.0,0.0,1.0
1332,201308,25,7.0,8.0,3.0,6.0,1.0,3.0,0.0,2.0,0.0,2.0,3.0,3.0,2.0,5.0,9.0,12.0,0.0,4.0,0.0,11.0,5.0,15.0,2.0,6.0,6.0,4.0,3.0,0.0,6.0,2.0,0.0,6.0,1.0,1.0
1333,201308,26,6.0,3.0,3.0,6.0,0.0,13.0,11.0,1.0,0.0,3.0,3.0,4.0,1.0,6.0,2.0,5.0,1.0,0.0,2.0,11.0,0.0,15.0,1.0,1.0,5.0,2.0,2.0,1.0,11.0,2.0,0.0,10.0,0.0,5.0
1334,201308,27,10.0,4.0,4.0,8.0,1.0,10.0,5.0,1.0,2.0,4.0,5.0,5.0,6.0,4.0,3.0,15.0,0.0,2.0,4.0,4.0,1.0,12.0,3.0,8.0,11.0,1.0,2.0,2.0,9.0,0.0,0.0,0.0,2.0,7.0
1335,201308,28,45.0,1.0,7.0,11.0,0.0,35.0,6.0,22.0,2.0,25.0,4.0,14.0,10.0,3.0,22.0,24.0,2.0,0.0,3.0,10.0,2.0,17.0,1.0,16.0,15.0,5.0,9.0,2.0,9.0,2.0,2.0,1.0,20.0,48.0
1336,201308,29,4.0,2.0,12.0,6.0,0.0,10.0,13.0,5.0,5.0,5.0,0.0,14.0,4.0,4.0,9.0,5.0,2.0,0.0,3.0,15.0,2.0,26.0,1.0,7.0,5.0,3.0,5.0,2.0,5.0,5.0,4.0,3.0,0.0,8.0
1337,201308,30,3.0,4.0,2.0,14.0,2.0,2.0,4.0,1.0,0.0,7.0,6.0,11.0,9.0,1.0,117.0,17.0,2.0,1.0,9.0,14.0,1.0,6.0,1.0,15.0,15.0,8.0,2.0,1.0,13.0,2.0,1.0,0.0,3.0,4.0
1338,201308,31,1.0,0.0,2.0,11.0,0.0,6.0,8.0,3.0,1.0,1.0,3.0,9.0,6.0,0.0,15.0,6.0,0.0,1.0,5.0,3.0,0.0,6.0,1.0,9.0,4.0,3.0,4.0,2.0,3.0,0.0,0.0,1.0,1.0,3.0
1339,201309,1,0.0,2.0,3.0,0.0,0.0,5.0,3.0,0.0,2.0,0.0,1.0,7.0,3.0,0.0,0.0,5.0,2.0,2.0,0.0,4.0,0.0,3.0,0.0,10.0,3.0,1.0,1.0,0.0,4.0,0.0,1.0,9.0,1.0,1.0
1340,201309,2,53.0,4.0,0.0,5.0,1.0,30.0,2.0,28.0,1.0,18.0,4.0,23.0,10.0,3.0,17.0,25.0,3.0,3.0,0.0,2.0,1.0,3.0,1.0,13.0,21.0,5.0,6.0,3.0,12.0,1.0,1.0,24.0,21.0,68.0
1341,201309,3,5.0,12.0,6.0,5.0,1.0,9.0,4.0,4.0,1.0,5.0,3.0,3.0,4.0,0.0,6.0,5.0,1.0,1.0,1.0,7.0,4.0,7.0,1.0,8.0,9.0,0.0,2.0,1.0,8.0,10.0,0.0,19.0,0.0,14.0
1342,201309,4,0.0,13.0,4.0,4.0,2.0,9.0,5.0,1.0,2.0,3.0,8.0,2.0,0.0,2.0,1.0,5.0,1.0,4.0,0.0,20.0,1.0,22.0,0.0,11.0,5.0,3.0,5.0,5.0,3.0,7.0,0.0,4.0,1.0,5.0
1343,201309,5,5.0,11.0,7.0,7.0,1.0,9.0,6.0,3.0,0.0,3.0,6.0,6.0,3.0,5.0,7.0,5.0,1.0,5.0,0.0,16.0,1.0,23.0,4.0,4.0,7.0,2.0,2.0,1.0,11.0,3.0,0.0,1.0,1.0,0.0
1344,201309,6,2.0,5.0,3.0,2.0,0.0,5.0,23.0,5.0,0.0,2.0,1.0,4.0,0.0,0.0,5.0,4.0,0.0,4.0,1.0,9.0,2.0,8.0,1.0,0.0,4.0,2.0,5.0,1.0,1.0,2.0,2.0,6.0,1.0,2.0
1345,201309,7,1.0,2.0,3.0,1.0,0.0,2.0,8.0,0.0,2.0,0.0,0.0,1.0,1.0,2.0,4.0,1.0,6.0,2.0,0.0,1.0,1.0,2.0,1.0,1.0,2.0,1.0,1.0,0.0,1.0,1.0,0.0,2.0,1.0,0.0
1346,201309,8,5.0,6.0,2.0,2.0,1.0,7.0,15.0,5.0,1.0,3.0,3.0,3.0,4.0,2.0,6.0,3.0,1.0,2.0,1.0,5.0,1.0,6.0,0.0,3.0,4.0,1.0,2.0,1.0,2.0,1.0,0.0,0.0,1.0,3.0
1347,201309,9,1.0,8.0,3.0,12.0,1.0,1.0,18.0,1.0,1.0,4.0,2.0,9.0,2.0,12.0,9.0,7.0,3.0,6.0,1.0,7.0,3.0,12.0,1.0,11.0,4.0,1.0,3.0,3.0,3.0,3.0,3.0,1.0,1.0,3.0
1348,201309,10,1.0,6.0,6.0,8.0,1.0,7.0,15.0,4.0,0.0,2.0,0.0,5.0,2.0,8.0,3.0,0.0,0.0,2.0,0.0,14.0,2.0,14.0,6.0,9.0,6.0,3.0,3.0,1.0,4.0,2.0,1.0,4.0,0.0,4.0
1349,201309,11,20.0,6.0,3.0,7.0,0.0,11.0,14.0,14.0,1.0,8.0,4.0,4.0,3.0,5.0,38.0,40.0,2.0,1.0,2.0,8.0,4.0,22.0,4.0,10.0,15.0,7.0,2.0,3.0,13.0,7.0,2.0,7.0,11.0,22.0
1350,201309,12,132.0,12.0,3.0,15.0,4.0,100.0,10.0,75.0,1.0,91.0,8.0,36.0,24.0,2.0,65.0,109.0,5.0,4.0,7.0,13.0,1.0,29.0,3.0,32.0,58.0,20.0,20.0,76.0,78.0,3.0,8.0,2.0,62.0,165.0
1351,201309,13,13.0,6.0,6.0,8.0,2.0,19.0,7.0,6.0,3.0,20.0,11.0,7.0,6.0,9.0,19.0,22.0,4.0,3.0,4.0,14.0,5.0,22.0,3.0,12.0,19.0,3.0,11.0,2.0,14.0,3.0,2.0,1.0,5.0,25.0
1352,201309,14,3.0,2.0,3.0,1.0,1.0,1.0,7.0,0.0,0.0,0.0,1.0,7.0,1.0,4.0,2.0,3.0,2.0,0.0,2.0,10.0,1.0,20.0,2.0,1.0,2.0,1.0,2.0,0.0,1.0,0.0,0.0,1.0,0.0,1.0
1353,201309,15,3.0,1.0,1.0,5.0,0.0,6.0,8.0,3.0,0.0,6.0,6.0,1.0,3.0,4.0,15.0,7.0,1.0,1.0,3.0,9.0,0.0,7.0,1.0,10.0,6.0,4.0,3.0,0.0,6.0,3.0,1.0,0.0,4.0,5.0
1354,201309,16,1.0,13.0,2.0,5.0,1.0,3.0,7.0,1.0,0.0,9.0,2.0,7.0,7.0,3.0,10.0,6.0,1.0,3.0,4.0,12.0,0.0,12.0,3.0,7.0,3.0,2.0,3.0,0.0,3.0,5.0,0.0,1.0,1.0,9.0
1355,201309,17,2.0,5.0,3.0,3.0,0.0,11.0,4.0,0.0,0.0,5.0,5.0,0.0,5.0,3.0,2.0,16.0,0.0,1.0,1.0,16.0,0.0,17.0,5.0,6.0,8.0,4.0,3.0,2.0,2.0,5.0,0.0,6.0,1.0,7.0
1356,201309,18,1.0,2.0,2.0,9.0,0.0,8.0,4.0,3.0,0.0,5.0,3.0,7.0,2.0,2.0,49.0,8.0,1.0,1.0,5.0,12.0,1.0,8.0,4.0,5.0,11.0,4.0,2.0,1.0,10.0,2.0,1.0,0.0,0.0,2.0
1357,201309,19,11.0,33.0,7.0,51.0,0.0,25.0,10.0,8.0,0.0,13.0,11.0,9.0,13.0,12.0,350.0,38.0,2.0,1.0,25.0,24.0,4.0,15.0,0.0,24.0,37.0,31.0,6.0,6.0,16.0,7.0,1.0,1.0,3.0,12.0
1358,201309,20,8.0,47.0,9.0,19.0,0.0,11.0,15.0,6.0,1.0,11.0,61.0,10.0,2.0,8.0,15.0,19.0,1.0,11.0,6.0,31.0,3.0,47.0,4.0,13.0,14.0,10.0,4.0,3.0,12.0,6.0,4.0,3.0,2.0,14.0
1359,201309,21,2.0,7.0,0.0,4.0,0.0,3.0,4.0,4.0,0.0,0.0,4.0,8.0,1.0,1.0,0.0,1.0,0.0,1.0,0.0,9.0,1.0,7.0,1.0,7.0,3.0,5.0,2.0,0.0,4.0,3.0,1.0,4.0,0.0,1.0
1360,201309,22,5.0,2.0,1.0,5.0,0.0,6.0,11.0,3.0,2.0,3.0,2.0,7.0,2.0,5.0,9.0,8.0,2.0,0.0,1.0,7.0,1.0,6.0,2.0,24.0,2.0,2.0,3.0,0.0,4.0,2.0,0.0,0.0,0.0,3.0
1361,201309,23,1.0,0.0,3.0,5.0,0.0,5.0,5.0,4.0,1.0,4.0,1.0,4.0,4.0,1.0,6.0,0.0,2.0,1.0,2.0,11.0,1.0,9.0,2.0,4.0,5.0,1.0,2.0,2.0,6.0,3.0,2.0,7.0,3.0,2.0
1362,201309,24,2.0,2.0,6.0,3.0,2.0,5.0,5.0,2.0,0.0,3.0,2.0,4.0,2.0,1.0,4.0,4.0,0.0,1.0,3.0,10.0,2.0,12.0,0.0,5.0,11.0,3.0,2.0,1.0,8.0,3.0,0.0,4.0,3.0,7.0
1363,201309,25,5.0,13.0,6.0,4.0,1.0,7.0,5.0,1.0,3.0,0.0,5.0,7.0,3.0,3.0,8.0,6.0,2.0,7.0,0.0,10.0,2.0,14.0,4.0,4.0,8.0,3.0,4.0,0.0,12.0,3.0,0.0,13.0,1.0,7.0
1364,201309,26,2.0,5.0,2.0,6.0,0.0,4.0,2.0,2.0,2.0,4.0,1.0,4.0,0.0,2.0,10.0,1.0,0.0,5.0,1.0,7.0,0.0,6.0,4.0,6.0,4.0,2.0,6.0,0.0,2.0,5.0,0.0,1.0,0.0,2.0
1365,201309,27,4.0,6.0,4.0,0.0,0.0,4.0,3.0,3.0,2.0,4.0,0.0,13.0,6.0,5.0,12.0,7.0,0.0,4.0,0.0,9.0,1.0,9.0,2.0,5.0,7.0,4.0,1.0,3.0,7.0,1.0,0.0,8.0,0.0,5.0
1366,201309,28,3.0,46.0,5.0,5.0,4.0,3.0,2.0,1.0,1.0,4.0,5.0,4.0,3.0,3.0,3.0,5.0,1.0,5.0,0.0,2.0,2.0,8.0,0.0,7.0,3.0,4.0,2.0,0.0,1.0,0.0,1.0,2.0,1.0,1.0
1367,201309,29,3.0,10.0,6.0,9.0,0.0,0.0,16.0,2.0,0.0,3.0,10.0,5.0,2.0,1.0,13.0,4.0,0.0,3.0,1.0,11.0,2.0,14.0,3.0,10.0,2.0,3.0,4.0,0.0,2.0,0.0,0.0,2.0,0.0,2.0
1368,201309,30,4.0,15.0,5.0,5.0,1.0,4.0,11.0,0.0,1.0,6.0,5.0,6.0,5.0,2.0,12.0,4.0,0.0,2.0,1.0,11.0,1.0,22.0,0.0,4.0,6.0,2.0,1.0,0.0,4.0,1.0,0.0,0.0,1.0,7.0
1369,201310,1,4.0,5.0,6.0,3.0,0.0,5.0,8.0,1.0,2.0,2.0,9.0,6.0,6.0,2.0,10.0,5.0,0.0,1.0,3.0,4.0,0.0,6.0,1.0,10.0,9.0,1.0,13.0,2.0,2.0,0.0,0.0,8.0,2.0,2.0
1370,201310,2,2.0,7.0,3.0,2.0,0.0,5.0,4.0,2.0,0.0,5.0,4.0,4.0,0.0,8.0,1.0,4.0,1.0,2.0,2.0,16.0,2.0,13.0,2.0,6.0,6.0,1.0,11.0,0.0,2.0,3.0,0.0,3.0,0.0,2.0
1371,201310,3,4.0,5.0,4.0,21.0,3.0,6.0,10.0,1.0,2.0,4.0,13.0,15.0,12.0,9.0,66.0,17.0,0.0,1.0,7.0,11.0,2.0,13.0,9.0,8.0,16.0,7.0,6.0,0.0,4.0,5.0,1.0,0.0,0.0,7.0
1372,201310,4,5.0,5.0,4.0,28.0,0.0,3.0,4.0,0.0,0.0,1.0,7.0,6.0,10.0,32.0,12.0,10.0,1.0,1.0,1.0,1.0,5.0,6.0,11.0,7.0,5.0,4.0,3.0,0.0,4.0,2.0,0.0,0.0,0.0,2.0
1373,201310,5,4.0,12.0,0.0,15.0,1.0,1.0,3.0,1.0,0.0,2.0,2.0,4.0,2.0,15.0,29.0,6.0,2.0,0.0,3.0,9.0,0.0,3.0,2.0,5.0,4.0,6.0,0.0,0.0,3.0,0.0,1.0,2.0,0.0,1.0
1374,201310,6,4.0,19.0,1.0,18.0,14.0,5.0,2.0,3.0,2.0,8.0,7.0,12.0,13.0,19.0,24.0,8.0,3.0,2.0,1.0,2.0,0.0,4.0,6.0,12.0,5.0,4.0,3.0,1.0,6.0,0.0,1.0,1.0,1.0,1.0
1375,201310,7,46.0,10.0,6.0,10.0,4.0,43.0,8.0,37.0,1.0,35.0,5.0,24.0,10.0,7.0,24.0,23.0,2.0,1.0,1.0,13.0,0.0,5.0,1.0,12.0,21.0,6.0,11.0,2.0,22.0,1.0,3.0,4.0,10.0,62.0
1376,201310,8,1.0,11.0,5.0,5.0,2.0,5.0,4.0,5.0,1.0,7.0,6.0,11.0,4.0,0.0,7.0,10.0,0.0,0.0,2.0,8.0,3.0,4.0,2.0,8.0,14.0,6.0,8.0,0.0,4.0,3.0,0.0,1.0,1.0,5.0
1377,201310,9,5.0,11.0,6.0,4.0,3.0,3.0,11.0,1.0,3.0,5.0,4.0,11.0,2.0,1.0,10.0,5.0,1.0,4.0,1.0,16.0,2.0,18.0,2.0,6.0,6.0,3.0,4.0,1.0,0.0,2.0,0.0,3.0,2.0,6.0
1378,201310,10,26.0,4.0,0.0,7.0,1.0,24.0,6.0,63.0,1.0,22.0,5.0,7.0,9.0,4.0,12.0,21.0,0.0,1.0,1.0,9.0,1.0,7.0,2.0,9.0,16.0,3.0,5.0,4.0,8.0,1.0,0.0,4.0,1.0,16.0
1379,201310,11,54.0,7.0,1.0,7.0,0.0,35.0,11.0,65.0,0.0,21.0,4.0,16.0,6.0,9.0,13.0,22.0,0.0,0.0,0.0,10.0,1.0,6.0,3.0,9.0,24.0,6.0,9.0,3.0,14.0,3.0,1.0,0.0,6.0,46.0
1380,201310,12,3.0,0.0,0.0,1.0,0.0,3.0,0.0,0.0,1.0,2.0,1.0,2.0,2.0,1.0,3.0,4.0,0.0,0.0,2.0,7.0,1.0,5.0,0.0,6.0,5.0,0.0,0.0,0.0,3.0,0.0,0.0,1.0,2.0,1.0
1381,201310,13,2.0,6.0,0.0,2.0,0.0,0.0,2.0,1.0,0.0,3.0,3.0,2.0,1.0,1.0,6.0,6.0,0.0,2.0,2.0,3.0,0.0,2.0,1.0,5.0,2.0,2.0,3.0,0.0,3.0,1.0,1.0,1.0,1.0,4.0
1382,201310,14,0.0,15.0,1.0,4.0,1.0,7.0,5.0,4.0,1.0,3.0,5.0,7.0,0.0,11.0,11.0,8.0,1.0,1.0,0.0,11.0,1.0,9.0,0.0,2.0,7.0,3.0,2.0,1.0,3.0,0.0,0.0,16.0,2.0,4.0
1383,201310,15,1.0,8.0,6.0,9.0,1.0,11.0,3.0,3.0,0.0,5.0,5.0,8.0,3.0,6.0,16.0,6.0,1.0,4.0,2.0,11.0,1.0,7.0,4.0,6.0,9.0,3.0,1.0,0.0,2.0,2.0,0.0,8.0,3.0,6.0
1384,201310,16,1.0,7.0,4.0,8.0,1.0,1.0,4.0,4.0,0.0,3.0,6.0,8.0,1.0,2.0,5.0,6.0,1.0,3.0,0.0,8.0,3.0,6.0,2.0,6.0,4.0,1.0,4.0,2.0,4.0,1.0,1.0,9.0,1.0,2.0
1385,201310,17,5.0,3.0,3.0,14.0,2.0,8.0,9.0,5.0,0.0,5.0,2.0,2.0,1.0,3.0,17.0,13.0,0.0,3.0,2.0,2.0,0.0,5.0,0.0,7.0,8.0,0.0,3.0,0.0,5.0,0.0,0.0,5.0,2.0,5.0
1386,201310,18,2.0,3.0,6.0,3.0,0.0,7.0,17.0,1.0,0.0,2.0,3.0,5.0,0.0,1.0,6.0,5.0,4.0,2.0,0.0,5.0,0.0,8.0,0.0,3.0,5.0,1.0,1.0,0.0,5.0,1.0,0.0,3.0,0.0,4.0
1387,201310,19,1.0,2.0,2.0,3.0,0.0,0.0,12.0,2.0,1.0,3.0,1.0,13.0,2.0,0.0,0.0,6.0,4.0,1.0,2.0,6.0,1.0,10.0,0.0,2.0,7.0,0.0,1.0,1.0,1.0,0.0,0.0,4.0,1.0,1.0
1388,201310,20,0.0,1.0,1.0,5.0,2.0,2.0,11.0,1.0,0.0,0.0,2.0,2.0,2.0,1.0,4.0,5.0,0.0,0.0,3.0,6.0,0.0,14.0,1.0,4.0,4.0,0.0,1.0,1.0,0.0,6.0,0.0,3.0,0.0,0.0
1389,201310,21,1.0,5.0,4.0,3.0,2.0,1.0,18.0,2.0,3.0,2.0,2.0,8.0,0.0,1.0,9.0,6.0,1.0,1.0,4.0,15.0,1.0,30.0,0.0,1.0,1.0,2.0,2.0,1.0,3.0,4.0,0.0,7.0,0.0,3.0
1390,201310,22,3.0,9.0,2.0,5.0,2.0,2.0,15.0,0.0,0.0,7.0,2.0,9.0,2.0,2.0,14.0,6.0,0.0,3.0,3.0,10.0,1.0,26.0,0.0,6.0,8.0,3.0,2.0,1.0,4.0,2.0,0.0,7.0,1.0,3.0
1391,201310,23,5.0,9.0,5.0,2.0,0.0,5.0,18.0,2.0,1.0,6.0,2.0,3.0,0.0,2.0,5.0,1.0,3.0,2.0,0.0,6.0,0.0,23.0,0.0,5.0,5.0,1.0,1.0,1.0,7.0,2.0,1.0,5.0,1.0,5.0
1392,201310,24,3.0,8.0,7.0,9.0,2.0,6.0,31.0,0.0,3.0,2.0,0.0,2.0,1.0,1.0,5.0,9.0,1.0,1.0,1.0,18.0,2.0,50.0,2.0,7.0,9.0,1.0,0.0,0.0,4.0,6.0,1.0,3.0,2.0,2.0
1393,201310,25,1.0,7.0,1.0,2.0,1.0,6.0,9.0,5.0,1.0,5.0,4.0,2.0,4.0,1.0,15.0,6.0,0.0,0.0,2.0,8.0,0.0,6.0,0.0,2.0,2.0,3.0,3.0,1.0,1.0,1.0,1.0,1.0,2.0,4.0
1394,201310,26,1.0,9.0,1.0,0.0,1.0,3.0,2.0,1.0,1.0,0.0,3.0,8.0,0.0,1.0,1.0,6.0,2.0,1.0,1.0,5.0,2.0,4.0,1.0,1.0,2.0,3.0,0.0,1.0,2.0,0.0,0.0,2.0,3.0,0.0
1395,201310,27,1.0,18.0,2.0,2.0,2.0,1.0,6.0,2.0,1.0,4.0,2.0,6.0,1.0,1.0,2.0,2.0,0.0,3.0,0.0,21.0,2.0,30.0,0.0,5.0,6.0,1.0,1.0,0.0,2.0,6.0,1.0,0.0,1.0,5.0
1396,201310,28,1.0,11.0,0.0,3.0,6.0,7.0,5.0,4.0,3.0,6.0,5.0,1.0,2.0,3.0,7.0,10.0,1.0,3.0,1.0,5.0,0.0,12.0,2.0,7.0,6.0,3.0,0.0,3.0,7.0,3.0,1.0,3.0,2.0,4.0
1397,201310,29,2.0,11.0,5.0,4.0,1.0,5.0,7.0,0.0,1.0,7.0,5.0,3.0,2.0,6.0,16.0,1.0,1.0,2.0,1.0,10.0,1.0,16.0,2.0,14.0,14.0,2.0,1.0,0.0,8.0,3.0,0.0,6.0,4.0,7.0
1398,201310,30,2.0,11.0,3.0,13.0,2.0,3.0,4.0,3.0,0.0,2.0,6.0,5.0,2.0,12.0,37.0,11.0,0.0,2.0,5.0,3.0,0.0,5.0,5.0,5.0,8.0,8.0,2.0,0.0,3.0,1.0,0.0,9.0,1.0,2.0
1399,201310,31,12.0,26.0,3.0,13.0,0.0,7.0,7.0,5.0,1.0,6.0,17.0,5.0,0.0,1.0,11.0,11.0,0.0,3.0,1.0,8.0,1.0,8.0,1.0,7.0,18.0,2.0,7.0,3.0,8.0,2.0,0.0,4.0,0.0,5.0
1400,201311,1,35.0,17.0,14.0,9.0,2.0,31.0,22.0,41.0,5.0,14.0,13.0,7.0,10.0,11.0,21.0,23.0,3.0,3.0,6.0,191.0,9.0,61.0,4.0,11.0,14.0,9.0,3.0,0.0,12.0,14.0,2.0,3.0,3.0,43.0
1401,201311,2,5.0,6.0,5.0,3.0,1.0,3.0,9.0,3.0,1.0,8.0,1.0,51.0,5.0,5.0,11.0,3.0,1.0,1.0,1.0,19.0,0.0,8.0,1.0,5.0,4.0,1.0,9.0,2.0,10.0,0.0,2.0,3.0,3.0,1.0
1402,201311,3,1.0,5.0,1.0,2.0,0.0,3.0,5.0,0.0,3.0,5.0,7.0,6.0,4.0,4.0,9.0,3.0,0.0,2.0,2.0,2.0,0.0,4.0,2.0,4.0,6.0,2.0,2.0,0.0,0.0,0.0,0.0,1.0,0.0,4.0
1403,201311,4,1.0,20.0,3.0,5.0,2.0,5.0,8.0,3.0,1.0,6.0,10.0,6.0,1.0,3.0,4.0,8.0,6.0,3.0,0.0,11.0,2.0,5.0,2.0,7.0,4.0,1.0,3.0,1.0,4.0,1.0,0.0,4.0,3.0,3.0
1404,201311,5,2.0,4.0,6.0,9.0,1.0,10.0,10.0,3.0,1.0,2.0,1.0,12.0,1.0,3.0,8.0,3.0,1.0,2.0,0.0,2.0,0.0,7.0,1.0,2.0,6.0,4.0,5.0,0.0,5.0,3.0,0.0,3.0,1.0,5.0
1405,201311,6,3.0,8.0,7.0,8.0,0.0,6.0,6.0,3.0,0.0,6.0,5.0,5.0,1.0,0.0,21.0,8.0,0.0,3.0,2.0,12.0,0.0,5.0,1.0,2.0,4.0,3.0,1.0,0.0,7.0,2.0,2.0,6.0,2.0,5.0
1406,201311,7,18.0,10.0,4.0,4.0,2.0,14.0,9.0,16.0,0.0,11.0,9.0,6.0,2.0,3.0,8.0,6.0,0.0,3.0,2.0,6.0,1.0,6.0,1.0,4.0,13.0,4.0,7.0,1.0,9.0,2.0,1.0,4.0,2.0,22.0
1407,201311,8,2.0,3.0,7.0,1.0,3.0,7.0,11.0,0.0,0.0,1.0,5.0,6.0,1.0,3.0,0.0,7.0,0.0,1.0,0.0,19.0,4.0,26.0,1.0,0.0,3.0,2.0,2.0,0.0,2.0,28.0,0.0,1.0,3.0,3.0
1408,201311,9,4.0,4.0,0.0,3.0,0.0,2.0,1.0,4.0,1.0,0.0,2.0,4.0,1.0,1.0,1.0,3.0,0.0,2.0,0.0,6.0,1.0,0.0,0.0,9.0,1.0,2.0,1.0,0.0,1.0,2.0,0.0,7.0,0.0,0.0
1409,201311,10,3.0,6.0,4.0,6.0,0.0,9.0,5.0,2.0,2.0,3.0,3.0,5.0,2.0,5.0,1.0,3.0,0.0,0.0,0.0,10.0,2.0,3.0,1.0,8.0,1.0,1.0,1.0,0.0,3.0,3.0,0.0,3.0,1.0,3.0
1410,201311,11,3.0,3.0,9.0,12.0,1.0,6.0,12.0,4.0,4.0,2.0,5.0,5.0,2.0,8.0,44.0,10.0,1.0,0.0,4.0,7.0,0.0,3.0,1.0,7.0,12.0,5.0,4.0,1.0,1.0,4.0,1.0,16.0,1.0,3.0
1411,201311,12,4.0,15.0,8.0,6.0,2.0,9.0,4.0,13.0,5.0,8.0,4.0,6.0,2.0,2.0,9.0,13.0,1.0,3.0,5.0,6.0,2.0,7.0,1.0,5.0,8.0,1.0,2.0,1.0,8.0,3.0,0.0,2.0,2.0,10.0
1412,201311,13,8.0,5.0,2.0,7.0,2.0,9.0,9.0,4.0,18.0,3.0,5.0,9.0,2.0,4.0,0.0,2.0,0.0,2.0,0.0,10.0,0.0,11.0,1.0,2.0,2.0,1.0,1.0,1.0,4.0,0.0,0.0,4.0,2.0,1.0
1413,201311,14,3.0,3.0,4.0,6.0,0.0,3.0,5.0,4.0,4.0,4.0,1.0,6.0,1.0,6.0,8.0,3.0,3.0,0.0,0.0,16.0,0.0,23.0,1.0,5.0,5.0,3.0,2.0,0.0,7.0,39.0,1.0,2.0,1.0,4.0
1414,201311,15,3.0,6.0,1.0,4.0,0.0,1.0,2.0,1.0,0.0,3.0,0.0,6.0,2.0,7.0,4.0,1.0,0.0,1.0,0.0,5.0,1.0,5.0,2.0,2.0,4.0,1.0,2.0,0.0,4.0,4.0,0.0,4.0,1.0,5.0
1415,201311,16,5.0,0.0,3.0,0.0,0.0,5.0,1.0,1.0,0.0,3.0,5.0,7.0,3.0,9.0,7.0,1.0,0.0,0.0,0.0,6.0,0.0,5.0,5.0,3.0,4.0,1.0,1.0,0.0,2.0,2.0,2.0,2.0,0.0,1.0
1416,201311,17,17.0,13.0,5.0,47.0,4.0,46.0,3.0,18.0,2.0,27.0,4.0,41.0,18.0,16.0,308.0,104.0,1.0,2.0,32.0,7.0,1.0,1.0,3.0,17.0,35.0,16.0,12.0,9.0,28.0,2.0,3.0,5.0,7.0,18.0
1417,201311,18,9.0,7.0,2.0,12.0,1.0,32.0,9.0,2.0,2.0,8.0,9.0,7.0,3.0,4.0,10.0,30.0,5.0,1.0,4.0,9.0,0.0,8.0,2.0,5.0,13.0,4.0,5.0,1.0,13.0,3.0,1.0,8.0,3.0,24.0
1418,201311,19,3.0,3.0,2.0,8.0,1.0,8.0,8.0,3.0,3.0,4.0,3.0,6.0,5.0,2.0,11.0,10.0,1.0,3.0,2.0,13.0,3.0,24.0,3.0,5.0,8.0,1.0,3.0,4.0,8.0,4.0,1.0,3.0,0.0,5.0
1419,201311,20,0.0,2.0,6.0,3.0,0.0,2.0,7.0,0.0,7.0,4.0,3.0,3.0,1.0,3.0,5.0,4.0,0.0,1.0,0.0,22.0,5.0,33.0,5.0,4.0,4.0,0.0,1.0,3.0,1.0,5.0,1.0,6.0,1.0,0.0
1420,201311,21,3.0,42.0,8.0,22.0,2.0,5.0,7.0,6.0,16.0,9.0,4.0,14.0,1.0,38.0,16.0,6.0,1.0,2.0,1.0,8.0,19.0,9.0,9.0,7.0,11.0,3.0,8.0,0.0,1.0,1.0,2.0,2.0,2.0,4.0
1421,201311,22,5.0,108.0,17.0,13.0,2.0,11.0,5.0,4.0,12.0,10.0,28.0,15.0,7.0,19.0,12.0,8.0,1.0,6.0,1.0,14.0,32.0,14.0,8.0,13.0,6.0,18.0,10.0,0.0,7.0,5.0,1.0,0.0,1.0,8.0
1422,201311,23,3.0,46.0,18.0,5.0,2.0,4.0,4.0,2.0,1.0,6.0,11.0,40.0,3.0,8.0,4.0,4.0,0.0,3.0,0.0,8.0,6.0,5.0,2.0,9.0,5.0,2.0,8.0,2.0,6.0,2.0,1.0,1.0,1.0,0.0
1423,201311,24,7.0,373.0,33.0,13.0,8.0,13.0,7.0,6.0,0.0,13.0,35.0,15.0,17.0,19.0,25.0,10.0,8.0,22.0,8.0,17.0,5.0,14.0,4.0,34.0,20.0,20.0,14.0,5.0,14.0,7.0,8.0,0.0,0.0,9.0
1424,201311,25,7.0,222.0,10.0,8.0,3.0,8.0,13.0,3.0,0.0,8.0,17.0,9.0,9.0,9.0,15.0,4.0,3.0,12.0,4.0,13.0,1.0,6.0,2.0,29.0,14.0,17.0,8.0,1.0,4.0,2.0,2.0,7.0,0.0,2.0
1425,201311,26,6.0,15.0,2.0,5.0,3.0,9.0,17.0,6.0,5.0,12.0,7.0,18.0,14.0,7.0,14.0,18.0,3.0,3.0,1.0,7.0,2.0,3.0,5.0,3.0,13.0,2.0,11.0,1.0,23.0,1.0,4.0,1.0,1.0,5.0
1426,201311,27,36.0,4.0,3.0,7.0,1.0,33.0,4.0,42.0,1.0,17.0,9.0,25.0,7.0,6.0,17.0,22.0,2.0,4.0,5.0,4.0,1.0,4.0,7.0,16.0,21.0,6.0,8.0,2.0,16.0,2.0,3.0,5.0,6.0,24.0
1427,201311,28,1.0,5.0,2.0,2.0,0.0,1.0,3.0,0.0,0.0,1.0,3.0,2.0,0.0,0.0,0.0,3.0,2.0,1.0,0.0,2.0,0.0,1.0,0.0,0.0,7.0,0.0,0.0,0.0,1.0,0.0,0.0,7.0,0.0,0.0
1428,201311,29,0.0,6.0,1.0,1.0,0.0,0.0,4.0,0.0,0.0,0.0,0.0,2.0,2.0,2.0,0.0,2.0,0.0,0.0,1.0,0.0,1.0,2.0,3.0,0.0,2.0,1.0,0.0,1.0,1.0,0.0,0.0,5.0,0.0,0.0
1429,201311,30,1.0,0.0,11.0,3.0,0.0,4.0,7.0,3.0,4.0,3.0,5.0,4.0,5.0,6.0,7.0,6.0,1.0,2.0,0.0,9.0,2.0,15.0,2.0,3.0,3.0,2.0,1.0,0.0,7.0,1.0,0.0,2.0,0.0,2.0
1430,201312,1,9.0,5.0,14.0,5.0,1.0,9.0,9.0,7.0,0.0,4.0,5.0,12.0,7.0,9.0,6.0,8.0,0.0,3.0,1.0,5.0,1.0,9.0,5.0,5.0,2.0,2.0,2.0,0.0,7.0,4.0,0.0,1.0,2.0,2.0
1431,201312,2,4.0,24.0,5.0,6.0,1.0,14.0,9.0,2.0,0.0,13.0,4.0,14.0,4.0,6.0,5.0,4.0,4.0,2.0,1.0,13.0,2.0,15.0,13.0,6.0,4.0,5.0,4.0,2.0,9.0,3.0,0.0,3.0,0.0,4.0
1432,201312,3,6.0,20.0,9.0,25.0,3.0,13.0,6.0,5.0,0.0,4.0,10.0,3.0,7.0,16.0,45.0,6.0,3.0,4.0,8.0,11.0,6.0,20.0,14.0,33.0,13.0,10.0,1.0,3.0,4.0,2.0,0.0,1.0,0.0,3.0
1433,201312,4,11.0,27.0,6.0,89.0,3.0,7.0,10.0,5.0,5.0,4.0,15.0,14.0,11.0,43.0,86.0,20.0,3.0,3.0,9.0,11.0,2.0,18.0,7.0,13.0,14.0,2.0,3.0,0.0,7.0,4.0,1.0,6.0,1.0,6.0
1434,201312,5,82.0,264.0,21.0,35.0,11.0,85.0,10.0,64.0,5.0,54.0,45.0,35.0,36.0,25.0,56.0,67.0,7.0,11.0,8.0,31.0,3.0,25.0,15.0,39.0,38.0,29.0,25.0,6.0,30.0,11.0,9.0,6.0,17.0,163.0
1435,201312,6,64.0,914.0,64.0,53.0,22.0,56.0,28.0,51.0,4.0,43.0,100.0,37.0,65.0,42.0,66.0,51.0,17.0,62.0,14.0,51.0,17.0,48.0,21.0,181.0,130.0,71.0,36.0,10.0,30.0,16.0,13.0,3.0,6.0,38.0
1436,201312,7,11.0,570.0,34.0,35.0,15.0,14.0,17.0,4.0,4.0,15.0,50.0,14.0,21.0,32.0,26.0,14.0,16.0,34.0,10.0,25.0,11.0,24.0,18.0,42.0,27.0,39.0,23.0,7.0,15.0,10.0,11.0,1.0,6.0,8.0
1437,201312,8,67.0,591.0,42.0,76.0,26.0,102.0,22.0,269.0,2.0,183.0,123.0,75.0,83.0,46.0,257.0,104.0,21.0,38.0,30.0,39.0,11.0,34.0,20.0,102.0,130.0,72.0,49.0,38.0,160.0,13.0,17.0,2.0,24.0,49.0
1438,201312,9,66.0,433.0,34.0,53.0,12.0,99.0,19.0,86.0,10.0,84.0,83.0,49.0,43.0,42.0,147.0,98.0,12.0,30.0,23.0,38.0,14.0,40.0,10.0,96.0,68.0,63.0,42.0,22.0,95.0,12.0,14.0,5.0,6.0,43.0
1439,201312,10,141.0,144.0,19.0,33.0,9.0,103.0,12.0,132.0,3.0,105.0,33.0,50.0,35.0,18.0,86.0,67.0,10.0,15.0,16.0,15.0,3.0,18.0,4.0,49.0,72.0,37.0,34.0,27.0,96.0,5.0,7.0,0.0,22.0,126.0
1440,201312,11,15.0,9.0,3.0,17.0,2.0,12.0,6.0,3.0,5.0,13.0,8.0,8.0,8.0,6.0,86.0,23.0,2.0,2.0,9.0,11.0,3.0,10.0,4.0,7.0,22.0,10.0,8.0,1.0,6.0,6.0,4.0,3.0,2.0,8.0
1441,201312,12,7.0,12.0,3.0,15.0,3.0,13.0,17.0,9.0,2.0,7.0,6.0,5.0,9.0,5.0,26.0,13.0,1.0,2.0,4.0,6.0,1.0,6.0,4.0,7.0,14.0,6.0,5.0,0.0,4.0,2.0,2.0,0.0,2.0,4.0
1442,201312,13,9.0,5.0,5.0,11.0,2.0,7.0,12.0,3.0,2.0,6.0,9.0,1.0,9.0,6.0,28.0,8.0,3.0,2.0,3.0,11.0,4.0,10.0,8.0,7.0,10.0,7.0,5.0,2.0,7.0,5.0,1.0,0.0,2.0,6.0
1443,201312,14,124.0,11.0,5.0,19.0,14.0,51.0,15.0,37.0,2.0,16.0,24.0,22.0,22.0,11.0,123.0,77.0,16.0,4.0,31.0,10.0,7.0,16.0,7.0,20.0,43.0,21.0,33.0,28.0,57.0,4.0,26.0,9.0,42.0,23.0
1444,201312,15,45.0,4.0,2.0,4.0,2.0,137.0,20.0,4.0,1.0,13.0,7.0,10.0,3.0,6.0,17.0,23.0,2.0,2.0,6.0,6.0,3.0,12.0,11.0,10.0,10.0,7.0,2.0,5.0,21.0,0.0,4.0,2.0,14.0,17.0
1445,201312,16,2.0,14.0,2.0,23.0,2.0,5.0,17.0,1.0,1.0,5.0,9.0,5.0,5.0,9.0,73.0,13.0,8.0,6.0,10.0,10.0,0.0,9.0,36.0,14.0,19.0,8.0,7.0,1.0,12.0,1.0,0.0,5.0,2.0,6.0
1446,201312,17,96.0,24.0,10.0,18.0,7.0,75.0,27.0,39.0,1.0,36.0,7.0,17.0,12.0,4.0,47.0,50.0,4.0,4.0,15.0,13.0,2.0,20.0,20.0,21.0,45.0,10.0,21.0,12.0,21.0,4.0,6.0,1.0,13.0,81.0
1447,201312,18,11.0,14.0,7.0,11.0,2.0,22.0,13.0,2.0,2.0,5.0,8.0,1.0,3.0,3.0,8.0,10.0,2.0,5.0,3.0,5.0,1.0,12.0,9.0,9.0,14.0,3.0,3.0,1.0,0.0,1.0,2.0,3.0,2.0,3.0
1448,201312,19,4.0,16.0,29.0,20.0,4.0,6.0,26.0,7.0,2.0,6.0,9.0,4.0,7.0,33.0,37.0,12.0,2.0,7.0,4.0,19.0,8.0,27.0,179.0,10.0,18.0,10.0,7.0,0.0,7.0,7.0,0.0,3.0,7.0,3.0
1449,201312,20,16.0,24.0,13.0,18.0,2.0,7.0,9.0,8.0,9.0,10.0,23.0,5.0,13.0,45.0,37.0,25.0,1.0,4.0,11.0,12.0,2.0,5.0,24.0,9.0,18.0,8.0,6.0,2.0,8.0,5.0,2.0,3.0,5.0,4.0
1450,201312,21,6.0,95.0,22.0,32.0,6.0,21.0,6.0,15.0,2.0,13.0,51.0,10.0,12.0,66.0,69.0,23.0,3.0,7.0,11.0,20.0,0.0,7.0,19.0,26.0,16.0,52.0,9.0,3.0,4.0,4.0,2.0,5.0,5.0,7.0
1451,201312,22,25.0,42.0,12.0,30.0,6.0,62.0,16.0,22.0,4.0,12.0,34.0,13.0,21.0,15.0,159.0,45.0,5.0,6.0,11.0,13.0,3.0,10.0,8.0,26.0,31.0,18.0,10.0,1.0,10.0,8.0,0.0,11.0,3.0,3.0
1452,201312,23,13.0,17.0,14.0,17.0,2.0,32.0,16.0,15.0,0.0,27.0,17.0,15.0,9.0,28.0,49.0,19.0,4.0,3.0,4.0,17.0,4.0,11.0,3.0,14.0,27.0,3.0,10.0,0.0,17.0,3.0,3.0,14.0,14.0,8.0
1453,201312,24,8.0,7.0,6.0,21.0,2.0,15.0,15.0,3.0,3.0,3.0,4.0,1.0,13.0,14.0,19.0,7.0,4.0,2.0,1.0,7.0,0.0,8.0,8.0,10.0,20.0,6.0,5.0,2.0,2.0,4.0,5.0,4.0,2.0,6.0
1454,201312,25,5.0,15.0,2.0,4.0,2.0,5.0,8.0,3.0,2.0,4.0,5.0,6.0,4.0,5.0,16.0,6.0,4.0,2.0,4.0,4.0,1.0,1.0,3.0,3.0,8.0,6.0,3.0,1.0,7.0,2.0,2.0,7.0,2.0,2.0
1455,201312,26,4.0,20.0,7.0,13.0,1.0,9.0,21.0,0.0,3.0,4.0,11.0,9.0,12.0,26.0,23.0,13.0,1.0,6.0,3.0,9.0,3.0,10.0,10.0,13.0,26.0,11.0,10.0,1.0,17.0,1.0,1.0,7.0,4.0,2.0
1456,201312,27,4.0,16.0,9.0,10.0,2.0,9.0,21.0,3.0,4.0,2.0,10.0,1.0,6.0,8.0,17.0,10.0,1.0,2.0,2.0,10.0,1.0,11.0,8.0,8.0,30.0,9.0,6.0,1.0,11.0,2.0,2.0,6.0,0.0,2.0
1457,201312,28,2.0,7.0,3.0,21.0,3.0,4.0,21.0,3.0,1.0,3.0,3.0,12.0,5.0,5.0,13.0,6.0,1.0,1.0,1.0,8.0,0.0,7.0,4.0,7.0,3.0,2.0,5.0,1.0,4.0,5.0,1.0,2.0,2.0,1.0
1458,201312,29,23.0,29.0,6.0,24.0,2.0,26.0,15.0,26.0,3.0,12.0,7.0,12.0,11.0,7.0,138.0,22.0,4.0,3.0,13.0,7.0,1.0,13.0,2.0,28.0,28.0,14.0,7.0,4.0,14.0,3.0,3.0,2.0,5.0,7.0
1459,201312,30,13.0,22.0,8.0,13.0,3.0,11.0,17.0,1.0,1.0,6.0,10.0,8.0,5.0,7.0,37.0,21.0,2.0,2.0,2.0,9.0,1.0,10.0,4.0,7.0,7.0,4.0,11.0,0.0,10.0,3.0,2.0,2.0,1.0,4.0
1460,201312,31,18.0,10.0,7.0,9.0,1.0,7.0,8.0,3.0,1.0,2.0,10.0,1.0,3.0,12.0,90.0,13.0,2.0,3.0,10.0,17.0,1.0,17.0,2.0,14.0,14.0,4.0,7.0,1.0,8.0,7.0,1.0,8.0,3.0,4.0
1461,201401,1,22.0,37.0,6.0,57.0,2.0,20.0,19.0,5.0,1.0,19.0,41.0,8.0,8.0,20.0,346.0,102.0,6.0,8.0,33.0,9.0,4.0,10.0,12.0,34.0,42.0,32.0,7.0,5.0,16.0,5.0,3.0,21.0,1.0,8.0
1462,201401,2,174.0,65.0,35.0,81.0,25.0,167.0,16.0,101.0,0.0,82.0,77.0,63.0,54.0,60.0,455.0,241.0,41.0,11.0,142.0,52.0,26.0,56.0,9.0,61.0,112.0,67.0,86.0,37.0,97.0,21.0,52.0,4.0,54.0,86.0
1463,201401,3,271.0,72.0,32.0,65.0,35.0,399.0,30.0,245.0,2.0,107.0,105.0,71.0,48.0,64.0,197.0,196.0,35.0,26.0,164.0,75.0,27.0,67.0,23.0,56.0,103.0,74.0,86.0,47.0,136.0,29.0,65.0,2.0,167.0,250.0
1464,201401,4,77.0,39.0,23.0,59.0,13.0,86.0,24.0,56.0,4.0,34.0,91.0,30.0,34.0,135.0,208.0,67.0,24.0,28.0,26.0,49.0,15.0,70.0,34.0,32.0,49.0,33.0,57.0,16.0,62.0,16.0,47.0,3.0,52.0,50.0
1465,201401,5,140.0,91.0,45.0,120.0,19.0,163.0,26.0,150.0,1.0,113.0,109.0,97.0,103.0,137.0,643.0,281.0,41.0,24.0,160.0,52.0,20.0,45.0,30.0,60.0,190.0,212.0,89.0,35.0,113.0,14.0,44.0,5.0,67.0,138.0
1466,201401,6,114.0,98.0,54.0,170.0,36.0,274.0,30.0,69.0,2.0,132.0,142.0,91.0,148.0,145.0,873.0,393.0,46.0,30.0,191.0,53.0,24.0,50.0,25.0,96.0,225.0,123.0,92.0,32.0,101.0,18.0,70.0,10.0,85.0,154.0
1467,201401,7,118.0,61.0,38.0,130.0,22.0,180.0,11.0,47.0,1.0,109.0,65.0,56.0,76.0,46.0,580.0,441.0,26.0,25.0,167.0,48.0,9.0,57.0,15.0,77.0,225.0,86.0,54.0,27.0,66.0,16.0,26.0,5.0,58.0,87.0
1468,201401,8,46.0,27.0,12.0,40.0,4.0,62.0,9.0,16.0,7.0,40.0,34.0,19.0,33.0,13.0,124.0,201.0,10.0,6.0,29.0,19.0,2.0,28.0,6.0,30.0,61.0,24.0,17.0,6.0,47.0,10.0,7.0,1.0,4.0,33.0
1469,201401,9,17.0,57.0,15.0,40.0,4.0,31.0,4.0,8.0,2.0,17.0,17.0,14.0,12.0,22.0,154.0,59.0,3.0,15.0,26.0,19.0,4.0,15.0,9.0,33.0,45.0,24.0,5.0,5.0,32.0,6.0,1.0,0.0,5.0,19.0
1470,201401,10,48.0,30.0,4.0,24.0,15.0,42.0,1.0,53.0,0.0,29.0,16.0,16.0,37.0,35.0,129.0,46.0,2.0,3.0,32.0,12.0,0.0,10.0,1.0,20.0,36.0,16.0,13.0,7.0,30.0,4.0,1.0,0.0,1.0,38.0
1471,201401,11,27.0,19.0,3.0,17.0,9.0,28.0,3.0,22.0,0.0,28.0,10.0,49.0,19.0,1.0,28.0,29.0,8.0,4.0,11.0,6.0,1.0,13.0,3.0,12.0,24.0,6.0,15.0,13.0,27.0,4.0,8.0,6.0,49.0,4.0
1472,201401,12,5.0,13.0,4.0,8.0,2.0,18.0,7.0,3.0,0.0,6.0,11.0,15.0,8.0,29.0,16.0,12.0,3.0,3.0,1.0,16.0,0.0,8.0,3.0,5.0,9.0,5.0,6.0,2.0,4.0,12.0,5.0,0.0,16.0,8.0
1473,201401,13,12.0,10.0,3.0,4.0,13.0,6.0,5.0,5.0,3.0,3.0,16.0,4.0,6.0,4.0,5.0,7.0,2.0,3.0,7.0,9.0,3.0,16.0,4.0,11.0,11.0,6.0,1.0,3.0,2.0,7.0,1.0,1.0,1.0,3.0
1474,201401,14,10.0,12.0,8.0,25.0,5.0,19.0,10.0,38.0,10.0,4.0,12.0,5.0,5.0,26.0,89.0,19.0,2.0,3.0,50.0,16.0,7.0,17.0,4.0,23.0,23.0,9.0,9.0,8.0,13.0,1.0,0.0,6.0,1.0,17.0
1475,201401,15,57.0,11.0,10.0,12.0,1.0,32.0,7.0,63.0,0.0,48.0,9.0,14.0,5.0,2.0,11.0,26.0,0.0,1.0,5.0,8.0,3.0,12.0,1.0,11.0,27.0,3.0,9.0,8.0,39.0,2.0,2.0,3.0,9.0,12.0
1476,201401,16,8.0,19.0,3.0,47.0,0.0,18.0,17.0,8.0,4.0,11.0,15.0,9.0,7.0,10.0,77.0,17.0,0.0,2.0,9.0,9.0,2.0,7.0,2.0,6.0,21.0,9.0,7.0,1.0,8.0,3.0,2.0,7.0,2.0,19.0
1477,201401,17,12.0,5.0,2.0,9.0,0.0,8.0,31.0,8.0,9.0,5.0,8.0,10.0,2.0,7.0,47.0,14.0,5.0,3.0,5.0,11.0,1.0,6.0,6.0,12.0,8.0,6.0,4.0,1.0,6.0,1.0,2.0,1.0,2.0,6.0
1478,201401,18,8.0,5.0,2.0,22.0,0.0,5.0,15.0,3.0,4.0,6.0,1.0,2.0,6.0,1.0,100.0,10.0,1.0,4.0,15.0,4.0,2.0,5.0,6.0,11.0,13.0,5.0,2.0,2.0,3.0,0.0,0.0,9.0,1.0,2.0
1479,201401,19,4.0,6.0,2.0,5.0,2.0,5.0,22.0,2.0,0.0,9.0,0.0,5.0,1.0,2.0,20.0,8.0,0.0,1.0,6.0,12.0,0.0,7.0,1.0,3.0,9.0,3.0,1.0,0.0,7.0,1.0,1.0,5.0,1.0,1.0
1480,201401,20,1.0,3.0,1.0,11.0,1.0,8.0,20.0,3.0,4.0,8.0,9.0,6.0,3.0,6.0,85.0,16.0,0.0,3.0,9.0,3.0,2.0,9.0,6.0,12.0,10.0,8.0,4.0,4.0,4.0,0.0,1.0,13.0,1.0,2.0
1481,201401,21,208.0,72.0,22.0,47.0,28.0,214.0,40.0,275.0,2.0,226.0,60.0,86.0,84.0,36.0,147.0,163.0,60.0,11.0,36.0,49.0,18.0,50.0,8.0,58.0,121.0,44.0,92.0,109.0,157.0,9.0,74.0,5.0,113.0,291.0
1482,201401,22,157.0,22.0,6.0,32.0,8.0,241.0,18.0,136.0,0.0,110.0,20.0,26.0,21.0,13.0,99.0,80.0,11.0,8.0,10.0,17.0,3.0,14.0,5.0,30.0,57.0,31.0,28.0,22.0,73.0,4.0,9.0,5.0,82.0,225.0
1483,201401,23,10.0,47.0,12.0,21.0,1.0,11.0,12.0,7.0,5.0,13.0,65.0,13.0,13.0,13.0,43.0,30.0,4.0,15.0,9.0,21.0,5.0,14.0,10.0,12.0,25.0,11.0,4.0,4.0,17.0,5.0,2.0,6.0,2.0,27.0
1484,201401,24,21.0,76.0,19.0,54.0,8.0,25.0,10.0,19.0,12.0,24.0,328.0,14.0,34.0,16.0,268.0,43.0,2.0,69.0,45.0,15.0,6.0,15.0,10.0,35.0,37.0,46.0,19.0,5.0,11.0,6.0,4.0,8.0,4.0,19.0
1485,201401,25,11.0,15.0,3.0,11.0,2.0,20.0,8.0,51.0,15.0,12.0,20.0,9.0,9.0,6.0,18.0,33.0,4.0,5.0,15.0,4.0,1.0,3.0,7.0,6.0,18.0,6.0,5.0,4.0,23.0,0.0,0.0,6.0,7.0,4.0
1486,201401,26,12.0,8.0,4.0,39.0,0.0,27.0,16.0,17.0,15.0,21.0,6.0,18.0,14.0,25.0,147.0,34.0,5.0,2.0,78.0,3.0,1.0,8.0,14.0,24.0,26.0,22.0,7.0,7.0,16.0,0.0,2.0,2.0,1.0,17.0
1487,201401,27,23.0,30.0,17.0,60.0,6.0,28.0,16.0,10.0,4.0,15.0,26.0,15.0,28.0,62.0,240.0,121.0,6.0,8.0,67.0,23.0,10.0,23.0,15.0,42.0,37.0,41.0,8.0,9.0,19.0,8.0,2.0,3.0,3.0,28.0
1488,201401,28,42.0,210.0,42.0,81.0,59.0,58.0,13.0,34.0,0.0,97.0,607.0,156.0,669.0,40.0,301.0,177.0,40.0,66.0,86.0,28.0,13.0,26.0,15.0,109.0,88.0,71.0,93.0,28.0,80.0,17.0,37.0,6.0,13.0,55.0
1489,201401,29,43.0,101.0,24.0,36.0,101.0,56.0,10.0,31.0,1.0,141.0,268.0,102.0,829.0,18.0,106.0,99.0,29.0,24.0,52.0,53.0,11.0,63.0,13.0,93.0,71.0,43.0,137.0,30.0,103.0,24.0,40.0,0.0,6.0,61.0
1490,201401,30,28.0,42.0,18.0,73.0,34.0,43.0,7.0,16.0,12.0,69.0,75.0,36.0,422.0,103.0,201.0,90.0,19.0,13.0,93.0,24.0,8.0,22.0,18.0,49.0,62.0,49.0,58.0,14.0,40.0,10.0,19.0,4.0,5.0,39.0
1491,201401,31,14.0,33.0,11.0,34.0,13.0,21.0,8.0,8.0,13.0,20.0,36.0,9.0,108.0,95.0,60.0,37.0,6.0,8.0,21.0,9.0,4.0,11.0,12.0,18.0,22.0,21.0,16.0,7.0,19.0,2.0,8.0,1.0,2.0,22.0
1492,201402,1,13.0,22.0,4.0,29.0,2.0,14.0,2.0,13.0,1.0,8.0,15.0,14.0,14.0,24.0,189.0,31.0,2.0,5.0,73.0,2.0,2.0,3.0,5.0,21.0,21.0,35.0,8.0,8.0,9.0,3.0,2.0,0.0,3.0,4.0
1493,201402,2,6.0,343.0,28.0,14.0,16.0,13.0,21.0,8.0,0.0,26.0,75.0,24.0,32.0,25.0,39.0,15.0,4.0,23.0,14.0,27.0,5.0,71.0,3.0,32.0,29.0,27.0,11.0,2.0,10.0,7.0,4.0,0.0,3.0,11.0
1494,201402,3,269.0,61.0,12.0,28.0,22.0,140.0,5.0,206.0,0.0,103.0,63.0,45.0,48.0,13.0,83.0,130.0,20.0,6.0,18.0,22.0,4.0,27.0,8.0,36.0,82.0,29.0,46.0,16.0,100.0,7.0,42.0,1.0,80.0,274.0
1495,201402,4,93.0,89.0,23.0,62.0,32.0,64.0,19.0,24.0,2.0,57.0,77.0,35.0,81.0,62.0,197.0,94.0,32.0,6.0,45.0,56.0,17.0,43.0,11.0,53.0,92.0,107.0,47.0,19.0,50.0,9.0,33.0,10.0,15.0,45.0
1496,201402,5,286.0,41.0,7.0,51.0,18.0,419.0,7.0,117.0,3.0,123.0,35.0,52.0,68.0,21.0,282.0,200.0,27.0,8.0,57.0,11.0,4.0,14.0,6.0,37.0,174.0,64.0,56.0,49.0,112.0,4.0,29.0,9.0,117.0,303.0
1497,201402,6,33.0,271.0,26.0,27.0,6.0,26.0,33.0,10.0,1.0,25.0,75.0,23.0,25.0,28.0,55.0,36.0,6.0,22.0,12.0,33.0,8.0,55.0,13.0,40.0,44.0,30.0,10.0,7.0,21.0,13.0,3.0,1.0,3.0,27.0
1498,201402,7,13.0,33.0,7.0,12.0,3.0,9.0,59.0,6.0,2.0,14.0,14.0,7.0,13.0,20.0,19.0,17.0,5.0,6.0,6.0,35.0,4.0,73.0,8.0,10.0,13.0,8.0,6.0,7.0,9.0,7.0,4.0,11.0,1.0,12.0
1499,201402,8,5.0,15.0,2.0,4.0,2.0,9.0,68.0,5.0,2.0,2.0,7.0,2.0,5.0,25.0,42.0,6.0,2.0,1.0,4.0,27.0,6.0,61.0,16.0,12.0,4.0,6.0,1.0,1.0,11.0,5.0,1.0,2.0,0.0,3.0
1500,201402,9,44.0,21.0,11.0,8.0,2.0,22.0,80.0,66.0,4.0,19.0,13.0,14.0,10.0,49.0,23.0,19.0,2.0,3.0,3.0,39.0,3.0,92.0,9.0,11.0,20.0,6.0,7.0,2.0,14.0,12.0,0.0,1.0,4.0,18.0
1501,201402,10,6.0,153.0,15.0,13.0,5.0,23.0,26.0,11.0,5.0,15.0,52.0,12.0,18.0,36.0,25.0,17.0,5.0,15.0,9.0,24.0,6.0,35.0,6.0,12.0,15.0,15.0,7.0,5.0,12.0,7.0,0.0,6.0,1.0,25.0
1502,201402,11,21.0,289.0,25.0,15.0,22.0,21.0,14.0,13.0,0.0,56.0,80.0,154.0,295.0,11.0,43.0,23.0,16.0,23.0,15.0,39.0,10.0,47.0,10.0,49.0,43.0,30.0,44.0,14.0,42.0,15.0,17.0,4.0,4.0,21.0
1503,201402,12,62.0,100.0,33.0,47.0,73.0,87.0,17.0,59.0,1.0,163.0,132.0,469.0,1074.0,39.0,115.0,119.0,68.0,22.0,48.0,57.0,30.0,66.0,17.0,110.0,128.0,50.0,183.0,32.0,206.0,18.0,67.0,3.0,16.0,77.0
1504,201402,13,397.0,103.0,36.0,69.0,100.0,474.0,42.0,427.0,2.0,521.0,140.0,650.0,667.0,59.0,215.0,301.0,109.0,27.0,58.0,56.0,26.0,66.0,14.0,120.0,211.0,87.0,243.0,251.0,440.0,13.0,140.0,3.0,141.0,396.0
1505,201402,14,189.0,28.0,15.0,19.0,9.0,179.0,16.0,111.0,7.0,151.0,46.0,185.0,59.0,30.0,68.0,87.0,14.0,4.0,13.0,16.0,6.0,29.0,8.0,31.0,98.0,27.0,42.0,35.0,104.0,4.0,13.0,4.0,32.0,136.0
1506,201402,15,115.0,18.0,7.0,8.0,7.0,105.0,4.0,29.0,4.0,36.0,30.0,56.0,14.0,29.0,27.0,40.0,12.0,5.0,16.0,12.0,4.0,15.0,3.0,15.0,28.0,15.0,42.0,21.0,64.0,1.0,20.0,3.0,18.0,20.0
1507,201402,16,32.0,13.0,3.0,9.0,5.0,104.0,9.0,19.0,0.0,23.0,21.0,22.0,6.0,44.0,28.0,18.0,2.0,3.0,4.0,11.0,3.0,15.0,6.0,14.0,13.0,5.0,11.0,6.0,16.0,2.0,3.0,3.0,3.0,10.0
1508,201402,17,32.0,16.0,21.0,75.0,6.0,30.0,18.0,20.0,1.0,30.0,31.0,19.0,21.0,39.0,477.0,100.0,11.0,9.0,154.0,21.0,10.0,17.0,10.0,38.0,64.0,64.0,28.0,10.0,23.0,5.0,5.0,8.0,0.0,22.0
1509,201402,18,128.0,15.0,8.0,14.0,2.0,88.0,5.0,48.0,2.0,47.0,20.0,13.0,13.0,12.0,51.0,81.0,2.0,3.0,13.0,6.0,1.0,9.0,3.0,14.0,35.0,23.0,16.0,7.0,31.0,4.0,7.0,3.0,12.0,92.0
1510,201402,19,22.0,5.0,6.0,5.0,4.0,29.0,3.0,25.0,0.0,11.0,18.0,8.0,5.0,21.0,20.0,15.0,0.0,0.0,5.0,5.0,2.0,6.0,3.0,13.0,11.0,10.0,6.0,1.0,6.0,2.0,1.0,8.0,3.0,16.0
1511,201402,20,21.0,21.0,8.0,136.0,10.0,25.0,6.0,14.0,0.0,17.0,27.0,18.0,24.0,42.0,262.0,60.0,4.0,4.0,118.0,9.0,4.0,9.0,3.0,39.0,42.0,37.0,10.0,5.0,22.0,4.0,4.0,8.0,4.0,21.0
1512,201402,21,98.0,17.0,7.0,59.0,18.0,124.0,4.0,164.0,3.0,62.0,40.0,65.0,41.0,41.0,100.0,96.0,15.0,3.0,25.0,18.0,1.0,7.0,8.0,27.0,68.0,29.0,34.0,12.0,64.0,2.0,16.0,5.0,36.0,164.0
1513,201402,22,12.0,7.0,5.0,13.0,4.0,22.0,2.0,2.0,1.0,12.0,16.0,30.0,10.0,8.0,17.0,16.0,0.0,2.0,9.0,8.0,1.0,7.0,4.0,6.0,16.0,6.0,7.0,2.0,16.0,3.0,5.0,5.0,1.0,5.0
1514,201402,23,8.0,17.0,2.0,11.0,13.0,9.0,7.0,7.0,5.0,8.0,22.0,18.0,14.0,14.0,15.0,19.0,5.0,3.0,2.0,13.0,0.0,7.0,6.0,8.0,5.0,4.0,4.0,1.0,5.0,5.0,1.0,6.0,1.0,8.0
1515,201402,24,8.0,15.0,2.0,3.0,4.0,12.0,9.0,2.0,0.0,16.0,20.0,10.0,3.0,16.0,17.0,25.0,1.0,6.0,3.0,14.0,2.0,8.0,7.0,3.0,8.0,4.0,2.0,2.0,9.0,2.0,3.0,4.0,2.0,9.0
1516,201402,25,10.0,4.0,4.0,4.0,4.0,14.0,7.0,8.0,0.0,44.0,14.0,5.0,2.0,15.0,18.0,18.0,3.0,3.0,0.0,8.0,5.0,11.0,4.0,12.0,13.0,6.0,7.0,0.0,12.0,3.0,0.0,3.0,1.0,13.0
1517,201402,26,19.0,99.0,9.0,7.0,3.0,24.0,13.0,37.0,5.0,30.0,11.0,10.0,9.0,13.0,25.0,25.0,3.0,10.0,7.0,29.0,3.0,87.0,8.0,5.0,16.0,8.0,16.0,4.0,21.0,8.0,3.0,4.0,4.0,42.0
1518,201402,27,9.0,4.0,4.0,7.0,2.0,15.0,15.0,5.0,1.0,8.0,4.0,4.0,4.0,11.0,10.0,31.0,1.0,3.0,3.0,26.0,3.0,51.0,11.0,12.0,10.0,5.0,4.0,3.0,10.0,6.0,2.0,11.0,1.0,3.0
1519,201402,28,8.0,16.0,8.0,5.0,3.0,12.0,19.0,5.0,1.0,6.0,5.0,10.0,5.0,9.0,26.0,12.0,0.0,0.0,4.0,75.0,29.0,118.0,15.0,11.0,10.0,4.0,2.0,1.0,12.0,16.0,1.0,6.0,3.0,14.0
1520,201403,1,15.0,68.0,13.0,16.0,2.0,6.0,17.0,2.0,0.0,3.0,18.0,13.0,15.0,51.0,60.0,8.0,3.0,11.0,5.0,26.0,6.0,51.0,31.0,6.0,9.0,11.0,5.0,1.0,9.0,11.0,3.0,3.0,1.0,4.0
1521,201403,2,85.0,409.0,46.0,41.0,16.0,60.0,19.0,57.0,3.0,70.0,94.0,50.0,63.0,70.0,142.0,75.0,25.0,26.0,28.0,39.0,15.0,35.0,20.0,86.0,118.0,141.0,52.0,10.0,61.0,13.0,19.0,2.0,19.0,56.0
1522,201403,3,153.0,139.0,18.0,44.0,22.0,218.0,11.0,205.0,0.0,435.0,92.0,74.0,53.0,32.0,135.0,131.0,31.0,23.0,22.0,17.0,5.0,20.0,14.0,106.0,113.0,50.0,72.0,151.0,245.0,2.0,33.0,4.0,89.0,156.0
1523,201403,4,47.0,62.0,12.0,28.0,5.0,31.0,13.0,10.0,1.0,65.0,148.0,16.0,31.0,18.0,60.0,32.0,2.0,26.0,8.0,25.0,3.0,17.0,7.0,35.0,23.0,25.0,24.0,15.0,51.0,6.0,3.0,2.0,3.0,15.0
1524,201403,5,19.0,11.0,8.0,24.0,3.0,14.0,10.0,7.0,0.0,17.0,22.0,14.0,9.0,11.0,146.0,28.0,1.0,2.0,13.0,18.0,3.0,15.0,6.0,20.0,34.0,23.0,16.0,4.0,28.0,2.0,0.0,0.0,0.0,8.0
1525,201403,6,11.0,13.0,5.0,5.0,3.0,11.0,12.0,9.0,1.0,10.0,10.0,12.0,14.0,8.0,21.0,18.0,9.0,2.0,5.0,9.0,2.0,11.0,4.0,7.0,9.0,4.0,7.0,1.0,13.0,5.0,3.0,11.0,0.0,7.0
1526,201403,7,9.0,17.0,3.0,9.0,2.0,7.0,6.0,9.0,1.0,9.0,15.0,44.0,20.0,45.0,30.0,14.0,3.0,2.0,0.0,9.0,0.0,1.0,5.0,14.0,10.0,10.0,5.0,1.0,15.0,4.0,0.0,5.0,1.0,5.0
1527,201403,8,4.0,10.0,4.0,6.0,5.0,8.0,6.0,1.0,1.0,9.0,13.0,15.0,7.0,19.0,12.0,2.0,0.0,1.0,2.0,10.0,3.0,8.0,0.0,9.0,2.0,9.0,3.0,1.0,4.0,3.0,0.0,3.0,0.0,1.0
1528,201403,9,7.0,9.0,7.0,4.0,5.0,6.0,3.0,9.0,0.0,9.0,20.0,16.0,5.0,6.0,13.0,10.0,2.0,1.0,2.0,9.0,1.0,7.0,2.0,6.0,9.0,6.0,3.0,1.0,6.0,2.0,1.0,1.0,1.0,2.0
1529,201403,10,3.0,9.0,1.0,3.0,2.0,10.0,6.0,5.0,0.0,6.0,4.0,5.0,3.0,6.0,6.0,10.0,0.0,2.0,1.0,7.0,2.0,9.0,6.0,4.0,8.0,3.0,5.0,2.0,9.0,1.0,1.0,3.0,1.0,5.0
1530,201403,11,7.0,19.0,6.0,7.0,5.0,7.0,6.0,10.0,2.0,7.0,13.0,6.0,8.0,15.0,14.0,4.0,1.0,2.0,3.0,13.0,4.0,18.0,4.0,4.0,11.0,15.0,7.0,1.0,4.0,4.0,3.0,1.0,0.0,3.0
1531,201403,12,49.0,24.0,9.0,36.0,8.0,81.0,8.0,66.0,4.0,45.0,18.0,31.0,31.0,15.0,361.0,305.0,9.0,5.0,73.0,15.0,8.0,13.0,3.0,33.0,47.0,31.0,24.0,19.0,51.0,6.0,9.0,2.0,17.0,40.0
1532,201403,13,73.0,2.0,8.0,15.0,0.0,77.0,5.0,31.0,2.0,30.0,5.0,13.0,9.0,7.0,22.0,66.0,3.0,6.0,8.0,9.0,1.0,3.0,2.0,12.0,20.0,4.0,10.0,2.0,24.0,2.0,1.0,4.0,1.0,48.0
1533,201403,14,9.0,4.0,1.0,7.0,0.0,8.0,10.0,3.0,1.0,6.0,10.0,8.0,1.0,5.0,9.0,13.0,1.0,2.0,1.0,8.0,0.0,11.0,5.0,6.0,7.0,5.0,5.0,1.0,4.0,2.0,0.0,1.0,1.0,7.0
1534,201403,15,5.0,24.0,1.0,1.0,1.0,4.0,8.0,3.0,0.0,7.0,8.0,8.0,4.0,5.0,5.0,10.0,1.0,2.0,3.0,6.0,0.0,8.0,3.0,3.0,5.0,2.0,5.0,0.0,7.0,4.0,0.0,4.0,1.0,3.0
1535,201403,16,8.0,19.0,9.0,8.0,6.0,12.0,4.0,13.0,1.0,25.0,19.0,27.0,14.0,5.0,17.0,20.0,6.0,5.0,5.0,9.0,0.0,8.0,0.0,8.0,18.0,14.0,9.0,1.0,32.0,4.0,3.0,2.0,3.0,12.0
1536,201403,17,13.0,8.0,7.0,18.0,7.0,58.0,9.0,70.0,0.0,198.0,14.0,39.0,27.0,41.0,20.0,37.0,10.0,3.0,2.0,8.0,4.0,18.0,17.0,15.0,33.0,13.0,25.0,30.0,92.0,2.0,5.0,2.0,5.0,31.0
1537,201403,18,1.0,9.0,1.0,9.0,2.0,5.0,2.0,2.0,0.0,13.0,5.0,15.0,10.0,13.0,8.0,13.0,0.0,4.0,1.0,13.0,2.0,18.0,3.0,5.0,11.0,2.0,3.0,2.0,12.0,3.0,3.0,3.0,3.0,7.0
1538,201403,19,12.0,11.0,8.0,6.0,2.0,7.0,1.0,11.0,2.0,16.0,7.0,7.0,4.0,3.0,4.0,6.0,1.0,1.0,2.0,13.0,8.0,9.0,3.0,7.0,8.0,2.0,4.0,3.0,14.0,6.0,1.0,3.0,8.0,7.0
1539,201403,20,10.0,2.0,2.0,4.0,1.0,10.0,3.0,10.0,1.0,10.0,4.0,7.0,1.0,6.0,10.0,11.0,0.0,0.0,3.0,2.0,0.0,5.0,0.0,6.0,12.0,2.0,3.0,1.0,12.0,0.0,1.0,1.0,0.0,11.0
1540,201403,21,6.0,4.0,4.0,8.0,1.0,8.0,5.0,7.0,0.0,12.0,2.0,14.0,1.0,1.0,7.0,8.0,0.0,1.0,0.0,3.0,0.0,4.0,1.0,0.0,3.0,8.0,5.0,1.0,9.0,0.0,1.0,2.0,1.0,5.0
1541,201403,22,3.0,0.0,1.0,1.0,1.0,6.0,1.0,1.0,0.0,2.0,1.0,8.0,1.0,20.0,0.0,3.0,1.0,1.0,2.0,6.0,2.0,4.0,2.0,3.0,0.0,0.0,2.0,1.0,3.0,0.0,0.0,3.0,0.0,0.0
1542,201403,23,3.0,3.0,2.0,5.0,4.0,7.0,4.0,9.0,0.0,13.0,4.0,17.0,7.0,10.0,5.0,4.0,5.0,2.0,0.0,6.0,2.0,3.0,3.0,7.0,8.0,5.0,6.0,0.0,2.0,0.0,1.0,0.0,0.0,1.0
1543,201403,24,3.0,10.0,2.0,5.0,2.0,6.0,0.0,5.0,0.0,7.0,2.0,16.0,4.0,10.0,9.0,7.0,0.0,1.0,0.0,8.0,2.0,8.0,0.0,5.0,8.0,4.0,6.0,0.0,4.0,3.0,2.0,2.0,0.0,3.0
1544,201403,25,7.0,5.0,3.0,9.0,4.0,21.0,10.0,27.0,4.0,92.0,8.0,19.0,9.0,2.0,14.0,23.0,1.0,1.0,3.0,13.0,1.0,18.0,3.0,13.0,21.0,4.0,13.0,6.0,39.0,1.0,3.0,5.0,3.0,19.0
1545,201403,26,22.0,7.0,5.0,5.0,0.0,47.0,15.0,10.0,1.0,18.0,10.0,4.0,5.0,9.0,11.0,23.0,0.0,3.0,5.0,20.0,0.0,20.0,1.0,7.0,9.0,3.0,7.0,4.0,14.0,3.0,1.0,2.0,3.0,26.0
1546,201403,27,13.0,6.0,2.0,21.0,3.0,14.0,7.0,3.0,0.0,10.0,9.0,6.0,8.0,10.0,115.0,16.0,1.0,1.0,5.0,7.0,3.0,6.0,6.0,8.0,12.0,17.0,5.0,1.0,2.0,3.0,1.0,2.0,0.0,6.0
1547,201403,28,20.0,28.0,6.0,2.0,6.0,26.0,4.0,38.0,0.0,20.0,24.0,19.0,5.0,11.0,9.0,9.0,0.0,3.0,1.0,3.0,0.0,5.0,1.0,12.0,5.0,5.0,4.0,3.0,9.0,2.0,2.0,0.0,4.0,11.0
1548,201403,29,9.0,2.0,3.0,3.0,5.0,8.0,3.0,21.0,1.0,14.0,10.0,20.0,17.0,5.0,5.0,14.0,23.0,2.0,2.0,4.0,1.0,20.0,6.0,8.0,8.0,3.0,15.0,6.0,19.0,0.0,10.0,1.0,0.0,1.0
1549,201403,30,37.0,1.0,2.0,6.0,5.0,43.0,3.0,61.0,0.0,48.0,6.0,20.0,13.0,16.0,9.0,30.0,1.0,0.0,1.0,4.0,1.0,4.0,8.0,9.0,19.0,4.0,10.0,5.0,31.0,3.0,2.0,0.0,8.0,24.0
1550,201403,31,14.0,6.0,7.0,31.0,1.0,15.0,20.0,11.0,1.0,11.0,13.0,15.0,9.0,23.0,25.0,15.0,0.0,2.0,7.0,27.0,2.0,78.0,11.0,11.0,12.0,12.0,9.0,2.0,19.0,8.0,0.0,1.0,2.0,20.0
1551,201404,1,6.0,7.0,11.0,19.0,3.0,8.0,22.0,3.0,1.0,6.0,5.0,4.0,2.0,16.0,8.0,8.0,0.0,3.0,2.0,28.0,2.0,82.0,9.0,8.0,8.0,2.0,3.0,2.0,11.0,6.0,0.0,2.0,2.0,3.0
1552,201404,2,4.0,4.0,2.0,8.0,0.0,8.0,8.0,4.0,2.0,3.0,4.0,3.0,3.0,11.0,7.0,7.0,1.0,1.0,1.0,14.0,1.0,29.0,7.0,3.0,8.0,2.0,7.0,2.0,3.0,9.0,1.0,3.0,1.0,1.0
1553,201404,3,9.0,75.0,11.0,28.0,5.0,12.0,2.0,5.0,0.0,15.0,14.0,7.0,7.0,25.0,117.0,17.0,1.0,10.0,14.0,9.0,3.0,10.0,2.0,26.0,25.0,22.0,6.0,4.0,16.0,3.0,2.0,4.0,0.0,8.0
1554,201404,4,50.0,26.0,1.0,53.0,3.0,11.0,9.0,7.0,3.0,19.0,12.0,13.0,7.0,7.0,33.0,34.0,1.0,2.0,13.0,10.0,0.0,9.0,3.0,11.0,19.0,11.0,13.0,7.0,12.0,2.0,2.0,1.0,0.0,24.0
1555,201404,5,5.0,5.0,1.0,2.0,0.0,3.0,1.0,0.0,1.0,1.0,6.0,6.0,1.0,0.0,2.0,7.0,1.0,2.0,1.0,1.0,0.0,0.0,2.0,4.0,4.0,2.0,2.0,2.0,1.0,0.0,1.0,2.0,3.0,1.0
1556,201404,6,5.0,75.0,8.0,3.0,4.0,2.0,3.0,3.0,0.0,10.0,24.0,6.0,7.0,5.0,10.0,10.0,4.0,2.0,0.0,9.0,2.0,6.0,2.0,10.0,7.0,5.0,5.0,1.0,3.0,3.0,2.0,3.0,0.0,8.0
1557,201404,7,62.0,32.0,5.0,9.0,10.0,18.0,9.0,20.0,3.0,17.0,14.0,34.0,21.0,5.0,27.0,26.0,3.0,5.0,5.0,5.0,1.0,8.0,2.0,12.0,16.0,2.0,15.0,4.0,36.0,0.0,5.0,0.0,3.0,16.0
1558,201404,8,8.0,7.0,5.0,5.0,3.0,16.0,4.0,9.0,0.0,14.0,11.0,22.0,6.0,3.0,10.0,10.0,2.0,2.0,1.0,5.0,2.0,6.0,2.0,6.0,6.0,3.0,8.0,1.0,16.0,1.0,3.0,3.0,1.0,8.0
1559,201404,9,17.0,5.0,6.0,3.0,3.0,6.0,5.0,2.0,0.0,9.0,5.0,4.0,3.0,4.0,10.0,4.0,2.0,2.0,3.0,10.0,4.0,12.0,2.0,5.0,8.0,2.0,2.0,0.0,12.0,2.0,0.0,2.0,1.0,1.0
1560,201404,10,23.0,8.0,0.0,8.0,0.0,5.0,3.0,1.0,1.0,8.0,6.0,1.0,3.0,6.0,3.0,2.0,2.0,2.0,1.0,8.0,0.0,9.0,2.0,3.0,7.0,5.0,3.0,1.0,2.0,3.0,0.0,2.0,1.0,2.0
1561,201404,11,25.0,6.0,2.0,11.0,1.0,4.0,5.0,4.0,0.0,9.0,1.0,6.0,3.0,4.0,10.0,7.0,0.0,0.0,1.0,5.0,0.0,6.0,4.0,5.0,4.0,9.0,2.0,0.0,10.0,0.0,2.0,2.0,2.0,4.0
1562,201404,12,4.0,3.0,1.0,3.0,0.0,3.0,3.0,1.0,0.0,2.0,4.0,1.0,0.0,4.0,2.0,1.0,2.0,0.0,1.0,3.0,3.0,6.0,2.0,2.0,2.0,3.0,1.0,0.0,1.0,3.0,1.0,3.0,1.0,1.0
1563,201404,13,2.0,11.0,4.0,8.0,1.0,4.0,1.0,6.0,1.0,8.0,7.0,7.0,0.0,16.0,39.0,5.0,1.0,3.0,5.0,5.0,1.0,9.0,1.0,7.0,5.0,3.0,2.0,0.0,4.0,2.0,1.0,0.0,1.0,6.0
1564,201404,14,54.0,29.0,4.0,24.0,0.0,12.0,6.0,6.0,0.0,13.0,64.0,10.0,7.0,13.0,69.0,14.0,3.0,7.0,7.0,8.0,3.0,10.0,4.0,18.0,19.0,10.0,5.0,3.0,8.0,1.0,3.0,2.0,0.0,4.0
1565,201404,15,98.0,11.0,11.0,17.0,9.0,47.0,3.0,60.0,0.0,54.0,12.0,24.0,17.0,8.0,24.0,37.0,1.0,2.0,10.0,24.0,5.0,20.0,6.0,20.0,34.0,12.0,20.0,5.0,33.0,8.0,9.0,2.0,49.0,81.0
1566,201404,16,29.0,2.0,4.0,18.0,4.0,16.0,2.0,4.0,1.0,19.0,4.0,8.0,6.0,4.0,10.0,20.0,4.0,2.0,1.0,11.0,5.0,9.0,3.0,11.0,7.0,4.0,2.0,0.0,14.0,3.0,7.0,1.0,17.0,19.0
1567,201404,17,17.0,10.0,1.0,7.0,1.0,7.0,8.0,4.0,0.0,7.0,5.0,14.0,3.0,4.0,7.0,10.0,0.0,1.0,1.0,9.0,7.0,8.0,4.0,5.0,7.0,4.0,8.0,0.0,8.0,0.0,4.0,0.0,1.0,1.0
1568,201404,18,2.0,5.0,4.0,2.0,3.0,7.0,0.0,2.0,0.0,5.0,6.0,2.0,9.0,0.0,13.0,7.0,0.0,2.0,0.0,0.0,1.0,4.0,2.0,4.0,5.0,0.0,7.0,2.0,8.0,0.0,0.0,2.0,0.0,5.0
1569,201404,19,4.0,1.0,1.0,4.0,1.0,3.0,3.0,0.0,0.0,2.0,2.0,4.0,2.0,0.0,7.0,5.0,0.0,1.0,0.0,1.0,0.0,3.0,0.0,2.0,0.0,1.0,3.0,1.0,2.0,0.0,2.0,4.0,0.0,0.0
1570,201404,20,15.0,6.0,2.0,5.0,1.0,9.0,3.0,1.0,0.0,7.0,8.0,8.0,4.0,2.0,4.0,16.0,2.0,2.0,2.0,5.0,0.0,2.0,3.0,10.0,11.0,4.0,2.0,1.0,8.0,1.0,0.0,1.0,2.0,6.0
1571,201404,21,0.0,23.0,3.0,3.0,4.0,4.0,7.0,0.0,0.0,5.0,5.0,4.0,1.0,0.0,9.0,9.0,1.0,3.0,3.0,11.0,2.0,10.0,0.0,4.0,4.0,2.0,1.0,1.0,5.0,3.0,2.0,1.0,1.0,2.0
1572,201404,22,11.0,3.0,4.0,3.0,0.0,2.0,2.0,0.0,0.0,4.0,3.0,1.0,2.0,6.0,5.0,8.0,2.0,5.0,0.0,4.0,4.0,6.0,3.0,2.0,8.0,0.0,2.0,1.0,7.0,4.0,2.0,3.0,3.0,4.0
1573,201404,23,20.0,4.0,3.0,8.0,0.0,8.0,10.0,4.0,0.0,11.0,4.0,3.0,1.0,6.0,5.0,6.0,0.0,2.0,2.0,4.0,0.0,10.0,5.0,9.0,6.0,4.0,3.0,1.0,6.0,4.0,2.0,4.0,0.0,5.0
1574,201404,24,19.0,4.0,2.0,6.0,1.0,4.0,5.0,1.0,2.0,4.0,3.0,5.0,6.0,1.0,21.0,16.0,1.0,0.0,4.0,7.0,1.0,7.0,2.0,3.0,8.0,6.0,3.0,0.0,3.0,2.0,1.0,0.0,1.0,5.0
1575,201404,25,23.0,0.0,5.0,7.0,1.0,6.0,3.0,5.0,1.0,20.0,5.0,20.0,2.0,4.0,6.0,7.0,0.0,1.0,4.0,10.0,2.0,13.0,4.0,5.0,6.0,2.0,4.0,0.0,13.0,4.0,1.0,1.0,2.0,4.0
1576,201404,26,21.0,5.0,7.0,2.0,0.0,4.0,4.0,5.0,1.0,4.0,7.0,1.0,3.0,5.0,4.0,7.0,0.0,1.0,1.0,0.0,1.0,4.0,4.0,7.0,6.0,0.0,2.0,0.0,7.0,1.0,0.0,4.0,1.0,5.0
1577,201404,27,41.0,28.0,4.0,9.0,2.0,11.0,8.0,9.0,0.0,13.0,13.0,8.0,13.0,14.0,40.0,15.0,1.0,0.0,5.0,3.0,0.0,9.0,4.0,10.0,11.0,12.0,6.0,2.0,5.0,3.0,1.0,0.0,2.0,0.0
1578,201404,28,2.0,26.0,6.0,23.0,2.0,4.0,9.0,6.0,1.0,9.0,16.0,12.0,13.0,29.0,51.0,16.0,2.0,2.0,5.0,8.0,2.0,9.0,6.0,23.0,18.0,13.0,1.0,0.0,8.0,5.0,1.0,1.0,1.0,10.0
1579,201404,29,53.0,22.0,16.0,34.0,10.0,25.0,5.0,29.0,0.0,31.0,12.0,13.0,29.0,8.0,171.0,49.0,3.0,3.0,22.0,22.0,7.0,15.0,4.0,27.0,35.0,13.0,11.0,1.0,26.0,3.0,4.0,1.0,21.0,37.0
1580,201404,30,93.0,10.0,17.0,10.0,30.0,72.0,16.0,106.0,0.0,59.0,11.0,26.0,25.0,7.0,28.0,43.0,6.0,6.0,7.0,53.0,15.0,48.0,4.0,13.0,32.0,14.0,24.0,1.0,39.0,13.0,4.0,7.0,21.0,49.0
1581,201405,1,19.0,3.0,3.0,6.0,1.0,37.0,2.0,15.0,0.0,16.0,5.0,10.0,9.0,6.0,11.0,16.0,2.0,1.0,1.0,4.0,2.0,6.0,1.0,6.0,18.0,6.0,11.0,2.0,15.0,3.0,2.0,4.0,3.0,38.0
1582,201405,2,4.0,2.0,3.0,10.0,0.0,10.0,18.0,12.0,1.0,8.0,3.0,4.0,3.0,5.0,12.0,15.0,3.0,1.0,2.0,8.0,4.0,8.0,3.0,4.0,7.0,1.0,2.0,0.0,7.0,1.0,2.0,0.0,0.0,8.0
1583,201405,3,0.0,7.0,5.0,2.0,3.0,3.0,2.0,1.0,3.0,5.0,5.0,5.0,1.0,4.0,6.0,2.0,3.0,1.0,1.0,6.0,1.0,8.0,0.0,2.0,2.0,1.0,2.0,0.0,4.0,3.0,1.0,2.0,0.0,2.0
1584,201405,4,7.0,6.0,3.0,7.0,3.0,5.0,8.0,4.0,0.0,6.0,3.0,2.0,5.0,4.0,9.0,3.0,0.0,1.0,0.0,6.0,1.0,12.0,4.0,9.0,4.0,1.0,8.0,0.0,4.0,3.0,0.0,0.0,3.0,6.0
1585,201405,5,53.0,3.0,3.0,6.0,0.0,14.0,8.0,4.0,0.0,7.0,4.0,11.0,6.0,0.0,13.0,7.0,1.0,0.0,1.0,7.0,3.0,6.0,6.0,9.0,11.0,3.0,7.0,1.0,17.0,0.0,1.0,5.0,0.0,4.0
1586,201405,6,38.0,9.0,2.0,3.0,0.0,11.0,4.0,8.0,1.0,5.0,5.0,5.0,5.0,5.0,9.0,10.0,3.0,0.0,3.0,12.0,0.0,9.0,8.0,12.0,10.0,3.0,8.0,4.0,2.0,2.0,1.0,4.0,0.0,6.0
1587,201405,7,5.0,7.0,4.0,1.0,0.0,9.0,11.0,1.0,0.0,9.0,5.0,2.0,3.0,13.0,13.0,4.0,0.0,1.0,3.0,14.0,3.0,6.0,13.0,8.0,10.0,5.0,6.0,3.0,9.0,4.0,1.0,4.0,2.0,5.0
1588,201405,8,53.0,371.0,30.0,29.0,10.0,41.0,8.0,23.0,3.0,20.0,46.0,17.0,28.0,26.0,39.0,24.0,2.0,30.0,6.0,24.0,5.0,38.0,7.0,27.0,27.0,27.0,17.0,4.0,15.0,7.0,12.0,1.0,1.0,32.0
1589,201405,9,51.0,42.0,5.0,22.0,5.0,42.0,5.0,12.0,2.0,15.0,45.0,19.0,11.0,12.0,57.0,21.0,2.0,9.0,5.0,20.0,1.0,14.0,3.0,8.0,19.0,14.0,14.0,3.0,11.0,3.0,4.0,3.0,3.0,36.0
1590,201405,10,17.0,16.0,7.0,4.0,3.0,17.0,3.0,0.0,0.0,7.0,31.0,27.0,4.0,9.0,10.0,9.0,0.0,3.0,4.0,9.0,3.0,6.0,3.0,8.0,9.0,6.0,11.0,5.0,9.0,2.0,8.0,3.0,25.0,4.0
1591,201405,11,8.0,17.0,10.0,25.0,0.0,9.0,8.0,8.0,4.0,10.0,6.0,7.0,3.0,99.0,119.0,18.0,0.0,3.0,10.0,8.0,2.0,10.0,9.0,10.0,15.0,12.0,2.0,1.0,8.0,4.0,1.0,1.0,1.0,7.0
1592,201405,12,20.0,320.0,19.0,47.0,6.0,17.0,2.0,8.0,1.0,21.0,98.0,15.0,17.0,53.0,297.0,77.0,3.0,27.0,43.0,18.0,8.0,17.0,12.0,42.0,42.0,41.0,13.0,9.0,12.0,6.0,3.0,3.0,0.0,21.0
1593,201405,13,81.0,67.0,28.0,86.0,14.0,44.0,21.0,21.0,0.0,49.0,102.0,22.0,33.0,52.0,523.0,97.0,8.0,31.0,97.0,45.0,17.0,42.0,14.0,62.0,85.0,77.0,33.0,14.0,45.0,14.0,3.0,0.0,13.0,40.0
1594,201405,14,53.0,20.0,11.0,27.0,2.0,22.0,10.0,8.0,2.0,12.0,40.0,10.0,19.0,15.0,84.0,39.0,0.0,4.0,13.0,25.0,2.0,26.0,7.0,26.0,32.0,19.0,21.0,4.0,27.0,12.0,1.0,0.0,2.0,16.0
1595,201405,15,74.0,10.0,8.0,10.0,7.0,52.0,8.0,20.0,3.0,50.0,5.0,32.0,17.0,15.0,52.0,35.0,32.0,2.0,1.0,8.0,2.0,8.0,6.0,12.0,31.0,15.0,32.0,10.0,43.0,0.0,7.0,0.0,10.0,27.0
1596,201405,16,96.0,23.0,3.0,14.0,4.0,76.0,9.0,70.0,2.0,41.0,7.0,19.0,15.0,9.0,46.0,42.0,4.0,3.0,5.0,4.0,2.0,10.0,6.0,13.0,32.0,12.0,23.0,8.0,25.0,3.0,5.0,4.0,25.0,79.0
1597,201405,17,10.0,14.0,5.0,6.0,0.0,16.0,6.0,4.0,0.0,8.0,2.0,9.0,5.0,3.0,12.0,7.0,0.0,1.0,1.0,5.0,0.0,6.0,4.0,6.0,5.0,10.0,5.0,2.0,8.0,0.0,2.0,4.0,4.0,2.0
1598,201405,18,18.0,5.0,9.0,7.0,1.0,14.0,6.0,5.0,0.0,9.0,4.0,6.0,6.0,9.0,9.0,6.0,0.0,0.0,0.0,9.0,3.0,9.0,3.0,2.0,5.0,2.0,7.0,0.0,4.0,1.0,2.0,2.0,4.0,1.0
1599,201405,19,9.0,7.0,1.0,6.0,2.0,9.0,10.0,6.0,0.0,11.0,5.0,7.0,3.0,8.0,8.0,9.0,1.0,0.0,1.0,8.0,2.0,20.0,3.0,6.0,4.0,1.0,2.0,0.0,2.0,1.0,0.0,1.0,0.0,7.0
1600,201405,20,7.0,7.0,2.0,15.0,0.0,5.0,8.0,5.0,0.0,7.0,1.0,2.0,1.0,15.0,90.0,7.0,1.0,2.0,15.0,16.0,2.0,13.0,2.0,12.0,14.0,6.0,4.0,0.0,5.0,5.0,2.0,2.0,1.0,3.0
1601,201405,21,19.0,7.0,14.0,23.0,2.0,8.0,9.0,5.0,4.0,5.0,4.0,1.0,4.0,70.0,32.0,17.0,1.0,3.0,4.0,18.0,6.0,23.0,9.0,12.0,16.0,7.0,4.0,2.0,18.0,5.0,1.0,4.0,0.0,2.0
1602,201405,22,76.0,5.0,2.0,8.0,4.0,62.0,13.0,65.0,0.0,46.0,8.0,24.0,12.0,38.0,34.0,35.0,1.0,4.0,8.0,9.0,5.0,11.0,9.0,9.0,24.0,9.0,18.0,3.0,36.0,6.0,6.0,1.0,35.0,67.0
1603,201405,23,43.0,7.0,2.0,8.0,0.0,46.0,4.0,11.0,0.0,25.0,5.0,11.0,5.0,4.0,14.0,20.0,1.0,0.0,1.0,9.0,1.0,11.0,4.0,6.0,18.0,7.0,13.0,4.0,14.0,5.0,3.0,4.0,9.0,48.0
1604,201405,24,3.0,1.0,5.0,1.0,0.0,9.0,1.0,5.0,0.0,1.0,2.0,11.0,2.0,4.0,1.0,7.0,0.0,0.0,0.0,6.0,1.0,2.0,3.0,2.0,0.0,3.0,5.0,1.0,5.0,2.0,2.0,5.0,9.0,1.0
1605,201405,25,1.0,42.0,3.0,1.0,1.0,3.0,1.0,0.0,1.0,2.0,8.0,4.0,3.0,5.0,1.0,2.0,0.0,5.0,0.0,4.0,2.0,0.0,4.0,6.0,1.0,3.0,2.0,0.0,2.0,1.0,2.0,5.0,0.0,3.0
1606,201405,26,3.0,12.0,4.0,5.0,2.0,3.0,7.0,2.0,0.0,3.0,28.0,1.0,2.0,9.0,26.0,5.0,1.0,6.0,2.0,5.0,4.0,4.0,9.0,5.0,2.0,5.0,2.0,0.0,1.0,3.0,0.0,21.0,0.0,4.0
1607,201405,27,28.0,32.0,12.0,29.0,5.0,27.0,2.0,42.0,0.0,59.0,115.0,22.0,8.0,14.0,128.0,49.0,1.0,8.0,15.0,10.0,1.0,6.0,2.0,20.0,37.0,19.0,17.0,23.0,51.0,2.0,4.0,10.0,12.0,52.0
1608,201405,28,30.0,17.0,12.0,19.0,6.0,28.0,5.0,40.0,0.0,24.0,33.0,14.0,18.0,19.0,32.0,31.0,3.0,7.0,8.0,14.0,4.0,12.0,11.0,13.0,22.0,14.0,9.0,9.0,31.0,7.0,8.0,6.0,7.0,32.0
1609,201405,29,4.0,8.0,7.0,6.0,2.0,14.0,3.0,6.0,1.0,6.0,19.0,35.0,6.0,4.0,12.0,5.0,1.0,2.0,1.0,8.0,2.0,8.0,5.0,3.0,9.0,3.0,7.0,3.0,10.0,2.0,2.0,2.0,6.0,6.0
1610,201405,30,6.0,10.0,5.0,4.0,3.0,7.0,5.0,4.0,1.0,3.0,36.0,8.0,9.0,6.0,7.0,10.0,1.0,2.0,2.0,9.0,3.0,20.0,2.0,4.0,5.0,6.0,6.0,0.0,6.0,1.0,0.0,17.0,2.0,4.0
1611,201405,31,0.0,6.0,2.0,5.0,2.0,1.0,3.0,1.0,1.0,4.0,7.0,7.0,4.0,5.0,6.0,6.0,0.0,3.0,0.0,2.0,1.0,6.0,0.0,1.0,1.0,3.0,4.0,0.0,3.0,1.0,0.0,1.0,0.0,1.0
1612,201406,1,5.0,13.0,3.0,30.0,0.0,3.0,3.0,3.0,1.0,9.0,7.0,7.0,5.0,5.0,54.0,13.0,2.0,3.0,4.0,13.0,1.0,20.0,3.0,6.0,9.0,2.0,4.0,1.0,11.0,2.0,2.0,4.0,0.0,6.0
1613,201406,2,8.0,12.0,6.0,20.0,1.0,18.0,9.0,10.0,0.0,5.0,6.0,3.0,3.0,8.0,74.0,17.0,0.0,0.0,9.0,11.0,3.0,24.0,1.0,11.0,15.0,9.0,2.0,1.0,7.0,4.0,2.0,0.0,0.0,9.0
1614,201406,3,22.0,7.0,7.0,23.0,4.0,25.0,4.0,14.0,0.0,17.0,12.0,14.0,4.0,11.0,22.0,18.0,2.0,3.0,5.0,17.0,3.0,28.0,1.0,7.0,17.0,10.0,7.0,4.0,27.0,5.0,4.0,3.0,18.0,43.0
1615,201406,4,2.0,2.0,8.0,14.0,5.0,14.0,8.0,5.0,1.0,11.0,5.0,6.0,3.0,5.0,12.0,5.0,0.0,3.0,2.0,19.0,1.0,31.0,4.0,4.0,8.0,4.0,9.0,4.0,10.0,4.0,3.0,0.0,3.0,11.0
1616,201406,5,16.0,6.0,3.0,4.0,3.0,14.0,8.0,3.0,4.0,6.0,6.0,7.0,8.0,7.0,15.0,12.0,0.0,2.0,3.0,14.0,1.0,27.0,5.0,2.0,5.0,8.0,4.0,2.0,7.0,2.0,2.0,0.0,2.0,19.0
1617,201406,6,5.0,6.0,4.0,10.0,1.0,4.0,7.0,5.0,0.0,5.0,9.0,3.0,15.0,6.0,13.0,3.0,0.0,1.0,5.0,9.0,0.0,20.0,2.0,6.0,3.0,3.0,6.0,0.0,2.0,1.0,0.0,2.0,0.0,3.0
1618,201406,7,4.0,6.0,6.0,6.0,2.0,6.0,3.0,4.0,3.0,1.0,6.0,8.0,6.0,3.0,10.0,6.0,0.0,1.0,0.0,10.0,3.0,19.0,2.0,3.0,4.0,3.0,7.0,1.0,5.0,3.0,0.0,3.0,1.0,1.0
1619,201406,8,9.0,38.0,7.0,7.0,3.0,9.0,4.0,12.0,0.0,9.0,12.0,16.0,5.0,22.0,21.0,11.0,3.0,6.0,3.0,16.0,1.0,28.0,2.0,9.0,6.0,6.0,5.0,3.0,16.0,2.0,8.0,2.0,2.0,6.0
1620,201406,9,23.0,132.0,14.0,11.0,8.0,33.0,8.0,11.0,1.0,18.0,184.0,14.0,18.0,12.0,33.0,23.0,4.0,19.0,2.0,17.0,5.0,21.0,8.0,26.0,16.0,14.0,10.0,2.0,25.0,5.0,4.0,0.0,2.0,24.0
1621,201406,10,38.0,26.0,10.0,9.0,5.0,43.0,10.0,24.0,0.0,20.0,30.0,26.0,10.0,16.0,36.0,23.0,2.0,5.0,8.0,14.0,9.0,29.0,8.0,16.0,17.0,11.0,11.0,3.0,30.0,6.0,6.0,7.0,1.0,35.0
1622,201406,11,49.0,20.0,6.0,10.0,4.0,68.0,6.0,82.0,0.0,66.0,12.0,36.0,17.0,11.0,72.0,43.0,4.0,8.0,6.0,11.0,6.0,28.0,4.0,13.0,36.0,12.0,19.0,25.0,73.0,4.0,6.0,9.0,22.0,46.0
1623,201406,12,59.0,121.0,12.0,10.0,8.0,91.0,9.0,52.0,0.0,49.0,33.0,28.0,22.0,13.0,53.0,37.0,4.0,16.0,8.0,12.0,4.0,32.0,3.0,29.0,31.0,18.0,25.0,22.0,44.0,1.0,15.0,5.0,27.0,66.0
1624,201406,13,124.0,28.0,13.0,15.0,10.0,129.0,9.0,122.0,1.0,98.0,24.0,35.0,17.0,15.0,62.0,76.0,5.0,7.0,12.0,14.0,6.0,22.0,2.0,23.0,56.0,25.0,36.0,14.0,55.0,4.0,12.0,5.0,41.0,159.0
1625,201406,14,18.0,17.0,10.0,21.0,1.0,27.0,5.0,10.0,0.0,10.0,7.0,7.0,6.0,13.0,27.0,12.0,0.0,3.0,7.0,13.0,4.0,22.0,4.0,8.0,14.0,9.0,6.0,5.0,13.0,4.0,2.0,6.0,4.0,13.0
1626,201406,15,27.0,6.0,9.0,14.0,3.0,12.0,2.0,10.0,2.0,13.0,11.0,18.0,6.0,13.0,90.0,20.0,1.0,1.0,14.0,9.0,3.0,19.0,3.0,16.0,19.0,16.0,5.0,0.0,9.0,2.0,2.0,2.0,3.0,8.0
1627,201406,16,6.0,6.0,13.0,14.0,0.0,5.0,8.0,5.0,0.0,8.0,7.0,11.0,2.0,5.0,18.0,11.0,1.0,1.0,1.0,29.0,5.0,41.0,5.0,4.0,3.0,4.0,2.0,1.0,13.0,5.0,0.0,4.0,0.0,3.0
1628,201406,17,4.0,15.0,6.0,9.0,3.0,12.0,5.0,5.0,0.0,1.0,12.0,2.0,3.0,1.0,12.0,11.0,0.0,2.0,2.0,19.0,4.0,24.0,5.0,5.0,3.0,3.0,8.0,2.0,6.0,4.0,3.0,3.0,1.0,1.0
1629,201406,18,24.0,26.0,10.0,45.0,1.0,25.0,4.0,10.0,0.0,20.0,24.0,11.0,7.0,42.0,367.0,62.0,0.0,9.0,33.0,16.0,1.0,22.0,12.0,24.0,37.0,25.0,6.0,5.0,18.0,4.0,1.0,0.0,0.0,17.0
1630,201406,19,32.0,34.0,17.0,82.0,5.0,47.0,17.0,26.0,0.0,28.0,18.0,19.0,10.0,29.0,348.0,58.0,4.0,13.0,34.0,23.0,9.0,31.0,9.0,38.0,40.0,41.0,15.0,13.0,36.0,6.0,6.0,3.0,2.0,32.0
1631,201406,20,6.0,15.0,10.0,17.0,3.0,20.0,7.0,3.0,1.0,13.0,8.0,5.0,9.0,11.0,65.0,18.0,6.0,4.0,14.0,11.0,3.0,25.0,12.0,10.0,19.0,17.0,6.0,1.0,8.0,3.0,2.0,2.0,1.0,14.0
1632,201406,21,9.0,16.0,5.0,12.0,1.0,10.0,4.0,5.0,7.0,7.0,6.0,3.0,8.0,9.0,74.0,9.0,5.0,2.0,6.0,16.0,1.0,19.0,6.0,7.0,14.0,10.0,3.0,1.0,8.0,5.0,3.0,10.0,3.0,2.0
1633,201406,22,13.0,20.0,6.0,8.0,4.0,13.0,12.0,9.0,0.0,3.0,15.0,9.0,4.0,14.0,30.0,11.0,5.0,2.0,3.0,13.0,1.0,35.0,1.0,8.0,8.0,12.0,8.0,2.0,9.0,2.0,0.0,0.0,1.0,5.0
1634,201406,23,3.0,84.0,6.0,18.0,5.0,15.0,6.0,8.0,1.0,6.0,83.0,9.0,23.0,37.0,94.0,19.0,2.0,13.0,14.0,18.0,0.0,25.0,10.0,22.0,16.0,15.0,4.0,0.0,12.0,2.0,2.0,4.0,0.0,2.0
1635,201406,24,7.0,105.0,7.0,19.0,5.0,13.0,10.0,8.0,0.0,11.0,87.0,9.0,8.0,11.0,56.0,21.0,0.0,15.0,5.0,28.0,3.0,29.0,6.0,23.0,11.0,13.0,6.0,2.0,8.0,8.0,0.0,0.0,1.0,10.0
1636,201406,25,58.0,125.0,24.0,29.0,7.0,41.0,11.0,69.0,1.0,25.0,81.0,19.0,15.0,17.0,112.0,38.0,2.0,13.0,17.0,30.0,7.0,61.0,9.0,22.0,43.0,19.0,13.0,14.0,36.0,8.0,4.0,0.0,25.0,36.0
1637,201406,26,20.0,31.0,5.0,10.0,4.0,27.0,14.0,29.0,3.0,14.0,45.0,19.0,8.0,16.0,41.0,29.0,3.0,7.0,3.0,22.0,3.0,49.0,5.0,22.0,23.0,10.0,12.0,1.0,12.0,5.0,3.0,1.0,2.0,12.0
1638,201406,27,4.0,14.0,5.0,6.0,2.0,14.0,5.0,12.0,3.0,10.0,14.0,16.0,3.0,13.0,19.0,8.0,2.0,3.0,5.0,10.0,4.0,22.0,7.0,8.0,4.0,11.0,5.0,3.0,9.0,0.0,2.0,5.0,1.0,9.0
1639,201406,28,4.0,8.0,4.0,22.0,1.0,4.0,5.0,2.0,6.0,4.0,6.0,3.0,2.0,4.0,23.0,7.0,0.0,1.0,6.0,8.0,0.0,14.0,0.0,3.0,5.0,6.0,2.0,2.0,5.0,1.0,0.0,2.0,0.0,2.0
1640,201406,29,4.0,4.0,2.0,10.0,2.0,4.0,7.0,1.0,0.0,4.0,4.0,11.0,0.0,4.0,23.0,8.0,0.0,1.0,6.0,7.0,0.0,22.0,2.0,12.0,7.0,3.0,3.0,1.0,10.0,2.0,0.0,3.0,1.0,5.0
1641,201406,30,14.0,21.0,7.0,31.0,1.0,17.0,7.0,9.0,2.0,13.0,9.0,6.0,6.0,19.0,284.0,26.0,7.0,3.0,50.0,12.0,2.0,27.0,5.0,18.0,27.0,19.0,7.0,4.0,13.0,2.0,2.0,3.0,1.0,10.0
1642,201407,1,13.0,16.0,14.0,14.0,1.0,16.0,6.0,8.0,0.0,8.0,16.0,6.0,6.0,8.0,49.0,19.0,0.0,7.0,9.0,24.0,10.0,32.0,11.0,11.0,22.0,12.0,5.0,8.0,12.0,4.0,4.0,4.0,4.0,6.0
1643,201407,2,101.0,16.0,9.0,6.0,6.0,86.0,8.0,82.0,2.0,42.0,9.0,22.0,13.0,4.0,48.0,55.0,7.0,7.0,4.0,20.0,3.0,45.0,2.0,17.0,44.0,9.0,19.0,12.0,52.0,3.0,3.0,5.0,50.0,105.0
1644,201407,3,153.0,31.0,20.0,22.0,8.0,136.0,4.0,147.0,3.0,134.0,60.0,69.0,44.0,11.0,87.0,92.0,14.0,11.0,13.0,15.0,9.0,37.0,2.0,30.0,77.0,38.0,47.0,41.0,93.0,5.0,22.0,3.0,92.0,173.0
1645,201407,4,30.0,10.0,13.0,4.0,3.0,30.0,5.0,12.0,0.0,18.0,7.0,8.0,3.0,9.0,9.0,14.0,2.0,5.0,1.0,12.0,0.0,17.0,2.0,8.0,8.0,6.0,17.0,2.0,11.0,6.0,2.0,8.0,12.0,16.0
1646,201407,5,2.0,3.0,7.0,1.0,1.0,11.0,2.0,2.0,0.0,4.0,4.0,3.0,1.0,3.0,2.0,6.0,0.0,0.0,2.0,13.0,3.0,17.0,1.0,1.0,3.0,1.0,2.0,1.0,4.0,2.0,0.0,3.0,2.0,1.0
1647,201407,6,0.0,6.0,6.0,7.0,0.0,5.0,5.0,1.0,1.0,3.0,14.0,5.0,1.0,10.0,9.0,7.0,0.0,0.0,0.0,5.0,2.0,13.0,3.0,7.0,2.0,6.0,1.0,2.0,10.0,1.0,0.0,1.0,2.0,1.0
1648,201407,7,14.0,12.0,8.0,13.0,0.0,7.0,18.0,5.0,4.0,5.0,17.0,5.0,2.0,43.0,13.0,10.0,3.0,2.0,0.0,14.0,5.0,20.0,9.0,6.0,9.0,7.0,0.0,2.0,11.0,3.0,1.0,5.0,0.0,2.0
1649,201407,8,68.0,12.0,7.0,9.0,3.0,45.0,19.0,55.0,4.0,36.0,8.0,15.0,6.0,10.0,29.0,37.0,2.0,2.0,5.0,22.0,5.0,34.0,6.0,22.0,39.0,26.0,13.0,15.0,48.0,6.0,5.0,6.0,22.0,55.0
1650,201407,9,27.0,13.0,8.0,3.0,0.0,18.0,2.0,18.0,1.0,13.0,8.0,9.0,5.0,4.0,13.0,13.0,3.0,1.0,3.0,17.0,2.0,19.0,2.0,16.0,16.0,4.0,8.0,3.0,12.0,7.0,0.0,2.0,7.0,16.0
1651,201407,10,6.0,6.0,10.0,6.0,1.0,10.0,4.0,9.0,4.0,17.0,2.0,8.0,2.0,11.0,11.0,2.0,0.0,3.0,2.0,8.0,2.0,20.0,1.0,5.0,9.0,3.0,6.0,3.0,15.0,6.0,1.0,5.0,4.0,9.0
1652,201407,11,6.0,9.0,6.0,6.0,0.0,5.0,6.0,10.0,1.0,7.0,2.0,5.0,5.0,28.0,16.0,1.0,0.0,1.0,1.0,14.0,1.0,23.0,4.0,3.0,8.0,6.0,2.0,3.0,6.0,3.0,3.0,4.0,1.0,4.0
1653,201407,12,0.0,10.0,7.0,12.0,1.0,3.0,6.0,1.0,1.0,3.0,7.0,1.0,3.0,9.0,79.0,15.0,2.0,0.0,8.0,14.0,2.0,17.0,3.0,7.0,9.0,12.0,5.0,2.0,5.0,5.0,0.0,2.0,4.0,2.0
1654,201407,13,30.0,10.0,7.0,8.0,0.0,17.0,3.0,28.0,0.0,20.0,9.0,11.0,6.0,9.0,18.0,19.0,1.0,1.0,1.0,12.0,2.0,23.0,3.0,9.0,16.0,4.0,7.0,4.0,14.0,0.0,2.0,2.0,10.0,22.0
1655,201407,14,98.0,125.0,11.0,12.0,3.0,53.0,14.0,53.0,1.0,41.0,30.0,24.0,17.0,12.0,40.0,38.0,4.0,9.0,10.0,17.0,1.0,21.0,7.0,29.0,43.0,16.0,25.0,23.0,56.0,4.0,6.0,10.0,38.0,84.0
1656,201407,15,128.0,39.0,20.0,13.0,8.0,99.0,8.0,73.0,3.0,89.0,23.0,54.0,19.0,19.0,43.0,60.0,9.0,8.0,9.0,21.0,5.0,37.0,7.0,24.0,51.0,21.0,40.0,11.0,73.0,9.0,24.0,7.0,98.0,153.0
1657,201407,16,12.0,10.0,6.0,7.0,3.0,31.0,5.0,9.0,2.0,20.0,10.0,5.0,2.0,12.0,17.0,18.0,1.0,4.0,7.0,20.0,4.0,31.0,1.0,6.0,16.0,4.0,11.0,2.0,12.0,3.0,7.0,0.0,16.0,29.0
1658,201407,17,2.0,307.0,25.0,20.0,9.0,3.0,8.0,4.0,2.0,4.0,110.0,8.0,6.0,15.0,20.0,12.0,5.0,27.0,6.0,13.0,4.0,15.0,5.0,23.0,14.0,26.0,8.0,0.0,11.0,3.0,2.0,3.0,0.0,4.0
1659,201407,18,4.0,26.0,4.0,8.0,0.0,4.0,8.0,4.0,1.0,6.0,32.0,4.0,3.0,6.0,13.0,7.0,1.0,6.0,2.0,11.0,1.0,26.0,0.0,9.0,12.0,8.0,5.0,1.0,3.0,3.0,1.0,0.0,1.0,9.0
1660,201407,19,3.0,8.0,5.0,7.0,2.0,10.0,4.0,5.0,1.0,2.0,3.0,2.0,4.0,1.0,5.0,5.0,0.0,1.0,5.0,6.0,1.0,15.0,0.0,7.0,0.0,1.0,3.0,0.0,2.0,0.0,2.0,3.0,2.0,0.0
1661,201407,20,3.0,7.0,1.0,5.0,1.0,0.0,5.0,5.0,1.0,0.0,7.0,4.0,2.0,3.0,12.0,4.0,3.0,2.0,2.0,3.0,0.0,14.0,2.0,11.0,5.0,7.0,0.0,1.0,6.0,0.0,3.0,1.0,0.0,4.0
1662,201407,21,4.0,11.0,7.0,8.0,4.0,14.0,5.0,4.0,2.0,16.0,8.0,44.0,7.0,8.0,10.0,14.0,3.0,4.0,3.0,6.0,1.0,22.0,1.0,5.0,7.0,6.0,10.0,0.0,9.0,3.0,2.0,5.0,5.0,8.0
1663,201407,22,6.0,24.0,9.0,6.0,1.0,5.0,10.0,7.0,7.0,4.0,11.0,5.0,7.0,7.0,9.0,8.0,1.0,5.0,4.0,19.0,6.0,27.0,7.0,7.0,8.0,5.0,6.0,2.0,9.0,3.0,0.0,6.0,2.0,4.0
1664,201407,23,58.0,12.0,9.0,1.0,1.0,48.0,8.0,59.0,2.0,41.0,13.0,11.0,7.0,15.0,35.0,32.0,1.0,1.0,5.0,21.0,5.0,37.0,2.0,19.0,37.0,17.0,22.0,10.0,22.0,3.0,3.0,4.0,27.0,54.0
1665,201407,24,2.0,29.0,10.0,8.0,5.0,15.0,5.0,4.0,2.0,10.0,10.0,9.0,24.0,17.0,10.0,13.0,1.0,5.0,3.0,11.0,5.0,7.0,3.0,10.0,8.0,5.0,4.0,2.0,12.0,2.0,5.0,1.0,5.0,22.0
1666,201407,25,3.0,8.0,14.0,5.0,5.0,6.0,10.0,6.0,0.0,6.0,6.0,7.0,7.0,6.0,13.0,5.0,2.0,2.0,2.0,11.0,4.0,19.0,3.0,8.0,9.0,2.0,3.0,2.0,5.0,4.0,1.0,4.0,0.0,8.0
1667,201407,26,2.0,11.0,8.0,10.0,1.0,1.0,5.0,1.0,2.0,4.0,5.0,7.0,3.0,8.0,9.0,2.0,3.0,1.0,1.0,5.0,6.0,12.0,2.0,3.0,1.0,3.0,4.0,2.0,7.0,5.0,1.0,0.0,0.0,2.0
1668,201407,27,16.0,11.0,5.0,12.0,1.0,15.0,3.0,35.0,0.0,11.0,8.0,23.0,7.0,19.0,39.0,64.0,1.0,0.0,9.0,10.0,3.0,19.0,1.0,10.0,15.0,7.0,5.0,1.0,13.0,1.0,1.0,5.0,6.0,16.0
1669,201407,28,12.0,21.0,7.0,7.0,3.0,20.0,9.0,8.0,2.0,5.0,3.0,11.0,5.0,9.0,12.0,17.0,5.0,6.0,2.0,6.0,0.0,14.0,1.0,8.0,9.0,6.0,9.0,2.0,6.0,0.0,0.0,2.0,2.0,13.0
1670,201407,29,2.0,9.0,6.0,4.0,1.0,6.0,10.0,0.0,1.0,4.0,6.0,2.0,5.0,41.0,6.0,8.0,3.0,2.0,3.0,16.0,1.0,19.0,9.0,9.0,4.0,2.0,5.0,0.0,4.0,4.0,3.0,1.0,4.0,6.0
1671,201407,30,6.0,12.0,8.0,4.0,1.0,6.0,3.0,2.0,0.0,9.0,4.0,4.0,2.0,3.0,10.0,6.0,1.0,1.0,0.0,11.0,0.0,18.0,6.0,11.0,8.0,3.0,6.0,0.0,4.0,6.0,0.0,2.0,1.0,19.0
1672,201407,31,5.0,16.0,6.0,3.0,1.0,7.0,6.0,2.0,3.0,1.0,13.0,2.0,1.0,6.0,3.0,6.0,0.0,0.0,2.0,10.0,5.0,16.0,1.0,1.0,7.0,3.0,2.0,0.0,3.0,3.0,0.0,0.0,1.0,3.0
1673,201408,1,26.0,12.0,4.0,10.0,0.0,19.0,10.0,13.0,5.0,10.0,9.0,12.0,4.0,16.0,61.0,16.0,2.0,1.0,10.0,10.0,3.0,21.0,3.0,10.0,19.0,8.0,7.0,2.0,13.0,3.0,0.0,6.0,7.0,41.0
1674,201408,2,2.0,10.0,1.0,3.0,0.0,3.0,11.0,3.0,1.0,3.0,8.0,5.0,1.0,13.0,13.0,8.0,0.0,1.0,2.0,19.0,1.0,24.0,2.0,3.0,2.0,2.0,1.0,1.0,5.0,0.0,0.0,3.0,2.0,4.0
1675,201408,3,2.0,5.0,6.0,11.0,0.0,5.0,9.0,2.0,0.0,2.0,6.0,8.0,2.0,11.0,21.0,6.0,1.0,0.0,2.0,8.0,1.0,20.0,9.0,4.0,6.0,3.0,4.0,0.0,4.0,1.0,2.0,2.0,1.0,4.0
1676,201408,4,4.0,10.0,3.0,15.0,1.0,7.0,8.0,5.0,1.0,6.0,3.0,4.0,2.0,13.0,110.0,11.0,5.0,0.0,9.0,9.0,3.0,23.0,4.0,5.0,19.0,8.0,5.0,2.0,6.0,0.0,1.0,3.0,1.0,11.0
1677,201408,5,8.0,12.0,1.0,13.0,3.0,8.0,5.0,3.0,1.0,4.0,5.0,3.0,2.0,7.0,21.0,11.0,3.0,3.0,3.0,14.0,0.0,26.0,10.0,10.0,14.0,5.0,6.0,2.0,9.0,1.0,0.0,4.0,1.0,7.0
1678,201408,6,6.0,11.0,6.0,0.0,0.0,6.0,4.0,4.0,0.0,8.0,5.0,8.0,1.0,6.0,7.0,5.0,5.0,3.0,4.0,12.0,2.0,18.0,2.0,5.0,4.0,6.0,5.0,4.0,3.0,3.0,1.0,2.0,3.0,3.0
1679,201408,7,0.0,15.0,7.0,5.0,2.0,4.0,4.0,3.0,0.0,5.0,8.0,0.0,3.0,21.0,7.0,9.0,0.0,3.0,0.0,15.0,4.0,18.0,6.0,7.0,3.0,4.0,3.0,1.0,1.0,4.0,1.0,36.0,1.0,7.0
1680,201408,8,9.0,28.0,6.0,13.0,7.0,2.0,6.0,13.0,5.0,17.0,22.0,12.0,165.0,7.0,14.0,10.0,8.0,4.0,6.0,16.0,3.0,21.0,2.0,11.0,7.0,11.0,14.0,2.0,8.0,2.0,5.0,31.0,0.0,7.0
1681,201408,9,6.0,11.0,12.0,14.0,2.0,6.0,6.0,2.0,9.0,5.0,18.0,9.0,22.0,66.0,14.0,13.0,2.0,4.0,7.0,14.0,4.0,21.0,9.0,12.0,5.0,11.0,12.0,3.0,8.0,3.0,4.0,6.0,2.0,2.0
1682,201408,10,15.0,47.0,2.0,2.0,2.0,14.0,15.0,9.0,3.0,9.0,6.0,9.0,6.0,7.0,11.0,6.0,0.0,8.0,3.0,13.0,4.0,25.0,6.0,9.0,6.0,9.0,4.0,5.0,18.0,1.0,1.0,5.0,2.0,1.0
1683,201408,11,3.0,17.0,6.0,4.0,0.0,12.0,13.0,8.0,6.0,3.0,35.0,7.0,2.0,8.0,23.0,10.0,2.0,3.0,1.0,10.0,3.0,11.0,1.0,6.0,9.0,4.0,6.0,0.0,7.0,2.0,2.0,2.0,0.0,7.0
1684,201408,12,65.0,13.0,24.0,10.0,1.0,27.0,5.0,28.0,3.0,60.0,16.0,17.0,9.0,8.0,75.0,32.0,1.0,2.0,8.0,11.0,1.0,7.0,4.0,16.0,32.0,19.0,19.0,4.0,29.0,4.0,4.0,1.0,10.0,47.0
1685,201408,13,24.0,12.0,8.0,4.0,2.0,29.0,3.0,6.0,2.0,18.0,3.0,10.0,5.0,8.0,12.0,8.0,0.0,8.0,2.0,11.0,1.0,10.0,6.0,7.0,11.0,7.0,8.0,2.0,7.0,3.0,3.0,7.0,1.0,43.0
1686,201408,14,3.0,12.0,6.0,7.0,0.0,1.0,9.0,1.0,0.0,4.0,6.0,5.0,5.0,8.0,17.0,6.0,3.0,5.0,0.0,7.0,2.0,2.0,6.0,2.0,5.0,4.0,2.0,1.0,11.0,3.0,1.0,7.0,0.0,5.0
1687,201408,15,1.0,8.0,1.0,4.0,3.0,5.0,6.0,3.0,5.0,2.0,7.0,2.0,3.0,9.0,16.0,7.0,8.0,1.0,1.0,5.0,0.0,8.0,5.0,5.0,13.0,4.0,8.0,1.0,0.0,1.0,0.0,3.0,2.0,6.0
1688,201408,16,6.0,16.0,7.0,2.0,1.0,6.0,2.0,1.0,4.0,5.0,5.0,5.0,1.0,8.0,10.0,2.0,3.0,2.0,3.0,5.0,1.0,6.0,0.0,6.0,7.0,4.0,1.0,2.0,2.0,4.0,2.0,6.0,2.0,0.0
1689,201408,17,8.0,275.0,14.0,14.0,10.0,5.0,7.0,1.0,0.0,7.0,29.0,6.0,13.0,15.0,30.0,11.0,2.0,20.0,6.0,12.0,2.0,17.0,5.0,21.0,14.0,11.0,8.0,2.0,7.0,2.0,2.0,4.0,0.0,5.0
1690,201408,18,1.0,26.0,6.0,6.0,3.0,14.0,12.0,3.0,0.0,5.0,6.0,8.0,5.0,4.0,27.0,8.0,1.0,5.0,2.0,11.0,1.0,23.0,5.0,6.0,14.0,13.0,5.0,1.0,3.0,2.0,0.0,5.0,2.0,9.0
1691,201408,19,13.0,4.0,8.0,15.0,0.0,9.0,12.0,11.0,1.0,7.0,7.0,2.0,6.0,5.0,160.0,27.0,0.0,1.0,13.0,11.0,4.0,13.0,5.0,7.0,35.0,9.0,7.0,1.0,8.0,4.0,3.0,5.0,1.0,12.0
1692,201408,20,7.0,9.0,4.0,6.0,7.0,10.0,4.0,9.0,3.0,13.0,13.0,3.0,40.0,7.0,21.0,15.0,2.0,3.0,6.0,7.0,2.0,6.0,3.0,6.0,8.0,10.0,12.0,3.0,6.0,3.0,2.0,1.0,1.0,8.0
1693,201408,21,15.0,11.0,1.0,21.0,0.0,8.0,2.0,4.0,0.0,14.0,4.0,10.0,8.0,6.0,141.0,21.0,0.0,2.0,18.0,8.0,3.0,5.0,7.0,15.0,20.0,14.0,9.0,3.0,14.0,2.0,3.0,1.0,3.0,22.0
1694,201408,22,8.0,2.0,4.0,9.0,0.0,10.0,3.0,6.0,6.0,7.0,5.0,7.0,4.0,8.0,39.0,9.0,0.0,0.0,5.0,2.0,2.0,12.0,2.0,5.0,18.0,13.0,3.0,2.0,10.0,1.0,2.0,7.0,1.0,14.0
1695,201408,23,1.0,2.0,0.0,4.0,1.0,2.0,3.0,4.0,2.0,1.0,2.0,5.0,0.0,7.0,27.0,5.0,2.0,1.0,2.0,3.0,1.0,2.0,2.0,4.0,4.0,6.0,1.0,1.0,3.0,0.0,0.0,4.0,1.0,1.0
1696,201408,24,2.0,5.0,2.0,10.0,1.0,2.0,13.0,2.0,2.0,5.0,4.0,6.0,7.0,3.0,7.0,2.0,0.0,0.0,3.0,1.0,1.0,5.0,3.0,9.0,12.0,3.0,2.0,3.0,3.0,2.0,1.0,4.0,2.0,1.0
1697,201408,25,19.0,14.0,7.0,40.0,2.0,18.0,9.0,6.0,1.0,10.0,6.0,10.0,8.0,19.0,296.0,36.0,4.0,4.0,17.0,11.0,1.0,17.0,2.0,21.0,37.0,28.0,7.0,3.0,21.0,0.0,2.0,1.0,2.0,14.0
1698,201408,26,10.0,6.0,6.0,19.0,1.0,20.0,9.0,15.0,0.0,12.0,7.0,6.0,15.0,15.0,160.0,22.0,1.0,4.0,15.0,4.0,1.0,12.0,8.0,22.0,26.0,14.0,5.0,1.0,6.0,2.0,0.0,5.0,0.0,14.0
1699,201408,27,8.0,8.0,2.0,5.0,2.0,9.0,3.0,1.0,0.0,3.0,7.0,4.0,1.0,4.0,7.0,3.0,1.0,1.0,6.0,5.0,1.0,17.0,4.0,2.0,5.0,2.0,5.0,1.0,7.0,1.0,1.0,3.0,2.0,2.0
1700,201408,28,7.0,12.0,5.0,8.0,0.0,11.0,4.0,4.0,0.0,1.0,2.0,2.0,0.0,1.0,9.0,6.0,0.0,0.0,3.0,14.0,1.0,10.0,3.0,3.0,6.0,3.0,3.0,4.0,20.0,3.0,1.0,0.0,0.0,4.0
1701,201408,29,3.0,8.0,4.0,4.0,1.0,7.0,7.0,3.0,1.0,4.0,9.0,1.0,1.0,4.0,11.0,1.0,0.0,1.0,0.0,6.0,0.0,5.0,2.0,3.0,7.0,4.0,0.0,0.0,7.0,1.0,1.0,0.0,0.0,2.0
1702,201408,30,0.0,1.0,0.0,2.0,0.0,4.0,3.0,0.0,0.0,3.0,3.0,2.0,1.0,3.0,1.0,4.0,1.0,0.0,1.0,6.0,3.0,3.0,2.0,0.0,1.0,0.0,1.0,1.0,0.0,2.0,0.0,3.0,3.0,0.0
1703,201408,31,6.0,1.0,1.0,2.0,2.0,5.0,2.0,1.0,0.0,4.0,1.0,1.0,1.0,2.0,1.0,7.0,1.0,1.0,0.0,2.0,0.0,3.0,1.0,11.0,2.0,1.0,0.0,1.0,12.0,0.0,0.0,0.0,7.0,7.0
1704,201409,1,8.0,3.0,0.0,5.0,0.0,8.0,0.0,1.0,1.0,4.0,2.0,4.0,1.0,4.0,4.0,6.0,0.0,3.0,0.0,2.0,0.0,3.0,0.0,3.0,6.0,5.0,1.0,1.0,7.0,1.0,1.0,19.0,1.0,1.0
1705,201409,2,18.0,13.0,3.0,4.0,0.0,15.0,2.0,19.0,0.0,18.0,8.0,11.0,6.0,8.0,12.0,10.0,0.0,0.0,1.0,3.0,1.0,4.0,2.0,11.0,9.0,4.0,6.0,1.0,20.0,0.0,2.0,1.0,5.0,20.0
1706,201409,3,10.0,7.0,4.0,6.0,3.0,11.0,7.0,2.0,0.0,8.0,5.0,7.0,5.0,7.0,16.0,7.0,0.0,2.0,3.0,15.0,3.0,14.0,2.0,12.0,18.0,3.0,3.0,3.0,4.0,3.0,4.0,4.0,3.0,5.0
1707,201409,4,10.0,15.0,0.0,18.0,1.0,9.0,7.0,4.0,0.0,5.0,4.0,10.0,10.0,6.0,102.0,11.0,0.0,4.0,13.0,8.0,1.0,7.0,5.0,8.0,16.0,10.0,3.0,1.0,9.0,1.0,3.0,4.0,2.0,2.0
1708,201409,5,17.0,12.0,2.0,29.0,1.0,17.0,7.0,10.0,1.0,11.0,8.0,12.0,9.0,4.0,233.0,28.0,0.0,2.0,16.0,8.0,2.0,13.0,2.0,12.0,35.0,18.0,5.0,3.0,9.0,2.0,2.0,5.0,1.0,10.0
1709,201409,6,24.0,11.0,4.0,5.0,0.0,14.0,2.0,32.0,2.0,20.0,5.0,11.0,3.0,4.0,12.0,7.0,2.0,1.0,3.0,4.0,0.0,5.0,0.0,9.0,10.0,4.0,6.0,4.0,15.0,0.0,0.0,1.0,5.0,4.0
1710,201409,7,4.0,27.0,1.0,1.0,0.0,6.0,3.0,4.0,3.0,5.0,42.0,6.0,11.0,5.0,6.0,3.0,0.0,4.0,0.0,5.0,2.0,9.0,1.0,14.0,4.0,7.0,5.0,3.0,6.0,3.0,0.0,2.0,2.0,2.0
1711,201409,8,4.0,9.0,2.0,2.0,2.0,5.0,1.0,3.0,2.0,3.0,4.0,4.0,3.0,5.0,11.0,6.0,4.0,1.0,2.0,10.0,4.0,15.0,1.0,4.0,5.0,2.0,1.0,0.0,5.0,4.0,0.0,10.0,2.0,4.0
1712,201409,9,3.0,11.0,8.0,4.0,0.0,10.0,2.0,0.0,3.0,4.0,4.0,4.0,2.0,4.0,31.0,4.0,0.0,5.0,0.0,14.0,3.0,15.0,1.0,1.0,7.0,3.0,2.0,1.0,5.0,5.0,0.0,8.0,0.0,6.0
1713,201409,10,8.0,13.0,4.0,19.0,3.0,16.0,3.0,3.0,0.0,12.0,8.0,7.0,8.0,4.0,160.0,20.0,2.0,3.0,24.0,11.0,1.0,10.0,2.0,9.0,24.0,17.0,10.0,4.0,12.0,2.0,1.0,7.0,0.0,7.0
1714,201409,11,6.0,4.0,2.0,4.0,0.0,7.0,6.0,10.0,0.0,6.0,5.0,2.0,1.0,14.0,10.0,5.0,0.0,2.0,2.0,10.0,1.0,12.0,7.0,7.0,10.0,3.0,2.0,2.0,10.0,0.0,0.0,2.0,1.0,1.0
1715,201409,12,8.0,25.0,2.0,8.0,1.0,5.0,11.0,7.0,4.0,5.0,42.0,6.0,4.0,2.0,13.0,12.0,0.0,4.0,1.0,8.0,0.0,11.0,2.0,13.0,6.0,7.0,1.0,1.0,21.0,1.0,1.0,10.0,2.0,6.0
1716,201409,13,6.0,5.0,1.0,5.0,1.0,3.0,5.0,5.0,0.0,2.0,2.0,5.0,0.0,1.0,4.0,2.0,4.0,0.0,1.0,1.0,0.0,8.0,0.0,3.0,2.0,0.0,0.0,0.0,8.0,0.0,0.0,4.0,0.0,2.0
1717,201409,14,7.0,2.0,2.0,4.0,2.0,7.0,3.0,4.0,2.0,2.0,2.0,3.0,0.0,6.0,5.0,3.0,1.0,1.0,1.0,3.0,1.0,8.0,1.0,13.0,3.0,1.0,2.0,1.0,6.0,0.0,0.0,5.0,0.0,0.0
1718,201409,15,7.0,4.0,1.0,1.0,2.0,7.0,7.0,4.0,3.0,2.0,4.0,5.0,1.0,4.0,8.0,6.0,1.0,0.0,0.0,7.0,0.0,6.0,2.0,2.0,9.0,2.0,1.0,0.0,10.0,0.0,3.0,11.0,1.0,4.0
1719,201409,16,5.0,8.0,4.0,0.0,3.0,7.0,0.0,1.0,2.0,7.0,6.0,4.0,4.0,2.0,3.0,4.0,0.0,3.0,2.0,11.0,3.0,11.0,3.0,6.0,5.0,2.0,4.0,2.0,7.0,1.0,1.0,10.0,3.0,3.0
1720,201409,17,6.0,13.0,6.0,1.0,1.0,7.0,6.0,4.0,4.0,4.0,35.0,1.0,1.0,5.0,3.0,4.0,1.0,2.0,1.0,12.0,4.0,10.0,4.0,10.0,6.0,3.0,2.0,0.0,6.0,3.0,3.0,1.0,0.0,3.0
1721,201409,18,5.0,31.0,31.0,2.0,1.0,6.0,4.0,1.0,0.0,5.0,60.0,3.0,4.0,5.0,10.0,2.0,0.0,5.0,0.0,17.0,4.0,22.0,3.0,12.0,5.0,6.0,4.0,1.0,3.0,5.0,1.0,2.0,1.0,3.0
1722,201409,19,4.0,7.0,4.0,0.0,0.0,10.0,9.0,4.0,0.0,6.0,3.0,3.0,2.0,2.0,3.0,2.0,1.0,1.0,0.0,9.0,2.0,17.0,0.0,2.0,3.0,2.0,2.0,0.0,4.0,0.0,1.0,1.0,0.0,2.0
1723,201409,20,1.0,2.0,1.0,3.0,1.0,3.0,5.0,1.0,2.0,2.0,0.0,5.0,2.0,2.0,3.0,6.0,0.0,0.0,0.0,4.0,1.0,6.0,2.0,2.0,2.0,1.0,0.0,0.0,1.0,0.0,1.0,2.0,6.0,0.0
1724,201409,21,5.0,11.0,3.0,2.0,0.0,1.0,7.0,1.0,2.0,3.0,2.0,2.0,4.0,1.0,5.0,3.0,0.0,0.0,1.0,7.0,0.0,22.0,3.0,7.0,1.0,1.0,2.0,0.0,6.0,2.0,0.0,2.0,1.0,2.0
1725,201409,22,4.0,5.0,1.0,7.0,1.0,12.0,4.0,1.0,0.0,3.0,2.0,2.0,4.0,1.0,3.0,6.0,0.0,2.0,1.0,5.0,0.0,9.0,2.0,2.0,3.0,0.0,4.0,0.0,3.0,3.0,1.0,10.0,1.0,7.0
1726,201409,23,2.0,2.0,4.0,0.0,1.0,2.0,3.0,0.0,1.0,2.0,1.0,1.0,4.0,2.0,3.0,3.0,1.0,1.0,2.0,14.0,3.0,18.0,1.0,3.0,5.0,4.0,4.0,1.0,2.0,5.0,1.0,14.0,1.0,3.0
1727,201409,24,30.0,7.0,6.0,2.0,1.0,8.0,17.0,7.0,0.0,6.0,2.0,7.0,5.0,4.0,5.0,5.0,0.0,2.0,3.0,18.0,0.0,37.0,2.0,1.0,10.0,3.0,5.0,3.0,5.0,5.0,1.0,5.0,0.0,6.0
1728,201409,25,53.0,1.0,0.0,3.0,0.0,22.0,2.0,57.0,0.0,10.0,1.0,8.0,7.0,0.0,7.0,13.0,1.0,2.0,2.0,6.0,1.0,7.0,4.0,7.0,14.0,4.0,10.0,3.0,9.0,1.0,1.0,4.0,1.0,5.0
1729,201409,26,34.0,43.0,28.0,119.0,7.0,55.0,17.0,27.0,3.0,39.0,27.0,28.0,75.0,31.0,900.0,129.0,11.0,15.0,320.0,25.0,17.0,29.0,13.0,53.0,81.0,72.0,30.0,21.0,32.0,8.0,10.0,5.0,4.0,31.0
1730,201409,27,19.0,9.0,6.0,49.0,2.0,36.0,6.0,11.0,1.0,20.0,8.0,13.0,10.0,6.0,344.0,52.0,2.0,6.0,99.0,9.0,6.0,6.0,8.0,16.0,43.0,31.0,13.0,10.0,9.0,2.0,1.0,5.0,0.0,7.0
1731,201409,28,10.0,5.0,7.0,48.0,4.0,29.0,7.0,5.0,2.0,19.0,11.0,17.0,15.0,16.0,410.0,36.0,2.0,6.0,54.0,4.0,2.0,5.0,4.0,28.0,51.0,29.0,13.0,9.0,4.0,2.0,1.0,5.0,1.0,11.0
1732,201409,29,8.0,7.0,4.0,34.0,0.0,19.0,12.0,2.0,3.0,14.0,5.0,9.0,10.0,18.0,238.0,27.0,2.0,2.0,16.0,4.0,0.0,8.0,7.0,12.0,30.0,22.0,6.0,4.0,7.0,3.0,0.0,3.0,0.0,8.0
1733,201409,30,5.0,10.0,2.0,16.0,0.0,23.0,7.0,3.0,2.0,16.0,5.0,34.0,8.0,4.0,148.0,17.0,2.0,6.0,12.0,8.0,2.0,12.0,0.0,18.0,33.0,11.0,7.0,3.0,15.0,3.0,0.0,1.0,3.0,9.0
1734,201410,1,2.0,12.0,6.0,23.0,1.0,17.0,7.0,6.0,5.0,14.0,3.0,3.0,5.0,12.0,117.0,18.0,1.0,2.0,9.0,8.0,1.0,11.0,1.0,11.0,19.0,11.0,4.0,2.0,7.0,5.0,0.0,0.0,0.0,15.0
1735,201410,2,10.0,222.0,23.0,54.0,5.0,33.0,10.0,11.0,1.0,25.0,59.0,17.0,19.0,24.0,311.0,49.0,8.0,28.0,168.0,25.0,11.0,15.0,6.0,43.0,40.0,47.0,15.0,7.0,12.0,11.0,5.0,0.0,2.0,19.0
1736,201410,3,16.0,69.0,10.0,31.0,6.0,20.0,2.0,2.0,2.0,14.0,17.0,6.0,26.0,7.0,133.0,25.0,2.0,4.0,16.0,10.0,4.0,8.0,6.0,23.0,32.0,22.0,7.0,5.0,8.0,3.0,2.0,0.0,1.0,7.0
1737,201410,4,0.0,1.0,3.0,4.0,1.0,6.0,3.0,3.0,3.0,2.0,3.0,0.0,4.0,3.0,13.0,1.0,2.0,1.0,5.0,5.0,1.0,4.0,1.0,5.0,3.0,1.0,6.0,0.0,1.0,3.0,0.0,1.0,1.0,0.0
1738,201410,5,8.0,7.0,2.0,4.0,0.0,5.0,0.0,1.0,7.0,6.0,2.0,1.0,1.0,2.0,21.0,6.0,0.0,0.0,2.0,6.0,1.0,4.0,2.0,2.0,2.0,3.0,1.0,0.0,1.0,1.0,0.0,1.0,2.0,3.0
1739,201410,6,4.0,57.0,4.0,12.0,5.0,6.0,15.0,3.0,2.0,6.0,40.0,6.0,12.0,3.0,58.0,13.0,2.0,2.0,7.0,8.0,1.0,19.0,6.0,18.0,10.0,5.0,3.0,1.0,2.0,2.0,1.0,2.0,1.0,2.0
1740,201410,7,0.0,10.0,5.0,3.0,0.0,8.0,13.0,3.0,0.0,12.0,4.0,3.0,4.0,0.0,42.0,4.0,4.0,4.0,9.0,10.0,1.0,16.0,0.0,9.0,12.0,4.0,3.0,0.0,1.0,1.0,1.0,0.0,1.0,6.0
1741,201410,8,3.0,5.0,3.0,4.0,3.0,2.0,13.0,2.0,0.0,3.0,1.0,3.0,2.0,2.0,26.0,2.0,2.0,2.0,2.0,8.0,1.0,6.0,1.0,8.0,12.0,1.0,5.0,1.0,4.0,5.0,0.0,0.0,1.0,3.0
1742,201410,9,8.0,2.0,2.0,5.0,1.0,7.0,3.0,5.0,3.0,1.0,3.0,6.0,4.0,0.0,26.0,10.0,1.0,3.0,3.0,6.0,0.0,6.0,0.0,6.0,4.0,2.0,5.0,1.0,8.0,0.0,0.0,0.0,1.0,1.0
1743,201410,10,3.0,21.0,4.0,7.0,2.0,4.0,5.0,7.0,2.0,6.0,7.0,12.0,3.0,5.0,63.0,19.0,0.0,2.0,6.0,8.0,1.0,23.0,3.0,12.0,20.0,9.0,4.0,0.0,14.0,2.0,0.0,1.0,0.0,4.0
1744,201410,11,2.0,3.0,1.0,0.0,2.0,2.0,0.0,7.0,0.0,1.0,1.0,13.0,3.0,1.0,5.0,2.0,1.0,0.0,0.0,2.0,3.0,4.0,2.0,7.0,3.0,2.0,4.0,1.0,13.0,1.0,0.0,0.0,1.0,2.0
1745,201410,12,1.0,7.0,2.0,6.0,2.0,8.0,4.0,7.0,3.0,4.0,20.0,9.0,2.0,5.0,30.0,5.0,0.0,1.0,3.0,6.0,1.0,4.0,1.0,9.0,5.0,4.0,2.0,0.0,14.0,1.0,0.0,0.0,0.0,1.0
1746,201410,13,21.0,208.0,17.0,20.0,14.0,14.0,8.0,30.0,2.0,12.0,155.0,23.0,22.0,10.0,93.0,21.0,6.0,18.0,6.0,7.0,2.0,5.0,5.0,43.0,22.0,14.0,16.0,2.0,30.0,3.0,2.0,1.0,2.0,9.0
1747,201410,14,6.0,15.0,10.0,10.0,9.0,8.0,11.0,3.0,1.0,12.0,10.0,16.0,15.0,4.0,26.0,7.0,4.0,2.0,4.0,20.0,2.0,49.0,8.0,15.0,14.0,8.0,7.0,1.0,12.0,6.0,2.0,1.0,3.0,6.0
1748,201410,15,14.0,9.0,4.0,3.0,2.0,27.0,12.0,42.0,0.0,40.0,6.0,9.0,7.0,4.0,6.0,12.0,1.0,2.0,4.0,8.0,1.0,12.0,2.0,9.0,16.0,7.0,10.0,2.0,18.0,3.0,1.0,2.0,5.0,13.0
1749,201410,16,12.0,3.0,5.0,1.0,4.0,14.0,4.0,7.0,0.0,14.0,4.0,2.0,1.0,1.0,4.0,12.0,0.0,0.0,2.0,3.0,0.0,6.0,0.0,3.0,6.0,3.0,7.0,2.0,9.0,1.0,1.0,1.0,2.0,7.0
1750,201410,17,3.0,2.0,3.0,1.0,1.0,4.0,3.0,3.0,0.0,7.0,4.0,2.0,3.0,0.0,4.0,4.0,0.0,1.0,0.0,3.0,2.0,2.0,2.0,5.0,3.0,1.0,1.0,3.0,3.0,0.0,1.0,1.0,2.0,6.0
1751,201410,18,2.0,0.0,0.0,0.0,0.0,2.0,5.0,2.0,0.0,0.0,4.0,2.0,0.0,2.0,0.0,7.0,1.0,0.0,1.0,0.0,1.0,3.0,1.0,2.0,1.0,1.0,1.0,2.0,3.0,0.0,0.0,4.0,1.0,0.0
1752,201410,19,5.0,1.0,1.0,2.0,0.0,3.0,5.0,2.0,2.0,0.0,2.0,0.0,0.0,4.0,5.0,4.0,0.0,0.0,0.0,4.0,1.0,9.0,2.0,7.0,1.0,0.0,1.0,1.0,11.0,1.0,0.0,11.0,1.0,1.0
1753,201410,20,9.0,2.0,0.0,2.0,1.0,10.0,6.0,3.0,5.0,7.0,2.0,4.0,1.0,5.0,8.0,7.0,0.0,2.0,0.0,5.0,0.0,13.0,1.0,2.0,5.0,0.0,1.0,1.0,8.0,0.0,0.0,3.0,1.0,1.0
1754,201410,21,6.0,8.0,2.0,1.0,3.0,5.0,4.0,2.0,0.0,10.0,1.0,7.0,5.0,1.0,3.0,14.0,11.0,2.0,0.0,7.0,2.0,8.0,1.0,5.0,10.0,1.0,4.0,0.0,15.0,2.0,1.0,0.0,2.0,5.0
1755,201410,22,24.0,10.0,4.0,2.0,4.0,54.0,9.0,71.0,0.0,26.0,4.0,8.0,8.0,3.0,16.0,39.0,6.0,1.0,4.0,9.0,0.0,7.0,0.0,6.0,18.0,6.0,12.0,5.0,13.0,6.0,3.0,0.0,8.0,53.0
1756,201410,23,7.0,9.0,0.0,3.0,1.0,27.0,9.0,11.0,5.0,9.0,3.0,6.0,3.0,3.0,10.0,11.0,5.0,2.0,1.0,9.0,1.0,6.0,1.0,6.0,9.0,5.0,5.0,1.0,9.0,3.0,0.0,1.0,2.0,35.0
1757,201410,24,7.0,3.0,0.0,10.0,0.0,5.0,13.0,2.0,0.0,3.0,4.0,0.0,0.0,4.0,27.0,12.0,0.0,2.0,1.0,3.0,0.0,2.0,2.0,2.0,7.0,2.0,0.0,1.0,4.0,0.0,0.0,2.0,1.0,5.0
1758,201410,25,4.0,1.0,3.0,2.0,0.0,4.0,20.0,0.0,4.0,1.0,1.0,3.0,1.0,1.0,1.0,1.0,0.0,0.0,0.0,9.0,1.0,33.0,2.0,6.0,4.0,1.0,1.0,0.0,0.0,3.0,0.0,0.0,1.0,0.0
1759,201410,26,8.0,3.0,1.0,3.0,0.0,3.0,4.0,2.0,0.0,7.0,5.0,6.0,4.0,0.0,11.0,5.0,0.0,2.0,1.0,3.0,1.0,1.0,1.0,3.0,2.0,1.0,3.0,1.0,3.0,0.0,0.0,0.0,1.0,1.0
1760,201410,27,10.0,2.0,3.0,3.0,1.0,10.0,2.0,1.0,0.0,7.0,1.0,4.0,0.0,3.0,3.0,10.0,1.0,2.0,2.0,4.0,0.0,6.0,1.0,3.0,4.0,1.0,1.0,1.0,7.0,1.0,0.0,1.0,0.0,1.0
1761,201410,28,9.0,3.0,3.0,1.0,3.0,5.0,7.0,2.0,1.0,1.0,4.0,5.0,2.0,0.0,3.0,3.0,0.0,1.0,1.0,9.0,2.0,11.0,5.0,4.0,8.0,1.0,5.0,1.0,4.0,2.0,2.0,3.0,0.0,2.0
1762,201410,29,7.0,8.0,4.0,2.0,3.0,9.0,4.0,9.0,3.0,6.0,11.0,6.0,1.0,2.0,8.0,4.0,3.0,2.0,2.0,13.0,1.0,13.0,5.0,4.0,8.0,2.0,4.0,0.0,2.0,3.0,0.0,4.0,2.0,6.0
1763,201410,30,7.0,0.0,4.0,0.0,1.0,8.0,7.0,5.0,1.0,3.0,2.0,0.0,1.0,2.0,6.0,3.0,1.0,0.0,1.0,1.0,1.0,7.0,3.0,1.0,10.0,1.0,4.0,1.0,6.0,2.0,1.0,2.0,2.0,4.0
1764,201410,31,8.0,12.0,7.0,65.0,2.0,29.0,3.0,7.0,3.0,14.0,8.0,20.0,13.0,5.0,423.0,48.0,0.0,7.0,28.0,10.0,4.0,22.0,6.0,37.0,44.0,34.0,10.0,2.0,8.0,1.0,2.0,0.0,2.0,10.0
1765,201411,1,0.0,4.0,4.0,5.0,3.0,6.0,8.0,4.0,0.0,2.0,3.0,7.0,5.0,4.0,19.0,7.0,1.0,1.0,4.0,12.0,3.0,15.0,3.0,10.0,7.0,5.0,2.0,0.0,7.0,2.0,2.0,1.0,0.0,6.0
1766,201411,2,13.0,7.0,5.0,2.0,2.0,38.0,11.0,37.0,0.0,14.0,6.0,11.0,5.0,6.0,13.0,18.0,0.0,1.0,0.0,4.0,3.0,15.0,5.0,9.0,2.0,0.0,4.0,3.0,3.0,1.0,2.0,2.0,0.0,5.0
1767,201411,3,14.0,1.0,0.0,7.0,2.0,16.0,3.0,5.0,3.0,5.0,1.0,4.0,3.0,0.0,2.0,8.0,2.0,1.0,2.0,7.0,0.0,10.0,0.0,5.0,8.0,3.0,3.0,0.0,4.0,3.0,3.0,2.0,2.0,4.0
1768,201411,4,14.0,126.0,8.0,5.0,5.0,15.0,4.0,5.0,1.0,3.0,10.0,2.0,5.0,8.0,9.0,9.0,0.0,7.0,6.0,8.0,2.0,12.0,0.0,10.0,10.0,8.0,3.0,1.0,8.0,3.0,3.0,2.0,0.0,5.0
1769,201411,5,11.0,11.0,3.0,3.0,0.0,7.0,4.0,3.0,8.0,5.0,7.0,1.0,2.0,5.0,13.0,8.0,0.0,8.0,0.0,8.0,1.0,8.0,2.0,3.0,6.0,3.0,2.0,1.0,1.0,4.0,2.0,0.0,2.0,4.0
1770,201411,6,30.0,7.0,1.0,7.0,0.0,27.0,4.0,48.0,2.0,18.0,3.0,8.0,3.0,4.0,36.0,35.0,2.0,3.0,4.0,4.0,0.0,5.0,3.0,6.0,11.0,8.0,8.0,2.0,11.0,1.0,4.0,2.0,2.0,45.0
1771,201411,7,9.0,7.0,3.0,2.0,0.0,10.0,4.0,1.0,0.0,5.0,1.0,3.0,0.0,1.0,5.0,3.0,0.0,0.0,2.0,5.0,1.0,10.0,0.0,3.0,3.0,3.0,0.0,0.0,3.0,2.0,1.0,0.0,0.0,2.0
1772,201411,8,1.0,1.0,3.0,1.0,0.0,0.0,3.0,1.0,1.0,1.0,1.0,1.0,0.0,5.0,3.0,3.0,0.0,1.0,1.0,9.0,0.0,5.0,1.0,2.0,1.0,0.0,0.0,0.0,0.0,1.0,1.0,3.0,0.0,0.0
1773,201411,9,3.0,2.0,3.0,4.0,0.0,2.0,3.0,2.0,2.0,3.0,3.0,4.0,0.0,3.0,7.0,1.0,1.0,0.0,2.0,7.0,0.0,6.0,2.0,6.0,3.0,0.0,0.0,1.0,2.0,5.0,1.0,0.0,0.0,2.0
1774,201411,10,1.0,13.0,8.0,127.0,1.0,3.0,5.0,4.0,0.0,4.0,7.0,10.0,9.0,31.0,29.0,8.0,1.0,4.0,11.0,9.0,3.0,17.0,11.0,5.0,9.0,8.0,2.0,2.0,9.0,2.0,0.0,4.0,0.0,0.0
1775,201411,11,2.0,16.0,1.0,19.0,1.0,2.0,2.0,4.0,9.0,4.0,7.0,8.0,3.0,8.0,15.0,7.0,1.0,3.0,4.0,14.0,1.0,11.0,3.0,4.0,6.0,2.0,5.0,3.0,2.0,3.0,4.0,0.0,3.0,2.0
1776,201411,12,13.0,7.0,8.0,15.0,1.0,31.0,12.0,16.0,3.0,15.0,3.0,7.0,1.0,74.0,16.0,7.0,2.0,1.0,1.0,17.0,2.0,13.0,16.0,7.0,11.0,3.0,3.0,2.0,12.0,4.0,1.0,3.0,2.0,11.0
1777,201411,13,7.0,15.0,5.0,6.0,2.0,3.0,34.0,4.0,1.0,2.0,5.0,7.0,1.0,38.0,18.0,8.0,1.0,2.0,4.0,24.0,0.0,48.0,11.0,6.0,6.0,6.0,2.0,2.0,10.0,2.0,1.0,1.0,2.0,5.0
1778,201411,14,0.0,2.0,3.0,3.0,1.0,6.0,22.0,1.0,4.0,4.0,4.0,4.0,0.0,10.0,10.0,5.0,2.0,1.0,2.0,8.0,2.0,12.0,16.0,5.0,8.0,2.0,3.0,2.0,5.0,0.0,0.0,8.0,3.0,2.0
1779,201411,15,2.0,0.0,0.0,2.0,1.0,2.0,10.0,1.0,0.0,6.0,3.0,5.0,1.0,7.0,4.0,1.0,2.0,2.0,1.0,6.0,0.0,8.0,6.0,0.0,2.0,4.0,1.0,0.0,3.0,1.0,2.0,1.0,2.0,1.0
1780,201411,16,7.0,86.0,12.0,14.0,4.0,9.0,6.0,3.0,0.0,7.0,9.0,6.0,7.0,24.0,60.0,7.0,1.0,5.0,10.0,8.0,0.0,0.0,6.0,14.0,11.0,8.0,3.0,1.0,8.0,0.0,0.0,1.0,0.0,1.0
1781,201411,17,57.0,28.0,0.0,20.0,9.0,47.0,9.0,85.0,4.0,55.0,9.0,57.0,17.0,10.0,94.0,56.0,3.0,5.0,16.0,6.0,0.0,6.0,2.0,29.0,46.0,12.0,21.0,9.0,29.0,1.0,11.0,5.0,14.0,68.0
1782,201411,18,8.0,14.0,12.0,17.0,5.0,20.0,5.0,16.0,0.0,23.0,17.0,19.0,2.0,4.0,40.0,62.0,3.0,5.0,34.0,15.0,4.0,9.0,3.0,4.0,20.0,9.0,15.0,8.0,19.0,1.0,3.0,1.0,6.0,42.0
1783,201411,19,9.0,4.0,7.0,14.0,3.0,12.0,11.0,15.0,4.0,8.0,4.0,7.0,2.0,4.0,31.0,61.0,3.0,1.0,17.0,29.0,2.0,67.0,5.0,8.0,13.0,5.0,13.0,8.0,10.0,7.0,9.0,0.0,4.0,7.0
1784,201411,20,8.0,5.0,7.0,12.0,2.0,12.0,6.0,12.0,12.0,7.0,6.0,6.0,2.0,5.0,13.0,56.0,5.0,1.0,3.0,14.0,0.0,22.0,5.0,9.0,6.0,1.0,2.0,4.0,6.0,2.0,7.0,5.0,2.0,0.0
1785,201411,21,3.0,14.0,3.0,5.0,0.0,4.0,7.0,7.0,1.0,4.0,9.0,0.0,3.0,7.0,10.0,22.0,2.0,4.0,2.0,7.0,4.0,11.0,1.0,4.0,7.0,8.0,1.0,1.0,4.0,2.0,1.0,0.0,1.0,8.0
1786,201411,22,4.0,11.0,0.0,7.0,1.0,3.0,4.0,1.0,1.0,3.0,6.0,6.0,2.0,2.0,15.0,15.0,4.0,0.0,4.0,1.0,3.0,3.0,3.0,3.0,7.0,3.0,2.0,1.0,2.0,0.0,0.0,0.0,0.0,1.0
1787,201411,23,4.0,10.0,4.0,18.0,6.0,6.0,1.0,1.0,0.0,4.0,7.0,15.0,1.0,6.0,25.0,5.0,2.0,4.0,1.0,2.0,1.0,8.0,5.0,10.0,3.0,4.0,5.0,1.0,6.0,2.0,1.0,3.0,2.0,0.0
1788,201411,24,9.0,10.0,4.0,24.0,4.0,19.0,2.0,13.0,0.0,10.0,8.0,2.0,4.0,17.0,83.0,18.0,2.0,0.0,9.0,0.0,1.0,3.0,2.0,10.0,22.0,5.0,8.0,13.0,9.0,2.0,2.0,1.0,2.0,7.0
1789,201411,25,13.0,14.0,3.0,8.0,4.0,3.0,1.0,4.0,1.0,8.0,3.0,8.0,1.0,15.0,15.0,11.0,3.0,2.0,7.0,6.0,2.0,1.0,9.0,5.0,8.0,6.0,13.0,1.0,6.0,1.0,3.0,1.0,2.0,4.0
1790,201411,26,118.0,26.0,10.0,9.0,5.0,115.0,5.0,94.0,0.0,58.0,11.0,30.0,12.0,10.0,25.0,43.0,3.0,5.0,2.0,5.0,0.0,10.0,3.0,15.0,35.0,14.0,25.0,9.0,27.0,1.0,11.0,1.0,14.0,106.0
1791,201411,27,8.0,4.0,0.0,3.0,1.0,22.0,4.0,0.0,1.0,4.0,1.0,3.0,0.0,0.0,7.0,3.0,2.0,0.0,3.0,1.0,0.0,0.0,2.0,1.0,9.0,1.0,1.0,0.0,4.0,3.0,0.0,0.0,0.0,3.0
1792,201411,28,2.0,6.0,3.0,2.0,1.0,1.0,1.0,0.0,3.0,1.0,3.0,3.0,0.0,2.0,3.0,3.0,0.0,2.0,0.0,7.0,2.0,17.0,2.0,3.0,4.0,2.0,2.0,1.0,1.0,11.0,0.0,0.0,1.0,2.0
1793,201411,29,5.0,1.0,1.0,5.0,0.0,7.0,4.0,2.0,0.0,1.0,0.0,1.0,2.0,10.0,6.0,5.0,1.0,2.0,3.0,6.0,1.0,5.0,5.0,4.0,1.0,4.0,2.0,1.0,2.0,4.0,0.0,3.0,1.0,0.0
1794,201411,30,4.0,1.0,4.0,8.0,2.0,7.0,12.0,5.0,9.0,5.0,4.0,7.0,1.0,43.0,14.0,9.0,0.0,3.0,1.0,28.0,3.0,70.0,13.0,8.0,9.0,5.0,5.0,1.0,6.0,6.0,0.0,1.0,1.0,0.0
1795,201412,1,7.0,7.0,2.0,3.0,0.0,3.0,4.0,5.0,0.0,3.0,5.0,9.0,1.0,4.0,9.0,5.0,2.0,2.0,2.0,5.0,3.0,14.0,6.0,9.0,6.0,5.0,4.0,2.0,6.0,5.0,3.0,0.0,2.0,4.0
1796,201412,2,27.0,8.0,10.0,3.0,4.0,13.0,17.0,7.0,3.0,12.0,4.0,13.0,5.0,7.0,25.0,16.0,2.0,7.0,3.0,43.0,4.0,101.0,17.0,20.0,23.0,8.0,8.0,4.0,39.0,13.0,4.0,0.0,0.0,17.0
1797,201412,3,28.0,20.0,12.0,7.0,3.0,29.0,24.0,42.0,4.0,20.0,8.0,29.0,5.0,3.0,8.0,10.0,1.0,7.0,3.0,49.0,12.0,110.0,13.0,11.0,16.0,3.0,15.0,4.0,22.0,9.0,4.0,2.0,1.0,14.0
1798,201412,4,12.0,22.0,11.0,6.0,3.0,3.0,20.0,3.0,5.0,5.0,7.0,7.0,5.0,8.0,17.0,7.0,1.0,10.0,2.0,36.0,71.0,32.0,6.0,16.0,11.0,10.0,15.0,3.0,6.0,6.0,0.0,1.0,0.0,5.0
1799,201412,5,7.0,35.0,11.0,10.0,1.0,6.0,32.0,5.0,0.0,5.0,5.0,9.0,3.0,3.0,28.0,11.0,3.0,3.0,1.0,27.0,2.0,76.0,14.0,13.0,14.0,7.0,6.0,3.0,10.0,8.0,3.0,11.0,2.0,3.0
1800,201412,6,5.0,7.0,1.0,4.0,2.0,7.0,8.0,12.0,2.0,7.0,5.0,10.0,0.0,1.0,4.0,3.0,0.0,4.0,0.0,8.0,0.0,14.0,0.0,6.0,9.0,3.0,9.0,2.0,7.0,2.0,0.0,1.0,1.0,2.0
1801,201412,7,7.0,35.0,3.0,5.0,0.0,1.0,9.0,5.0,0.0,6.0,9.0,4.0,2.0,8.0,11.0,5.0,9.0,5.0,2.0,2.0,2.0,9.0,14.0,11.0,5.0,6.0,3.0,0.0,5.0,0.0,1.0,0.0,2.0,5.0
1802,201412,8,23.0,36.0,2.0,8.0,2.0,6.0,7.0,5.0,0.0,11.0,6.0,7.0,4.0,5.0,17.0,11.0,5.0,2.0,5.0,11.0,3.0,17.0,12.0,6.0,11.0,4.0,5.0,2.0,7.0,4.0,0.0,2.0,0.0,24.0
1803,201412,9,122.0,215.0,20.0,16.0,7.0,48.0,13.0,47.0,2.0,33.0,38.0,15.0,17.0,8.0,25.0,45.0,3.0,18.0,16.0,16.0,3.0,24.0,11.0,34.0,39.0,25.0,20.0,10.0,22.0,3.0,7.0,5.0,7.0,111.0
1804,201412,10,49.0,33.0,12.0,14.0,1.0,40.0,15.0,19.0,7.0,20.0,12.0,15.0,6.0,1.0,27.0,43.0,6.0,5.0,5.0,38.0,4.0,95.0,8.0,16.0,19.0,11.0,10.0,3.0,21.0,11.0,3.0,2.0,6.0,61.0
1805,201412,11,18.0,13.0,14.0,20.0,2.0,34.0,42.0,31.0,5.0,13.0,11.0,12.0,4.0,7.0,16.0,29.0,2.0,3.0,1.0,53.0,9.0,169.0,11.0,12.0,18.0,11.0,7.0,7.0,7.0,12.0,1.0,3.0,0.0,23.0
1806,201412,12,5.0,21.0,10.0,9.0,3.0,7.0,17.0,5.0,0.0,3.0,5.0,0.0,3.0,7.0,6.0,9.0,0.0,3.0,2.0,20.0,7.0,14.0,2.0,11.0,7.0,6.0,5.0,1.0,5.0,8.0,1.0,0.0,1.0,8.0
1807,201412,13,2.0,8.0,2.0,18.0,1.0,1.0,6.0,1.0,1.0,1.0,5.0,6.0,4.0,5.0,9.0,2.0,1.0,1.0,0.0,6.0,0.0,10.0,2.0,4.0,2.0,2.0,4.0,1.0,3.0,3.0,0.0,2.0,0.0,0.0
1808,201412,14,5.0,22.0,3.0,66.0,1.0,3.0,22.0,3.0,1.0,2.0,7.0,6.0,8.0,31.0,77.0,11.0,0.0,0.0,8.0,14.0,0.0,20.0,6.0,10.0,12.0,2.0,2.0,1.0,2.0,2.0,1.0,0.0,0.0,2.0
1809,201412,15,5.0,4.0,7.0,39.0,3.0,7.0,23.0,1.0,0.0,5.0,4.0,1.0,1.0,8.0,32.0,12.0,3.0,1.0,14.0,53.0,4.0,100.0,11.0,6.0,10.0,5.0,3.0,2.0,0.0,9.0,1.0,1.0,0.0,1.0
1810,201412,16,16.0,8.0,9.0,16.0,2.0,8.0,17.0,29.0,0.0,9.0,12.0,7.0,5.0,8.0,21.0,15.0,3.0,3.0,12.0,29.0,4.0,73.0,21.0,8.0,17.0,6.0,13.0,5.0,10.0,4.0,4.0,4.0,1.0,4.0
1811,201412,17,5.0,41.0,12.0,9.0,2.0,10.0,11.0,7.0,4.0,10.0,17.0,4.0,7.0,7.0,10.0,10.0,6.0,3.0,4.0,20.0,0.0,32.0,15.0,8.0,20.0,6.0,7.0,3.0,5.0,9.0,2.0,1.0,1.0,6.0
1812,201412,18,15.0,15.0,16.0,4.0,1.0,11.0,5.0,4.0,1.0,7.0,5.0,10.0,7.0,10.0,10.0,11.0,3.0,2.0,2.0,13.0,1.0,20.0,9.0,7.0,23.0,4.0,4.0,3.0,9.0,3.0,0.0,1.0,0.0,0.0
1813,201412,19,15.0,20.0,5.0,7.0,3.0,9.0,10.0,3.0,2.0,5.0,7.0,5.0,3.0,8.0,5.0,10.0,3.0,4.0,1.0,23.0,2.0,60.0,11.0,4.0,12.0,3.0,5.0,1.0,10.0,7.0,0.0,0.0,0.0,2.0
1814,201412,20,4.0,5.0,4.0,5.0,0.0,4.0,10.0,1.0,0.0,4.0,4.0,1.0,5.0,11.0,4.0,4.0,1.0,4.0,1.0,14.0,2.0,20.0,15.0,2.0,15.0,4.0,5.0,1.0,4.0,3.0,1.0,0.0,2.0,1.0
1815,201412,21,13.0,6.0,7.0,9.0,0.0,8.0,21.0,11.0,0.0,7.0,9.0,10.0,10.0,50.0,21.0,9.0,2.0,0.0,2.0,21.0,1.0,25.0,13.0,6.0,19.0,4.0,16.0,1.0,5.0,4.0,1.0,1.0,3.0,2.0
1816,201412,22,4.0,32.0,8.0,11.0,11.0,13.0,12.0,10.0,0.0,7.0,12.0,17.0,12.0,51.0,28.0,7.0,5.0,7.0,3.0,33.0,2.0,58.0,13.0,16.0,27.0,2.0,14.0,2.0,10.0,7.0,3.0,1.0,3.0,3.0
1817,201412,23,44.0,65.0,6.0,17.0,17.0,31.0,9.0,74.0,0.0,44.0,36.0,65.0,22.0,16.0,43.0,30.0,4.0,9.0,5.0,13.0,0.0,17.0,3.0,13.0,40.0,14.0,29.0,12.0,36.0,0.0,1.0,1.0,3.0,14.0
1818,201412,24,10.0,58.0,5.0,19.0,10.0,23.0,8.0,27.0,0.0,19.0,10.0,31.0,13.0,10.0,64.0,28.0,11.0,7.0,10.0,6.0,0.0,10.0,12.0,28.0,56.0,11.0,18.0,5.0,17.0,1.0,4.0,3.0,6.0,7.0
1819,201412,25,2.0,66.0,7.0,8.0,3.0,6.0,4.0,1.0,0.0,1.0,8.0,8.0,5.0,27.0,38.0,11.0,3.0,3.0,6.0,8.0,3.0,7.0,4.0,9.0,18.0,5.0,0.0,1.0,1.0,0.0,0.0,3.0,1.0,1.0
1820,201412,26,2.0,37.0,4.0,8.0,0.0,3.0,4.0,5.0,0.0,3.0,9.0,13.0,11.0,26.0,20.0,8.0,3.0,4.0,3.0,9.0,2.0,8.0,5.0,10.0,13.0,8.0,8.0,1.0,6.0,0.0,1.0,1.0,0.0,6.0
1821,201412,27,7.0,23.0,2.0,18.0,3.0,4.0,6.0,5.0,3.0,4.0,15.0,9.0,11.0,28.0,21.0,9.0,4.0,1.0,3.0,11.0,0.0,13.0,5.0,14.0,4.0,6.0,5.0,0.0,6.0,4.0,0.0,1.0,1.0,4.0
1822,201412,28,5.0,8.0,7.0,5.0,6.0,7.0,14.0,5.0,7.0,5.0,16.0,17.0,9.0,33.0,16.0,8.0,6.0,5.0,1.0,16.0,2.0,18.0,5.0,16.0,10.0,4.0,7.0,1.0,8.0,8.0,0.0,1.0,1.0,8.0
1823,201412,29,4.0,25.0,10.0,17.0,2.0,9.0,13.0,4.0,2.0,8.0,16.0,11.0,9.0,129.0,10.0,6.0,4.0,5.0,1.0,27.0,2.0,18.0,18.0,6.0,23.0,7.0,5.0,4.0,5.0,7.0,0.0,1.0,1.0,1.0
1824,201412,30,3.0,55.0,19.0,26.0,2.0,2.0,19.0,5.0,0.0,8.0,18.0,4.0,3.0,132.0,9.0,11.0,5.0,7.0,3.0,25.0,4.0,64.0,19.0,11.0,11.0,10.0,5.0,2.0,6.0,13.0,2.0,2.0,1.0,5.0
1825,201412,31,4.0,102.0,13.0,8.0,2.0,3.0,8.0,5.0,1.0,5.0,20.0,4.0,4.0,44.0,16.0,13.0,2.0,1.0,4.0,7.0,3.0,12.0,5.0,15.0,15.0,6.0,2.0,1.0,8.0,4.0,1.0,4.0,1.0,0.0
1826,201501,1,2.0,231.0,20.0,13.0,8.0,4.0,3.0,7.0,1.0,1.0,29.0,6.0,8.0,65.0,17.0,9.0,2.0,13.0,6.0,6.0,0.0,6.0,8.0,11.0,14.0,21.0,6.0,2.0,0.0,1.0,2.0,3.0,2.0,1.0
1827,201501,2,10.0,133.0,10.0,11.0,1.0,6.0,5.0,7.0,1.0,4.0,26.0,5.0,9.0,44.0,17.0,5.0,2.0,4.0,2.0,8.0,1.0,6.0,10.0,12.0,13.0,10.0,2.0,6.0,1.0,3.0,3.0,3.0,0.0,4.0
1828,201501,3,14.0,53.0,11.0,17.0,7.0,13.0,7.0,22.0,4.0,10.0,16.0,33.0,16.0,57.0,64.0,18.0,8.0,6.0,8.0,10.0,4.0,7.0,10.0,12.0,12.0,16.0,14.0,5.0,18.0,2.0,5.0,5.0,4.0,11.0
1829,201501,4,68.0,36.0,10.0,39.0,2.0,46.0,4.0,63.0,0.0,41.0,11.0,30.0,10.0,18.0,138.0,34.0,6.0,5.0,13.0,5.0,1.0,9.0,10.0,22.0,39.0,23.0,21.0,11.0,23.0,5.0,2.0,1.0,7.0,26.0
1830,201501,5,14.0,42.0,11.0,50.0,2.0,26.0,12.0,23.0,1.0,22.0,9.0,13.0,10.0,28.0,185.0,40.0,5.0,6.0,23.0,16.0,1.0,23.0,10.0,24.0,31.0,18.0,4.0,6.0,16.0,3.0,2.0,6.0,5.0,30.0
1831,201501,6,43.0,27.0,4.0,28.0,1.0,53.0,9.0,85.0,2.0,101.0,6.0,23.0,19.0,9.0,70.0,57.0,3.0,4.0,29.0,13.0,2.0,14.0,10.0,19.0,47.0,20.0,17.0,14.0,26.0,4.0,3.0,2.0,10.0,63.0
1832,201501,7,10.0,11.0,2.0,20.0,1.0,18.0,25.0,10.0,8.0,31.0,8.0,10.0,10.0,12.0,70.0,33.0,2.0,3.0,18.0,7.0,3.0,7.0,16.0,14.0,34.0,12.0,10.0,5.0,14.0,4.0,4.0,1.0,4.0,69.0
1833,201501,8,20.0,32.0,7.0,60.0,3.0,27.0,30.0,15.0,0.0,30.0,12.0,14.0,26.0,39.0,319.0,70.0,2.0,9.0,121.0,19.0,5.0,20.0,26.0,40.0,36.0,41.0,16.0,15.0,14.0,2.0,4.0,1.0,7.0,16.0
1834,201501,9,19.0,21.0,7.0,32.0,3.0,26.0,23.0,6.0,4.0,22.0,7.0,9.0,8.0,14.0,125.0,46.0,5.0,2.0,37.0,14.0,2.0,22.0,17.0,12.0,23.0,14.0,11.0,4.0,11.0,2.0,1.0,1.0,4.0,73.0
1835,201501,10,3.0,5.0,0.0,21.0,0.0,9.0,9.0,6.0,1.0,6.0,2.0,3.0,4.0,8.0,48.0,8.0,3.0,26.0,9.0,7.0,2.0,10.0,4.0,6.0,8.0,8.0,5.0,2.0,5.0,4.0,0.0,0.0,1.0,1.0
1836,201501,11,14.0,35.0,3.0,25.0,2.0,12.0,7.0,10.0,2.0,12.0,18.0,16.0,12.0,24.0,119.0,19.0,8.0,2.0,17.0,9.0,3.0,17.0,10.0,16.0,21.0,16.0,4.0,2.0,8.0,5.0,2.0,0.0,1.0,6.0
1837,201501,12,62.0,28.0,2.0,10.0,13.0,34.0,11.0,51.0,2.0,57.0,17.0,37.0,31.0,32.0,37.0,35.0,7.0,4.0,16.0,27.0,2.0,38.0,9.0,9.0,57.0,13.0,23.0,4.0,36.0,2.0,2.0,0.0,6.0,63.0
1838,201501,13,12.0,12.0,11.0,3.0,14.0,10.0,3.0,9.0,0.0,18.0,4.0,13.0,8.0,10.0,23.0,15.0,4.0,3.0,9.0,18.0,9.0,19.0,5.0,4.0,9.0,4.0,26.0,4.0,13.0,4.0,2.0,6.0,1.0,9.0
1839,201501,14,10.0,5.0,6.0,5.0,4.0,16.0,2.0,12.0,0.0,62.0,10.0,20.0,10.0,4.0,12.0,13.0,5.0,2.0,3.0,8.0,2.0,17.0,3.0,10.0,10.0,7.0,7.0,10.0,29.0,2.0,3.0,9.0,2.0,15.0
1840,201501,15,6.0,6.0,5.0,7.0,0.0,24.0,4.0,6.0,0.0,14.0,1.0,10.0,4.0,2.0,13.0,8.0,0.0,4.0,1.0,12.0,1.0,17.0,6.0,10.0,12.0,2.0,5.0,1.0,11.0,2.0,1.0,0.0,3.0,9.0
1841,201501,16,6.0,1.0,5.0,4.0,2.0,10.0,5.0,2.0,0.0,14.0,2.0,39.0,4.0,7.0,7.0,5.0,0.0,1.0,1.0,11.0,2.0,16.0,6.0,4.0,8.0,0.0,5.0,2.0,14.0,2.0,0.0,2.0,1.0,8.0
1842,201501,17,2.0,0.0,0.0,2.0,1.0,3.0,7.0,3.0,0.0,1.0,1.0,10.0,0.0,2.0,1.0,4.0,1.0,1.0,0.0,7.0,2.0,5.0,4.0,7.0,3.0,2.0,5.0,0.0,1.0,0.0,1.0,2.0,1.0,0.0
1843,201501,18,26.0,2.0,2.0,3.0,2.0,21.0,9.0,43.0,0.0,22.0,1.0,6.0,2.0,2.0,5.0,14.0,5.0,1.0,0.0,5.0,0.0,29.0,1.0,13.0,8.0,1.0,9.0,3.0,8.0,0.0,5.0,4.0,1.0,13.0
1844,201501,19,8.0,4.0,1.0,6.0,1.0,14.0,1.0,4.0,3.0,5.0,1.0,0.0,2.0,3.0,8.0,13.0,1.0,2.0,3.0,8.0,0.0,13.0,6.0,1.0,6.0,4.0,2.0,1.0,6.0,0.0,1.0,1.0,3.0,1.0
1845,201501,20,1.0,7.0,2.0,7.0,0.0,5.0,4.0,5.0,3.0,5.0,6.0,11.0,3.0,8.0,8.0,6.0,0.0,2.0,7.0,18.0,0.0,16.0,5.0,6.0,7.0,2.0,3.0,0.0,2.0,2.0,1.0,0.0,0.0,6.0
1846,201501,21,8.0,12.0,4.0,8.0,1.0,16.0,6.0,25.0,6.0,6.0,9.0,2.0,2.0,4.0,14.0,13.0,0.0,2.0,6.0,8.0,1.0,9.0,7.0,5.0,13.0,4.0,2.0,8.0,14.0,1.0,0.0,4.0,1.0,9.0
1847,201501,22,8.0,22.0,15.0,4.0,2.0,14.0,1.0,10.0,2.0,13.0,6.0,1.0,2.0,5.0,5.0,12.0,2.0,0.0,6.0,4.0,1.0,5.0,0.0,4.0,5.0,2.0,2.0,2.0,4.0,0.0,2.0,1.0,2.0,6.0
1848,201501,23,4.0,9.0,3.0,5.0,2.0,10.0,7.0,14.0,1.0,21.0,6.0,18.0,10.0,5.0,13.0,12.0,1.0,1.0,5.0,4.0,0.0,13.0,5.0,7.0,14.0,6.0,5.0,4.0,16.0,2.0,2.0,2.0,0.0,9.0
1849,201501,24,41.0,2.0,1.0,1.0,5.0,59.0,3.0,18.0,2.0,14.0,6.0,6.0,7.0,2.0,4.0,9.0,3.0,0.0,4.0,2.0,1.0,10.0,3.0,5.0,6.0,3.0,12.0,9.0,6.0,0.0,13.0,2.0,9.0,21.0
1850,201501,25,5.0,6.0,1.0,13.0,3.0,7.0,15.0,8.0,1.0,9.0,6.0,5.0,5.0,2.0,62.0,12.0,2.0,1.0,10.0,5.0,1.0,10.0,1.0,14.0,11.0,7.0,2.0,1.0,3.0,0.0,1.0,1.0,1.0,3.0
1851,201501,26,188.0,45.0,24.0,30.0,24.0,183.0,33.0,207.0,5.0,129.0,45.0,55.0,63.0,36.0,129.0,136.0,46.0,9.0,27.0,73.0,29.0,59.0,11.0,32.0,91.0,29.0,82.0,49.0,55.0,11.0,70.0,3.0,96.0,288.0
1852,201501,27,442.0,67.0,17.0,31.0,38.0,670.0,25.0,439.0,7.0,175.0,75.0,88.0,88.0,33.0,157.0,192.0,76.0,14.0,37.0,67.0,16.0,52.0,6.0,58.0,119.0,34.0,112.0,62.0,83.0,11.0,99.0,7.0,266.0,460.0
1853,201501,28,125.0,4.0,6.0,4.0,6.0,313.0,8.0,43.0,1.0,33.0,11.0,4.0,7.0,5.0,18.0,22.0,11.0,2.0,2.0,12.0,0.0,11.0,3.0,7.0,20.0,9.0,15.0,11.0,18.0,2.0,17.0,2.0,69.0,105.0
1854,201501,29,12.0,4.0,1.0,3.0,0.0,9.0,3.0,4.0,4.0,7.0,4.0,5.0,1.0,2.0,11.0,11.0,4.0,2.0,6.0,8.0,1.0,14.0,5.0,5.0,12.0,2.0,5.0,0.0,3.0,3.0,1.0,1.0,2.0,7.0
1855,201501,30,10.0,8.0,22.0,4.0,0.0,11.0,18.0,6.0,4.0,6.0,4.0,5.0,0.0,2.0,3.0,7.0,1.0,1.0,1.0,12.0,0.0,14.0,1.0,8.0,6.0,2.0,2.0,0.0,4.0,3.0,0.0,1.0,3.0,16.0
1856,201501,31,8.0,9.0,3.0,5.0,2.0,10.0,12.0,5.0,2.0,11.0,5.0,5.0,2.0,31.0,7.0,6.0,3.0,0.0,2.0,8.0,2.0,8.0,0.0,4.0,3.0,4.0,5.0,3.0,6.0,1.0,3.0,0.0,1.0,2.0
1857,201502,1,43.0,77.0,67.0,109.0,19.0,48.0,16.0,52.0,2.0,57.0,46.0,45.0,43.0,49.0,762.0,170.0,38.0,8.0,199.0,56.0,22.0,41.0,12.0,47.0,80.0,70.0,48.0,25.0,32.0,10.0,27.0,7.0,8.0,35.0
1858,201502,2,303.0,54.0,10.0,106.0,23.0,566.0,22.0,107.0,1.0,172.0,40.0,56.0,68.0,31.0,581.0,291.0,42.0,12.0,163.0,29.0,9.0,29.0,13.0,57.0,128.0,58.0,75.0,52.0,70.0,7.0,61.0,2.0,135.0,392.0
1859,201502,3,65.0,15.0,2.0,36.0,4.0,142.0,7.0,15.0,0.0,39.0,10.0,21.0,12.0,8.0,159.0,54.0,8.0,4.0,24.0,10.0,4.0,18.0,7.0,21.0,42.0,17.0,15.0,5.0,29.0,7.0,10.0,2.0,19.0,106.0
1860,201502,4,22.0,11.0,3.0,21.0,2.0,13.0,6.0,3.0,3.0,7.0,6.0,5.0,6.0,11.0,99.0,37.0,2.0,3.0,17.0,12.0,3.0,12.0,6.0,7.0,27.0,12.0,5.0,1.0,6.0,1.0,1.0,5.0,0.0,18.0
1861,201502,5,5.0,69.0,13.0,9.0,2.0,32.0,6.0,7.0,8.0,18.0,7.0,8.0,5.0,8.0,16.0,22.0,9.0,7.0,5.0,51.0,5.0,30.0,2.0,14.0,26.0,11.0,9.0,0.0,11.0,12.0,2.0,1.0,0.0,71.0
1862,201502,6,4.0,8.0,5.0,3.0,1.0,9.0,21.0,6.0,8.0,4.0,3.0,6.0,3.0,6.0,8.0,7.0,4.0,0.0,0.0,40.0,4.0,122.0,10.0,2.0,8.0,4.0,6.0,3.0,8.0,16.0,1.0,5.0,3.0,10.0
1863,201502,7,3.0,6.0,2.0,1.0,0.0,1.0,6.0,0.0,1.0,2.0,2.0,1.0,1.0,7.0,3.0,3.0,1.0,2.0,2.0,6.0,3.0,16.0,4.0,0.0,6.0,1.0,4.0,0.0,1.0,2.0,1.0,3.0,0.0,0.0
1864,201502,8,13.0,16.0,12.0,12.0,4.0,44.0,19.0,34.0,0.0,28.0,21.0,22.0,23.0,6.0,45.0,33.0,14.0,1.0,11.0,40.0,7.0,76.0,8.0,7.0,12.0,10.0,16.0,3.0,12.0,7.0,16.0,3.0,5.0,17.0
1865,201502,9,169.0,25.0,4.0,25.0,8.0,469.0,8.0,80.0,1.0,85.0,21.0,38.0,21.0,9.0,69.0,98.0,18.0,5.0,16.0,21.0,3.0,19.0,4.0,20.0,42.0,21.0,37.0,22.0,41.0,9.0,33.0,1.0,109.0,269.0
1866,201502,10,16.0,0.0,0.0,13.0,3.0,92.0,4.0,7.0,2.0,12.0,2.0,11.0,8.0,4.0,7.0,5.0,6.0,2.0,4.0,11.0,2.0,11.0,6.0,10.0,6.0,2.0,7.0,3.0,13.0,3.0,5.0,0.0,10.0,24.0
1867,201502,11,5.0,5.0,4.0,3.0,1.0,9.0,3.0,2.0,0.0,5.0,4.0,5.0,1.0,2.0,6.0,6.0,1.0,5.0,1.0,3.0,1.0,4.0,2.0,5.0,15.0,2.0,3.0,0.0,1.0,0.0,1.0,1.0,0.0,8.0
1868,201502,12,10.0,1.0,4.0,4.0,1.0,7.0,3.0,3.0,1.0,8.0,1.0,6.0,4.0,2.0,3.0,8.0,3.0,2.0,2.0,2.0,0.0,4.0,0.0,4.0,15.0,2.0,7.0,0.0,4.0,2.0,2.0,1.0,0.0,6.0
1869,201502,13,5.0,1.0,2.0,6.0,3.0,8.0,2.0,12.0,3.0,6.0,3.0,6.0,2.0,1.0,8.0,9.0,2.0,1.0,2.0,6.0,2.0,6.0,0.0,13.0,9.0,2.0,1.0,0.0,7.0,1.0,7.0,2.0,0.0,5.0
1870,201502,14,39.0,18.0,11.0,12.0,8.0,16.0,8.0,35.0,2.0,24.0,12.0,49.0,33.0,14.0,47.0,54.0,20.0,2.0,13.0,16.0,8.0,16.0,4.0,16.0,19.0,4.0,26.0,35.0,28.0,2.0,23.0,8.0,25.0,9.0
1871,201502,15,170.0,27.0,3.0,28.0,15.0,449.0,23.0,86.0,4.0,108.0,22.0,31.0,37.0,28.0,95.0,98.0,32.0,7.0,26.0,15.0,7.0,10.0,8.0,26.0,33.0,16.0,53.0,47.0,51.0,6.0,47.0,7.0,103.0,144.0
1872,201502,16,69.0,70.0,8.0,19.0,17.0,143.0,11.0,68.0,5.0,144.0,69.0,282.0,111.0,44.0,113.0,73.0,25.0,10.0,20.0,14.0,8.0,9.0,5.0,272.0,123.0,36.0,48.0,28.0,95.0,2.0,20.0,1.0,13.0,66.0
1873,201502,17,70.0,33.0,9.0,6.0,20.0,96.0,10.0,89.0,1.0,227.0,39.0,253.0,57.0,20.0,38.0,74.0,11.0,10.0,25.0,16.0,4.0,10.0,9.0,185.0,82.0,23.0,54.0,39.0,123.0,6.0,14.0,6.0,21.0,95.0
1874,201502,18,12.0,13.0,6.0,9.0,2.0,19.0,6.0,13.0,0.0,28.0,13.0,22.0,18.0,6.0,30.0,20.0,4.0,3.0,6.0,11.0,2.0,15.0,7.0,63.0,34.0,2.0,11.0,5.0,18.0,2.0,4.0,0.0,2.0,14.0
1875,201502,19,19.0,6.0,3.0,10.0,1.0,24.0,6.0,4.0,1.0,15.0,8.0,4.0,7.0,5.0,16.0,19.0,4.0,1.0,6.0,20.0,1.0,18.0,5.0,25.0,16.0,7.0,4.0,2.0,14.0,4.0,3.0,4.0,2.0,16.0
1876,201502,20,15.0,18.0,7.0,16.0,7.0,10.0,8.0,20.0,8.0,25.0,10.0,9.0,17.0,19.0,43.0,26.0,3.0,4.0,15.0,10.0,4.0,11.0,5.0,94.0,26.0,16.0,10.0,11.0,20.0,1.0,4.0,1.0,5.0,23.0
1877,201502,21,63.0,42.0,8.0,22.0,21.0,74.0,1.0,144.0,5.0,156.0,22.0,78.0,48.0,122.0,52.0,59.0,31.0,7.0,30.0,12.0,16.0,14.0,10.0,47.0,86.0,66.0,51.0,71.0,95.0,4.0,31.0,2.0,24.0,33.0
1878,201502,22,55.0,110.0,21.0,18.0,10.0,54.0,6.0,81.0,14.0,67.0,35.0,32.0,26.0,140.0,38.0,32.0,20.0,12.0,7.0,25.0,8.0,20.0,11.0,32.0,27.0,24.0,14.0,20.0,30.0,7.0,10.0,3.0,23.0,57.0
1879,201502,23,15.0,705.0,45.0,32.0,17.0,22.0,16.0,16.0,8.0,35.0,85.0,19.0,51.0,47.0,39.0,27.0,6.0,43.0,19.0,25.0,10.0,25.0,8.0,57.0,26.0,49.0,23.0,5.0,21.0,8.0,12.0,2.0,8.0,23.0
1880,201502,24,20.0,174.0,21.0,18.0,16.0,15.0,8.0,12.0,3.0,45.0,43.0,60.0,174.0,15.0,44.0,26.0,8.0,22.0,14.0,23.0,12.0,20.0,3.0,39.0,38.0,29.0,52.0,10.0,34.0,4.0,5.0,2.0,1.0,25.0
1881,201502,25,23.0,220.0,17.0,23.0,23.0,26.0,12.0,24.0,4.0,55.0,61.0,154.0,291.0,54.0,69.0,40.0,23.0,16.0,34.0,18.0,9.0,24.0,12.0,71.0,34.0,31.0,45.0,15.0,38.0,5.0,20.0,1.0,4.0,30.0
1882,201502,26,30.0,37.0,7.0,39.0,14.0,44.0,6.0,41.0,9.0,115.0,22.0,287.0,107.0,26.0,144.0,53.0,14.0,5.0,33.0,12.0,1.0,4.0,8.0,49.0,48.0,22.0,42.0,11.0,87.0,0.0,8.0,0.0,5.0,31.0
1883,201502,27,5.0,428.0,30.0,23.0,10.0,7.0,7.0,10.0,4.0,15.0,44.0,18.0,22.0,26.0,30.0,17.0,8.0,25.0,10.0,21.0,9.0,15.0,5.0,22.0,20.0,21.0,18.0,4.0,4.0,10.0,7.0,4.0,1.0,14.0
1884,201502,28,10.0,557.0,59.0,24.0,19.0,9.0,15.0,9.0,22.0,11.0,60.0,9.0,21.0,43.0,35.0,14.0,20.0,33.0,17.0,28.0,16.0,19.0,7.0,32.0,27.0,43.0,21.0,5.0,6.0,9.0,11.0,5.0,0.0,8.0
1885,201503,1,135.0,293.0,33.0,21.0,28.0,138.0,12.0,220.0,0.0,182.0,60.0,93.0,50.0,33.0,93.0,132.0,42.0,25.0,35.0,23.0,16.0,19.0,4.0,49.0,88.0,60.0,74.0,105.0,69.0,8.0,41.0,7.0,51.0,171.0
1886,201503,2,60.0,81.0,14.0,14.0,14.0,85.0,8.0,74.0,0.0,65.0,67.0,79.0,23.0,45.0,55.0,49.0,15.0,11.0,14.0,23.0,10.0,20.0,6.0,19.0,40.0,9.0,31.0,16.0,26.0,6.0,9.0,1.0,21.0,81.0
1887,201503,3,93.0,98.0,6.0,64.0,14.0,77.0,8.0,111.0,0.0,62.0,60.0,54.0,31.0,40.0,252.0,88.0,4.0,25.0,57.0,17.0,5.0,13.0,8.0,33.0,70.0,44.0,29.0,19.0,31.0,7.0,11.0,1.0,18.0,71.0
1888,201503,4,70.0,379.0,37.0,45.0,22.0,64.0,10.0,70.0,0.0,72.0,92.0,73.0,64.0,44.0,102.0,62.0,26.0,40.0,24.0,38.0,18.0,40.0,12.0,101.0,78.0,54.0,45.0,14.0,39.0,11.0,29.0,2.0,15.0,51.0
1889,201503,5,297.0,511.0,37.0,65.0,46.0,282.0,18.0,373.0,1.0,395.0,132.0,158.0,124.0,39.0,173.0,192.0,64.0,47.0,48.0,44.0,9.0,41.0,16.0,237.0,266.0,82.0,127.0,165.0,193.0,6.0,74.0,3.0,133.0,421.0
1890,201503,6,63.0,48.0,12.0,22.0,7.0,42.0,7.0,32.0,8.0,59.0,25.0,24.0,17.0,6.0,56.0,57.0,15.0,7.0,9.0,19.0,6.0,17.0,3.0,88.0,41.0,18.0,29.0,4.0,25.0,4.0,11.0,5.0,20.0,94.0
1891,201503,7,9.0,19.0,3.0,10.0,3.0,7.0,2.0,4.0,2.0,5.0,4.0,7.0,12.0,7.0,8.0,4.0,11.0,4.0,2.0,7.0,0.0,5.0,2.0,18.0,11.0,7.0,6.0,1.0,5.0,2.0,3.0,4.0,2.0,5.0
1892,201503,8,0.0,30.0,2.0,6.0,3.0,4.0,9.0,11.0,3.0,7.0,24.0,6.0,10.0,2.0,9.0,10.0,4.0,3.0,3.0,9.0,2.0,11.0,1.0,6.0,8.0,6.0,4.0,0.0,8.0,1.0,1.0,4.0,4.0,8.0
1893,201503,9,7.0,29.0,2.0,2.0,2.0,11.0,10.0,7.0,5.0,7.0,26.0,8.0,6.0,9.0,6.0,11.0,7.0,12.0,0.0,21.0,3.0,17.0,2.0,32.0,9.0,2.0,5.0,4.0,11.0,1.0,5.0,3.0,7.0,7.0
1894,201503,10,9.0,29.0,7.0,7.0,4.0,5.0,10.0,10.0,4.0,10.0,14.0,8.0,8.0,9.0,40.0,15.0,6.0,5.0,14.0,15.0,4.0,16.0,3.0,16.0,8.0,9.0,8.0,5.0,16.0,2.0,2.0,3.0,2.0,7.0
1895,201503,11,27.0,14.0,5.0,8.0,4.0,12.0,4.0,7.0,0.0,14.0,8.0,18.0,5.0,3.0,19.0,36.0,1.0,1.0,34.0,8.0,1.0,7.0,0.0,9.0,32.0,10.0,3.0,3.0,16.0,4.0,3.0,2.0,0.0,10.0
1896,201503,12,8.0,10.0,3.0,5.0,9.0,9.0,6.0,7.0,2.0,13.0,4.0,8.0,6.0,4.0,5.0,10.0,3.0,1.0,1.0,7.0,1.0,13.0,1.0,12.0,7.0,5.0,4.0,1.0,3.0,3.0,1.0,2.0,4.0,10.0
1897,201503,13,7.0,8.0,3.0,2.0,4.0,1.0,4.0,9.0,0.0,2.0,5.0,11.0,9.0,2.0,5.0,7.0,2.0,2.0,3.0,1.0,1.0,4.0,2.0,7.0,6.0,3.0,4.0,1.0,5.0,2.0,0.0,2.0,0.0,4.0
1898,201503,14,9.0,1.0,1.0,3.0,1.0,10.0,3.0,11.0,0.0,31.0,3.0,29.0,3.0,3.0,1.0,6.0,0.0,0.0,2.0,9.0,1.0,5.0,1.0,3.0,5.0,0.0,3.0,1.0,16.0,2.0,3.0,2.0,2.0,4.0
1899,201503,15,11.0,3.0,3.0,2.0,3.0,38.0,26.0,14.0,0.0,21.0,4.0,9.0,3.0,4.0,7.0,20.0,2.0,1.0,1.0,4.0,1.0,3.0,0.0,10.0,14.0,2.0,11.0,2.0,12.0,0.0,8.0,5.0,44.0,20.0
1900,201503,16,5.0,6.0,1.0,9.0,4.0,12.0,9.0,6.0,3.0,7.0,7.0,5.0,0.0,3.0,13.0,9.0,0.0,1.0,0.0,5.0,0.0,7.0,3.0,2.0,7.0,2.0,0.0,0.0,6.0,0.0,2.0,3.0,6.0,4.0
1901,201503,17,6.0,6.0,3.0,8.0,1.0,9.0,12.0,7.0,1.0,10.0,3.0,7.0,2.0,1.0,12.0,12.0,3.0,1.0,0.0,10.0,4.0,12.0,3.0,7.0,9.0,4.0,9.0,4.0,9.0,0.0,3.0,1.0,42.0,15.0
1902,201503,18,1.0,5.0,3.0,5.0,4.0,18.0,16.0,5.0,0.0,15.0,6.0,7.0,3.0,1.0,14.0,21.0,3.0,0.0,1.0,10.0,3.0,19.0,2.0,12.0,20.0,4.0,4.0,2.0,8.0,4.0,3.0,1.0,41.0,46.0
1903,201503,19,4.0,7.0,6.0,9.0,1.0,4.0,8.0,5.0,1.0,3.0,2.0,7.0,1.0,4.0,16.0,11.0,4.0,3.0,3.0,3.0,2.0,8.0,3.0,3.0,4.0,0.0,4.0,2.0,4.0,3.0,2.0,3.0,2.0,8.0
1904,201503,20,187.0,19.0,5.0,12.0,8.0,102.0,5.0,129.0,0.0,63.0,21.0,31.0,20.0,6.0,49.0,63.0,10.0,6.0,9.0,7.0,4.0,10.0,1.0,20.0,49.0,20.0,42.0,34.0,33.0,1.0,15.0,0.0,50.0,133.0
1905,201503,21,16.0,18.0,1.0,5.0,3.0,12.0,0.0,2.0,1.0,7.0,7.0,8.0,3.0,2.0,4.0,14.0,3.0,3.0,3.0,2.0,0.0,0.0,1.0,3.0,3.0,1.0,6.0,2.0,0.0,0.0,1.0,0.0,2.0,10.0
1906,201503,22,4.0,5.0,2.0,3.0,1.0,2.0,6.0,7.0,0.0,10.0,3.0,4.0,3.0,0.0,12.0,6.0,1.0,4.0,0.0,14.0,0.0,4.0,1.0,8.0,10.0,2.0,4.0,0.0,4.0,5.0,2.0,1.0,0.0,6.0
1907,201503,23,19.0,18.0,14.0,46.0,3.0,23.0,10.0,8.0,0.0,18.0,12.0,9.0,16.0,16.0,314.0,50.0,5.0,5.0,107.0,13.0,4.0,13.0,5.0,25.0,48.0,38.0,18.0,8.0,15.0,3.0,8.0,7.0,2.0,24.0
1908,201503,24,8.0,6.0,5.0,8.0,3.0,15.0,11.0,5.0,3.0,9.0,5.0,13.0,7.0,4.0,13.0,10.0,2.0,7.0,4.0,12.0,5.0,14.0,7.0,9.0,12.0,13.0,7.0,22.0,5.0,2.0,4.0,5.0,0.0,8.0
1909,201503,25,3.0,5.0,4.0,3.0,1.0,7.0,16.0,2.0,0.0,3.0,5.0,6.0,2.0,9.0,8.0,6.0,6.0,0.0,3.0,4.0,5.0,10.0,2.0,12.0,11.0,9.0,6.0,0.0,8.0,3.0,2.0,4.0,1.0,2.0
1910,201503,26,40.0,3.0,3.0,10.0,3.0,38.0,20.0,74.0,0.0,46.0,5.0,11.0,5.0,4.0,13.0,37.0,3.0,2.0,6.0,6.0,1.0,11.0,3.0,9.0,25.0,3.0,11.0,9.0,11.0,0.0,4.0,1.0,15.0,37.0
1911,201503,27,9.0,5.0,5.0,4.0,1.0,6.0,19.0,10.0,0.0,6.0,2.0,12.0,1.0,9.0,11.0,8.0,2.0,0.0,2.0,4.0,2.0,7.0,2.0,8.0,9.0,9.0,4.0,1.0,6.0,0.0,2.0,1.0,1.0,17.0
1912,201503,28,0.0,3.0,1.0,6.0,2.0,3.0,7.0,1.0,1.0,4.0,3.0,3.0,1.0,5.0,1.0,3.0,3.0,0.0,0.0,4.0,0.0,0.0,0.0,3.0,3.0,2.0,4.0,0.0,3.0,10.0,3.0,4.0,1.0,1.0
1913,201503,29,1.0,1.0,3.0,5.0,1.0,3.0,4.0,4.0,0.0,6.0,3.0,1.0,0.0,3.0,8.0,2.0,2.0,1.0,1.0,7.0,1.0,3.0,1.0,9.0,2.0,2.0,0.0,0.0,1.0,1.0,0.0,2.0,0.0,4.0
1914,201503,30,1.0,8.0,6.0,2.0,0.0,4.0,3.0,2.0,1.0,6.0,6.0,0.0,3.0,7.0,7.0,9.0,1.0,0.0,0.0,6.0,4.0,5.0,2.0,3.0,5.0,1.0,1.0,1.0,2.0,2.0,0.0,3.0,0.0,4.0
1915,201503,31,5.0,8.0,5.0,4.0,1.0,6.0,6.0,10.0,1.0,11.0,4.0,4.0,2.0,2.0,18.0,7.0,1.0,2.0,0.0,15.0,8.0,14.0,6.0,4.0,6.0,4.0,5.0,4.0,3.0,5.0,1.0,1.0,1.0,6.0
1916,201504,1,6.0,9.0,4.0,17.0,4.0,9.0,11.0,4.0,0.0,6.0,2.0,3.0,3.0,7.0,12.0,5.0,5.0,0.0,4.0,10.0,1.0,8.0,5.0,13.0,8.0,3.0,5.0,2.0,6.0,3.0,2.0,1.0,2.0,10.0
1917,201504,2,7.0,7.0,1.0,13.0,1.0,16.0,14.0,8.0,0.0,12.0,7.0,5.0,4.0,41.0,37.0,5.0,10.0,0.0,4.0,12.0,3.0,5.0,6.0,5.0,20.0,11.0,4.0,0.0,16.0,1.0,2.0,1.0,4.0,12.0
1918,201504,3,10.0,5.0,3.0,5.0,3.0,18.0,7.0,40.0,6.0,13.0,7.0,7.0,5.0,1.0,22.0,19.0,2.0,1.0,6.0,7.0,2.0,6.0,3.0,9.0,57.0,8.0,8.0,5.0,13.0,4.0,3.0,1.0,7.0,13.0
1919,201504,4,30.0,5.0,3.0,3.0,3.0,23.0,5.0,6.0,2.0,17.0,2.0,9.0,5.0,3.0,13.0,16.0,5.0,3.0,1.0,0.0,1.0,3.0,1.0,5.0,18.0,4.0,4.0,3.0,3.0,0.0,2.0,0.0,23.0,5.0
1920,201504,5,8.0,5.0,3.0,3.0,2.0,11.0,5.0,9.0,2.0,6.0,6.0,5.0,1.0,1.0,16.0,17.0,2.0,2.0,3.0,5.0,0.0,11.0,4.0,5.0,7.0,2.0,2.0,0.0,10.0,3.0,3.0,2.0,0.0,6.0
1921,201504,6,13.0,11.0,3.0,7.0,0.0,8.0,11.0,5.0,0.0,15.0,8.0,8.0,5.0,3.0,19.0,8.0,4.0,7.0,2.0,5.0,2.0,7.0,2.0,6.0,13.0,7.0,0.0,2.0,13.0,1.0,1.0,0.0,1.0,10.0
1922,201504,7,9.0,4.0,3.0,3.0,0.0,3.0,4.0,3.0,3.0,10.0,6.0,6.0,3.0,2.0,27.0,13.0,2.0,0.0,6.0,12.0,3.0,12.0,4.0,5.0,7.0,5.0,5.0,0.0,9.0,3.0,2.0,0.0,1.0,11.0
1923,201504,8,4.0,8.0,2.0,8.0,1.0,7.0,3.0,7.0,3.0,11.0,4.0,14.0,4.0,9.0,43.0,17.0,4.0,1.0,14.0,6.0,2.0,6.0,1.0,5.0,21.0,10.0,4.0,3.0,14.0,0.0,2.0,1.0,8.0,14.0
1924,201504,9,27.0,29.0,6.0,67.0,2.0,31.0,11.0,11.0,3.0,24.0,10.0,22.0,20.0,17.0,488.0,69.0,6.0,11.0,65.0,9.0,4.0,5.0,9.0,32.0,53.0,36.0,11.0,3.0,27.0,1.0,5.0,3.0,0.0,29.0
1925,201504,10,32.0,15.0,4.0,15.0,4.0,33.0,9.0,51.0,0.0,19.0,12.0,19.0,49.0,13.0,36.0,32.0,4.0,4.0,8.0,8.0,3.0,18.0,3.0,19.0,29.0,8.0,9.0,5.0,21.0,1.0,2.0,2.0,8.0,32.0
1926,201504,11,4.0,0.0,7.0,1.0,2.0,10.0,5.0,0.0,1.0,6.0,5.0,4.0,13.0,10.0,10.0,8.0,6.0,1.0,2.0,9.0,0.0,6.0,3.0,8.0,8.0,4.0,9.0,1.0,3.0,2.0,5.0,6.0,5.0,5.0
1927,201504,12,3.0,9.0,3.0,7.0,3.0,4.0,0.0,1.0,3.0,3.0,9.0,3.0,2.0,7.0,9.0,6.0,2.0,1.0,0.0,0.0,2.0,5.0,0.0,4.0,4.0,2.0,1.0,0.0,1.0,1.0,0.0,5.0,1.0,5.0
1928,201504,13,6.0,81.0,10.0,4.0,3.0,6.0,5.0,2.0,0.0,10.0,10.0,5.0,4.0,4.0,21.0,6.0,1.0,7.0,4.0,12.0,1.0,3.0,0.0,6.0,6.0,16.0,5.0,0.0,4.0,2.0,2.0,2.0,4.0,14.0
1929,201504,14,10.0,15.0,5.0,5.0,2.0,5.0,1.0,4.0,1.0,9.0,5.0,7.0,2.0,7.0,6.0,1.0,3.0,1.0,1.0,11.0,1.0,10.0,18.0,4.0,12.0,1.0,5.0,0.0,5.0,3.0,5.0,1.0,1.0,4.0
1930,201504,15,11.0,5.0,1.0,4.0,0.0,7.0,3.0,2.0,4.0,2.0,8.0,6.0,1.0,14.0,12.0,5.0,2.0,0.0,2.0,6.0,1.0,6.0,10.0,2.0,4.0,4.0,4.0,0.0,7.0,1.0,3.0,3.0,0.0,7.0
1931,201504,16,2.0,24.0,7.0,6.0,2.0,4.0,2.0,1.0,0.0,5.0,115.0,6.0,6.0,32.0,7.0,4.0,2.0,1.0,3.0,7.0,2.0,5.0,2.0,11.0,8.0,5.0,3.0,0.0,4.0,0.0,1.0,0.0,0.0,6.0
1932,201504,17,3.0,44.0,17.0,14.0,6.0,6.0,6.0,8.0,0.0,4.0,54.0,8.0,1.0,78.0,29.0,11.0,0.0,13.0,3.0,9.0,4.0,9.0,9.0,16.0,18.0,17.0,9.0,0.0,3.0,6.0,1.0,2.0,1.0,7.0
1933,201504,18,4.0,18.0,9.0,1.0,0.0,4.0,1.0,2.0,0.0,2.0,5.0,5.0,1.0,7.0,6.0,3.0,1.0,3.0,1.0,7.0,0.0,2.0,5.0,5.0,5.0,2.0,4.0,2.0,7.0,3.0,0.0,2.0,0.0,5.0
1934,201504,19,8.0,11.0,3.0,4.0,0.0,4.0,2.0,4.0,0.0,9.0,33.0,18.0,2.0,5.0,10.0,5.0,2.0,1.0,3.0,2.0,0.0,12.0,4.0,9.0,6.0,2.0,10.0,1.0,8.0,2.0,0.0,4.0,0.0,15.0
1935,201504,20,112.0,12.0,10.0,14.0,9.0,73.0,12.0,27.0,8.0,57.0,22.0,59.0,14.0,13.0,48.0,56.0,10.0,4.0,13.0,11.0,3.0,19.0,4.0,22.0,35.0,21.0,32.0,26.0,52.0,2.0,19.0,1.0,61.0,189.0
1936,201504,21,13.0,21.0,9.0,0.0,4.0,22.0,11.0,4.0,6.0,11.0,9.0,7.0,2.0,3.0,11.0,19.0,2.0,1.0,5.0,26.0,6.0,35.0,2.0,7.0,13.0,7.0,13.0,5.0,7.0,6.0,2.0,6.0,2.0,51.0
1937,201504,22,29.0,5.0,3.0,5.0,0.0,8.0,1.0,9.0,0.0,10.0,4.0,9.0,0.0,4.0,8.0,16.0,0.0,4.0,1.0,11.0,2.0,13.0,0.0,3.0,12.0,2.0,4.0,2.0,4.0,7.0,3.0,2.0,1.0,13.0
1938,201504,23,0.0,2.0,2.0,1.0,1.0,1.0,0.0,3.0,3.0,1.0,2.0,3.0,0.0,2.0,2.0,9.0,3.0,1.0,2.0,4.0,2.0,6.0,2.0,2.0,3.0,0.0,3.0,0.0,2.0,1.0,1.0,3.0,0.0,6.0
1939,201504,24,3.0,118.0,5.0,4.0,4.0,3.0,6.0,0.0,0.0,7.0,18.0,1.0,4.0,2.0,12.0,6.0,0.0,12.0,2.0,5.0,3.0,10.0,0.0,9.0,8.0,11.0,1.0,0.0,0.0,1.0,0.0,1.0,0.0,7.0
1940,201504,25,3.0,11.0,4.0,1.0,3.0,2.0,4.0,3.0,3.0,4.0,13.0,9.0,3.0,4.0,5.0,5.0,3.0,3.0,2.0,4.0,0.0,7.0,1.0,7.0,6.0,5.0,6.0,0.0,6.0,3.0,1.0,1.0,2.0,9.0
1941,201504,26,7.0,47.0,0.0,5.0,0.0,4.0,2.0,0.0,0.0,7.0,5.0,10.0,2.0,4.0,9.0,3.0,1.0,3.0,0.0,2.0,0.0,3.0,1.0,2.0,3.0,5.0,3.0,0.0,2.0,0.0,0.0,1.0,0.0,13.0
1942,201504,27,4.0,33.0,8.0,2.0,3.0,4.0,5.0,1.0,0.0,9.0,54.0,8.0,6.0,4.0,15.0,12.0,6.0,7.0,5.0,9.0,5.0,12.0,4.0,6.0,7.0,7.0,4.0,0.0,7.0,4.0,0.0,2.0,1.0,12.0
1943,201504,28,11.0,5.0,3.0,5.0,3.0,2.0,2.0,7.0,3.0,4.0,5.0,1.0,2.0,1.0,8.0,8.0,4.0,0.0,1.0,9.0,1.0,10.0,2.0,4.0,9.0,2.0,6.0,6.0,6.0,5.0,3.0,2.0,1.0,15.0
1944,201504,29,6.0,1.0,2.0,2.0,2.0,7.0,4.0,2.0,0.0,4.0,3.0,3.0,1.0,1.0,6.0,4.0,2.0,0.0,1.0,7.0,0.0,9.0,0.0,2.0,9.0,2.0,3.0,2.0,6.0,1.0,4.0,3.0,1.0,9.0
1945,201504,30,9.0,3.0,2.0,2.0,2.0,4.0,3.0,4.0,0.0,16.0,1.0,3.0,4.0,2.0,12.0,10.0,0.0,2.0,3.0,10.0,1.0,9.0,0.0,5.0,13.0,2.0,8.0,0.0,12.0,4.0,3.0,5.0,1.0,14.0
1946,201505,1,12.0,4.0,2.0,4.0,0.0,13.0,5.0,5.0,0.0,10.0,8.0,1.0,0.0,2.0,18.0,9.0,1.0,3.0,2.0,6.0,1.0,7.0,2.0,7.0,10.0,3.0,2.0,3.0,5.0,2.0,2.0,5.0,2.0,16.0
1947,201505,2,4.0,6.0,2.0,4.0,1.0,3.0,3.0,3.0,2.0,9.0,3.0,4.0,2.0,4.0,5.0,6.0,4.0,2.0,0.0,7.0,4.0,4.0,0.0,0.0,9.0,3.0,6.0,1.0,0.0,0.0,2.0,0.0,1.0,10.0
1948,201505,3,5.0,2.0,3.0,9.0,0.0,5.0,9.0,7.0,0.0,7.0,3.0,3.0,0.0,8.0,24.0,15.0,2.0,0.0,1.0,7.0,2.0,4.0,3.0,3.0,5.0,1.0,2.0,0.0,4.0,0.0,0.0,3.0,1.0,10.0
1949,201505,4,6.0,9.0,4.0,3.0,1.0,8.0,5.0,12.0,1.0,7.0,9.0,6.0,6.0,4.0,26.0,15.0,1.0,1.0,2.0,12.0,3.0,16.0,1.0,9.0,12.0,8.0,7.0,3.0,3.0,3.0,1.0,4.0,1.0,14.0
1950,201505,5,9.0,7.0,4.0,7.0,0.0,8.0,4.0,3.0,0.0,7.0,9.0,3.0,4.0,10.0,18.0,5.0,0.0,1.0,4.0,10.0,3.0,15.0,2.0,9.0,24.0,6.0,5.0,0.0,4.0,6.0,1.0,4.0,1.0,13.0
1951,201505,6,9.0,27.0,8.0,12.0,2.0,10.0,3.0,1.0,0.0,5.0,17.0,3.0,4.0,9.0,16.0,13.0,3.0,6.0,65.0,10.0,4.0,13.0,2.0,10.0,17.0,7.0,4.0,2.0,8.0,4.0,4.0,2.0,3.0,10.0
1952,201505,7,5.0,28.0,8.0,6.0,1.0,2.0,2.0,1.0,4.0,2.0,5.0,6.0,3.0,3.0,18.0,11.0,3.0,3.0,3.0,5.0,1.0,9.0,0.0,4.0,13.0,3.0,3.0,1.0,2.0,1.0,1.0,0.0,1.0,9.0
1953,201505,8,8.0,10.0,4.0,16.0,4.0,13.0,2.0,15.0,0.0,23.0,2.0,6.0,1.0,10.0,98.0,19.0,0.0,2.0,8.0,7.0,1.0,6.0,4.0,14.0,18.0,10.0,4.0,2.0,5.0,3.0,2.0,2.0,2.0,21.0
1954,201505,9,5.0,74.0,13.0,6.0,1.0,3.0,4.0,2.0,0.0,2.0,13.0,6.0,2.0,23.0,16.0,5.0,6.0,11.0,2.0,4.0,7.0,7.0,4.0,11.0,11.0,9.0,5.0,1.0,2.0,1.0,2.0,2.0,2.0,4.0
1955,201505,10,11.0,441.0,23.0,24.0,7.0,6.0,7.0,11.0,1.0,13.0,47.0,11.0,8.0,40.0,46.0,15.0,8.0,38.0,8.0,21.0,7.0,17.0,9.0,26.0,21.0,35.0,12.0,4.0,11.0,9.0,5.0,0.0,2.0,22.0
1956,201505,11,12.0,52.0,1.0,18.0,3.0,19.0,2.0,7.0,0.0,12.0,97.0,10.0,6.0,7.0,15.0,11.0,3.0,10.0,8.0,5.0,1.0,7.0,4.0,14.0,19.0,10.0,5.0,3.0,11.0,5.0,2.0,0.0,3.0,24.0
1957,201505,12,11.0,12.0,6.0,4.0,5.0,5.0,2.0,7.0,1.0,10.0,13.0,2.0,3.0,4.0,16.0,9.0,3.0,4.0,0.0,10.0,4.0,9.0,4.0,5.0,9.0,4.0,4.0,1.0,7.0,2.0,3.0,3.0,15.0,14.0
1958,201505,13,8.0,11.0,3.0,3.0,2.0,3.0,5.0,4.0,3.0,6.0,2.0,5.0,3.0,8.0,9.0,6.0,3.0,3.0,1.0,9.0,2.0,10.0,2.0,4.0,9.0,2.0,2.0,2.0,9.0,3.0,1.0,1.0,4.0,8.0
1959,201505,14,3.0,1.0,3.0,6.0,0.0,4.0,4.0,2.0,2.0,8.0,3.0,1.0,2.0,4.0,2.0,6.0,2.0,1.0,1.0,8.0,1.0,13.0,1.0,3.0,8.0,4.0,2.0,0.0,7.0,1.0,2.0,0.0,0.0,14.0
1960,201505,15,1.0,2.0,5.0,3.0,1.0,2.0,4.0,0.0,4.0,3.0,12.0,2.0,1.0,3.0,14.0,9.0,1.0,3.0,0.0,6.0,0.0,8.0,2.0,2.0,6.0,2.0,2.0,1.0,2.0,2.0,0.0,0.0,2.0,11.0
1961,201505,16,3.0,1.0,0.0,3.0,0.0,4.0,1.0,1.0,3.0,2.0,1.0,1.0,1.0,4.0,3.0,3.0,2.0,1.0,0.0,2.0,2.0,1.0,4.0,5.0,3.0,3.0,0.0,0.0,5.0,0.0,1.0,0.0,0.0,5.0
1962,201505,17,2.0,17.0,2.0,5.0,3.0,6.0,0.0,4.0,0.0,6.0,44.0,1.0,1.0,2.0,15.0,7.0,0.0,6.0,0.0,0.0,1.0,1.0,0.0,8.0,5.0,3.0,4.0,0.0,2.0,2.0,0.0,0.0,0.0,12.0
1963,201505,18,11.0,13.0,4.0,9.0,1.0,28.0,1.0,40.0,0.0,24.0,7.0,18.0,13.0,4.0,18.0,32.0,1.0,1.0,12.0,1.0,1.0,5.0,0.0,11.0,21.0,11.0,11.0,23.0,15.0,0.0,4.0,1.0,15.0,93.0
1964,201505,19,6.0,16.0,1.0,6.0,4.0,19.0,5.0,22.0,3.0,8.0,14.0,14.0,1.0,5.0,17.0,18.0,0.0,3.0,2.0,9.0,2.0,11.0,3.0,9.0,12.0,5.0,12.0,12.0,5.0,4.0,4.0,0.0,1.0,31.0
1965,201505,20,3.0,6.0,3.0,5.0,3.0,4.0,0.0,0.0,3.0,4.0,7.0,7.0,0.0,8.0,8.0,2.0,1.0,2.0,1.0,13.0,1.0,12.0,3.0,6.0,4.0,2.0,5.0,0.0,4.0,4.0,1.0,0.0,2.0,9.0
1966,201505,21,2.0,13.0,0.0,5.0,2.0,4.0,4.0,5.0,4.0,6.0,27.0,4.0,2.0,2.0,16.0,3.0,4.0,1.0,1.0,12.0,3.0,17.0,3.0,5.0,8.0,1.0,2.0,3.0,6.0,3.0,2.0,7.0,0.0,7.0
1967,201505,22,6.0,8.0,1.0,1.0,1.0,10.0,3.0,3.0,0.0,8.0,2.0,12.0,0.0,3.0,10.0,1.0,2.0,0.0,3.0,4.0,0.0,8.0,1.0,2.0,2.0,2.0,9.0,3.0,3.0,2.0,0.0,0.0,0.0,5.0
1968,201505,23,1.0,41.0,5.0,1.0,1.0,3.0,0.0,1.0,0.0,1.0,8.0,2.0,0.0,10.0,5.0,5.0,0.0,4.0,1.0,6.0,1.0,1.0,0.0,4.0,4.0,4.0,3.0,0.0,1.0,1.0,2.0,3.0,0.0,2.0
1969,201505,24,0.0,7.0,0.0,1.0,0.0,1.0,2.0,1.0,0.0,7.0,4.0,5.0,2.0,2.0,6.0,7.0,0.0,1.0,0.0,4.0,0.0,2.0,0.0,5.0,6.0,2.0,4.0,1.0,1.0,0.0,0.0,6.0,0.0,5.0
1970,201505,25,0.0,145.0,8.0,4.0,4.0,3.0,1.0,0.0,0.0,5.0,113.0,16.0,11.0,10.0,11.0,13.0,3.0,19.0,3.0,4.0,2.0,8.0,3.0,12.0,6.0,17.0,8.0,1.0,3.0,1.0,0.0,3.0,0.0,5.0
1971,201505,26,9.0,104.0,16.0,6.0,14.0,8.0,6.0,6.0,2.0,13.0,60.0,11.0,97.0,15.0,23.0,22.0,6.0,15.0,11.0,13.0,8.0,18.0,6.0,20.0,18.0,8.0,13.0,2.0,10.0,8.0,3.0,1.0,0.0,14.0
1972,201505,27,60.0,42.0,7.0,12.0,9.0,49.0,9.0,67.0,1.0,37.0,87.0,16.0,19.0,26.0,39.0,45.0,0.0,10.0,10.0,15.0,7.0,20.0,2.0,24.0,49.0,23.0,21.0,20.0,36.0,5.0,8.0,0.0,32.0,75.0
1973,201505,28,7.0,51.0,11.0,4.0,1.0,14.0,4.0,9.0,0.0,12.0,6.0,10.0,6.0,9.0,10.0,12.0,2.0,1.0,0.0,7.0,6.0,19.0,2.0,16.0,9.0,7.0,3.0,6.0,7.0,3.0,2.0,1.0,5.0,26.0
1974,201505,29,3.0,49.0,7.0,3.0,4.0,11.0,10.0,6.0,4.0,23.0,16.0,11.0,5.0,4.0,22.0,7.0,2.0,11.0,3.0,6.0,1.0,8.0,1.0,7.0,6.0,11.0,10.0,2.0,6.0,2.0,3.0,0.0,0.0,7.0
1975,201505,30,3.0,5.0,3.0,5.0,2.0,7.0,1.0,1.0,1.0,4.0,61.0,6.0,3.0,1.0,47.0,6.0,0.0,6.0,3.0,3.0,3.0,3.0,0.0,5.0,10.0,5.0,5.0,0.0,8.0,2.0,1.0,1.0,0.0,6.0
1976,201505,31,110.0,9.0,3.0,14.0,4.0,52.0,4.0,43.0,0.0,35.0,26.0,18.0,8.0,11.0,32.0,46.0,9.0,2.0,6.0,3.0,1.0,4.0,0.0,13.0,26.0,16.0,22.0,7.0,19.0,1.0,7.0,0.0,25.0,118.0
1977,201506,1,56.0,7.0,4.0,9.0,10.0,72.0,7.0,49.0,0.0,94.0,21.0,26.0,20.0,10.0,45.0,60.0,4.0,7.0,15.0,15.0,5.0,14.0,1.0,19.0,47.0,16.0,27.0,73.0,36.0,2.0,15.0,2.0,35.0,141.0
1978,201506,2,24.0,14.0,7.0,5.0,3.0,29.0,7.0,23.0,2.0,22.0,8.0,11.0,3.0,6.0,14.0,26.0,1.0,2.0,5.0,12.0,7.0,18.0,2.0,9.0,27.0,11.0,7.0,6.0,13.0,6.0,5.0,2.0,4.0,41.0
1979,201506,3,7.0,4.0,9.0,2.0,3.0,7.0,3.0,5.0,1.0,6.0,6.0,5.0,2.0,23.0,5.0,5.0,2.0,1.0,2.0,9.0,4.0,14.0,4.0,5.0,5.0,3.0,12.0,1.0,1.0,4.0,2.0,0.0,1.0,4.0
1980,201506,4,5.0,9.0,6.0,4.0,5.0,14.0,1.0,9.0,2.0,11.0,6.0,5.0,0.0,10.0,11.0,2.0,2.0,3.0,0.0,10.0,0.0,9.0,3.0,10.0,1.0,1.0,7.0,0.0,2.0,2.0,1.0,1.0,1.0,5.0
1981,201506,5,10.0,8.0,2.0,11.0,1.0,14.0,3.0,4.0,0.0,4.0,9.0,4.0,0.0,18.0,7.0,11.0,2.0,2.0,1.0,8.0,5.0,12.0,4.0,8.0,1.0,3.0,5.0,1.0,5.0,4.0,2.0,2.0,1.0,6.0
1982,201506,6,3.0,3.0,2.0,1.0,2.0,7.0,1.0,3.0,2.0,4.0,3.0,4.0,2.0,3.0,4.0,4.0,0.0,0.0,0.0,6.0,0.0,9.0,2.0,2.0,4.0,1.0,1.0,1.0,1.0,1.0,0.0,1.0,0.0,1.0
1983,201506,7,8.0,3.0,1.0,13.0,2.0,8.0,10.0,6.0,0.0,4.0,9.0,7.0,7.0,15.0,100.0,18.0,0.0,2.0,15.0,6.0,0.0,6.0,5.0,6.0,12.0,5.0,3.0,2.0,4.0,1.0,1.0,2.0,0.0,6.0
1984,201506,8,52.0,16.0,5.0,33.0,3.0,42.0,4.0,65.0,0.0,52.0,9.0,12.0,9.0,8.0,149.0,51.0,2.0,2.0,42.0,13.0,5.0,20.0,5.0,25.0,44.0,20.0,19.0,42.0,18.0,6.0,2.0,3.0,7.0,32.0
1985,201506,9,36.0,17.0,14.0,10.0,8.0,16.0,10.0,7.0,1.0,25.0,16.0,22.0,64.0,14.0,25.0,22.0,5.0,4.0,6.0,23.0,2.0,29.0,1.0,13.0,23.0,7.0,20.0,7.0,17.0,5.0,7.0,3.0,1.0,20.0
1986,201506,10,8.0,16.0,4.0,11.0,4.0,7.0,2.0,5.0,1.0,13.0,9.0,4.0,10.0,7.0,21.0,12.0,5.0,6.0,16.0,14.0,3.0,12.0,2.0,14.0,10.0,13.0,10.0,2.0,6.0,2.0,0.0,4.0,1.0,5.0
1987,201506,11,14.0,14.0,9.0,19.0,1.0,13.0,6.0,9.0,0.0,10.0,13.0,6.0,7.0,37.0,24.0,12.0,1.0,2.0,35.0,20.0,5.0,18.0,7.0,8.0,15.0,12.0,11.0,3.0,14.0,5.0,2.0,1.0,1.0,13.0
1988,201506,12,16.0,6.0,6.0,20.0,2.0,13.0,7.0,15.0,1.0,16.0,8.0,8.0,9.0,10.0,86.0,32.0,2.0,1.0,13.0,15.0,8.0,13.0,6.0,17.0,19.0,10.0,6.0,4.0,11.0,5.0,0.0,6.0,5.0,19.0
1989,201506,13,4.0,5.0,7.0,6.0,1.0,12.0,4.0,4.0,1.0,3.0,8.0,9.0,3.0,7.0,31.0,5.0,3.0,2.0,5.0,12.0,2.0,17.0,4.0,7.0,3.0,5.0,7.0,0.0,5.0,1.0,1.0,4.0,2.0,6.0
1990,201506,14,18.0,8.0,4.0,15.0,2.0,11.0,5.0,37.0,5.0,18.0,12.0,10.0,4.0,6.0,35.0,30.0,7.0,2.0,4.0,11.0,3.0,8.0,2.0,9.0,15.0,5.0,6.0,4.0,13.0,0.0,3.0,0.0,4.0,29.0
1991,201506,15,68.0,34.0,9.0,66.0,4.0,66.0,12.0,16.0,3.0,51.0,23.0,30.0,33.0,20.0,511.0,81.0,4.0,6.0,72.0,17.0,10.0,28.0,6.0,37.0,70.0,48.0,26.0,2.0,27.0,6.0,12.0,1.0,5.0,116.0
1992,201506,16,69.0,62.0,15.0,34.0,12.0,44.0,16.0,8.0,0.0,25.0,154.0,31.0,22.0,24.0,103.0,47.0,4.0,13.0,17.0,43.0,16.0,30.0,6.0,36.0,51.0,33.0,17.0,12.0,18.0,7.0,11.0,0.0,3.0,62.0
1993,201506,17,14.0,192.0,18.0,12.0,8.0,12.0,5.0,12.0,7.0,12.0,137.0,12.0,12.0,33.0,46.0,22.0,6.0,27.0,3.0,34.0,14.0,26.0,5.0,25.0,13.0,24.0,12.0,11.0,12.0,6.0,10.0,3.0,1.0,14.0
1994,201506,18,20.0,19.0,10.0,13.0,6.0,22.0,9.0,49.0,3.0,21.0,27.0,17.0,20.0,13.0,57.0,18.0,6.0,7.0,5.0,22.0,3.0,23.0,4.0,19.0,32.0,14.0,13.0,10.0,28.0,1.0,6.0,1.0,2.0,19.0
1995,201506,19,19.0,4.0,6.0,9.0,4.0,10.0,8.0,6.0,2.0,10.0,8.0,21.0,4.0,10.0,17.0,15.0,2.0,2.0,2.0,23.0,6.0,28.0,4.0,5.0,22.0,6.0,9.0,2.0,8.0,5.0,2.0,0.0,3.0,4.0
1996,201506,20,2.0,8.0,1.0,6.0,6.0,23.0,5.0,13.0,0.0,30.0,17.0,21.0,7.0,6.0,31.0,16.0,4.0,5.0,9.0,6.0,4.0,5.0,1.0,6.0,24.0,3.0,17.0,56.0,21.0,3.0,7.0,2.0,38.0,2.0
1997,201506,21,7.0,21.0,4.0,16.0,1.0,15.0,7.0,17.0,0.0,12.0,16.0,6.0,13.0,5.0,40.0,21.0,4.0,2.0,10.0,11.0,8.0,24.0,1.0,20.0,9.0,10.0,6.0,11.0,7.0,2.0,1.0,3.0,4.0,16.0
1998,201506,22,22.0,13.0,9.0,67.0,5.0,28.0,8.0,9.0,8.0,14.0,14.0,11.0,18.0,10.0,273.0,33.0,3.0,6.0,61.0,15.0,6.0,20.0,4.0,25.0,33.0,28.0,16.0,2.0,12.0,5.0,5.0,3.0,1.0,13.0
1999,201506,23,92.0,17.0,11.0,9.0,7.0,68.0,6.0,71.0,3.0,55.0,19.0,31.0,18.0,12.0,40.0,58.0,2.0,2.0,9.0,20.0,5.0,19.0,2.0,21.0,37.0,19.0,25.0,34.0,41.0,4.0,6.0,2.0,24.0,109.0
2000,201506,24,12.0,13.0,4.0,5.0,8.0,12.0,6.0,12.0,0.0,19.0,17.0,16.0,94.0,15.0,24.0,16.0,5.0,3.0,4.0,16.0,3.0,22.0,3.0,11.0,11.0,4.0,18.0,2.0,9.0,2.0,4.0,0.0,4.0,12.0
2001,201506,25,14.0,10.0,5.0,11.0,4.0,16.0,4.0,4.0,2.0,12.0,6.0,12.0,7.0,12.0,24.0,20.0,2.0,7.0,2.0,14.0,4.0,14.0,5.0,4.0,13.0,21.0,22.0,19.0,10.0,1.0,2.0,1.0,3.0,8.0
2002,201506,26,4.0,56.0,7.0,5.0,1.0,9.0,11.0,2.0,3.0,9.0,10.0,10.0,1.0,9.0,16.0,15.0,2.0,3.0,2.0,14.0,6.0,9.0,1.0,12.0,8.0,6.0,3.0,4.0,2.0,1.0,2.0,2.0,2.0,10.0
2003,201506,27,4.0,16.0,12.0,4.0,3.0,14.0,4.0,19.0,1.0,16.0,15.0,23.0,4.0,3.0,8.0,6.0,5.0,3.0,3.0,15.0,1.0,16.0,2.0,13.0,6.0,6.0,12.0,13.0,4.0,1.0,5.0,0.0,9.0,4.0
2004,201506,28,5.0,4.0,4.0,0.0,1.0,23.0,5.0,11.0,0.0,10.0,9.0,5.0,4.0,10.0,11.0,8.0,3.0,1.0,1.0,4.0,0.0,7.0,2.0,5.0,1.0,1.0,7.0,2.0,2.0,1.0,0.0,1.0,5.0,3.0
2005,201506,29,6.0,5.0,5.0,3.0,1.0,6.0,5.0,0.0,5.0,3.0,12.0,2.0,2.0,4.0,11.0,6.0,3.0,2.0,0.0,16.0,1.0,12.0,4.0,2.0,1.0,3.0,3.0,2.0,4.0,3.0,5.0,0.0,0.0,3.0
2006,201506,30,34.0,18.0,5.0,4.0,4.0,22.0,2.0,43.0,0.0,21.0,53.0,9.0,4.0,6.0,21.0,20.0,2.0,6.0,2.0,18.0,3.0,22.0,0.0,9.0,17.0,13.0,7.0,2.0,16.0,7.0,3.0,2.0,2.0,9.0
2007,201507,1,6.0,23.0,10.0,7.0,5.0,8.0,24.0,4.0,0.0,9.0,58.0,7.0,11.0,13.0,15.0,7.0,1.0,5.0,3.0,19.0,5.0,18.0,4.0,14.0,11.0,8.0,5.0,0.0,7.0,5.0,3.0,2.0,1.0,5.0
2008,201507,2,11.0,10.0,3.0,6.0,0.0,9.0,7.0,8.0,4.0,6.0,8.0,8.0,1.0,17.0,26.0,10.0,2.0,1.0,2.0,19.0,2.0,21.0,1.0,8.0,8.0,3.0,11.0,1.0,5.0,6.0,1.0,0.0,2.0,6.0
2009,201507,3,1.0,3.0,1.0,5.0,1.0,6.0,10.0,4.0,0.0,3.0,1.0,5.0,3.0,10.0,4.0,2.0,3.0,3.0,2.0,11.0,1.0,13.0,6.0,6.0,7.0,4.0,2.0,0.0,4.0,3.0,0.0,4.0,0.0,5.0
2010,201507,4,0.0,2.0,1.0,3.0,0.0,1.0,5.0,3.0,1.0,1.0,4.0,0.0,1.0,2.0,5.0,4.0,2.0,3.0,0.0,3.0,3.0,6.0,0.0,0.0,7.0,3.0,1.0,2.0,3.0,1.0,1.0,4.0,1.0,0.0
2011,201507,5,6.0,3.0,4.0,8.0,1.0,8.0,8.0,4.0,4.0,5.0,3.0,10.0,0.0,9.0,12.0,2.0,0.0,2.0,0.0,11.0,0.0,10.0,5.0,8.0,7.0,2.0,5.0,2.0,6.0,2.0,2.0,0.0,1.0,5.0
2012,201507,6,14.0,4.0,3.0,21.0,1.0,16.0,0.0,10.0,3.0,17.0,7.0,14.0,1.0,15.0,131.0,20.0,3.0,2.0,7.0,15.0,2.0,16.0,4.0,12.0,24.0,11.0,4.0,4.0,3.0,4.0,1.0,5.0,0.0,12.0
2013,201507,7,35.0,9.0,5.0,7.0,3.0,22.0,3.0,5.0,1.0,14.0,8.0,12.0,7.0,16.0,34.0,14.0,0.0,8.0,6.0,23.0,4.0,22.0,3.0,13.0,19.0,11.0,6.0,1.0,17.0,8.0,1.0,2.0,14.0,24.0
2014,201507,8,27.0,27.0,3.0,8.0,3.0,20.0,13.0,4.0,1.0,30.0,14.0,36.0,8.0,15.0,29.0,14.0,1.0,2.0,5.0,20.0,3.0,26.0,3.0,12.0,24.0,13.0,12.0,4.0,18.0,6.0,3.0,1.0,5.0,26.0
2015,201507,9,52.0,5.0,8.0,8.0,1.0,20.0,4.0,33.0,2.0,27.0,4.0,31.0,3.0,26.0,19.0,29.0,1.0,2.0,7.0,31.0,4.0,34.0,8.0,8.0,15.0,6.0,16.0,4.0,18.0,6.0,3.0,3.0,14.0,42.0
2016,201507,10,5.0,4.0,1.0,10.0,1.0,13.0,5.0,8.0,0.0,6.0,5.0,5.0,4.0,7.0,10.0,12.0,0.0,4.0,1.0,22.0,4.0,22.0,1.0,7.0,5.0,4.0,2.0,1.0,0.0,1.0,1.0,1.0,0.0,15.0
2017,201507,11,2.0,0.0,6.0,3.0,0.0,4.0,1.0,2.0,0.0,5.0,7.0,9.0,1.0,7.0,4.0,6.0,0.0,2.0,1.0,7.0,1.0,8.0,0.0,11.0,4.0,3.0,3.0,1.0,6.0,2.0,3.0,1.0,2.0,4.0
2018,201507,12,6.0,8.0,2.0,4.0,0.0,3.0,1.0,3.0,0.0,5.0,4.0,12.0,0.0,2.0,13.0,8.0,1.0,0.0,3.0,7.0,3.0,5.0,3.0,5.0,2.0,2.0,4.0,0.0,6.0,0.0,0.0,1.0,1.0,4.0
2019,201507,13,17.0,13.0,5.0,29.0,2.0,17.0,3.0,5.0,1.0,12.0,10.0,30.0,10.0,12.0,161.0,31.0,2.0,0.0,47.0,17.0,5.0,17.0,6.0,14.0,46.0,12.0,11.0,6.0,14.0,2.0,2.0,2.0,5.0,12.0
2020,201507,14,59.0,13.0,2.0,12.0,3.0,40.0,2.0,23.0,0.0,49.0,8.0,29.0,14.0,26.0,24.0,47.0,1.0,3.0,20.0,16.0,0.0,17.0,2.0,27.0,45.0,12.0,19.0,28.0,30.0,3.0,4.0,0.0,24.0,66.0
2021,201507,15,56.0,17.0,10.0,12.0,2.0,21.0,1.0,4.0,0.0,18.0,13.0,12.0,8.0,13.0,27.0,35.0,7.0,5.0,1.0,13.0,1.0,20.0,2.0,29.0,21.0,10.0,16.0,2.0,11.0,3.0,2.0,1.0,11.0,53.0
2022,201507,16,12.0,8.0,6.0,3.0,1.0,5.0,9.0,5.0,1.0,5.0,8.0,6.0,6.0,12.0,21.0,7.0,3.0,4.0,9.0,11.0,3.0,11.0,5.0,12.0,14.0,7.0,2.0,2.0,4.0,1.0,4.0,0.0,2.0,4.0
2023,201507,17,3.0,3.0,2.0,10.0,3.0,4.0,6.0,1.0,4.0,7.0,7.0,6.0,1.0,5.0,27.0,4.0,3.0,0.0,1.0,10.0,1.0,6.0,1.0,8.0,32.0,0.0,3.0,0.0,4.0,1.0,1.0,0.0,3.0,4.0
2024,201507,18,9.0,11.0,9.0,17.0,7.0,11.0,6.0,11.0,1.0,11.0,8.0,65.0,5.0,7.0,93.0,24.0,8.0,0.0,9.0,28.0,10.0,25.0,1.0,10.0,23.0,9.0,11.0,10.0,15.0,13.0,3.0,1.0,3.0,10.0
2025,201507,19,14.0,6.0,10.0,10.0,1.0,14.0,6.0,6.0,1.0,16.0,7.0,14.0,5.0,14.0,22.0,17.0,0.0,3.0,1.0,37.0,2.0,23.0,5.0,13.0,15.0,6.0,6.0,2.0,6.0,7.0,2.0,1.0,2.0,8.0
2026,201507,20,6.0,5.0,6.0,2.0,1.0,11.0,8.0,5.0,0.0,7.0,8.0,3.0,4.0,7.0,19.0,14.0,1.0,9.0,3.0,30.0,6.0,19.0,2.0,3.0,10.0,3.0,2.0,2.0,4.0,3.0,2.0,0.0,2.0,12.0
2027,201507,21,36.0,8.0,3.0,4.0,0.0,30.0,5.0,1.0,0.0,21.0,7.0,13.0,6.0,22.0,19.0,29.0,3.0,2.0,3.0,16.0,1.0,14.0,5.0,14.0,12.0,6.0,8.0,0.0,15.0,2.0,2.0,1.0,1.0,59.0
2028,201507,22,4.0,10.0,5.0,6.0,1.0,12.0,4.0,3.0,1.0,10.0,8.0,4.0,4.0,9.0,16.0,12.0,0.0,0.0,2.0,16.0,0.0,20.0,7.0,5.0,14.0,6.0,6.0,0.0,6.0,0.0,5.0,2.0,3.0,18.0
2029,201507,23,3.0,1.0,1.0,10.0,1.0,6.0,3.0,3.0,2.0,4.0,7.0,9.0,2.0,10.0,14.0,16.0,4.0,0.0,0.0,16.0,1.0,18.0,5.0,8.0,7.0,2.0,2.0,0.0,7.0,1.0,1.0,1.0,2.0,13.0
2030,201507,24,5.0,5.0,6.0,6.0,4.0,16.0,3.0,3.0,1.0,15.0,8.0,7.0,10.0,10.0,19.0,22.0,5.0,1.0,1.0,3.0,0.0,5.0,3.0,12.0,13.0,8.0,6.0,3.0,10.0,2.0,8.0,4.0,1.0,82.0
2031,201507,25,5.0,3.0,2.0,4.0,2.0,5.0,3.0,1.0,4.0,4.0,8.0,4.0,2.0,4.0,8.0,5.0,3.0,3.0,3.0,1.0,1.0,1.0,2.0,9.0,4.0,6.0,6.0,3.0,6.0,0.0,0.0,0.0,2.0,2.0
2032,201507,26,12.0,2.0,5.0,7.0,2.0,6.0,5.0,6.0,2.0,9.0,9.0,5.0,1.0,13.0,20.0,13.0,1.0,0.0,2.0,7.0,1.0,8.0,2.0,8.0,5.0,4.0,9.0,1.0,3.0,2.0,3.0,0.0,1.0,5.0
2033,201507,27,6.0,4.0,6.0,5.0,0.0,8.0,3.0,6.0,3.0,18.0,4.0,12.0,5.0,11.0,7.0,6.0,3.0,2.0,1.0,7.0,1.0,9.0,2.0,7.0,9.0,5.0,9.0,1.0,15.0,2.0,4.0,1.0,4.0,14.0
2034,201507,28,5.0,10.0,6.0,7.0,3.0,4.0,3.0,9.0,0.0,15.0,6.0,1.0,2.0,8.0,20.0,9.0,3.0,1.0,2.0,14.0,2.0,12.0,3.0,34.0,11.0,6.0,4.0,3.0,10.0,4.0,3.0,1.0,3.0,5.0
2035,201507,29,6.0,4.0,6.0,2.0,3.0,12.0,3.0,7.0,0.0,18.0,5.0,2.0,3.0,5.0,11.0,11.0,0.0,2.0,2.0,7.0,0.0,13.0,2.0,23.0,10.0,2.0,6.0,1.0,5.0,3.0,2.0,1.0,5.0,7.0
2036,201507,30,62.0,9.0,1.0,1.0,2.0,58.0,14.0,56.0,1.0,52.0,7.0,23.0,9.0,15.0,23.0,36.0,5.0,4.0,2.0,21.0,3.0,15.0,4.0,29.0,33.0,12.0,15.0,7.0,24.0,3.0,7.0,4.0,30.0,97.0
2037,201507,31,12.0,10.0,14.0,5.0,6.0,18.0,3.0,5.0,2.0,11.0,10.0,3.0,10.0,10.0,17.0,9.0,24.0,1.0,0.0,14.0,2.0,6.0,1.0,9.0,10.0,9.0,4.0,4.0,9.0,3.0,1.0,1.0,1.0,16.0
2038,201508,1,10.0,3.0,6.0,6.0,26.0,11.0,8.0,9.0,0.0,5.0,2.0,7.0,4.0,11.0,13.0,11.0,5.0,3.0,2.0,10.0,5.0,15.0,2.0,10.0,17.0,13.0,18.0,6.0,7.0,5.0,0.0,2.0,3.0,4.0
2039,201508,2,8.0,14.0,5.0,27.0,2.0,13.0,7.0,3.0,3.0,11.0,8.0,13.0,8.0,12.0,152.0,23.0,2.0,2.0,16.0,16.0,2.0,17.0,4.0,23.0,23.0,15.0,5.0,2.0,15.0,4.0,2.0,3.0,3.0,6.0
2040,201508,3,7.0,16.0,2.0,16.0,1.0,7.0,1.0,7.0,5.0,7.0,10.0,10.0,4.0,10.0,29.0,18.0,9.0,4.0,6.0,18.0,0.0,13.0,3.0,4.0,13.0,10.0,4.0,3.0,10.0,2.0,3.0,2.0,1.0,14.0
2041,201508,4,7.0,6.0,3.0,6.0,3.0,17.0,6.0,1.0,3.0,7.0,9.0,7.0,2.0,4.0,15.0,16.0,5.0,1.0,3.0,13.0,1.0,16.0,3.0,33.0,6.0,3.0,7.0,3.0,9.0,4.0,2.0,1.0,6.0,10.0
2042,201508,5,11.0,5.0,5.0,7.0,1.0,14.0,2.0,5.0,4.0,7.0,9.0,14.0,4.0,8.0,14.0,16.0,3.0,1.0,1.0,17.0,2.0,20.0,2.0,19.0,11.0,6.0,5.0,2.0,12.0,1.0,1.0,1.0,3.0,12.0
2043,201508,6,5.0,7.0,5.0,12.0,4.0,10.0,9.0,8.0,2.0,13.0,7.0,19.0,13.0,7.0,21.0,12.0,6.0,4.0,1.0,14.0,4.0,12.0,5.0,17.0,20.0,4.0,10.0,0.0,10.0,3.0,0.0,1.0,2.0,7.0
2044,201508,7,5.0,8.0,6.0,12.0,0.0,9.0,10.0,8.0,0.0,7.0,6.0,8.0,3.0,10.0,19.0,15.0,9.0,2.0,0.0,17.0,4.0,8.0,7.0,19.0,11.0,10.0,4.0,0.0,9.0,5.0,1.0,3.0,0.0,13.0
2045,201508,8,10.0,3.0,2.0,4.0,3.0,4.0,4.0,6.0,1.0,8.0,7.0,8.0,0.0,11.0,7.0,7.0,1.0,2.0,0.0,7.0,3.0,7.0,0.0,5.0,6.0,1.0,6.0,1.0,3.0,0.0,0.0,3.0,0.0,3.0
2046,201508,9,6.0,5.0,9.0,10.0,2.0,10.0,5.0,5.0,0.0,11.0,2.0,5.0,5.0,8.0,19.0,7.0,3.0,0.0,2.0,10.0,3.0,12.0,1.0,11.0,5.0,8.0,2.0,2.0,4.0,1.0,1.0,4.0,8.0,9.0
2047,201508,10,12.0,23.0,2.0,29.0,4.0,20.0,10.0,6.0,0.0,21.0,12.0,11.0,10.0,8.0,165.0,34.0,14.0,3.0,23.0,11.0,5.0,14.0,2.0,15.0,20.0,11.0,6.0,3.0,5.0,4.0,2.0,2.0,1.0,13.0
2048,201508,11,63.0,12.0,6.0,15.0,5.0,49.0,9.0,45.0,3.0,35.0,20.0,23.0,4.0,13.0,22.0,43.0,5.0,3.0,5.0,20.0,2.0,21.0,3.0,21.0,26.0,8.0,13.0,9.0,19.0,10.0,6.0,1.0,37.0,60.0
2049,201508,12,6.0,6.0,2.0,6.0,5.0,15.0,5.0,6.0,2.0,14.0,10.0,2.0,3.0,6.0,3.0,7.0,1.0,1.0,3.0,18.0,2.0,20.0,2.0,14.0,7.0,7.0,6.0,3.0,4.0,2.0,4.0,2.0,3.0,7.0
2050,201508,13,6.0,3.0,6.0,7.0,2.0,6.0,12.0,5.0,2.0,15.0,6.0,5.0,4.0,14.0,9.0,12.0,2.0,3.0,2.0,18.0,37.0,23.0,6.0,4.0,10.0,5.0,3.0,0.0,1.0,6.0,2.0,4.0,2.0,7.0
2051,201508,14,9.0,1.0,3.0,6.0,0.0,11.0,26.0,13.0,2.0,12.0,6.0,5.0,5.0,5.0,41.0,18.0,3.0,1.0,5.0,8.0,3.0,8.0,10.0,15.0,16.0,8.0,5.0,2.0,8.0,3.0,2.0,2.0,2.0,6.0
2052,201508,15,7.0,12.0,7.0,5.0,10.0,61.0,12.0,23.0,0.0,112.0,7.0,32.0,22.0,9.0,24.0,20.0,18.0,2.0,16.0,7.0,5.0,6.0,4.0,13.0,14.0,12.0,28.0,99.0,41.0,0.0,14.0,3.0,17.0,8.0
2053,201508,16,3.0,2.0,13.0,3.0,1.0,17.0,5.0,9.0,0.0,16.0,6.0,12.0,6.0,7.0,6.0,12.0,2.0,5.0,0.0,11.0,4.0,8.0,1.0,8.0,14.0,4.0,3.0,3.0,8.0,2.0,4.0,2.0,3.0,7.0
2054,201508,17,6.0,12.0,4.0,22.0,1.0,8.0,12.0,0.0,1.0,7.0,6.0,7.0,9.0,12.0,135.0,14.0,2.0,3.0,9.0,15.0,2.0,17.0,6.0,7.0,24.0,18.0,4.0,2.0,9.0,2.0,1.0,1.0,1.0,7.0
2055,201508,18,4.0,5.0,9.0,33.0,4.0,16.0,3.0,8.0,1.0,7.0,7.0,9.0,12.0,9.0,95.0,20.0,0.0,1.0,11.0,25.0,3.0,18.0,3.0,22.0,23.0,14.0,5.0,2.0,7.0,4.0,1.0,1.0,4.0,11.0
2056,201508,19,29.0,16.0,7.0,7.0,2.0,15.0,7.0,11.0,0.0,12.0,23.0,108.0,12.0,5.0,9.0,21.0,2.0,3.0,5.0,22.0,5.0,28.0,4.0,25.0,30.0,8.0,17.0,4.0,17.0,1.0,3.0,1.0,1.0,10.0
2057,201508,20,63.0,34.0,11.0,15.0,4.0,77.0,26.0,87.0,1.0,71.0,114.0,53.0,12.0,7.0,40.0,59.0,11.0,7.0,8.0,18.0,3.0,23.0,7.0,36.0,45.0,19.0,28.0,22.0,25.0,5.0,5.0,0.0,22.0,129.0
2058,201508,21,9.0,10.0,4.0,9.0,3.0,19.0,8.0,11.0,0.0,17.0,9.0,5.0,3.0,3.0,10.0,10.0,7.0,3.0,1.0,13.0,3.0,15.0,3.0,12.0,6.0,12.0,7.0,1.0,4.0,2.0,1.0,2.0,3.0,21.0
2059,201508,22,3.0,1.0,3.0,5.0,2.0,6.0,5.0,3.0,1.0,1.0,4.0,3.0,1.0,2.0,5.0,6.0,3.0,0.0,0.0,8.0,2.0,8.0,2.0,3.0,4.0,5.0,3.0,1.0,3.0,0.0,2.0,0.0,0.0,0.0
2060,201508,23,4.0,4.0,6.0,3.0,1.0,16.0,8.0,5.0,0.0,7.0,8.0,8.0,2.0,3.0,10.0,4.0,0.0,0.0,1.0,8.0,1.0,7.0,4.0,10.0,3.0,3.0,2.0,0.0,3.0,0.0,1.0,1.0,2.0,1.0
2061,201508,24,4.0,7.0,4.0,4.0,0.0,10.0,12.0,1.0,1.0,11.0,12.0,4.0,4.0,4.0,4.0,6.0,2.0,1.0,2.0,14.0,0.0,17.0,4.0,2.0,9.0,2.0,4.0,2.0,4.0,4.0,2.0,19.0,2.0,4.0
2062,201508,25,1.0,11.0,8.0,4.0,3.0,9.0,5.0,3.0,1.0,1.0,20.0,3.0,0.0,3.0,7.0,2.0,1.0,2.0,0.0,19.0,3.0,19.0,1.0,4.0,6.0,6.0,2.0,1.0,1.0,4.0,1.0,3.0,2.0,1.0
2063,201508,26,4.0,11.0,8.0,8.0,2.0,4.0,6.0,2.0,0.0,1.0,7.0,2.0,2.0,7.0,6.0,5.0,3.0,2.0,1.0,11.0,0.0,18.0,3.0,4.0,7.0,5.0,6.0,3.0,1.0,3.0,4.0,10.0,1.0,2.0
2064,201508,27,10.0,5.0,3.0,5.0,0.0,5.0,5.0,2.0,3.0,1.0,4.0,3.0,1.0,2.0,8.0,6.0,0.0,0.0,1.0,11.0,0.0,7.0,1.0,10.0,9.0,2.0,1.0,2.0,4.0,1.0,2.0,1.0,0.0,5.0
2065,201508,28,4.0,0.0,2.0,4.0,0.0,4.0,2.0,2.0,4.0,4.0,0.0,4.0,0.0,6.0,4.0,9.0,1.0,1.0,0.0,3.0,1.0,8.0,3.0,4.0,2.0,5.0,2.0,0.0,3.0,1.0,1.0,1.0,1.0,5.0
2066,201508,29,0.0,2.0,2.0,3.0,2.0,7.0,5.0,0.0,0.0,3.0,1.0,2.0,2.0,1.0,2.0,2.0,0.0,1.0,1.0,5.0,1.0,5.0,2.0,4.0,0.0,0.0,5.0,0.0,1.0,1.0,1.0,2.0,0.0,2.0
2067,201508,30,2.0,3.0,1.0,3.0,0.0,6.0,2.0,2.0,2.0,0.0,3.0,6.0,0.0,1.0,0.0,3.0,2.0,3.0,0.0,4.0,0.0,5.0,2.0,8.0,3.0,1.0,3.0,2.0,1.0,0.0,1.0,2.0,0.0,2.0
2068,201508,31,1.0,2.0,2.0,12.0,1.0,6.0,11.0,7.0,2.0,5.0,2.0,3.0,2.0,5.0,69.0,12.0,0.0,1.0,11.0,9.0,2.0,5.0,1.0,4.0,11.0,5.0,3.0,3.0,1.0,2.0,5.0,3.0,1.0,2.0
2069,201509,1,0.0,8.0,7.0,6.0,1.0,14.0,7.0,2.0,3.0,6.0,7.0,0.0,2.0,3.0,6.0,16.0,2.0,0.0,0.0,11.0,2.0,8.0,9.0,9.0,10.0,2.0,2.0,0.0,6.0,3.0,2.0,2.0,1.0,9.0
2070,201509,2,3.0,7.0,6.0,6.0,3.0,11.0,11.0,17.0,3.0,11.0,5.0,3.0,3.0,2.0,11.0,7.0,0.0,2.0,1.0,6.0,1.0,12.0,2.0,6.0,8.0,2.0,6.0,2.0,13.0,4.0,3.0,2.0,4.0,9.0
2071,201509,3,6.0,3.0,5.0,13.0,3.0,6.0,4.0,6.0,2.0,11.0,2.0,2.0,10.0,1.0,18.0,28.0,4.0,0.0,2.0,8.0,1.0,5.0,3.0,4.0,14.0,4.0,9.0,2.0,10.0,0.0,2.0,7.0,2.0,8.0
2072,201509,4,13.0,7.0,1.0,6.0,3.0,21.0,18.0,13.0,1.0,56.0,8.0,17.0,6.0,2.0,17.0,16.0,6.0,4.0,3.0,1.0,1.0,1.0,4.0,4.0,25.0,9.0,7.0,6.0,16.0,0.0,0.0,2.0,3.0,21.0
2073,201509,5,1.0,1.0,2.0,1.0,1.0,10.0,7.0,2.0,2.0,6.0,3.0,4.0,2.0,2.0,5.0,3.0,3.0,0.0,0.0,1.0,2.0,2.0,1.0,7.0,6.0,3.0,5.0,0.0,2.0,0.0,3.0,6.0,3.0,2.0
2074,201509,6,0.0,0.0,2.0,1.0,1.0,2.0,1.0,2.0,1.0,1.0,0.0,1.0,0.0,0.0,1.0,3.0,0.0,0.0,0.0,1.0,0.0,1.0,0.0,6.0,3.0,2.0,2.0,0.0,1.0,0.0,0.0,2.0,2.0,1.0
2075,201509,7,0.0,2.0,5.0,4.0,1.0,2.0,6.0,4.0,0.0,2.0,7.0,5.0,1.0,4.0,1.0,3.0,0.0,0.0,1.0,3.0,0.0,3.0,0.0,0.0,4.0,4.0,2.0,0.0,2.0,1.0,0.0,3.0,0.0,2.0
2076,201509,8,5.0,8.0,2.0,16.0,0.0,12.0,4.0,3.0,0.0,10.0,8.0,9.0,5.0,10.0,154.0,19.0,0.0,3.0,16.0,5.0,2.0,6.0,5.0,12.0,25.0,20.0,2.0,4.0,6.0,1.0,1.0,0.0,0.0,15.0
2077,201509,9,9.0,7.0,6.0,5.0,0.0,5.0,15.0,5.0,1.0,5.0,4.0,6.0,3.0,4.0,8.0,8.0,2.0,3.0,3.0,7.0,1.0,8.0,7.0,6.0,11.0,3.0,6.0,2.0,5.0,2.0,0.0,6.0,0.0,1.0
2078,201509,10,43.0,14.0,5.0,8.0,0.0,65.0,6.0,67.0,2.0,63.0,27.0,43.0,17.0,4.0,40.0,35.0,8.0,4.0,12.0,8.0,5.0,8.0,1.0,24.0,33.0,16.0,16.0,15.0,25.0,2.0,6.0,1.0,32.0,65.0
2079,201509,11,7.0,8.0,3.0,2.0,3.0,12.0,1.0,8.0,1.0,4.0,7.0,2.0,0.0,7.0,9.0,13.0,5.0,2.0,1.0,12.0,2.0,5.0,2.0,10.0,3.0,2.0,1.0,1.0,11.0,0.0,1.0,4.0,2.0,2.0
2080,201509,12,2.0,0.0,0.0,2.0,1.0,1.0,2.0,4.0,2.0,3.0,3.0,3.0,3.0,5.0,0.0,3.0,0.0,1.0,0.0,4.0,1.0,5.0,1.0,7.0,0.0,3.0,0.0,1.0,0.0,1.0,3.0,0.0,2.0,2.0
2081,201509,13,2.0,6.0,5.0,3.0,1.0,13.0,5.0,9.0,5.0,3.0,2.0,7.0,2.0,7.0,3.0,5.0,1.0,0.0,1.0,8.0,3.0,14.0,5.0,10.0,4.0,4.0,1.0,0.0,3.0,2.0,0.0,0.0,3.0,2.0
2082,201509,14,3.0,5.0,3.0,2.0,2.0,9.0,6.0,4.0,2.0,9.0,0.0,2.0,1.0,6.0,2.0,1.0,4.0,2.0,0.0,12.0,0.0,12.0,2.0,2.0,9.0,6.0,2.0,0.0,9.0,2.0,3.0,3.0,0.0,2.0
2083,201509,15,3.0,5.0,6.0,5.0,1.0,5.0,8.0,5.0,0.0,2.0,5.0,1.0,2.0,10.0,1.0,6.0,0.0,3.0,0.0,9.0,0.0,12.0,5.0,5.0,6.0,0.0,0.0,1.0,4.0,6.0,0.0,0.0,0.0,1.0
2084,201509,16,3.0,0.0,8.0,2.0,1.0,6.0,0.0,2.0,0.0,2.0,2.0,0.0,1.0,9.0,4.0,4.0,0.0,2.0,1.0,23.0,2.0,17.0,2.0,6.0,3.0,4.0,3.0,0.0,3.0,2.0,2.0,2.0,0.0,4.0
2085,201509,17,10.0,3.0,1.0,11.0,0.0,9.0,1.0,4.0,0.0,3.0,4.0,2.0,0.0,9.0,58.0,8.0,1.0,1.0,5.0,10.0,0.0,10.0,4.0,3.0,9.0,6.0,5.0,0.0,0.0,0.0,2.0,3.0,2.0,3.0
2086,201509,18,6.0,3.0,5.0,11.0,0.0,7.0,3.0,4.0,0.0,7.0,4.0,3.0,5.0,7.0,87.0,15.0,0.0,3.0,5.0,5.0,2.0,5.0,1.0,7.0,26.0,5.0,3.0,1.0,7.0,1.0,0.0,2.0,1.0,11.0
2087,201509,19,2.0,1.0,5.0,2.0,2.0,8.0,1.0,10.0,0.0,4.0,2.0,4.0,2.0,4.0,8.0,4.0,7.0,1.0,3.0,4.0,2.0,4.0,2.0,1.0,6.0,8.0,5.0,4.0,2.0,0.0,0.0,1.0,1.0,1.0
2088,201509,20,4.0,5.0,6.0,6.0,1.0,3.0,1.0,4.0,1.0,4.0,4.0,6.0,0.0,6.0,6.0,4.0,2.0,2.0,0.0,6.0,0.0,2.0,1.0,5.0,3.0,5.0,2.0,1.0,4.0,1.0,0.0,0.0,2.0,2.0
2089,201509,21,6.0,7.0,5.0,4.0,0.0,6.0,2.0,5.0,0.0,10.0,2.0,5.0,3.0,14.0,5.0,11.0,3.0,1.0,0.0,19.0,2.0,12.0,0.0,2.0,6.0,7.0,1.0,0.0,3.0,0.0,0.0,2.0,0.0,13.0
2090,201509,22,3.0,6.0,6.0,3.0,3.0,6.0,0.0,3.0,1.0,4.0,4.0,11.0,4.0,1.0,5.0,6.0,4.0,2.0,0.0,11.0,3.0,11.0,2.0,8.0,1.0,4.0,2.0,2.0,4.0,3.0,1.0,1.0,2.0,1.0
2091,201509,23,6.0,5.0,6.0,3.0,0.0,2.0,5.0,3.0,1.0,2.0,2.0,1.0,0.0,5.0,4.0,12.0,1.0,0.0,0.0,7.0,2.0,10.0,2.0,4.0,6.0,0.0,2.0,3.0,1.0,2.0,1.0,2.0,1.0,1.0
2092,201509,24,4.0,1.0,2.0,5.0,0.0,9.0,1.0,4.0,1.0,9.0,4.0,3.0,0.0,9.0,2.0,8.0,1.0,3.0,2.0,3.0,2.0,3.0,0.0,0.0,8.0,3.0,2.0,1.0,3.0,0.0,2.0,0.0,4.0,3.0
2093,201509,25,4.0,3.0,4.0,6.0,0.0,5.0,5.0,2.0,2.0,4.0,4.0,11.0,4.0,5.0,10.0,7.0,1.0,0.0,1.0,6.0,1.0,4.0,1.0,4.0,10.0,5.0,5.0,1.0,5.0,0.0,1.0,0.0,3.0,5.0
2094,201509,26,4.0,1.0,1.0,2.0,0.0,3.0,1.0,1.0,2.0,1.0,2.0,2.0,0.0,0.0,3.0,3.0,0.0,0.0,0.0,0.0,0.0,2.0,0.0,3.0,2.0,1.0,2.0,0.0,1.0,1.0,1.0,2.0,2.0,1.0
2095,201509,27,3.0,3.0,0.0,8.0,0.0,5.0,1.0,6.0,0.0,10.0,2.0,8.0,1.0,8.0,6.0,2.0,2.0,0.0,2.0,1.0,2.0,1.0,0.0,5.0,6.0,5.0,2.0,0.0,5.0,0.0,0.0,1.0,3.0,1.0
2096,201509,28,3.0,2.0,3.0,6.0,1.0,11.0,2.0,7.0,1.0,8.0,3.0,4.0,3.0,4.0,5.0,11.0,1.0,3.0,1.0,12.0,2.0,7.0,2.0,6.0,4.0,2.0,3.0,2.0,3.0,1.0,1.0,0.0,2.0,10.0
2097,201509,29,4.0,4.0,10.0,2.0,0.0,5.0,6.0,3.0,2.0,8.0,3.0,4.0,1.0,1.0,5.0,5.0,0.0,0.0,0.0,13.0,0.0,14.0,1.0,7.0,4.0,4.0,5.0,1.0,8.0,2.0,1.0,1.0,2.0,3.0
2098,201509,30,5.0,5.0,4.0,2.0,1.0,12.0,3.0,28.0,0.0,7.0,1.0,19.0,6.0,0.0,5.0,9.0,1.0,1.0,1.0,8.0,0.0,5.0,2.0,7.0,11.0,3.0,5.0,3.0,13.0,1.0,1.0,2.0,1.0,7.0
2099,201510,1,8.0,2.0,10.0,4.0,1.0,9.0,3.0,9.0,4.0,8.0,2.0,9.0,1.0,4.0,9.0,8.0,1.0,0.0,1.0,8.0,0.0,7.0,0.0,5.0,7.0,3.0,8.0,1.0,7.0,0.0,1.0,4.0,6.0,12.0
2100,201510,2,62.0,7.0,1.0,5.0,0.0,42.0,3.0,72.0,1.0,36.0,3.0,27.0,8.0,11.0,14.0,37.0,1.0,1.0,2.0,3.0,0.0,6.0,3.0,11.0,27.0,10.0,16.0,6.0,14.0,0.0,5.0,1.0,6.0,56.0
2101,201510,3,9.0,3.0,0.0,2.0,0.0,14.0,1.0,28.0,4.0,13.0,0.0,15.0,1.0,7.0,9.0,12.0,5.0,1.0,1.0,2.0,0.0,1.0,3.0,7.0,13.0,3.0,15.0,5.0,8.0,2.0,3.0,3.0,3.0,2.0
2102,201510,4,0.0,5.0,0.0,5.0,2.0,16.0,1.0,18.0,0.0,12.0,3.0,10.0,11.0,13.0,13.0,13.0,4.0,2.0,0.0,2.0,0.0,4.0,1.0,5.0,5.0,8.0,14.0,0.0,11.0,2.0,1.0,2.0,5.0,11.0
2103,201510,5,5.0,12.0,2.0,4.0,0.0,18.0,0.0,10.0,0.0,9.0,3.0,14.0,3.0,11.0,11.0,15.0,3.0,2.0,0.0,3.0,1.0,5.0,1.0,1.0,11.0,4.0,21.0,0.0,11.0,0.0,0.0,3.0,4.0,10.0
2104,201510,6,1.0,3.0,1.0,2.0,2.0,7.0,5.0,1.0,2.0,8.0,2.0,7.0,1.0,11.0,3.0,10.0,1.0,0.0,1.0,8.0,3.0,6.0,3.0,5.0,8.0,3.0,14.0,1.0,8.0,0.0,2.0,0.0,3.0,7.0
2105,201510,7,7.0,2.0,2.0,4.0,1.0,12.0,9.0,3.0,1.0,6.0,2.0,7.0,3.0,7.0,4.0,5.0,1.0,2.0,0.0,8.0,2.0,6.0,1.0,1.0,5.0,1.0,3.0,0.0,5.0,1.0,1.0,4.0,0.0,7.0
2106,201510,8,4.0,2.0,2.0,8.0,0.0,9.0,3.0,1.0,3.0,4.0,2.0,4.0,1.0,4.0,4.0,15.0,1.0,1.0,3.0,6.0,2.0,5.0,0.0,6.0,5.0,2.0,1.0,0.0,4.0,3.0,1.0,1.0,0.0,5.0
2107,201510,9,36.0,4.0,3.0,6.0,0.0,36.0,1.0,49.0,3.0,43.0,6.0,15.0,5.0,4.0,5.0,21.0,5.0,0.0,1.0,1.0,0.0,1.0,0.0,9.0,21.0,4.0,10.0,5.0,24.0,0.0,1.0,9.0,13.0,38.0
2108,201510,10,3.0,3.0,1.0,2.0,3.0,3.0,1.0,4.0,2.0,5.0,1.0,5.0,3.0,5.0,5.0,7.0,2.0,0.0,0.0,2.0,0.0,2.0,0.0,3.0,7.0,3.0,4.0,0.0,3.0,0.0,0.0,2.0,3.0,5.0
2109,201510,11,1.0,1.0,4.0,3.0,1.0,3.0,3.0,0.0,0.0,1.0,3.0,3.0,0.0,1.0,10.0,7.0,1.0,0.0,1.0,0.0,0.0,3.0,0.0,4.0,3.0,3.0,2.0,0.0,6.0,0.0,0.0,0.0,1.0,3.0
2110,201510,12,0.0,2.0,0.0,4.0,0.0,4.0,2.0,2.0,5.0,1.0,1.0,3.0,0.0,1.0,0.0,1.0,0.0,3.0,2.0,4.0,1.0,4.0,0.0,3.0,5.0,1.0,1.0,0.0,1.0,0.0,0.0,2.0,1.0,4.0
2111,201510,13,2.0,1.0,6.0,1.0,0.0,6.0,5.0,1.0,1.0,4.0,0.0,4.0,0.0,0.0,3.0,2.0,2.0,0.0,0.0,6.0,0.0,3.0,1.0,2.0,10.0,1.0,1.0,0.0,3.0,0.0,1.0,4.0,2.0,4.0
2112,201510,14,3.0,2.0,3.0,3.0,0.0,5.0,9.0,5.0,4.0,5.0,1.0,7.0,1.0,2.0,5.0,7.0,0.0,0.0,2.0,4.0,0.0,3.0,1.0,2.0,7.0,3.0,2.0,2.0,2.0,3.0,2.0,1.0,1.0,2.0
2113,201510,15,2.0,2.0,3.0,8.0,0.0,2.0,3.0,2.0,2.0,6.0,1.0,12.0,1.0,6.0,9.0,7.0,0.0,0.0,0.0,1.0,0.0,7.0,3.0,4.0,8.0,4.0,1.0,0.0,6.0,0.0,1.0,0.0,2.0,3.0
2114,201510,16,3.0,5.0,0.0,3.0,1.0,10.0,1.0,7.0,2.0,7.0,13.0,9.0,2.0,1.0,7.0,7.0,0.0,1.0,0.0,3.0,4.0,2.0,1.0,8.0,5.0,2.0,1.0,3.0,5.0,1.0,0.0,2.0,2.0,4.0
2115,201510,17,2.0,1.0,4.0,2.0,0.0,3.0,2.0,1.0,0.0,2.0,1.0,7.0,2.0,3.0,2.0,5.0,1.0,0.0,1.0,1.0,0.0,0.0,1.0,1.0,3.0,2.0,1.0,0.0,1.0,0.0,0.0,5.0,3.0,0.0
2116,201510,18,3.0,1.0,3.0,3.0,1.0,3.0,2.0,6.0,3.0,1.0,1.0,1.0,2.0,10.0,7.0,8.0,1.0,0.0,0.0,4.0,5.0,2.0,4.0,7.0,2.0,4.0,5.0,1.0,8.0,1.0,0.0,2.0,0.0,4.0
2117,201510,19,3.0,3.0,3.0,1.0,0.0,8.0,1.0,2.0,0.0,5.0,4.0,5.0,1.0,1.0,7.0,7.0,0.0,1.0,1.0,5.0,2.0,6.0,1.0,1.0,3.0,2.0,1.0,0.0,6.0,0.0,2.0,1.0,1.0,2.0
2118,201510,20,1.0,2.0,5.0,5.0,0.0,9.0,2.0,6.0,0.0,1.0,1.0,5.0,1.0,3.0,2.0,6.0,0.0,1.0,0.0,5.0,0.0,6.0,3.0,0.0,6.0,3.0,4.0,2.0,3.0,2.0,0.0,0.0,2.0,1.0
2119,201510,21,1.0,5.0,5.0,3.0,1.0,7.0,2.0,0.0,0.0,4.0,2.0,3.0,1.0,2.0,1.0,1.0,1.0,2.0,0.0,3.0,0.0,6.0,0.0,9.0,10.0,3.0,0.0,1.0,6.0,2.0,0.0,1.0,3.0,3.0
2120,201510,22,1.0,97.0,12.0,3.0,0.0,7.0,0.0,3.0,1.0,1.0,4.0,2.0,0.0,11.0,7.0,6.0,0.0,3.0,0.0,8.0,2.0,5.0,0.0,7.0,7.0,2.0,1.0,0.0,2.0,1.0,1.0,0.0,2.0,2.0
2121,201510,23,3.0,374.0,20.0,19.0,10.0,12.0,6.0,5.0,0.0,8.0,43.0,6.0,16.0,11.0,22.0,12.0,9.0,37.0,5.0,13.0,4.0,7.0,3.0,38.0,12.0,26.0,8.0,5.0,4.0,1.0,3.0,2.0,1.0,6.0
2122,201510,24,5.0,33.0,7.0,7.0,1.0,9.0,1.0,3.0,2.0,2.0,17.0,5.0,5.0,4.0,3.0,4.0,5.0,8.0,2.0,3.0,3.0,8.0,4.0,7.0,6.0,11.0,5.0,1.0,7.0,2.0,3.0,1.0,5.0,0.0
2123,201510,25,1.0,4.0,3.0,4.0,0.0,5.0,0.0,3.0,3.0,4.0,20.0,6.0,3.0,2.0,4.0,6.0,1.0,0.0,2.0,2.0,1.0,4.0,1.0,8.0,6.0,6.0,2.0,1.0,7.0,1.0,0.0,1.0,0.0,6.0
2124,201510,26,2.0,3.0,4.0,2.0,0.0,10.0,6.0,4.0,1.0,8.0,3.0,4.0,2.0,1.0,1.0,7.0,0.0,1.0,2.0,9.0,1.0,10.0,0.0,3.0,7.0,2.0,4.0,1.0,4.0,0.0,1.0,0.0,0.0,10.0
2125,201510,27,3.0,3.0,5.0,2.0,1.0,7.0,7.0,2.0,4.0,5.0,8.0,2.0,0.0,1.0,1.0,4.0,2.0,1.0,1.0,10.0,0.0,14.0,1.0,7.0,9.0,5.0,4.0,1.0,4.0,4.0,1.0,0.0,1.0,5.0
2126,201510,28,40.0,4.0,3.0,9.0,2.0,42.0,2.0,37.0,1.0,47.0,5.0,27.0,4.0,0.0,18.0,41.0,0.0,1.0,5.0,6.0,2.0,7.0,3.0,16.0,34.0,7.0,15.0,5.0,21.0,1.0,7.0,0.0,48.0,70.0
2127,201510,29,7.0,4.0,1.0,5.0,3.0,13.0,8.0,6.0,0.0,5.0,5.0,4.0,2.0,1.0,6.0,12.0,6.0,3.0,2.0,4.0,1.0,6.0,2.0,7.0,7.0,4.0,6.0,3.0,4.0,0.0,24.0,1.0,2.0,9.0
2128,201510,30,5.0,90.0,10.0,3.0,2.0,13.0,4.0,2.0,0.0,5.0,30.0,10.0,8.0,9.0,22.0,11.0,4.0,104.0,1.0,14.0,3.0,11.0,0.0,10.0,8.0,6.0,7.0,2.0,2.0,1.0,2.0,1.0,5.0,7.0
2129,201510,31,1.0,27.0,8.0,3.0,5.0,6.0,6.0,6.0,1.0,1.0,59.0,6.0,0.0,2.0,10.0,9.0,6.0,45.0,1.0,6.0,3.0,10.0,2.0,7.0,7.0,5.0,10.0,1.0,4.0,0.0,3.0,0.0,5.0,2.0
2130,201511,1,3.0,12.0,2.0,5.0,0.0,7.0,1.0,10.0,3.0,6.0,9.0,6.0,8.0,2.0,9.0,18.0,3.0,17.0,0.0,4.0,3.0,11.0,2.0,8.0,8.0,9.0,3.0,3.0,8.0,10.0,0.0,0.0,1.0,10.0
2131,201511,2,4.0,82.0,8.0,9.0,3.0,13.0,10.0,5.0,3.0,7.0,6.0,4.0,3.0,5.0,18.0,11.0,4.0,25.0,2.0,13.0,2.0,18.0,4.0,11.0,12.0,7.0,4.0,0.0,10.0,2.0,2.0,0.0,5.0,13.0
2132,201511,3,3.0,16.0,9.0,12.0,3.0,9.0,2.0,3.0,0.0,7.0,8.0,6.0,6.0,3.0,16.0,3.0,2.0,30.0,4.0,5.0,2.0,7.0,9.0,12.0,8.0,11.0,5.0,3.0,5.0,4.0,3.0,0.0,2.0,1.0
2133,201511,4,3.0,11.0,16.0,14.0,0.0,10.0,4.0,3.0,1.0,3.0,4.0,12.0,5.0,7.0,5.0,6.0,2.0,11.0,21.0,6.0,5.0,18.0,3.0,7.0,10.0,2.0,5.0,3.0,1.0,43.0,3.0,1.0,2.0,4.0
2134,201511,5,5.0,130.0,16.0,12.0,3.0,8.0,3.0,7.0,2.0,6.0,22.0,6.0,7.0,8.0,12.0,4.0,1.0,27.0,2.0,5.0,1.0,3.0,6.0,17.0,4.0,11.0,2.0,0.0,1.0,1.0,0.0,1.0,3.0,5.0
2135,201511,6,5.0,27.0,7.0,5.0,3.0,19.0,5.0,6.0,2.0,20.0,12.0,7.0,7.0,6.0,9.0,9.0,2.0,39.0,4.0,10.0,3.0,9.0,7.0,6.0,9.0,3.0,7.0,1.0,12.0,0.0,4.0,0.0,2.0,2.0
2136,201511,7,3.0,1.0,4.0,2.0,2.0,5.0,2.0,3.0,1.0,2.0,6.0,7.0,2.0,1.0,5.0,4.0,5.0,7.0,3.0,0.0,1.0,4.0,3.0,1.0,3.0,3.0,8.0,0.0,3.0,1.0,1.0,1.0,2.0,0.0
2137,201511,8,1.0,3.0,2.0,5.0,1.0,3.0,3.0,4.0,4.0,9.0,1.0,9.0,2.0,2.0,4.0,6.0,1.0,2.0,1.0,1.0,1.0,10.0,2.0,8.0,5.0,4.0,5.0,0.0,3.0,3.0,1.0,1.0,3.0,4.0
2138,201511,9,2.0,7.0,1.0,4.0,2.0,6.0,11.0,3.0,1.0,4.0,1.0,13.0,0.0,1.0,7.0,4.0,5.0,0.0,1.0,0.0,1.0,14.0,3.0,6.0,8.0,4.0,5.0,0.0,7.0,1.0,2.0,0.0,4.0,3.0
2139,201511,10,22.0,10.0,11.0,3.0,0.0,26.0,1.0,58.0,3.0,15.0,1.0,21.0,1.0,7.0,10.0,12.0,2.0,0.0,2.0,13.0,4.0,13.0,2.0,12.0,17.0,5.0,12.0,6.0,9.0,7.0,3.0,1.0,2.0,19.0
2140,201511,11,13.0,13.0,9.0,15.0,0.0,19.0,8.0,8.0,5.0,7.0,6.0,2.0,4.0,33.0,100.0,18.0,2.0,3.0,9.0,11.0,0.0,10.0,4.0,10.0,13.0,17.0,2.0,4.0,3.0,3.0,3.0,1.0,0.0,10.0
2141,201511,12,27.0,5.0,7.0,18.0,1.0,20.0,1.0,5.0,3.0,5.0,2.0,2.0,4.0,0.0,9.0,20.0,3.0,1.0,5.0,4.0,3.0,6.0,1.0,9.0,14.0,5.0,4.0,2.0,2.0,1.0,2.0,0.0,5.0,6.0
2142,201511,13,1.0,10.0,3.0,7.0,0.0,9.0,4.0,5.0,3.0,10.0,2.0,7.0,0.0,6.0,6.0,16.0,7.0,1.0,1.0,2.0,2.0,1.0,1.0,5.0,10.0,3.0,0.0,0.0,4.0,1.0,2.0,1.0,3.0,21.0
2143,201511,14,15.0,6.0,2.0,4.0,0.0,4.0,8.0,1.0,3.0,3.0,3.0,4.0,2.0,1.0,3.0,9.0,6.0,1.0,1.0,2.0,2.0,1.0,0.0,5.0,1.0,0.0,3.0,0.0,5.0,0.0,1.0,1.0,6.0,0.0
2144,201511,15,1.0,2.0,4.0,2.0,1.0,10.0,8.0,3.0,5.0,4.0,1.0,9.0,2.0,2.0,9.0,10.0,1.0,0.0,1.0,10.0,1.0,11.0,3.0,5.0,5.0,2.0,1.0,1.0,3.0,1.0,1.0,0.0,2.0,5.0
2145,201511,16,4.0,23.0,19.0,14.0,1.0,8.0,7.0,3.0,4.0,3.0,9.0,11.0,2.0,105.0,18.0,4.0,2.0,10.0,5.0,18.0,8.0,14.0,11.0,1.0,12.0,14.0,3.0,1.0,9.0,3.0,2.0,4.0,1.0,5.0
2146,201511,17,3.0,50.0,13.0,15.0,5.0,10.0,40.0,6.0,0.0,5.0,84.0,5.0,4.0,112.0,11.0,7.0,3.0,14.0,6.0,20.0,5.0,25.0,15.0,14.0,13.0,22.0,4.0,5.0,10.0,7.0,4.0,1.0,1.0,7.0
2147,201511,18,19.0,9.0,10.0,48.0,5.0,18.0,15.0,10.0,1.0,14.0,8.0,19.0,33.0,19.0,326.0,44.0,0.0,6.0,22.0,16.0,7.0,19.0,5.0,25.0,50.0,29.0,11.0,2.0,17.0,6.0,4.0,1.0,4.0,20.0
2148,201511,19,69.0,6.0,9.0,22.0,4.0,45.0,6.0,29.0,8.0,36.0,6.0,26.0,2.0,4.0,29.0,55.0,6.0,4.0,6.0,9.0,1.0,8.0,1.0,11.0,25.0,15.0,17.0,7.0,24.0,2.0,7.0,2.0,69.0,109.0
2149,201511,20,2.0,3.0,7.0,16.0,0.0,11.0,9.0,2.0,2.0,10.0,1.0,1.0,2.0,17.0,72.0,11.0,0.0,0.0,5.0,8.0,2.0,9.0,2.0,3.0,6.0,6.0,0.0,1.0,4.0,0.0,2.0,0.0,7.0,9.0
2150,201511,21,13.0,16.0,19.0,66.0,5.0,21.0,4.0,8.0,2.0,18.0,13.0,17.0,14.0,9.0,420.0,96.0,10.0,7.0,139.0,7.0,6.0,13.0,9.0,32.0,54.0,36.0,14.0,14.0,13.0,5.0,4.0,1.0,7.0,10.0
2151,201511,22,5.0,6.0,4.0,20.0,3.0,20.0,4.0,5.0,5.0,8.0,1.0,11.0,6.0,5.0,92.0,23.0,5.0,1.0,20.0,5.0,1.0,8.0,3.0,26.0,22.0,10.0,10.0,3.0,6.0,0.0,2.0,2.0,1.0,8.0
2152,201511,23,3.0,8.0,2.0,5.0,1.0,8.0,8.0,4.0,14.0,7.0,1.0,1.0,0.0,3.0,6.0,6.0,2.0,0.0,3.0,9.0,4.0,11.0,4.0,6.0,7.0,0.0,1.0,0.0,3.0,11.0,1.0,0.0,2.0,1.0
2153,201511,24,1.0,5.0,2.0,6.0,1.0,11.0,13.0,5.0,2.0,3.0,0.0,0.0,3.0,2.0,2.0,6.0,1.0,0.0,2.0,4.0,2.0,11.0,4.0,7.0,8.0,4.0,5.0,0.0,2.0,6.0,0.0,3.0,0.0,1.0
2154,201511,25,2.0,1.0,4.0,4.0,1.0,8.0,6.0,0.0,4.0,1.0,2.0,1.0,0.0,1.0,0.0,7.0,1.0,2.0,0.0,4.0,0.0,4.0,4.0,10.0,5.0,4.0,3.0,0.0,3.0,1.0,0.0,2.0,1.0,4.0
2155,201511,26,0.0,4.0,3.0,3.0,0.0,0.0,1.0,0.0,3.0,1.0,2.0,0.0,0.0,0.0,2.0,8.0,0.0,1.0,0.0,1.0,2.0,0.0,1.0,0.0,7.0,5.0,0.0,0.0,0.0,0.0,0.0,0.0,0.0,0.0
2156,201511,27,0.0,39.0,7.0,2.0,1.0,1.0,3.0,0.0,0.0,1.0,8.0,1.0,0.0,9.0,7.0,5.0,3.0,0.0,1.0,2.0,0.0,2.0,1.0,2.0,2.0,14.0,1.0,0.0,1.0,0.0,0.0,0.0,1.0,1.0
2157,201511,28,2.0,45.0,5.0,8.0,2.0,3.0,6.0,2.0,1.0,5.0,9.0,1.0,1.0,7.0,8.0,9.0,4.0,0.0,2.0,2.0,1.0,4.0,0.0,5.0,10.0,14.0,2.0,0.0,4.0,1.0,1.0,1.0,2.0,3.0
2158,201511,29,6.0,16.0,1.0,7.0,2.0,5.0,32.0,3.0,6.0,5.0,4.0,2.0,2.0,7.0,4.0,7.0,0.0,0.0,1.0,3.0,0.0,10.0,4.0,11.0,5.0,9.0,1.0,0.0,4.0,0.0,0.0,0.0,4.0,3.0
2159,201511,30,3.0,9.0,3.0,22.0,2.0,9.0,8.0,4.0,5.0,7.0,10.0,19.0,4.0,8.0,22.0,8.0,3.0,0.0,1.0,1.0,1.0,6.0,6.0,10.0,8.0,17.0,2.0,1.0,6.0,1.0,1.0,0.0,4.0,5.0
2160,201512,1,34.0,12.0,5.0,12.0,1.0,23.0,14.0,29.0,0.0,19.0,5.0,45.0,14.0,7.0,23.0,30.0,4.0,2.0,3.0,7.0,1.0,4.0,5.0,11.0,28.0,9.0,17.0,2.0,19.0,1.0,3.0,3.0,8.0,24.0
2161,201512,2,51.0,18.0,3.0,19.0,2.0,52.0,11.0,56.0,1.0,71.0,10.0,28.0,10.0,6.0,43.0,32.0,0.0,4.0,14.0,5.0,2.0,6.0,4.0,19.0,40.0,16.0,19.0,9.0,27.0,2.0,2.0,1.0,20.0,35.0
2162,201512,3,4.0,11.0,6.0,10.0,1.0,19.0,15.0,2.0,12.0,11.0,5.0,12.0,7.0,6.0,34.0,21.0,3.0,3.0,1.0,21.0,2.0,50.0,4.0,9.0,16.0,19.0,12.0,3.0,11.0,4.0,3.0,3.0,8.0,24.0
2163,201512,4,1.0,15.0,5.0,6.0,0.0,11.0,10.0,3.0,1.0,3.0,4.0,9.0,1.0,11.0,22.0,14.0,1.0,0.0,3.0,4.0,1.0,5.0,2.0,9.0,17.0,7.0,7.0,2.0,7.0,1.0,0.0,0.0,9.0,12.0
2164,201512,5,2.0,5.0,2.0,4.0,1.0,5.0,4.0,4.0,3.0,5.0,1.0,3.0,1.0,4.0,14.0,11.0,3.0,1.0,24.0,2.0,2.0,0.0,0.0,10.0,20.0,5.0,7.0,1.0,5.0,0.0,2.0,2.0,3.0,3.0
2165,201512,6,2.0,7.0,2.0,12.0,3.0,11.0,6.0,10.0,3.0,26.0,3.0,6.0,2.0,1.0,21.0,30.0,1.0,1.0,0.0,9.0,1.0,7.0,4.0,8.0,18.0,6.0,2.0,4.0,9.0,2.0,2.0,3.0,5.0,14.0
2166,201512,7,4.0,12.0,3.0,20.0,1.0,15.0,7.0,7.0,6.0,8.0,3.0,7.0,8.0,4.0,79.0,29.0,1.0,2.0,58.0,10.0,1.0,13.0,5.0,7.0,18.0,15.0,11.0,6.0,9.0,1.0,2.0,0.0,3.0,15.0
2167,201512,8,6.0,15.0,9.0,8.0,1.0,11.0,16.0,10.0,11.0,5.0,3.0,11.0,2.0,2.0,9.0,20.0,1.0,4.0,2.0,13.0,0.0,25.0,1.0,7.0,13.0,10.0,8.0,5.0,6.0,3.0,1.0,0.0,2.0,13.0
2168,201512,9,4.0,17.0,10.0,10.0,2.0,9.0,10.0,6.0,2.0,11.0,8.0,19.0,4.0,8.0,13.0,11.0,1.0,5.0,1.0,39.0,1.0,19.0,9.0,11.0,11.0,7.0,6.0,4.0,10.0,4.0,1.0,2.0,7.0,10.0
2169,201512,10,6.0,10.0,7.0,7.0,3.0,14.0,14.0,7.0,3.0,6.0,6.0,5.0,4.0,4.0,10.0,10.0,3.0,7.0,3.0,22.0,0.0,25.0,4.0,8.0,16.0,7.0,3.0,2.0,3.0,0.0,0.0,1.0,2.0,6.0
2170,201512,11,1.0,7.0,12.0,3.0,0.0,22.0,9.0,5.0,5.0,2.0,3.0,1.0,2.0,1.0,8.0,8.0,2.0,1.0,0.0,4.0,0.0,10.0,3.0,6.0,6.0,3.0,8.0,1.0,4.0,5.0,2.0,0.0,2.0,9.0
2171,201512,12,2.0,4.0,8.0,10.0,2.0,8.0,6.0,1.0,1.0,7.0,4.0,22.0,3.0,14.0,13.0,16.0,4.0,1.0,48.0,5.0,5.0,7.0,2.0,8.0,5.0,4.0,9.0,7.0,4.0,1.0,3.0,1.0,0.0,4.0
2172,201512,13,4.0,3.0,8.0,22.0,5.0,4.0,14.0,1.0,2.0,7.0,2.0,30.0,3.0,13.0,15.0,10.0,1.0,2.0,23.0,11.0,2.0,28.0,8.0,9.0,10.0,7.0,8.0,1.0,4.0,4.0,2.0,1.0,1.0,4.0
2173,201512,14,23.0,12.0,15.0,20.0,0.0,57.0,17.0,37.0,7.0,40.0,3.0,14.0,10.0,21.0,26.0,44.0,3.0,3.0,2.0,10.0,1.0,10.0,19.0,11.0,25.0,18.0,15.0,8.0,18.0,1.0,6.0,2.0,30.0,143.0
2174,201512,15,11.0,25.0,35.0,42.0,2.0,16.0,32.0,7.0,10.0,7.0,11.0,8.0,13.0,313.0,26.0,15.0,2.0,9.0,9.0,39.0,14.0,31.0,25.0,21.0,14.0,32.0,10.0,1.0,5.0,8.0,1.0,2.0,3.0,9.0
2175,201512,16,4.0,10.0,8.0,12.0,3.0,10.0,19.0,4.0,6.0,7.0,10.0,6.0,5.0,18.0,16.0,7.0,3.0,4.0,0.0,8.0,3.0,14.0,6.0,11.0,19.0,9.0,3.0,0.0,6.0,2.0,2.0,1.0,0.0,6.0
2176,201512,17,38.0,9.0,9.0,13.0,1.0,23.0,25.0,38.0,7.0,14.0,7.0,15.0,7.0,7.0,24.0,19.0,6.0,7.0,3.0,5.0,0.0,9.0,10.0,16.0,19.0,6.0,16.0,2.0,10.0,3.0,6.0,3.0,4.0,9.0
2177,201512,18,8.0,6.0,6.0,10.0,0.0,10.0,19.0,4.0,2.0,6.0,6.0,6.0,0.0,2.0,6.0,6.0,4.0,1.0,2.0,28.0,2.0,72.0,16.0,3.0,12.0,6.0,6.0,0.0,6.0,7.0,3.0,2.0,1.0,4.0
2178,201512,19,3.0,11.0,9.0,10.0,0.0,10.0,18.0,3.0,2.0,2.0,2.0,4.0,1.0,5.0,11.0,8.0,4.0,1.0,1.0,7.0,1.0,13.0,15.0,9.0,10.0,2.0,6.0,2.0,6.0,1.0,1.0,3.0,2.0,0.0
2179,201512,20,2.0,8.0,7.0,11.0,1.0,5.0,20.0,4.0,0.0,4.0,2.0,2.0,1.0,19.0,12.0,3.0,0.0,2.0,0.0,26.0,3.0,43.0,25.0,9.0,8.0,3.0,4.0,1.0,1.0,8.0,0.0,1.0,4.0,3.0
2180,201512,21,6.0,12.0,18.0,14.0,4.0,6.0,43.0,7.0,4.0,5.0,9.0,3.0,5.0,12.0,10.0,7.0,4.0,6.0,3.0,34.0,1.0,88.0,17.0,14.0,25.0,10.0,4.0,1.0,3.0,8.0,4.0,6.0,0.0,7.0
2181,201512,22,28.0,17.0,22.0,7.0,2.0,28.0,29.0,46.0,8.0,20.0,17.0,51.0,9.0,23.0,23.0,18.0,7.0,6.0,3.0,29.0,2.0,30.0,11.0,17.0,31.0,12.0,16.0,4.0,30.0,4.0,4.0,1.0,4.0,5.0
2182,201512,23,74.0,16.0,14.0,18.0,5.0,66.0,20.0,54.0,0.0,47.0,9.0,75.0,27.0,26.0,30.0,55.0,5.0,5.0,2.0,11.0,3.0,10.0,7.0,21.0,55.0,16.0,35.0,6.0,36.0,2.0,4.0,1.0,20.0,73.0
2183,201512,24,16.0,22.0,10.0,18.0,11.0,33.0,12.0,12.0,0.0,12.0,28.0,21.0,148.0,18.0,24.0,26.0,7.0,4.0,7.0,15.0,1.0,20.0,10.0,25.0,53.0,14.0,21.0,4.0,10.0,1.0,7.0,4.0,6.0,4.0
2184,201512,25,4.0,7.0,1.0,11.0,4.0,5.0,3.0,4.0,0.0,5.0,12.0,15.0,17.0,38.0,19.0,11.0,8.0,4.0,1.0,10.0,1.0,4.0,2.0,3.0,9.0,9.0,9.0,2.0,7.0,2.0,4.0,1.0,6.0,10.0
2185,201512,26,6.0,253.0,26.0,12.0,14.0,3.0,7.0,4.0,0.0,11.0,28.0,26.0,14.0,32.0,23.0,12.0,2.0,18.0,9.0,13.0,4.0,6.0,6.0,21.0,9.0,19.0,20.0,2.0,5.0,7.0,3.0,0.0,1.0,5.0
2186,201512,27,16.0,502.0,71.0,27.0,21.0,20.0,27.0,29.0,3.0,66.0,235.0,17.0,24.0,53.0,59.0,27.0,19.0,56.0,14.0,37.0,16.0,33.0,11.0,49.0,36.0,65.0,22.0,6.0,20.0,11.0,12.0,2.0,11.0,9.0
2187,201512,28,45.0,242.0,52.0,118.0,15.0,54.0,33.0,34.0,1.0,50.0,74.0,58.0,47.0,75.0,757.0,180.0,32.0,37.0,221.0,58.0,25.0,59.0,18.0,53.0,91.0,103.0,47.0,25.0,26.0,21.0,14.0,5.0,18.0,32.0
2188,201512,29,58.0,82.0,40.0,52.0,12.0,87.0,28.0,38.0,4.0,26.0,31.0,28.0,24.0,42.0,98.0,74.0,18.0,18.0,25.0,36.0,10.0,39.0,18.0,34.0,39.0,22.0,19.0,15.0,25.0,7.0,13.0,1.0,14.0,38.0
2189,201512,30,18.0,35.0,23.0,16.0,6.0,27.0,18.0,12.0,18.0,18.0,20.0,49.0,28.0,25.0,64.0,23.0,7.0,6.0,15.0,15.0,7.0,19.0,7.0,11.0,25.0,16.0,21.0,7.0,23.0,3.0,5.0,3.0,6.0,11.0
2190,201512,31,9.0,10.0,4.0,2.0,2.0,15.0,7.0,5.0,0.0,5.0,8.0,8.0,4.0,5.0,10.0,12.0,1.0,3.0,3.0,8.0,0.0,10.0,2.0,7.0,12.0,5.0,9.0,1.0,2.0,2.0,2.0,3.0,2.0,3.0
2191,201601,1,2.0,11.0,2.0,6.0,0.0,5.0,1.0,2.0,3.0,3.0,11.0,7.0,2.0,5.0,9.0,14.0,3.0,3.0,1.0,3.0,0.0,0.0,2.0,1.0,9.0,4.0,4.0,0.0,4.0,1.0,3.0,2.0,0.0,2.0
2192,201601,2,5.0,13.0,2.0,0.0,0.0,3.0,6.0,1.0,0.0,4.0,3.0,7.0,0.0,8.0,3.0,7.0,4.0,2.0,0.0,10.0,0.0,4.0,2.0,3.0,7.0,3.0,4.0,0.0,3.0,3.0,0.0,3.0,3.0,1.0
2193,201601,3,5.0,11.0,9.0,8.0,2.0,2.0,12.0,2.0,6.0,2.0,3.0,4.0,3.0,7.0,25.0,9.0,2.0,2.0,3.0,18.0,2.0,41.0,4.0,5.0,11.0,4.0,3.0,1.0,3.0,5.0,2.0,0.0,3.0,3.0
2194,201601,4,2.0,12.0,12.0,8.0,0.0,7.0,21.0,2.0,6.0,2.0,7.0,4.0,0.0,7.0,13.0,9.0,5.0,2.0,2.0,13.0,4.0,26.0,2.0,4.0,3.0,2.0,3.0,2.0,3.0,6.0,0.0,3.0,1.0,5.0
2195,201601,5,0.0,7.0,13.0,1.0,2.0,10.0,21.0,2.0,3.0,8.0,4.0,4.0,3.0,9.0,8.0,5.0,2.0,1.0,4.0,28.0,83.0,34.0,14.0,4.0,9.0,2.0,4.0,3.0,2.0,13.0,5.0,1.0,6.0,6.0
2196,201601,6,3.0,9.0,24.0,8.0,1.0,8.0,24.0,2.0,0.0,5.0,6.0,3.0,4.0,13.0,3.0,1.0,0.0,1.0,0.0,56.0,36.0,82.0,8.0,9.0,13.0,3.0,0.0,2.0,2.0,16.0,2.0,2.0,1.0,4.0
2197,201601,7,2.0,19.0,28.0,21.0,1.0,8.0,18.0,0.0,4.0,11.0,8.0,5.0,5.0,21.0,26.0,7.0,0.0,4.0,2.0,20.0,11.0,17.0,12.0,6.0,7.0,11.0,3.0,1.0,4.0,2.0,1.0,1.0,0.0,2.0
2198,201601,8,6.0,24.0,11.0,19.0,0.0,3.0,5.0,0.0,2.0,7.0,59.0,6.0,8.0,27.0,66.0,6.0,0.0,10.0,5.0,6.0,3.0,6.0,5.0,8.0,5.0,10.0,4.0,0.0,5.0,4.0,0.0,1.0,0.0,4.0
2199,201601,9,1.0,6.0,1.0,11.0,2.0,7.0,1.0,1.0,5.0,5.0,12.0,8.0,6.0,6.0,50.0,6.0,3.0,4.0,18.0,7.0,3.0,5.0,3.0,7.0,8.0,11.0,5.0,3.0,4.0,1.0,2.0,2.0,0.0,1.0
2200,201601,10,10.0,8.0,3.0,20.0,1.0,33.0,1.0,14.0,2.0,13.0,5.0,8.0,2.0,8.0,24.0,102.0,6.0,1.0,16.0,2.0,3.0,4.0,10.0,7.0,22.0,8.0,5.0,3.0,10.0,0.0,2.0,1.0,31.0,19.0
2201,201601,11,6.0,5.0,6.0,18.0,2.0,8.0,1.0,2.0,2.0,5.0,5.0,5.0,9.0,3.0,58.0,19.0,0.0,2.0,19.0,7.0,1.0,5.0,9.0,8.0,7.0,9.0,2.0,3.0,9.0,2.0,2.0,1.0,4.0,12.0
2202,201601,12,8.0,7.0,7.0,11.0,2.0,18.0,4.0,15.0,18.0,14.0,9.0,6.0,5.0,7.0,10.0,46.0,1.0,1.0,2.0,9.0,3.0,7.0,7.0,4.0,16.0,4.0,5.0,3.0,5.0,0.0,5.0,4.0,2.0,3.0
2203,201601,13,4.0,6.0,2.0,10.0,4.0,25.0,6.0,6.0,2.0,7.0,0.0,2.0,4.0,0.0,14.0,19.0,1.0,1.0,8.0,10.0,1.0,21.0,1.0,1.0,15.0,5.0,2.0,2.0,4.0,6.0,1.0,0.0,4.0,7.0
2204,201601,14,3.0,5.0,3.0,5.0,3.0,10.0,7.0,5.0,4.0,5.0,2.0,2.0,3.0,3.0,2.0,12.0,1.0,1.0,3.0,20.0,4.0,36.0,4.0,3.0,6.0,4.0,2.0,2.0,1.0,4.0,2.0,0.0,0.0,5.0
2205,201601,15,0.0,4.0,2.0,4.0,2.0,3.0,1.0,2.0,2.0,3.0,2.0,6.0,4.0,11.0,8.0,7.0,5.0,0.0,0.0,2.0,2.0,6.0,1.0,6.0,3.0,6.0,3.0,0.0,4.0,1.0,2.0,1.0,1.0,3.0
2206,201601,16,2.0,2.0,2.0,4.0,3.0,6.0,3.0,4.0,4.0,3.0,2.0,4.0,3.0,7.0,4.0,13.0,8.0,1.0,1.0,1.0,4.0,3.0,6.0,1.0,5.0,3.0,6.0,4.0,1.0,1.0,16.0,4.0,1.0,6.0
2207,201601,17,1.0,6.0,4.0,9.0,1.0,14.0,6.0,15.0,4.0,9.0,3.0,10.0,2.0,6.0,6.0,14.0,1.0,0.0,3.0,11.0,0.0,28.0,4.0,6.0,1.0,1.0,3.0,4.0,3.0,3.0,1.0,1.0,2.0,3.0
2208,201601,18,5.0,4.0,5.0,9.0,1.0,9.0,5.0,2.0,0.0,14.0,0.0,9.0,5.0,3.0,9.0,30.0,0.0,1.0,2.0,5.0,1.0,4.0,8.0,5.0,7.0,8.0,4.0,0.0,11.0,1.0,3.0,3.0,4.0,40.0
2209,201601,19,2.0,9.0,9.0,7.0,1.0,13.0,14.0,2.0,3.0,8.0,2.0,12.0,0.0,2.0,2.0,9.0,0.0,1.0,3.0,29.0,3.0,48.0,11.0,4.0,8.0,8.0,4.0,1.0,6.0,7.0,0.0,1.0,2.0,19.0
2210,201601,20,4.0,8.0,9.0,2.0,3.0,3.0,9.0,8.0,0.0,15.0,3.0,13.0,9.0,14.0,4.0,6.0,4.0,2.0,1.0,17.0,1.0,12.0,4.0,35.0,10.0,6.0,10.0,2.0,6.0,1.0,0.0,0.0,2.0,5.0
2211,201601,21,4.0,24.0,3.0,11.0,5.0,12.0,8.0,8.0,0.0,10.0,17.0,17.0,4.0,7.0,7.0,12.0,2.0,3.0,9.0,8.0,2.0,6.0,2.0,13.0,13.0,7.0,8.0,5.0,5.0,5.0,2.0,1.0,5.0,10.0
2212,201601,22,74.0,83.0,38.0,46.0,54.0,155.0,31.0,145.0,1.0,320.0,84.0,759.0,211.0,47.0,143.0,150.0,74.0,21.0,44.0,92.0,33.0,115.0,11.0,237.0,164.0,57.0,141.0,137.0,266.0,20.0,71.0,2.0,37.0,104.0
2213,201601,23,269.0,68.0,38.0,35.0,57.0,268.0,23.0,341.0,1.0,345.0,67.0,431.0,155.0,46.0,111.0,171.0,103.0,16.0,42.0,64.0,32.0,49.0,21.0,89.0,113.0,39.0,188.0,228.0,223.0,13.0,149.0,4.0,273.0,244.0
2214,201601,24,342.0,72.0,25.0,38.0,36.0,280.0,22.0,301.0,0.0,443.0,59.0,146.0,90.0,53.0,136.0,182.0,75.0,13.0,40.0,52.0,16.0,43.0,15.0,65.0,126.0,45.0,134.0,231.0,214.0,14.0,83.0,1.0,261.0,366.0
2215,201601,25,260.0,19.0,6.0,22.0,12.0,146.0,14.0,77.0,6.0,205.0,23.0,54.0,21.0,13.0,56.0,81.0,17.0,3.0,10.0,22.0,11.0,11.0,4.0,35.0,78.0,21.0,42.0,79.0,140.0,4.0,24.0,2.0,42.0,184.0
2216,201601,26,222.0,3.0,7.0,10.0,5.0,41.0,3.0,7.0,1.0,28.0,6.0,21.0,11.0,5.0,17.0,33.0,10.0,2.0,6.0,12.0,6.0,7.0,4.0,14.0,36.0,9.0,17.0,15.0,45.0,1.0,10.0,1.0,2.0,29.0
2217,201601,27,13.0,4.0,8.0,8.0,4.0,9.0,4.0,1.0,1.0,6.0,3.0,5.0,0.0,5.0,8.0,9.0,2.0,0.0,2.0,9.0,2.0,14.0,4.0,9.0,8.0,4.0,4.0,1.0,12.0,3.0,0.0,1.0,6.0,8.0
2218,201601,28,4.0,1.0,6.0,6.0,2.0,7.0,6.0,3.0,2.0,4.0,2.0,8.0,5.0,3.0,2.0,3.0,8.0,0.0,2.0,4.0,4.0,8.0,1.0,1.0,8.0,7.0,2.0,2.0,8.0,6.0,3.0,1.0,3.0,3.0
2219,201601,29,0.0,4.0,2.0,6.0,2.0,4.0,2.0,3.0,0.0,2.0,0.0,3.0,4.0,3.0,2.0,4.0,0.0,0.0,0.0,12.0,3.0,25.0,4.0,2.0,4.0,6.0,1.0,3.0,2.0,3.0,0.0,1.0,2.0,0.0
2220,201601,30,1.0,3.0,5.0,3.0,0.0,0.0,3.0,2.0,2.0,1.0,0.0,5.0,0.0,10.0,1.0,0.0,0.0,2.0,1.0,7.0,2.0,5.0,2.0,4.0,4.0,0.0,3.0,1.0,3.0,1.0,2.0,2.0,2.0,0.0
2221,201601,31,0.0,8.0,5.0,7.0,0.0,3.0,8.0,0.0,9.0,2.0,3.0,1.0,1.0,30.0,4.0,8.0,0.0,2.0,1.0,20.0,10.0,24.0,1.0,5.0,1.0,1.0,1.0,0.0,2.0,4.0,0.0,0.0,6.0,4.0
2222,201602,1,13.0,35.0,23.0,41.0,5.0,4.0,14.0,5.0,2.0,9.0,25.0,6.0,9.0,332.0,44.0,11.0,6.0,8.0,8.0,26.0,9.0,19.0,30.0,10.0,10.0,24.0,4.0,4.0,7.0,8.0,2.0,0.0,3.0,7.0
2223,201602,2,8.0,23.0,15.0,270.0,9.0,8.0,10.0,4.0,3.0,13.0,23.0,11.0,26.0,103.0,120.0,22.0,5.0,4.0,21.0,28.0,8.0,44.0,8.0,15.0,17.0,33.0,3.0,1.0,5.0,5.0,2.0,2.0,4.0,7.0
2224,201602,3,24.0,9.0,5.0,79.0,6.0,26.0,5.0,14.0,3.0,45.0,6.0,32.0,6.0,8.0,19.0,27.0,3.0,3.0,18.0,5.0,2.0,3.0,5.0,10.0,24.0,8.0,11.0,2.0,24.0,1.0,4.0,3.0,6.0,12.0
2225,201602,4,11.0,3.0,6.0,5.0,1.0,10.0,3.0,3.0,3.0,16.0,5.0,10.0,6.0,7.0,9.0,10.0,1.0,1.0,5.0,3.0,0.0,4.0,5.0,7.0,30.0,5.0,8.0,3.0,14.0,5.0,2.0,1.0,1.0,4.0
2226,201602,5,47.0,11.0,4.0,6.0,3.0,162.0,3.0,30.0,4.0,49.0,4.0,25.0,11.0,6.0,19.0,53.0,11.0,1.0,5.0,5.0,3.0,6.0,1.0,14.0,39.0,11.0,17.0,6.0,24.0,0.0,9.0,2.0,41.0,178.0
2227,201602,6,3.0,4.0,3.0,1.0,2.0,7.0,1.0,2.0,1.0,3.0,4.0,3.0,3.0,1.0,2.0,4.0,6.0,2.0,0.0,1.0,3.0,0.0,0.0,1.0,4.0,6.0,5.0,1.0,1.0,0.0,2.0,3.0,0.0,2.0
2228,201602,7,0.0,3.0,4.0,7.0,1.0,2.0,0.0,0.0,4.0,8.0,2.0,3.0,3.0,7.0,3.0,2.0,1.0,2.0,0.0,3.0,1.0,3.0,0.0,6.0,2.0,3.0,5.0,0.0,3.0,1.0,0.0,1.0,2.0,2.0
2229,201602,8,47.0,9.0,2.0,5.0,6.0,199.0,2.0,24.0,2.0,44.0,11.0,14.0,8.0,5.0,36.0,40.0,13.0,0.0,8.0,4.0,2.0,7.0,4.0,9.0,33.0,9.0,32.0,14.0,20.0,3.0,24.0,4.0,36.0,133.0
2230,201602,9,29.0,5.0,9.0,11.0,5.0,37.0,7.0,44.0,0.0,32.0,6.0,6.0,9.0,6.0,10.0,23.0,3.0,0.0,3.0,18.0,4.0,12.0,3.0,9.0,20.0,5.0,13.0,26.0,9.0,1.0,6.0,2.0,2.0,18.0
2231,201602,10,19.0,4.0,7.0,6.0,1.0,15.0,2.0,13.0,2.0,14.0,2.0,11.0,2.0,1.0,7.0,12.0,1.0,1.0,0.0,12.0,2.0,8.0,1.0,5.0,16.0,2.0,3.0,0.0,7.0,3.0,3.0,3.0,1.0,31.0
2232,201602,11,10.0,3.0,6.0,1.0,1.0,20.0,0.0,9.0,1.0,14.0,2.0,7.0,5.0,3.0,4.0,22.0,3.0,2.0,2.0,7.0,1.0,8.0,1.0,3.0,12.0,3.0,7.0,1.0,4.0,0.0,4.0,2.0,1.0,39.0
2233,201602,12,6.0,12.0,4.0,5.0,3.0,18.0,2.0,14.0,8.0,12.0,5.0,13.0,3.0,3.0,6.0,24.0,0.0,2.0,3.0,6.0,0.0,6.0,0.0,7.0,13.0,7.0,4.0,2.0,5.0,1.0,3.0,0.0,2.0,7.0
2234,201602,13,2.0,10.0,6.0,1.0,2.0,10.0,0.0,6.0,11.0,3.0,3.0,3.0,3.0,4.0,4.0,12.0,3.0,1.0,0.0,3.0,2.0,1.0,4.0,4.0,7.0,2.0,2.0,1.0,4.0,2.0,3.0,2.0,0.0,0.0
2235,201602,14,14.0,3.0,2.0,28.0,2.0,17.0,5.0,21.0,1.0,26.0,18.0,27.0,9.0,12.0,156.0,32.0,2.0,5.0,53.0,7.0,1.0,8.0,6.0,15.0,33.0,19.0,3.0,7.0,8.0,3.0,2.0,0.0,2.0,12.0
2236,201602,15,116.0,23.0,7.0,23.0,21.0,144.0,6.0,140.0,3.0,275.0,27.0,316.0,69.0,12.0,89.0,118.0,23.0,10.0,22.0,8.0,2.0,12.0,1.0,46.0,119.0,36.0,60.0,88.0,131.0,3.0,22.0,0.0,70.0,148.0
2237,201602,16,98.0,13.0,13.0,20.0,9.0,124.0,3.0,69.0,3.0,112.0,11.0,97.0,33.0,10.0,47.0,121.0,11.0,5.0,15.0,13.0,4.0,14.0,3.0,34.0,81.0,15.0,39.0,23.0,73.0,2.0,24.0,0.0,45.0,137.0
2238,201602,17,11.0,10.0,16.0,12.0,4.0,24.0,13.0,7.0,11.0,22.0,6.0,15.0,8.0,9.0,13.0,23.0,1.0,2.0,8.0,30.0,4.0,71.0,7.0,8.0,18.0,8.0,9.0,3.0,12.0,12.0,3.0,1.0,4.0,11.0
2239,201602,18,3.0,5.0,3.0,11.0,0.0,5.0,3.0,10.0,5.0,4.0,3.0,5.0,7.0,40.0,7.0,3.0,1.0,1.0,4.0,17.0,2.0,16.0,13.0,9.0,9.0,3.0,0.0,4.0,7.0,4.0,1.0,2.0,2.0,2.0
2240,201602,19,6.0,3.0,1.0,16.0,0.0,10.0,4.0,6.0,0.0,9.0,6.0,6.0,3.0,15.0,134.0,15.0,2.0,1.0,7.0,10.0,0.0,20.0,2.0,10.0,17.0,12.0,3.0,3.0,4.0,3.0,1.0,1.0,0.0,4.0
2241,201602,20,1.0,1.0,2.0,1.0,1.0,6.0,0.0,3.0,1.0,1.0,5.0,1.0,1.0,6.0,2.0,2.0,0.0,0.0,2.0,1.0,0.0,7.0,1.0,5.0,2.0,3.0,1.0,1.0,0.0,0.0,1.0,2.0,0.0,0.0
2242,201602,21,1.0,4.0,2.0,3.0,2.0,5.0,0.0,8.0,0.0,9.0,1.0,15.0,4.0,3.0,3.0,3.0,2.0,0.0,0.0,1.0,0.0,0.0,1.0,8.0,12.0,5.0,6.0,1.0,10.0,2.0,2.0,2.0,0.0,3.0
2243,201602,22,5.0,10.0,3.0,6.0,2.0,3.0,2.0,4.0,0.0,6.0,1.0,12.0,3.0,8.0,5.0,6.0,0.0,0.0,0.0,4.0,2.0,4.0,1.0,6.0,22.0,4.0,6.0,1.0,7.0,1.0,1.0,0.0,1.0,3.0
2244,201602,23,27.0,13.0,6.0,4.0,1.0,20.0,1.0,7.0,4.0,20.0,9.0,10.0,9.0,5.0,8.0,18.0,2.0,1.0,3.0,7.0,3.0,6.0,1.0,7.0,7.0,4.0,8.0,2.0,11.0,6.0,2.0,1.0,6.0,27.0
2245,201602,24,106.0,28.0,14.0,88.0,13.0,112.0,5.0,88.0,0.0,144.0,24.0,90.0,61.0,18.0,521.0,174.0,29.0,5.0,217.0,16.0,11.0,15.0,8.0,54.0,110.0,74.0,52.0,38.0,75.0,5.0,21.0,3.0,58.0,186.0
2246,201602,25,22.0,11.0,5.0,18.0,5.0,48.0,3.0,40.0,4.0,33.0,10.0,19.0,9.0,10.0,39.0,57.0,5.0,1.0,17.0,6.0,2.0,4.0,3.0,11.0,35.0,11.0,25.0,1.0,21.0,1.0,10.0,0.0,14.0,60.0
2247,201602,26,3.0,5.0,2.0,2.0,2.0,15.0,4.0,6.0,2.0,6.0,3.0,6.0,2.0,1.0,6.0,13.0,0.0,0.0,3.0,5.0,5.0,3.0,1.0,1.0,4.0,4.0,8.0,1.0,4.0,1.0,2.0,0.0,2.0,22.0
2248,201602,27,0.0,4.0,1.0,1.0,1.0,1.0,4.0,2.0,7.0,2.0,1.0,2.0,1.0,1.0,0.0,4.0,2.0,1.0,0.0,6.0,3.0,5.0,3.0,3.0,4.0,0.0,1.0,1.0,2.0,2.0,2.0,0.0,1.0,2.0
2249,201602,28,2.0,0.0,1.0,1.0,1.0,3.0,1.0,3.0,0.0,3.0,0.0,7.0,2.0,0.0,1.0,1.0,0.0,0.0,1.0,4.0,2.0,6.0,0.0,4.0,1.0,4.0,4.0,1.0,4.0,1.0,1.0,0.0,0.0,3.0
2250,201602,29,3.0,5.0,0.0,7.0,2.0,9.0,4.0,5.0,4.0,10.0,3.0,11.0,4.0,3.0,8.0,6.0,0.0,3.0,4.0,7.0,0.0,16.0,3.0,3.0,8.0,2.0,4.0,2.0,6.0,3.0,4.0,1.0,1.0,5.0
2251,201603,1,19.0,14.0,4.0,39.0,3.0,25.0,10.0,7.0,3.0,24.0,14.0,9.0,18.0,6.0,315.0,83.0,4.0,4.0,67.0,9.0,2.0,14.0,3.0,20.0,41.0,29.0,11.0,10.0,14.0,3.0,3.0,2.0,3.0,12.0
2252,201603,2,9.0,5.0,6.0,7.0,2.0,18.0,4.0,4.0,0.0,12.0,6.0,7.0,7.0,23.0,11.0,28.0,0.0,3.0,5.0,15.0,2.0,15.0,1.0,4.0,19.0,8.0,8.0,1.0,6.0,10.0,1.0,2.0,2.0,46.0
2253,201603,3,7.0,4.0,5.0,4.0,2.0,6.0,2.0,4.0,1.0,12.0,5.0,15.0,6.0,2.0,4.0,7.0,1.0,1.0,9.0,11.0,3.0,16.0,1.0,7.0,9.0,3.0,2.0,3.0,10.0,4.0,2.0,6.0,1.0,4.0
2254,201603,4,22.0,4.0,1.0,10.0,1.0,30.0,2.0,21.0,1.0,19.0,3.0,10.0,10.0,0.0,4.0,11.0,2.0,3.0,5.0,10.0,3.0,14.0,1.0,5.0,15.0,6.0,4.0,1.0,11.0,1.0,2.0,1.0,2.0,33.0
2255,201603,5,7.0,4.0,1.0,1.0,1.0,5.0,10.0,13.0,1.0,9.0,2.0,4.0,1.0,4.0,2.0,2.0,1.0,1.0,0.0,18.0,5.0,48.0,4.0,3.0,4.0,0.0,2.0,1.0,5.0,2.0,2.0,4.0,1.0,0.0
2256,201603,6,6.0,5.0,4.0,4.0,1.0,3.0,4.0,13.0,2.0,5.0,7.0,11.0,2.0,3.0,4.0,5.0,0.0,1.0,0.0,8.0,1.0,29.0,10.0,9.0,7.0,1.0,2.0,2.0,1.0,2.0,1.0,2.0,1.0,2.0
2257,201603,7,6.0,11.0,7.0,5.0,1.0,5.0,7.0,11.0,3.0,7.0,7.0,5.0,1.0,7.0,2.0,2.0,0.0,2.0,2.0,15.0,1.0,18.0,4.0,3.0,6.0,4.0,1.0,1.0,7.0,2.0,6.0,0.0,2.0,2.0
2258,201603,8,5.0,124.0,11.0,6.0,4.0,7.0,1.0,10.0,6.0,8.0,68.0,9.0,7.0,4.0,11.0,7.0,2.0,6.0,3.0,5.0,4.0,6.0,9.0,25.0,8.0,11.0,6.0,1.0,4.0,2.0,1.0,3.0,2.0,3.0
2259,201603,9,7.0,47.0,5.0,9.0,4.0,11.0,5.0,10.0,6.0,11.0,89.0,15.0,8.0,9.0,15.0,7.0,3.0,10.0,1.0,17.0,2.0,29.0,6.0,19.0,12.0,9.0,9.0,1.0,11.0,5.0,1.0,1.0,4.0,24.0
2260,201603,10,12.0,27.0,9.0,5.0,4.0,6.0,14.0,11.0,2.0,7.0,18.0,8.0,7.0,8.0,9.0,11.0,1.0,2.0,1.0,35.0,3.0,68.0,3.0,15.0,14.0,6.0,4.0,2.0,9.0,7.0,1.0,0.0,0.0,7.0
2261,201603,11,5.0,7.0,5.0,3.0,1.0,5.0,12.0,7.0,0.0,3.0,2.0,9.0,1.0,3.0,4.0,5.0,1.0,0.0,1.0,28.0,5.0,62.0,5.0,9.0,9.0,3.0,3.0,0.0,5.0,7.0,1.0,0.0,1.0,3.0
2262,201603,12,1.0,5.0,4.0,1.0,0.0,3.0,2.0,7.0,0.0,5.0,3.0,13.0,0.0,3.0,3.0,3.0,0.0,2.0,0.0,11.0,3.0,11.0,4.0,4.0,3.0,0.0,5.0,0.0,4.0,0.0,1.0,1.0,2.0,0.0
2263,201603,13,6.0,8.0,12.0,9.0,4.0,3.0,21.0,10.0,2.0,6.0,8.0,7.0,5.0,5.0,11.0,3.0,3.0,6.0,52.0,25.0,10.0,62.0,11.0,12.0,8.0,15.0,7.0,3.0,6.0,8.0,2.0,2.0,1.0,3.0
2264,201603,14,30.0,5.0,3.0,9.0,2.0,25.0,21.0,30.0,0.0,14.0,6.0,21.0,4.0,11.0,14.0,26.0,6.0,1.0,64.0,11.0,0.0,15.0,7.0,10.0,15.0,5.0,5.0,4.0,10.0,0.0,1.0,1.0,1.0,12.0
2265,201603,15,7.0,6.0,1.0,11.0,1.0,8.0,0.0,8.0,0.0,9.0,6.0,13.0,8.0,14.0,16.0,9.0,4.0,1.0,6.0,6.0,3.0,7.0,3.0,1.0,2.0,5.0,4.0,0.0,8.0,1.0,1.0,1.0,2.0,6.0
2266,201603,16,3.0,4.0,4.0,17.0,1.0,3.0,0.0,5.0,0.0,5.0,8.0,4.0,1.0,3.0,25.0,7.0,3.0,1.0,4.0,7.0,0.0,5.0,2.0,2.0,3.0,7.0,2.0,0.0,1.0,2.0,0.0,0.0,2.0,8.0
2267,201603,17,13.0,11.0,2.0,7.0,3.0,5.0,5.0,11.0,0.0,5.0,5.0,7.0,4.0,11.0,5.0,5.0,2.0,2.0,2.0,3.0,1.0,6.0,6.0,10.0,8.0,7.0,3.0,2.0,5.0,1.0,1.0,1.0,1.0,4.0
2268,201603,18,6.0,10.0,5.0,3.0,0.0,4.0,3.0,3.0,2.0,5.0,7.0,4.0,3.0,2.0,6.0,4.0,2.0,0.0,0.0,2.0,1.0,6.0,0.0,17.0,9.0,4.0,1.0,1.0,2.0,0.0,2.0,1.0,0.0,3.0
2269,201603,19,0.0,3.0,3.0,5.0,1.0,3.0,0.0,7.0,3.0,5.0,4.0,8.0,2.0,4.0,1.0,4.0,3.0,1.0,1.0,2.0,0.0,2.0,0.0,3.0,1.0,2.0,2.0,1.0,3.0,1.0,0.0,2.0,0.0,1.0
2270,201603,20,5.0,7.0,2.0,3.0,2.0,5.0,2.0,10.0,2.0,8.0,6.0,6.0,3.0,5.0,7.0,4.0,6.0,0.0,2.0,9.0,1.0,11.0,0.0,12.0,7.0,4.0,3.0,4.0,4.0,1.0,5.0,0.0,2.0,13.0
2271,201603,21,7.0,9.0,2.0,5.0,3.0,68.0,4.0,5.0,1.0,11.0,3.0,2.0,1.0,2.0,5.0,11.0,1.0,0.0,1.0,14.0,2.0,26.0,2.0,1.0,10.0,3.0,3.0,1.0,8.0,2.0,4.0,0.0,2.0,17.0
2272,201603,22,0.0,4.0,7.0,4.0,0.0,8.0,7.0,1.0,5.0,6.0,1.0,2.0,2.0,15.0,5.0,2.0,0.0,1.0,1.0,6.0,1.0,5.0,3.0,3.0,8.0,3.0,3.0,0.0,2.0,0.0,1.0,1.0,0.0,4.0
2273,201603,23,12.0,46.0,47.0,104.0,7.0,13.0,37.0,11.0,1.0,4.0,29.0,11.0,19.0,747.0,57.0,21.0,5.0,14.0,13.0,50.0,27.0,52.0,53.0,24.0,27.0,39.0,16.0,5.0,15.0,20.0,6.0,4.0,4.0,10.0
2274,201603,24,7.0,13.0,13.0,41.0,6.0,6.0,20.0,9.0,3.0,4.0,20.0,6.0,16.0,99.0,22.0,19.0,11.0,7.0,4.0,18.0,8.0,13.0,18.0,13.0,20.0,14.0,21.0,5.0,16.0,3.0,9.0,1.0,13.0,10.0
2275,201603,25,7.0,12.0,7.0,9.0,2.0,13.0,10.0,7.0,3.0,6.0,7.0,4.0,2.0,37.0,11.0,11.0,2.0,4.0,5.0,8.0,1.0,8.0,1.0,7.0,11.0,5.0,9.0,0.0,6.0,0.0,5.0,3.0,3.0,4.0
2276,201603,26,3.0,8.0,0.0,7.0,7.0,5.0,3.0,7.0,0.0,2.0,5.0,6.0,3.0,10.0,3.0,9.0,5.0,1.0,1.0,2.0,1.0,2.0,2.0,4.0,3.0,1.0,11.0,1.0,3.0,0.0,2.0,0.0,1.0,1.0
2277,201603,27,4.0,8.0,2.0,8.0,2.0,4.0,5.0,6.0,6.0,4.0,4.0,8.0,3.0,2.0,5.0,3.0,1.0,0.0,0.0,5.0,2.0,3.0,1.0,5.0,2.0,3.0,3.0,3.0,3.0,2.0,0.0,0.0,2.0,2.0
2278,201603,28,6.0,5.0,6.0,4.0,1.0,8.0,17.0,6.0,34.0,16.0,3.0,16.0,1.0,7.0,3.0,10.0,1.0,1.0,0.0,14.0,6.0,16.0,3.0,1.0,10.0,2.0,4.0,5.0,6.0,6.0,3.0,3.0,2.0,14.0
2279,201603,29,5.0,5.0,3.0,3.0,2.0,16.0,5.0,2.0,28.0,14.0,6.0,4.0,1.0,11.0,7.0,12.0,0.0,0.0,0.0,4.0,2.0,3.0,4.0,1.0,3.0,2.0,2.0,1.0,3.0,4.0,2.0,1.0,1.0,22.0
2280,201603,30,4.0,77.0,8.0,3.0,2.0,7.0,1.0,5.0,0.0,6.0,24.0,4.0,3.0,16.0,26.0,7.0,4.0,2.0,8.0,7.0,4.0,5.0,1.0,17.0,11.0,13.0,6.0,1.0,1.0,1.0,2.0,2.0,0.0,3.0
2281,201603,31,7.0,15.0,5.0,16.0,0.0,15.0,7.0,5.0,6.0,3.0,6.0,9.0,6.0,5.0,85.0,33.0,2.0,1.0,13.0,8.0,3.0,4.0,3.0,10.0,23.0,12.0,5.0,1.0,5.0,0.0,1.0,1.0,0.0,1.0
2282,201604,1,17.0,9.0,1.0,8.0,1.0,15.0,4.0,11.0,0.0,12.0,5.0,15.0,6.0,0.0,2.0,9.0,1.0,3.0,1.0,7.0,1.0,5.0,0.0,9.0,7.0,6.0,5.0,2.0,2.0,1.0,2.0,1.0,13.0,15.0
2283,201604,2,2.0,7.0,3.0,8.0,21.0,8.0,3.0,4.0,0.0,6.0,3.0,9.0,13.0,3.0,18.0,11.0,14.0,2.0,12.0,8.0,3.0,0.0,2.0,8.0,9.0,6.0,30.0,6.0,2.0,0.0,19.0,1.0,1.0,2.0
2284,201604,3,35.0,8.0,3.0,4.0,2.0,30.0,2.0,12.0,0.0,13.0,5.0,9.0,2.0,3.0,14.0,15.0,3.0,2.0,4.0,8.0,2.0,5.0,2.0,6.0,12.0,7.0,6.0,1.0,9.0,1.0,6.0,3.0,5.0,16.0
2285,201604,4,29.0,0.0,4.0,5.0,1.0,72.0,3.0,10.0,3.0,15.0,8.0,10.0,13.0,3.0,8.0,32.0,5.0,0.0,3.0,11.0,4.0,8.0,2.0,8.0,18.0,1.0,6.0,5.0,14.0,1.0,10.0,4.0,8.0,25.0
2286,201604,5,4.0,4.0,6.0,3.0,2.0,11.0,4.0,2.0,2.0,6.0,3.0,6.0,3.0,1.0,7.0,9.0,2.0,0.0,3.0,14.0,1.0,9.0,0.0,3.0,5.0,1.0,3.0,0.0,7.0,5.0,3.0,2.0,3.0,1.0
2287,201604,6,3.0,3.0,4.0,5.0,2.0,6.0,2.0,4.0,4.0,2.0,3.0,4.0,0.0,2.0,1.0,5.0,0.0,0.0,0.0,3.0,2.0,7.0,4.0,1.0,11.0,4.0,3.0,0.0,3.0,1.0,2.0,0.0,1.0,3.0
2288,201604,7,30.0,3.0,4.0,6.0,0.0,36.0,3.0,15.0,4.0,32.0,7.0,11.0,4.0,2.0,18.0,22.0,1.0,0.0,1.0,11.0,2.0,7.0,0.0,8.0,19.0,5.0,10.0,5.0,13.0,4.0,5.0,1.0,41.0,37.0
2289,201604,8,6.0,3.0,2.0,8.0,1.0,13.0,4.0,3.0,4.0,5.0,5.0,9.0,3.0,0.0,4.0,7.0,3.0,1.0,2.0,11.0,5.0,17.0,1.0,10.0,8.0,10.0,7.0,0.0,5.0,4.0,5.0,0.0,8.0,5.0
2290,201604,9,2.0,6.0,2.0,1.0,1.0,7.0,1.0,5.0,2.0,5.0,1.0,2.0,1.0,1.0,0.0,11.0,0.0,1.0,0.0,8.0,21.0,7.0,2.0,4.0,2.0,1.0,1.0,0.0,1.0,3.0,1.0,1.0,0.0,1.0
2291,201604,10,1.0,6.0,0.0,4.0,2.0,1.0,1.0,2.0,0.0,4.0,2.0,6.0,2.0,2.0,6.0,7.0,0.0,0.0,0.0,6.0,0.0,5.0,1.0,4.0,5.0,2.0,1.0,0.0,2.0,4.0,3.0,2.0,2.0,0.0
2292,201604,11,3.0,19.0,6.0,5.0,1.0,11.0,3.0,9.0,1.0,3.0,6.0,8.0,5.0,3.0,5.0,6.0,0.0,0.0,2.0,6.0,1.0,12.0,2.0,5.0,3.0,3.0,1.0,0.0,3.0,3.0,5.0,4.0,2.0,3.0
2293,201604,12,6.0,2.0,8.0,5.0,2.0,3.0,7.0,3.0,1.0,6.0,2.0,8.0,2.0,5.0,8.0,4.0,1.0,2.0,2.0,7.0,1.0,8.0,0.0,8.0,2.0,3.0,4.0,0.0,6.0,3.0,4.0,2.0,0.0,3.0
2294,201604,13,2.0,2.0,1.0,3.0,1.0,4.0,5.0,1.0,1.0,2.0,3.0,2.0,1.0,2.0,1.0,1.0,1.0,2.0,1.0,3.0,3.0,0.0,2.0,7.0,4.0,3.0,1.0,0.0,0.0,1.0,1.0,0.0,0.0,3.0
2295,201604,14,1.0,6.0,1.0,2.0,0.0,7.0,5.0,3.0,1.0,3.0,5.0,1.0,1.0,1.0,3.0,1.0,2.0,0.0,0.0,4.0,1.0,6.0,1.0,3.0,6.0,1.0,0.0,0.0,1.0,2.0,0.0,3.0,1.0,4.0
2296,201604,15,1.0,4.0,6.0,2.0,0.0,4.0,11.0,3.0,1.0,1.0,3.0,5.0,0.0,26.0,7.0,2.0,0.0,2.0,1.0,4.0,1.0,3.0,3.0,2.0,2.0,0.0,0.0,1.0,4.0,1.0,1.0,5.0,0.0,4.0
2297,201604,16,8.0,30.0,30.0,33.0,3.0,10.0,21.0,6.0,2.0,3.0,17.0,7.0,8.0,430.0,23.0,10.0,2.0,12.0,8.0,28.0,14.0,32.0,33.0,13.0,9.0,27.0,11.0,7.0,11.0,11.0,3.0,3.0,1.0,5.0
2298,201604,17,3.0,282.0,25.0,15.0,6.0,3.0,5.0,3.0,0.0,5.0,27.0,5.0,13.0,72.0,12.0,9.0,2.0,19.0,4.0,12.0,6.0,10.0,7.0,18.0,7.0,27.0,4.0,2.0,4.0,5.0,3.0,3.0,0.0,6.0
2299,201604,18,9.0,109.0,30.0,23.0,18.0,10.0,7.0,8.0,2.0,15.0,479.0,15.0,23.0,18.0,60.0,16.0,8.0,33.0,13.0,17.0,12.0,13.0,6.0,43.0,35.0,37.0,16.0,1.0,5.0,5.0,6.0,1.0,3.0,12.0
2300,201604,19,4.0,15.0,6.0,6.0,7.0,6.0,2.0,7.0,4.0,3.0,28.0,9.0,4.0,8.0,2.0,4.0,2.0,8.0,1.0,10.0,1.0,8.0,0.0,7.0,10.0,8.0,3.0,3.0,2.0,5.0,2.0,1.0,1.0,3.0
2301,201604,20,0.0,3.0,2.0,2.0,1.0,4.0,3.0,1.0,1.0,3.0,2.0,0.0,3.0,3.0,1.0,3.0,0.0,2.0,0.0,6.0,1.0,11.0,5.0,4.0,7.0,1.0,0.0,0.0,2.0,2.0,2.0,1.0,2.0,4.0
2302,201604,21,0.0,10.0,6.0,3.0,2.0,2.0,0.0,6.0,0.0,3.0,7.0,2.0,1.0,2.0,4.0,3.0,0.0,2.0,1.0,3.0,0.0,6.0,1.0,3.0,5.0,2.0,0.0,1.0,1.0,3.0,1.0,3.0,0.0,0.0
2303,201604,22,1.0,4.0,2.0,1.0,1.0,6.0,6.0,8.0,0.0,3.0,3.0,5.0,0.0,0.0,1.0,8.0,0.0,0.0,1.0,8.0,1.0,13.0,2.0,2.0,5.0,3.0,5.0,0.0,2.0,2.0,1.0,1.0,0.0,0.0
2304,201604,23,0.0,3.0,1.0,2.0,1.0,3.0,0.0,1.0,1.0,2.0,1.0,3.0,0.0,4.0,2.0,1.0,1.0,5.0,1.0,1.0,1.0,1.0,1.0,5.0,3.0,2.0,2.0,0.0,1.0,0.0,0.0,0.0,0.0,0.0
2305,201604,24,3.0,3.0,3.0,5.0,0.0,6.0,0.0,9.0,0.0,6.0,1.0,7.0,0.0,2.0,3.0,5.0,0.0,0.0,0.0,2.0,0.0,2.0,0.0,6.0,6.0,1.0,3.0,1.0,6.0,0.0,1.0,2.0,0.0,6.0
2306,201604,25,2.0,1.0,9.0,11.0,1.0,6.0,5.0,7.0,0.0,4.0,5.0,5.0,1.0,2.0,5.0,4.0,1.0,2.0,12.0,3.0,1.0,7.0,0.0,2.0,8.0,6.0,4.0,0.0,2.0,0.0,1.0,0.0,0.0,2.0
2307,201604,26,15.0,40.0,6.0,6.0,3.0,20.0,1.0,12.0,0.0,21.0,5.0,2.0,6.0,7.0,7.0,8.0,4.0,3.0,5.0,8.0,6.0,8.0,2.0,10.0,13.0,18.0,6.0,2.0,8.0,2.0,5.0,1.0,4.0,31.0
2308,201604,27,3.0,21.0,5.0,6.0,2.0,6.0,5.0,6.0,1.0,6.0,5.0,4.0,3.0,6.0,5.0,6.0,3.0,5.0,0.0,9.0,2.0,16.0,2.0,7.0,7.0,17.0,5.0,1.0,4.0,3.0,0.0,0.0,0.0,4.0
2309,201604,28,4.0,5.0,2.0,1.0,0.0,4.0,1.0,2.0,5.0,3.0,0.0,5.0,1.0,0.0,5.0,5.0,0.0,0.0,1.0,9.0,4.0,11.0,1.0,2.0,3.0,3.0,1.0,1.0,4.0,5.0,0.0,1.0,1.0,1.0
2310,201604,29,2.0,194.0,15.0,19.0,5.0,8.0,6.0,10.0,0.0,14.0,29.0,17.0,6.0,102.0,11.0,7.0,4.0,16.0,5.0,14.0,13.0,13.0,14.0,25.0,11.0,21.0,10.0,3.0,4.0,4.0,3.0,5.0,1.0,2.0
2311,201604,30,4.0,22.0,6.0,2.0,5.0,6.0,3.0,4.0,2.0,7.0,9.0,28.0,9.0,7.0,8.0,8.0,2.0,4.0,1.0,8.0,6.0,6.0,2.0,9.0,4.0,5.0,9.0,0.0,3.0,4.0,2.0,3.0,1.0,1.0
2312,201605,1,8.0,8.0,7.0,8.0,1.0,15.0,0.0,36.0,1.0,14.0,4.0,45.0,5.0,5.0,13.0,9.0,2.0,0.0,10.0,6.0,0.0,2.0,1.0,10.0,10.0,7.0,9.0,5.0,11.0,0.0,3.0,1.0,2.0,6.0
2313,201605,2,17.0,9.0,3.0,2.0,1.0,22.0,7.0,27.0,8.0,66.0,5.0,83.0,13.0,5.0,12.0,23.0,4.0,1.0,3.0,12.0,5.0,16.0,3.0,7.0,16.0,4.0,20.0,6.0,36.0,1.0,4.0,0.0,3.0,25.0
2314,201605,3,11.0,5.0,4.0,7.0,4.0,21.0,9.0,16.0,2.0,23.0,5.0,10.0,4.0,3.0,1.0,8.0,3.0,1.0,0.0,22.0,3.0,12.0,1.0,10.0,15.0,2.0,11.0,4.0,20.0,2.0,3.0,2.0,4.0,6.0
2315,201605,4,12.0,6.0,4.0,3.0,15.0,15.0,11.0,6.0,6.0,17.0,1.0,7.0,1.0,6.0,1.0,9.0,24.0,1.0,2.0,7.0,3.0,7.0,1.0,8.0,9.0,1.0,14.0,4.0,9.0,3.0,6.0,2.0,2.0,7.0
2316,201605,5,3.0,3.0,2.0,7.0,1.0,17.0,2.0,3.0,4.0,4.0,3.0,2.0,2.0,3.0,3.0,1.0,5.0,0.0,1.0,6.0,1.0,8.0,0.0,7.0,4.0,4.0,3.0,2.0,1.0,3.0,0.0,3.0,4.0,6.0
2317,201605,6,19.0,3.0,3.0,2.0,0.0,17.0,4.0,30.0,1.0,15.0,4.0,7.0,4.0,4.0,4.0,17.0,1.0,1.0,1.0,12.0,6.0,18.0,0.0,9.0,11.0,2.0,4.0,1.0,5.0,3.0,1.0,3.0,8.0,17.0
2318,201605,7,5.0,5.0,3.0,3.0,0.0,5.0,0.0,4.0,0.0,4.0,0.0,14.0,1.0,2.0,2.0,1.0,1.0,0.0,0.0,2.0,4.0,2.0,1.0,4.0,0.0,2.0,0.0,1.0,3.0,0.0,0.0,2.0,0.0,1.0
2319,201605,8,7.0,7.0,3.0,0.0,1.0,5.0,2.0,15.0,1.0,9.0,0.0,8.0,0.0,4.0,1.0,6.0,2.0,0.0,1.0,4.0,1.0,1.0,1.0,1.0,1.0,4.0,2.0,0.0,2.0,1.0,1.0,1.0,1.0,2.0
2320,201605,9,1.0,10.0,1.0,2.0,2.0,5.0,4.0,8.0,1.0,4.0,7.0,7.0,2.0,4.0,2.0,2.0,1.0,0.0,0.0,4.0,2.0,6.0,1.0,2.0,7.0,3.0,2.0,0.0,4.0,1.0,3.0,3.0,0.0,1.0
2321,201605,10,3.0,20.0,4.0,5.0,0.0,4.0,8.0,7.0,0.0,4.0,5.0,0.0,3.0,5.0,4.0,3.0,0.0,1.0,1.0,9.0,1.0,11.0,2.0,10.0,4.0,3.0,4.0,1.0,7.0,6.0,2.0,2.0,2.0,1.0
2322,201605,11,3.0,7.0,7.0,8.0,1.0,8.0,5.0,3.0,1.0,5.0,7.0,9.0,4.0,2.0,12.0,10.0,1.0,7.0,51.0,9.0,4.0,8.0,1.0,10.0,11.0,9.0,3.0,1.0,2.0,4.0,1.0,2.0,0.0,2.0
2323,201605,12,7.0,1.0,5.0,3.0,1.0,7.0,2.0,5.0,1.0,7.0,2.0,9.0,4.0,4.0,11.0,8.0,0.0,2.0,1.0,6.0,1.0,7.0,1.0,7.0,10.0,2.0,1.0,0.0,4.0,1.0,0.0,3.0,0.0,2.0
2324,201605,13,4.0,3.0,5.0,3.0,1.0,11.0,5.0,8.0,2.0,4.0,5.0,10.0,0.0,5.0,5.0,3.0,1.0,0.0,1.0,8.0,3.0,2.0,2.0,4.0,8.0,2.0,3.0,1.0,2.0,0.0,2.0,3.0,0.0,1.0
2325,201605,14,2.0,6.0,5.0,0.0,2.0,3.0,1.0,1.0,0.0,5.0,10.0,2.0,0.0,0.0,0.0,4.0,1.0,2.0,0.0,0.0,1.0,1.0,2.0,3.0,4.0,1.0,4.0,2.0,1.0,0.0,0.0,4.0,0.0,0.0
2326,201605,15,4.0,10.0,3.0,2.0,1.0,5.0,1.0,12.0,0.0,3.0,21.0,8.0,0.0,1.0,6.0,2.0,1.0,3.0,0.0,2.0,0.0,3.0,0.0,8.0,4.0,3.0,2.0,0.0,4.0,0.0,0.0,4.0,1.0,1.0
2327,201605,16,1.0,7.0,4.0,3.0,0.0,11.0,11.0,5.0,1.0,4.0,4.0,5.0,1.0,21.0,2.0,1.0,0.0,2.0,0.0,6.0,1.0,2.0,2.0,3.0,7.0,5.0,2.0,0.0,1.0,1.0,0.0,0.0,0.0,4.0
2328,201605,17,2.0,12.0,4.0,2.0,2.0,12.0,4.0,6.0,1.0,9.0,3.0,7.0,2.0,1.0,3.0,3.0,1.0,0.0,0.0,3.0,0.0,4.0,1.0,5.0,5.0,2.0,9.0,1.0,5.0,2.0,3.0,6.0,1.0,2.0
2329,201605,18,8.0,4.0,6.0,1.0,1.0,9.0,2.0,14.0,3.0,4.0,3.0,8.0,0.0,2.0,2.0,2.0,5.0,0.0,0.0,7.0,2.0,5.0,0.0,3.0,3.0,0.0,3.0,1.0,3.0,0.0,0.0,3.0,1.0,0.0
2330,201605,19,1.0,14.0,4.0,5.0,1.0,6.0,2.0,6.0,7.0,4.0,44.0,6.0,4.0,5.0,2.0,0.0,2.0,4.0,0.0,7.0,2.0,9.0,0.0,10.0,7.0,2.0,3.0,1.0,4.0,0.0,1.0,0.0,0.0,1.0
2331,201605,20,1.0,7.0,7.0,1.0,2.0,8.0,6.0,5.0,4.0,4.0,5.0,10.0,2.0,5.0,3.0,8.0,0.0,2.0,0.0,14.0,1.0,30.0,2.0,4.0,5.0,2.0,1.0,0.0,2.0,1.0,0.0,2.0,0.0,2.0
2332,201605,21,1.0,6.0,0.0,1.0,1.0,2.0,1.0,2.0,1.0,1.0,4.0,13.0,0.0,0.0,0.0,2.0,2.0,1.0,0.0,2.0,0.0,0.0,0.0,2.0,7.0,2.0,1.0,0.0,3.0,0.0,0.0,3.0,2.0,0.0
2333,201605,22,0.0,3.0,3.0,0.0,1.0,2.0,0.0,6.0,2.0,0.0,0.0,8.0,0.0,3.0,1.0,3.0,1.0,1.0,0.0,4.0,0.0,2.0,0.0,8.0,3.0,1.0,1.0,1.0,2.0,3.0,0.0,1.0,1.0,1.0
2334,201605,23,0.0,8.0,4.0,0.0,1.0,10.0,5.0,9.0,1.0,4.0,2.0,5.0,1.0,3.0,1.0,4.0,1.0,1.0,0.0,7.0,3.0,7.0,2.0,2.0,4.0,2.0,4.0,0.0,5.0,6.0,3.0,3.0,1.0,4.0
2335,201605,24,6.0,9.0,3.0,2.0,1.0,8.0,3.0,4.0,1.0,9.0,1.0,2.0,1.0,5.0,0.0,3.0,3.0,3.0,1.0,10.0,1.0,10.0,4.0,6.0,3.0,4.0,2.0,0.0,4.0,2.0,2.0,4.0,4.0,7.0
2336,201605,25,6.0,5.0,7.0,16.0,1.0,8.0,5.0,2.0,2.0,7.0,5.0,5.0,1.0,1.0,156.0,18.0,1.0,0.0,21.0,18.0,2.0,26.0,0.0,13.0,20.0,16.0,3.0,1.0,5.0,7.0,0.0,3.0,0.0,5.0
2337,201605,26,8.0,62.0,9.0,22.0,4.0,10.0,4.0,2.0,0.0,5.0,32.0,5.0,6.0,42.0,26.0,11.0,0.0,14.0,12.0,10.0,1.0,11.0,5.0,4.0,20.0,20.0,4.0,1.0,1.0,6.0,2.0,1.0,1.0,4.0
2338,201605,27,4.0,59.0,22.0,8.0,9.0,6.0,6.0,4.0,3.0,4.0,187.0,8.0,9.0,11.0,23.0,2.0,3.0,33.0,5.0,18.0,6.0,7.0,2.0,17.0,18.0,13.0,12.0,0.0,4.0,4.0,1.0,3.0,3.0,8.0
2339,201605,28,1.0,8.0,11.0,4.0,2.0,4.0,2.0,6.0,1.0,6.0,6.0,0.0,1.0,7.0,7.0,1.0,2.0,6.0,0.0,7.0,3.0,3.0,1.0,3.0,2.0,4.0,4.0,3.0,2.0,2.0,2.0,3.0,0.0,1.0
2340,201605,29,0.0,23.0,0.0,1.0,0.0,3.0,1.0,3.0,1.0,3.0,4.0,2.0,1.0,2.0,2.0,2.0,1.0,4.0,0.0,2.0,0.0,2.0,0.0,6.0,2.0,1.0,1.0,0.0,0.0,0.0,1.0,0.0,1.0,1.0
2341,201605,30,2.0,6.0,2.0,2.0,1.0,4.0,3.0,5.0,3.0,5.0,1.0,0.0,0.0,0.0,6.0,4.0,0.0,0.0,0.0,3.0,2.0,6.0,0.0,0.0,1.0,5.0,1.0,2.0,1.0,0.0,1.0,1.0,0.0,0.0
2342,201605,31,4.0,180.0,12.0,23.0,6.0,11.0,5.0,1.0,2.0,13.0,27.0,25.0,9.0,2.0,143.0,14.0,4.0,17.0,27.0,7.0,1.0,5.0,0.0,17.0,25.0,26.0,11.0,0.0,11.0,4.0,1.0,0.0,1.0,5.0
2343,201606,1,10.0,40.0,15.0,10.0,3.0,21.0,6.0,2.0,5.0,6.0,51.0,14.0,10.0,10.0,10.0,9.0,2.0,8.0,8.0,10.0,6.0,16.0,1.0,10.0,15.0,11.0,10.0,2.0,5.0,7.0,1.0,4.0,1.0,2.0
2344,201606,2,3.0,175.0,19.0,10.0,12.0,20.0,7.0,10.0,1.0,11.0,190.0,13.0,8.0,12.0,15.0,8.0,3.0,24.0,5.0,12.0,2.0,11.0,0.0,28.0,21.0,25.0,10.0,4.0,7.0,5.0,2.0,2.0,1.0,2.0
2345,201606,3,4.0,34.0,15.0,13.0,3.0,9.0,9.0,9.0,1.0,9.0,36.0,10.0,8.0,4.0,10.0,6.0,4.0,10.0,1.0,11.0,4.0,10.0,9.0,17.0,8.0,10.0,6.0,2.0,11.0,2.0,2.0,6.0,1.0,3.0
2346,201606,4,0.0,8.0,2.0,10.0,1.0,5.0,3.0,4.0,2.0,6.0,7.0,4.0,4.0,2.0,2.0,2.0,1.0,1.0,0.0,2.0,4.0,4.0,0.0,4.0,5.0,2.0,4.0,0.0,3.0,0.0,3.0,0.0,0.0,3.0
2347,201606,5,38.0,23.0,13.0,8.0,2.0,54.0,1.0,63.0,1.0,27.0,8.0,16.0,5.0,4.0,10.0,32.0,2.0,1.0,1.0,9.0,5.0,7.0,0.0,5.0,29.0,6.0,9.0,3.0,15.0,2.0,6.0,1.0,35.0,36.0
2348,201606,6,3.0,18.0,4.0,6.0,2.0,16.0,2.0,5.0,1.0,11.0,4.0,2.0,3.0,24.0,3.0,7.0,5.0,1.0,4.0,8.0,5.0,9.0,2.0,4.0,8.0,6.0,7.0,1.0,2.0,2.0,5.0,1.0,2.0,5.0
2349,201606,7,18.0,16.0,10.0,5.0,5.0,21.0,4.0,11.0,0.0,10.0,2.0,4.0,3.0,19.0,4.0,8.0,1.0,3.0,3.0,11.0,3.0,10.0,3.0,8.0,10.0,8.0,3.0,1.0,5.0,5.0,2.0,2.0,3.0,12.0
2350,201606,8,24.0,12.0,2.0,4.0,2.0,19.0,10.0,4.0,4.0,14.0,5.0,3.0,3.0,1.0,4.0,35.0,0.0,1.0,1.0,12.0,3.0,16.0,2.0,2.0,12.0,7.0,5.0,3.0,9.0,3.0,2.0,1.0,10.0,12.0
2351,201606,9,2.0,5.0,7.0,6.0,0.0,11.0,5.0,2.0,0.0,5.0,2.0,1.0,3.0,7.0,3.0,5.0,1.0,0.0,2.0,11.0,3.0,19.0,1.0,8.0,9.0,2.0,2.0,1.0,1.0,3.0,2.0,0.0,3.0,2.0
2352,201606,10,5.0,33.0,3.0,9.0,2.0,7.0,6.0,4.0,0.0,2.0,3.0,3.0,0.0,3.0,5.0,4.0,3.0,3.0,0.0,4.0,5.0,3.0,0.0,1.0,5.0,5.0,1.0,2.0,5.0,1.0,0.0,3.0,0.0,1.0
2353,201606,11,6.0,12.0,2.0,1.0,0.0,6.0,0.0,4.0,0.0,1.0,5.0,4.0,2.0,1.0,4.0,5.0,0.0,2.0,1.0,1.0,1.0,2.0,2.0,3.0,6.0,4.0,3.0,3.0,0.0,0.0,1.0,0.0,2.0,1.0
2354,201606,12,11.0,184.0,15.0,9.0,6.0,2.0,6.0,2.0,0.0,4.0,94.0,13.0,7.0,14.0,14.0,12.0,6.0,20.0,7.0,11.0,2.0,6.0,4.0,25.0,9.0,17.0,8.0,2.0,9.0,2.0,4.0,0.0,1.0,6.0
2355,201606,13,3.0,116.0,30.0,19.0,8.0,8.0,8.0,6.0,1.0,4.0,28.0,4.0,12.0,91.0,15.0,6.0,0.0,15.0,4.0,23.0,8.0,13.0,11.0,11.0,9.0,21.0,3.0,1.0,5.0,3.0,3.0,1.0,1.0,5.0
2356,201606,14,7.0,22.0,8.0,39.0,5.0,11.0,12.0,4.0,0.0,14.0,14.0,20.0,45.0,11.0,46.0,9.0,4.0,6.0,30.0,19.0,6.0,20.0,2.0,10.0,19.0,17.0,11.0,4.0,6.0,4.0,2.0,4.0,2.0,3.0
2357,201606,15,10.0,5.0,6.0,16.0,2.0,13.0,6.0,4.0,1.0,13.0,6.0,15.0,5.0,7.0,14.0,14.0,1.0,5.0,1.0,13.0,1.0,10.0,2.0,6.0,11.0,5.0,2.0,0.0,10.0,5.0,1.0,3.0,3.0,8.0
2358,201606,16,34.0,9.0,9.0,10.0,3.0,44.0,6.0,66.0,1.0,65.0,4.0,26.0,7.0,3.0,17.0,46.0,2.0,1.0,5.0,8.0,6.0,7.0,2.0,15.0,37.0,18.0,16.0,34.0,33.0,1.0,4.0,5.0,15.0,37.0
2359,201606,17,7.0,4.0,2.0,2.0,4.0,7.0,3.0,4.0,4.0,9.0,7.0,12.0,30.0,1.0,6.0,13.0,2.0,0.0,0.0,8.0,4.0,11.0,1.0,10.0,11.0,1.0,7.0,5.0,10.0,3.0,1.0,4.0,6.0,11.0
2360,201606,18,0.0,4.0,2.0,3.0,1.0,8.0,0.0,5.0,2.0,0.0,2.0,7.0,2.0,0.0,4.0,5.0,14.0,3.0,0.0,2.0,2.0,5.0,0.0,2.0,3.0,2.0,7.0,1.0,1.0,2.0,4.0,2.0,0.0,1.0
2361,201606,19,7.0,4.0,14.0,6.0,0.0,3.0,1.0,10.0,1.0,5.0,3.0,4.0,3.0,6.0,6.0,7.0,3.0,2.0,0.0,3.0,2.0,4.0,2.0,2.0,2.0,0.0,2.0,3.0,2.0,0.0,0.0,4.0,0.0,3.0
2362,201606,20,4.0,6.0,8.0,4.0,0.0,9.0,8.0,9.0,3.0,5.0,3.0,9.0,1.0,6.0,6.0,4.0,1.0,3.0,2.0,6.0,9.0,9.0,2.0,2.0,8.0,5.0,1.0,1.0,5.0,5.0,0.0,5.0,3.0,0.0
2363,201606,21,29.0,16.0,8.0,4.0,6.0,36.0,5.0,16.0,0.0,80.0,12.0,21.0,11.0,17.0,15.0,27.0,2.0,2.0,18.0,10.0,8.0,13.0,1.0,18.0,26.0,13.0,24.0,79.0,47.0,6.0,6.0,1.0,3.0,28.0
2364,201606,22,13.0,17.0,11.0,27.0,3.0,30.0,4.0,9.0,3.0,24.0,10.0,9.0,10.0,5.0,203.0,31.0,0.0,6.0,48.0,13.0,6.0,17.0,2.0,29.0,39.0,23.0,9.0,8.0,7.0,4.0,3.0,3.0,5.0,12.0
2365,201606,23,44.0,11.0,12.0,15.0,0.0,48.0,4.0,50.0,6.0,75.0,4.0,46.0,14.0,13.0,39.0,46.0,7.0,2.0,8.0,15.0,6.0,14.0,7.0,17.0,42.0,19.0,16.0,24.0,43.0,4.0,2.0,3.0,10.0,33.0
2366,201606,24,6.0,11.0,5.0,4.0,1.0,14.0,24.0,7.0,1.0,19.0,4.0,23.0,8.0,14.0,7.0,6.0,1.0,4.0,2.0,13.0,7.0,9.0,3.0,6.0,16.0,6.0,8.0,4.0,14.0,2.0,3.0,5.0,4.0,13.0
2367,201606,25,1.0,13.0,3.0,3.0,0.0,3.0,12.0,5.0,1.0,4.0,6.0,9.0,1.0,3.0,6.0,1.0,1.0,2.0,1.0,7.0,2.0,4.0,0.0,2.0,6.0,0.0,7.0,1.0,5.0,2.0,1.0,4.0,1.0,2.0
2368,201606,26,2.0,20.0,6.0,7.0,1.0,4.0,3.0,5.0,2.0,6.0,10.0,13.0,16.0,4.0,25.0,8.0,2.0,3.0,6.0,13.0,4.0,8.0,1.0,8.0,7.0,3.0,2.0,1.0,3.0,1.0,2.0,3.0,1.0,4.0
2369,201606,27,4.0,39.0,6.0,2.0,2.0,7.0,4.0,4.0,2.0,14.0,8.0,32.0,5.0,6.0,4.0,8.0,1.0,6.0,1.0,9.0,1.0,5.0,1.0,6.0,10.0,3.0,6.0,0.0,6.0,6.0,2.0,2.0,1.0,1.0
2370,201606,28,63.0,53.0,16.0,14.0,9.0,45.0,4.0,26.0,5.0,38.0,136.0,16.0,18.0,39.0,19.0,38.0,1.0,26.0,4.0,21.0,11.0,19.0,8.0,32.0,31.0,20.0,16.0,10.0,13.0,5.0,5.0,2.0,17.0,61.0
2371,201606,29,11.0,31.0,22.0,10.0,5.0,19.0,11.0,2.0,1.0,9.0,16.0,6.0,6.0,28.0,4.0,13.0,1.0,4.0,6.0,24.0,5.0,24.0,8.0,13.0,10.0,13.0,5.0,5.0,7.0,5.0,4.0,3.0,1.0,8.0
2372,201606,30,2.0,22.0,11.0,15.0,1.0,6.0,5.0,5.0,2.0,1.0,5.0,5.0,4.0,66.0,7.0,7.0,0.0,0.0,3.0,29.0,51.0,28.0,11.0,7.0,5.0,12.0,4.0,3.0,1.0,16.0,0.0,4.0,2.0,5.0
2373,201607,1,106.0,24.0,11.0,4.0,6.0,78.0,12.0,68.0,1.0,53.0,12.0,39.0,9.0,10.0,33.0,60.0,16.0,4.0,6.0,15.0,6.0,12.0,3.0,26.0,39.0,12.0,25.0,12.0,27.0,3.0,10.0,1.0,80.0,139.0
2374,201607,2,10.0,7.0,4.0,5.0,5.0,30.0,8.0,8.0,1.0,10.0,8.0,11.0,6.0,2.0,9.0,14.0,11.0,1.0,2.0,4.0,3.0,4.0,2.0,3.0,8.0,3.0,11.0,4.0,8.0,1.0,6.0,6.0,14.0,19.0
2375,201607,3,4.0,13.0,2.0,2.0,1.0,4.0,5.0,8.0,2.0,2.0,9.0,3.0,2.0,2.0,7.0,1.0,5.0,0.0,0.0,7.0,0.0,2.0,1.0,7.0,3.0,13.0,3.0,0.0,1.0,1.0,2.0,2.0,0.0,3.0
2376,201607,4,3.0,31.0,3.0,3.0,3.0,4.0,1.0,8.0,2.0,9.0,7.0,4.0,1.0,2.0,2.0,4.0,0.0,2.0,0.0,2.0,0.0,3.0,1.0,4.0,5.0,7.0,2.0,1.0,2.0,1.0,1.0,2.0,1.0,0.0
2377,201607,5,6.0,21.0,9.0,35.0,12.0,12.0,2.0,14.0,3.0,12.0,6.0,55.0,30.0,2.0,10.0,7.0,0.0,2.0,1.0,9.0,3.0,10.0,1.0,9.0,7.0,8.0,6.0,1.0,8.0,1.0,4.0,1.0,4.0,6.0
2378,201607,6,9.0,9.0,9.0,12.0,4.0,16.0,5.0,15.0,2.0,14.0,4.0,10.0,16.0,9.0,27.0,8.0,2.0,0.0,1.0,10.0,2.0,11.0,7.0,10.0,9.0,8.0,8.0,6.0,13.0,3.0,1.0,3.0,1.0,2.0
2379,201607,7,32.0,9.0,7.0,7.0,1.0,33.0,2.0,16.0,1.0,19.0,11.0,6.0,2.0,3.0,13.0,24.0,3.0,0.0,11.0,11.0,2.0,11.0,6.0,7.0,14.0,12.0,7.0,3.0,11.0,6.0,2.0,1.0,20.0,22.0
2380,201607,8,90.0,13.0,16.0,8.0,2.0,58.0,9.0,58.0,1.0,41.0,8.0,38.0,10.0,20.0,22.0,48.0,3.0,2.0,11.0,13.0,3.0,13.0,1.0,25.0,37.0,11.0,17.0,13.0,23.0,3.0,5.0,2.0,17.0,80.0
2381,201607,9,8.0,36.0,11.0,11.0,0.0,18.0,3.0,4.0,3.0,10.0,10.0,15.0,4.0,3.0,7.0,13.0,0.0,0.0,4.0,11.0,7.0,10.0,1.0,6.0,8.0,2.0,6.0,3.0,4.0,1.0,2.0,0.0,4.0,11.0
2382,201607,10,2.0,19.0,9.0,7.0,5.0,11.0,6.0,2.0,0.0,8.0,9.0,5.0,3.0,5.0,3.0,3.0,3.0,2.0,2.0,6.0,3.0,6.0,1.0,5.0,8.0,2.0,3.0,0.0,3.0,1.0,1.0,1.0,0.0,2.0
2383,201607,11,3.0,13.0,7.0,7.0,1.0,9.0,13.0,3.0,0.0,10.0,6.0,11.0,6.0,4.0,7.0,13.0,3.0,3.0,1.0,12.0,0.0,11.0,0.0,3.0,6.0,4.0,3.0,1.0,6.0,4.0,2.0,1.0,0.0,8.0
2384,201607,12,4.0,7.0,5.0,5.0,6.0,13.0,15.0,8.0,3.0,5.0,7.0,5.0,1.0,1.0,18.0,10.0,3.0,3.0,5.0,8.0,7.0,8.0,3.0,5.0,8.0,3.0,4.0,1.0,8.0,1.0,1.0,0.0,5.0,5.0
2385,201607,13,64.0,22.0,6.0,31.0,3.0,59.0,11.0,61.0,3.0,44.0,20.0,28.0,15.0,9.0,177.0,77.0,4.0,3.0,41.0,8.0,1.0,6.0,3.0,27.0,65.0,22.0,16.0,21.0,29.0,0.0,2.0,1.0,23.0,77.0
2386,201607,14,53.0,20.0,9.0,7.0,5.0,64.0,10.0,42.0,1.0,34.0,10.0,16.0,10.0,11.0,34.0,39.0,7.0,4.0,7.0,7.0,6.0,13.0,3.0,14.0,45.0,13.0,15.0,8.0,14.0,3.0,2.0,0.0,21.0,62.0
2387,201607,15,8.0,83.0,7.0,10.0,2.0,8.0,8.0,10.0,0.0,11.0,15.0,8.0,4.0,8.0,11.0,15.0,2.0,6.0,2.0,4.0,2.0,8.0,1.0,7.0,14.0,7.0,4.0,2.0,6.0,3.0,3.0,0.0,3.0,8.0
2388,201607,16,12.0,1.0,1.0,0.0,2.0,8.0,0.0,13.0,0.0,23.0,1.0,28.0,4.0,5.0,2.0,4.0,2.0,1.0,1.0,2.0,3.0,1.0,0.0,3.0,9.0,0.0,7.0,4.0,19.0,1.0,1.0,0.0,2.0,0.0
2389,201607,17,4.0,6.0,2.0,12.0,1.0,18.0,2.0,2.0,0.0,9.0,10.0,9.0,5.0,1.0,71.0,11.0,1.0,4.0,4.0,7.0,3.0,7.0,3.0,10.0,12.0,8.0,6.0,0.0,3.0,1.0,2.0,1.0,0.0,7.0
2390,201607,18,80.0,11.0,26.0,8.0,2.0,59.0,13.0,33.0,3.0,52.0,5.0,19.0,11.0,21.0,33.0,43.0,3.0,3.0,8.0,15.0,6.0,16.0,4.0,14.0,32.0,6.0,17.0,19.0,23.0,7.0,4.0,0.0,16.0,74.0
2391,201607,19,13.0,9.0,7.0,10.0,6.0,15.0,14.0,10.0,6.0,16.0,12.0,11.0,8.0,21.0,12.0,13.0,4.0,3.0,0.0,14.0,4.0,15.0,1.0,9.0,19.0,14.0,12.0,3.0,8.0,3.0,4.0,2.0,1.0,15.0
2392,201607,20,2.0,45.0,60.0,9.0,17.0,20.0,18.0,6.0,2.0,7.0,47.0,6.0,25.0,41.0,8.0,11.0,3.0,14.0,58.0,72.0,49.0,88.0,6.0,23.0,13.0,29.0,14.0,27.0,8.0,21.0,11.0,0.0,1.0,7.0
2393,201607,21,8.0,58.0,58.0,30.0,18.0,55.0,25.0,17.0,4.0,24.0,41.0,27.0,84.0,39.0,206.0,46.0,9.0,23.0,77.0,70.0,63.0,100.0,12.0,39.0,59.0,47.0,41.0,39.0,16.0,34.0,15.0,0.0,3.0,19.0
2394,201607,22,18.0,43.0,39.0,30.0,24.0,43.0,26.0,13.0,2.0,21.0,30.0,12.0,21.0,28.0,73.0,44.0,6.0,19.0,33.0,70.0,27.0,72.0,12.0,33.0,46.0,38.0,23.0,27.0,14.0,14.0,11.0,0.0,2.0,15.0
2395,201607,23,5.0,13.0,12.0,16.0,8.0,18.0,4.0,6.0,1.0,11.0,10.0,10.0,1.0,15.0,80.0,9.0,3.0,5.0,20.0,13.0,6.0,17.0,3.0,11.0,23.0,9.0,6.0,9.0,6.0,5.0,0.0,4.0,0.0,5.0
2396,201607,24,13.0,27.0,9.0,29.0,2.0,15.0,5.0,8.0,0.0,10.0,13.0,18.0,5.0,13.0,162.0,34.0,2.0,3.0,20.0,4.0,6.0,9.0,6.0,22.0,26.0,12.0,5.0,2.0,11.0,0.0,0.0,4.0,2.0,8.0
2397,201607,25,143.0,97.0,14.0,23.0,6.0,104.0,17.0,100.0,6.0,69.0,66.0,38.0,25.0,12.0,80.0,89.0,14.0,16.0,14.0,14.0,6.0,14.0,6.0,20.0,64.0,33.0,30.0,21.0,40.0,5.0,9.0,1.0,84.0,143.0
2398,201607,26,29.0,28.0,9.0,8.0,4.0,43.0,20.0,17.0,0.0,20.0,16.0,18.0,7.0,14.0,17.0,30.0,9.0,10.0,7.0,26.0,5.0,20.0,3.0,17.0,27.0,14.0,17.0,3.0,14.0,4.0,13.0,3.0,11.0,36.0
2399,201607,27,4.0,98.0,11.0,10.0,1.0,11.0,5.0,8.0,4.0,12.0,76.0,10.0,7.0,10.0,25.0,9.0,1.0,8.0,3.0,14.0,6.0,28.0,1.0,14.0,13.0,15.0,4.0,0.0,8.0,2.0,1.0,1.0,1.0,18.0
2400,201607,28,68.0,47.0,22.0,45.0,10.0,89.0,23.0,90.0,1.0,133.0,54.0,44.0,25.0,13.0,262.0,72.0,14.0,14.0,59.0,17.0,8.0,22.0,4.0,41.0,73.0,32.0,35.0,46.0,45.0,3.0,9.0,2.0,37.0,95.0
2401,201607,29,40.0,19.0,34.0,42.0,6.0,56.0,23.0,7.0,1.0,32.0,9.0,19.0,15.0,12.0,237.0,47.0,2.0,5.0,22.0,14.0,5.0,13.0,5.0,18.0,45.0,29.0,23.0,7.0,10.0,5.0,3.0,1.0,12.0,40.0
2402,201607,30,76.0,24.0,15.0,13.0,9.0,60.0,11.0,40.0,0.0,60.0,13.0,31.0,17.0,11.0,26.0,42.0,6.0,4.0,11.0,10.0,7.0,15.0,3.0,13.0,19.0,20.0,30.0,53.0,38.0,8.0,13.0,5.0,60.0,36.0
2403,201607,31,62.0,16.0,7.0,12.0,8.0,41.0,8.0,12.0,0.0,26.0,17.0,20.0,19.0,11.0,30.0,32.0,7.0,3.0,4.0,9.0,4.0,2.0,2.0,14.0,25.0,7.0,20.0,11.0,21.0,1.0,3.0,0.0,42.0,27.0
2404,201608,1,44.0,15.0,9.0,9.0,3.0,46.0,11.0,33.0,2.0,37.0,8.0,21.0,13.0,16.0,29.0,35.0,10.0,2.0,4.0,8.0,1.0,9.0,7.0,11.0,29.0,6.0,16.0,11.0,16.0,4.0,6.0,1.0,18.0,56.0
2405,201608,2,10.0,8.0,9.0,7.0,7.0,22.0,5.0,11.0,1.0,19.0,8.0,38.0,20.0,16.0,17.0,16.0,51.0,1.0,3.0,8.0,2.0,11.0,5.0,9.0,18.0,4.0,6.0,7.0,9.0,0.0,13.0,2.0,5.0,15.0
2406,201608,3,6.0,4.0,12.0,8.0,5.0,19.0,5.0,6.0,2.0,11.0,6.0,9.0,6.0,11.0,24.0,10.0,4.0,0.0,3.0,10.0,3.0,7.0,2.0,8.0,11.0,8.0,7.0,2.0,2.0,2.0,8.0,2.0,2.0,6.0
2407,201608,4,6.0,16.0,2.0,12.0,2.0,4.0,3.0,7.0,2.0,3.0,7.0,12.0,3.0,9.0,18.0,6.0,3.0,2.0,3.0,7.0,1.0,11.0,3.0,5.0,8.0,7.0,9.0,1.0,3.0,4.0,1.0,0.0,0.0,3.0
2408,201608,5,4.0,15.0,6.0,9.0,0.0,4.0,7.0,4.0,0.0,1.0,4.0,10.0,3.0,5.0,11.0,9.0,4.0,1.0,3.0,12.0,5.0,12.0,0.0,7.0,7.0,1.0,2.0,0.0,2.0,3.0,0.0,0.0,0.0,0.0
2409,201608,6,8.0,7.0,5.0,1.0,2.0,11.0,10.0,7.0,0.0,4.0,3.0,3.0,2.0,3.0,14.0,5.0,16.0,1.0,1.0,7.0,1.0,3.0,1.0,7.0,5.0,9.0,5.0,2.0,2.0,0.0,2.0,4.0,7.0,6.0
2410,201608,7,8.0,8.0,6.0,5.0,3.0,8.0,3.0,7.0,2.0,13.0,7.0,32.0,7.0,15.0,6.0,7.0,5.0,3.0,3.0,6.0,2.0,2.0,6.0,8.0,7.0,7.0,6.0,0.0,8.0,0.0,2.0,6.0,0.0,5.0
2411,201608,8,14.0,15.0,11.0,59.0,25.0,38.0,42.0,6.0,4.0,30.0,16.0,27.0,366.0,12.0,23.0,85.0,15.0,5.0,12.0,53.0,14.0,24.0,20.0,35.0,38.0,20.0,39.0,11.0,28.0,10.0,13.0,3.0,18.0,61.0
2412,201608,9,11.0,20.0,12.0,43.0,17.0,35.0,45.0,12.0,5.0,21.0,26.0,26.0,250.0,17.0,17.0,52.0,11.0,9.0,7.0,50.0,14.0,50.0,41.0,31.0,35.0,18.0,43.0,6.0,17.0,13.0,17.0,2.0,10.0,15.0
2413,201608,10,71.0,8.0,9.0,49.0,7.0,48.0,15.0,11.0,3.0,21.0,12.0,25.0,69.0,9.0,18.0,45.0,8.0,2.0,6.0,15.0,11.0,24.0,19.0,17.0,36.0,11.0,21.0,7.0,20.0,4.0,7.0,3.0,31.0,50.0
2414,201608,11,74.0,13.0,3.0,20.0,4.0,58.0,10.0,34.0,2.0,30.0,4.0,17.0,10.0,2.0,26.0,51.0,3.0,2.0,1.0,5.0,3.0,3.0,4.0,14.0,40.0,10.0,13.0,6.0,11.0,3.0,1.0,1.0,29.0,116.0
2415,201608,12,80.0,258.0,19.0,31.0,7.0,71.0,27.0,39.0,0.0,48.0,44.0,31.0,24.0,14.0,165.0,58.0,4.0,18.0,19.0,15.0,7.0,17.0,1.0,34.0,52.0,31.0,24.0,7.0,16.0,8.0,5.0,4.0,31.0,98.0
2416,201608,13,20.0,57.0,20.0,27.0,7.0,27.0,12.0,15.0,0.0,8.0,36.0,10.0,3.0,9.0,39.0,19.0,12.0,9.0,4.0,12.0,3.0,19.0,7.0,18.0,18.0,12.0,12.0,2.0,4.0,0.0,3.0,9.0,7.0,16.0
2417,201608,14,28.0,29.0,12.0,6.0,1.0,26.0,19.0,12.0,8.0,19.0,30.0,18.0,11.0,9.0,33.0,29.0,5.0,4.0,5.0,6.0,4.0,15.0,2.0,16.0,20.0,9.0,7.0,2.0,16.0,3.0,0.0,3.0,36.0,39.0
2418,201608,15,15.0,17.0,8.0,9.0,3.0,29.0,16.0,9.0,1.0,48.0,34.0,18.0,6.0,11.0,19.0,24.0,2.0,2.0,2.0,5.0,1.0,22.0,2.0,14.0,23.0,13.0,12.0,9.0,27.0,1.0,3.0,0.0,12.0,23.0
2419,201608,16,40.0,14.0,5.0,6.0,4.0,43.0,8.0,41.0,2.0,33.0,12.0,16.0,2.0,9.0,30.0,39.0,5.0,6.0,5.0,13.0,3.0,18.0,3.0,13.0,26.0,10.0,18.0,19.0,13.0,6.0,3.0,3.0,37.0,57.0
2420,201608,17,10.0,12.0,8.0,6.0,0.0,30.0,7.0,21.0,1.0,35.0,13.0,17.0,2.0,7.0,18.0,18.0,1.0,5.0,2.0,9.0,3.0,12.0,3.0,14.0,19.0,5.0,7.0,7.0,21.0,1.0,1.0,1.0,8.0,9.0
2421,201608,18,6.0,57.0,14.0,8.0,2.0,12.0,3.0,10.0,1.0,8.0,14.0,11.0,6.0,9.0,52.0,9.0,2.0,3.0,2.0,9.0,3.0,9.0,0.0,10.0,20.0,11.0,2.0,6.0,9.0,3.0,1.0,1.0,4.0,7.0
2422,201608,19,9.0,242.0,14.0,24.0,2.0,12.0,12.0,7.0,1.0,16.0,30.0,12.0,15.0,18.0,100.0,18.0,3.0,15.0,8.0,25.0,8.0,21.0,5.0,16.0,25.0,19.0,11.0,5.0,4.0,8.0,5.0,0.0,3.0,14.0
2423,201608,20,12.0,216.0,22.0,23.0,11.0,19.0,10.0,10.0,0.0,8.0,30.0,12.0,10.0,13.0,128.0,26.0,9.0,14.0,13.0,15.0,8.0,15.0,7.0,25.0,22.0,33.0,19.0,9.0,8.0,5.0,6.0,6.0,10.0,6.0
2424,201608,21,67.0,23.0,24.0,10.0,4.0,50.0,9.0,44.0,1.0,50.0,11.0,19.0,10.0,6.0,38.0,43.0,11.0,4.0,8.0,11.0,2.0,10.0,1.0,13.0,29.0,15.0,16.0,5.0,31.0,3.0,5.0,1.0,44.0,48.0
2425,201608,22,7.0,33.0,10.0,2.0,2.0,16.0,7.0,2.0,0.0,5.0,22.0,9.0,3.0,4.0,6.0,6.0,2.0,5.0,2.0,10.0,7.0,12.0,3.0,10.0,7.0,6.0,3.0,2.0,6.0,1.0,0.0,0.0,5.0,11.0
2426,201608,23,3.0,5.0,3.0,5.0,2.0,9.0,7.0,5.0,0.0,4.0,3.0,2.0,0.0,5.0,3.0,8.0,1.0,2.0,1.0,8.0,0.0,11.0,2.0,6.0,4.0,3.0,2.0,3.0,5.0,1.0,1.0,0.0,1.0,2.0
2427,201608,24,2.0,6.0,4.0,18.0,0.0,7.0,11.0,3.0,2.0,4.0,1.0,8.0,4.0,7.0,74.0,6.0,0.0,0.0,16.0,14.0,1.0,13.0,2.0,9.0,10.0,11.0,6.0,2.0,6.0,2.0,1.0,2.0,0.0,0.0
2428,201608,25,4.0,9.0,2.0,4.0,1.0,7.0,5.0,9.0,2.0,5.0,3.0,8.0,2.0,0.0,4.0,2.0,5.0,1.0,1.0,11.0,1.0,7.0,6.0,7.0,8.0,2.0,2.0,0.0,3.0,0.0,3.0,3.0,1.0,1.0
2429,201608,26,3.0,20.0,3.0,3.0,1.0,6.0,3.0,6.0,1.0,9.0,7.0,5.0,3.0,3.0,9.0,3.0,2.0,3.0,1.0,8.0,1.0,13.0,0.0,3.0,5.0,4.0,3.0,1.0,3.0,4.0,0.0,1.0,2.0,2.0
2430,201608,27,3.0,2.0,0.0,4.0,0.0,4.0,3.0,2.0,1.0,4.0,2.0,1.0,2.0,3.0,7.0,1.0,1.0,0.0,3.0,2.0,1.0,7.0,2.0,1.0,4.0,3.0,3.0,1.0,0.0,0.0,1.0,1.0,1.0,1.0
2431,201608,28,2.0,2.0,1.0,3.0,0.0,7.0,0.0,3.0,1.0,4.0,3.0,1.0,4.0,5.0,9.0,4.0,0.0,2.0,1.0,7.0,0.0,4.0,0.0,7.0,9.0,8.0,0.0,1.0,3.0,1.0,0.0,1.0,3.0,3.0
2432,201608,29,5.0,33.0,3.0,15.0,1.0,10.0,6.0,6.0,2.0,6.0,13.0,6.0,4.0,4.0,93.0,13.0,0.0,3.0,11.0,5.0,1.0,9.0,1.0,13.0,14.0,9.0,3.0,1.0,6.0,3.0,2.0,2.0,1.0,5.0
2433,201608,30,5.0,3.0,5.0,3.0,0.0,11.0,3.0,1.0,6.0,6.0,1.0,4.0,1.0,5.0,34.0,8.0,0.0,2.0,4.0,13.0,4.0,11.0,2.0,9.0,15.0,6.0,2.0,0.0,7.0,3.0,2.0,1.0,0.0,4.0
2434,201608,31,2.0,5.0,0.0,5.0,0.0,10.0,4.0,3.0,1.0,2.0,4.0,2.0,3.0,4.0,2.0,6.0,2.0,2.0,2.0,9.0,3.0,8.0,1.0,5.0,6.0,3.0,4.0,0.0,3.0,1.0,1.0,7.0,6.0,2.0
2435,201609,1,6.0,12.0,4.0,3.0,5.0,9.0,1.0,4.0,1.0,23.0,4.0,27.0,3.0,3.0,12.0,6.0,8.0,1.0,1.0,8.0,4.0,9.0,1.0,3.0,10.0,1.0,5.0,1.0,6.0,0.0,2.0,5.0,1.0,6.0
2436,201609,2,8.0,8.0,1.0,0.0,8.0,9.0,3.0,10.0,1.0,13.0,2.0,45.0,3.0,2.0,4.0,5.0,4.0,1.0,0.0,9.0,1.0,12.0,1.0,7.0,11.0,1.0,75.0,1.0,13.0,1.0,7.0,4.0,4.0,4.0
2437,201609,3,1.0,1.0,1.0,3.0,2.0,2.0,0.0,1.0,3.0,12.0,3.0,2.0,3.0,2.0,1.0,1.0,1.0,2.0,1.0,4.0,1.0,7.0,1.0,4.0,2.0,2.0,2.0,0.0,5.0,0.0,0.0,0.0,0.0,1.0
2438,201609,4,2.0,0.0,0.0,2.0,1.0,4.0,0.0,1.0,0.0,1.0,1.0,1.0,0.0,2.0,1.0,2.0,0.0,1.0,0.0,6.0,0.0,7.0,0.0,2.0,1.0,3.0,2.0,1.0,0.0,1.0,0.0,0.0,2.0,0.0
2439,201609,5,11.0,2.0,2.0,1.0,0.0,2.0,4.0,2.0,2.0,2.0,2.0,5.0,0.0,1.0,1.0,5.0,1.0,1.0,0.0,5.0,0.0,6.0,1.0,0.0,2.0,1.0,2.0,1.0,2.0,2.0,0.0,1.0,0.0,2.0
2440,201609,6,2.0,2.0,7.0,5.0,2.0,19.0,5.0,1.0,2.0,7.0,5.0,2.0,1.0,2.0,9.0,3.0,2.0,1.0,3.0,3.0,2.0,6.0,3.0,1.0,7.0,2.0,0.0,1.0,4.0,1.0,1.0,1.0,0.0,6.0
2441,201609,7,7.0,4.0,1.0,13.0,2.0,15.0,6.0,3.0,2.0,18.0,6.0,6.0,5.0,4.0,81.0,18.0,0.0,1.0,25.0,1.0,2.0,7.0,0.0,8.0,18.0,12.0,12.0,1.0,4.0,3.0,2.0,3.0,1.0,4.0
2442,201609,8,1.0,2.0,3.0,6.0,1.0,23.0,15.0,3.0,1.0,1.0,6.0,2.0,2.0,2.0,7.0,8.0,0.0,3.0,0.0,7.0,2.0,4.0,4.0,7.0,14.0,2.0,3.0,2.0,5.0,1.0,1.0,1.0,1.0,2.0
2443,201609,9,2.0,7.0,4.0,2.0,0.0,8.0,2.0,4.0,1.0,8.0,4.0,5.0,2.0,1.0,5.0,0.0,0.0,0.0,1.0,6.0,1.0,5.0,1.0,1.0,6.0,3.0,6.0,1.0,5.0,2.0,0.0,1.0,1.0,3.0
2444,201609,10,2.0,5.0,6.0,3.0,1.0,2.0,1.0,2.0,2.0,5.0,1.0,4.0,1.0,2.0,2.0,8.0,1.0,0.0,0.0,0.0,1.0,3.0,2.0,3.0,5.0,3.0,3.0,0.0,2.0,1.0,0.0,0.0,0.0,1.0
2445,201609,11,0.0,3.0,3.0,0.0,0.0,6.0,3.0,5.0,1.0,5.0,4.0,4.0,1.0,0.0,3.0,2.0,0.0,1.0,1.0,3.0,1.0,3.0,1.0,3.0,3.0,0.0,1.0,2.0,0.0,0.0,0.0,0.0,0.0,1.0
2446,201609,12,12.0,5.0,3.0,5.0,1.0,10.0,5.0,8.0,2.0,3.0,2.0,7.0,3.0,1.0,3.0,3.0,1.0,1.0,2.0,2.0,0.0,7.0,2.0,0.0,12.0,3.0,2.0,1.0,5.0,1.0,1.0,2.0,0.0,0.0
2447,201609,13,3.0,8.0,3.0,8.0,1.0,14.0,10.0,3.0,1.0,4.0,1.0,6.0,1.0,1.0,4.0,4.0,3.0,1.0,1.0,15.0,3.0,25.0,4.0,5.0,3.0,2.0,3.0,0.0,2.0,3.0,4.0,7.0,1.0,1.0
2448,201609,14,3.0,6.0,2.0,6.0,1.0,9.0,3.0,3.0,1.0,3.0,5.0,1.0,1.0,4.0,1.0,8.0,2.0,1.0,0.0,8.0,2.0,12.0,2.0,2.0,6.0,1.0,3.0,1.0,3.0,1.0,2.0,2.0,3.0,2.0
2449,201609,15,2.0,8.0,2.0,8.0,1.0,9.0,2.0,4.0,1.0,0.0,1.0,5.0,1.0,2.0,3.0,0.0,0.0,0.0,0.0,6.0,0.0,6.0,1.0,3.0,7.0,2.0,2.0,0.0,1.0,0.0,1.0,5.0,2.0,2.0
2450,201609,16,5.0,3.0,1.0,2.0,0.0,6.0,7.0,6.0,1.0,6.0,5.0,7.0,0.0,4.0,2.0,5.0,1.0,1.0,0.0,4.0,1.0,4.0,0.0,6.0,7.0,5.0,3.0,0.0,1.0,3.0,2.0,4.0,2.0,0.0
2451,201609,17,1.0,0.0,0.0,0.0,1.0,4.0,0.0,2.0,1.0,2.0,1.0,1.0,0.0,3.0,1.0,2.0,1.0,1.0,0.0,2.0,2.0,4.0,0.0,4.0,2.0,3.0,0.0,0.0,4.0,1.0,0.0,2.0,0.0,0.0
2452,201609,18,2.0,4.0,2.0,1.0,1.0,13.0,3.0,5.0,0.0,5.0,4.0,2.0,5.0,6.0,1.0,3.0,1.0,0.0,0.0,7.0,3.0,11.0,2.0,1.0,3.0,0.0,1.0,1.0,2.0,4.0,2.0,1.0,0.0,1.0
2453,201609,19,8.0,5.0,6.0,6.0,1.0,27.0,12.0,33.0,0.0,16.0,2.0,7.0,1.0,5.0,4.0,9.0,2.0,2.0,5.0,6.0,1.0,4.0,2.0,5.0,10.0,3.0,6.0,6.0,9.0,10.0,4.0,1.0,8.0,7.0
2454,201609,20,2.0,3.0,4.0,7.0,1.0,5.0,5.0,8.0,7.0,7.0,1.0,1.0,3.0,2.0,3.0,10.0,0.0,3.0,1.0,8.0,4.0,12.0,0.0,2.0,5.0,2.0,4.0,1.0,2.0,1.0,0.0,2.0,1.0,1.0
2455,201609,21,9.0,5.0,4.0,49.0,1.0,18.0,7.0,4.0,4.0,11.0,3.0,6.0,7.0,2.0,190.0,25.0,0.0,0.0,17.0,9.0,2.0,8.0,0.0,9.0,28.0,20.0,9.0,4.0,6.0,4.0,2.0,4.0,1.0,7.0
2456,201609,22,4.0,8.0,2.0,12.0,0.0,7.0,1.0,4.0,2.0,1.0,1.0,5.0,1.0,19.0,4.0,8.0,1.0,3.0,5.0,4.0,7.0,7.0,15.0,6.0,9.0,5.0,2.0,0.0,6.0,2.0,3.0,2.0,0.0,2.0
2457,201609,23,4.0,6.0,4.0,8.0,0.0,5.0,0.0,6.0,1.0,5.0,1.0,5.0,1.0,6.0,4.0,7.0,0.0,2.0,0.0,7.0,1.0,3.0,4.0,3.0,7.0,1.0,4.0,0.0,1.0,0.0,1.0,2.0,0.0,0.0
2458,201609,24,2.0,2.0,4.0,3.0,0.0,1.0,2.0,3.0,0.0,2.0,2.0,2.0,1.0,4.0,1.0,3.0,0.0,1.0,4.0,2.0,0.0,2.0,1.0,1.0,6.0,2.0,1.0,1.0,1.0,0.0,0.0,3.0,0.0,0.0
2459,201609,25,3.0,47.0,5.0,3.0,1.0,8.0,3.0,6.0,1.0,3.0,24.0,4.0,3.0,2.0,3.0,5.0,1.0,3.0,0.0,4.0,3.0,5.0,1.0,14.0,12.0,5.0,5.0,2.0,2.0,0.0,0.0,0.0,0.0,4.0
2460,201609,26,3.0,6.0,4.0,2.0,1.0,10.0,4.0,4.0,2.0,12.0,9.0,52.0,3.0,1.0,2.0,7.0,1.0,2.0,2.0,2.0,0.0,3.0,1.0,4.0,11.0,3.0,6.0,4.0,11.0,2.0,4.0,2.0,1.0,5.0
2461,201609,27,0.0,1.0,0.0,4.0,0.0,8.0,3.0,1.0,0.0,1.0,2.0,4.0,1.0,3.0,3.0,3.0,1.0,2.0,2.0,4.0,1.0,5.0,2.0,3.0,8.0,1.0,2.0,1.0,6.0,0.0,0.0,3.0,1.0,0.0
2462,201609,28,5.0,8.0,3.0,3.0,0.0,14.0,2.0,13.0,0.0,24.0,5.0,6.0,2.0,1.0,6.0,6.0,0.0,1.0,5.0,5.0,4.0,9.0,0.0,3.0,11.0,1.0,3.0,0.0,8.0,0.0,0.0,0.0,2.0,4.0
2463,201609,29,25.0,3.0,1.0,3.0,2.0,23.0,8.0,38.0,2.0,16.0,3.0,6.0,2.0,1.0,5.0,20.0,1.0,1.0,2.0,9.0,2.0,6.0,0.0,6.0,14.0,3.0,6.0,4.0,10.0,1.0,0.0,5.0,0.0,16.0
2464,201609,30,53.0,4.0,3.0,9.0,1.0,38.0,2.0,37.0,1.0,16.0,1.0,14.0,0.0,2.0,5.0,30.0,3.0,2.0,3.0,7.0,1.0,7.0,0.0,11.0,20.0,4.0,11.0,5.0,12.0,0.0,2.0,1.0,2.0,38.0
2465,201610,1,2.0,3.0,0.0,2.0,1.0,6.0,0.0,2.0,5.0,1.0,2.0,5.0,1.0,0.0,3.0,2.0,1.0,2.0,1.0,3.0,0.0,5.0,0.0,4.0,7.0,2.0,2.0,0.0,5.0,0.0,1.0,2.0,0.0,2.0
2466,201610,2,1.0,1.0,1.0,2.0,0.0,9.0,0.0,6.0,2.0,7.0,3.0,6.0,2.0,0.0,9.0,5.0,1.0,2.0,3.0,3.0,1.0,1.0,1.0,4.0,4.0,3.0,3.0,0.0,4.0,0.0,0.0,1.0,0.0,1.0
2467,201610,3,0.0,5.0,0.0,2.0,1.0,10.0,3.0,9.0,8.0,6.0,2.0,5.0,2.0,1.0,4.0,11.0,7.0,1.0,2.0,8.0,2.0,6.0,1.0,6.0,5.0,6.0,0.0,1.0,1.0,0.0,1.0,1.0,0.0,1.0
2468,201610,4,2.0,3.0,2.0,1.0,1.0,7.0,2.0,4.0,2.0,5.0,2.0,5.0,2.0,4.0,9.0,9.0,2.0,1.0,5.0,7.0,3.0,4.0,0.0,3.0,8.0,3.0,2.0,2.0,2.0,1.0,0.0,2.0,1.0,0.0
2469,201610,5,6.0,4.0,5.0,9.0,0.0,13.0,5.0,3.0,1.0,6.0,5.0,3.0,1.0,3.0,3.0,2.0,2.0,0.0,0.0,6.0,3.0,7.0,0.0,1.0,9.0,7.0,1.0,1.0,0.0,0.0,0.0,1.0,1.0,5.0
2470,201610,6,37.0,40.0,7.0,7.0,12.0,54.0,3.0,29.0,1.0,26.0,34.0,35.0,80.0,13.0,33.0,44.0,147.0,8.0,6.0,23.0,11.0,9.0,3.0,15.0,20.0,13.0,99.0,21.0,12.0,3.0,204.0,1.0,34.0,51.0
2471,201610,7,37.0,32.0,7.0,8.0,10.0,73.0,4.0,40.0,1.0,32.0,31.0,49.0,101.0,12.0,34.0,45.0,103.0,8.0,12.0,14.0,7.0,7.0,5.0,24.0,23.0,11.0,480.0,35.0,19.0,2.0,144.0,1.0,39.0,37.0
2472,201610,8,11.0,9.0,4.0,2.0,1.0,18.0,2.0,13.0,0.0,23.0,11.0,45.0,50.0,6.0,14.0,22.0,7.0,1.0,10.0,2.0,1.0,3.0,1.0,8.0,10.0,6.0,277.0,16.0,29.0,0.0,13.0,3.0,14.0,9.0
2473,201610,9,17.0,9.0,4.0,0.0,0.0,26.0,5.0,16.0,0.0,52.0,5.0,29.0,21.0,2.0,10.0,11.0,2.0,1.0,0.0,3.0,1.0,2.0,0.0,5.0,8.0,3.0,87.0,3.0,23.0,1.0,0.0,0.0,8.0,9.0
2474,201610,10,1.0,4.0,3.0,3.0,2.0,11.0,5.0,5.0,2.0,6.0,3.0,10.0,0.0,3.0,3.0,4.0,1.0,1.0,2.0,4.0,0.0,4.0,0.0,3.0,8.0,2.0,13.0,0.0,2.0,0.0,3.0,1.0,1.0,2.0
2475,201610,11,0.0,1.0,0.0,3.0,2.0,9.0,4.0,5.0,4.0,1.0,5.0,6.0,4.0,4.0,2.0,1.0,0.0,2.0,0.0,5.0,0.0,9.0,3.0,6.0,7.0,2.0,5.0,2.0,5.0,3.0,4.0,1.0,0.0,3.0
2476,201610,12,0.0,5.0,1.0,4.0,0.0,11.0,5.0,0.0,1.0,9.0,1.0,6.0,0.0,12.0,5.0,5.0,0.0,1.0,1.0,7.0,0.0,7.0,0.0,4.0,5.0,4.0,2.0,1.0,2.0,1.0,3.0,0.0,1.0,2.0
2477,201610,13,3.0,9.0,2.0,4.0,0.0,10.0,6.0,4.0,0.0,8.0,10.0,6.0,2.0,5.0,6.0,3.0,0.0,1.0,3.0,3.0,3.0,7.0,3.0,5.0,8.0,1.0,2.0,1.0,1.0,0.0,1.0,2.0,0.0,5.0
2478,201610,14,2.0,7.0,5.0,4.0,1.0,4.0,17.0,3.0,1.0,3.0,1.0,3.0,1.0,5.0,7.0,4.0,0.0,4.0,1.0,34.0,3.0,94.0,4.0,6.0,3.0,4.0,1.0,0.0,2.0,7.0,0.0,0.0,1.0,1.0
2479,201610,15,2.0,2.0,5.0,0.0,1.0,6.0,42.0,1.0,5.0,1.0,2.0,3.0,1.0,2.0,1.0,2.0,0.0,0.0,0.0,25.0,3.0,54.0,3.0,1.0,2.0,1.0,0.0,0.0,1.0,5.0,0.0,5.0,0.0,0.0
2480,201610,16,3.0,1.0,5.0,0.0,0.0,15.0,5.0,2.0,1.0,2.0,1.0,5.0,3.0,0.0,11.0,4.0,0.0,4.0,2.0,13.0,5.0,40.0,1.0,5.0,6.0,1.0,1.0,2.0,5.0,4.0,0.0,0.0,1.0,2.0
2481,201610,17,4.0,1.0,2.0,7.0,1.0,6.0,12.0,13.0,3.0,0.0,0.0,6.0,1.0,3.0,6.0,7.0,1.0,3.0,2.0,1.0,0.0,2.0,2.0,2.0,1.0,4.0,0.0,1.0,1.0,0.0,1.0,1.0,0.0,1.0
2482,201610,18,3.0,3.0,1.0,4.0,1.0,10.0,2.0,2.0,4.0,2.0,1.0,2.0,2.0,3.0,3.0,4.0,2.0,1.0,0.0,5.0,0.0,4.0,1.0,6.0,10.0,1.0,3.0,2.0,5.0,2.0,2.0,1.0,0.0,0.0
2483,201610,19,4.0,5.0,3.0,4.0,1.0,10.0,5.0,3.0,4.0,8.0,3.0,8.0,3.0,2.0,5.0,1.0,0.0,1.0,0.0,5.0,0.0,7.0,1.0,7.0,11.0,4.0,7.0,2.0,5.0,0.0,1.0,5.0,1.0,2.0
2484,201610,20,11.0,6.0,2.0,5.0,3.0,6.0,2.0,1.0,1.0,4.0,5.0,6.0,3.0,0.0,3.0,13.0,0.0,1.0,1.0,2.0,1.0,2.0,0.0,3.0,5.0,3.0,1.0,1.0,2.0,0.0,4.0,4.0,4.0,2.0
2485,201610,21,19.0,7.0,3.0,6.0,1.0,20.0,1.0,4.0,3.0,7.0,0.0,5.0,1.0,2.0,17.0,7.0,0.0,1.0,1.0,7.0,0.0,2.0,2.0,6.0,10.0,1.0,4.0,1.0,0.0,0.0,1.0,0.0,4.0,8.0
2486,201610,22,5.0,0.0,2.0,0.0,0.0,13.0,1.0,2.0,2.0,2.0,3.0,2.0,1.0,1.0,2.0,9.0,0.0,1.0,0.0,2.0,0.0,0.0,1.0,0.0,4.0,2.0,3.0,0.0,3.0,0.0,0.0,3.0,0.0,2.0
2487,201610,23,1.0,4.0,2.0,3.0,1.0,10.0,1.0,5.0,0.0,2.0,1.0,5.0,3.0,3.0,3.0,3.0,0.0,0.0,1.0,8.0,1.0,5.0,0.0,5.0,7.0,1.0,2.0,2.0,3.0,0.0,1.0,1.0,1.0,6.0
2488,201610,24,4.0,1.0,6.0,5.0,1.0,5.0,14.0,2.0,0.0,4.0,2.0,4.0,2.0,4.0,4.0,6.0,0.0,0.0,1.0,50.0,8.0,105.0,5.0,2.0,7.0,1.0,3.0,0.0,3.0,12.0,1.0,0.0,1.0,4.0
2489,201610,25,4.0,7.0,5.0,4.0,0.0,6.0,5.0,0.0,4.0,7.0,1.0,1.0,4.0,5.0,11.0,4.0,2.0,1.0,2.0,33.0,5.0,59.0,1.0,16.0,20.0,2.0,4.0,0.0,3.0,4.0,1.0,0.0,1.0,5.0
2490,201610,26,3.0,9.0,2.0,8.0,1.0,8.0,6.0,0.0,0.0,5.0,1.0,1.0,1.0,3.0,12.0,10.0,0.0,1.0,6.0,7.0,1.0,8.0,1.0,5.0,9.0,4.0,1.0,0.0,3.0,1.0,3.0,1.0,0.0,4.0
2491,201610,27,11.0,10.0,4.0,4.0,1.0,13.0,6.0,13.0,0.0,14.0,4.0,9.0,3.0,0.0,10.0,11.0,3.0,2.0,2.0,10.0,5.0,26.0,1.0,4.0,8.0,3.0,5.0,4.0,3.0,4.0,0.0,1.0,3.0,28.0
2492,201610,28,9.0,7.0,2.0,7.0,1.0,17.0,4.0,11.0,3.0,11.0,1.0,5.0,0.0,4.0,14.0,7.0,0.0,1.0,0.0,13.0,3.0,26.0,3.0,9.0,9.0,1.0,7.0,1.0,3.0,3.0,5.0,1.0,0.0,26.0
2493,201610,29,5.0,1.0,4.0,0.0,1.0,4.0,1.0,2.0,4.0,4.0,1.0,4.0,2.0,0.0,4.0,3.0,2.0,4.0,1.0,2.0,0.0,4.0,2.0,4.0,2.0,0.0,3.0,2.0,4.0,0.0,4.0,5.0,1.0,0.0
2494,201610,30,16.0,9.0,6.0,6.0,0.0,22.0,11.0,8.0,1.0,19.0,6.0,10.0,4.0,10.0,12.0,17.0,3.0,0.0,4.0,19.0,1.0,50.0,3.0,8.0,9.0,8.0,2.0,3.0,6.0,6.0,0.0,7.0,8.0,29.0
2495,201610,31,0.0,10.0,0.0,1.0,1.0,15.0,7.0,8.0,1.0,3.0,6.0,2.0,1.0,2.0,1.0,4.0,1.0,1.0,3.0,4.0,0.0,3.0,1.0,4.0,7.0,2.0,7.0,2.0,4.0,0.0,1.0,0.0,1.0,4.0
2496,201611,1,3.0,5.0,3.0,1.0,2.0,4.0,2.0,6.0,2.0,1.0,5.0,5.0,3.0,1.0,4.0,6.0,4.0,0.0,1.0,8.0,1.0,8.0,1.0,8.0,9.0,3.0,6.0,3.0,5.0,0.0,3.0,0.0,4.0,0.0
2497,201611,2,8.0,7.0,6.0,10.0,0.0,14.0,3.0,1.0,0.0,5.0,4.0,6.0,4.0,4.0,134.0,21.0,2.0,1.0,15.0,4.0,4.0,6.0,1.0,12.0,21.0,12.0,3.0,2.0,7.0,2.0,1.0,2.0,1.0,3.0
2498,201611,3,6.0,6.0,7.0,7.0,0.0,18.0,2.0,14.0,1.0,4.0,9.0,3.0,6.0,8.0,22.0,11.0,2.0,1.0,5.0,9.0,2.0,6.0,1.0,9.0,20.0,9.0,4.0,3.0,4.0,2.0,2.0,2.0,1.0,3.0
2499,201611,4,11.0,6.0,4.0,4.0,2.0,8.0,2.0,4.0,0.0,8.0,7.0,5.0,7.0,1.0,10.0,16.0,1.0,2.0,2.0,1.0,0.0,4.0,1.0,5.0,8.0,5.0,4.0,1.0,2.0,0.0,2.0,2.0,0.0,2.0
2500,201611,5,1.0,2.0,3.0,0.0,0.0,2.0,4.0,0.0,1.0,0.0,1.0,1.0,0.0,0.0,2.0,2.0,2.0,0.0,0.0,5.0,0.0,4.0,0.0,4.0,7.0,0.0,0.0,0.0,2.0,0.0,1.0,8.0,1.0,0.0
2501,201611,6,0.0,4.0,1.0,2.0,0.0,5.0,0.0,2.0,1.0,0.0,2.0,1.0,0.0,1.0,8.0,4.0,0.0,1.0,1.0,5.0,1.0,3.0,0.0,8.0,5.0,1.0,0.0,0.0,1.0,0.0,1.0,0.0,0.0,2.0
2502,201611,7,0.0,50.0,2.0,4.0,1.0,9.0,0.0,6.0,4.0,8.0,6.0,4.0,2.0,3.0,12.0,10.0,0.0,0.0,1.0,0.0,0.0,0.0,1.0,7.0,8.0,6.0,2.0,0.0,1.0,1.0,0.0,0.0,0.0,1.0
2503,201611,8,2.0,5.0,2.0,4.0,0.0,10.0,5.0,2.0,1.0,5.0,6.0,3.0,1.0,3.0,7.0,0.0,2.0,1.0,1.0,6.0,2.0,3.0,0.0,7.0,8.0,1.0,8.0,0.0,3.0,0.0,0.0,1.0,2.0,0.0
2504,201611,9,12.0,6.0,3.0,1.0,1.0,9.0,9.0,5.0,5.0,6.0,3.0,0.0,2.0,3.0,0.0,11.0,0.0,1.0,0.0,4.0,1.0,3.0,0.0,6.0,13.0,0.0,2.0,0.0,3.0,1.0,4.0,1.0,2.0,2.0
2505,201611,10,3.0,3.0,1.0,4.0,2.0,8.0,11.0,5.0,1.0,7.0,2.0,3.0,1.0,2.0,8.0,4.0,2.0,4.0,1.0,4.0,0.0,3.0,0.0,5.0,15.0,1.0,4.0,0.0,3.0,2.0,3.0,0.0,1.0,1.0
2506,201611,11,12.0,6.0,6.0,2.0,1.0,10.0,7.0,3.0,5.0,5.0,3.0,3.0,0.0,3.0,5.0,6.0,2.0,0.0,1.0,5.0,0.0,4.0,1.0,1.0,6.0,3.0,3.0,0.0,4.0,0.0,0.0,4.0,0.0,7.0
2507,201611,12,0.0,1.0,1.0,1.0,1.0,5.0,1.0,2.0,3.0,0.0,1.0,3.0,0.0,1.0,4.0,1.0,0.0,0.0,0.0,2.0,0.0,2.0,1.0,2.0,2.0,2.0,3.0,0.0,0.0,1.0,0.0,2.0,0.0,2.0
2508,201611,13,0.0,1.0,1.0,3.0,1.0,6.0,3.0,2.0,0.0,1.0,4.0,2.0,1.0,3.0,3.0,0.0,1.0,1.0,1.0,4.0,0.0,6.0,0.0,4.0,5.0,2.0,0.0,0.0,0.0,1.0,0.0,2.0,0.0,0.0
2509,201611,14,1.0,4.0,1.0,5.0,0.0,1.0,3.0,3.0,0.0,5.0,4.0,1.0,0.0,1.0,3.0,4.0,2.0,0.0,1.0,5.0,0.0,9.0,0.0,5.0,5.0,0.0,2.0,1.0,1.0,1.0,1.0,3.0,1.0,2.0
2510,201611,15,8.0,31.0,6.0,14.0,0.0,19.0,9.0,7.0,2.0,10.0,3.0,10.0,3.0,2.0,46.0,20.0,1.0,0.0,9.0,6.0,1.0,10.0,4.0,7.0,14.0,2.0,3.0,0.0,10.0,4.0,2.0,3.0,1.0,20.0
2511,201611,16,5.0,5.0,1.0,5.0,0.0,16.0,3.0,7.0,0.0,2.0,4.0,1.0,3.0,6.0,6.0,8.0,0.0,1.0,18.0,5.0,3.0,7.0,2.0,4.0,11.0,3.0,4.0,3.0,1.0,2.0,2.0,0.0,0.0,5.0
2512,201611,17,3.0,4.0,8.0,12.0,0.0,9.0,0.0,3.0,1.0,2.0,6.0,3.0,1.0,109.0,4.0,7.0,1.0,2.0,2.0,8.0,4.0,4.0,8.0,4.0,9.0,9.0,4.0,2.0,1.0,2.0,2.0,1.0,1.0,5.0
2513,201611,18,2.0,5.0,6.0,33.0,0.0,1.0,4.0,0.0,0.0,0.0,1.0,0.0,4.0,14.0,12.0,3.0,1.0,1.0,0.0,7.0,2.0,2.0,9.0,9.0,7.0,4.0,1.0,2.0,3.0,0.0,0.0,1.0,0.0,3.0
2514,201611,19,2.0,0.0,2.0,4.0,1.0,1.0,4.0,1.0,1.0,2.0,0.0,4.0,0.0,1.0,3.0,2.0,2.0,0.0,0.0,18.0,1.0,43.0,0.0,2.0,3.0,1.0,2.0,1.0,2.0,5.0,0.0,0.0,0.0,0.0
2515,201611,20,48.0,1.0,3.0,4.0,0.0,26.0,1.0,17.0,1.0,12.0,2.0,7.0,1.0,5.0,6.0,41.0,0.0,0.0,2.0,3.0,1.0,1.0,2.0,15.0,11.0,2.0,5.0,5.0,9.0,0.0,1.0,1.0,2.0,9.0
2516,201611,21,8.0,2.0,2.0,3.0,0.0,17.0,6.0,12.0,0.0,8.0,2.0,4.0,1.0,3.0,8.0,42.0,5.0,0.0,1.0,3.0,0.0,1.0,2.0,3.0,12.0,4.0,4.0,3.0,6.0,0.0,1.0,4.0,2.0,18.0
2517,201611,22,4.0,7.0,3.0,6.0,0.0,12.0,5.0,4.0,2.0,6.0,2.0,6.0,3.0,4.0,5.0,8.0,3.0,1.0,0.0,6.0,2.0,7.0,4.0,10.0,19.0,3.0,7.0,0.0,3.0,0.0,3.0,2.0,1.0,9.0
2518,201611,23,3.0,2.0,2.0,4.0,1.0,2.0,1.0,7.0,0.0,0.0,0.0,2.0,0.0,1.0,5.0,4.0,2.0,0.0,0.0,4.0,0.0,7.0,1.0,4.0,4.0,3.0,0.0,2.0,2.0,1.0,2.0,1.0,0.0,2.0
2519,201611,24,1.0,1.0,3.0,2.0,0.0,1.0,1.0,0.0,0.0,0.0,0.0,0.0,0.0,0.0,2.0,12.0,0.0,0.0,1.0,0.0,0.0,0.0,0.0,1.0,5.0,1.0,0.0,1.0,1.0,0.0,2.0,1.0,0.0,0.0
2520,201611,25,2.0,0.0,5.0,2.0,0.0,2.0,6.0,1.0,0.0,0.0,0.0,0.0,1.0,0.0,7.0,5.0,0.0,0.0,2.0,4.0,0.0,3.0,0.0,3.0,4.0,3.0,0.0,0.0,1.0,0.0,1.0,4.0,0.0,0.0
2521,201611,26,1.0,2.0,1.0,5.0,1.0,6.0,5.0,3.0,0.0,2.0,1.0,1.0,1.0,4.0,3.0,11.0,1.0,1.0,1.0,8.0,2.0,7.0,3.0,2.0,0.0,4.0,1.0,1.0,3.0,1.0,0.0,2.0,0.0,2.0
2522,201611,27,4.0,1.0,6.0,50.0,0.0,7.0,2.0,5.0,1.0,3.0,2.0,8.0,4.0,4.0,11.0,5.0,1.0,1.0,3.0,3.0,1.0,2.0,7.0,4.0,7.0,3.0,3.0,0.0,5.0,4.0,0.0,2.0,0.0,0.0
2523,201611,28,5.0,36.0,5.0,19.0,1.0,2.0,3.0,4.0,2.0,2.0,2.0,2.0,1.0,3.0,9.0,4.0,1.0,1.0,3.0,1.0,0.0,3.0,4.0,8.0,12.0,4.0,4.0,2.0,1.0,0.0,0.0,0.0,0.0,1.0
2524,201611,29,31.0,9.0,4.0,14.0,0.0,23.0,5.0,19.0,8.0,7.0,3.0,7.0,2.0,4.0,9.0,15.0,0.0,1.0,3.0,5.0,0.0,8.0,0.0,4.0,12.0,7.0,7.0,3.0,11.0,1.0,1.0,2.0,1.0,4.0
2525,201611,30,30.0,4.0,0.0,5.0,3.0,16.0,2.0,14.0,3.0,7.0,2.0,12.0,6.0,3.0,10.0,19.0,0.0,0.0,3.0,4.0,1.0,4.0,0.0,3.0,16.0,3.0,8.0,5.0,17.0,1.0,1.0,0.0,1.0,3.0
2526,201612,1,6.0,3.0,3.0,5.0,0.0,9.0,9.0,5.0,6.0,9.0,1.0,5.0,2.0,3.0,11.0,21.0,0.0,2.0,2.0,4.0,0.0,6.0,0.0,7.0,10.0,3.0,3.0,3.0,9.0,1.0,1.0,3.0,0.0,2.0
2527,201612,2,3.0,2.0,6.0,6.0,1.0,6.0,1.0,3.0,13.0,5.0,0.0,1.0,1.0,1.0,10.0,10.0,1.0,1.0,3.0,15.0,1.0,3.0,1.0,9.0,13.0,1.0,0.0,2.0,2.0,1.0,0.0,0.0,1.0,1.0
2528,201612,3,0.0,0.0,5.0,3.0,0.0,2.0,1.0,2.0,4.0,1.0,3.0,0.0,2.0,4.0,5.0,4.0,2.0,2.0,0.0,4.0,3.0,3.0,1.0,7.0,8.0,2.0,0.0,1.0,2.0,0.0,0.0,0.0,0.0,1.0
2529,201612,4,8.0,13.0,3.0,26.0,3.0,21.0,6.0,4.0,2.0,11.0,8.0,6.0,6.0,4.0,191.0,27.0,3.0,2.0,52.0,4.0,3.0,3.0,7.0,17.0,28.0,18.0,4.0,2.0,1.0,2.0,2.0,0.0,1.0,2.0
2530,201612,5,6.0,13.0,7.0,18.0,4.0,14.0,33.0,9.0,3.0,9.0,4.0,4.0,6.0,15.0,33.0,24.0,2.0,1.0,21.0,13.0,7.0,12.0,7.0,10.0,22.0,5.0,6.0,2.0,7.0,2.0,0.0,0.0,1.0,6.0
2531,201612,6,8.0,6.0,10.0,50.0,3.0,11.0,25.0,10.0,2.0,8.0,5.0,7.0,3.0,17.0,10.0,23.0,1.0,2.0,3.0,17.0,4.0,14.0,3.0,11.0,9.0,4.0,11.0,2.0,13.0,2.0,1.0,3.0,0.0,1.0
2532,201612,7,7.0,3.0,5.0,14.0,2.0,12.0,10.0,21.0,3.0,9.0,7.0,7.0,2.0,7.0,5.0,9.0,1.0,2.0,0.0,11.0,0.0,17.0,2.0,11.0,16.0,5.0,3.0,6.0,5.0,2.0,2.0,2.0,0.0,0.0
2533,201612,8,13.0,16.0,5.0,9.0,3.0,6.0,109.0,19.0,6.0,6.0,1.0,5.0,3.0,8.0,13.0,21.0,1.0,3.0,1.0,31.0,4.0,48.0,8.0,5.0,8.0,3.0,5.0,2.0,5.0,7.0,3.0,2.0,0.0,3.0
2534,201612,9,14.0,10.0,9.0,8.0,5.0,13.0,143.0,17.0,0.0,8.0,4.0,8.0,4.0,10.0,6.0,15.0,1.0,1.0,5.0,19.0,6.0,44.0,11.0,9.0,9.0,7.0,6.0,6.0,5.0,3.0,1.0,1.0,4.0,1.0
2535,201612,10,4.0,5.0,8.0,13.0,3.0,4.0,13.0,4.0,0.0,2.0,4.0,4.0,7.0,10.0,43.0,5.0,2.0,2.0,30.0,12.0,2.0,17.0,8.0,9.0,10.0,9.0,7.0,0.0,5.0,1.0,4.0,1.0,0.0,5.0
2536,201612,11,25.0,23.0,17.0,80.0,12.0,57.0,21.0,21.0,0.0,36.0,15.0,28.0,34.0,14.0,688.0,213.0,14.0,9.0,147.0,15.0,7.0,11.0,13.0,42.0,86.0,47.0,25.0,20.0,18.0,6.0,7.0,2.0,8.0,25.0
2537,201612,12,13.0,5.0,4.0,19.0,2.0,22.0,32.0,10.0,0.0,14.0,4.0,6.0,4.0,2.0,34.0,51.0,3.0,1.0,17.0,8.0,3.0,8.0,5.0,7.0,19.0,7.0,10.0,4.0,4.0,0.0,3.0,9.0,1.0,5.0
2538,201612,13,7.0,9.0,7.0,9.0,4.0,6.0,11.0,7.0,0.0,6.0,8.0,7.0,5.0,2.0,11.0,23.0,2.0,3.0,5.0,6.0,2.0,11.0,1.0,7.0,8.0,0.0,4.0,0.0,4.0,2.0,4.0,0.0,0.0,0.0
2539,201612,14,7.0,5.0,8.0,11.0,0.0,14.0,66.0,14.0,4.0,6.0,3.0,10.0,2.0,9.0,20.0,34.0,2.0,2.0,7.0,22.0,3.0,46.0,11.0,7.0,16.0,5.0,7.0,4.0,5.0,4.0,4.0,2.0,6.0,2.0
2540,201612,15,82.0,21.0,11.0,11.0,0.0,40.0,42.0,19.0,1.0,14.0,2.0,13.0,7.0,6.0,21.0,59.0,0.0,5.0,8.0,38.0,12.0,113.0,17.0,7.0,27.0,8.0,11.0,9.0,15.0,13.0,4.0,3.0,5.0,17.0
2541,201612,16,22.0,38.0,23.0,77.0,3.0,36.0,18.0,18.0,1.0,20.0,12.0,18.0,20.0,123.0,227.0,57.0,9.0,6.0,74.0,32.0,27.0,50.0,16.0,23.0,44.0,44.0,13.0,6.0,19.0,15.0,9.0,1.0,3.0,8.0
2542,201612,17,133.0,80.0,54.0,98.0,20.0,146.0,38.0,100.0,5.0,62.0,61.0,55.0,54.0,346.0,298.0,172.0,25.0,30.0,82.0,52.0,34.0,65.0,41.0,38.0,97.0,129.0,84.0,96.0,59.0,14.0,39.0,4.0,41.0,51.0
2543,201612,18,67.0,98.0,26.0,66.0,11.0,76.0,36.0,39.0,4.0,41.0,80.0,47.0,41.0,97.0,149.0,94.0,20.0,21.0,25.0,39.0,23.0,30.0,16.0,84.0,93.0,69.0,50.0,20.0,33.0,4.0,23.0,2.0,13.0,30.0
2544,201612,19,13.0,46.0,14.0,24.0,10.0,24.0,45.0,14.0,5.0,7.0,15.0,16.0,9.0,39.0,46.0,35.0,12.0,9.0,10.0,14.0,13.0,17.0,11.0,20.0,44.0,19.0,21.0,4.0,16.0,1.0,9.0,4.0,1.0,8.0
2545,201612,20,2.0,20.0,10.0,14.0,4.0,16.0,36.0,14.0,5.0,8.0,4.0,6.0,9.0,11.0,14.0,15.0,11.0,4.0,1.0,18.0,4.0,12.0,11.0,6.0,22.0,9.0,17.0,1.0,11.0,5.0,5.0,1.0,1.0,2.0
2546,201612,21,14.0,14.0,21.0,5.0,3.0,20.0,18.0,13.0,7.0,8.0,3.0,4.0,3.0,4.0,17.0,13.0,3.0,2.0,1.0,72.0,3.0,27.0,7.0,10.0,21.0,7.0,8.0,1.0,12.0,15.0,5.0,3.0,0.0,1.0
2547,201612,22,12.0,17.0,14.0,11.0,1.0,20.0,32.0,8.0,1.0,2.0,3.0,5.0,2.0,21.0,8.0,18.0,3.0,3.0,0.0,42.0,9.0,40.0,6.0,2.0,22.0,3.0,13.0,3.0,11.0,17.0,3.0,2.0,1.0,1.0
2548,201612,23,8.0,7.0,21.0,14.0,3.0,10.0,27.0,13.0,5.0,7.0,9.0,6.0,6.0,16.0,26.0,13.0,6.0,1.0,2.0,53.0,7.0,60.0,12.0,12.0,25.0,3.0,7.0,2.0,8.0,24.0,1.0,0.0,0.0,3.0
2549,201612,24,3.0,14.0,9.0,6.0,2.0,8.0,11.0,5.0,2.0,2.0,5.0,4.0,1.0,16.0,13.0,8.0,1.0,0.0,2.0,10.0,2.0,9.0,13.0,11.0,11.0,4.0,10.0,1.0,4.0,3.0,3.0,2.0,1.0,2.0
2550,201612,25,3.0,19.0,19.0,37.0,3.0,6.0,8.0,3.0,2.0,4.0,5.0,1.0,3.0,36.0,15.0,9.0,3.0,3.0,40.0,6.0,6.0,9.0,20.0,8.0,7.0,14.0,4.0,1.0,5.0,3.0,4.0,1.0,0.0,2.0
2551,201612,26,3.0,6.0,8.0,104.0,2.0,14.0,29.0,4.0,1.0,9.0,7.0,17.0,16.0,24.0,36.0,16.0,2.0,1.0,32.0,11.0,3.0,5.0,18.0,4.0,9.0,5.0,6.0,3.0,12.0,0.0,1.0,5.0,1.0,5.0
2552,201612,27,3.0,11.0,6.0,28.0,3.0,10.0,26.0,5.0,0.0,3.0,9.0,10.0,2.0,4.0,8.0,11.0,2.0,1.0,2.0,14.0,2.0,3.0,2.0,21.0,7.0,2.0,8.0,0.0,8.0,2.0,1.0,8.0,1.0,3.0
2553,201612,28,5.0,13.0,4.0,11.0,4.0,8.0,29.0,5.0,0.0,4.0,9.0,5.0,1.0,15.0,8.0,5.0,2.0,5.0,2.0,7.0,4.0,8.0,6.0,2.0,10.0,0.0,5.0,1.0,7.0,2.0,1.0,2.0,2.0,0.0
2554,201612,29,14.0,10.0,0.0,6.0,0.0,17.0,31.0,15.0,6.0,7.0,6.0,2.0,1.0,1.0,10.0,23.0,2.0,6.0,1.0,7.0,1.0,5.0,7.0,9.0,15.0,3.0,5.0,3.0,6.0,0.0,2.0,4.0,1.0,0.0
2555,201612,30,4.0,4.0,4.0,7.0,2.0,15.0,11.0,10.0,10.0,6.0,0.0,8.0,1.0,3.0,4.0,19.0,1.0,2.0,4.0,8.0,4.0,5.0,1.0,5.0,8.0,3.0,3.0,4.0,9.0,1.0,1.0,2.0,2.0,4.0
2556,201612,31,2.0,2.0,0.0,2.0,0.0,3.0,3.0,4.0,6.0,2.0,0.0,5.0,1.0,3.0,2.0,5.0,0.0,4.0,0.0,2.0,0.0,1.0,3.0,7.0,1.0,0.0,2.0,1.0,5.0,1.0,4.0,0.0,0.0,0.0
2557,201701,1,3.0,12.0,3.0,4.0,2.0,10.0,33.0,19.0,6.0,6.0,3.0,9.0,3.0,6.0,11.0,5.0,3.0,2.0,1.0,13.0,4.0,14.0,5.0,2.0,1.0,2.0,5.0,2.0,9.0,1.0,2.0,2.0,2.0,0.0
2558,201701,2,14.0,43.0,11.0,17.0,10.0,14.0,31.0,16.0,3.0,15.0,34.0,49.0,30.0,16.0,40.0,36.0,4.0,3.0,47.0,21.0,9.0,48.0,11.0,16.0,12.0,20.0,14.0,7.0,28.0,5.0,6.0,3.0,2.0,5.0
2559,201701,3,24.0,6.0,12.0,12.0,3.0,28.0,30.0,15.0,14.0,21.0,11.0,35.0,6.0,16.0,40.0,33.0,1.0,1.0,22.0,33.0,2.0,76.0,10.0,15.0,17.0,16.0,16.0,6.0,21.0,10.0,5.0,2.0,2.0,2.0
2560,201701,4,10.0,34.0,11.0,14.0,1.0,12.0,41.0,11.0,13.0,6.0,7.0,13.0,2.0,66.0,28.0,26.0,4.0,2.0,0.0,24.0,5.0,36.0,26.0,10.0,14.0,7.0,13.0,5.0,9.0,5.0,3.0,2.0,2.0,1.0
2561,201701,5,4.0,32.0,18.0,13.0,1.0,15.0,13.0,12.0,6.0,12.0,14.0,13.0,5.0,132.0,20.0,28.0,1.0,5.0,3.0,35.0,6.0,26.0,16.0,24.0,14.0,10.0,11.0,3.0,6.0,5.0,5.0,3.0,1.0,1.0
2562,201701,6,36.0,96.0,22.0,15.0,20.0,30.0,7.0,25.0,1.0,32.0,74.0,123.0,267.0,43.0,40.0,25.0,16.0,10.0,23.0,22.0,12.0,21.0,4.0,48.0,35.0,18.0,42.0,16.0,23.0,3.0,143.0,1.0,12.0,32.0
2563,201701,7,105.0,63.0,27.0,29.0,34.0,165.0,97.0,139.0,6.0,116.0,52.0,197.0,209.0,20.0,64.0,76.0,49.0,4.0,25.0,41.0,17.0,71.0,19.0,47.0,55.0,26.0,87.0,45.0,85.0,7.0,128.0,5.0,94.0,117.0
2564,201701,8,32.0,24.0,20.0,13.0,6.0,74.0,220.0,36.0,6.0,36.0,11.0,63.0,28.0,38.0,24.0,34.0,18.0,5.0,5.0,62.0,16.0,137.0,39.0,26.0,11.0,11.0,18.0,16.0,66.0,8.0,11.0,6.0,22.0,52.0
2565,201701,9,13.0,20.0,15.0,14.0,2.0,17.0,58.0,19.0,3.0,16.0,5.0,22.0,3.0,99.0,18.0,17.0,3.0,5.0,2.0,37.0,4.0,52.0,22.0,8.0,16.0,9.0,8.0,7.0,32.0,5.0,3.0,1.0,9.0,9.0
2566,201701,10,18.0,12.0,16.0,65.0,7.0,36.0,66.0,22.0,9.0,29.0,8.0,11.0,3.0,23.0,171.0,88.0,2.0,2.0,22.0,45.0,9.0,120.0,23.0,18.0,28.0,13.0,11.0,10.0,49.0,9.0,3.0,2.0,4.0,18.0
2567,201701,11,19.0,4.0,7.0,25.0,2.0,20.0,127.0,9.0,14.0,12.0,3.0,5.0,4.0,14.0,40.0,24.0,1.0,3.0,37.0,29.0,5.0,33.0,23.0,12.0,15.0,9.0,9.0,8.0,11.0,8.0,2.0,6.0,0.0,3.0
2568,201701,12,8.0,2.0,4.0,20.0,1.0,13.0,14.0,6.0,3.0,10.0,5.0,3.0,2.0,5.0,37.0,23.0,0.0,3.0,30.0,15.0,4.0,14.0,5.0,12.0,15.0,6.0,7.0,3.0,8.0,1.0,1.0,0.0,0.0,4.0
2569,201701,13,9.0,30.0,9.0,8.0,2.0,7.0,9.0,4.0,6.0,7.0,13.0,4.0,5.0,14.0,22.0,12.0,4.0,4.0,8.0,10.0,6.0,5.0,6.0,15.0,7.0,60.0,11.0,4.0,14.0,0.0,5.0,1.0,1.0,8.0
2570,201701,14,1.0,29.0,8.0,3.0,1.0,29.0,5.0,4.0,2.0,32.0,8.0,10.0,4.0,13.0,8.0,24.0,6.0,4.0,5.0,8.0,8.0,5.0,4.0,10.0,28.0,51.0,13.0,69.0,8.0,1.0,5.0,2.0,0.0,1.0
2571,201701,15,5.0,150.0,17.0,11.0,3.0,7.0,32.0,2.0,8.0,8.0,14.0,8.0,3.0,28.0,15.0,5.0,2.0,10.0,9.0,9.0,4.0,9.0,3.0,17.0,9.0,90.0,6.0,2.0,2.0,1.0,1.0,0.0,1.0,4.0
2572,201701,16,12.0,46.0,16.0,72.0,0.0,8.0,8.0,8.0,13.0,5.0,14.0,9.0,12.0,9.0,82.0,19.0,1.0,8.0,44.0,10.0,5.0,7.0,7.0,12.0,12.0,26.0,8.0,3.0,5.0,2.0,3.0,1.0,0.0,3.0
2573,201701,17,15.0,6.0,6.0,35.0,0.0,14.0,118.0,9.0,3.0,7.0,4.0,5.0,3.0,14.0,25.0,26.0,1.0,1.0,13.0,16.0,4.0,24.0,12.0,6.0,12.0,6.0,8.0,0.0,13.0,5.0,4.0,0.0,4.0,3.0
2574,201701,18,17.0,9.0,10.0,5.0,7.0,17.0,66.0,3.0,8.0,3.0,8.0,4.0,1.0,5.0,3.0,15.0,3.0,2.0,3.0,28.0,3.0,72.0,14.0,8.0,11.0,1.0,6.0,7.0,10.0,8.0,2.0,2.0,1.0,0.0
2575,201701,19,9.0,8.0,7.0,18.0,8.0,18.0,16.0,4.0,16.0,7.0,3.0,11.0,3.0,11.0,31.0,13.0,4.0,1.0,1.0,7.0,3.0,12.0,7.0,10.0,9.0,10.0,8.0,3.0,8.0,6.0,4.0,2.0,0.0,38.0
2576,201701,20,6.0,16.0,21.0,27.0,1.0,6.0,14.0,6.0,3.0,4.0,14.0,4.0,3.0,11.0,34.0,22.0,2.0,7.0,3.0,22.0,14.0,31.0,19.0,4.0,8.0,9.0,7.0,3.0,8.0,16.0,3.0,4.0,0.0,2.0
2577,201701,21,12.0,4.0,5.0,29.0,2.0,9.0,7.0,18.0,2.0,5.0,4.0,17.0,7.0,12.0,36.0,26.0,2.0,4.0,2.0,7.0,1.0,5.0,7.0,6.0,7.0,4.0,6.0,10.0,16.0,4.0,4.0,2.0,0.0,4.0
2578,201701,22,37.0,4.0,25.0,38.0,4.0,33.0,15.0,26.0,0.0,18.0,6.0,28.0,81.0,10.0,45.0,105.0,4.0,5.0,28.0,54.0,37.0,46.0,4.0,15.0,24.0,10.0,24.0,14.0,24.0,18.0,9.0,2.0,12.0,33.0
2579,201701,23,53.0,10.0,15.0,27.0,8.0,63.0,28.0,54.0,10.0,52.0,19.0,17.0,23.0,33.0,18.0,68.0,10.0,4.0,12.0,24.0,9.0,27.0,13.0,22.0,36.0,15.0,33.0,16.0,33.0,10.0,19.0,2.0,18.0,83.0
2580,201701,24,18.0,7.0,20.0,6.0,1.0,44.0,9.0,16.0,10.0,13.0,1.0,13.0,3.0,33.0,4.0,22.0,0.0,5.0,3.0,5.0,3.0,8.0,6.0,5.0,9.0,5.0,8.0,6.0,13.0,3.0,2.0,3.0,1.0,21.0
2581,201701,25,3.0,4.0,8.0,6.0,0.0,8.0,8.0,3.0,5.0,2.0,0.0,1.0,1.0,3.0,7.0,8.0,1.0,1.0,2.0,4.0,0.0,4.0,2.0,1.0,5.0,3.0,1.0,1.0,3.0,0.0,0.0,4.0,0.0,3.0
2582,201701,26,9.0,0.0,5.0,5.0,0.0,4.0,14.0,2.0,3.0,2.0,0.0,2.0,0.0,6.0,8.0,22.0,0.0,2.0,0.0,7.0,2.0,5.0,4.0,5.0,8.0,2.0,5.0,4.0,17.0,0.0,0.0,3.0,3.0,2.0
2583,201701,27,7.0,6.0,4.0,1.0,0.0,7.0,14.0,3.0,3.0,6.0,3.0,3.0,0.0,2.0,9.0,9.0,0.0,0.0,4.0,19.0,3.0,8.0,4.0,2.0,5.0,0.0,5.0,3.0,12.0,0.0,1.0,10.0,3.0,2.0
2584,201701,28,3.0,0.0,1.0,1.0,0.0,3.0,8.0,5.0,3.0,1.0,0.0,1.0,1.0,3.0,1.0,6.0,1.0,1.0,0.0,2.0,0.0,2.0,3.0,4.0,4.0,1.0,1.0,2.0,2.0,2.0,0.0,3.0,0.0,1.0
2585,201701,29,6.0,6.0,5.0,17.0,1.0,12.0,13.0,3.0,0.0,5.0,4.0,6.0,52.0,4.0,7.0,19.0,3.0,2.0,3.0,11.0,0.0,9.0,6.0,13.0,6.0,3.0,4.0,0.0,7.0,1.0,4.0,2.0,1.0,7.0
2586,201701,30,7.0,2.0,0.0,6.0,3.0,14.0,11.0,2.0,6.0,9.0,3.0,2.0,15.0,4.0,4.0,11.0,5.0,1.0,4.0,11.0,1.0,8.0,2.0,5.0,7.0,6.0,6.0,2.0,3.0,1.0,1.0,1.0,1.0,15.0
2587,201701,31,38.0,5.0,8.0,5.0,1.0,17.0,4.0,8.0,0.0,10.0,2.0,11.0,2.0,7.0,10.0,30.0,1.0,1.0,5.0,17.0,5.0,8.0,6.0,5.0,13.0,5.0,7.0,7.0,13.0,9.0,2.0,2.0,1.0,10.0
2588,201702,1,7.0,3.0,4.0,5.0,1.0,5.0,7.0,1.0,3.0,4.0,2.0,3.0,2.0,17.0,6.0,8.0,2.0,3.0,3.0,18.0,1.0,17.0,6.0,4.0,15.0,3.0,2.0,3.0,5.0,30.0,2.0,0.0,0.0,0.0
2589,201702,2,4.0,4.0,4.0,4.0,0.0,5.0,10.0,3.0,2.0,1.0,2.0,2.0,1.0,12.0,2.0,8.0,0.0,2.0,1.0,25.0,5.0,61.0,4.0,4.0,9.0,2.0,5.0,1.0,8.0,7.0,4.0,2.0,1.0,3.0
2590,201702,3,7.0,5.0,4.0,1.0,0.0,8.0,50.0,6.0,2.0,0.0,4.0,2.0,0.0,4.0,1.0,7.0,0.0,1.0,2.0,27.0,2.0,71.0,12.0,6.0,7.0,3.0,3.0,1.0,5.0,8.0,2.0,0.0,1.0,1.0
2591,201702,4,2.0,4.0,4.0,2.0,3.0,4.0,12.0,2.0,3.0,4.0,0.0,1.0,0.0,1.0,1.0,4.0,0.0,1.0,0.0,3.0,4.0,4.0,4.0,2.0,2.0,2.0,0.0,2.0,0.0,1.0,2.0,2.0,1.0,0.0
2592,201702,5,2.0,3.0,5.0,1.0,0.0,9.0,59.0,7.0,9.0,9.0,0.0,2.0,2.0,3.0,3.0,3.0,0.0,2.0,1.0,4.0,4.0,18.0,2.0,7.0,5.0,0.0,4.0,0.0,3.0,1.0,0.0,1.0,1.0,1.0
2593,201702,6,6.0,6.0,13.0,4.0,3.0,6.0,223.0,8.0,15.0,3.0,2.0,2.0,3.0,11.0,4.0,7.0,2.0,3.0,1.0,54.0,10.0,62.0,21.0,3.0,3.0,4.0,5.0,3.0,4.0,12.0,2.0,7.0,3.0,0.0
2594,201702,7,9.0,6.0,8.0,18.0,4.0,27.0,38.0,8.0,4.0,8.0,4.0,1.0,4.0,10.0,18.0,12.0,3.0,1.0,9.0,30.0,5.0,75.0,25.0,16.0,10.0,5.0,3.0,3.0,2.0,5.0,0.0,1.0,1.0,3.0
2595,201702,8,10.0,15.0,13.0,15.0,7.0,13.0,42.0,13.0,2.0,26.0,17.0,24.0,7.0,10.0,34.0,19.0,23.0,2.0,6.0,43.0,18.0,44.0,11.0,14.0,13.0,6.0,23.0,8.0,9.0,9.0,19.0,9.0,2.0,9.0
2596,201702,9,363.0,43.0,24.0,32.0,32.0,497.0,62.0,174.0,1.0,163.0,33.0,76.0,57.0,22.0,104.0,153.0,67.0,13.0,27.0,76.0,15.0,101.0,20.0,36.0,95.0,28.0,118.0,52.0,69.0,26.0,106.0,3.0,293.0,433.0
2597,201702,10,31.0,7.0,1.0,10.0,2.0,111.0,18.0,9.0,4.0,13.0,5.0,7.0,2.0,6.0,3.0,16.0,3.0,3.0,4.0,13.0,4.0,9.0,4.0,8.0,17.0,1.0,6.0,2.0,13.0,1.0,4.0,2.0,22.0,53.0
2598,201702,11,5.0,4.0,0.0,1.0,0.0,5.0,19.0,7.0,10.0,3.0,0.0,1.0,1.0,17.0,3.0,10.0,0.0,1.0,0.0,4.0,2.0,1.0,2.0,3.0,3.0,2.0,3.0,3.0,3.0,0.0,2.0,1.0,1.0,1.0
2599,201702,12,74.0,10.0,7.0,4.0,4.0,175.0,34.0,49.0,6.0,49.0,7.0,29.0,13.0,15.0,33.0,46.0,14.0,2.0,9.0,9.0,4.0,12.0,4.0,11.0,25.0,7.0,27.0,23.0,27.0,1.0,20.0,2.0,30.0,65.0
2600,201702,13,79.0,11.0,7.0,8.0,3.0,281.0,7.0,24.0,8.0,51.0,3.0,20.0,6.0,16.0,20.0,57.0,5.0,0.0,8.0,4.0,3.0,5.0,2.0,15.0,46.0,16.0,17.0,36.0,16.0,4.0,8.0,2.0,15.0,124.0
2601,201702,14,12.0,9.0,3.0,2.0,1.0,17.0,11.0,4.0,1.0,2.0,12.0,5.0,1.0,3.0,3.0,3.0,0.0,2.0,3.0,7.0,1.0,8.0,0.0,7.0,9.0,2.0,4.0,1.0,2.0,2.0,3.0,1.0,0.0,5.0
2602,201702,15,7.0,5.0,7.0,5.0,3.0,10.0,11.0,8.0,0.0,11.0,1.0,9.0,1.0,2.0,2.0,9.0,3.0,1.0,1.0,12.0,6.0,14.0,0.0,3.0,10.0,2.0,5.0,2.0,4.0,9.0,3.0,1.0,0.0,2.0
2603,201702,16,14.0,4.0,6.0,2.0,1.0,12.0,12.0,3.0,2.0,9.0,2.0,5.0,2.0,6.0,1.0,2.0,0.0,2.0,3.0,10.0,0.0,13.0,1.0,10.0,4.0,2.0,7.0,1.0,3.0,3.0,3.0,3.0,1.0,3.0
2604,201702,17,5.0,24.0,43.0,2.0,0.0,10.0,24.0,5.0,1.0,4.0,7.0,3.0,1.0,17.0,7.0,3.0,3.0,1.0,1.0,184.0,21.0,159.0,7.0,7.0,10.0,5.0,7.0,0.0,6.0,45.0,2.0,3.0,3.0,1.0
2605,201702,18,4.0,3.0,1.0,0.0,1.0,3.0,3.0,1.0,2.0,1.0,2.0,0.0,1.0,1.0,1.0,5.0,1.0,0.0,0.0,16.0,0.0,3.0,6.0,6.0,1.0,3.0,2.0,2.0,2.0,3.0,1.0,2.0,0.0,2.0
2606,201702,19,3.0,7.0,5.0,2.0,0.0,4.0,14.0,2.0,0.0,0.0,2.0,3.0,0.0,7.0,1.0,0.0,0.0,0.0,0.0,16.0,2.0,40.0,11.0,6.0,2.0,2.0,1.0,0.0,3.0,3.0,2.0,4.0,0.0,0.0
2607,201702,20,2.0,11.0,12.0,3.0,0.0,6.0,15.0,5.0,0.0,4.0,13.0,0.0,1.0,5.0,6.0,11.0,1.0,5.0,2.0,34.0,2.0,79.0,9.0,3.0,11.0,2.0,2.0,1.0,3.0,6.0,0.0,1.0,1.0,3.0
2608,201702,21,6.0,6.0,3.0,5.0,0.0,3.0,3.0,1.0,4.0,1.0,3.0,5.0,3.0,4.0,4.0,4.0,2.0,1.0,1.0,6.0,1.0,8.0,6.0,3.0,11.0,2.0,2.0,2.0,6.0,1.0,2.0,5.0,0.0,2.0
2609,201702,22,2.0,4.0,2.0,3.0,1.0,8.0,11.0,13.0,2.0,3.0,0.0,2.0,6.0,2.0,1.0,9.0,1.0,0.0,5.0,8.0,3.0,13.0,0.0,7.0,8.0,3.0,2.0,1.0,1.0,0.0,2.0,2.0,1.0,2.0
2610,201702,23,6.0,7.0,2.0,4.0,2.0,9.0,5.0,7.0,7.0,2.0,0.0,6.0,4.0,37.0,13.0,8.0,0.0,3.0,3.0,10.0,5.0,10.0,12.0,14.0,5.0,3.0,3.0,0.0,5.0,0.0,3.0,5.0,0.0,2.0
2611,201702,24,3.0,3.0,3.0,25.0,0.0,6.0,6.0,0.0,2.0,6.0,1.0,3.0,1.0,5.0,19.0,6.0,0.0,0.0,2.0,3.0,0.0,1.0,6.0,2.0,12.0,3.0,2.0,1.0,1.0,1.0,2.0,0.0,1.0,0.0
2612,201702,25,31.0,2.0,1.0,3.0,2.0,22.0,3.0,23.0,3.0,15.0,1.0,12.0,3.0,16.0,5.0,19.0,5.0,0.0,2.0,7.0,0.0,3.0,3.0,2.0,6.0,4.0,5.0,7.0,5.0,0.0,11.0,1.0,17.0,7.0
2613,201702,26,1.0,0.0,1.0,6.0,0.0,9.0,6.0,0.0,3.0,6.0,2.0,4.0,4.0,4.0,2.0,9.0,0.0,0.0,4.0,1.0,0.0,3.0,3.0,9.0,9.0,3.0,2.0,2.0,4.0,0.0,2.0,4.0,1.0,1.0
2614,201702,27,4.0,1.0,8.0,2.0,1.0,6.0,17.0,1.0,2.0,1.0,2.0,0.0,4.0,14.0,2.0,13.0,2.0,2.0,1.0,7.0,1.0,6.0,2.0,4.0,3.0,2.0,1.0,4.0,5.0,6.0,1.0,6.0,1.0,2.0
2615,201702,28,3.0,5.0,2.0,17.0,1.0,12.0,9.0,1.0,0.0,12.0,3.0,8.0,9.0,37.0,91.0,22.0,1.0,3.0,25.0,7.0,2.0,7.0,4.0,9.0,19.0,8.0,7.0,4.0,3.0,4.0,3.0,3.0,5.0,9.0
2616,201703,1,19.0,7.0,6.0,20.0,3.0,44.0,3.0,16.0,4.0,21.0,7.0,47.0,15.0,5.0,34.0,41.0,7.0,3.0,11.0,9.0,4.0,11.0,2.0,18.0,44.0,10.0,13.0,10.0,21.0,3.0,7.0,5.0,80.0,24.0
2617,201703,2,24.0,8.0,2.0,11.0,1.0,21.0,4.0,7.0,1.0,24.0,3.0,11.0,4.0,5.0,13.0,28.0,3.0,4.0,3.0,18.0,2.0,13.0,0.0,18.0,18.0,1.0,8.0,0.0,11.0,2.0,5.0,7.0,4.0,53.0
2618,201703,3,8.0,2.0,2.0,3.0,0.0,8.0,7.0,8.0,5.0,3.0,1.0,3.0,2.0,1.0,5.0,9.0,2.0,0.0,2.0,7.0,3.0,4.0,0.0,4.0,7.0,7.0,3.0,3.0,3.0,4.0,1.0,4.0,0.0,3.0
2619,201703,4,2.0,7.0,0.0,2.0,1.0,5.0,3.0,3.0,2.0,1.0,2.0,1.0,0.0,2.0,2.0,4.0,0.0,2.0,0.0,2.0,2.0,3.0,5.0,5.0,3.0,3.0,5.0,3.0,1.0,0.0,0.0,4.0,1.0,2.0
2620,201703,5,2.0,7.0,1.0,5.0,1.0,6.0,0.0,5.0,0.0,5.0,2.0,0.0,0.0,17.0,4.0,2.0,1.0,3.0,0.0,5.0,5.0,8.0,6.0,8.0,4.0,0.0,3.0,1.0,5.0,2.0,1.0,3.0,0.0,0.0
2621,201703,6,0.0,12.0,11.0,30.0,5.0,4.0,18.0,0.0,5.0,2.0,5.0,3.0,4.0,167.0,17.0,1.0,4.0,7.0,6.0,28.0,10.0,16.0,20.0,9.0,7.0,11.0,2.0,0.0,4.0,3.0,3.0,7.0,0.0,1.0
2622,201703,7,2.0,14.0,12.0,28.0,2.0,9.0,14.0,7.0,3.0,3.0,8.0,2.0,4.0,57.0,5.0,7.0,2.0,1.0,7.0,16.0,4.0,14.0,15.0,14.0,10.0,5.0,0.0,6.0,2.0,2.0,2.0,4.0,0.0,1.0
2623,201703,8,2.0,5.0,5.0,8.0,3.0,3.0,9.0,5.0,1.0,2.0,2.0,2.0,2.0,8.0,4.0,27.0,2.0,2.0,9.0,12.0,1.0,11.0,5.0,3.0,3.0,2.0,3.0,3.0,1.0,1.0,3.0,3.0,3.0,2.0
2624,201703,9,7.0,8.0,3.0,3.0,0.0,10.0,5.0,2.0,1.0,6.0,5.0,5.0,1.0,4.0,1.0,6.0,1.0,2.0,3.0,9.0,1.0,9.0,2.0,8.0,13.0,7.0,2.0,0.0,3.0,1.0,2.0,6.0,0.0,16.0
2625,201703,10,75.0,11.0,6.0,3.0,2.0,57.0,2.0,28.0,0.0,22.0,2.0,20.0,9.0,1.0,10.0,45.0,4.0,1.0,8.0,6.0,0.0,10.0,2.0,7.0,26.0,10.0,11.0,5.0,14.0,1.0,4.0,2.0,26.0,89.0
2626,201703,11,0.0,8.0,3.0,0.0,2.0,8.0,5.0,0.0,2.0,5.0,2.0,1.0,3.0,1.0,4.0,3.0,0.0,3.0,0.0,6.0,2.0,2.0,1.0,6.0,2.0,4.0,4.0,0.0,0.0,0.0,1.0,1.0,0.0,4.0
2627,201703,12,1.0,15.0,10.0,19.0,5.0,8.0,3.0,4.0,6.0,12.0,2.0,43.0,12.0,18.0,15.0,14.0,1.0,4.0,2.0,12.0,3.0,5.0,3.0,17.0,8.0,7.0,8.0,0.0,8.0,2.0,4.0,5.0,0.0,7.0
2628,201703,13,40.0,34.0,37.0,54.0,23.0,58.0,23.0,37.0,0.0,56.0,30.0,52.0,43.0,31.0,315.0,84.0,41.0,10.0,117.0,71.0,28.0,68.0,9.0,39.0,51.0,51.0,59.0,33.0,31.0,31.0,41.0,7.0,16.0,20.0
2629,201703,14,498.0,70.0,31.0,88.0,72.0,652.0,17.0,227.0,5.0,243.0,63.0,116.0,123.0,53.0,493.0,320.0,94.0,25.0,86.0,82.0,25.0,68.0,12.0,97.0,172.0,73.0,179.0,255.0,167.0,36.0,156.0,3.0,315.0,441.0
2630,201703,15,142.0,12.0,3.0,10.0,8.0,243.0,9.0,62.0,2.0,46.0,4.0,18.0,12.0,8.0,40.0,96.0,9.0,3.0,14.0,18.0,5.0,9.0,1.0,26.0,44.0,12.0,26.0,72.0,21.0,1.0,13.0,6.0,43.0,108.0
2631,201703,16,9.0,9.0,3.0,4.0,0.0,17.0,5.0,8.0,1.0,1.0,6.0,7.0,1.0,5.0,7.0,17.0,0.0,3.0,2.0,11.0,4.0,10.0,0.0,10.0,13.0,0.0,3.0,7.0,1.0,1.0,2.0,5.0,0.0,1.0
2632,201703,17,3.0,11.0,2.0,2.0,0.0,3.0,0.0,2.0,2.0,1.0,3.0,4.0,3.0,2.0,7.0,5.0,0.0,0.0,1.0,6.0,3.0,8.0,0.0,6.0,11.0,3.0,2.0,1.0,5.0,2.0,0.0,1.0,0.0,1.0
2633,201703,18,2.0,1.0,3.0,1.0,4.0,8.0,2.0,8.0,0.0,4.0,5.0,2.0,4.0,0.0,3.0,18.0,1.0,1.0,2.0,5.0,1.0,3.0,0.0,1.0,7.0,2.0,8.0,5.0,1.0,0.0,3.0,4.0,18.0,2.0
2634,201703,19,3.0,10.0,5.0,5.0,2.0,12.0,3.0,7.0,0.0,1.0,14.0,7.0,15.0,4.0,4.0,10.0,2.0,1.0,0.0,9.0,0.0,3.0,1.0,10.0,5.0,6.0,6.0,0.0,6.0,1.0,1.0,2.0,0.0,5.0
2635,201703,20,3.0,12.0,7.0,8.0,1.0,4.0,14.0,2.0,1.0,1.0,7.0,1.0,3.0,3.0,0.0,7.0,1.0,1.0,2.0,29.0,2.0,59.0,4.0,6.0,5.0,4.0,2.0,1.0,2.0,5.0,1.0,5.0,0.0,2.0
2636,201703,21,2.0,6.0,7.0,5.0,0.0,4.0,4.0,0.0,0.0,4.0,0.0,20.0,2.0,6.0,1.0,3.0,1.0,2.0,1.0,5.0,1.0,9.0,2.0,7.0,2.0,0.0,2.0,0.0,0.0,4.0,0.0,2.0,1.0,0.0
2637,201703,22,5.0,3.0,3.0,0.0,0.0,6.0,2.0,2.0,0.0,3.0,3.0,7.0,2.0,9.0,4.0,6.0,0.0,2.0,1.0,8.0,0.0,6.0,4.0,5.0,11.0,2.0,3.0,1.0,1.0,4.0,2.0,1.0,0.0,17.0
2638,201703,23,3.0,2.0,6.0,4.0,0.0,3.0,1.0,2.0,0.0,1.0,0.0,1.0,2.0,8.0,3.0,7.0,2.0,1.0,0.0,4.0,0.0,4.0,1.0,2.0,6.0,0.0,0.0,1.0,1.0,0.0,2.0,3.0,0.0,1.0
2639,201703,24,0.0,6.0,3.0,6.0,0.0,3.0,8.0,0.0,0.0,4.0,10.0,4.0,3.0,25.0,4.0,2.0,1.0,5.0,3.0,29.0,2.0,58.0,10.0,16.0,4.0,6.0,0.0,0.0,2.0,4.0,1.0,2.0,2.0,1.0
2640,201703,25,2.0,3.0,0.0,1.0,0.0,1.0,2.0,1.0,0.0,1.0,0.0,4.0,1.0,0.0,1.0,3.0,0.0,1.0,0.0,1.0,1.0,1.0,0.0,5.0,3.0,1.0,2.0,1.0,1.0,0.0,1.0,1.0,0.0,0.0
2641,201703,26,1.0,12.0,1.0,3.0,0.0,9.0,1.0,7.0,2.0,5.0,1.0,7.0,3.0,0.0,5.0,9.0,3.0,1.0,0.0,1.0,0.0,3.0,0.0,5.0,3.0,0.0,3.0,3.0,5.0,0.0,1.0,1.0,19.0,2.0
2642,201703,27,19.0,3.0,0.0,10.0,1.0,13.0,4.0,3.0,2.0,6.0,0.0,2.0,0.0,0.0,8.0,21.0,1.0,3.0,3.0,5.0,1.0,1.0,2.0,4.0,8.0,4.0,1.0,1.0,4.0,0.0,1.0,4.0,3.0,15.0
2643,201703,28,48.0,18.0,5.0,5.0,3.0,37.0,5.0,14.0,2.0,21.0,3.0,12.0,0.0,13.0,13.0,23.0,2.0,4.0,2.0,3.0,1.0,6.0,0.0,10.0,12.0,10.0,12.0,7.0,21.0,2.0,5.0,11.0,50.0,38.0
2644,201703,29,4.0,15.0,10.0,0.0,3.0,14.0,6.0,5.0,2.0,1.0,34.0,3.0,2.0,5.0,4.0,5.0,0.0,3.0,1.0,9.0,2.0,5.0,0.0,7.0,4.0,4.0,6.0,2.0,5.0,2.0,1.0,4.0,2.0,2.0
2645,201703,30,1.0,9.0,6.0,2.0,3.0,6.0,12.0,2.0,2.0,3.0,4.0,2.0,1.0,8.0,7.0,5.0,1.0,1.0,1.0,17.0,44.0,21.0,6.0,5.0,4.0,4.0,2.0,2.0,2.0,10.0,3.0,0.0,0.0,3.0
2646,201703,31,25.0,7.0,4.0,5.0,3.0,30.0,3.0,11.0,5.0,21.0,3.0,17.0,6.0,14.0,12.0,31.0,5.0,1.0,5.0,2.0,2.0,2.0,3.0,13.0,30.0,10.0,17.0,8.0,16.0,2.0,7.0,0.0,58.0,53.0
2647,201704,1,7.0,10.0,8.0,8.0,1.0,25.0,8.0,8.0,3.0,3.0,2.0,6.0,1.0,31.0,5.0,12.0,4.0,2.0,1.0,7.0,3.0,16.0,9.0,6.0,3.0,6.0,10.0,1.0,3.0,0.0,6.0,3.0,9.0,5.0
2648,201704,2,4.0,63.0,5.0,3.0,2.0,8.0,7.0,2.0,0.0,6.0,37.0,4.0,1.0,2.0,6.0,3.0,0.0,5.0,1.0,20.0,6.0,44.0,4.0,16.0,4.0,3.0,6.0,1.0,2.0,4.0,0.0,3.0,2.0,1.0
2649,201704,3,4.0,20.0,5.0,1.0,22.0,9.0,3.0,3.0,1.0,19.0,25.0,52.0,84.0,2.0,12.0,13.0,5.0,5.0,1.0,8.0,1.0,5.0,0.0,11.0,19.0,4.0,16.0,0.0,16.0,2.0,6.0,5.0,45.0,6.0
2650,201704,4,24.0,6.0,9.0,5.0,3.0,23.0,2.0,4.0,1.0,21.0,10.0,11.0,13.0,10.0,8.0,20.0,2.0,3.0,3.0,13.0,2.0,7.0,2.0,9.0,14.0,6.0,9.0,4.0,4.0,0.0,2.0,3.0,6.0,37.0
2651,201704,5,16.0,38.0,7.0,25.0,39.0,33.0,10.0,23.0,3.0,40.0,38.0,123.0,582.0,10.0,53.0,53.0,20.0,8.0,23.0,15.0,8.0,12.0,6.0,46.0,46.0,27.0,66.0,10.0,32.0,3.0,41.0,3.0,8.0,27.0
2652,201704,6,66.0,42.0,17.0,74.0,33.0,143.0,16.0,63.0,1.0,198.0,42.0,84.0,463.0,18.0,211.0,164.0,48.0,21.0,34.0,37.0,13.0,55.0,12.0,65.0,108.0,49.0,92.0,30.0,58.0,9.0,56.0,2.0,100.0,169.0
2653,201704,7,18.0,23.0,13.0,57.0,32.0,79.0,23.0,20.0,3.0,45.0,30.0,30.0,269.0,10.0,32.0,120.0,31.0,14.0,21.0,35.0,14.0,34.0,18.0,35.0,43.0,29.0,43.0,22.0,23.0,5.0,30.0,4.0,30.0,64.0
2654,201704,8,4.0,6.0,2.0,32.0,15.0,24.0,8.0,6.0,2.0,15.0,12.0,7.0,94.0,5.0,7.0,38.0,12.0,5.0,6.0,10.0,3.0,9.0,19.0,11.0,19.0,10.0,25.0,8.0,8.0,5.0,20.0,5.0,6.0,11.0
2655,201704,9,3.0,14.0,5.0,6.0,4.0,15.0,5.0,8.0,2.0,9.0,5.0,8.0,45.0,3.0,8.0,16.0,6.0,3.0,3.0,10.0,2.0,7.0,10.0,14.0,11.0,2.0,13.0,2.0,6.0,2.0,7.0,4.0,4.0,6.0
2656,201704,10,4.0,47.0,3.0,14.0,2.0,12.0,1.0,1.0,0.0,6.0,10.0,6.0,0.0,6.0,74.0,12.0,2.0,6.0,19.0,0.0,4.0,0.0,0.0,7.0,10.0,11.0,4.0,1.0,5.0,0.0,4.0,5.0,3.0,2.0
2657,201704,11,3.0,23.0,3.0,2.0,3.0,15.0,4.0,7.0,1.0,0.0,26.0,2.0,3.0,1.0,8.0,8.0,0.0,9.0,3.0,8.0,3.0,11.0,1.0,11.0,9.0,3.0,5.0,0.0,3.0,2.0,1.0,1.0,4.0,0.0
2658,201704,12,2.0,6.0,5.0,1.0,1.0,4.0,3.0,3.0,1.0,0.0,2.0,5.0,2.0,1.0,0.0,4.0,1.0,2.0,2.0,9.0,3.0,8.0,3.0,3.0,6.0,4.0,2.0,1.0,3.0,1.0,0.0,7.0,1.0,0.0
2659,201704,13,3.0,5.0,5.0,6.0,1.0,2.0,6.0,2.0,0.0,2.0,1.0,4.0,0.0,1.0,2.0,2.0,2.0,1.0,0.0,3.0,0.0,5.0,0.0,4.0,3.0,2.0,0.0,0.0,2.0,3.0,1.0,5.0,2.0,0.0
2660,201704,14,3.0,9.0,1.0,2.0,0.0,2.0,3.0,2.0,0.0,2.0,2.0,2.0,0.0,3.0,1.0,2.0,0.0,2.0,1.0,1.0,0.0,5.0,2.0,6.0,6.0,1.0,1.0,1.0,2.0,1.0,0.0,0.0,0.0,0.0
2661,201704,15,1.0,1.0,0.0,2.0,1.0,1.0,1.0,1.0,0.0,1.0,2.0,2.0,1.0,0.0,0.0,1.0,3.0,1.0,1.0,3.0,3.0,1.0,1.0,5.0,3.0,2.0,2.0,0.0,1.0,0.0,0.0,6.0,0.0,0.0
2662,201704,16,1.0,6.0,0.0,0.0,0.0,9.0,4.0,7.0,0.0,2.0,2.0,1.0,1.0,3.0,4.0,3.0,1.0,1.0,0.0,0.0,0.0,4.0,1.0,12.0,5.0,2.0,4.0,3.0,2.0,0.0,0.0,6.0,0.0,0.0
2663,201704,17,2.0,111.0,9.0,7.0,5.0,8.0,13.0,7.0,0.0,2.0,16.0,4.0,5.0,3.0,1.0,3.0,1.0,10.0,1.0,3.0,3.0,4.0,5.0,17.0,8.0,5.0,4.0,1.0,1.0,2.0,1.0,3.0,0.0,2.0
2664,201704,18,1.0,9.0,2.0,3.0,2.0,5.0,8.0,5.0,2.0,4.0,2.0,4.0,4.0,1.0,1.0,1.0,1.0,2.0,1.0,13.0,0.0,11.0,1.0,10.0,5.0,0.0,2.0,0.0,0.0,2.0,1.0,4.0,1.0,3.0
2665,201704,19,0.0,2.0,0.0,3.0,1.0,7.0,4.0,4.0,1.0,6.0,0.0,1.0,0.0,1.0,2.0,3.0,2.0,0.0,1.0,4.0,0.0,4.0,1.0,5.0,4.0,1.0,2.0,0.0,5.0,0.0,0.0,3.0,1.0,0.0
2666,201704,20,15.0,11.0,1.0,9.0,1.0,23.0,7.0,36.0,0.0,24.0,2.0,23.0,4.0,1.0,13.0,38.0,3.0,3.0,4.0,3.0,2.0,2.0,0.0,4.0,14.0,2.0,10.0,2.0,16.0,2.0,3.0,2.0,4.0,27.0
2667,201704,21,10.0,17.0,6.0,2.0,0.0,19.0,12.0,4.0,0.0,18.0,6.0,8.0,9.0,2.0,5.0,18.0,1.0,0.0,2.0,9.0,2.0,9.0,1.0,5.0,19.0,6.0,4.0,1.0,9.0,2.0,1.0,6.0,1.0,33.0
2668,201704,22,2.0,5.0,3.0,2.0,1.0,2.0,7.0,6.0,0.0,0.0,2.0,6.0,2.0,1.0,5.0,3.0,0.0,3.0,1.0,18.0,6.0,36.0,1.0,7.0,2.0,4.0,3.0,2.0,1.0,3.0,0.0,4.0,0.0,2.0
2669,201704,23,1.0,4.0,3.0,5.0,3.0,7.0,16.0,9.0,2.0,5.0,1.0,10.0,1.0,1.0,5.0,3.0,2.0,0.0,0.0,37.0,6.0,95.0,5.0,6.0,4.0,2.0,1.0,1.0,0.0,8.0,1.0,5.0,0.0,0.0
2670,201704,24,3.0,5.0,6.0,3.0,3.0,8.0,5.0,6.0,1.0,2.0,3.0,5.0,1.0,2.0,1.0,7.0,1.0,0.0,1.0,24.0,6.0,59.0,5.0,2.0,4.0,2.0,10.0,4.0,0.0,7.0,5.0,2.0,0.0,1.0
2671,201704,25,49.0,5.0,3.0,2.0,1.0,27.0,2.0,17.0,0.0,20.0,2.0,13.0,2.0,1.0,12.0,36.0,2.0,1.0,3.0,7.0,0.0,7.0,1.0,8.0,22.0,7.0,12.0,8.0,18.0,4.0,8.0,4.0,67.0,49.0
2672,201704,26,29.0,38.0,6.0,4.0,1.0,19.0,8.0,6.0,1.0,4.0,5.0,7.0,3.0,3.0,2.0,8.0,2.0,3.0,2.0,20.0,1.0,25.0,1.0,5.0,11.0,12.0,5.0,6.0,3.0,3.0,4.0,5.0,3.0,6.0
2673,201704,27,6.0,2.0,4.0,5.0,1.0,10.0,7.0,1.0,2.0,13.0,1.0,5.0,4.0,12.0,8.0,9.0,1.0,2.0,2.0,20.0,2.0,13.0,1.0,8.0,7.0,1.0,7.0,1.0,3.0,3.0,3.0,4.0,23.0,23.0
2674,201704,28,7.0,6.0,1.0,2.0,0.0,13.0,8.0,2.0,0.0,5.0,1.0,7.0,2.0,4.0,5.0,6.0,2.0,2.0,2.0,14.0,1.0,10.0,2.0,3.0,13.0,2.0,0.0,2.0,5.0,3.0,5.0,3.0,4.0,2.0
2675,201704,29,2.0,150.0,15.0,9.0,5.0,4.0,4.0,3.0,0.0,4.0,13.0,4.0,6.0,10.0,14.0,6.0,4.0,8.0,11.0,16.0,7.0,18.0,3.0,22.0,12.0,39.0,4.0,2.0,4.0,6.0,6.0,3.0,0.0,7.0
2676,201704,30,5.0,114.0,13.0,10.0,6.0,4.0,9.0,7.0,0.0,3.0,20.0,4.0,7.0,1.0,30.0,9.0,0.0,6.0,1.0,18.0,5.0,39.0,0.0,20.0,6.0,14.0,4.0,1.0,1.0,3.0,0.0,4.0,4.0,3.0
2677,201705,1,47.0,26.0,5.0,17.0,2.0,31.0,16.0,20.0,0.0,19.0,5.0,23.0,13.0,3.0,35.0,38.0,3.0,6.0,6.0,7.0,6.0,3.0,2.0,16.0,19.0,11.0,10.0,4.0,19.0,4.0,7.0,6.0,38.0,52.0
2678,201705,2,17.0,9.0,4.0,4.0,3.0,23.0,9.0,8.0,1.0,6.0,3.0,4.0,3.0,2.0,5.0,14.0,3.0,3.0,3.0,8.0,1.0,3.0,2.0,5.0,5.0,5.0,1.0,2.0,2.0,0.0,4.0,7.0,2.0,10.0
2679,201705,3,10.0,42.0,5.0,2.0,4.0,5.0,6.0,9.0,3.0,7.0,83.0,6.0,2.0,10.0,8.0,6.0,1.0,8.0,0.0,10.0,7.0,13.0,1.0,14.0,8.0,5.0,2.0,1.0,1.0,2.0,3.0,2.0,2.0,3.0
2680,201705,4,2.0,21.0,3.0,4.0,5.0,15.0,36.0,5.0,0.0,4.0,20.0,4.0,5.0,7.0,10.0,19.0,2.0,3.0,3.0,8.0,8.0,7.0,1.0,7.0,5.0,2.0,10.0,3.0,5.0,2.0,2.0,4.0,11.0,5.0
2681,201705,5,73.0,16.0,1.0,9.0,5.0,66.0,21.0,17.0,1.0,45.0,8.0,30.0,15.0,4.0,26.0,64.0,6.0,1.0,3.0,5.0,9.0,13.0,2.0,20.0,47.0,12.0,24.0,10.0,26.0,1.0,19.0,0.0,65.0,130.0
2682,201705,6,3.0,10.0,3.0,2.0,1.0,17.0,10.0,4.0,0.0,4.0,4.0,5.0,5.0,2.0,9.0,9.0,2.0,1.0,2.0,8.0,15.0,8.0,4.0,6.0,6.0,2.0,8.0,5.0,9.0,3.0,7.0,0.0,4.0,4.0
2683,201705,7,4.0,5.0,4.0,3.0,3.0,6.0,7.0,3.0,0.0,1.0,6.0,2.0,7.0,4.0,8.0,11.0,1.0,1.0,0.0,19.0,15.0,13.0,2.0,6.0,4.0,2.0,5.0,5.0,4.0,6.0,7.0,2.0,0.0,2.0
2684,201705,8,4.0,7.0,3.0,6.0,0.0,6.0,6.0,3.0,2.0,2.0,4.0,2.0,5.0,13.0,8.0,11.0,3.0,2.0,2.0,6.0,12.0,6.0,4.0,3.0,4.0,5.0,7.0,4.0,3.0,2.0,4.0,6.0,1.0,2.0
2685,201705,9,1.0,3.0,5.0,7.0,2.0,11.0,10.0,3.0,1.0,3.0,5.0,0.0,1.0,5.0,9.0,4.0,2.0,3.0,0.0,13.0,6.0,10.0,2.0,4.0,8.0,4.0,2.0,4.0,2.0,1.0,4.0,6.0,4.0,2.0
2686,201705,10,3.0,3.0,2.0,3.0,1.0,6.0,7.0,7.0,0.0,1.0,10.0,4.0,4.0,5.0,27.0,6.0,1.0,0.0,2.0,11.0,6.0,5.0,0.0,5.0,10.0,0.0,8.0,6.0,1.0,0.0,8.0,1.0,1.0,5.0
2687,201705,11,2.0,20.0,0.0,4.0,0.0,12.0,15.0,4.0,0.0,6.0,4.0,8.0,5.0,6.0,13.0,11.0,3.0,3.0,3.0,18.0,4.0,12.0,0.0,16.0,13.0,4.0,8.0,6.0,1.0,4.0,5.0,4.0,2.0,3.0
2688,201705,12,4.0,17.0,4.0,1.0,0.0,5.0,4.0,3.0,0.0,5.0,9.0,5.0,7.0,3.0,8.0,9.0,0.0,0.0,1.0,7.0,2.0,7.0,3.0,8.0,13.0,3.0,2.0,1.0,1.0,4.0,4.0,7.0,7.0,1.0
2689,201705,13,4.0,5.0,3.0,0.0,6.0,13.0,12.0,0.0,1.0,5.0,4.0,4.0,0.0,0.0,7.0,9.0,3.0,2.0,2.0,13.0,2.0,32.0,0.0,18.0,7.0,1.0,8.0,3.0,5.0,4.0,5.0,3.0,36.0,0.0
2690,201705,14,5.0,5.0,4.0,1.0,2.0,11.0,7.0,1.0,4.0,7.0,3.0,2.0,1.0,2.0,1.0,2.0,1.0,1.0,0.0,4.0,2.0,13.0,0.0,6.0,2.0,1.0,5.0,0.0,0.0,3.0,0.0,6.0,0.0,3.0
2691,201705,15,14.0,1.0,2.0,3.0,1.0,11.0,3.0,0.0,1.0,5.0,3.0,5.0,3.0,0.0,0.0,6.0,0.0,0.0,0.0,6.0,0.0,7.0,0.0,1.0,6.0,1.0,5.0,0.0,4.0,0.0,2.0,8.0,2.0,4.0
2692,201705,16,4.0,6.0,1.0,6.0,1.0,3.0,6.0,2.0,0.0,1.0,4.0,0.0,1.0,3.0,5.0,5.0,0.0,1.0,0.0,22.0,3.0,34.0,4.0,2.0,5.0,3.0,5.0,0.0,4.0,3.0,3.0,7.0,1.0,1.0
2693,201705,17,3.0,4.0,0.0,22.0,0.0,24.0,5.0,5.0,1.0,8.0,4.0,3.0,1.0,5.0,66.0,9.0,1.0,0.0,8.0,13.0,0.0,11.0,3.0,4.0,9.0,6.0,4.0,2.0,5.0,3.0,1.0,0.0,4.0,4.0
2694,201705,18,12.0,114.0,4.0,14.0,3.0,10.0,11.0,4.0,0.0,7.0,13.0,8.0,3.0,14.0,13.0,10.0,1.0,7.0,7.0,12.0,4.0,9.0,2.0,14.0,16.0,17.0,8.0,3.0,8.0,3.0,5.0,6.0,14.0,7.0
2695,201705,19,7.0,16.0,2.0,2.0,0.0,10.0,2.0,3.0,2.0,18.0,4.0,10.0,3.0,6.0,10.0,14.0,0.0,2.0,2.0,9.0,3.0,4.0,2.0,13.0,11.0,15.0,7.0,11.0,9.0,3.0,2.0,2.0,3.0,18.0
2696,201705,20,2.0,9.0,1.0,5.0,2.0,14.0,9.0,1.0,1.0,5.0,3.0,3.0,3.0,3.0,4.0,4.0,2.0,3.0,1.0,17.0,10.0,48.0,2.0,4.0,3.0,2.0,5.0,7.0,2.0,2.0,2.0,1.0,1.0,5.0
2697,201705,21,3.0,13.0,8.0,7.0,4.0,11.0,14.0,2.0,1.0,1.0,29.0,1.0,4.0,7.0,3.0,5.0,2.0,1.0,0.0,26.0,5.0,66.0,4.0,10.0,4.0,1.0,5.0,0.0,1.0,6.0,3.0,1.0,7.0,2.0
2698,201705,22,50.0,14.0,5.0,4.0,6.0,49.0,2.0,7.0,2.0,17.0,41.0,25.0,8.0,3.0,12.0,32.0,1.0,2.0,1.0,8.0,1.0,8.0,3.0,10.0,20.0,7.0,15.0,8.0,11.0,2.0,6.0,2.0,67.0,43.0
2699,201705,23,6.0,5.0,5.0,2.0,1.0,18.0,7.0,2.0,0.0,2.0,5.0,8.0,2.0,4.0,3.0,8.0,2.0,2.0,3.0,14.0,2.0,15.0,1.0,10.0,3.0,2.0,3.0,1.0,4.0,1.0,3.0,4.0,0.0,4.0
2700,201705,24,10.0,2.0,3.0,4.0,3.0,12.0,10.0,4.0,0.0,1.0,8.0,19.0,4.0,6.0,4.0,1.0,11.0,5.0,0.0,10.0,2.0,13.0,6.0,5.0,10.0,2.0,11.0,2.0,3.0,2.0,14.0,5.0,5.0,1.0
2701,201705,25,80.0,9.0,4.0,6.0,7.0,95.0,4.0,88.0,3.0,73.0,5.0,30.0,19.0,9.0,22.0,51.0,10.0,3.0,6.0,22.0,10.0,14.0,4.0,20.0,41.0,11.0,28.0,15.0,45.0,4.0,21.0,0.0,113.0,104.0
2702,201705,26,15.0,12.0,3.0,0.0,3.0,49.0,7.0,14.0,2.0,12.0,8.0,18.0,7.0,3.0,11.0,29.0,4.0,3.0,4.0,13.0,7.0,15.0,1.0,12.0,19.0,4.0,14.0,3.0,9.0,2.0,7.0,2.0,11.0,20.0
2703,201705,27,0.0,2.0,0.0,1.0,1.0,4.0,4.0,3.0,2.0,3.0,2.0,3.0,1.0,0.0,7.0,2.0,0.0,0.0,1.0,7.0,5.0,15.0,1.0,5.0,7.0,5.0,3.0,1.0,4.0,2.0,3.0,3.0,2.0,2.0
2704,201705,28,1.0,7.0,2.0,0.0,1.0,1.0,4.0,1.0,3.0,5.0,6.0,3.0,2.0,1.0,2.0,11.0,2.0,1.0,0.0,4.0,4.0,10.0,0.0,9.0,1.0,0.0,5.0,2.0,2.0,2.0,1.0,4.0,5.0,2.0
2705,201705,29,3.0,3.0,3.0,0.0,0.0,16.0,0.0,0.0,1.0,4.0,3.0,10.0,0.0,1.0,3.0,2.0,1.0,1.0,1.0,4.0,0.0,3.0,1.0,2.0,4.0,0.0,4.0,3.0,7.0,5.0,5.0,8.0,6.0,0.0
2706,201705,30,32.0,6.0,6.0,2.0,2.0,52.0,17.0,4.0,1.0,27.0,6.0,9.0,2.0,1.0,13.0,32.0,3.0,1.0,1.0,7.0,3.0,7.0,0.0,11.0,17.0,6.0,19.0,7.0,16.0,2.0,9.0,1.0,69.0,46.0
2707,201705,31,8.0,4.0,11.0,2.0,2.0,24.0,5.0,3.0,1.0,12.0,4.0,17.0,5.0,3.0,4.0,16.0,2.0,4.0,0.0,7.0,1.0,13.0,5.0,7.0,12.0,1.0,6.0,1.0,6.0,3.0,4.0,2.0,13.0,8.0
2708,201706,1,2.0,36.0,3.0,2.0,6.0,23.0,2.0,3.0,1.0,4.0,9.0,4.0,4.0,1.0,9.0,7.0,5.0,3.0,2.0,10.0,4.0,8.0,1.0,7.0,7.0,0.0,9.0,2.0,5.0,2.0,9.0,4.0,1.0,3.0
2709,201706,2,5.0,256.0,12.0,6.0,7.0,6.0,6.0,6.0,1.0,10.0,20.0,6.0,8.0,9.0,14.0,13.0,15.0,17.0,6.0,17.0,6.0,6.0,4.0,16.0,14.0,14.0,7.0,0.0,2.0,3.0,5.0,5.0,0.0,7.0
2710,201706,3,4.0,50.0,14.0,6.0,4.0,5.0,14.0,3.0,0.0,4.0,10.0,5.0,3.0,9.0,3.0,8.0,2.0,23.0,1.0,20.0,7.0,36.0,1.0,7.0,7.0,7.0,8.0,2.0,2.0,6.0,4.0,6.0,2.0,3.0
2711,201706,4,5.0,68.0,8.0,3.0,6.0,13.0,19.0,7.0,0.0,7.0,47.0,17.0,6.0,3.0,14.0,10.0,3.0,5.0,3.0,27.0,6.0,54.0,3.0,11.0,7.0,6.0,7.0,0.0,4.0,4.0,4.0,0.0,3.0,4.0
2712,201706,5,6.0,37.0,6.0,6.0,3.0,30.0,5.0,10.0,5.0,13.0,13.0,15.0,3.0,3.0,4.0,9.0,4.0,4.0,2.0,5.0,3.0,3.0,0.0,6.0,11.0,4.0,10.0,2.0,4.0,1.0,13.0,8.0,2.0,8.0
2713,201706,6,7.0,7.0,4.0,3.0,8.0,49.0,10.0,17.0,0.0,11.0,13.0,8.0,14.0,3.0,8.0,19.0,53.0,2.0,4.0,9.0,5.0,8.0,3.0,13.0,6.0,4.0,20.0,16.0,3.0,4.0,35.0,4.0,6.0,9.0
2714,201706,7,3.0,14.0,2.0,2.0,16.0,12.0,13.0,6.0,2.0,10.0,13.0,4.0,9.0,1.0,11.0,10.0,49.0,2.0,3.0,11.0,4.0,9.0,4.0,3.0,7.0,6.0,20.0,3.0,4.0,5.0,28.0,2.0,2.0,6.0
2715,201706,8,2.0,4.0,0.0,0.0,3.0,6.0,25.0,4.0,1.0,3.0,3.0,4.0,2.0,4.0,6.0,4.0,11.0,4.0,1.0,18.0,1.0,33.0,5.0,3.0,6.0,1.0,5.0,1.0,1.0,3.0,1.0,2.0,1.0,3.0
2716,201706,9,9.0,52.0,6.0,1.0,3.0,15.0,27.0,2.0,0.0,5.0,8.0,3.0,3.0,4.0,2.0,3.0,1.0,2.0,0.0,10.0,1.0,11.0,3.0,7.0,5.0,4.0,5.0,1.0,3.0,3.0,2.0,2.0,1.0,4.0
2717,201706,10,2.0,8.0,1.0,2.0,4.0,12.0,20.0,4.0,3.0,2.0,3.0,5.0,1.0,1.0,0.0,5.0,1.0,3.0,3.0,2.0,2.0,4.0,1.0,2.0,4.0,1.0,4.0,1.0,0.0,1.0,3.0,4.0,0.0,3.0
2718,201706,11,4.0,0.0,2.0,2.0,0.0,14.0,15.0,1.0,2.0,2.0,2.0,6.0,0.0,0.0,4.0,3.0,1.0,1.0,2.0,9.0,1.0,3.0,0.0,2.0,5.0,2.0,4.0,5.0,2.0,2.0,3.0,4.0,1.0,1.0
2719,201706,12,4.0,0.0,2.0,4.0,2.0,22.0,10.0,5.0,1.0,8.0,4.0,10.0,3.0,3.0,2.0,4.0,1.0,0.0,1.0,3.0,0.0,4.0,3.0,3.0,3.0,2.0,4.0,0.0,2.0,2.0,2.0,3.0,0.0,4.0
2720,201706,13,19.0,10.0,5.0,6.0,1.0,30.0,16.0,11.0,0.0,11.0,6.0,19.0,2.0,4.0,36.0,15.0,8.0,2.0,3.0,7.0,1.0,10.0,1.0,10.0,14.0,8.0,5.0,2.0,10.0,2.0,2.0,2.0,4.0,29.0
2721,201706,14,25.0,16.0,6.0,33.0,3.0,50.0,7.0,20.0,1.0,34.0,12.0,26.0,16.0,12.0,284.0,49.0,8.0,4.0,46.0,9.0,5.0,11.0,3.0,22.0,33.0,21.0,18.0,10.0,22.0,3.0,11.0,2.0,5.0,54.0
2722,201706,15,19.0,17.0,10.0,16.0,7.0,37.0,14.0,23.0,5.0,21.0,13.0,42.0,37.0,9.0,44.0,36.0,5.0,6.0,10.0,10.0,3.0,17.0,1.0,15.0,29.0,15.0,19.0,22.0,17.0,1.0,13.0,4.0,5.0,46.0
2723,201706,16,16.0,8.0,3.0,5.0,3.0,48.0,3.0,17.0,3.0,16.0,8.0,10.0,6.0,2.0,13.0,26.0,2.0,1.0,4.0,5.0,7.0,7.0,2.0,14.0,13.0,1.0,10.0,22.0,19.0,3.0,11.0,0.0,4.0,30.0
2724,201706,17,6.0,15.0,2.0,1.0,1.0,31.0,16.0,6.0,0.0,2.0,6.0,4.0,2.0,6.0,12.0,8.0,1.0,2.0,1.0,2.0,2.0,6.0,2.0,3.0,2.0,4.0,11.0,3.0,2.0,3.0,10.0,2.0,1.0,5.0
2725,201706,18,14.0,16.0,5.0,4.0,1.0,34.0,21.0,5.0,0.0,9.0,9.0,4.0,19.0,3.0,10.0,14.0,0.0,1.0,1.0,4.0,2.0,8.0,1.0,6.0,7.0,7.0,8.0,2.0,8.0,2.0,3.0,5.0,7.0,8.0
2726,201706,19,115.0,108.0,20.0,29.0,12.0,231.0,26.0,139.0,0.0,146.0,32.0,51.0,58.0,10.0,136.0,117.0,19.0,11.0,32.0,26.0,18.0,22.0,6.0,39.0,56.0,36.0,55.0,67.0,57.0,6.0,22.0,3.0,102.0,209.0
2727,201706,20,21.0,11.0,35.0,6.0,7.0,83.0,20.0,15.0,1.0,30.0,12.0,8.0,14.0,5.0,13.0,23.0,1.0,5.0,10.0,31.0,10.0,23.0,8.0,7.0,21.0,11.0,21.0,12.0,18.0,9.0,20.0,4.0,6.0,28.0
2728,201706,21,8.0,12.0,6.0,1.0,3.0,28.0,22.0,11.0,1.0,12.0,14.0,7.0,5.0,4.0,16.0,16.0,1.0,1.0,1.0,14.0,1.0,20.0,2.0,2.0,9.0,4.0,5.0,4.0,4.0,4.0,4.0,4.0,5.0,18.0
2729,201706,22,3.0,6.0,6.0,3.0,0.0,27.0,19.0,6.0,0.0,5.0,14.0,5.0,1.0,3.0,9.0,11.0,2.0,3.0,0.0,8.0,9.0,17.0,0.0,3.0,5.0,2.0,4.0,4.0,0.0,1.0,3.0,1.0,5.0,1.0
2730,201706,23,52.0,2.0,2.0,5.0,3.0,54.0,38.0,26.0,2.0,26.0,8.0,21.0,9.0,4.0,37.0,36.0,5.0,0.0,21.0,2.0,6.0,6.0,2.0,15.0,29.0,7.0,11.0,5.0,12.0,3.0,3.0,2.0,15.0,33.0
2731,201706,24,3.0,37.0,5.0,2.0,3.0,7.0,38.0,6.0,2.0,4.0,14.0,9.0,2.0,10.0,5.0,9.0,1.0,3.0,1.0,4.0,3.0,9.0,4.0,1.0,4.0,4.0,5.0,2.0,2.0,4.0,1.0,3.0,4.0,2.0
2732,201706,25,6.0,8.0,3.0,5.0,1.0,29.0,32.0,4.0,2.0,11.0,5.0,15.0,1.0,5.0,3.0,4.0,0.0,1.0,3.0,10.0,6.0,10.0,1.0,9.0,6.0,0.0,7.0,0.0,4.0,1.0,8.0,5.0,3.0,2.0
2733,201706,26,1.0,5.0,5.0,5.0,0.0,34.0,19.0,3.0,1.0,4.0,6.0,10.0,2.0,4.0,2.0,9.0,1.0,0.0,2.0,9.0,4.0,17.0,2.0,4.0,2.0,1.0,5.0,3.0,5.0,2.0,1.0,2.0,5.0,0.0
2734,201706,27,1.0,13.0,2.0,3.0,5.0,32.0,12.0,3.0,1.0,9.0,6.0,13.0,3.0,5.0,1.0,4.0,3.0,3.0,1.0,10.0,2.0,11.0,2.0,4.0,6.0,2.0,5.0,1.0,4.0,3.0,2.0,1.0,3.0,11.0
2735,201706,28,3.0,6.0,8.0,13.0,0.0,23.0,10.0,3.0,1.0,4.0,5.0,9.0,2.0,2.0,69.0,7.0,1.0,0.0,7.0,13.0,3.0,18.0,3.0,7.0,10.0,5.0,1.0,1.0,3.0,2.0,5.0,0.0,1.0,3.0
2736,201706,29,4.0,4.0,3.0,4.0,3.0,14.0,8.0,3.0,2.0,3.0,3.0,7.0,5.0,4.0,3.0,5.0,1.0,1.0,3.0,11.0,2.0,12.0,1.0,1.0,8.0,5.0,4.0,3.0,1.0,2.0,1.0,1.0,0.0,0.0
2737,201706,30,34.0,15.0,1.0,4.0,0.0,34.0,11.0,15.0,2.0,16.0,3.0,15.0,1.0,4.0,11.0,22.0,0.0,2.0,5.0,5.0,4.0,7.0,1.0,5.0,18.0,5.0,7.0,12.0,6.0,2.0,5.0,0.0,13.0,27.0
2738,201707,1,53.0,15.0,2.0,8.0,2.0,34.0,38.0,39.0,1.0,25.0,5.0,35.0,10.0,0.0,11.0,34.0,3.0,2.0,5.0,6.0,4.0,12.0,3.0,6.0,11.0,5.0,23.0,9.0,19.0,0.0,4.0,4.0,29.0,29.0
2739,201707,2,6.0,10.0,2.0,3.0,3.0,19.0,44.0,2.0,1.0,1.0,7.0,1.0,4.0,4.0,5.0,10.0,2.0,1.0,3.0,9.0,5.0,11.0,4.0,8.0,9.0,2.0,11.0,1.0,1.0,3.0,1.0,0.0,1.0,6.0
2740,201707,3,1.0,4.0,1.0,1.0,1.0,2.0,12.0,1.0,1.0,6.0,5.0,3.0,2.0,1.0,3.0,6.0,2.0,0.0,0.0,7.0,5.0,7.0,1.0,0.0,5.0,2.0,3.0,2.0,0.0,2.0,2.0,1.0,3.0,3.0
2741,201707,4,0.0,7.0,1.0,1.0,1.0,4.0,8.0,5.0,0.0,2.0,6.0,3.0,1.0,2.0,3.0,5.0,2.0,0.0,2.0,3.0,4.0,1.0,3.0,1.0,7.0,2.0,6.0,1.0,2.0,1.0,1.0,2.0,0.0,1.0
2742,201707,5,1.0,104.0,9.0,4.0,2.0,5.0,5.0,8.0,2.0,6.0,7.0,20.0,0.0,3.0,5.0,6.0,0.0,5.0,0.0,10.0,7.0,15.0,2.0,6.0,6.0,2.0,6.0,2.0,7.0,0.0,1.0,2.0,0.0,1.0
2743,201707,6,4.0,49.0,10.0,5.0,5.0,4.0,8.0,9.0,1.0,6.0,9.0,12.0,5.0,4.0,8.0,9.0,5.0,8.0,2.0,10.0,3.0,17.0,3.0,14.0,16.0,7.0,15.0,3.0,4.0,3.0,4.0,3.0,3.0,3.0
2744,201707,7,15.0,8.0,7.0,4.0,3.0,39.0,16.0,29.0,1.0,23.0,5.0,10.0,5.0,3.0,15.0,22.0,1.0,2.0,2.0,6.0,5.0,8.0,2.0,8.0,20.0,3.0,6.0,6.0,13.0,3.0,3.0,3.0,42.0,62.0
2745,201707,8,5.0,30.0,0.0,4.0,3.0,17.0,13.0,4.0,2.0,6.0,6.0,19.0,3.0,2.0,6.0,15.0,1.0,2.0,4.0,2.0,0.0,6.0,1.0,9.0,7.0,5.0,9.0,1.0,6.0,1.0,4.0,2.0,3.0,1.0
2746,201707,9,1.0,29.0,4.0,3.0,0.0,3.0,24.0,1.0,0.0,2.0,30.0,12.0,5.0,5.0,4.0,3.0,0.0,4.0,2.0,4.0,2.0,13.0,5.0,11.0,5.0,3.0,7.0,0.0,2.0,0.0,2.0,5.0,1.0,0.0
2747,201707,10,22.0,22.0,5.0,17.0,8.0,39.0,21.0,28.0,4.0,94.0,19.0,40.0,13.0,10.0,81.0,34.0,9.0,8.0,32.0,13.0,6.0,18.0,6.0,20.0,38.0,14.0,24.0,54.0,51.0,8.0,17.0,0.0,14.0,35.0
2748,201707,11,16.0,7.0,4.0,6.0,3.0,25.0,8.0,14.0,1.0,33.0,7.0,8.0,8.0,7.0,13.0,15.0,4.0,4.0,3.0,7.0,5.0,7.0,1.0,7.0,21.0,9.0,5.0,8.0,17.0,2.0,6.0,3.0,5.0,13.0
2749,201707,12,52.0,14.0,9.0,63.0,6.0,71.0,9.0,16.0,2.0,40.0,13.0,30.0,16.0,15.0,430.0,70.0,47.0,8.0,29.0,12.0,4.0,16.0,8.0,35.0,68.0,35.0,24.0,5.0,26.0,3.0,7.0,6.0,40.0,66.0
2750,201707,13,60.0,16.0,5.0,9.0,5.0,74.0,11.0,16.0,2.0,37.0,8.0,21.0,11.0,2.0,26.0,39.0,16.0,2.0,9.0,16.0,7.0,18.0,7.0,13.0,31.0,5.0,24.0,9.0,21.0,3.0,6.0,4.0,54.0,106.0
2751,201707,14,62.0,8.0,4.0,10.0,9.0,73.0,30.0,92.0,1.0,77.0,11.0,33.0,21.0,6.0,39.0,60.0,16.0,2.0,5.0,13.0,5.0,11.0,5.0,21.0,52.0,18.0,43.0,17.0,28.0,3.0,9.0,3.0,62.0,108.0
2752,201707,15,13.0,15.0,4.0,2.0,7.0,16.0,23.0,17.0,1.0,13.0,44.0,77.0,9.0,10.0,13.0,13.0,10.0,4.0,1.0,5.0,5.0,11.0,4.0,11.0,12.0,6.0,20.0,3.0,13.0,1.0,5.0,7.0,10.0,12.0
2753,201707,16,7.0,12.0,12.0,3.0,5.0,11.0,19.0,4.0,4.0,9.0,12.0,21.0,2.0,6.0,12.0,9.0,4.0,3.0,1.0,5.0,7.0,8.0,2.0,13.0,8.0,3.0,12.0,1.0,7.0,3.0,4.0,0.0,1.0,6.0
2754,201707,17,55.0,12.0,12.0,8.0,6.0,43.0,10.0,35.0,2.0,32.0,14.0,75.0,14.0,7.0,22.0,46.0,15.0,4.0,5.0,12.0,3.0,12.0,4.0,17.0,39.0,13.0,30.0,7.0,23.0,5.0,12.0,1.0,21.0,112.0
2755,201707,18,15.0,7.0,5.0,9.0,5.0,20.0,12.0,3.0,2.0,21.0,6.0,38.0,5.0,8.0,11.0,16.0,9.0,3.0,2.0,10.0,1.0,11.0,5.0,8.0,21.0,6.0,18.0,3.0,14.0,1.0,6.0,7.0,2.0,20.0
2756,201707,19,6.0,6.0,6.0,2.0,0.0,8.0,11.0,9.0,5.0,7.0,6.0,6.0,1.0,2.0,8.0,5.0,2.0,4.0,1.0,14.0,4.0,16.0,2.0,9.0,8.0,3.0,4.0,2.0,7.0,1.0,3.0,9.0,0.0,4.0
2757,201707,20,31.0,10.0,4.0,18.0,1.0,17.0,9.0,4.0,3.0,14.0,6.0,12.0,9.0,11.0,92.0,19.0,2.0,5.0,21.0,10.0,7.0,8.0,3.0,8.0,30.0,12.0,5.0,4.0,9.0,1.0,3.0,1.0,2.0,16.0
2758,201707,21,6.0,10.0,3.0,37.0,1.0,7.0,6.0,7.0,4.0,12.0,5.0,7.0,3.0,85.0,158.0,19.0,3.0,1.0,24.0,12.0,6.0,8.0,7.0,5.0,22.0,15.0,3.0,3.0,6.0,0.0,2.0,1.0,3.0,13.0
2759,201707,22,43.0,15.0,6.0,25.0,5.0,11.0,31.0,11.0,2.0,5.0,12.0,8.0,8.0,16.0,57.0,23.0,5.0,4.0,7.0,4.0,1.0,11.0,9.0,13.0,22.0,18.0,16.0,4.0,13.0,4.0,5.0,2.0,4.0,6.0
2760,201707,23,53.0,43.0,13.0,10.0,7.0,31.0,22.0,59.0,0.0,51.0,9.0,103.0,13.0,6.0,47.0,20.0,10.0,3.0,7.0,5.0,5.0,15.0,4.0,16.0,43.0,10.0,27.0,5.0,38.0,3.0,7.0,1.0,20.0,59.0
2761,201707,24,51.0,59.0,12.0,14.0,2.0,46.0,13.0,22.0,1.0,34.0,14.0,27.0,9.0,8.0,23.0,45.0,2.0,5.0,5.0,14.0,5.0,16.0,3.0,13.0,29.0,20.0,21.0,6.0,16.0,1.0,6.0,4.0,17.0,56.0
2762,201707,25,4.0,12.0,5.0,6.0,1.0,9.0,10.0,4.0,2.0,8.0,8.0,4.0,3.0,5.0,7.0,7.0,3.0,3.0,1.0,17.0,4.0,15.0,4.0,11.0,12.0,2.0,3.0,2.0,2.0,2.0,4.0,3.0,0.0,5.0
2763,201707,26,2.0,4.0,6.0,4.0,1.0,9.0,20.0,4.0,5.0,4.0,4.0,5.0,4.0,4.0,5.0,0.0,0.0,3.0,4.0,9.0,0.0,12.0,1.0,6.0,11.0,2.0,3.0,3.0,2.0,3.0,5.0,7.0,2.0,4.0
2764,201707,27,3.0,16.0,2.0,0.0,1.0,6.0,26.0,3.0,12.0,6.0,8.0,6.0,0.0,1.0,5.0,2.0,3.0,2.0,3.0,8.0,7.0,9.0,2.0,9.0,9.0,1.0,3.0,1.0,3.0,1.0,1.0,1.0,1.0,2.0
2765,201707,28,22.0,15.0,5.0,5.0,3.0,30.0,19.0,20.0,5.0,43.0,5.0,14.0,7.0,3.0,14.0,13.0,3.0,5.0,6.0,8.0,6.0,6.0,1.0,11.0,26.0,8.0,8.0,16.0,22.0,1.0,6.0,5.0,2.0,31.0
2766,201707,29,2.0,13.0,4.0,3.0,1.0,13.0,13.0,2.0,3.0,5.0,7.0,5.0,2.0,4.0,6.0,6.0,1.0,1.0,1.0,4.0,2.0,8.0,1.0,5.0,5.0,1.0,3.0,0.0,2.0,0.0,5.0,3.0,2.0,4.0
2767,201707,30,1.0,12.0,2.0,3.0,2.0,6.0,8.0,1.0,0.0,0.0,3.0,2.0,0.0,1.0,3.0,3.0,2.0,1.0,0.0,1.0,5.0,4.0,2.0,6.0,2.0,4.0,4.0,2.0,1.0,0.0,4.0,3.0,0.0,0.0
2768,201707,31,1.0,8.0,1.0,1.0,2.0,5.0,16.0,0.0,0.0,1.0,3.0,0.0,2.0,4.0,2.0,2.0,4.0,1.0,1.0,13.0,4.0,10.0,1.0,2.0,7.0,2.0,6.0,1.0,0.0,1.0,7.0,5.0,1.0,2.0
2769,201708,1,4.0,13.0,8.0,3.0,2.0,9.0,34.0,4.0,2.0,6.0,2.0,5.0,2.0,7.0,4.0,10.0,2.0,5.0,0.0,11.0,1.0,11.0,3.0,3.0,10.0,4.0,6.0,3.0,3.0,3.0,5.0,2.0,4.0,0.0
2770,201708,2,162.0,21.0,5.0,22.0,9.0,137.0,27.0,105.0,5.0,106.0,19.0,46.0,33.0,11.0,50.0,79.0,11.0,2.0,11.0,13.0,7.0,18.0,7.0,20.0,63.0,19.0,42.0,22.0,41.0,2.0,19.0,7.0,91.0,212.0
2771,201708,3,69.0,37.0,25.0,46.0,4.0,81.0,40.0,38.0,1.0,59.0,12.0,35.0,18.0,12.0,308.0,77.0,7.0,9.0,76.0,19.0,12.0,16.0,4.0,35.0,68.0,30.0,32.0,16.0,27.0,5.0,4.0,5.0,37.0,80.0
2772,201708,4,89.0,26.0,14.0,41.0,12.0,114.0,34.0,45.0,3.0,73.0,20.0,38.0,29.0,25.0,83.0,103.0,10.0,6.0,21.0,20.0,35.0,40.0,9.0,35.0,68.0,25.0,33.0,76.0,38.0,12.0,10.0,4.0,45.0,146.0
2773,201708,5,11.0,10.0,3.0,5.0,2.0,15.0,36.0,3.0,4.0,9.0,7.0,15.0,9.0,9.0,9.0,13.0,3.0,4.0,3.0,10.0,5.0,15.0,5.0,10.0,12.0,3.0,14.0,14.0,5.0,1.0,5.0,4.0,5.0,11.0
2774,201708,6,1.0,82.0,11.0,5.0,3.0,9.0,23.0,2.0,0.0,5.0,12.0,8.0,11.0,9.0,9.0,9.0,2.0,9.0,5.0,6.0,6.0,14.0,7.0,10.0,14.0,6.0,7.0,0.0,4.0,2.0,4.0,3.0,3.0,8.0
2775,201708,7,25.0,54.0,8.0,7.0,2.0,24.0,22.0,8.0,5.0,17.0,53.0,20.0,7.0,10.0,11.0,19.0,2.0,8.0,5.0,14.0,3.0,15.0,7.0,11.0,22.0,14.0,20.0,6.0,9.0,2.0,11.0,4.0,29.0,28.0
2776,201708,8,3.0,8.0,1.0,4.0,5.0,10.0,11.0,7.0,5.0,7.0,5.0,6.0,0.0,7.0,9.0,5.0,2.0,2.0,1.0,21.0,4.0,17.0,6.0,5.0,15.0,2.0,5.0,3.0,3.0,2.0,2.0,1.0,4.0,5.0
2777,201708,9,3.0,9.0,2.0,1.0,0.0,7.0,9.0,1.0,3.0,5.0,5.0,6.0,2.0,1.0,6.0,5.0,1.0,2.0,1.0,20.0,4.0,27.0,1.0,5.0,18.0,0.0,6.0,0.0,1.0,4.0,1.0,2.0,1.0,1.0
2778,201708,10,3.0,7.0,1.0,8.0,3.0,15.0,10.0,3.0,1.0,2.0,6.0,3.0,4.0,7.0,23.0,3.0,2.0,3.0,8.0,18.0,1.0,33.0,1.0,5.0,8.0,4.0,5.0,2.0,1.0,6.0,3.0,3.0,0.0,3.0
2779,201708,11,22.0,13.0,1.0,1.0,0.0,24.0,22.0,19.0,0.0,22.0,7.0,21.0,9.0,6.0,6.0,18.0,0.0,2.0,8.0,11.0,5.0,20.0,2.0,13.0,18.0,11.0,14.0,29.0,15.0,3.0,6.0,3.0,4.0,23.0
2780,201708,12,2.0,53.0,3.0,2.0,2.0,4.0,22.0,13.0,1.0,2.0,3.0,6.0,2.0,3.0,2.0,6.0,0.0,5.0,5.0,8.0,0.0,11.0,1.0,21.0,7.0,6.0,3.0,8.0,3.0,0.0,0.0,3.0,0.0,6.0
2781,201708,13,2.0,18.0,14.0,2.0,4.0,6.0,16.0,4.0,0.0,1.0,4.0,5.0,4.0,6.0,5.0,1.0,4.0,6.0,0.0,6.0,3.0,6.0,4.0,11.0,11.0,6.0,3.0,1.0,3.0,0.0,1.0,5.0,1.0,1.0
2782,201708,14,2.0,20.0,6.0,2.0,1.0,5.0,23.0,1.0,0.0,1.0,5.0,19.0,2.0,4.0,3.0,3.0,1.0,2.0,2.0,29.0,2.0,58.0,3.0,7.0,6.0,5.0,3.0,2.0,1.0,5.0,2.0,2.0,2.0,0.0
2783,201708,15,10.0,12.0,6.0,4.0,2.0,9.0,5.0,4.0,1.0,9.0,6.0,30.0,2.0,3.0,4.0,12.0,1.0,5.0,3.0,20.0,0.0,24.0,3.0,9.0,8.0,5.0,4.0,1.0,5.0,2.0,2.0,7.0,1.0,5.0
2784,201708,16,8.0,10.0,2.0,5.0,1.0,7.0,12.0,4.0,5.0,7.0,3.0,14.0,2.0,3.0,8.0,13.0,1.0,4.0,12.0,14.0,2.0,12.0,5.0,13.0,9.0,9.0,2.0,3.0,7.0,2.0,2.0,3.0,0.0,4.0
2785,201708,17,5.0,16.0,4.0,3.0,1.0,8.0,8.0,6.0,0.0,5.0,6.0,7.0,1.0,3.0,3.0,10.0,1.0,1.0,0.0,10.0,3.0,13.0,5.0,5.0,8.0,2.0,2.0,1.0,5.0,2.0,3.0,1.0,1.0,2.0
2786,201708,18,67.0,19.0,4.0,12.0,7.0,92.0,10.0,72.0,0.0,72.0,4.0,29.0,12.0,5.0,27.0,61.0,8.0,1.0,10.0,5.0,4.0,5.0,1.0,20.0,39.0,10.0,24.0,33.0,23.0,3.0,7.0,0.0,56.0,103.0
2787,201708,19,10.0,4.0,1.0,7.0,0.0,20.0,3.0,10.0,1.0,4.0,1.0,7.0,5.0,4.0,5.0,8.0,2.0,3.0,2.0,6.0,2.0,4.0,0.0,4.0,6.0,6.0,6.0,4.0,8.0,3.0,4.0,3.0,1.0,2.0
2788,201708,20,5.0,1.0,6.0,2.0,1.0,8.0,13.0,2.0,0.0,6.0,1.0,6.0,2.0,0.0,1.0,8.0,5.0,1.0,4.0,16.0,3.0,29.0,3.0,6.0,8.0,0.0,5.0,1.0,2.0,2.0,3.0,4.0,1.0,3.0
2789,201708,21,8.0,3.0,7.0,5.0,0.0,7.0,17.0,3.0,2.0,15.0,5.0,20.0,5.0,15.0,25.0,8.0,3.0,0.0,3.0,33.0,2.0,33.0,11.0,3.0,10.0,4.0,4.0,2.0,9.0,5.0,3.0,12.0,2.0,15.0
2790,201708,22,52.0,8.0,7.0,16.0,6.0,33.0,21.0,43.0,6.0,20.0,4.0,11.0,6.0,13.0,17.0,45.0,2.0,1.0,7.0,19.0,2.0,17.0,13.0,14.0,31.0,16.0,11.0,35.0,12.0,4.0,3.0,4.0,10.0,30.0
2791,201708,23,10.0,4.0,8.0,4.0,2.0,19.0,13.0,7.0,2.0,12.0,5.0,5.0,3.0,0.0,7.0,14.0,2.0,5.0,5.0,18.0,9.0,17.0,3.0,4.0,12.0,1.0,2.0,0.0,4.0,2.0,2.0,1.0,1.0,12.0
2792,201708,24,6.0,10.0,1.0,5.0,3.0,9.0,11.0,1.0,0.0,2.0,4.0,6.0,1.0,2.0,1.0,4.0,1.0,2.0,1.0,16.0,6.0,20.0,3.0,11.0,13.0,2.0,3.0,2.0,1.0,1.0,3.0,1.0,0.0,2.0
2793,201708,25,5.0,28.0,5.0,4.0,5.0,3.0,5.0,1.0,2.0,2.0,37.0,1.0,2.0,5.0,3.0,6.0,6.0,12.0,3.0,12.0,2.0,6.0,5.0,5.0,10.0,4.0,5.0,0.0,0.0,1.0,0.0,1.0,0.0,0.0
2794,201708,26,10.0,71.0,26.0,15.0,11.0,9.0,20.0,3.0,3.0,5.0,343.0,10.0,14.0,17.0,11.0,13.0,10.0,59.0,5.0,26.0,17.0,18.0,7.0,21.0,11.0,17.0,13.0,5.0,5.0,7.0,5.0,3.0,2.0,2.0
2795,201708,27,14.0,146.0,32.0,19.0,22.0,16.0,21.0,7.0,0.0,14.0,565.0,13.0,35.0,38.0,27.0,26.0,8.0,94.0,9.0,32.0,21.0,24.0,9.0,38.0,19.0,36.0,22.0,11.0,7.0,11.0,12.0,3.0,2.0,10.0
2796,201708,28,14.0,93.0,32.0,22.0,17.0,14.0,19.0,8.0,5.0,13.0,605.0,14.0,39.0,26.0,62.0,25.0,9.0,38.0,15.0,30.0,19.0,32.0,7.0,34.0,25.0,32.0,23.0,7.0,10.0,10.0,11.0,3.0,3.0,16.0
2797,201708,29,28.0,82.0,31.0,20.0,16.0,15.0,22.0,5.0,1.0,22.0,559.0,14.0,41.0,31.0,33.0,29.0,6.0,35.0,13.0,40.0,13.0,45.0,7.0,32.0,26.0,30.0,24.0,6.0,9.0,11.0,9.0,4.0,3.0,18.0
2798,201708,30,26.0,79.0,29.0,20.0,16.0,15.0,22.0,8.0,0.0,19.0,600.0,15.0,35.0,27.0,29.0,28.0,5.0,34.0,11.0,39.0,15.0,40.0,8.0,37.0,32.0,30.0,23.0,6.0,11.0,13.0,11.0,4.0,1.0,17.0
2799,201708,31,13.0,78.0,34.0,13.0,17.0,13.0,15.0,9.0,0.0,16.0,539.0,13.0,23.0,16.0,13.0,18.0,7.0,31.0,10.0,27.0,13.0,22.0,4.0,35.0,24.0,29.0,23.0,7.0,6.0,11.0,10.0,5.0,2.0,16.0
2800,201709,1,7.0,74.0,28.0,9.0,19.0,7.0,23.0,4.0,2.0,13.0,472.0,22.0,22.0,16.0,15.0,16.0,11.0,28.0,9.0,20.0,14.0,17.0,6.0,31.0,20.0,27.0,18.0,7.0,8.0,8.0,6.0,5.0,0.0,5.0
2801,201709,2,6.0,41.0,17.0,5.0,10.0,7.0,13.0,3.0,1.0,3.0,221.0,8.0,9.0,12.0,9.0,9.0,6.0,18.0,3.0,15.0,8.0,8.0,3.0,12.0,4.0,12.0,11.0,5.0,5.0,3.0,5.0,4.0,1.0,2.0
2802,201709,3,4.0,26.0,12.0,7.0,4.0,4.0,11.0,2.0,0.0,4.0,140.0,4.0,9.0,7.0,5.0,5.0,4.0,5.0,2.0,7.0,3.0,7.0,1.0,14.0,5.0,7.0,7.0,2.0,2.0,6.0,2.0,1.0,2.0,1.0
2803,201709,4,4.0,26.0,18.0,10.0,4.0,6.0,6.0,7.0,4.0,3.0,217.0,5.0,6.0,12.0,23.0,12.0,3.0,12.0,5.0,26.0,5.0,19.0,0.0,15.0,9.0,11.0,5.0,3.0,2.0,4.0,3.0,2.0,0.0,3.0
2804,201709,5,45.0,37.0,12.0,13.0,4.0,27.0,16.0,45.0,2.0,39.0,192.0,12.0,7.0,7.0,24.0,37.0,3.0,16.0,8.0,14.0,7.0,13.0,9.0,26.0,40.0,17.0,14.0,10.0,10.0,3.0,4.0,0.0,28.0,37.0
2805,201709,6,17.0,9.0,5.0,9.0,0.0,24.0,11.0,7.0,3.0,9.0,49.0,5.0,2.0,4.0,6.0,11.0,4.0,2.0,3.0,9.0,0.0,8.0,4.0,11.0,11.0,4.0,12.0,3.0,10.0,2.0,5.0,3.0,0.0,8.0
2806,201709,7,7.0,17.0,4.0,1.0,4.0,12.0,7.0,9.0,4.0,7.0,10.0,5.0,5.0,8.0,8.0,6.0,33.0,3.0,3.0,16.0,7.0,20.0,3.0,7.0,19.0,2.0,10.0,2.0,7.0,4.0,21.0,1.0,3.0,2.0
2807,201709,8,21.0,29.0,10.0,3.0,12.0,32.0,12.0,23.0,2.0,19.0,18.0,28.0,26.0,5.0,21.0,22.0,126.0,3.0,2.0,32.0,34.0,20.0,3.0,14.0,12.0,6.0,28.0,9.0,6.0,7.0,68.0,0.0,13.0,21.0
2808,201709,9,50.0,43.0,10.0,9.0,37.0,72.0,18.0,39.0,1.0,44.0,41.0,52.0,94.0,17.0,39.0,54.0,220.0,11.0,12.0,28.0,16.0,23.0,7.0,13.0,21.0,18.0,176.0,32.0,18.0,6.0,252.0,2.0,44.0,44.0
2809,201709,10,61.0,63.0,18.0,14.0,181.0,97.0,41.0,47.0,6.0,51.0,67.0,61.0,164.0,25.0,57.0,71.0,231.0,14.0,18.0,27.0,16.0,17.0,8.0,24.0,30.0,22.0,418.0,47.0,29.0,6.0,277.0,4.0,52.0,56.0
2810,201709,11,81.0,108.0,23.0,24.0,214.0,139.0,36.0,64.0,0.0,108.0,123.0,370.0,659.0,42.0,99.0,113.0,220.0,25.0,48.0,39.0,27.0,28.0,9.0,72.0,91.0,48.0,483.0,64.0,66.0,9.0,283.0,4.0,59.0,77.0
2811,201709,12,32.0,43.0,8.0,13.0,157.0,74.0,16.0,35.0,0.0,46.0,49.0,64.0,114.0,17.0,31.0,39.0,160.0,8.0,22.0,22.0,17.0,15.0,5.0,37.0,31.0,18.0,275.0,44.0,19.0,2.0,172.0,3.0,24.0,31.0
2812,201709,13,17.0,24.0,6.0,7.0,81.0,31.0,12.0,21.0,1.0,29.0,27.0,31.0,31.0,3.0,16.0,21.0,117.0,2.0,9.0,21.0,16.0,16.0,1.0,9.0,14.0,5.0,98.0,24.0,5.0,5.0,64.0,2.0,9.0,30.0
2813,201709,14,7.0,19.0,4.0,5.0,23.0,15.0,17.0,14.0,0.0,16.0,16.0,23.0,19.0,6.0,13.0,26.0,63.0,3.0,43.0,15.0,3.0,16.0,4.0,9.0,18.0,9.0,53.0,12.0,2.0,3.0,19.0,1.0,1.0,12.0
2814,201709,15,2.0,12.0,1.0,11.0,17.0,6.0,11.0,8.0,0.0,4.0,5.0,18.0,8.0,3.0,12.0,11.0,46.0,1.0,2.0,5.0,6.0,7.0,5.0,3.0,8.0,2.0,25.0,3.0,1.0,3.0,7.0,0.0,4.0,7.0
2815,201709,16,1.0,7.0,1.0,6.0,7.0,7.0,23.0,2.0,2.0,6.0,4.0,14.0,7.0,3.0,8.0,5.0,49.0,1.0,0.0,2.0,0.0,5.0,3.0,4.0,2.0,2.0,20.0,4.0,4.0,0.0,6.0,2.0,0.0,4.0
2816,201709,17,6.0,5.0,1.0,3.0,2.0,25.0,24.0,4.0,3.0,8.0,2.0,13.0,4.0,0.0,16.0,12.0,8.0,0.0,5.0,1.0,0.0,8.0,4.0,11.0,7.0,0.0,10.0,3.0,2.0,0.0,1.0,1.0,5.0,7.0
2817,201709,18,4.0,5.0,4.0,1.0,1.0,21.0,40.0,2.0,1.0,5.0,6.0,2.0,6.0,1.0,3.0,6.0,10.0,4.0,1.0,16.0,1.0,28.0,7.0,6.0,5.0,2.0,7.0,2.0,3.0,0.0,2.0,3.0,2.0,7.0
2818,201709,19,5.0,8.0,4.0,5.0,1.0,24.0,28.0,2.0,1.0,9.0,7.0,7.0,10.0,2.0,9.0,20.0,7.0,2.0,1.0,22.0,2.0,28.0,6.0,11.0,14.0,1.0,11.0,3.0,8.0,6.0,6.0,1.0,62.0,10.0
2819,201709,20,2.0,5.0,2.0,8.0,2.0,12.0,20.0,2.0,4.0,3.0,5.0,8.0,8.0,2.0,8.0,11.0,2.0,2.0,14.0,19.0,2.0,29.0,8.0,6.0,9.0,3.0,1.0,12.0,5.0,3.0,2.0,11.0,13.0,1.0
2820,201709,21,2.0,3.0,0.0,1.0,2.0,5.0,10.0,1.0,4.0,2.0,7.0,2.0,8.0,3.0,3.0,5.0,4.0,1.0,3.0,8.0,1.0,7.0,1.0,3.0,10.0,2.0,5.0,1.0,2.0,1.0,2.0,3.0,5.0,0.0
2821,201709,22,4.0,1.0,2.0,2.0,1.0,7.0,8.0,1.0,2.0,4.0,2.0,1.0,8.0,1.0,2.0,3.0,7.0,1.0,1.0,2.0,1.0,2.0,5.0,3.0,8.0,2.0,2.0,1.0,1.0,1.0,2.0,10.0,3.0,2.0
2822,201709,23,2.0,5.0,1.0,1.0,0.0,4.0,10.0,3.0,1.0,1.0,0.0,1.0,5.0,0.0,3.0,2.0,7.0,0.0,1.0,3.0,0.0,2.0,4.0,0.0,2.0,2.0,4.0,1.0,3.0,2.0,2.0,2.0,1.0,0.0
2823,201709,24,1.0,7.0,5.0,0.0,0.0,7.0,19.0,1.0,5.0,9.0,4.0,3.0,2.0,0.0,1.0,1.0,3.0,2.0,0.0,3.0,0.0,1.0,5.0,10.0,6.0,0.0,1.0,0.0,3.0,0.0,1.0,6.0,1.0,1.0
2824,201709,25,0.0,3.0,0.0,3.0,0.0,5.0,5.0,2.0,1.0,5.0,2.0,15.0,1.0,0.0,3.0,2.0,4.0,1.0,1.0,1.0,0.0,4.0,1.0,5.0,2.0,2.0,5.0,0.0,5.0,0.0,2.0,3.0,0.0,5.0
2825,201709,26,1.0,1.0,2.0,3.0,2.0,10.0,5.0,2.0,2.0,5.0,1.0,7.0,4.0,2.0,1.0,6.0,2.0,2.0,3.0,11.0,2.0,10.0,1.0,4.0,9.0,2.0,6.0,1.0,3.0,2.0,2.0,1.0,2.0,3.0
2826,201709,27,1.0,3.0,2.0,2.0,0.0,4.0,15.0,2.0,3.0,3.0,4.0,4.0,3.0,5.0,0.0,5.0,4.0,2.0,1.0,14.0,1.0,14.0,1.0,1.0,7.0,0.0,2.0,1.0,3.0,1.0,5.0,2.0,0.0,3.0
2827,201709,28,12.0,1.0,0.0,3.0,0.0,10.0,8.0,1.0,3.0,3.0,1.0,3.0,4.0,3.0,2.0,6.0,3.0,0.0,0.0,4.0,3.0,9.0,2.0,4.0,9.0,2.0,3.0,0.0,0.0,0.0,1.0,7.0,1.0,2.0
2828,201709,29,2.0,3.0,6.0,1.0,2.0,1.0,10.0,4.0,0.0,0.0,5.0,8.0,3.0,3.0,2.0,1.0,3.0,1.0,2.0,4.0,2.0,4.0,7.0,4.0,5.0,0.0,3.0,3.0,2.0,6.0,1.0,2.0,1.0,0.0
2829,201709,30,0.0,1.0,1.0,0.0,0.0,1.0,20.0,0.0,0.0,2.0,4.0,0.0,2.0,0.0,2.0,1.0,3.0,1.0,1.0,2.0,0.0,2.0,4.0,2.0,0.0,1.0,1.0,0.0,0.0,0.0,0.0,3.0,0.0,0.0
2830,201710,1,1.0,5.0,1.0,0.0,0.0,8.0,49.0,1.0,0.0,2.0,5.0,0.0,0.0,2.0,5.0,1.0,1.0,1.0,0.0,5.0,1.0,13.0,6.0,7.0,3.0,3.0,2.0,1.0,0.0,1.0,1.0,3.0,2.0,1.0
2831,201710,2,3.0,5.0,1.0,6.0,0.0,2.0,34.0,0.0,2.0,1.0,2.0,4.0,0.0,13.0,2.0,1.0,0.0,0.0,0.0,11.0,1.0,15.0,5.0,1.0,2.0,1.0,2.0,0.0,0.0,5.0,1.0,5.0,2.0,1.0
2832,201710,3,1.0,7.0,2.0,3.0,1.0,2.0,48.0,0.0,0.0,4.0,10.0,6.0,4.0,2.0,0.0,2.0,0.0,2.0,6.0,14.0,0.0,18.0,3.0,6.0,9.0,3.0,7.0,2.0,5.0,5.0,2.0,4.0,9.0,1.0
2833,201710,4,0.0,4.0,5.0,0.0,0.0,4.0,8.0,4.0,4.0,3.0,4.0,4.0,1.0,3.0,4.0,5.0,0.0,3.0,0.0,16.0,2.0,7.0,7.0,5.0,8.0,2.0,0.0,1.0,3.0,1.0,0.0,2.0,0.0,1.0
2834,201710,5,2.0,2.0,2.0,1.0,1.0,8.0,1.0,3.0,3.0,1.0,1.0,6.0,1.0,4.0,2.0,6.0,2.0,2.0,0.0,4.0,2.0,8.0,0.0,1.0,4.0,1.0,2.0,1.0,1.0,0.0,2.0,3.0,0.0,2.0
2835,201710,6,1.0,5.0,0.0,4.0,0.0,2.0,3.0,4.0,0.0,0.0,4.0,4.0,0.0,3.0,6.0,6.0,0.0,0.0,0.0,1.0,0.0,0.0,0.0,1.0,5.0,4.0,1.0,0.0,0.0,2.0,0.0,2.0,0.0,2.0
2836,201710,7,1.0,7.0,1.0,6.0,1.0,3.0,9.0,3.0,1.0,2.0,20.0,8.0,6.0,1.0,3.0,2.0,1.0,1.0,1.0,1.0,4.0,2.0,1.0,3.0,1.0,1.0,0.0,3.0,1.0,0.0,1.0,3.0,0.0,1.0
2837,201710,8,3.0,10.0,1.0,3.0,19.0,18.0,1.0,8.0,5.0,9.0,26.0,13.0,7.0,6.0,11.0,10.0,4.0,1.0,2.0,3.0,3.0,5.0,0.0,8.0,10.0,2.0,8.0,2.0,4.0,0.0,1.0,0.0,35.0,1.0
2838,201710,9,27.0,6.0,6.0,16.0,4.0,41.0,5.0,14.0,1.0,34.0,8.0,28.0,6.0,65.0,16.0,50.0,4.0,1.0,4.0,8.0,2.0,18.0,8.0,10.0,28.0,15.0,10.0,4.0,20.0,1.0,4.0,1.0,58.0,96.0
2839,201710,10,2.0,5.0,5.0,2.0,1.0,11.0,4.0,9.0,1.0,5.0,2.0,6.0,3.0,2.0,4.0,9.0,2.0,2.0,1.0,8.0,0.0,23.0,4.0,3.0,16.0,3.0,9.0,2.0,2.0,2.0,3.0,2.0,5.0,11.0
2840,201710,11,2.0,4.0,6.0,4.0,0.0,3.0,11.0,3.0,2.0,4.0,3.0,8.0,1.0,0.0,2.0,5.0,0.0,2.0,4.0,32.0,3.0,98.0,6.0,5.0,5.0,0.0,2.0,3.0,3.0,6.0,1.0,1.0,3.0,4.0
2841,201710,12,3.0,5.0,4.0,3.0,0.0,5.0,9.0,12.0,2.0,6.0,2.0,9.0,2.0,0.0,2.0,5.0,2.0,3.0,3.0,31.0,3.0,83.0,3.0,4.0,7.0,2.0,5.0,1.0,8.0,4.0,3.0,2.0,8.0,1.0
2842,201710,13,1.0,8.0,6.0,5.0,0.0,3.0,12.0,9.0,0.0,3.0,1.0,5.0,1.0,4.0,3.0,7.0,0.0,0.0,0.0,32.0,5.0,81.0,4.0,4.0,8.0,2.0,4.0,2.0,2.0,6.0,0.0,3.0,3.0,2.0
2843,201710,14,1.0,2.0,5.0,19.0,1.0,8.0,11.0,1.0,1.0,6.0,5.0,6.0,2.0,6.0,141.0,18.0,3.0,3.0,28.0,5.0,4.0,18.0,1.0,8.0,16.0,12.0,3.0,3.0,2.0,1.0,1.0,0.0,0.0,1.0
2844,201710,15,0.0,10.0,2.0,10.0,0.0,7.0,9.0,6.0,0.0,7.0,2.0,9.0,2.0,0.0,21.0,6.0,1.0,1.0,4.0,9.0,1.0,10.0,2.0,10.0,8.0,3.0,3.0,3.0,1.0,1.0,0.0,1.0,3.0,2.0
2845,201710,16,2.0,8.0,1.0,4.0,1.0,8.0,27.0,8.0,1.0,2.0,5.0,2.0,1.0,1.0,3.0,4.0,1.0,3.0,2.0,6.0,0.0,7.0,1.0,3.0,7.0,1.0,6.0,0.0,3.0,0.0,0.0,2.0,1.0,2.0
2846,201710,17,3.0,6.0,3.0,2.0,1.0,10.0,18.0,2.0,0.0,1.0,2.0,4.0,1.0,5.0,4.0,2.0,4.0,0.0,2.0,17.0,2.0,39.0,2.0,2.0,4.0,2.0,2.0,0.0,1.0,6.0,4.0,1.0,0.0,4.0
2847,201710,18,0.0,2.0,1.0,1.0,1.0,4.0,16.0,3.0,2.0,0.0,5.0,4.0,1.0,2.0,2.0,0.0,3.0,3.0,0.0,13.0,1.0,20.0,2.0,2.0,6.0,0.0,0.0,0.0,0.0,4.0,0.0,2.0,0.0,0.0
2848,201710,19,3.0,5.0,3.0,4.0,0.0,7.0,11.0,3.0,1.0,2.0,4.0,4.0,0.0,4.0,0.0,3.0,0.0,2.0,0.0,32.0,3.0,83.0,5.0,0.0,4.0,1.0,4.0,0.0,0.0,9.0,0.0,8.0,0.0,0.0
2849,201710,20,0.0,8.0,4.0,4.0,0.0,1.0,4.0,1.0,1.0,1.0,3.0,2.0,1.0,1.0,2.0,13.0,0.0,1.0,3.0,9.0,2.0,29.0,1.0,2.0,3.0,2.0,4.0,0.0,1.0,2.0,0.0,3.0,0.0,0.0
2850,201710,21,0.0,3.0,3.0,0.0,0.0,1.0,11.0,0.0,3.0,0.0,0.0,0.0,0.0,1.0,0.0,1.0,0.0,0.0,0.0,3.0,3.0,1.0,1.0,1.0,2.0,2.0,2.0,1.0,0.0,4.0,0.0,4.0,0.0,0.0
2851,201710,22,0.0,4.0,1.0,4.0,0.0,2.0,3.0,6.0,2.0,0.0,4.0,7.0,1.0,1.0,4.0,3.0,1.0,2.0,1.0,2.0,0.0,4.0,0.0,7.0,1.0,1.0,3.0,1.0,3.0,1.0,0.0,4.0,0.0,1.0
2852,201710,23,2.0,3.0,0.0,2.0,3.0,11.0,1.0,6.0,1.0,17.0,3.0,45.0,7.0,0.0,4.0,6.0,2.0,0.0,1.0,5.0,1.0,6.0,0.0,2.0,6.0,2.0,9.0,2.0,5.0,1.0,0.0,6.0,2.0,3.0
2853,201710,24,129.0,14.0,4.0,9.0,8.0,50.0,4.0,12.0,1.0,37.0,9.0,27.0,8.0,4.0,24.0,48.0,11.0,2.0,11.0,13.0,1.0,10.0,0.0,24.0,36.0,16.0,23.0,5.0,24.0,3.0,11.0,6.0,61.0,137.0
2854,201710,25,2.0,3.0,2.0,5.0,2.0,10.0,3.0,3.0,2.0,2.0,3.0,0.0,1.0,4.0,2.0,11.0,2.0,0.0,0.0,14.0,1.0,13.0,1.0,3.0,9.0,2.0,1.0,4.0,2.0,3.0,1.0,1.0,5.0,3.0
2855,201710,26,3.0,9.0,5.0,2.0,1.0,3.0,16.0,5.0,7.0,2.0,3.0,3.0,1.0,1.0,3.0,2.0,0.0,1.0,1.0,7.0,0.0,10.0,2.0,2.0,10.0,3.0,4.0,1.0,1.0,4.0,2.0,2.0,0.0,1.0
2856,201710,27,4.0,3.0,2.0,7.0,1.0,5.0,4.0,1.0,1.0,5.0,3.0,3.0,3.0,2.0,4.0,4.0,1.0,1.0,1.0,6.0,2.0,12.0,2.0,6.0,3.0,1.0,0.0,1.0,0.0,8.0,1.0,2.0,0.0,3.0
2857,201710,28,3.0,1.0,1.0,2.0,2.0,2.0,3.0,0.0,1.0,0.0,0.0,0.0,1.0,1.0,3.0,1.0,1.0,0.0,0.0,10.0,0.0,8.0,0.0,1.0,1.0,3.0,0.0,0.0,2.0,0.0,0.0,5.0,0.0,2.0
2858,201710,29,94.0,9.0,3.0,3.0,5.0,53.0,7.0,17.0,11.0,31.0,9.0,19.0,8.0,3.0,16.0,47.0,8.0,1.0,7.0,5.0,1.0,12.0,1.0,24.0,35.0,9.0,27.0,15.0,17.0,1.0,13.0,3.0,77.0,82.0
2859,201710,30,31.0,3.0,3.0,7.0,1.0,68.0,1.0,5.0,0.0,12.0,2.0,3.0,2.0,4.0,5.0,17.0,1.0,0.0,4.0,4.0,0.0,13.0,0.0,5.0,9.0,1.0,6.0,4.0,11.0,2.0,1.0,2.0,19.0,43.0
2860,201710,31,3.0,5.0,4.0,5.0,2.0,4.0,3.0,0.0,7.0,0.0,5.0,1.0,0.0,6.0,0.0,3.0,2.0,0.0,0.0,5.0,0.0,9.0,0.0,5.0,9.0,0.0,5.0,2.0,2.0,1.0,2.0,0.0,0.0,2.0
2861,201711,1,2.0,5.0,0.0,8.0,3.0,10.0,7.0,4.0,7.0,3.0,4.0,1.0,1.0,5.0,9.0,1.0,3.0,0.0,0.0,10.0,1.0,12.0,7.0,1.0,8.0,2.0,2.0,1.0,2.0,3.0,0.0,2.0,0.0,3.0
2862,201711,2,4.0,4.0,1.0,6.0,1.0,8.0,6.0,4.0,6.0,3.0,4.0,2.0,1.0,2.0,2.0,9.0,4.0,1.0,1.0,8.0,0.0,8.0,2.0,4.0,5.0,0.0,7.0,0.0,2.0,1.0,2.0,4.0,1.0,3.0
2863,201711,3,4.0,9.0,2.0,4.0,1.0,10.0,118.0,0.0,3.0,2.0,6.0,2.0,1.0,3.0,5.0,12.0,0.0,2.0,0.0,23.0,2.0,29.0,17.0,12.0,7.0,1.0,1.0,4.0,1.0,4.0,1.0,1.0,0.0,0.0
2864,201711,4,0.0,2.0,1.0,12.0,0.0,4.0,4.0,0.0,8.0,2.0,0.0,1.0,1.0,2.0,3.0,5.0,1.0,0.0,6.0,5.0,0.0,5.0,4.0,3.0,3.0,3.0,4.0,0.0,0.0,1.0,0.0,4.0,0.0,2.0
2865,201711,5,23.0,5.0,1.0,9.0,1.0,11.0,48.0,3.0,0.0,17.0,2.0,9.0,2.0,4.0,51.0,27.0,0.0,2.0,21.0,7.0,4.0,10.0,8.0,11.0,29.0,18.0,3.0,4.0,7.0,2.0,0.0,0.0,4.0,15.0
2866,201711,6,5.0,3.0,2.0,1.0,0.0,12.0,4.0,2.0,1.0,7.0,5.0,9.0,1.0,6.0,1.0,20.0,3.0,2.0,0.0,6.0,1.0,9.0,2.0,3.0,13.0,3.0,5.0,4.0,5.0,2.0,0.0,3.0,0.0,3.0
2867,201711,7,4.0,6.0,5.0,3.0,1.0,16.0,4.0,8.0,0.0,7.0,3.0,6.0,0.0,11.0,3.0,11.0,3.0,1.0,0.0,10.0,2.0,8.0,1.0,4.0,3.0,1.0,3.0,4.0,0.0,4.0,3.0,3.0,0.0,2.0
2868,201711,8,4.0,5.0,5.0,3.0,2.0,9.0,5.0,4.0,1.0,3.0,5.0,11.0,1.0,7.0,2.0,9.0,0.0,1.0,1.0,13.0,3.0,26.0,1.0,5.0,9.0,1.0,3.0,3.0,7.0,5.0,1.0,12.0,0.0,0.0
2869,201711,9,7.0,3.0,2.0,9.0,0.0,8.0,6.0,5.0,0.0,5.0,2.0,6.0,1.0,4.0,2.0,5.0,0.0,1.0,0.0,11.0,1.0,15.0,2.0,6.0,7.0,2.0,5.0,0.0,6.0,1.0,1.0,2.0,4.0,4.0
2870,201711,10,18.0,8.0,3.0,3.0,0.0,8.0,9.0,2.0,1.0,6.0,1.0,10.0,8.0,3.0,16.0,13.0,1.0,0.0,0.0,8.0,0.0,9.0,0.0,4.0,6.0,2.0,28.0,4.0,12.0,1.0,1.0,5.0,2.0,6.0
2871,201711,11,2.0,0.0,2.0,0.0,1.0,5.0,4.0,0.0,3.0,1.0,0.0,0.0,0.0,1.0,2.0,0.0,0.0,3.0,1.0,3.0,0.0,4.0,2.0,10.0,2.0,1.0,5.0,0.0,0.0,1.0,0.0,5.0,0.0,2.0
2872,201711,12,4.0,6.0,4.0,0.0,0.0,8.0,2.0,2.0,1.0,2.0,2.0,2.0,0.0,2.0,2.0,0.0,0.0,2.0,1.0,5.0,0.0,2.0,0.0,7.0,3.0,0.0,0.0,0.0,1.0,0.0,0.0,1.0,0.0,1.0
2873,201711,13,3.0,9.0,1.0,3.0,0.0,7.0,7.0,3.0,0.0,3.0,1.0,12.0,2.0,1.0,9.0,9.0,0.0,2.0,3.0,7.0,0.0,11.0,1.0,1.0,4.0,2.0,2.0,2.0,2.0,1.0,0.0,1.0,0.0,2.0
2874,201711,14,5.0,8.0,6.0,24.0,0.0,12.0,2.0,1.0,0.0,1.0,3.0,3.0,0.0,3.0,4.0,2.0,1.0,0.0,3.0,7.0,1.0,9.0,1.0,4.0,15.0,3.0,1.0,1.0,2.0,0.0,0.0,1.0,3.0,2.0
2875,201711,15,5.0,6.0,9.0,7.0,1.0,9.0,8.0,5.0,1.0,2.0,5.0,1.0,1.0,4.0,7.0,5.0,4.0,1.0,1.0,11.0,4.0,27.0,0.0,2.0,7.0,2.0,0.0,0.0,0.0,3.0,0.0,1.0,0.0,0.0
2876,201711,16,6.0,6.0,1.0,3.0,1.0,9.0,4.0,2.0,1.0,0.0,4.0,5.0,3.0,3.0,2.0,14.0,1.0,5.0,0.0,19.0,4.0,40.0,3.0,8.0,4.0,2.0,3.0,1.0,2.0,4.0,1.0,1.0,3.0,0.0
2877,201711,17,4.0,4.0,2.0,8.0,0.0,6.0,2.0,1.0,2.0,1.0,1.0,1.0,1.0,2.0,5.0,3.0,1.0,1.0,1.0,4.0,0.0,4.0,5.0,2.0,4.0,1.0,1.0,1.0,1.0,2.0,0.0,1.0,1.0,0.0
2878,201711,18,2.0,1.0,3.0,3.0,2.0,2.0,3.0,4.0,6.0,1.0,0.0,1.0,1.0,2.0,2.0,2.0,0.0,0.0,13.0,2.0,0.0,2.0,0.0,2.0,5.0,3.0,0.0,0.0,1.0,0.0,1.0,5.0,1.0,1.0
2879,201711,19,19.0,5.0,4.0,2.0,0.0,5.0,2.0,3.0,3.0,3.0,2.0,6.0,1.0,0.0,6.0,11.0,3.0,2.0,2.0,4.0,2.0,6.0,0.0,7.0,11.0,2.0,3.0,6.0,2.0,1.0,1.0,1.0,0.0,1.0
2880,201711,20,0.0,5.0,3.0,2.0,0.0,3.0,2.0,1.0,6.0,2.0,0.0,3.0,0.0,0.0,3.0,8.0,4.0,2.0,1.0,5.0,0.0,8.0,4.0,1.0,5.0,0.0,1.0,1.0,0.0,1.0,1.0,2.0,1.0,0.0
2881,201711,21,9.0,3.0,7.0,2.0,0.0,3.0,7.0,2.0,16.0,0.0,1.0,13.0,1.0,4.0,1.0,3.0,3.0,1.0,0.0,8.0,0.0,2.0,3.0,3.0,6.0,2.0,5.0,1.0,4.0,0.0,1.0,2.0,5.0,0.0
2882,201711,22,1.0,3.0,7.0,3.0,0.0,6.0,4.0,0.0,1.0,1.0,2.0,3.0,0.0,2.0,7.0,5.0,2.0,0.0,0.0,5.0,0.0,6.0,1.0,2.0,8.0,1.0,5.0,1.0,0.0,0.0,2.0,0.0,2.0,0.0
2883,201711,23,0.0,0.0,0.0,1.0,0.0,0.0,1.0,1.0,0.0,0.0,0.0,0.0,0.0,1.0,0.0,2.0,0.0,0.0,0.0,2.0,0.0,1.0,0.0,0.0,1.0,0.0,0.0,0.0,0.0,0.0,0.0,4.0,1.0,0.0
2884,201711,24,1.0,3.0,0.0,0.0,1.0,2.0,1.0,1.0,1.0,0.0,2.0,2.0,0.0,1.0,2.0,2.0,0.0,0.0,0.0,3.0,0.0,3.0,0.0,0.0,9.0,2.0,2.0,0.0,1.0,0.0,1.0,1.0,0.0,0.0
2885,201711,25,0.0,2.0,3.0,1.0,0.0,0.0,1.0,1.0,9.0,0.0,0.0,0.0,1.0,0.0,2.0,1.0,1.0,2.0,0.0,1.0,2.0,7.0,1.0,4.0,2.0,1.0,1.0,0.0,1.0,3.0,0.0,4.0,0.0,0.0
2886,201711,26,1.0,9.0,4.0,0.0,0.0,3.0,12.0,0.0,2.0,0.0,3.0,0.0,1.0,3.0,1.0,3.0,1.0,0.0,0.0,22.0,3.0,61.0,4.0,19.0,3.0,0.0,0.0,4.0,0.0,11.0,0.0,2.0,0.0,1.0
2887,201711,27,0.0,0.0,3.0,1.0,0.0,0.0,2.0,0.0,0.0,0.0,3.0,1.0,1.0,1.0,2.0,2.0,2.0,0.0,0.0,4.0,2.0,4.0,1.0,2.0,12.0,1.0,0.0,2.0,0.0,2.0,1.0,1.0,0.0,0.0
2888,201711,28,2.0,2.0,4.0,0.0,3.0,2.0,5.0,2.0,2.0,1.0,7.0,3.0,3.0,2.0,7.0,6.0,1.0,6.0,0.0,5.0,1.0,5.0,2.0,2.0,13.0,1.0,1.0,1.0,1.0,0.0,1.0,0.0,0.0,2.0
2889,201711,29,2.0,5.0,2.0,4.0,1.0,1.0,4.0,4.0,2.0,3.0,2.0,2.0,0.0,1.0,6.0,2.0,2.0,4.0,3.0,6.0,0.0,7.0,1.0,3.0,13.0,4.0,4.0,1.0,0.0,0.0,2.0,6.0,1.0,1.0
2890,201711,30,0.0,4.0,0.0,1.0,3.0,2.0,5.0,1.0,2.0,2.0,3.0,0.0,2.0,3.0,4.0,1.0,1.0,6.0,0.0,8.0,1.0,11.0,1.0,0.0,8.0,2.0,3.0,0.0,0.0,2.0,0.0,6.0,0.0,1.0
2891,201712,1,1.0,7.0,5.0,3.0,1.0,4.0,4.0,4.0,5.0,3.0,3.0,2.0,6.0,1.0,2.0,3.0,4.0,2.0,0.0,3.0,0.0,8.0,2.0,2.0,12.0,3.0,3.0,1.0,3.0,2.0,1.0,7.0,2.0,1.0
2892,201712,2,2.0,2.0,0.0,3.0,2.0,1.0,0.0,0.0,2.0,2.0,6.0,1.0,1.0,0.0,0.0,2.0,0.0,3.0,0.0,3.0,0.0,1.0,0.0,1.0,2.0,2.0,1.0,0.0,1.0,1.0,0.0,5.0,0.0,0.0
2893,201712,3,2.0,4.0,1.0,4.0,0.0,3.0,1.0,1.0,2.0,0.0,4.0,0.0,1.0,1.0,0.0,2.0,2.0,0.0,0.0,2.0,1.0,0.0,6.0,7.0,11.0,1.0,0.0,0.0,0.0,1.0,0.0,0.0,0.0,0.0
2894,201712,4,4.0,4.0,5.0,49.0,2.0,7.0,2.0,6.0,3.0,10.0,3.0,4.0,6.0,8.0,132.0,14.0,4.0,1.0,12.0,6.0,0.0,6.0,2.0,19.0,26.0,14.0,3.0,2.0,2.0,2.0,1.0,2.0,1.0,2.0
2895,201712,5,28.0,6.0,6.0,19.0,5.0,13.0,7.0,5.0,2.0,4.0,5.0,6.0,2.0,4.0,9.0,12.0,3.0,3.0,3.0,12.0,2.0,9.0,1.0,5.0,31.0,6.0,8.0,0.0,4.0,1.0,1.0,2.0,3.0,0.0
2896,201712,6,3.0,4.0,6.0,5.0,2.0,9.0,7.0,2.0,3.0,3.0,6.0,1.0,4.0,5.0,6.0,6.0,2.0,4.0,1.0,7.0,0.0,7.0,2.0,4.0,20.0,4.0,7.0,0.0,0.0,1.0,0.0,1.0,2.0,2.0
2897,201712,7,4.0,15.0,5.0,3.0,1.0,7.0,11.0,6.0,1.0,3.0,13.0,4.0,4.0,6.0,6.0,5.0,3.0,21.0,1.0,25.0,1.0,13.0,2.0,10.0,17.0,2.0,5.0,4.0,3.0,3.0,2.0,4.0,0.0,1.0
2898,201712,8,25.0,65.0,12.0,34.0,43.0,38.0,60.0,21.0,4.0,52.0,130.0,138.0,644.0,15.0,32.0,43.0,19.0,24.0,33.0,22.0,14.0,22.0,12.0,48.0,50.0,29.0,57.0,16.0,33.0,6.0,28.0,1.0,7.0,17.0
2899,201712,9,50.0,18.0,3.0,19.0,22.0,73.0,31.0,54.0,1.0,84.0,27.0,58.0,208.0,2.0,19.0,38.0,6.0,8.0,12.0,11.0,7.0,9.0,1.0,23.0,37.0,16.0,51.0,55.0,31.0,4.0,26.0,9.0,19.0,19.0
2900,201712,10,5.0,4.0,3.0,4.0,5.0,27.0,7.0,8.0,0.0,14.0,2.0,10.0,10.0,1.0,7.0,8.0,1.0,1.0,4.0,2.0,0.0,0.0,1.0,9.0,6.0,1.0,3.0,5.0,4.0,1.0,1.0,0.0,0.0,2.0
2901,201712,11,0.0,4.0,5.0,12.0,1.0,9.0,15.0,4.0,0.0,2.0,6.0,3.0,4.0,0.0,5.0,4.0,2.0,2.0,3.0,8.0,1.0,8.0,4.0,2.0,15.0,3.0,4.0,0.0,1.0,4.0,0.0,0.0,2.0,3.0
2902,201712,12,3.0,10.0,4.0,4.0,2.0,14.0,8.0,16.0,0.0,2.0,9.0,1.0,2.0,7.0,12.0,16.0,1.0,6.0,0.0,9.0,1.0,11.0,9.0,7.0,20.0,6.0,7.0,2.0,2.0,2.0,0.0,1.0,2.0,4.0
2903,201712,13,9.0,9.0,9.0,15.0,2.0,25.0,5.0,20.0,4.0,11.0,5.0,6.0,4.0,5.0,32.0,84.0,2.0,5.0,5.0,10.0,1.0,5.0,5.0,8.0,37.0,7.0,8.0,6.0,9.0,2.0,3.0,0.0,2.0,16.0
2904,201712,14,6.0,10.0,11.0,12.0,0.0,16.0,10.0,7.0,3.0,10.0,6.0,11.0,4.0,6.0,10.0,41.0,3.0,4.0,6.0,17.0,1.0,10.0,16.0,11.0,34.0,6.0,14.0,3.0,7.0,1.0,1.0,0.0,2.0,37.0
2905,201712,15,28.0,10.0,2.0,6.0,1.0,31.0,4.0,34.0,0.0,29.0,4.0,15.0,3.0,6.0,12.0,45.0,5.0,1.0,3.0,3.0,2.0,7.0,3.0,5.0,37.0,7.0,4.0,7.0,12.0,2.0,2.0,0.0,7.0,36.0
2906,201712,16,6.0,3.0,2.0,4.0,1.0,6.0,14.0,2.0,4.0,4.0,2.0,2.0,1.0,2.0,1.0,5.0,0.0,2.0,1.0,12.0,2.0,9.0,1.0,10.0,10.0,4.0,3.0,1.0,3.0,2.0,0.0,6.0,1.0,4.0
2907,201712,17,13.0,37.0,10.0,14.0,22.0,23.0,11.0,10.0,0.0,27.0,38.0,36.0,689.0,11.0,26.0,33.0,20.0,13.0,14.0,18.0,8.0,15.0,6.0,36.0,29.0,21.0,40.0,12.0,23.0,3.0,21.0,2.0,5.0,23.0
2908,201712,18,11.0,36.0,10.0,15.0,25.0,19.0,9.0,5.0,8.0,21.0,33.0,25.0,124.0,5.0,17.0,28.0,8.0,12.0,9.0,16.0,5.0,10.0,4.0,29.0,31.0,9.0,27.0,10.0,13.0,4.0,11.0,2.0,4.0,19.0
2909,201712,19,2.0,53.0,7.0,1.0,14.0,12.0,9.0,7.0,5.0,5.0,23.0,7.0,16.0,7.0,7.0,9.0,3.0,8.0,2.0,14.0,4.0,17.0,4.0,17.0,25.0,10.0,6.0,0.0,0.0,3.0,4.0,2.0,0.0,0.0
2910,201712,20,3.0,26.0,3.0,6.0,10.0,8.0,2.0,12.0,9.0,4.0,17.0,9.0,7.0,4.0,15.0,4.0,2.0,4.0,1.0,10.0,0.0,9.0,9.0,12.0,25.0,2.0,8.0,1.0,4.0,1.0,6.0,0.0,0.0,0.0
2911,201712,21,1.0,11.0,3.0,4.0,3.0,9.0,9.0,2.0,4.0,4.0,10.0,3.0,5.0,37.0,11.0,10.0,3.0,4.0,1.0,8.0,0.0,12.0,1.0,7.0,16.0,0.0,8.0,3.0,1.0,1.0,6.0,2.0,0.0,1.0
2912,201712,22,5.0,15.0,4.0,3.0,2.0,23.0,8.0,24.0,10.0,15.0,9.0,11.0,7.0,13.0,11.0,16.0,6.0,2.0,0.0,8.0,0.0,16.0,5.0,12.0,16.0,4.0,6.0,2.0,2.0,1.0,2.0,3.0,1.0,5.0
2913,201712,23,15.0,4.0,1.0,5.0,1.0,52.0,2.0,16.0,1.0,14.0,4.0,20.0,1.0,30.0,3.0,24.0,0.0,1.0,0.0,3.0,1.0,4.0,1.0,5.0,13.0,7.0,11.0,2.0,5.0,1.0,1.0,2.0,0.0,1.0
2914,201712,24,2.0,5.0,3.0,4.0,0.0,3.0,9.0,3.0,0.0,2.0,1.0,2.0,1.0,14.0,9.0,11.0,1.0,1.0,5.0,8.0,2.0,2.0,2.0,11.0,3.0,2.0,5.0,5.0,1.0,0.0,1.0,2.0,1.0,0.0
2915,201712,25,3.0,3.0,0.0,5.0,0.0,11.0,32.0,12.0,2.0,4.0,0.0,2.0,0.0,6.0,7.0,16.0,0.0,0.0,2.0,7.0,1.0,7.0,3.0,3.0,1.0,1.0,1.0,4.0,3.0,3.0,1.0,2.0,0.0,1.0
2916,201712,26,3.0,10.0,4.0,11.0,0.0,9.0,1.0,7.0,6.0,2.0,4.0,2.0,5.0,6.0,10.0,24.0,2.0,3.0,3.0,4.0,3.0,8.0,5.0,4.0,13.0,5.0,1.0,3.0,0.0,3.0,1.0,1.0,2.0,1.0
2917,201712,27,8.0,12.0,5.0,10.0,1.0,4.0,14.0,4.0,5.0,2.0,2.0,3.0,0.0,9.0,16.0,10.0,2.0,4.0,1.0,8.0,1.0,17.0,4.0,10.0,13.0,9.0,7.0,1.0,0.0,1.0,1.0,4.0,2.0,2.0
2918,201712,28,10.0,16.0,3.0,8.0,2.0,11.0,17.0,4.0,4.0,4.0,6.0,5.0,1.0,9.0,19.0,16.0,3.0,6.0,50.0,7.0,1.0,8.0,4.0,5.0,13.0,7.0,3.0,3.0,3.0,3.0,0.0,4.0,0.0,3.0
2919,201712,29,10.0,13.0,6.0,11.0,1.0,12.0,32.0,13.0,2.0,3.0,7.0,2.0,6.0,8.0,43.0,21.0,1.0,3.0,34.0,8.0,3.0,9.0,7.0,14.0,13.0,12.0,2.0,4.0,3.0,5.0,1.0,0.0,2.0,2.0
2920,201712,30,2.0,8.0,5.0,24.0,2.0,11.0,6.0,18.0,0.0,5.0,3.0,4.0,4.0,6.0,12.0,24.0,2.0,2.0,4.0,5.0,4.0,10.0,8.0,9.0,5.0,5.0,3.0,5.0,9.0,4.0,1.0,2.0,3.0,1.0
2921,201712,31,1.0,142.0,8.0,14.0,6.0,2.0,8.0,2.0,2.0,2.0,14.0,4.0,3.0,11.0,12.0,3.0,3.0,7.0,3.0,6.0,4.0,2.0,3.0,25.0,8.0,16.0,2.0,3.0,2.0,3.0,4.0,1.0,1.0,0.0
2922,201801,1,5.0,68.0,16.0,13.0,2.0,18.0,3.0,11.0,6.0,16.0,25.0,12.0,8.0,7.0,41.0,12.0,5.0,11.0,4.0,9.0,4.0,16.0,2.0,18.0,10.0,16.0,5.0,1.0,2.0,17.0,3.0,1.0,1.0,1.0
2923,201801,2,5.0,49.0,8.0,12.0,4.0,9.0,11.0,13.0,1.0,10.0,19.0,9.0,9.0,4.0,34.0,36.0,3.0,7.0,8.0,3.0,3.0,5.0,1.0,9.0,17.0,12.0,6.0,3.0,13.0,2.0,2.0,2.0,0.0,2.0
2924,201801,3,24.0,34.0,17.0,15.0,15.0,21.0,22.0,25.0,2.0,42.0,32.0,80.0,36.0,16.0,50.0,19.0,31.0,8.0,2.0,22.0,7.0,23.0,3.0,19.0,17.0,14.0,155.0,9.0,31.0,3.0,26.0,5.0,12.0,13.0
2925,201801,4,452.0,66.0,30.0,34.0,52.0,667.0,37.0,330.0,5.0,240.0,71.0,172.0,124.0,39.0,148.0,189.0,97.0,15.0,43.0,72.0,19.0,69.0,13.0,65.0,104.0,41.0,227.0,79.0,116.0,19.0,124.0,9.0,302.0,383.0
2926,201801,5,150.0,28.0,7.0,10.0,9.0,301.0,14.0,65.0,10.0,124.0,19.0,51.0,27.0,25.0,37.0,57.0,20.0,9.0,12.0,28.0,8.0,23.0,3.0,24.0,34.0,10.0,106.0,24.0,33.0,4.0,33.0,4.0,117.0,167.0
2927,201801,6,18.0,25.0,5.0,7.0,2.0,31.0,4.0,28.0,2.0,45.0,19.0,23.0,9.0,17.0,11.0,16.0,10.0,5.0,3.0,3.0,2.0,9.0,4.0,11.0,9.0,3.0,65.0,5.0,9.0,3.0,13.0,5.0,29.0,5.0
2928,201801,7,8.0,37.0,8.0,22.0,1.0,48.0,12.0,13.0,14.0,20.0,17.0,16.0,9.0,13.0,127.0,28.0,4.0,7.0,27.0,18.0,5.0,17.0,46.0,21.0,22.0,29.0,39.0,10.0,12.0,7.0,12.0,3.0,28.0,5.0
2929,201801,8,67.0,17.0,6.0,12.0,10.0,63.0,41.0,37.0,1.0,68.0,13.0,26.0,13.0,10.0,41.0,69.0,6.0,5.0,22.0,13.0,0.0,38.0,10.0,21.0,48.0,18.0,25.0,20.0,23.0,4.0,7.0,0.0,61.0,60.0
2930,201801,9,6.0,15.0,15.0,9.0,1.0,29.0,11.0,13.0,1.0,51.0,9.0,5.0,9.0,3.0,11.0,18.0,6.0,3.0,20.0,29.0,42.0,40.0,10.0,15.0,24.0,16.0,11.0,4.0,13.0,10.0,1.0,6.0,14.0,11.0
2931,201801,10,3.0,11.0,6.0,14.0,2.0,12.0,9.0,0.0,0.0,0.0,12.0,6.0,4.0,29.0,22.0,15.0,1.0,2.0,28.0,9.0,9.0,16.0,4.0,10.0,9.0,12.0,5.0,3.0,2.0,1.0,1.0,1.0,0.0,8.0
2932,201801,11,4.0,81.0,8.0,33.0,7.0,8.0,23.0,5.0,2.0,8.0,31.0,11.0,7.0,11.0,23.0,5.0,2.0,5.0,25.0,8.0,4.0,14.0,7.0,16.0,11.0,16.0,4.0,2.0,9.0,4.0,1.0,4.0,0.0,4.0
2933,201801,12,65.0,21.0,21.0,23.0,13.0,112.0,23.0,44.0,5.0,105.0,23.0,47.0,15.0,19.0,59.0,113.0,14.0,7.0,35.0,22.0,7.0,23.0,10.0,189.0,100.0,31.0,43.0,17.0,31.0,10.0,25.0,4.0,103.0,113.0
2934,201801,13,9.0,3.0,6.0,2.0,2.0,53.0,5.0,10.0,2.0,14.0,10.0,10.0,1.0,1.0,3.0,46.0,4.0,1.0,3.0,2.0,0.0,12.0,1.0,52.0,30.0,4.0,7.0,5.0,5.0,11.0,5.0,7.0,17.0,7.0
2935,201801,14,3.0,4.0,2.0,7.0,1.0,10.0,16.0,2.0,0.0,4.0,8.0,3.0,5.0,0.0,2.0,7.0,0.0,0.0,2.0,1.0,1.0,3.0,0.0,8.0,9.0,5.0,4.0,2.0,3.0,0.0,1.0,2.0,0.0,2.0
2936,201801,15,9.0,42.0,13.0,17.0,4.0,22.0,12.0,4.0,4.0,7.0,24.0,6.0,13.0,13.0,86.0,28.0,8.0,2.0,32.0,8.0,1.0,12.0,9.0,31.0,29.0,21.0,10.0,7.0,11.0,5.0,7.0,13.0,6.0,3.0
2937,201801,16,19.0,174.0,37.0,19.0,28.0,17.0,12.0,16.0,0.0,29.0,553.0,25.0,147.0,22.0,27.0,50.0,13.0,124.0,18.0,25.0,10.0,16.0,15.0,144.0,49.0,37.0,39.0,17.0,19.0,9.0,17.0,1.0,10.0,26.0
2938,201801,17,27.0,79.0,24.0,14.0,51.0,172.0,8.0,35.0,1.0,111.0,270.0,377.0,404.0,13.0,39.0,62.0,28.0,21.0,19.0,21.0,7.0,23.0,4.0,74.0,73.0,33.0,77.0,22.0,139.0,4.0,42.0,8.0,21.0,73.0
2939,201801,18,18.0,9.0,5.0,10.0,17.0,43.0,6.0,16.0,2.0,49.0,30.0,201.0,116.0,4.0,11.0,31.0,6.0,13.0,12.0,19.0,3.0,18.0,7.0,23.0,35.0,19.0,37.0,11.0,98.0,9.0,11.0,5.0,9.0,27.0
2940,201801,19,1.0,9.0,6.0,0.0,1.0,9.0,2.0,1.0,4.0,12.0,7.0,5.0,3.0,1.0,5.0,2.0,0.0,0.0,3.0,13.0,1.0,7.0,2.0,6.0,10.0,7.0,3.0,1.0,11.0,3.0,4.0,7.0,1.0,4.0
2941,201801,20,2.0,6.0,5.0,1.0,0.0,1.0,2.0,1.0,1.0,3.0,11.0,2.0,2.0,5.0,2.0,1.0,0.0,5.0,0.0,0.0,1.0,1.0,1.0,6.0,3.0,1.0,1.0,3.0,1.0,0.0,0.0,3.0,0.0,2.0
2942,201801,21,4.0,46.0,18.0,34.0,4.0,3.0,8.0,6.0,6.0,10.0,23.0,5.0,14.0,154.0,39.0,28.0,1.0,3.0,57.0,15.0,7.0,20.0,12.0,18.0,15.0,10.0,5.0,3.0,1.0,5.0,3.0,4.0,0.0,2.0
2943,201801,22,16.0,18.0,14.0,392.0,2.0,13.0,14.0,11.0,9.0,14.0,15.0,6.0,18.0,26.0,57.0,37.0,8.0,5.0,66.0,12.0,4.0,12.0,11.0,21.0,23.0,26.0,4.0,7.0,10.0,6.0,5.0,0.0,5.0,7.0
2944,201801,23,14.0,6.0,6.0,91.0,4.0,33.0,10.0,8.0,4.0,12.0,4.0,7.0,8.0,4.0,14.0,35.0,3.0,2.0,7.0,13.0,2.0,15.0,9.0,8.0,13.0,12.0,5.0,4.0,11.0,1.0,2.0,3.0,8.0,21.0
2945,201801,24,1.0,1.0,2.0,6.0,0.0,5.0,5.0,1.0,0.0,3.0,1.0,2.0,2.0,2.0,2.0,15.0,0.0,2.0,3.0,11.0,2.0,19.0,1.0,1.0,10.0,1.0,2.0,3.0,2.0,0.0,0.0,3.0,0.0,3.0
2946,201801,25,2.0,1.0,1.0,5.0,3.0,5.0,8.0,2.0,3.0,4.0,2.0,4.0,1.0,1.0,1.0,8.0,0.0,3.0,1.0,4.0,0.0,5.0,5.0,5.0,11.0,0.0,2.0,3.0,0.0,1.0,0.0,2.0,0.0,0.0
2947,201801,26,1.0,3.0,3.0,1.0,0.0,4.0,1.0,1.0,4.0,3.0,1.0,1.0,3.0,1.0,1.0,1.0,0.0,1.0,1.0,2.0,1.0,1.0,1.0,7.0,4.0,3.0,3.0,2.0,0.0,1.0,0.0,1.0,0.0,2.0
2948,201801,27,0.0,0.0,2.0,1.0,1.0,0.0,1.0,1.0,5.0,1.0,2.0,1.0,0.0,0.0,1.0,1.0,1.0,1.0,1.0,2.0,0.0,0.0,3.0,1.0,1.0,2.0,2.0,1.0,0.0,1.0,0.0,2.0,1.0,1.0
2949,201801,28,3.0,1.0,1.0,2.0,1.0,6.0,6.0,2.0,11.0,2.0,0.0,7.0,0.0,1.0,4.0,1.0,1.0,2.0,0.0,1.0,1.0,5.0,2.0,6.0,3.0,1.0,5.0,0.0,3.0,0.0,0.0,2.0,0.0,0.0
2950,201801,29,1.0,1.0,3.0,1.0,0.0,13.0,12.0,4.0,4.0,5.0,2.0,0.0,1.0,0.0,4.0,9.0,5.0,1.0,2.0,5.0,2.0,4.0,4.0,5.0,7.0,3.0,8.0,0.0,2.0,0.0,3.0,2.0,2.0,2.0
2951,201801,30,1.0,4.0,4.0,1.0,1.0,20.0,0.0,4.0,0.0,6.0,2.0,4.0,4.0,2.0,0.0,14.0,4.0,0.0,0.0,11.0,0.0,11.0,1.0,6.0,7.0,3.0,5.0,1.0,3.0,2.0,3.0,6.0,1.0,15.0
2952,201801,31,4.0,4.0,0.0,2.0,1.0,7.0,1.0,6.0,2.0,7.0,1.0,1.0,2.0,5.0,3.0,4.0,1.0,3.0,1.0,8.0,0.0,5.0,2.0,1.0,6.0,2.0,5.0,1.0,0.0,2.0,1.0,0.0,1.0,0.0
2953,201802,1,1.0,8.0,2.0,6.0,4.0,9.0,3.0,1.0,5.0,6.0,0.0,4.0,2.0,2.0,4.0,9.0,3.0,3.0,2.0,8.0,2.0,9.0,1.0,6.0,4.0,11.0,3.0,1.0,1.0,1.0,1.0,4.0,2.0,2.0
2954,201802,2,4.0,4.0,3.0,3.0,2.0,21.0,5.0,9.0,9.0,11.0,1.0,6.0,1.0,2.0,6.0,22.0,1.0,0.0,1.0,3.0,4.0,3.0,0.0,6.0,13.0,5.0,5.0,2.0,10.0,0.0,1.0,14.0,1.0,35.0
2955,201802,3,2.0,4.0,0.0,1.0,2.0,4.0,1.0,6.0,3.0,2.0,7.0,3.0,1.0,0.0,3.0,5.0,0.0,1.0,1.0,4.0,0.0,4.0,2.0,1.0,1.0,1.0,2.0,1.0,4.0,0.0,0.0,0.0,0.0,0.0
2956,201802,4,27.0,9.0,1.0,24.0,4.0,31.0,5.0,25.0,5.0,46.0,8.0,90.0,11.0,12.0,204.0,42.0,6.0,3.0,13.0,6.0,1.0,6.0,2.0,23.0,33.0,21.0,23.0,4.0,21.0,1.0,0.0,3.0,1.0,14.0
2957,201802,5,9.0,15.0,10.0,41.0,7.0,29.0,6.0,7.0,3.0,19.0,6.0,18.0,10.0,9.0,304.0,36.0,7.0,6.0,34.0,14.0,2.0,11.0,10.0,23.0,41.0,28.0,11.0,7.0,14.0,6.0,1.0,15.0,0.0,13.0
2958,201802,6,5.0,31.0,3.0,8.0,1.0,8.0,1.0,6.0,3.0,8.0,13.0,6.0,3.0,15.0,23.0,5.0,2.0,4.0,12.0,21.0,5.0,12.0,5.0,15.0,8.0,11.0,7.0,2.0,5.0,1.0,1.0,17.0,0.0,4.0
2959,201802,7,129.0,24.0,7.0,7.0,10.0,215.0,4.0,54.0,6.0,77.0,24.0,29.0,25.0,7.0,32.0,72.0,14.0,6.0,26.0,25.0,2.0,16.0,4.0,27.0,88.0,17.0,35.0,37.0,31.0,2.0,22.0,2.0,53.0,90.0
2960,201802,8,10.0,15.0,14.0,22.0,5.0,31.0,9.0,5.0,6.0,5.0,4.0,9.0,8.0,10.0,87.0,17.0,7.0,8.0,28.0,17.0,5.0,14.0,4.0,14.0,16.0,12.0,8.0,9.0,5.0,4.0,4.0,0.0,2.0,10.0
2961,201802,9,30.0,20.0,23.0,85.0,7.0,50.0,2.0,19.0,7.0,31.0,14.0,27.0,34.0,38.0,584.0,263.0,9.0,8.0,206.0,23.0,13.0,20.0,6.0,38.0,83.0,61.0,22.0,15.0,19.0,8.0,8.0,0.0,3.0,36.0
2962,201802,10,8.0,14.0,5.0,11.0,1.0,9.0,0.0,8.0,4.0,9.0,7.0,18.0,9.0,54.0,50.0,30.0,0.0,1.0,29.0,6.0,0.0,2.0,0.0,13.0,12.0,14.0,9.0,3.0,7.0,1.0,0.0,0.0,0.0,2.0
2963,201802,11,70.0,59.0,10.0,35.0,8.0,45.0,1.0,32.0,1.0,32.0,24.0,31.0,22.0,21.0,126.0,172.0,14.0,5.0,150.0,9.0,12.0,7.0,10.0,28.0,45.0,55.0,21.0,12.0,20.0,2.0,7.0,3.0,22.0,30.0
2964,201802,12,9.0,6.0,7.0,3.0,0.0,22.0,6.0,1.0,3.0,6.0,7.0,1.0,4.0,23.0,4.0,16.0,1.0,3.0,11.0,8.0,0.0,6.0,4.0,8.0,8.0,12.0,4.0,7.0,4.0,0.0,5.0,3.0,3.0,7.0
2965,201802,13,2.0,4.0,6.0,2.0,2.0,2.0,1.0,3.0,3.0,1.0,2.0,4.0,2.0,3.0,4.0,3.0,2.0,2.0,2.0,12.0,2.0,10.0,2.0,2.0,9.0,5.0,3.0,2.0,0.0,1.0,1.0,0.0,1.0,1.0
2966,201802,14,2.0,16.0,5.0,1.0,2.0,8.0,9.0,4.0,4.0,3.0,3.0,8.0,2.0,2.0,13.0,7.0,1.0,2.0,7.0,6.0,1.0,6.0,3.0,5.0,16.0,4.0,3.0,3.0,1.0,0.0,1.0,14.0,2.0,1.0
2967,201802,15,12.0,10.0,10.0,9.0,2.0,21.0,2.0,17.0,3.0,8.0,15.0,7.0,15.0,43.0,40.0,93.0,2.0,3.0,161.0,7.0,5.0,9.0,1.0,8.0,31.0,13.0,5.0,7.0,8.0,4.0,2.0,13.0,1.0,10.0
2968,201802,16,4.0,10.0,4.0,4.0,0.0,9.0,3.0,7.0,4.0,15.0,6.0,2.0,5.0,3.0,4.0,14.0,0.0,1.0,0.0,4.0,0.0,1.0,0.0,1.0,6.0,1.0,1.0,1.0,3.0,0.0,2.0,2.0,2.0,1.0
2969,201802,17,25.0,5.0,3.0,1.0,3.0,9.0,3.0,9.0,2.0,7.0,3.0,15.0,2.0,3.0,5.0,3.0,3.0,0.0,8.0,4.0,3.0,0.0,2.0,9.0,7.0,4.0,13.0,6.0,9.0,3.0,11.0,1.0,10.0,5.0
2970,201802,18,9.0,5.0,5.0,4.0,1.0,47.0,2.0,5.0,5.0,10.0,4.0,10.0,1.0,4.0,5.0,4.0,4.0,3.0,0.0,8.0,2.0,7.0,2.0,8.0,6.0,5.0,5.0,3.0,8.0,4.0,0.0,5.0,0.0,8.0
2971,201802,19,4.0,36.0,10.0,43.0,2.0,8.0,5.0,8.0,5.0,9.0,6.0,7.0,2.0,68.0,32.0,15.0,3.0,3.0,17.0,8.0,0.0,5.0,4.0,8.0,15.0,6.0,4.0,3.0,4.0,3.0,0.0,2.0,2.0,5.0
2972,201802,20,16.0,254.0,25.0,54.0,8.0,18.0,12.0,14.0,6.0,28.0,31.0,32.0,25.0,43.0,29.0,23.0,1.0,22.0,25.0,19.0,3.0,11.0,5.0,27.0,27.0,76.0,12.0,8.0,27.0,1.0,3.0,4.0,5.0,14.0
2973,201802,21,5.0,127.0,21.0,2.0,6.0,11.0,11.0,5.0,2.0,16.0,53.0,15.0,6.0,14.0,9.0,15.0,2.0,13.0,17.0,12.0,6.0,11.0,2.0,22.0,12.0,31.0,8.0,3.0,5.0,8.0,1.0,1.0,2.0,11.0
2974,201802,22,17.0,85.0,21.0,22.0,1.0,8.0,9.0,12.0,3.0,14.0,9.0,14.0,2.0,15.0,12.0,17.0,2.0,5.0,2.0,3.0,1.0,7.0,12.0,18.0,13.0,44.0,4.0,1.0,7.0,2.0,1.0,4.0,0.0,10.0
2975,201802,23,11.0,21.0,16.0,8.0,2.0,8.0,8.0,15.0,2.0,7.0,7.0,10.0,3.0,11.0,7.0,8.0,2.0,4.0,4.0,7.0,1.0,2.0,7.0,1.0,15.0,4.0,4.0,3.0,2.0,2.0,2.0,1.0,0.0,4.0
2976,201802,24,6.0,31.0,8.0,52.0,3.0,4.0,13.0,4.0,5.0,12.0,7.0,9.0,4.0,10.0,12.0,5.0,3.0,4.0,3.0,5.0,2.0,6.0,10.0,13.0,6.0,7.0,2.0,2.0,4.0,2.0,0.0,1.0,0.0,2.0
2977,201802,25,7.0,13.0,6.0,20.0,2.0,8.0,6.0,12.0,5.0,2.0,11.0,4.0,0.0,2.0,9.0,11.0,1.0,1.0,5.0,2.0,0.0,4.0,5.0,11.0,11.0,3.0,6.0,0.0,5.0,1.0,2.0,2.0,1.0,4.0
2978,201802,26,2.0,5.0,8.0,1.0,0.0,2.0,5.0,2.0,14.0,1.0,6.0,3.0,0.0,1.0,1.0,0.0,0.0,4.0,1.0,9.0,0.0,13.0,5.0,5.0,10.0,0.0,1.0,2.0,0.0,1.0,1.0,2.0,0.0,1.0
2979,201802,27,0.0,31.0,18.0,2.0,1.0,3.0,2.0,1.0,3.0,3.0,10.0,3.0,1.0,6.0,2.0,2.0,3.0,10.0,1.0,21.0,7.0,18.0,2.0,5.0,6.0,2.0,2.0,2.0,1.0,4.0,0.0,3.0,0.0,1.0
2980,201802,28,3.0,47.0,8.0,4.0,0.0,3.0,2.0,0.0,1.0,0.0,2.0,3.0,3.0,2.0,5.0,2.0,0.0,1.0,1.0,16.0,3.0,13.0,1.0,6.0,9.0,5.0,4.0,0.0,0.0,4.0,0.0,15.0,0.0,2.0
2981,201803,1,12.0,16.0,12.0,11.0,3.0,18.0,13.0,14.0,5.0,13.0,7.0,18.0,5.0,7.0,22.0,93.0,3.0,1.0,10.0,42.0,7.0,109.0,17.0,8.0,12.0,10.0,6.0,6.0,5.0,9.0,4.0,2.0,7.0,6.0
2982,201803,2,254.0,71.0,25.0,41.0,39.0,439.0,23.0,295.0,2.0,389.0,44.0,157.0,108.0,20.0,125.0,232.0,71.0,9.0,27.0,43.0,15.0,38.0,12.0,58.0,124.0,42.0,103.0,69.0,161.0,8.0,79.0,2.0,184.0,395.0
2983,201803,3,38.0,13.0,10.0,1.0,4.0,137.0,5.0,66.0,1.0,55.0,5.0,31.0,6.0,13.0,7.0,29.0,8.0,3.0,2.0,14.0,3.0,10.0,7.0,13.0,11.0,7.0,23.0,12.0,22.0,3.0,13.0,1.0,29.0,38.0
2984,201803,4,6.0,10.0,3.0,4.0,2.0,5.0,1.0,2.0,0.0,9.0,2.0,8.0,3.0,42.0,1.0,6.0,4.0,2.0,0.0,4.0,1.0,5.0,9.0,7.0,6.0,7.0,3.0,0.0,7.0,0.0,1.0,1.0,0.0,3.0
2985,201803,5,8.0,9.0,8.0,145.0,1.0,9.0,4.0,7.0,3.0,11.0,3.0,3.0,2.0,64.0,67.0,14.0,1.0,4.0,26.0,8.0,6.0,4.0,7.0,9.0,20.0,15.0,1.0,4.0,4.0,2.0,0.0,0.0,5.0,7.0
2986,201803,6,8.0,5.0,4.0,32.0,4.0,17.0,3.0,9.0,0.0,5.0,3.0,4.0,4.0,6.0,8.0,13.0,2.0,3.0,11.0,12.0,5.0,12.0,6.0,7.0,17.0,6.0,4.0,4.0,5.0,2.0,2.0,6.0,1.0,3.0
2987,201803,7,354.0,44.0,12.0,25.0,26.0,341.0,10.0,246.0,4.0,128.0,36.0,80.0,57.0,25.0,91.0,163.0,46.0,12.0,33.0,29.0,10.0,24.0,4.0,47.0,112.0,36.0,101.0,39.0,79.0,10.0,91.0,2.0,205.0,382.0
2988,201803,8,50.0,9.0,2.0,4.0,5.0,232.0,4.0,22.0,6.0,13.0,4.0,3.0,3.0,3.0,3.0,23.0,7.0,4.0,3.0,9.0,3.0,6.0,2.0,4.0,13.0,2.0,18.0,8.0,13.0,2.0,7.0,1.0,22.0,73.0
2989,201803,9,5.0,1.0,1.0,8.0,0.0,14.0,3.0,2.0,3.0,2.0,3.0,1.0,0.0,0.0,6.0,14.0,0.0,0.0,1.0,2.0,1.0,6.0,3.0,1.0,5.0,1.0,5.0,3.0,1.0,0.0,4.0,1.0,6.0,3.0
2990,201803,10,0.0,1.0,3.0,1.0,0.0,1.0,2.0,0.0,0.0,0.0,1.0,0.0,0.0,2.0,4.0,0.0,0.0,0.0,0.0,5.0,0.0,2.0,0.0,3.0,1.0,2.0,1.0,0.0,0.0,1.0,1.0,1.0,0.0,0.0
2991,201803,11,1.0,4.0,4.0,1.0,2.0,5.0,2.0,1.0,1.0,1.0,2.0,0.0,0.0,1.0,12.0,1.0,2.0,1.0,0.0,0.0,0.0,3.0,0.0,15.0,7.0,2.0,2.0,0.0,3.0,0.0,2.0,8.0,1.0,3.0
2992,201803,12,17.0,9.0,9.0,2.0,7.0,8.0,5.0,16.0,0.0,18.0,8.0,24.0,7.0,9.0,29.0,16.0,12.0,4.0,8.0,24.0,4.0,36.0,1.0,7.0,15.0,11.0,12.0,15.0,10.0,5.0,8.0,5.0,9.0,14.0
2993,201803,13,46.0,15.0,7.0,10.0,19.0,731.0,12.0,57.0,4.0,82.0,10.0,41.0,24.0,12.0,72.0,65.0,22.0,4.0,17.0,26.0,5.0,32.0,2.0,18.0,41.0,16.0,48.0,47.0,37.0,7.0,31.0,5.0,40.0,135.0
2994,201803,14,7.0,3.0,4.0,2.0,1.0,186.0,5.0,12.0,4.0,4.0,1.0,2.0,5.0,3.0,9.0,17.0,1.0,1.0,3.0,11.0,0.0,19.0,1.0,4.0,11.0,4.0,6.0,11.0,3.0,2.0,2.0,8.0,4.0,4.0
2995,201803,15,4.0,6.0,4.0,0.0,1.0,9.0,7.0,4.0,3.0,1.0,3.0,4.0,0.0,10.0,3.0,4.0,1.0,2.0,0.0,14.0,1.0,31.0,4.0,5.0,5.0,4.0,5.0,1.0,1.0,4.0,0.0,3.0,1.0,1.0
2996,201803,16,2.0,3.0,8.0,7.0,0.0,6.0,5.0,1.0,4.0,2.0,2.0,1.0,1.0,13.0,9.0,1.0,2.0,4.0,2.0,9.0,2.0,23.0,6.0,2.0,3.0,3.0,0.0,2.0,2.0,3.0,1.0,3.0,0.0,1.0
2997,201803,17,0.0,0.0,3.0,2.0,1.0,1.0,6.0,3.0,1.0,1.0,3.0,0.0,0.0,3.0,2.0,1.0,0.0,1.0,2.0,5.0,1.0,5.0,5.0,7.0,1.0,2.0,1.0,2.0,1.0,1.0,0.0,4.0,0.0,0.0
2998,201803,18,2.0,4.0,8.0,1.0,2.0,4.0,5.0,0.0,1.0,1.0,5.0,2.0,2.0,14.0,1.0,2.0,3.0,0.0,0.0,4.0,0.0,5.0,2.0,5.0,2.0,2.0,3.0,2.0,5.0,0.0,2.0,3.0,1.0,1.0
2999,201803,19,3.0,2.0,0.0,6.0,4.0,5.0,13.0,2.0,1.0,2.0,2.0,1.0,4.0,5.0,5.0,5.0,3.0,2.0,5.0,11.0,2.0,6.0,2.0,21.0,4.0,9.0,5.0,2.0,3.0,3.0,3.0,0.0,1.0,0.0
3000,201803,20,18.0,22.0,9.0,12.0,13.0,83.0,14.0,134.0,7.0,152.0,23.0,35.0,21.0,8.0,31.0,58.0,12.0,6.0,17.0,38.0,8.0,77.0,7.0,25.0,54.0,18.0,43.0,60.0,27.0,11.0,21.0,8.0,7.0,7.0
3001,201803,21,449.0,70.0,35.0,37.0,43.0,408.0,29.0,345.0,6.0,378.0,76.0,124.0,101.0,41.0,144.0,241.0,83.0,25.0,43.0,72.0,19.0,121.0,15.0,75.0,170.0,55.0,168.0,222.0,251.0,21.0,111.0,6.0,228.0,478.0
3002,201803,22,92.0,6.0,9.0,13.0,8.0,162.0,8.0,42.0,2.0,35.0,5.0,8.0,10.0,6.0,7.0,31.0,7.0,6.0,9.0,38.0,3.0,50.0,8.0,14.0,26.0,7.0,15.0,19.0,21.0,10.0,5.0,16.0,62.0,127.0
3003,201803,23,1.0,2.0,0.0,10.0,0.0,8.0,4.0,8.0,0.0,11.0,2.0,4.0,1.0,18.0,0.0,4.0,1.0,0.0,0.0,7.0,1.0,6.0,0.0,4.0,4.0,1.0,3.0,2.0,1.0,3.0,0.0,8.0,1.0,1.0
3004,201803,24,0.0,5.0,2.0,7.0,3.0,2.0,2.0,0.0,0.0,0.0,0.0,7.0,1.0,6.0,14.0,2.0,2.0,0.0,5.0,7.0,3.0,4.0,0.0,4.0,21.0,1.0,6.0,1.0,8.0,0.0,3.0,3.0,0.0,2.0
3005,201803,25,4.0,2.0,2.0,6.0,2.0,8.0,3.0,2.0,1.0,2.0,0.0,0.0,1.0,3.0,8.0,5.0,3.0,0.0,0.0,2.0,0.0,3.0,3.0,7.0,5.0,2.0,2.0,0.0,4.0,0.0,0.0,4.0,1.0,1.0
3006,201803,26,0.0,2.0,0.0,2.0,1.0,2.0,3.0,2.0,7.0,2.0,1.0,1.0,0.0,5.0,2.0,2.0,0.0,0.0,0.0,7.0,1.0,4.0,0.0,5.0,7.0,2.0,1.0,1.0,1.0,1.0,0.0,2.0,0.0,2.0
3007,201803,27,3.0,211.0,17.0,11.0,6.0,6.0,5.0,5.0,3.0,2.0,16.0,3.0,5.0,9.0,18.0,9.0,6.0,8.0,5.0,25.0,2.0,14.0,5.0,17.0,18.0,21.0,6.0,3.0,4.0,5.0,5.0,2.0,2.0,5.0
3008,201803,28,3.0,24.0,7.0,3.0,2.0,5.0,3.0,6.0,1.0,2.0,91.0,11.0,5.0,7.0,13.0,17.0,3.0,9.0,2.0,14.0,3.0,10.0,3.0,13.0,20.0,8.0,2.0,1.0,2.0,1.0,3.0,2.0,0.0,2.0
3009,201803,29,7.0,5.0,5.0,1.0,2.0,10.0,0.0,1.0,5.0,5.0,16.0,2.0,3.0,5.0,2.0,7.0,2.0,3.0,2.0,6.0,2.0,7.0,2.0,5.0,14.0,7.0,1.0,3.0,3.0,2.0,0.0,3.0,1.0,1.0
3010,201803,30,6.0,2.0,2.0,5.0,0.0,15.0,4.0,1.0,2.0,3.0,4.0,2.0,4.0,5.0,5.0,6.0,2.0,2.0,1.0,5.0,1.0,2.0,2.0,3.0,5.0,2.0,1.0,2.0,2.0,0.0,1.0,0.0,0.0,3.0
3011,201803,31,0.0,3.0,2.0,6.0,1.0,4.0,1.0,0.0,4.0,0.0,1.0,0.0,0.0,0.0,1.0,1.0,0.0,1.0,2.0,6.0,0.0,0.0,1.0,5.0,2.0,2.0,2.0,1.0,2.0,0.0,0.0,3.0,0.0,1.0
3012,201804,1,0.0,6.0,1.0,5.0,1.0,7.0,2.0,5.0,4.0,1.0,1.0,3.0,0.0,0.0,2.0,4.0,1.0,0.0,1.0,1.0,0.0,3.0,3.0,4.0,6.0,8.0,4.0,0.0,6.0,0.0,1.0,1.0,1.0,2.0
3013,201804,2,51.0,9.0,0.0,4.0,4.0,40.0,2.0,5.0,4.0,21.0,2.0,9.0,8.0,16.0,9.0,29.0,6.0,0.0,8.0,2.0,0.0,5.0,7.0,14.0,28.0,10.0,11.0,5.0,15.0,1.0,4.0,5.0,22.0,119.0
3014,201804,3,33.0,25.0,5.0,37.0,1.0,20.0,3.0,33.0,1.0,16.0,8.0,8.0,4.0,12.0,36.0,23.0,4.0,1.0,4.0,15.0,1.0,14.0,2.0,8.0,43.0,4.0,3.0,5.0,4.0,2.0,1.0,0.0,3.0,2.0
3015,201804,4,94.0,14.0,7.0,11.0,4.0,81.0,4.0,60.0,1.0,54.0,14.0,21.0,14.0,4.0,24.0,112.0,5.0,2.0,8.0,16.0,4.0,14.0,5.0,20.0,47.0,15.0,13.0,9.0,26.0,1.0,1.0,12.0,13.0,107.0
3016,201804,5,8.0,3.0,0.0,3.0,1.0,11.0,1.0,7.0,0.0,4.0,3.0,3.0,4.0,3.0,6.0,17.0,2.0,0.0,1.0,6.0,2.0,4.0,2.0,5.0,2.0,3.0,10.0,3.0,2.0,1.0,1.0,14.0,2.0,5.0
3017,201804,6,0.0,69.0,8.0,5.0,3.0,17.0,18.0,4.0,1.0,4.0,10.0,3.0,1.0,16.0,3.0,9.0,0.0,4.0,2.0,35.0,3.0,106.0,8.0,10.0,5.0,11.0,0.0,3.0,4.0,7.0,0.0,11.0,1.0,2.0
3018,201804,7,1.0,8.0,5.0,1.0,3.0,2.0,4.0,1.0,1.0,5.0,2.0,1.0,2.0,8.0,2.0,4.0,1.0,2.0,2.0,7.0,3.0,8.0,3.0,1.0,5.0,7.0,2.0,1.0,0.0,2.0,1.0,6.0,0.0,0.0
3019,201804,8,1.0,1.0,1.0,7.0,0.0,4.0,1.0,1.0,0.0,0.0,0.0,3.0,0.0,3.0,2.0,3.0,1.0,1.0,0.0,2.0,1.0,4.0,2.0,6.0,1.0,4.0,0.0,6.0,1.0,1.0,0.0,1.0,0.0,2.0
3020,201804,9,2.0,3.0,1.0,3.0,2.0,4.0,4.0,2.0,1.0,3.0,2.0,1.0,1.0,0.0,3.0,3.0,3.0,0.0,1.0,6.0,0.0,7.0,0.0,4.0,3.0,3.0,3.0,3.0,1.0,2.0,2.0,2.0,2.0,0.0
3021,201804,10,4.0,3.0,6.0,0.0,9.0,10.0,1.0,2.0,3.0,2.0,6.0,1.0,9.0,2.0,1.0,7.0,3.0,1.0,1.0,15.0,2.0,14.0,0.0,9.0,8.0,1.0,24.0,5.0,4.0,5.0,19.0,2.0,1.0,3.0
3022,201804,11,3.0,0.0,5.0,0.0,1.0,3.0,2.0,2.0,0.0,3.0,0.0,0.0,1.0,2.0,0.0,4.0,0.0,0.0,0.0,7.0,1.0,6.0,0.0,2.0,9.0,0.0,1.0,0.0,3.0,0.0,0.0,0.0,0.0,0.0
3023,201804,12,4.0,1.0,5.0,4.0,0.0,6.0,2.0,3.0,0.0,4.0,2.0,3.0,4.0,14.0,4.0,1.0,3.0,2.0,1.0,7.0,0.0,8.0,4.0,5.0,4.0,1.0,1.0,0.0,2.0,2.0,1.0,0.0,1.0,1.0
3024,201804,13,4.0,90.0,10.0,19.0,1.0,2.0,1.0,2.0,0.0,2.0,8.0,1.0,2.0,15.0,12.0,4.0,1.0,6.0,4.0,4.0,2.0,1.0,3.0,13.0,3.0,8.0,3.0,1.0,2.0,0.0,2.0,4.0,1.0,3.0
3025,201804,14,7.0,29.0,18.0,329.0,6.0,16.0,10.0,14.0,1.0,9.0,26.0,20.0,17.0,23.0,78.0,37.0,6.0,10.0,19.0,10.0,10.0,8.0,9.0,13.0,13.0,15.0,11.0,7.0,8.0,7.0,7.0,5.0,9.0,4.0
3026,201804,15,31.0,13.0,7.0,241.0,9.0,41.0,7.0,38.0,0.0,26.0,12.0,146.0,35.0,13.0,121.0,93.0,11.0,5.0,31.0,11.0,3.0,6.0,5.0,20.0,22.0,12.0,24.0,11.0,29.0,1.0,7.0,10.0,9.0,22.0
3027,201804,16,86.0,15.0,4.0,29.0,7.0,101.0,6.0,43.0,3.0,72.0,11.0,26.0,11.0,2.0,36.0,73.0,7.0,2.0,7.0,11.0,4.0,18.0,10.0,17.0,35.0,13.0,24.0,12.0,30.0,11.0,18.0,0.0,102.0,156.0
3028,201804,17,5.0,12.0,10.0,6.0,2.0,24.0,4.0,19.0,0.0,4.0,6.0,3.0,2.0,77.0,12.0,8.0,1.0,0.0,7.0,16.0,8.0,13.0,12.0,6.0,16.0,12.0,5.0,4.0,7.0,4.0,3.0,2.0,1.0,3.0
3029,201804,18,3.0,7.0,5.0,29.0,2.0,4.0,4.0,3.0,0.0,5.0,2.0,3.0,2.0,7.0,25.0,5.0,3.0,2.0,20.0,9.0,3.0,11.0,2.0,6.0,9.0,12.0,4.0,5.0,3.0,1.0,2.0,6.0,0.0,3.0
3030,201804,19,4.0,14.0,16.0,3.0,3.0,5.0,6.0,2.0,0.0,3.0,8.0,1.0,1.0,3.0,5.0,8.0,2.0,1.0,3.0,13.0,0.0,12.0,2.0,5.0,4.0,4.0,4.0,2.0,0.0,1.0,1.0,6.0,0.0,1.0
3031,201804,20,2.0,7.0,8.0,2.0,1.0,6.0,2.0,1.0,0.0,2.0,8.0,1.0,1.0,4.0,2.0,2.0,1.0,1.0,2.0,3.0,3.0,2.0,6.0,2.0,3.0,3.0,5.0,0.0,0.0,0.0,1.0,1.0,1.0,1.0
3032,201804,21,2.0,27.0,2.0,1.0,3.0,2.0,2.0,1.0,0.0,1.0,6.0,1.0,0.0,4.0,7.0,1.0,1.0,2.0,4.0,3.0,1.0,3.0,0.0,4.0,8.0,7.0,5.0,5.0,1.0,0.0,2.0,1.0,0.0,3.0
3033,201804,22,2.0,9.0,9.0,1.0,1.0,2.0,0.0,2.0,2.0,1.0,6.0,0.0,1.0,1.0,1.0,4.0,1.0,1.0,8.0,2.0,3.0,4.0,0.0,8.0,3.0,5.0,2.0,1.0,1.0,4.0,0.0,5.0,0.0,3.0
3034,201804,23,3.0,14.0,16.0,3.0,3.0,7.0,3.0,1.0,4.0,4.0,9.0,4.0,9.0,4.0,1.0,4.0,2.0,2.0,19.0,10.0,6.0,9.0,0.0,5.0,4.0,9.0,11.0,1.0,4.0,2.0,3.0,3.0,1.0,4.0
3035,201804,24,4.0,17.0,15.0,0.0,4.0,6.0,7.0,1.0,3.0,6.0,7.0,6.0,6.0,7.0,1.0,1.0,0.0,2.0,4.0,12.0,3.0,22.0,3.0,6.0,12.0,7.0,6.0,1.0,5.0,4.0,3.0,1.0,1.0,0.0
3036,201804,25,38.0,5.0,5.0,1.0,2.0,49.0,7.0,12.0,1.0,20.0,2.0,10.0,4.0,1.0,7.0,17.0,4.0,2.0,2.0,13.0,7.0,16.0,4.0,8.0,14.0,7.0,10.0,5.0,14.0,7.0,6.0,4.0,37.0,31.0
3037,201804,26,3.0,6.0,6.0,3.0,0.0,19.0,2.0,1.0,0.0,3.0,3.0,3.0,2.0,1.0,5.0,3.0,4.0,0.0,1.0,6.0,3.0,9.0,1.0,5.0,7.0,3.0,2.0,1.0,2.0,1.0,0.0,1.0,2.0,2.0
3038,201804,27,12.0,6.0,0.0,0.0,2.0,6.0,2.0,10.0,2.0,7.0,2.0,10.0,4.0,3.0,2.0,8.0,2.0,0.0,0.0,1.0,1.0,3.0,3.0,5.0,8.0,5.0,2.0,0.0,5.0,0.0,2.0,4.0,1.0,7.0
3039,201804,28,3.0,3.0,1.0,0.0,4.0,3.0,0.0,6.0,1.0,0.0,1.0,2.0,2.0,1.0,0.0,3.0,0.0,0.0,2.0,1.0,0.0,2.0,0.0,3.0,2.0,3.0,1.0,2.0,7.0,0.0,1.0,1.0,7.0,1.0
3040,201804,29,1.0,4.0,2.0,2.0,0.0,5.0,0.0,4.0,2.0,4.0,3.0,0.0,1.0,3.0,3.0,1.0,0.0,1.0,1.0,5.0,1.0,5.0,0.0,7.0,3.0,3.0,1.0,1.0,3.0,1.0,1.0,2.0,2.0,0.0
3041,201804,30,1.0,3.0,1.0,2.0,3.0,5.0,1.0,4.0,0.0,2.0,1.0,3.0,1.0,2.0,1.0,2.0,0.0,1.0,0.0,6.0,1.0,3.0,0.0,5.0,4.0,2.0,3.0,1.0,2.0,3.0,1.0,0.0,4.0,4.0
3042,201805,1,2.0,2.0,7.0,0.0,3.0,6.0,5.0,2.0,7.0,4.0,3.0,3.0,1.0,2.0,1.0,4.0,0.0,1.0,0.0,13.0,5.0,9.0,2.0,5.0,14.0,3.0,2.0,2.0,2.0,1.0,1.0,0.0,1.0,1.0
3043,201805,2,3.0,17.0,10.0,12.0,2.0,19.0,8.0,5.0,1.0,11.0,9.0,7.0,7.0,8.0,188.0,16.0,4.0,3.0,27.0,12.0,4.0,9.0,3.0,10.0,27.0,13.0,9.0,2.0,7.0,4.0,3.0,1.0,2.0,3.0
3044,201805,3,15.0,134.0,16.0,36.0,3.0,25.0,4.0,7.0,2.0,10.0,39.0,9.0,9.0,8.0,129.0,31.0,5.0,19.0,30.0,13.0,7.0,17.0,4.0,24.0,22.0,41.0,7.0,4.0,12.0,6.0,1.0,6.0,2.0,6.0
3045,201805,4,3.0,30.0,5.0,3.0,4.0,6.0,4.0,6.0,1.0,11.0,6.0,12.0,4.0,2.0,2.0,11.0,4.0,4.0,2.0,5.0,2.0,2.0,1.0,5.0,9.0,4.0,4.0,0.0,6.0,0.0,0.0,13.0,2.0,4.0
3046,201805,5,0.0,8.0,0.0,2.0,0.0,4.0,5.0,2.0,1.0,1.0,3.0,3.0,0.0,0.0,3.0,6.0,1.0,0.0,0.0,3.0,2.0,1.0,1.0,1.0,3.0,1.0,2.0,1.0,3.0,0.0,1.0,5.0,2.0,0.0
3047,201805,6,4.0,8.0,6.0,1.0,0.0,10.0,1.0,12.0,5.0,2.0,2.0,7.0,1.0,2.0,11.0,4.0,1.0,1.0,3.0,4.0,2.0,5.0,0.0,10.0,4.0,4.0,3.0,3.0,9.0,0.0,0.0,1.0,2.0,1.0
3048,201805,7,0.0,17.0,4.0,3.0,1.0,7.0,1.0,5.0,2.0,2.0,6.0,5.0,2.0,1.0,4.0,4.0,0.0,3.0,1.0,8.0,2.0,10.0,0.0,4.0,4.0,4.0,1.0,5.0,6.0,1.0,0.0,0.0,0.0,2.0
3049,201805,8,2.0,17.0,4.0,1.0,0.0,13.0,3.0,4.0,1.0,4.0,6.0,2.0,1.0,4.0,2.0,7.0,0.0,2.0,1.0,13.0,3.0,11.0,3.0,8.0,14.0,3.0,1.0,1.0,0.0,3.0,0.0,2.0,3.0,5.0
3050,201805,9,4.0,17.0,5.0,4.0,1.0,14.0,6.0,4.0,0.0,10.0,5.0,2.0,1.0,5.0,67.0,11.0,0.0,0.0,12.0,9.0,4.0,14.0,5.0,3.0,15.0,6.0,5.0,3.0,5.0,2.0,1.0,2.0,1.0,7.0
3051,201805,10,46.0,11.0,4.0,3.0,1.0,28.0,1.0,29.0,3.0,34.0,6.0,16.0,5.0,4.0,8.0,22.0,7.0,1.0,6.0,5.0,2.0,6.0,2.0,9.0,36.0,7.0,11.0,12.0,21.0,2.0,3.0,2.0,15.0,42.0
3052,201805,11,3.0,13.0,4.0,4.0,2.0,13.0,3.0,2.0,1.0,8.0,9.0,12.0,5.0,3.0,7.0,12.0,7.0,2.0,0.0,1.0,2.0,3.0,1.0,7.0,11.0,7.0,8.0,2.0,8.0,1.0,1.0,1.0,1.0,11.0
3053,201805,12,10.0,4.0,0.0,0.0,1.0,4.0,1.0,4.0,2.0,4.0,3.0,0.0,1.0,0.0,5.0,7.0,0.0,0.0,0.0,2.0,1.0,4.0,1.0,3.0,9.0,3.0,1.0,5.0,8.0,0.0,0.0,0.0,2.0,7.0
3054,201805,13,3.0,8.0,2.0,4.0,1.0,12.0,1.0,34.0,0.0,11.0,4.0,1.0,2.0,9.0,9.0,17.0,3.0,6.0,6.0,3.0,2.0,2.0,1.0,5.0,16.0,8.0,3.0,15.0,6.0,3.0,0.0,0.0,3.0,7.0
3055,201805,14,10.0,17.0,11.0,25.0,5.0,34.0,6.0,10.0,2.0,54.0,6.0,12.0,14.0,28.0,300.0,52.0,8.0,6.0,52.0,15.0,2.0,17.0,4.0,15.0,50.0,24.0,12.0,33.0,34.0,7.0,6.0,2.0,7.0,20.0
3056,201805,15,127.0,26.0,13.0,22.0,13.0,136.0,8.0,90.0,4.0,122.0,25.0,47.0,35.0,18.0,70.0,95.0,17.0,8.0,21.0,19.0,7.0,12.0,3.0,29.0,73.0,23.0,49.0,82.0,95.0,9.0,22.0,5.0,57.0,112.0
3057,201805,16,21.0,18.0,3.0,14.0,7.0,66.0,8.0,45.0,3.0,54.0,11.0,32.0,9.0,11.0,16.0,26.0,28.0,4.0,5.0,18.0,6.0,24.0,5.0,13.0,28.0,13.0,29.0,15.0,32.0,7.0,18.0,2.0,29.0,44.0
3058,201805,17,5.0,15.0,4.0,1.0,3.0,16.0,5.0,30.0,5.0,19.0,5.0,9.0,4.0,4.0,0.0,8.0,4.0,1.0,2.0,9.0,1.0,20.0,2.0,10.0,13.0,0.0,11.0,7.0,7.0,3.0,2.0,2.0,1.0,5.0
3059,201805,18,4.0,4.0,7.0,1.0,2.0,9.0,10.0,24.0,3.0,5.0,3.0,7.0,1.0,26.0,6.0,3.0,0.0,0.0,2.0,18.0,5.0,46.0,7.0,4.0,8.0,3.0,7.0,5.0,4.0,6.0,2.0,1.0,1.0,5.0
3060,201805,19,4.0,6.0,2.0,0.0,0.0,9.0,6.0,7.0,2.0,4.0,3.0,8.0,3.0,2.0,5.0,1.0,0.0,0.0,0.0,12.0,0.0,24.0,2.0,2.0,15.0,3.0,4.0,0.0,5.0,5.0,5.0,4.0,2.0,2.0
3061,201805,20,2.0,85.0,10.0,5.0,1.0,14.0,6.0,5.0,1.0,4.0,52.0,22.0,3.0,4.0,11.0,4.0,0.0,9.0,2.0,12.0,2.0,45.0,3.0,13.0,10.0,12.0,11.0,3.0,12.0,9.0,3.0,2.0,2.0,2.0
3062,201805,21,3.0,24.0,5.0,6.0,2.0,6.0,2.0,8.0,2.0,3.0,18.0,6.0,4.0,2.0,41.0,5.0,4.0,4.0,4.0,6.0,3.0,9.0,3.0,7.0,27.0,8.0,7.0,2.0,8.0,2.0,4.0,9.0,0.0,6.0
3063,201805,22,29.0,12.0,4.0,2.0,4.0,16.0,5.0,27.0,0.0,45.0,3.0,6.0,4.0,2.0,8.0,15.0,1.0,3.0,13.0,8.0,0.0,18.0,3.0,12.0,21.0,5.0,6.0,9.0,11.0,4.0,1.0,1.0,1.0,8.0
3064,201805,23,2.0,4.0,0.0,1.0,1.0,10.0,5.0,2.0,4.0,4.0,5.0,4.0,6.0,0.0,1.0,11.0,0.0,2.0,1.0,10.0,0.0,10.0,2.0,7.0,4.0,3.0,4.0,1.0,6.0,1.0,1.0,6.0,2.0,4.0
3065,201805,24,1.0,5.0,0.0,0.0,0.0,4.0,1.0,3.0,1.0,3.0,0.0,1.0,2.0,1.0,0.0,2.0,0.0,1.0,0.0,8.0,1.0,9.0,0.0,4.0,2.0,1.0,3.0,2.0,0.0,1.0,1.0,8.0,0.0,1.0
3066,201805,25,0.0,10.0,1.0,0.0,5.0,5.0,2.0,3.0,2.0,5.0,5.0,5.0,2.0,3.0,4.0,2.0,0.0,1.0,2.0,3.0,1.0,10.0,1.0,0.0,2.0,0.0,8.0,6.0,3.0,1.0,8.0,11.0,0.0,0.0
3067,201805,26,4.0,3.0,0.0,0.0,0.0,1.0,2.0,4.0,0.0,2.0,3.0,2.0,3.0,0.0,2.0,2.0,11.0,0.0,0.0,0.0,1.0,0.0,1.0,10.0,2.0,1.0,2.0,0.0,3.0,0.0,1.0,10.0,2.0,0.0
3068,201805,27,5.0,3.0,2.0,1.0,3.0,15.0,2.0,3.0,0.0,7.0,0.0,8.0,4.0,1.0,4.0,6.0,16.0,0.0,1.0,2.0,1.0,1.0,0.0,7.0,5.0,3.0,6.0,27.0,5.0,0.0,0.0,0.0,2.0,2.0
3069,201805,28,0.0,5.0,3.0,1.0,8.0,2.0,2.0,0.0,0.0,2.0,1.0,6.0,1.0,13.0,5.0,3.0,1.0,1.0,0.0,3.0,1.0,4.0,3.0,4.0,3.0,4.0,3.0,1.0,1.0,0.0,0.0,5.0,0.0,1.0
3070,201805,29,2.0,2.0,1.0,22.0,4.0,3.0,3.0,0.0,0.0,2.0,2.0,16.0,3.0,1.0,5.0,3.0,0.0,0.0,3.0,8.0,0.0,5.0,0.0,5.0,11.0,4.0,4.0,0.0,3.0,0.0,1.0,0.0,0.0,2.0
3071,201805,30,8.0,8.0,7.0,25.0,3.0,19.0,4.0,7.0,0.0,7.0,4.0,8.0,6.0,3.0,174.0,26.0,5.0,4.0,20.0,18.0,3.0,29.0,2.0,14.0,34.0,12.0,7.0,4.0,2.0,6.0,1.0,2.0,3.0,8.0
3072,201805,31,40.0,22.0,7.0,10.0,4.0,42.0,6.0,34.0,2.0,77.0,5.0,84.0,14.0,3.0,23.0,28.0,7.0,5.0,11.0,12.0,5.0,18.0,2.0,21.0,36.0,8.0,23.0,37.0,40.0,7.0,1.0,0.0,6.0,11.0
3073,201806,1,6.0,16.0,2.0,5.0,4.0,26.0,4.0,18.0,2.0,40.0,9.0,32.0,34.0,5.0,13.0,16.0,5.0,8.0,7.0,6.0,3.0,11.0,3.0,17.0,18.0,11.0,16.0,26.0,14.0,4.0,3.0,5.0,7.0,15.0
3074,201806,2,7.0,16.0,6.0,4.0,6.0,30.0,3.0,48.0,4.0,34.0,8.0,20.0,5.0,4.0,11.0,14.0,2.0,3.0,4.0,6.0,1.0,2.0,0.0,13.0,15.0,5.0,23.0,38.0,31.0,4.0,4.0,3.0,2.0,2.0
3075,201806,3,7.0,17.0,7.0,3.0,8.0,20.0,1.0,40.0,2.0,26.0,4.0,14.0,7.0,9.0,15.0,8.0,2.0,6.0,3.0,1.0,1.0,4.0,1.0,16.0,12.0,3.0,11.0,23.0,13.0,2.0,5.0,0.0,1.0,6.0
3076,201806,4,0.0,67.0,6.0,1.0,3.0,13.0,1.0,4.0,0.0,11.0,6.0,3.0,4.0,8.0,5.0,2.0,3.0,8.0,3.0,9.0,2.0,9.0,1.0,11.0,10.0,5.0,9.0,2.0,3.0,1.0,0.0,13.0,2.0,7.0
3077,201806,5,2.0,6.0,6.0,3.0,1.0,6.0,4.0,5.0,1.0,2.0,5.0,4.0,1.0,2.0,5.0,4.0,2.0,1.0,2.0,4.0,0.0,5.0,4.0,9.0,10.0,2.0,2.0,0.0,2.0,3.0,3.0,10.0,0.0,3.0
3078,201806,6,0.0,6.0,3.0,1.0,3.0,6.0,6.0,3.0,3.0,3.0,4.0,2.0,2.0,1.0,4.0,1.0,1.0,4.0,1.0,9.0,5.0,13.0,6.0,4.0,10.0,1.0,1.0,1.0,1.0,3.0,0.0,14.0,0.0,3.0
3079,201806,7,4.0,117.0,15.0,4.0,2.0,2.0,2.0,6.0,2.0,3.0,12.0,4.0,4.0,10.0,2.0,3.0,2.0,8.0,1.0,14.0,3.0,13.0,1.0,8.0,4.0,6.0,7.0,1.0,0.0,6.0,6.0,3.0,2.0,1.0
3080,201806,8,5.0,52.0,15.0,14.0,3.0,12.0,5.0,11.0,2.0,11.0,11.0,3.0,5.0,4.0,52.0,12.0,3.0,6.0,6.0,15.0,6.0,14.0,3.0,7.0,12.0,5.0,7.0,2.0,5.0,1.0,3.0,5.0,1.0,4.0
3081,201806,9,2.0,13.0,2.0,13.0,3.0,11.0,5.0,7.0,3.0,20.0,3.0,7.0,4.0,5.0,73.0,14.0,6.0,1.0,7.0,4.0,1.0,5.0,3.0,5.0,11.0,9.0,7.0,8.0,10.0,1.0,1.0,1.0,2.0,4.0
3082,201806,10,4.0,19.0,3.0,22.0,3.0,21.0,4.0,10.0,6.0,20.0,9.0,9.0,7.0,9.0,125.0,24.0,2.0,1.0,55.0,8.0,3.0,8.0,5.0,22.0,25.0,10.0,12.0,19.0,22.0,2.0,2.0,2.0,3.0,14.0
3083,201806,11,4.0,14.0,5.0,10.0,4.0,17.0,9.0,6.0,7.0,11.0,5.0,15.0,9.0,4.0,30.0,19.0,2.0,5.0,9.0,11.0,1.0,12.0,4.0,8.0,10.0,5.0,6.0,5.0,8.0,0.0,4.0,3.0,2.0,3.0
3084,201806,12,8.0,21.0,3.0,10.0,2.0,10.0,3.0,4.0,8.0,5.0,7.0,4.0,0.0,1.0,8.0,0.0,1.0,2.0,5.0,6.0,1.0,5.0,2.0,11.0,19.0,8.0,0.0,2.0,5.0,4.0,2.0,4.0,0.0,0.0
3085,201806,13,6.0,16.0,8.0,0.0,1.0,9.0,7.0,3.0,3.0,4.0,9.0,3.0,1.0,5.0,4.0,5.0,1.0,5.0,1.0,15.0,9.0,13.0,4.0,3.0,14.0,2.0,3.0,2.0,3.0,2.0,1.0,0.0,2.0,1.0
3086,201806,14,13.0,21.0,6.0,6.0,4.0,19.0,6.0,16.0,4.0,37.0,12.0,137.0,16.0,2.0,12.0,8.0,2.0,2.0,0.0,2.0,1.0,11.0,6.0,11.0,28.0,8.0,20.0,0.0,10.0,1.0,6.0,2.0,1.0,2.0
3087,201806,15,11.0,38.0,3.0,10.0,12.0,31.0,6.0,27.0,1.0,64.0,13.0,223.0,31.0,5.0,17.0,25.0,6.0,3.0,7.0,2.0,1.0,3.0,2.0,23.0,60.0,9.0,41.0,2.0,24.0,1.0,11.0,4.0,0.0,4.0
3088,201806,16,6.0,22.0,6.0,4.0,4.0,14.0,1.0,5.0,1.0,16.0,7.0,61.0,6.0,1.0,22.0,13.0,5.0,2.0,2.0,2.0,1.0,2.0,4.0,8.0,17.0,10.0,12.0,1.0,18.0,1.0,6.0,6.0,1.0,3.0
3089,201806,17,10.0,16.0,4.0,11.0,10.0,24.0,4.0,16.0,2.0,51.0,28.0,202.0,23.0,3.0,26.0,24.0,1.0,2.0,6.0,5.0,5.0,11.0,0.0,19.0,33.0,4.0,33.0,3.0,17.0,2.0,2.0,8.0,1.0,5.0
3090,201806,18,40.0,19.0,8.0,27.0,9.0,38.0,8.0,42.0,4.0,77.0,12.0,318.0,29.0,5.0,188.0,42.0,1.0,5.0,48.0,8.0,9.0,18.0,2.0,25.0,66.0,16.0,48.0,8.0,34.0,1.0,6.0,2.0,1.0,12.0
3091,201806,19,45.0,34.0,14.0,56.0,15.0,78.0,8.0,50.0,0.0,126.0,18.0,258.0,43.0,57.0,390.0,80.0,4.0,10.0,68.0,18.0,9.0,26.0,9.0,51.0,120.0,44.0,58.0,13.0,59.0,7.0,16.0,6.0,13.0,34.0
3092,201806,20,15.0,23.0,4.0,13.0,9.0,44.0,10.0,26.0,2.0,90.0,24.0,143.0,23.0,5.0,48.0,41.0,5.0,8.0,8.0,16.0,4.0,13.0,5.0,25.0,57.0,16.0,35.0,37.0,43.0,6.0,10.0,19.0,6.0,13.0
3093,201806,21,6.0,24.0,7.0,13.0,5.0,15.0,14.0,4.0,1.0,22.0,9.0,26.0,9.0,6.0,72.0,15.0,0.0,6.0,13.0,15.0,7.0,12.0,1.0,14.0,25.0,11.0,10.0,2.0,10.0,3.0,8.0,8.0,4.0,4.0
3094,201806,22,3.0,21.0,10.0,7.0,3.0,9.0,12.0,14.0,3.0,12.0,2.0,10.0,4.0,19.0,33.0,11.0,2.0,5.0,6.0,10.0,12.0,14.0,1.0,4.0,13.0,8.0,3.0,7.0,8.0,1.0,6.0,4.0,2.0,5.0
3095,201806,23,0.0,31.0,3.0,2.0,2.0,10.0,2.0,2.0,9.0,3.0,6.0,4.0,3.0,5.0,12.0,6.0,5.0,1.0,0.0,3.0,3.0,3.0,2.0,8.0,7.0,1.0,5.0,3.0,4.0,0.0,1.0,6.0,2.0,2.0
3096,201806,24,47.0,28.0,7.0,8.0,16.0,27.0,4.0,46.0,0.0,17.0,9.0,12.0,4.0,32.0,19.0,39.0,11.0,0.0,5.0,0.0,6.0,10.0,6.0,18.0,15.0,15.0,23.0,5.0,9.0,3.0,3.0,7.0,33.0,34.0
3097,201806,25,7.0,12.0,6.0,5.0,5.0,15.0,12.0,6.0,2.0,13.0,2.0,32.0,23.0,16.0,8.0,15.0,8.0,5.0,2.0,17.0,5.0,26.0,5.0,9.0,11.0,5.0,11.0,3.0,7.0,3.0,3.0,4.0,2.0,8.0
3098,201806,26,13.0,19.0,7.0,56.0,6.0,26.0,11.0,10.0,4.0,19.0,9.0,30.0,18.0,15.0,419.0,49.0,1.0,6.0,66.0,15.0,4.0,20.0,4.0,31.0,66.0,40.0,16.0,6.0,10.0,1.0,5.0,2.0,3.0,19.0
3099,201806,27,9.0,1.0,6.0,6.0,5.0,21.0,1.0,10.0,4.0,5.0,5.0,16.0,9.0,1.0,17.0,9.0,7.0,2.0,6.0,11.0,8.0,16.0,3.0,11.0,11.0,5.0,8.0,29.0,6.0,3.0,6.0,2.0,0.0,8.0
3100,201806,28,15.0,8.0,4.0,6.0,11.0,50.0,5.0,8.0,0.0,26.0,13.0,17.0,94.0,17.0,17.0,25.0,6.0,2.0,10.0,13.0,11.0,12.0,2.0,13.0,17.0,10.0,20.0,5.0,18.0,6.0,5.0,3.0,23.0,58.0
3101,201806,29,1.0,6.0,5.0,10.0,2.0,21.0,4.0,7.0,1.0,9.0,4.0,13.0,7.0,8.0,17.0,10.0,5.0,6.0,3.0,7.0,11.0,16.0,1.0,8.0,9.0,10.0,11.0,3.0,8.0,2.0,2.0,0.0,5.0,14.0
3102,201806,30,3.0,8.0,1.0,4.0,0.0,1.0,3.0,1.0,2.0,2.0,2.0,5.0,1.0,9.0,18.0,5.0,4.0,0.0,0.0,4.0,3.0,7.0,1.0,5.0,4.0,2.0,2.0,1.0,9.0,0.0,2.0,6.0,1.0,0.0
3103,201807,1,9.0,15.0,1.0,26.0,1.0,8.0,8.0,8.0,1.0,8.0,5.0,8.0,5.0,2.0,128.0,14.0,6.0,3.0,9.0,4.0,5.0,10.0,2.0,8.0,24.0,6.0,7.0,2.0,6.0,2.0,1.0,2.0,1.0,2.0
3104,201807,2,24.0,9.0,5.0,6.0,4.0,18.0,4.0,45.0,0.0,8.0,7.0,8.0,6.0,3.0,18.0,20.0,3.0,8.0,5.0,9.0,9.0,17.0,1.0,9.0,9.0,2.0,6.0,7.0,5.0,3.0,4.0,3.0,1.0,8.0
3105,201807,3,66.0,5.0,0.0,5.0,3.0,23.0,1.0,8.0,2.0,8.0,4.0,7.0,5.0,8.0,15.0,19.0,5.0,5.0,6.0,7.0,2.0,4.0,3.0,2.0,12.0,7.0,9.0,4.0,6.0,0.0,4.0,2.0,1.0,7.0
3106,201807,4,10.0,3.0,2.0,4.0,0.0,6.0,0.0,19.0,0.0,8.0,2.0,1.0,1.0,14.0,7.0,6.0,4.0,5.0,1.0,4.0,1.0,4.0,0.0,6.0,8.0,2.0,3.0,5.0,5.0,3.0,1.0,4.0,5.0,6.0
3107,201807,5,13.0,7.0,9.0,11.0,5.0,12.0,5.0,36.0,3.0,18.0,5.0,6.0,3.0,40.0,53.0,11.0,3.0,3.0,21.0,10.0,4.0,14.0,8.0,7.0,25.0,13.0,12.0,8.0,7.0,4.0,4.0,4.0,3.0,3.0
3108,201807,6,13.0,23.0,7.0,5.0,5.0,13.0,8.0,14.0,1.0,13.0,11.0,58.0,11.0,22.0,5.0,13.0,3.0,5.0,10.0,13.0,6.0,15.0,1.0,7.0,17.0,3.0,16.0,8.0,9.0,1.0,6.0,0.0,3.0,9.0
3109,201807,7,3.0,10.0,2.0,1.0,1.0,2.0,4.0,0.0,1.0,3.0,2.0,3.0,1.0,22.0,11.0,4.0,0.0,5.0,1.0,5.0,0.0,3.0,1.0,7.0,4.0,2.0,1.0,1.0,2.0,2.0,0.0,2.0,0.0,1.0
3110,201807,8,1.0,12.0,2.0,2.0,0.0,9.0,5.0,3.0,3.0,4.0,2.0,3.0,0.0,19.0,5.0,3.0,1.0,2.0,1.0,6.0,5.0,3.0,1.0,16.0,7.0,3.0,6.0,0.0,1.0,1.0,1.0,3.0,1.0,2.0
3111,201807,9,1.0,37.0,21.0,6.0,5.0,7.0,10.0,8.0,2.0,3.0,13.0,2.0,1.0,22.0,7.0,4.0,1.0,9.0,2.0,10.0,24.0,13.0,2.0,6.0,5.0,6.0,2.0,0.0,5.0,4.0,2.0,3.0,0.0,5.0
3112,201807,10,0.0,42.0,25.0,3.0,5.0,11.0,13.0,8.0,3.0,5.0,6.0,4.0,3.0,22.0,7.0,6.0,4.0,5.0,2.0,16.0,12.0,12.0,2.0,13.0,8.0,5.0,5.0,4.0,4.0,4.0,1.0,2.0,0.0,8.0
3113,201807,11,3.0,11.0,8.0,4.0,2.0,5.0,9.0,3.0,1.0,2.0,3.0,4.0,2.0,8.0,5.0,3.0,9.0,1.0,4.0,10.0,8.0,17.0,4.0,4.0,8.0,4.0,6.0,3.0,2.0,3.0,1.0,13.0,0.0,2.0
3114,201807,12,4.0,191.0,19.0,17.0,8.0,10.0,4.0,8.0,2.0,8.0,16.0,12.0,8.0,18.0,5.0,7.0,3.0,15.0,3.0,15.0,16.0,11.0,2.0,18.0,17.0,15.0,15.0,5.0,7.0,5.0,4.0,5.0,0.0,4.0
3115,201807,13,1.0,21.0,12.0,5.0,4.0,5.0,1.0,1.0,0.0,6.0,5.0,8.0,3.0,19.0,11.0,6.0,1.0,6.0,1.0,11.0,5.0,12.0,4.0,12.0,7.0,4.0,5.0,2.0,5.0,1.0,3.0,2.0,1.0,4.0
3116,201807,14,1.0,3.0,2.0,1.0,2.0,0.0,5.0,1.0,0.0,3.0,1.0,4.0,4.0,18.0,6.0,2.0,1.0,2.0,3.0,6.0,4.0,6.0,0.0,4.0,1.0,5.0,2.0,3.0,6.0,2.0,1.0,2.0,1.0,1.0
3117,201807,15,122.0,15.0,6.0,12.0,2.0,45.0,6.0,36.0,0.0,42.0,14.0,33.0,9.0,37.0,20.0,55.0,8.0,7.0,9.0,15.0,5.0,14.0,4.0,24.0,34.0,15.0,28.0,25.0,24.0,3.0,9.0,0.0,56.0,69.0
3118,201807,16,48.0,13.0,3.0,12.0,3.0,24.0,3.0,12.0,2.0,16.0,7.0,18.0,9.0,8.0,71.0,19.0,0.0,1.0,7.0,8.0,1.0,10.0,1.0,15.0,22.0,8.0,8.0,10.0,7.0,1.0,5.0,5.0,6.0,5.0
3119,201807,17,161.0,26.0,14.0,16.0,9.0,153.0,11.0,113.0,0.0,96.0,18.0,36.0,28.0,25.0,46.0,93.0,10.0,7.0,27.0,18.0,10.0,18.0,8.0,27.0,64.0,25.0,47.0,79.0,47.0,6.0,24.0,5.0,102.0,168.0
3120,201807,18,14.0,12.0,5.0,2.0,3.0,24.0,7.0,6.0,0.0,13.0,4.0,6.0,4.0,9.0,6.0,13.0,3.0,2.0,8.0,16.0,3.0,16.0,2.0,5.0,10.0,5.0,8.0,3.0,7.0,1.0,4.0,2.0,3.0,9.0
3121,201807,19,2.0,22.0,8.0,2.0,2.0,12.0,12.0,4.0,2.0,6.0,7.0,4.0,3.0,0.0,10.0,4.0,6.0,4.0,2.0,5.0,5.0,9.0,3.0,4.0,8.0,7.0,13.0,5.0,3.0,3.0,1.0,1.0,1.0,4.0
3122,201807,20,4.0,15.0,7.0,12.0,4.0,15.0,12.0,9.0,2.0,9.0,8.0,15.0,12.0,14.0,51.0,18.0,4.0,1.0,9.0,9.0,3.0,8.0,1.0,4.0,20.0,2.0,18.0,15.0,5.0,0.0,4.0,1.0,0.0,9.0
3123,201807,21,3.0,14.0,3.0,0.0,4.0,8.0,0.0,3.0,1.0,8.0,3.0,3.0,5.0,6.0,10.0,6.0,3.0,1.0,2.0,5.0,4.0,11.0,2.0,10.0,8.0,2.0,8.0,3.0,7.0,0.0,3.0,0.0,3.0,0.0
3124,201807,22,57.0,10.0,12.0,9.0,9.0,49.0,7.0,58.0,0.0,44.0,5.0,40.0,12.0,11.0,16.0,30.0,16.0,2.0,5.0,12.0,9.0,12.0,2.0,16.0,17.0,10.0,81.0,18.0,19.0,5.0,10.0,1.0,45.0,33.0
3125,201807,23,99.0,39.0,19.0,12.0,17.0,94.0,14.0,92.0,0.0,95.0,20.0,93.0,24.0,94.0,34.0,61.0,21.0,5.0,24.0,30.0,13.0,31.0,13.0,26.0,54.0,26.0,61.0,53.0,39.0,7.0,20.0,8.0,44.0,103.0
3126,201807,24,105.0,24.0,17.0,17.0,10.0,98.0,9.0,87.0,0.0,91.0,10.0,46.0,16.0,27.0,22.0,45.0,22.0,8.0,16.0,25.0,11.0,22.0,10.0,22.0,49.0,26.0,39.0,37.0,27.0,1.0,12.0,2.0,47.0,77.0
3127,201807,25,58.0,8.0,4.0,7.0,9.0,65.0,7.0,72.0,7.0,48.0,10.0,30.0,12.0,7.0,12.0,44.0,18.0,3.0,6.0,14.0,3.0,17.0,3.0,18.0,35.0,10.0,21.0,46.0,19.0,2.0,12.0,1.0,29.0,43.0
3128,201807,26,7.0,13.0,12.0,2.0,6.0,17.0,3.0,14.0,3.0,11.0,7.0,18.0,7.0,6.0,7.0,7.0,14.0,4.0,1.0,13.0,1.0,10.0,0.0,3.0,8.0,9.0,5.0,2.0,5.0,2.0,4.0,1.0,2.0,6.0
3129,201807,27,164.0,30.0,12.0,14.0,12.0,127.0,10.0,112.0,0.0,89.0,22.0,46.0,21.0,15.0,47.0,73.0,13.0,11.0,22.0,15.0,10.0,10.0,5.0,28.0,59.0,25.0,48.0,89.0,33.0,4.0,16.0,0.0,96.0,179.0
3130,201807,28,12.0,10.0,1.0,5.0,4.0,15.0,2.0,4.0,0.0,6.0,3.0,10.0,7.0,8.0,7.0,5.0,11.0,7.0,3.0,3.0,5.0,9.0,3.0,5.0,11.0,5.0,10.0,4.0,3.0,2.0,3.0,3.0,3.0,20.0
3131,201807,29,3.0,10.0,6.0,3.0,3.0,5.0,5.0,8.0,0.0,3.0,2.0,14.0,2.0,11.0,3.0,7.0,2.0,2.0,1.0,7.0,1.0,5.0,2.0,2.0,6.0,3.0,6.0,0.0,4.0,0.0,0.0,7.0,1.0,1.0
3132,201807,30,4.0,38.0,27.0,3.0,6.0,13.0,5.0,6.0,6.0,9.0,10.0,12.0,5.0,6.0,5.0,5.0,2.0,5.0,1.0,8.0,1.0,14.0,1.0,10.0,12.0,6.0,4.0,21.0,8.0,2.0,2.0,4.0,5.0,11.0
3133,201807,31,4.0,16.0,10.0,1.0,12.0,6.0,9.0,4.0,2.0,7.0,15.0,16.0,91.0,1.0,7.0,8.0,4.0,8.0,6.0,28.0,1.0,22.0,1.0,11.0,13.0,3.0,8.0,3.0,8.0,4.0,4.0,2.0,2.0,4.0
3134,201808,1,18.0,9.0,9.0,11.0,5.0,24.0,7.0,11.0,0.0,16.0,5.0,29.0,5.0,4.0,44.0,16.0,2.0,4.0,7.0,13.0,4.0,15.0,3.0,8.0,15.0,7.0,8.0,7.0,8.0,1.0,2.0,2.0,6.0,34.0
3135,201808,2,116.0,38.0,34.0,16.0,12.0,105.0,29.0,60.0,2.0,121.0,21.0,89.0,23.0,10.0,44.0,61.0,7.0,4.0,15.0,19.0,12.0,26.0,5.0,26.0,50.0,22.0,53.0,71.0,62.0,5.0,17.0,1.0,64.0,125.0
3136,201808,3,165.0,48.0,29.0,27.0,12.0,189.0,26.0,92.0,0.0,104.0,34.0,65.0,31.0,19.0,61.0,99.0,15.0,9.0,20.0,13.0,7.0,32.0,5.0,35.0,86.0,34.0,60.0,66.0,54.0,5.0,26.0,0.0,105.0,221.0
3137,201808,4,27.0,12.0,8.0,10.0,1.0,39.0,11.0,12.0,2.0,12.0,14.0,12.0,8.0,7.0,14.0,18.0,5.0,4.0,6.0,6.0,4.0,12.0,3.0,9.0,11.0,6.0,15.0,2.0,9.0,1.0,7.0,1.0,13.0,25.0
3138,201808,5,3.0,9.0,2.0,3.0,1.0,10.0,2.0,10.0,2.0,5.0,3.0,8.0,2.0,5.0,3.0,6.0,3.0,2.0,4.0,3.0,2.0,1.0,2.0,7.0,5.0,2.0,6.0,0.0,7.0,0.0,0.0,2.0,1.0,1.0
3139,201808,6,3.0,12.0,6.0,9.0,2.0,7.0,2.0,7.0,0.0,11.0,9.0,12.0,4.0,2.0,43.0,15.0,0.0,0.0,24.0,6.0,4.0,11.0,1.0,2.0,11.0,7.0,4.0,4.0,8.0,1.0,1.0,3.0,0.0,7.0
3140,201808,7,92.0,19.0,13.0,24.0,4.0,47.0,7.0,43.0,2.0,63.0,15.0,23.0,10.0,17.0,102.0,56.0,2.0,1.0,25.0,16.0,8.0,18.0,4.0,19.0,53.0,20.0,9.0,15.0,24.0,3.0,4.0,7.0,36.0,90.0
3141,201808,8,69.0,73.0,29.0,10.0,6.0,75.0,19.0,43.0,3.0,78.0,20.0,52.0,20.0,17.0,22.0,55.0,5.0,9.0,23.0,45.0,11.0,65.0,2.0,29.0,47.0,20.0,33.0,39.0,31.0,11.0,5.0,5.0,58.0,63.0
3142,201808,9,7.0,28.0,9.0,13.0,5.0,13.0,7.0,2.0,1.0,15.0,13.0,11.0,16.0,11.0,68.0,12.0,10.0,3.0,11.0,19.0,7.0,35.0,2.0,9.0,18.0,13.0,4.0,11.0,6.0,3.0,0.0,9.0,0.0,7.0
3143,201808,10,5.0,21.0,6.0,5.0,5.0,12.0,24.0,7.0,3.0,18.0,8.0,4.0,7.0,7.0,12.0,8.0,10.0,5.0,8.0,8.0,7.0,11.0,4.0,8.0,9.0,17.0,6.0,1.0,4.0,3.0,5.0,5.0,2.0,5.0
3144,201808,11,126.0,23.0,6.0,8.0,10.0,62.0,12.0,55.0,1.0,28.0,27.0,20.0,12.0,12.0,23.0,40.0,8.0,7.0,11.0,11.0,11.0,12.0,3.0,17.0,26.0,6.0,39.0,9.0,25.0,2.0,13.0,1.0,97.0,66.0
3145,201808,12,18.0,30.0,10.0,7.0,8.0,59.0,9.0,15.0,0.0,31.0,20.0,8.0,16.0,10.0,16.0,25.0,10.0,8.0,9.0,10.0,4.0,10.0,3.0,16.0,14.0,8.0,30.0,48.0,13.0,5.0,10.0,0.0,48.0,14.0
3146,201808,13,138.0,112.0,6.0,18.0,7.0,87.0,9.0,72.0,2.0,79.0,19.0,28.0,29.0,11.0,43.0,72.0,11.0,10.0,13.0,7.0,3.0,11.0,1.0,32.0,48.0,25.0,39.0,20.0,39.0,2.0,15.0,2.0,52.0,160.0
3147,201808,14,112.0,34.0,9.0,8.0,5.0,68.0,11.0,27.0,0.0,42.0,18.0,28.0,9.0,13.0,31.0,68.0,3.0,4.0,11.0,24.0,2.0,41.0,2.0,20.0,49.0,14.0,24.0,8.0,28.0,5.0,8.0,10.0,33.0,153.0
3148,201808,15,15.0,9.0,5.0,14.0,3.0,13.0,8.0,6.0,4.0,9.0,4.0,8.0,5.0,14.0,64.0,13.0,0.0,9.0,7.0,15.0,4.0,14.0,1.0,12.0,9.0,6.0,3.0,3.0,7.0,1.0,0.0,1.0,0.0,17.0
3149,201808,16,5.0,14.0,4.0,6.0,1.0,10.0,21.0,5.0,1.0,5.0,2.0,9.0,3.0,3.0,16.0,5.0,1.0,4.0,7.0,9.0,4.0,12.0,9.0,6.0,10.0,2.0,4.0,1.0,3.0,6.0,4.0,2.0,1.0,5.0
3150,201808,17,107.0,12.0,4.0,4.0,1.0,43.0,15.0,46.0,2.0,52.0,3.0,11.0,8.0,11.0,32.0,36.0,0.0,1.0,10.0,8.0,0.0,14.0,4.0,18.0,35.0,12.0,13.0,19.0,18.0,0.0,1.0,0.0,15.0,88.0
3151,201808,18,23.0,98.0,9.0,7.0,3.0,19.0,5.0,4.0,8.0,13.0,4.0,13.0,16.0,19.0,11.0,13.0,2.0,12.0,6.0,4.0,4.0,4.0,2.0,13.0,10.0,6.0,12.0,8.0,17.0,2.0,3.0,0.0,13.0,20.0
3152,201808,19,9.0,25.0,12.0,8.0,4.0,9.0,19.0,27.0,0.0,15.0,7.0,3.0,7.0,11.0,9.0,9.0,4.0,6.0,2.0,10.0,7.0,12.0,3.0,14.0,8.0,5.0,11.0,6.0,6.0,1.0,1.0,2.0,1.0,1.0
3153,201808,20,3.0,7.0,4.0,21.0,3.0,10.0,17.0,6.0,0.0,9.0,3.0,12.0,6.0,9.0,177.0,17.0,2.0,3.0,12.0,8.0,4.0,14.0,5.0,11.0,23.0,5.0,6.0,1.0,6.0,3.0,0.0,5.0,2.0,3.0
3154,201808,21,11.0,10.0,9.0,11.0,5.0,14.0,20.0,21.0,1.0,55.0,12.0,8.0,18.0,7.0,13.0,20.0,0.0,4.0,16.0,20.0,6.0,41.0,9.0,23.0,27.0,13.0,14.0,31.0,27.0,7.0,0.0,4.0,2.0,19.0
3155,201808,22,9.0,6.0,2.0,1.0,0.0,10.0,11.0,4.0,1.0,5.0,3.0,4.0,6.0,3.0,3.0,5.0,2.0,1.0,3.0,14.0,5.0,20.0,4.0,7.0,11.0,4.0,3.0,4.0,6.0,2.0,4.0,4.0,1.0,3.0
3156,201808,23,1.0,4.0,5.0,1.0,0.0,6.0,45.0,2.0,0.0,3.0,2.0,3.0,4.0,7.0,1.0,3.0,0.0,4.0,4.0,24.0,2.0,42.0,3.0,7.0,2.0,3.0,3.0,2.0,1.0,2.0,0.0,12.0,1.0,3.0
3157,201808,24,0.0,6.0,7.0,2.0,2.0,10.0,36.0,0.0,4.0,4.0,1.0,0.0,2.0,5.0,3.0,3.0,1.0,3.0,0.0,24.0,6.0,58.0,3.0,10.0,6.0,0.0,3.0,1.0,1.0,4.0,0.0,58.0,2.0,2.0
3158,201808,25,1.0,2.0,3.0,0.0,1.0,1.0,16.0,1.0,1.0,3.0,2.0,0.0,0.0,4.0,4.0,0.0,12.0,0.0,0.0,4.0,0.0,10.0,1.0,5.0,2.0,2.0,1.0,1.0,1.0,2.0,2.0,19.0,1.0,2.0
3159,201808,26,4.0,2.0,1.0,3.0,0.0,1.0,8.0,1.0,0.0,2.0,0.0,0.0,1.0,6.0,2.0,1.0,0.0,2.0,0.0,3.0,0.0,3.0,3.0,4.0,2.0,1.0,2.0,0.0,0.0,0.0,0.0,5.0,0.0,1.0
3160,201808,27,1.0,6.0,1.0,2.0,1.0,3.0,27.0,1.0,0.0,1.0,3.0,1.0,2.0,5.0,3.0,0.0,0.0,1.0,2.0,8.0,1.0,15.0,1.0,1.0,5.0,1.0,4.0,0.0,2.0,6.0,0.0,2.0,2.0,1.0
3161,201808,28,5.0,5.0,5.0,36.0,0.0,16.0,6.0,8.0,2.0,9.0,6.0,5.0,7.0,7.0,244.0,25.0,2.0,3.0,44.0,19.0,2.0,40.0,3.0,16.0,31.0,16.0,3.0,2.0,8.0,3.0,2.0,4.0,4.0,4.0
3162,201808,29,1.0,14.0,7.0,6.0,3.0,5.0,9.0,2.0,0.0,2.0,10.0,2.0,2.0,4.0,3.0,9.0,2.0,3.0,5.0,13.0,1.0,19.0,1.0,3.0,4.0,6.0,3.0,0.0,4.0,3.0,1.0,1.0,0.0,3.0
3163,201808,30,1.0,1.0,0.0,1.0,1.0,8.0,9.0,3.0,0.0,3.0,4.0,8.0,4.0,3.0,1.0,2.0,1.0,0.0,0.0,8.0,2.0,11.0,2.0,7.0,4.0,3.0,3.0,1.0,1.0,2.0,1.0,6.0,1.0,1.0
3164,201808,31,19.0,6.0,4.0,2.0,3.0,13.0,7.0,10.0,1.0,18.0,1.0,29.0,3.0,6.0,1.0,16.0,0.0,1.0,1.0,5.0,0.0,9.0,0.0,8.0,10.0,3.0,6.0,6.0,12.0,2.0,1.0,0.0,35.0,5.0
3165,201809,1,2.0,5.0,3.0,17.0,4.0,8.0,1.0,4.0,3.0,12.0,8.0,6.0,6.0,12.0,111.0,12.0,1.0,2.0,12.0,2.0,1.0,2.0,4.0,13.0,13.0,12.0,3.0,3.0,5.0,1.0,0.0,15.0,0.0,1.0
3166,201809,2,3.0,3.0,2.0,1.0,2.0,5.0,1.0,3.0,0.0,2.0,2.0,9.0,2.0,0.0,4.0,2.0,0.0,3.0,1.0,4.0,2.0,3.0,2.0,8.0,3.0,2.0,8.0,0.0,2.0,1.0,8.0,0.0,0.0,0.0
3167,201809,3,10.0,14.0,10.0,32.0,1.0,14.0,5.0,14.0,1.0,12.0,8.0,11.0,9.0,10.0,275.0,28.0,3.0,4.0,17.0,4.0,4.0,5.0,1.0,14.0,28.0,13.0,5.0,3.0,12.0,3.0,1.0,1.0,2.0,5.0
3168,201809,4,6.0,12.0,3.0,6.0,3.0,10.0,2.0,1.0,1.0,6.0,15.0,7.0,5.0,7.0,12.0,6.0,1.0,4.0,2.0,8.0,3.0,8.0,1.0,6.0,9.0,6.0,3.0,2.0,3.0,5.0,2.0,4.0,2.0,4.0
3169,201809,5,6.0,12.0,3.0,17.0,7.0,7.0,9.0,4.0,0.0,4.0,12.0,7.0,6.0,2.0,76.0,7.0,3.0,2.0,20.0,16.0,4.0,16.0,1.0,13.0,25.0,5.0,4.0,3.0,5.0,1.0,0.0,5.0,0.0,2.0
3170,201809,6,56.0,129.0,14.0,6.0,3.0,42.0,7.0,18.0,1.0,21.0,12.0,9.0,7.0,18.0,19.0,26.0,5.0,7.0,7.0,12.0,3.0,15.0,4.0,21.0,32.0,14.0,8.0,7.0,7.0,4.0,6.0,0.0,17.0,34.0
3171,201809,7,11.0,196.0,20.0,3.0,6.0,28.0,11.0,46.0,3.0,50.0,22.0,12.0,10.0,12.0,7.0,19.0,5.0,11.0,3.0,12.0,4.0,15.0,2.0,19.0,12.0,11.0,10.0,5.0,17.0,4.0,4.0,3.0,5.0,7.0
3172,201809,8,1.0,21.0,8.0,2.0,4.0,11.0,8.0,10.0,2.0,8.0,10.0,8.0,5.0,6.0,6.0,7.0,3.0,5.0,3.0,5.0,2.0,7.0,3.0,5.0,8.0,8.0,10.0,2.0,5.0,3.0,3.0,3.0,1.0,6.0
3173,201809,9,7.0,15.0,1.0,1.0,1.0,13.0,3.0,19.0,1.0,6.0,4.0,12.0,2.0,0.0,5.0,7.0,1.0,7.0,2.0,3.0,1.0,3.0,0.0,12.0,7.0,1.0,3.0,4.0,5.0,0.0,0.0,1.0,0.0,0.0
3174,201809,10,7.0,16.0,7.0,2.0,2.0,15.0,13.0,17.0,0.0,11.0,4.0,12.0,5.0,2.0,5.0,10.0,2.0,1.0,4.0,6.0,0.0,15.0,1.0,7.0,4.0,2.0,4.0,3.0,4.0,0.0,2.0,2.0,2.0,24.0
3175,201809,11,3.0,11.0,1.0,5.0,0.0,12.0,20.0,17.0,1.0,14.0,4.0,14.0,2.0,1.0,1.0,7.0,3.0,5.0,5.0,6.0,3.0,13.0,2.0,10.0,5.0,6.0,14.0,5.0,6.0,2.0,3.0,0.0,0.0,3.0
3176,201809,12,3.0,15.0,2.0,4.0,3.0,17.0,19.0,15.0,3.0,40.0,6.0,42.0,8.0,8.0,4.0,4.0,4.0,0.0,6.0,7.0,1.0,5.0,1.0,6.0,6.0,2.0,17.0,7.0,12.0,1.0,4.0,27.0,1.0,23.0
3177,201809,13,13.0,17.0,8.0,3.0,4.0,23.0,11.0,16.0,0.0,80.0,14.0,78.0,38.0,8.0,12.0,19.0,8.0,3.0,11.0,2.0,3.0,7.0,2.0,15.0,9.0,6.0,128.0,18.0,107.0,3.0,5.0,0.0,12.0,17.0
3178,201809,14,23.0,32.0,6.0,3.0,2.0,19.0,18.0,33.0,1.0,125.0,22.0,117.0,39.0,6.0,26.0,16.0,9.0,6.0,10.0,8.0,6.0,6.0,0.0,11.0,10.0,9.0,152.0,20.0,155.0,2.0,10.0,6.0,15.0,23.0
3179,201809,15,14.0,16.0,1.0,6.0,11.0,19.0,5.0,15.0,2.0,81.0,14.0,262.0,35.0,13.0,18.0,24.0,5.0,4.0,10.0,4.0,3.0,3.0,3.0,13.0,26.0,9.0,130.0,9.0,87.0,1.0,9.0,11.0,5.0,12.0
3180,201809,16,8.0,12.0,41.0,8.0,12.0,17.0,10.0,18.0,1.0,64.0,8.0,261.0,26.0,8.0,10.0,11.0,5.0,3.0,4.0,16.0,1.0,14.0,5.0,25.0,29.0,7.0,83.0,6.0,47.0,3.0,5.0,7.0,0.0,7.0
3181,201809,17,2.0,8.0,4.0,0.0,2.0,9.0,9.0,6.0,1.0,56.0,9.0,35.0,11.0,1.0,7.0,4.0,2.0,2.0,0.0,6.0,1.0,7.0,0.0,3.0,4.0,2.0,14.0,1.0,14.0,0.0,2.0,2.0,1.0,9.0
3182,201809,18,34.0,6.0,7.0,5.0,0.0,45.0,9.0,16.0,2.0,57.0,4.0,26.0,4.0,7.0,18.0,25.0,2.0,3.0,2.0,13.0,1.0,12.0,3.0,13.0,16.0,9.0,7.0,5.0,12.0,4.0,1.0,4.0,12.0,79.0
3183,201809,19,0.0,9.0,6.0,5.0,0.0,3.0,5.0,3.0,0.0,20.0,2.0,14.0,1.0,3.0,8.0,2.0,0.0,5.0,1.0,13.0,2.0,14.0,4.0,3.0,9.0,1.0,1.0,1.0,4.0,0.0,1.0,4.0,2.0,3.0
3184,201809,20,1.0,15.0,3.0,20.0,4.0,5.0,7.0,4.0,1.0,16.0,17.0,15.0,3.0,3.0,16.0,5.0,1.0,2.0,2.0,6.0,1.0,4.0,2.0,10.0,5.0,4.0,1.0,1.0,5.0,1.0,1.0,2.0,0.0,2.0
3185,201809,21,1.0,284.0,20.0,8.0,6.0,13.0,14.0,4.0,1.0,12.0,29.0,5.0,8.0,8.0,13.0,13.0,2.0,11.0,5.0,14.0,5.0,6.0,2.0,25.0,12.0,20.0,6.0,9.0,3.0,2.0,4.0,1.0,2.0,4.0
3186,201809,22,2.0,63.0,9.0,5.0,3.0,2.0,13.0,1.0,0.0,6.0,27.0,2.0,3.0,9.0,2.0,4.0,5.0,13.0,2.0,5.0,1.0,6.0,2.0,9.0,9.0,9.0,5.0,3.0,6.0,3.0,2.0,10.0,2.0,1.0
3187,201809,23,3.0,11.0,4.0,1.0,0.0,2.0,5.0,3.0,0.0,3.0,7.0,4.0,3.0,0.0,0.0,2.0,0.0,1.0,0.0,6.0,0.0,2.0,3.0,5.0,3.0,1.0,2.0,0.0,1.0,0.0,0.0,6.0,0.0,1.0
3188,201809,24,2.0,4.0,4.0,1.0,0.0,5.0,8.0,8.0,0.0,2.0,7.0,10.0,3.0,2.0,0.0,2.0,0.0,3.0,3.0,6.0,1.0,12.0,0.0,6.0,1.0,0.0,1.0,3.0,2.0,1.0,0.0,3.0,1.0,3.0
3189,201809,25,23.0,3.0,3.0,12.0,1.0,15.0,5.0,6.0,0.0,11.0,1.0,9.0,2.0,2.0,42.0,17.0,0.0,1.0,16.0,11.0,3.0,6.0,2.0,9.0,14.0,4.0,2.0,3.0,11.0,0.0,0.0,5.0,4.0,11.0
3190,201809,26,54.0,17.0,7.0,4.0,6.0,45.0,7.0,42.0,0.0,39.0,11.0,30.0,10.0,1.0,8.0,38.0,2.0,2.0,8.0,17.0,3.0,12.0,1.0,17.0,17.0,7.0,17.0,14.0,22.0,0.0,5.0,1.0,17.0,39.0
3191,201809,27,3.0,6.0,1.0,1.0,0.0,17.0,2.0,8.0,4.0,14.0,2.0,18.0,3.0,1.0,3.0,11.0,0.0,0.0,1.0,7.0,1.0,7.0,1.0,6.0,8.0,3.0,7.0,3.0,7.0,0.0,0.0,4.0,0.0,11.0
3192,201809,28,1.0,6.0,4.0,2.0,0.0,10.0,1.0,4.0,1.0,4.0,1.0,2.0,2.0,2.0,2.0,4.0,0.0,0.0,0.0,6.0,1.0,6.0,1.0,7.0,4.0,1.0,3.0,0.0,3.0,0.0,0.0,0.0,2.0,3.0
3193,201809,29,0.0,9.0,5.0,0.0,0.0,2.0,11.0,2.0,2.0,2.0,2.0,0.0,0.0,0.0,1.0,1.0,2.0,0.0,0.0,23.0,4.0,66.0,3.0,3.0,2.0,0.0,3.0,0.0,1.0,3.0,0.0,1.0,0.0,1.0
3194,201809,30,0.0,14.0,1.0,0.0,1.0,2.0,5.0,3.0,3.0,2.0,0.0,1.0,1.0,4.0,0.0,3.0,3.0,0.0,0.0,6.0,0.0,5.0,7.0,5.0,5.0,3.0,3.0,1.0,3.0,0.0,0.0,2.0,0.0,0.0
3195,201810,1,1.0,6.0,1.0,3.0,1.0,13.0,10.0,3.0,4.0,1.0,5.0,4.0,1.0,4.0,21.0,11.0,1.0,1.0,1.0,6.0,2.0,7.0,2.0,0.0,4.0,2.0,3.0,2.0,5.0,1.0,3.0,1.0,0.0,4.0
3196,201810,2,24.0,3.0,4.0,8.0,0.0,29.0,7.0,11.0,0.0,6.0,4.0,5.0,0.0,1.0,4.0,24.0,0.0,2.0,6.0,4.0,1.0,6.0,1.0,4.0,11.0,0.0,1.0,4.0,2.0,0.0,1.0,3.0,5.0,15.0
3197,201810,3,3.0,8.0,7.0,5.0,1.0,11.0,14.0,1.0,3.0,2.0,5.0,5.0,1.0,3.0,4.0,3.0,0.0,3.0,1.0,8.0,0.0,11.0,1.0,1.0,1.0,1.0,1.0,2.0,2.0,0.0,1.0,2.0,1.0,9.0
3198,201810,4,2.0,2.0,3.0,0.0,1.0,11.0,1.0,17.0,0.0,5.0,4.0,3.0,2.0,0.0,1.0,2.0,1.0,1.0,0.0,6.0,0.0,7.0,0.0,0.0,3.0,2.0,1.0,3.0,3.0,0.0,1.0,2.0,1.0,0.0
3199,201810,5,4.0,4.0,2.0,7.0,3.0,5.0,5.0,3.0,0.0,1.0,2.0,2.0,1.0,1.0,58.0,3.0,0.0,0.0,4.0,3.0,0.0,4.0,0.0,2.0,12.0,9.0,2.0,2.0,1.0,1.0,0.0,0.0,0.0,2.0
3200,201810,6,3.0,12.0,3.0,11.0,0.0,3.0,10.0,2.0,0.0,1.0,2.0,3.0,4.0,1.0,24.0,5.0,0.0,0.0,6.0,2.0,0.0,4.0,1.0,5.0,6.0,9.0,0.0,0.0,0.0,0.0,0.0,0.0,0.0,0.0
3201,201810,7,4.0,18.0,7.0,7.0,1.0,4.0,6.0,3.0,0.0,4.0,5.0,10.0,4.0,5.0,11.0,4.0,1.0,2.0,1.0,1.0,0.0,5.0,0.0,6.0,4.0,1.0,3.0,1.0,4.0,2.0,0.0,1.0,1.0,0.0
3202,201810,8,3.0,43.0,3.0,21.0,2.0,33.0,13.0,20.0,4.0,7.0,6.0,8.0,7.0,5.0,22.0,21.0,2.0,5.0,8.0,6.0,0.0,8.0,1.0,5.0,7.0,4.0,6.0,1.0,6.0,1.0,4.0,1.0,0.0,8.0
3203,201810,9,2.0,247.0,25.0,22.0,14.0,15.0,11.0,7.0,0.0,8.0,31.0,14.0,12.0,14.0,12.0,5.0,5.0,18.0,9.0,16.0,6.0,23.0,8.0,24.0,15.0,18.0,7.0,1.0,5.0,7.0,2.0,10.0,0.0,5.0
3204,201810,10,6.0,19.0,5.0,7.0,99.0,8.0,6.0,8.0,0.0,7.0,20.0,28.0,37.0,2.0,7.0,8.0,8.0,3.0,2.0,8.0,2.0,6.0,4.0,9.0,6.0,3.0,6.0,2.0,5.0,1.0,2.0,15.0,2.0,1.0
3205,201810,11,51.0,15.0,7.0,7.0,54.0,51.0,9.0,35.0,0.0,91.0,13.0,238.0,32.0,16.0,29.0,30.0,11.0,3.0,7.0,9.0,3.0,7.0,1.0,17.0,46.0,7.0,85.0,7.0,86.0,0.0,8.0,8.0,16.0,101.0
3206,201810,12,1.0,11.0,5.0,0.0,16.0,11.0,11.0,6.0,2.0,43.0,5.0,20.0,6.0,1.0,7.0,9.0,2.0,2.0,5.0,10.0,3.0,8.0,0.0,13.0,7.0,1.0,21.0,6.0,11.0,3.0,0.0,4.0,4.0,11.0
3207,201810,13,3.0,128.0,8.0,2.0,13.0,3.0,2.0,1.0,3.0,1.0,20.0,6.0,7.0,4.0,7.0,2.0,2.0,5.0,2.0,5.0,2.0,6.0,3.0,17.0,3.0,10.0,3.0,0.0,0.0,0.0,2.0,9.0,1.0,3.0
3208,201810,14,1.0,16.0,6.0,8.0,6.0,6.0,6.0,5.0,0.0,5.0,9.0,3.0,2.0,16.0,0.0,7.0,0.0,1.0,1.0,5.0,1.0,7.0,1.0,6.0,3.0,6.0,6.0,0.0,3.0,2.0,0.0,4.0,1.0,0.0
3209,201810,15,3.0,33.0,9.0,7.0,7.0,13.0,3.0,9.0,0.0,27.0,12.0,1.0,5.0,2.0,3.0,7.0,4.0,4.0,5.0,15.0,1.0,8.0,1.0,8.0,6.0,3.0,13.0,1.0,3.0,2.0,3.0,10.0,3.0,8.0
3210,201810,16,2.0,23.0,6.0,3.0,6.0,7.0,3.0,2.0,2.0,2.0,7.0,3.0,2.0,1.0,2.0,4.0,2.0,4.0,0.0,13.0,0.0,10.0,1.0,7.0,5.0,3.0,3.0,2.0,3.0,1.0,1.0,0.0,0.0,2.0
3211,201810,17,0.0,11.0,7.0,3.0,5.0,9.0,4.0,7.0,2.0,0.0,3.0,4.0,4.0,3.0,2.0,6.0,3.0,4.0,3.0,12.0,2.0,11.0,1.0,7.0,4.0,2.0,7.0,0.0,1.0,0.0,0.0,0.0,0.0,0.0
3212,201810,18,1.0,17.0,7.0,1.0,3.0,4.0,10.0,6.0,3.0,2.0,3.0,3.0,4.0,2.0,5.0,3.0,3.0,2.0,0.0,13.0,3.0,13.0,0.0,5.0,2.0,2.0,1.0,1.0,1.0,1.0,2.0,6.0,1.0,1.0
3213,201810,19,0.0,16.0,2.0,1.0,5.0,3.0,34.0,1.0,0.0,3.0,4.0,4.0,4.0,1.0,3.0,0.0,0.0,0.0,1.0,7.0,2.0,7.0,1.0,7.0,2.0,0.0,1.0,0.0,2.0,0.0,0.0,3.0,0.0,2.0
3214,201810,20,0.0,8.0,1.0,1.0,4.0,3.0,17.0,1.0,2.0,0.0,2.0,3.0,2.0,0.0,8.0,0.0,0.0,0.0,0.0,2.0,0.0,3.0,1.0,9.0,2.0,2.0,1.0,0.0,1.0,1.0,0.0,3.0,1.0,0.0
3215,201810,21,0.0,7.0,4.0,2.0,5.0,2.0,21.0,0.0,0.0,1.0,5.0,2.0,1.0,0.0,4.0,3.0,1.0,3.0,0.0,4.0,0.0,4.0,1.0,6.0,2.0,1.0,2.0,0.0,2.0,1.0,0.0,14.0,1.0,0.0
3216,201810,22,1.0,12.0,5.0,2.0,2.0,2.0,79.0,2.0,0.0,0.0,2.0,3.0,1.0,0.0,0.0,2.0,1.0,0.0,1.0,13.0,4.0,23.0,7.0,3.0,1.0,3.0,1.0,1.0,2.0,3.0,0.0,15.0,0.0,0.0
3217,201810,23,4.0,21.0,4.0,5.0,4.0,17.0,33.0,4.0,1.0,2.0,2.0,2.0,2.0,0.0,2.0,6.0,0.0,1.0,2.0,16.0,3.0,15.0,1.0,6.0,11.0,2.0,2.0,2.0,1.0,3.0,0.0,12.0,0.0,4.0
3218,201810,24,2.0,8.0,3.0,0.0,2.0,8.0,8.0,2.0,2.0,2.0,2.0,4.0,2.0,5.0,3.0,3.0,2.0,0.0,0.0,10.0,2.0,8.0,1.0,9.0,8.0,0.0,1.0,0.0,1.0,0.0,0.0,10.0,0.0,3.0
3219,201810,25,2.0,12.0,1.0,1.0,2.0,7.0,9.0,2.0,1.0,1.0,1.0,4.0,3.0,2.0,3.0,3.0,1.0,1.0,1.0,18.0,0.0,9.0,0.0,3.0,2.0,1.0,0.0,1.0,7.0,2.0,1.0,4.0,2.0,3.0
3220,201810,26,1.0,9.0,2.0,0.0,3.0,4.0,15.0,3.0,7.0,3.0,6.0,13.0,1.0,0.0,2.0,1.0,1.0,0.0,3.0,4.0,3.0,9.0,1.0,3.0,7.0,4.0,2.0,1.0,6.0,8.0,1.0,1.0,3.0,2.0
3221,201810,27,14.0,7.0,3.0,2.0,4.0,10.0,5.0,5.0,1.0,4.0,4.0,3.0,0.0,1.0,1.0,3.0,1.0,4.0,0.0,2.0,0.0,4.0,1.0,4.0,5.0,1.0,2.0,2.0,2.0,3.0,1.0,0.0,0.0,4.0
3222,201810,28,5.0,10.0,2.0,1.0,5.0,4.0,6.0,3.0,2.0,4.0,3.0,7.0,1.0,0.0,2.0,8.0,0.0,3.0,1.0,2.0,1.0,2.0,1.0,7.0,6.0,1.0,8.0,0.0,1.0,3.0,0.0,2.0,1.0,0.0
3223,201810,29,5.0,13.0,3.0,0.0,3.0,6.0,3.0,3.0,2.0,2.0,2.0,1.0,1.0,4.0,3.0,7.0,3.0,2.0,0.0,5.0,1.0,4.0,2.0,8.0,5.0,0.0,5.0,1.0,1.0,0.0,0.0,0.0,1.0,0.0
3224,201810,30,2.0,7.0,1.0,1.0,4.0,5.0,11.0,4.0,2.0,1.0,3.0,2.0,1.0,0.0,4.0,5.0,0.0,1.0,4.0,12.0,0.0,18.0,0.0,2.0,4.0,2.0,1.0,4.0,3.0,5.0,1.0,4.0,1.0,0.0
3225,201810,31,2.0,32.0,2.0,3.0,0.0,6.0,9.0,5.0,9.0,0.0,34.0,0.0,2.0,2.0,1.0,0.0,0.0,6.0,3.0,3.0,3.0,3.0,0.0,9.0,9.0,6.0,2.0,2.0,0.0,1.0,1.0,7.0,0.0,0.0
3226,201811,1,4.0,9.0,1.0,0.0,5.0,10.0,7.0,4.0,3.0,3.0,8.0,2.0,2.0,2.0,3.0,4.0,1.0,1.0,5.0,10.0,2.0,7.0,1.0,14.0,7.0,4.0,4.0,0.0,3.0,1.0,0.0,8.0,0.0,2.0
3227,201811,2,21.0,5.0,1.0,1.0,1.0,21.0,11.0,14.0,3.0,8.0,0.0,4.0,3.0,1.0,2.0,6.0,0.0,0.0,3.0,8.0,0.0,8.0,4.0,6.0,11.0,3.0,0.0,3.0,8.0,0.0,0.0,2.0,2.0,2.0
3228,201811,3,2.0,2.0,0.0,0.0,0.0,11.0,6.0,3.0,1.0,1.0,0.0,0.0,2.0,2.0,0.0,5.0,0.0,1.0,1.0,5.0,0.0,3.0,1.0,8.0,2.0,1.0,2.0,0.0,2.0,1.0,0.0,8.0,0.0,3.0
3229,201811,4,1.0,6.0,10.0,1.0,0.0,2.0,4.0,2.0,2.0,2.0,2.0,5.0,0.0,7.0,4.0,1.0,0.0,2.0,0.0,3.0,3.0,13.0,1.0,11.0,0.0,3.0,3.0,0.0,0.0,11.0,0.0,8.0,3.0,0.0
3230,201811,5,27.0,8.0,3.0,3.0,3.0,13.0,2.0,30.0,0.0,8.0,1.0,17.0,2.0,4.0,1.0,7.0,1.0,3.0,1.0,3.0,0.0,6.0,1.0,7.0,5.0,2.0,4.0,4.0,6.0,11.0,1.0,0.0,0.0,2.0
3231,201811,6,32.0,15.0,3.0,8.0,2.0,14.0,5.0,17.0,5.0,12.0,3.0,14.0,6.0,0.0,8.0,15.0,0.0,5.0,4.0,7.0,1.0,9.0,2.0,9.0,17.0,5.0,4.0,3.0,11.0,1.0,2.0,4.0,0.0,7.0
3232,201811,7,6.0,8.0,3.0,6.0,1.0,7.0,4.0,2.0,1.0,0.0,2.0,4.0,2.0,0.0,6.0,2.0,3.0,1.0,0.0,10.0,0.0,7.0,3.0,7.0,6.0,3.0,1.0,0.0,4.0,0.0,0.0,4.0,0.0,0.0
3233,201811,8,0.0,28.0,2.0,7.0,2.0,2.0,6.0,1.0,0.0,3.0,1.0,4.0,5.0,0.0,6.0,1.0,1.0,0.0,2.0,8.0,0.0,2.0,3.0,7.0,2.0,4.0,4.0,0.0,1.0,0.0,2.0,2.0,0.0,1.0
3234,201811,9,22.0,14.0,2.0,7.0,3.0,9.0,8.0,8.0,1.0,7.0,5.0,6.0,3.0,1.0,3.0,10.0,0.0,4.0,7.0,10.0,1.0,13.0,0.0,9.0,8.0,6.0,0.0,3.0,3.0,2.0,1.0,3.0,1.0,1.0
3235,201811,10,1.0,5.0,2.0,3.0,0.0,1.0,7.0,1.0,1.0,0.0,1.0,1.0,0.0,0.0,4.0,8.0,0.0,2.0,1.0,1.0,0.0,3.0,0.0,5.0,1.0,1.0,0.0,2.0,0.0,0.0,0.0,2.0,0.0,0.0
3236,201811,11,2.0,9.0,1.0,1.0,1.0,2.0,9.0,2.0,4.0,1.0,2.0,1.0,0.0,2.0,3.0,2.0,2.0,1.0,0.0,5.0,0.0,3.0,2.0,9.0,4.0,0.0,3.0,1.0,0.0,0.0,0.0,1.0,2.0,0.0
3237,201811,12,2.0,29.0,1.0,1.0,2.0,2.0,2.0,3.0,1.0,3.0,6.0,8.0,13.0,8.0,7.0,2.0,4.0,0.0,0.0,2.0,0.0,10.0,1.0,5.0,10.0,6.0,1.0,0.0,5.0,1.0,0.0,4.0,0.0,2.0
3238,201811,13,4.0,9.0,2.0,3.0,3.0,10.0,1.0,12.0,0.0,6.0,5.0,7.0,3.0,5.0,6.0,10.0,3.0,0.0,1.0,8.0,0.0,14.0,1.0,10.0,11.0,4.0,5.0,4.0,2.0,2.0,0.0,10.0,4.0,5.0
3239,201811,14,3.0,6.0,3.0,10.0,4.0,10.0,2.0,8.0,2.0,9.0,6.0,16.0,4.0,5.0,6.0,6.0,0.0,2.0,7.0,9.0,1.0,18.0,3.0,10.0,15.0,4.0,6.0,4.0,3.0,5.0,3.0,4.0,1.0,2.0
3240,201811,15,231.0,21.0,9.0,25.0,17.0,150.0,15.0,124.0,1.0,133.0,23.0,73.0,33.0,9.0,73.0,105.0,21.0,4.0,32.0,16.0,3.0,26.0,4.0,39.0,108.0,43.0,51.0,90.0,79.0,5.0,31.0,4.0,102.0,204.0
3241,201811,16,79.0,15.0,4.0,22.0,4.0,91.0,21.0,23.0,2.0,33.0,6.0,23.0,19.0,8.0,18.0,37.0,12.0,5.0,9.0,7.0,2.0,9.0,2.0,15.0,29.0,11.0,25.0,16.0,20.0,4.0,17.0,1.0,13.0,58.0
3242,201811,17,1.0,4.0,4.0,3.0,0.0,4.0,4.0,3.0,6.0,0.0,2.0,2.0,1.0,31.0,5.0,3.0,1.0,2.0,1.0,7.0,4.0,7.0,4.0,8.0,1.0,3.0,4.0,0.0,2.0,5.0,0.0,9.0,0.0,0.0
3243,201811,18,1.0,5.0,2.0,3.0,0.0,3.0,9.0,2.0,3.0,1.0,1.0,2.0,1.0,6.0,9.0,4.0,2.0,2.0,4.0,2.0,1.0,6.0,1.0,12.0,2.0,1.0,7.0,1.0,3.0,4.0,0.0,1.0,1.0,1.0
3244,201811,19,2.0,5.0,1.0,2.0,0.0,4.0,14.0,0.0,0.0,0.0,1.0,5.0,2.0,0.0,1.0,6.0,1.0,1.0,1.0,4.0,0.0,8.0,1.0,5.0,12.0,2.0,3.0,0.0,1.0,1.0,0.0,2.0,0.0,1.0
3245,201811,20,10.0,7.0,6.0,2.0,1.0,8.0,120.0,5.0,7.0,6.0,2.0,6.0,2.0,1.0,4.0,7.0,0.0,1.0,1.0,9.0,2.0,16.0,6.0,4.0,12.0,4.0,5.0,2.0,7.0,4.0,0.0,2.0,1.0,0.0
3246,201811,21,2.0,7.0,4.0,2.0,1.0,6.0,10.0,5.0,2.0,0.0,4.0,1.0,2.0,2.0,5.0,6.0,2.0,3.0,0.0,16.0,3.0,35.0,2.0,9.0,18.0,1.0,4.0,1.0,1.0,7.0,3.0,2.0,2.0,1.0
3247,201811,22,0.0,2.0,0.0,2.0,2.0,0.0,8.0,1.0,0.0,0.0,1.0,0.0,1.0,0.0,1.0,2.0,1.0,1.0,0.0,2.0,0.0,2.0,1.0,0.0,2.0,1.0,0.0,0.0,1.0,2.0,0.0,0.0,0.0,1.0
3248,201811,23,0.0,2.0,2.0,0.0,0.0,0.0,8.0,0.0,3.0,1.0,4.0,2.0,1.0,4.0,1.0,1.0,1.0,2.0,0.0,5.0,1.0,7.0,1.0,5.0,7.0,0.0,0.0,0.0,0.0,4.0,0.0,4.0,0.0,0.0
3249,201811,24,0.0,3.0,1.0,5.0,0.0,5.0,9.0,2.0,0.0,2.0,4.0,6.0,1.0,9.0,6.0,6.0,2.0,2.0,0.0,5.0,0.0,5.0,4.0,14.0,1.0,0.0,0.0,1.0,7.0,0.0,0.0,1.0,0.0,2.0
3250,201811,25,19.0,45.0,21.0,51.0,8.0,35.0,19.0,20.0,0.0,26.0,32.0,20.0,24.0,24.0,392.0,36.0,12.0,8.0,70.0,17.0,12.0,17.0,5.0,39.0,41.0,131.0,14.0,13.0,13.0,12.0,9.0,3.0,3.0,26.0
3251,201811,26,53.0,15.0,11.0,91.0,5.0,59.0,11.0,16.0,0.0,37.0,12.0,31.0,29.0,12.0,752.0,93.0,9.0,6.0,95.0,9.0,2.0,11.0,8.0,43.0,84.0,80.0,13.0,12.0,22.0,2.0,9.0,7.0,12.0,37.0
3252,201811,27,11.0,7.0,6.0,8.0,2.0,12.0,8.0,0.0,1.0,4.0,11.0,9.0,4.0,8.0,37.0,21.0,0.0,5.0,5.0,7.0,1.0,14.0,3.0,5.0,18.0,13.0,2.0,1.0,10.0,0.0,2.0,1.0,1.0,5.0
3253,201811,28,4.0,11.0,3.0,4.0,3.0,4.0,10.0,2.0,4.0,7.0,13.0,4.0,3.0,5.0,3.0,6.0,1.0,2.0,2.0,17.0,2.0,20.0,7.0,2.0,5.0,1.0,5.0,1.0,2.0,2.0,1.0,1.0,0.0,3.0
3254,201811,29,3.0,9.0,13.0,6.0,0.0,7.0,22.0,1.0,3.0,1.0,2.0,2.0,0.0,7.0,5.0,3.0,1.0,1.0,3.0,33.0,0.0,65.0,8.0,4.0,7.0,2.0,2.0,1.0,0.0,9.0,0.0,7.0,0.0,1.0
3255,201811,30,4.0,21.0,5.0,25.0,0.0,2.0,4.0,2.0,14.0,1.0,7.0,6.0,1.0,33.0,6.0,1.0,0.0,4.0,2.0,6.0,0.0,1.0,11.0,10.0,2.0,8.0,2.0,2.0,3.0,0.0,1.0,0.0,1.0,2.0
3256,201812,1,2.0,12.0,3.0,29.0,0.0,0.0,5.0,2.0,5.0,2.0,4.0,10.0,4.0,6.0,27.0,2.0,1.0,0.0,3.0,3.0,1.0,3.0,3.0,9.0,10.0,6.0,2.0,1.0,12.0,0.0,0.0,2.0,0.0,1.0
3257,201812,2,26.0,5.0,2.0,17.0,2.0,29.0,8.0,45.0,0.0,33.0,3.0,7.0,3.0,8.0,16.0,23.0,0.0,0.0,4.0,1.0,1.0,2.0,3.0,14.0,15.0,4.0,8.0,6.0,18.0,3.0,1.0,3.0,17.0,19.0
3258,201812,3,8.0,4.0,1.0,8.0,1.0,20.0,22.0,3.0,5.0,4.0,9.0,4.0,2.0,5.0,18.0,5.0,2.0,1.0,2.0,9.0,0.0,7.0,5.0,5.0,9.0,3.0,0.0,1.0,1.0,1.0,1.0,0.0,1.0,2.0
3259,201812,4,2.0,8.0,2.0,2.0,1.0,9.0,13.0,3.0,2.0,7.0,3.0,4.0,1.0,3.0,9.0,6.0,1.0,1.0,2.0,13.0,2.0,16.0,4.0,6.0,15.0,5.0,0.0,0.0,4.0,2.0,0.0,1.0,0.0,0.0
3260,201812,5,6.0,9.0,8.0,2.0,1.0,5.0,19.0,3.0,2.0,2.0,5.0,1.0,2.0,7.0,8.0,0.0,0.0,2.0,1.0,29.0,3.0,46.0,2.0,9.0,16.0,6.0,3.0,2.0,2.0,3.0,2.0,4.0,0.0,1.0
3261,201812,6,3.0,12.0,4.0,3.0,2.0,8.0,6.0,7.0,4.0,1.0,4.0,2.0,1.0,12.0,11.0,10.0,1.0,1.0,2.0,34.0,2.0,21.0,1.0,6.0,12.0,5.0,2.0,1.0,2.0,3.0,2.0,9.0,0.0,2.0
3262,201812,7,3.0,10.0,6.0,2.0,0.0,2.0,6.0,4.0,2.0,2.0,8.0,3.0,1.0,2.0,4.0,3.0,0.0,1.0,0.0,5.0,5.0,7.0,2.0,7.0,6.0,2.0,3.0,0.0,1.0,3.0,0.0,0.0,2.0,1.0
3263,201812,8,6.0,33.0,3.0,3.0,6.0,11.0,4.0,3.0,1.0,11.0,15.0,97.0,11.0,1.0,8.0,7.0,3.0,2.0,6.0,4.0,3.0,5.0,2.0,11.0,11.0,5.0,12.0,3.0,16.0,0.0,4.0,0.0,0.0,2.0
3264,201812,9,42.0,27.0,7.0,13.0,27.0,52.0,3.0,35.0,0.0,108.0,35.0,659.0,69.0,11.0,55.0,43.0,14.0,10.0,18.0,3.0,4.0,3.0,3.0,33.0,51.0,21.0,69.0,25.0,208.0,5.0,32.0,1.0,18.0,29.0
3265,201812,10,12.0,5.0,9.0,9.0,11.0,20.0,4.0,7.0,11.0,54.0,8.0,235.0,19.0,5.0,10.0,16.0,6.0,2.0,25.0,15.0,2.0,11.0,4.0,14.0,34.0,10.0,34.0,8.0,69.0,1.0,9.0,6.0,3.0,8.0
3266,201812,11,1.0,7.0,7.0,5.0,3.0,9.0,13.0,8.0,5.0,2.0,3.0,16.0,5.0,3.0,3.0,4.0,5.0,3.0,3.0,15.0,2.0,30.0,2.0,4.0,11.0,9.0,3.0,0.0,2.0,4.0,1.0,2.0,2.0,0.0
3267,201812,12,3.0,10.0,4.0,8.0,3.0,5.0,5.0,3.0,2.0,1.0,9.0,0.0,3.0,9.0,11.0,4.0,2.0,1.0,2.0,7.0,0.0,11.0,4.0,7.0,13.0,6.0,1.0,1.0,5.0,2.0,1.0,4.0,1.0,0.0
3268,201812,13,7.0,23.0,5.0,5.0,5.0,6.0,0.0,3.0,1.0,2.0,8.0,1.0,2.0,4.0,13.0,3.0,1.0,2.0,4.0,2.0,2.0,5.0,2.0,5.0,13.0,7.0,5.0,4.0,3.0,1.0,2.0,3.0,1.0,2.0
3269,201812,14,16.0,14.0,5.0,5.0,0.0,4.0,10.0,8.0,6.0,4.0,10.0,9.0,2.0,3.0,37.0,16.0,0.0,4.0,8.0,17.0,3.0,49.0,3.0,9.0,7.0,12.0,5.0,2.0,4.0,8.0,2.0,0.0,0.0,0.0
3270,201812,15,2.0,2.0,1.0,2.0,0.0,4.0,2.0,0.0,0.0,5.0,3.0,6.0,1.0,3.0,6.0,6.0,0.0,1.0,11.0,3.0,1.0,4.0,1.0,5.0,7.0,5.0,0.0,0.0,2.0,1.0,0.0,8.0,0.0,0.0
3271,201812,16,28.0,8.0,4.0,4.0,0.0,6.0,12.0,7.0,2.0,11.0,3.0,12.0,2.0,1.0,9.0,11.0,0.0,3.0,19.0,23.0,2.0,65.0,2.0,9.0,18.0,3.0,4.0,3.0,8.0,6.0,0.0,1.0,1.0,2.0
3272,201812,17,4.0,5.0,5.0,5.0,0.0,14.0,8.0,4.0,2.0,4.0,5.0,7.0,4.0,3.0,5.0,5.0,2.0,1.0,1.0,8.0,1.0,7.0,4.0,2.0,22.0,3.0,3.0,1.0,2.0,1.0,0.0,3.0,0.0,3.0
3273,201812,18,8.0,16.0,5.0,3.0,2.0,6.0,5.0,3.0,3.0,2.0,46.0,1.0,2.0,2.0,8.0,8.0,1.0,3.0,1.0,7.0,0.0,6.0,5.0,2.0,20.0,5.0,5.0,0.0,1.0,2.0,1.0,4.0,3.0,5.0
3274,201812,19,1.0,21.0,5.0,4.0,2.0,9.0,7.0,6.0,11.0,3.0,9.0,3.0,1.0,9.0,9.0,9.0,3.0,2.0,0.0,8.0,0.0,9.0,2.0,6.0,8.0,5.0,4.0,1.0,2.0,2.0,1.0,0.0,4.0,1.0
3275,201812,20,8.0,12.0,6.0,2.0,3.0,7.0,28.0,11.0,2.0,7.0,10.0,9.0,1.0,5.0,10.0,9.0,19.0,0.0,3.0,13.0,3.0,30.0,4.0,13.0,15.0,5.0,20.0,3.0,6.0,5.0,4.0,1.0,4.0,0.0
3276,201812,21,47.0,12.0,6.0,4.0,0.0,25.0,13.0,12.0,5.0,25.0,2.0,19.0,5.0,2.0,13.0,22.0,1.0,2.0,3.0,5.0,1.0,11.0,4.0,11.0,17.0,7.0,5.0,2.0,13.0,2.0,1.0,3.0,8.0,22.0
3277,201812,22,6.0,12.0,1.0,1.0,1.0,10.0,4.0,1.0,0.0,2.0,6.0,2.0,3.0,9.0,5.0,11.0,0.0,2.0,1.0,3.0,0.0,2.0,1.0,7.0,16.0,5.0,0.0,1.0,4.0,1.0,0.0,1.0,0.0,2.0
3278,201812,23,3.0,4.0,2.0,0.0,2.0,6.0,4.0,0.0,1.0,2.0,5.0,2.0,2.0,3.0,4.0,6.0,1.0,1.0,1.0,5.0,0.0,3.0,3.0,10.0,19.0,7.0,1.0,0.0,0.0,2.0,1.0,1.0,0.0,2.0
3279,201812,24,5.0,5.0,3.0,2.0,2.0,1.0,19.0,1.0,3.0,0.0,9.0,2.0,1.0,2.0,3.0,6.0,0.0,0.0,0.0,3.0,0.0,4.0,3.0,1.0,4.0,3.0,3.0,0.0,0.0,1.0,0.0,2.0,0.0,0.0
3280,201812,25,4.0,7.0,2.0,1.0,2.0,1.0,6.0,0.0,5.0,1.0,11.0,2.0,1.0,1.0,1.0,2.0,0.0,1.0,1.0,0.0,0.0,0.0,2.0,2.0,3.0,0.0,0.0,2.0,1.0,1.0,1.0,4.0,1.0,0.0
3281,201812,26,2.0,373.0,31.0,13.0,6.0,6.0,6.0,3.0,2.0,2.0,63.0,4.0,13.0,42.0,16.0,2.0,2.0,29.0,3.0,12.0,5.0,13.0,3.0,24.0,15.0,26.0,7.0,0.0,5.0,6.0,4.0,6.0,0.0,1.0
3282,201812,27,4.0,228.0,66.0,60.0,22.0,15.0,24.0,10.0,8.0,6.0,78.0,24.0,17.0,50.0,43.0,15.0,17.0,28.0,9.0,32.0,13.0,33.0,13.0,14.0,21.0,39.0,22.0,6.0,13.0,13.0,10.0,3.0,2.0,10.0
3283,201812,28,16.0,78.0,74.0,22.0,4.0,17.0,17.0,26.0,3.0,32.0,23.0,46.0,26.0,11.0,20.0,16.0,9.0,13.0,10.0,12.0,5.0,19.0,3.0,9.0,16.0,14.0,8.0,7.0,15.0,5.0,9.0,0.0,3.0,1.0
3284,201812,29,8.0,21.0,12.0,6.0,3.0,6.0,11.0,2.0,11.0,4.0,17.0,7.0,22.0,12.0,17.0,3.0,0.0,0.0,7.0,4.0,3.0,4.0,10.0,4.0,7.0,6.0,5.0,4.0,2.0,3.0,1.0,1.0,0.0,0.0
3285,201812,30,3.0,20.0,4.0,7.0,2.0,3.0,4.0,2.0,12.0,6.0,26.0,8.0,2.0,4.0,10.0,3.0,0.0,1.0,4.0,6.0,2.0,3.0,11.0,4.0,3.0,6.0,11.0,1.0,3.0,2.0,1.0,0.0,0.0,0.0
3286,201812,31,2.0,26.0,13.0,28.0,5.0,3.0,11.0,4.0,3.0,6.0,11.0,29.0,7.0,85.0,19.0,4.0,0.0,1.0,5.0,12.0,0.0,15.0,4.0,4.0,4.0,3.0,11.0,2.0,10.0,3.0,1.0,0.0,0.0,0.0
3287,201901,1,4.0,12.0,19.0,9.0,1.0,2.0,7.0,2.0,14.0,1.0,12.0,3.0,2.0,16.0,12.0,8.0,6.0,2.0,15.0,7.0,0.0,3.0,4.0,3.0,4.0,6.0,0.0,1.0,9.0,3.0,1.0,3.0,1.0,3.0
3288,201901,2,1.0,50.0,14.0,5.0,9.0,7.0,10.0,2.0,5.0,2.0,20.0,7.0,4.0,4.0,27.0,8.0,4.0,0.0,2.0,7.0,1.0,9.0,0.0,10.0,15.0,7.0,2.0,0.0,2.0,1.0,1.0,3.0,0.0,1.0
3289,201901,3,1.0,57.0,4.0,4.0,3.0,8.0,6.0,7.0,2.0,3.0,17.0,14.0,6.0,8.0,7.0,2.0,2.0,2.0,2.0,8.0,5.0,5.0,0.0,13.0,11.0,7.0,4.0,1.0,3.0,0.0,4.0,1.0,0.0,0.0
3290,201901,4,1.0,28.0,3.0,4.0,4.0,2.0,6.0,2.0,2.0,3.0,7.0,9.0,0.0,0.0,5.0,3.0,1.0,0.0,1.0,4.0,0.0,3.0,1.0,11.0,3.0,1.0,7.0,1.0,4.0,0.0,0.0,0.0,1.0,0.0
3291,201901,5,0.0,6.0,5.0,0.0,2.0,4.0,12.0,1.0,3.0,0.0,5.0,1.0,0.0,3.0,5.0,1.0,0.0,1.0,1.0,17.0,2.0,63.0,7.0,8.0,2.0,0.0,2.0,0.0,2.0,2.0,0.0,3.0,1.0,0.0
3292,201901,6,3.0,9.0,16.0,4.0,1.0,2.0,26.0,3.0,1.0,0.0,4.0,1.0,1.0,43.0,11.0,0.0,0.0,2.0,1.0,37.0,3.0,133.0,12.0,9.0,6.0,0.0,1.0,1.0,3.0,12.0,0.0,3.0,3.0,1.0
3293,201901,7,2.0,5.0,2.0,13.0,2.0,2.0,12.0,3.0,4.0,3.0,6.0,0.0,2.0,4.0,18.0,13.0,2.0,1.0,4.0,8.0,1.0,13.0,2.0,5.0,7.0,3.0,3.0,2.0,3.0,1.0,0.0,1.0,1.0,0.0
3294,201901,8,5.0,9.0,5.0,2.0,1.0,24.0,25.0,8.0,3.0,9.0,5.0,8.0,4.0,4.0,17.0,10.0,0.0,1.0,4.0,25.0,2.0,60.0,3.0,7.0,10.0,3.0,3.0,1.0,0.0,6.0,1.0,1.0,0.0,3.0
3295,201901,9,3.0,5.0,14.0,7.0,1.0,13.0,16.0,3.0,7.0,4.0,5.0,0.0,1.0,2.0,17.0,4.0,0.0,4.0,1.0,28.0,3.0,63.0,6.0,5.0,4.0,3.0,2.0,2.0,2.0,7.0,1.0,0.0,0.0,6.0
3296,201901,10,8.0,7.0,3.0,2.0,2.0,14.0,11.0,2.0,4.0,18.0,2.0,5.0,3.0,7.0,10.0,9.0,2.0,5.0,2.0,22.0,2.0,47.0,11.0,6.0,10.0,2.0,4.0,2.0,3.0,2.0,1.0,0.0,3.0,27.0
3297,201901,11,5.0,24.0,8.0,4.0,1.0,4.0,24.0,9.0,0.0,7.0,5.0,6.0,5.0,25.0,25.0,3.0,1.0,4.0,8.0,12.0,5.0,23.0,6.0,7.0,4.0,33.0,6.0,3.0,4.0,2.0,0.0,0.0,0.0,3.0
3298,201901,12,5.0,23.0,5.0,10.0,6.0,7.0,14.0,6.0,10.0,12.0,10.0,21.0,3.0,10.0,49.0,5.0,9.0,3.0,23.0,6.0,2.0,5.0,1.0,12.0,32.0,75.0,14.0,4.0,9.0,2.0,9.0,6.0,2.0,6.0
3299,201901,13,19.0,19.0,6.0,5.0,3.0,56.0,12.0,13.0,2.0,241.0,7.0,44.0,20.0,4.0,23.0,33.0,3.0,6.0,16.0,7.0,1.0,7.0,1.0,26.0,45.0,36.0,27.0,45.0,150.0,2.0,8.0,1.0,7.0,16.0
3300,201901,14,1.0,15.0,9.0,7.0,2.0,14.0,19.0,3.0,8.0,34.0,0.0,6.0,5.0,6.0,7.0,8.0,1.0,1.0,4.0,27.0,3.0,57.0,0.0,9.0,14.0,4.0,2.0,4.0,13.0,8.0,0.0,0.0,0.0,6.0
3301,201901,15,2.0,14.0,4.0,5.0,0.0,10.0,12.0,3.0,10.0,4.0,2.0,2.0,3.0,8.0,14.0,7.0,2.0,3.0,3.0,29.0,16.0,58.0,10.0,12.0,12.0,5.0,5.0,37.0,1.0,11.0,2.0,1.0,0.0,2.0
3302,201901,16,1.0,21.0,12.0,4.0,1.0,2.0,30.0,1.0,9.0,0.0,3.0,1.0,5.0,28.0,9.0,3.0,0.0,0.0,2.0,44.0,5.0,122.0,11.0,4.0,4.0,11.0,1.0,2.0,6.0,22.0,1.0,4.0,0.0,4.0
3303,201901,17,2.0,13.0,9.0,6.0,1.0,3.0,22.0,0.0,6.0,3.0,4.0,1.0,3.0,26.0,7.0,3.0,2.0,0.0,0.0,28.0,1.0,70.0,14.0,7.0,9.0,10.0,1.0,0.0,4.0,11.0,0.0,0.0,0.0,5.0
3304,201901,18,9.0,17.0,11.0,26.0,8.0,12.0,7.0,8.0,10.0,10.0,14.0,13.0,4.0,44.0,97.0,17.0,3.0,5.0,51.0,18.0,9.0,10.0,4.0,19.0,16.0,19.0,8.0,1.0,14.0,5.0,7.0,0.0,2.0,19.0
3305,201901,19,40.0,26.0,19.0,81.0,25.0,78.0,13.0,50.0,3.0,53.0,22.0,50.0,29.0,28.0,602.0,114.0,35.0,11.0,92.0,29.0,16.0,19.0,12.0,41.0,77.0,53.0,70.0,46.0,39.0,10.0,60.0,1.0,36.0,20.0
3306,201901,20,97.0,7.0,2.0,13.0,18.0,480.0,11.0,57.0,7.0,67.0,6.0,44.0,16.0,5.0,83.0,115.0,15.0,3.0,17.0,6.0,4.0,10.0,10.0,16.0,39.0,14.0,39.0,50.0,33.0,2.0,37.0,1.0,48.0,29.0
3307,201901,21,72.0,5.0,3.0,7.0,3.0,259.0,7.0,14.0,0.0,44.0,5.0,18.0,3.0,35.0,26.0,42.0,9.0,3.0,4.0,7.0,3.0,11.0,10.0,10.0,16.0,5.0,10.0,10.0,22.0,1.0,9.0,2.0,19.0,35.0
3308,201901,22,28.0,23.0,15.0,68.0,7.0,168.0,9.0,15.0,11.0,32.0,15.0,18.0,30.0,23.0,414.0,158.0,9.0,9.0,75.0,22.0,6.0,19.0,7.0,39.0,59.0,42.0,19.0,13.0,21.0,8.0,5.0,4.0,13.0,35.0
3309,201901,23,26.0,12.0,8.0,32.0,9.0,45.0,11.0,9.0,4.0,24.0,10.0,58.0,18.0,4.0,157.0,142.0,2.0,5.0,34.0,7.0,4.0,6.0,4.0,25.0,40.0,35.0,20.0,6.0,17.0,1.0,2.0,6.0,2.0,16.0
3310,201901,24,74.0,6.0,8.0,9.0,4.0,64.0,13.0,16.0,2.0,33.0,3.0,12.0,11.0,23.0,34.0,41.0,5.0,1.0,4.0,3.0,0.0,5.0,2.0,13.0,26.0,11.0,14.0,5.0,18.0,0.0,10.0,1.0,29.0,79.0
3311,201901,25,14.0,7.0,5.0,10.0,2.0,20.0,8.0,5.0,2.0,14.0,4.0,9.0,4.0,6.0,22.0,16.0,2.0,6.0,8.0,2.0,0.0,5.0,1.0,12.0,17.0,2.0,5.0,2.0,4.0,2.0,2.0,3.0,1.0,17.0
3312,201901,26,2.0,2.0,3.0,3.0,0.0,2.0,11.0,0.0,6.0,4.0,2.0,3.0,0.0,1.0,12.0,9.0,1.0,1.0,12.0,4.0,0.0,3.0,0.0,8.0,6.0,2.0,0.0,1.0,0.0,2.0,0.0,3.0,0.0,2.0
3313,201901,27,6.0,7.0,6.0,26.0,2.0,6.0,15.0,9.0,13.0,3.0,7.0,6.0,6.0,17.0,42.0,8.0,9.0,0.0,11.0,8.0,4.0,7.0,1.0,8.0,7.0,17.0,6.0,2.0,3.0,1.0,5.0,1.0,0.0,5.0
3314,201901,28,21.0,24.0,22.0,128.0,7.0,42.0,17.0,12.0,4.0,32.0,15.0,21.0,39.0,26.0,683.0,123.0,19.0,7.0,169.0,23.0,15.0,18.0,10.0,42.0,77.0,61.0,22.0,20.0,13.0,7.0,11.0,0.0,6.0,37.0
3315,201901,29,22.0,30.0,26.0,77.0,20.0,31.0,16.0,24.0,1.0,56.0,34.0,23.0,153.0,42.0,155.0,61.0,15.0,15.0,175.0,26.0,23.0,34.0,5.0,40.0,56.0,48.0,36.0,24.0,19.0,7.0,12.0,0.0,4.0,25.0
3316,201901,30,50.0,45.0,35.0,184.0,17.0,85.0,19.0,34.0,2.0,70.0,20.0,49.0,51.0,51.0,832.0,210.0,24.0,19.0,226.0,30.0,17.0,36.0,12.0,67.0,120.0,126.0,40.0,44.0,28.0,13.0,20.0,4.0,28.0,69.0
3317,201901,31,22.0,31.0,29.0,144.0,14.0,71.0,19.0,26.0,1.0,39.0,16.0,33.0,38.0,24.0,799.0,152.0,20.0,12.0,190.0,44.0,10.0,44.0,11.0,61.0,120.0,77.0,31.0,20.0,23.0,11.0,12.0,1.0,7.0,31.0
3318,201902,1,5.0,8.0,3.0,31.0,1.0,18.0,17.0,4.0,0.0,48.0,5.0,12.0,8.0,6.0,104.0,31.0,3.0,2.0,28.0,25.0,3.0,69.0,3.0,24.0,44.0,23.0,8.0,8.0,6.0,9.0,1.0,1.0,6.0,8.0
3319,201902,2,3.0,16.0,15.0,17.0,1.0,10.0,16.0,4.0,6.0,3.0,12.0,3.0,6.0,7.0,33.0,14.0,1.0,5.0,14.0,28.0,16.0,54.0,9.0,12.0,12.0,11.0,50.0,6.0,1.0,20.0,5.0,4.0,0.0,1.0
3320,201902,3,2.0,10.0,5.0,73.0,1.0,5.0,31.0,6.0,5.0,3.0,3.0,2.0,5.0,36.0,117.0,6.0,1.0,2.0,18.0,9.0,5.0,17.0,13.0,8.0,6.0,5.0,7.0,0.0,1.0,5.0,4.0,0.0,0.0,1.0
3321,201902,4,0.0,11.0,3.0,29.0,0.0,4.0,179.0,2.0,5.0,1.0,4.0,2.0,0.0,6.0,36.0,5.0,3.0,2.0,5.0,25.0,2.0,43.0,31.0,3.0,6.0,5.0,1.0,1.0,1.0,9.0,0.0,2.0,0.0,1.0
3322,201902,5,11.0,23.0,9.0,31.0,3.0,13.0,24.0,4.0,2.0,16.0,20.0,26.0,15.0,24.0,145.0,21.0,6.0,4.0,36.0,23.0,8.0,26.0,16.0,27.0,30.0,21.0,11.0,8.0,4.0,6.0,7.0,1.0,3.0,11.0
3323,201902,6,4.0,30.0,11.0,25.0,5.0,9.0,11.0,4.0,7.0,6.0,20.0,9.0,12.0,50.0,67.0,55.0,2.0,7.0,46.0,5.0,4.0,7.0,6.0,12.0,15.0,28.0,4.0,13.0,3.0,4.0,1.0,4.0,0.0,4.0
3324,201902,7,9.0,21.0,13.0,188.0,2.0,18.0,7.0,13.0,2.0,10.0,16.0,10.0,6.0,34.0,94.0,31.0,2.0,2.0,65.0,10.0,5.0,9.0,1.0,11.0,14.0,56.0,3.0,2.0,9.0,2.0,2.0,5.0,2.0,5.0
3325,201902,8,2.0,6.0,10.0,36.0,2.0,11.0,159.0,3.0,5.0,6.0,3.0,4.0,1.0,5.0,11.0,16.0,1.0,4.0,5.0,33.0,3.0,47.0,13.0,8.0,4.0,6.0,2.0,1.0,6.0,6.0,0.0,6.0,4.0,1.0
3326,201902,9,3.0,12.0,5.0,4.0,1.0,1.0,185.0,0.0,3.0,3.0,2.0,2.0,1.0,11.0,2.0,3.0,2.0,1.0,2.0,19.0,1.0,28.0,20.0,4.0,3.0,2.0,2.0,4.0,0.0,3.0,4.0,2.0,0.0,0.0
3327,201902,10,5.0,19.0,9.0,21.0,3.0,7.0,115.0,3.0,8.0,8.0,8.0,7.0,8.0,19.0,83.0,16.0,3.0,3.0,30.0,15.0,7.0,24.0,16.0,12.0,17.0,67.0,9.0,14.0,3.0,6.0,6.0,4.0,1.0,6.0
3328,201902,11,7.0,36.0,16.0,35.0,5.0,28.0,285.0,12.0,15.0,16.0,19.0,25.0,17.0,16.0,147.0,32.0,2.0,9.0,46.0,33.0,9.0,44.0,28.0,24.0,37.0,35.0,11.0,56.0,10.0,12.0,6.0,2.0,0.0,12.0
3329,201902,12,141.0,24.0,17.0,65.0,19.0,202.0,101.0,66.0,6.0,105.0,19.0,62.0,24.0,11.0,220.0,198.0,14.0,6.0,76.0,30.0,15.0,36.0,9.0,46.0,94.0,43.0,57.0,64.0,51.0,15.0,26.0,3.0,126.0,260.0
3330,201902,13,14.0,49.0,25.0,4.0,7.0,91.0,59.0,11.0,2.0,7.0,14.0,5.0,9.0,32.0,14.0,38.0,3.0,5.0,6.0,70.0,10.0,155.0,21.0,10.0,11.0,8.0,7.0,7.0,2.0,29.0,2.0,4.0,11.0,15.0
3331,201902,14,0.0,24.0,24.0,3.0,1.0,4.0,30.0,5.0,1.0,5.0,9.0,4.0,4.0,24.0,10.0,12.0,1.0,5.0,3.0,64.0,22.0,116.0,16.0,8.0,8.0,2.0,6.0,2.0,2.0,20.0,1.0,1.0,0.0,2.0
3332,201902,15,5.0,22.0,9.0,2.0,0.0,4.0,17.0,5.0,4.0,4.0,10.0,3.0,4.0,22.0,14.0,4.0,3.0,4.0,5.0,26.0,14.0,31.0,13.0,14.0,5.0,29.0,3.0,2.0,3.0,6.0,1.0,2.0,0.0,3.0
3333,201902,16,6.0,9.0,5.0,1.0,5.0,1.0,5.0,4.0,6.0,7.0,6.0,4.0,2.0,25.0,3.0,6.0,4.0,1.0,8.0,1.0,1.0,8.0,1.0,9.0,5.0,8.0,3.0,3.0,2.0,1.0,0.0,1.0,0.0,0.0
3334,201902,17,14.0,20.0,12.0,49.0,2.0,20.0,3.0,10.0,7.0,15.0,21.0,18.0,11.0,16.0,335.0,39.0,3.0,5.0,46.0,23.0,5.0,15.0,4.0,22.0,38.0,40.0,9.0,6.0,8.0,3.0,1.0,0.0,4.0,7.0
3335,201902,18,4.0,25.0,13.0,18.0,5.0,39.0,5.0,10.0,5.0,11.0,31.0,8.0,8.0,22.0,60.0,22.0,0.0,8.0,20.0,13.0,5.0,14.0,8.0,11.0,18.0,10.0,9.0,4.0,4.0,3.0,0.0,0.0,3.0,10.0
3336,201902,19,3.0,74.0,19.0,6.0,7.0,8.0,4.0,6.0,3.0,13.0,34.0,24.0,10.0,14.0,20.0,4.0,5.0,9.0,14.0,28.0,12.0,21.0,4.0,19.0,16.0,28.0,13.0,11.0,3.0,5.0,1.0,7.0,0.0,4.0
3337,201902,20,126.0,52.0,23.0,132.0,21.0,109.0,12.0,101.0,5.0,226.0,45.0,80.0,49.0,24.0,211.0,111.0,16.0,9.0,76.0,28.0,24.0,32.0,7.0,56.0,104.0,68.0,57.0,117.0,155.0,10.0,25.0,2.0,55.0,117.0
3338,201902,21,19.0,33.0,32.0,12.0,14.0,55.0,22.0,9.0,2.0,20.0,32.0,42.0,19.0,13.0,13.0,29.0,7.0,7.0,19.0,54.0,177.0,57.0,5.0,15.0,14.0,16.0,14.0,15.0,9.0,22.0,6.0,7.0,3.0,18.0
3339,201902,22,3.0,47.0,45.0,1.0,15.0,5.0,14.0,5.0,7.0,11.0,34.0,19.0,1.0,69.0,8.0,8.0,2.0,5.0,9.0,24.0,7.0,26.0,5.0,12.0,4.0,8.0,7.0,3.0,5.0,9.0,5.0,2.0,1.0,3.0
3340,201902,23,5.0,66.0,20.0,43.0,9.0,3.0,6.0,12.0,2.0,18.0,41.0,24.0,9.0,40.0,35.0,8.0,5.0,9.0,36.0,10.0,7.0,7.0,13.0,16.0,11.0,23.0,10.0,7.0,5.0,5.0,2.0,2.0,0.0,3.0
3341,201902,24,17.0,46.0,13.0,111.0,8.0,29.0,18.0,55.0,4.0,37.0,15.0,59.0,14.0,11.0,187.0,181.0,9.0,5.0,115.0,7.0,5.0,9.0,10.0,10.0,32.0,17.0,17.0,11.0,23.0,2.0,5.0,0.0,16.0,19.0
3342,201902,25,78.0,30.0,21.0,36.0,4.0,129.0,119.0,74.0,0.0,53.0,20.0,31.0,7.0,15.0,38.0,140.0,6.0,7.0,21.0,62.0,10.0,144.0,31.0,13.0,24.0,16.0,14.0,10.0,32.0,13.0,3.0,4.0,15.0,75.0
3343,201902,26,11.0,24.0,17.0,16.0,4.0,20.0,80.0,7.0,0.0,8.0,17.0,4.0,11.0,46.0,17.0,9.0,1.0,9.0,5.0,54.0,11.0,169.0,28.0,15.0,11.0,12.0,10.0,4.0,4.0,14.0,4.0,3.0,1.0,4.0
3344,201902,27,3.0,51.0,13.0,3.0,7.0,9.0,49.0,9.0,3.0,9.0,31.0,3.0,7.0,13.0,10.0,11.0,0.0,9.0,10.0,36.0,6.0,77.0,9.0,10.0,11.0,11.0,9.0,9.0,2.0,8.0,6.0,0.0,4.0,4.0
3345,201902,28,5.0,72.0,12.0,2.0,7.0,16.0,16.0,5.0,2.0,10.0,30.0,9.0,11.0,7.0,12.0,2.0,2.0,6.0,9.0,22.0,6.0,24.0,6.0,10.0,5.0,19.0,6.0,2.0,4.0,6.0,1.0,2.0,4.0,8.0
3346,201903,1,9.0,21.0,10.0,13.0,8.0,23.0,13.0,18.0,0.0,37.0,16.0,18.0,14.0,23.0,8.0,8.0,2.0,6.0,9.0,16.0,7.0,22.0,5.0,12.0,14.0,8.0,9.0,15.0,8.0,6.0,12.0,1.0,5.0,21.0
3347,201903,2,21.0,21.0,14.0,12.0,6.0,69.0,16.0,10.0,4.0,15.0,19.0,10.0,11.0,74.0,9.0,11.0,9.0,12.0,7.0,11.0,6.0,18.0,10.0,10.0,9.0,8.0,16.0,5.0,8.0,2.0,15.0,4.0,2.0,17.0
3348,201903,3,81.0,45.0,13.0,11.0,8.0,43.0,12.0,55.0,0.0,56.0,29.0,42.0,24.0,58.0,40.0,47.0,21.0,5.0,16.0,29.0,4.0,47.0,6.0,33.0,39.0,29.0,34.0,37.0,24.0,6.0,13.0,3.0,34.0,63.0
3349,201903,4,61.0,23.0,14.0,11.0,4.0,256.0,8.0,19.0,4.0,42.0,20.0,13.0,9.0,11.0,26.0,46.0,8.0,11.0,8.0,21.0,3.0,22.0,0.0,13.0,21.0,12.0,18.0,17.0,22.0,5.0,10.0,0.0,36.0,112.0
3350,201903,5,5.0,15.0,13.0,3.0,3.0,18.0,10.0,6.0,4.0,6.0,12.0,6.0,5.0,6.0,9.0,7.0,4.0,2.0,7.0,31.0,6.0,50.0,3.0,8.0,6.0,4.0,8.0,3.0,3.0,12.0,3.0,1.0,0.0,4.0
3351,201903,6,6.0,8.0,12.0,3.0,2.0,4.0,25.0,3.0,8.0,1.0,12.0,4.0,5.0,13.0,6.0,7.0,1.0,3.0,4.0,44.0,3.0,81.0,12.0,2.0,11.0,5.0,4.0,2.0,3.0,8.0,1.0,3.0,0.0,2.0
3352,201903,7,7.0,28.0,7.0,1.0,2.0,12.0,13.0,5.0,1.0,4.0,12.0,4.0,9.0,33.0,11.0,2.0,0.0,1.0,11.0,20.0,6.0,27.0,5.0,7.0,2.0,5.0,3.0,3.0,1.0,4.0,2.0,5.0,1.0,5.0
3353,201903,8,7.0,47.0,11.0,2.0,0.0,9.0,17.0,14.0,3.0,9.0,7.0,6.0,3.0,47.0,15.0,10.0,0.0,1.0,6.0,20.0,11.0,24.0,5.0,7.0,6.0,6.0,2.0,1.0,7.0,10.0,2.0,0.0,1.0,3.0
3354,201903,9,8.0,91.0,20.0,51.0,14.0,5.0,10.0,0.0,6.0,6.0,13.0,9.0,12.0,38.0,27.0,4.0,6.0,11.0,11.0,13.0,6.0,37.0,4.0,19.0,13.0,22.0,10.0,7.0,5.0,2.0,3.0,0.0,1.0,6.0
3355,201903,10,17.0,37.0,8.0,23.0,5.0,33.0,8.0,12.0,2.0,9.0,21.0,14.0,15.0,11.0,19.0,17.0,0.0,5.0,11.0,20.0,8.0,22.0,5.0,12.0,8.0,7.0,9.0,7.0,6.0,8.0,8.0,4.0,3.0,12.0
3356,201903,11,8.0,45.0,12.0,3.0,10.0,13.0,5.0,8.0,0.0,8.0,22.0,8.0,11.0,29.0,12.0,8.0,2.0,10.0,10.0,16.0,6.0,18.0,2.0,6.0,6.0,5.0,8.0,7.0,8.0,5.0,3.0,4.0,1.0,4.0
3357,201903,12,5.0,87.0,15.0,5.0,9.0,7.0,6.0,3.0,0.0,9.0,22.0,2.0,10.0,24.0,14.0,3.0,0.0,4.0,9.0,10.0,4.0,16.0,3.0,10.0,9.0,13.0,6.0,6.0,2.0,10.0,1.0,3.0,0.0,2.0
3358,201903,13,15.0,188.0,106.0,103.0,15.0,16.0,39.0,15.0,2.0,18.0,51.0,14.0,28.0,785.0,76.0,25.0,22.0,29.0,15.0,62.0,27.0,63.0,65.0,43.0,32.0,52.0,16.0,10.0,19.0,21.0,10.0,8.0,3.0,16.0
3359,201903,14,14.0,87.0,43.0,120.0,7.0,27.0,22.0,11.0,0.0,22.0,30.0,15.0,19.0,432.0,217.0,42.0,10.0,13.0,26.0,38.0,13.0,55.0,45.0,37.0,45.0,54.0,14.0,13.0,19.0,18.0,6.0,3.0,0.0,8.0
3360,201903,15,45.0,45.0,25.0,13.0,4.0,19.0,6.0,23.0,0.0,23.0,37.0,9.0,15.0,30.0,25.0,29.0,13.0,7.0,11.0,17.0,12.0,22.0,7.0,17.0,12.0,23.0,8.0,14.0,16.0,5.0,4.0,3.0,4.0,20.0
3361,201903,16,7.0,29.0,22.0,4.0,8.0,13.0,9.0,4.0,5.0,8.0,29.0,6.0,12.0,16.0,27.0,11.0,14.0,11.0,14.0,7.0,7.0,14.0,4.0,11.0,10.0,8.0,12.0,11.0,11.0,4.0,10.0,6.0,1.0,7.0
3362,201903,17,2.0,31.0,24.0,4.0,6.0,5.0,12.0,6.0,1.0,7.0,30.0,5.0,10.0,16.0,21.0,9.0,13.0,6.0,11.0,10.0,13.0,26.0,0.0,15.0,10.0,13.0,9.0,13.0,4.0,8.0,5.0,0.0,1.0,3.0
3363,201903,18,5.0,20.0,22.0,8.0,8.0,2.0,4.0,8.0,4.0,6.0,17.0,4.0,11.0,27.0,17.0,11.0,10.0,6.0,13.0,13.0,10.0,14.0,2.0,8.0,11.0,12.0,8.0,13.0,4.0,5.0,6.0,9.0,1.0,2.0
3364,201903,19,2.0,25.0,20.0,5.0,3.0,12.0,11.0,6.0,5.0,8.0,14.0,6.0,15.0,25.0,19.0,10.0,9.0,9.0,10.0,24.0,10.0,30.0,3.0,6.0,13.0,8.0,3.0,12.0,4.0,12.0,5.0,7.0,2.0,8.0
3365,201903,20,6.0,25.0,18.0,3.0,4.0,12.0,15.0,7.0,2.0,7.0,11.0,1.0,8.0,16.0,11.0,6.0,13.0,8.0,16.0,38.0,8.0,58.0,6.0,7.0,6.0,11.0,2.0,11.0,5.0,16.0,4.0,4.0,3.0,5.0
3366,201903,21,10.0,16.0,21.0,5.0,6.0,13.0,7.0,6.0,4.0,5.0,8.0,6.0,11.0,13.0,4.0,12.0,1.0,6.0,11.0,17.0,9.0,26.0,2.0,7.0,6.0,9.0,4.0,15.0,6.0,11.0,3.0,0.0,0.0,5.0
3367,201903,22,6.0,14.0,20.0,6.0,3.0,12.0,12.0,11.0,3.0,7.0,14.0,6.0,10.0,24.0,7.0,11.0,0.0,6.0,11.0,27.0,8.0,71.0,4.0,7.0,7.0,9.0,2.0,14.0,10.0,13.0,1.0,1.0,0.0,9.0
3368,201903,23,4.0,12.0,19.0,2.0,2.0,12.0,6.0,7.0,1.0,7.0,17.0,1.0,11.0,18.0,1.0,7.0,1.0,8.0,15.0,11.0,9.0,23.0,1.0,4.0,4.0,7.0,7.0,12.0,4.0,8.0,1.0,3.0,1.0,1.0
3369,201903,24,2.0,45.0,19.0,6.0,5.0,6.0,8.0,6.0,0.0,7.0,13.0,5.0,9.0,23.0,7.0,3.0,2.0,4.0,9.0,11.0,13.0,16.0,8.0,10.0,8.0,11.0,11.0,8.0,3.0,7.0,7.0,0.0,0.0,3.0
3370,201903,25,2.0,60.0,17.0,9.0,9.0,12.0,6.0,5.0,4.0,8.0,22.0,6.0,16.0,21.0,10.0,13.0,2.0,12.0,9.0,26.0,10.0,49.0,4.0,11.0,11.0,16.0,9.0,12.0,2.0,10.0,6.0,1.0,0.0,1.0
3371,201903,26,3.0,16.0,14.0,6.0,8.0,9.0,5.0,5.0,0.0,8.0,24.0,1.0,11.0,17.0,4.0,11.0,1.0,6.0,8.0,18.0,11.0,27.0,2.0,11.0,12.0,14.0,8.0,15.0,2.0,8.0,6.0,1.0,1.0,2.0
3372,201903,27,3.0,11.0,11.0,6.0,6.0,9.0,8.0,5.0,1.0,5.0,16.0,2.0,11.0,19.0,3.0,5.0,1.0,5.0,7.0,29.0,7.0,50.0,0.0,7.0,5.0,13.0,7.0,10.0,2.0,10.0,7.0,1.0,1.0,0.0
3373,201903,28,3.0,12.0,9.0,3.0,7.0,10.0,7.0,4.0,0.0,3.0,13.0,6.0,8.0,17.0,8.0,12.0,1.0,6.0,9.0,15.0,7.0,29.0,5.0,7.0,11.0,12.0,8.0,10.0,3.0,7.0,6.0,2.0,1.0,1.0
3374,201903,29,4.0,10.0,8.0,4.0,5.0,7.0,3.0,4.0,2.0,5.0,16.0,2.0,8.0,17.0,6.0,6.0,0.0,6.0,7.0,14.0,6.0,17.0,3.0,12.0,7.0,13.0,6.0,11.0,2.0,6.0,4.0,2.0,2.0,2.0
3375,201903,30,3.0,13.0,15.0,2.0,4.0,9.0,4.0,3.0,2.0,6.0,15.0,1.0,6.0,11.0,4.0,8.0,2.0,7.0,16.0,7.0,11.0,10.0,2.0,4.0,5.0,11.0,10.0,13.0,0.0,5.0,1.0,4.0,0.0,3.0
3376,201903,31,8.0,14.0,20.0,6.0,4.0,7.0,8.0,4.0,1.0,3.0,14.0,7.0,7.0,18.0,5.0,2.0,1.0,4.0,10.0,10.0,14.0,17.0,0.0,10.0,4.0,7.0,9.0,8.0,3.0,8.0,3.0,1.0,0.0,0.0
3377,201904,1,6.0,24.0,12.0,9.0,8.0,14.0,3.0,10.0,3.0,12.0,23.0,9.0,14.0,16.0,9.0,10.0,3.0,8.0,15.0,21.0,11.0,22.0,2.0,12.0,8.0,19.0,10.0,19.0,6.0,5.0,8.0,4.0,0.0,4.0
3378,201904,2,3.0,8.0,16.0,4.0,3.0,11.0,4.0,9.0,7.0,4.0,16.0,2.0,11.0,17.0,3.0,8.0,0.0,4.0,8.0,27.0,10.0,37.0,2.0,9.0,10.0,11.0,8.0,11.0,4.0,8.0,4.0,2.0,1.0,0.0
3379,201904,3,5.0,8.0,11.0,3.0,6.0,13.0,7.0,9.0,0.0,9.0,16.0,2.0,10.0,13.0,7.0,14.0,1.0,5.0,10.0,26.0,12.0,36.0,0.0,6.0,13.0,14.0,10.0,12.0,6.0,8.0,6.0,0.0,29.0,8.0
3380,201904,4,2.0,21.0,13.0,4.0,5.0,10.0,10.0,9.0,5.0,4.0,23.0,7.0,12.0,13.0,8.0,7.0,2.0,5.0,10.0,17.0,9.0,35.0,1.0,8.0,9.0,17.0,8.0,12.0,6.0,7.0,5.0,6.0,6.0,3.0
3381,201904,5,3.0,13.0,6.0,8.0,7.0,7.0,6.0,7.0,0.0,3.0,24.0,4.0,11.0,15.0,7.0,7.0,1.0,8.0,9.0,19.0,8.0,32.0,3.0,13.0,9.0,17.0,7.0,10.0,3.0,7.0,6.0,0.0,1.0,3.0
3382,201904,6,3.0,90.0,21.0,7.0,8.0,6.0,6.0,2.0,2.0,7.0,26.0,1.0,10.0,19.0,5.0,10.0,1.0,25.0,15.0,11.0,12.0,13.0,1.0,9.0,5.0,15.0,14.0,15.0,3.0,8.0,2.0,9.0,2.0,1.0
3383,201904,7,7.0,77.0,18.0,19.0,12.0,5.0,4.0,2.0,1.0,3.0,204.0,9.0,7.0,8.0,29.0,5.0,0.0,15.0,7.0,6.0,7.0,9.0,2.0,16.0,6.0,19.0,7.0,4.0,7.0,4.0,5.0,2.0,0.0,3.0
3384,201904,8,8.0,32.0,12.0,8.0,7.0,13.0,4.0,4.0,2.0,11.0,20.0,108.0,16.0,1.0,8.0,13.0,4.0,9.0,10.0,17.0,9.0,32.0,3.0,10.0,15.0,17.0,16.0,8.0,15.0,4.0,3.0,6.0,2.0,8.0
3385,201904,9,13.0,13.0,10.0,3.0,7.0,9.0,4.0,7.0,0.0,12.0,17.0,35.0,11.0,8.0,8.0,6.0,4.0,3.0,6.0,13.0,10.0,16.0,5.0,12.0,9.0,14.0,14.0,4.0,8.0,3.0,9.0,7.0,1.0,5.0
3386,201904,10,9.0,54.0,51.0,54.0,8.0,11.0,31.0,9.0,1.0,8.0,24.0,9.0,10.0,402.0,32.0,11.0,6.0,12.0,12.0,34.0,19.0,49.0,32.0,23.0,14.0,34.0,9.0,8.0,7.0,14.0,4.0,5.0,3.0,8.0
3387,201904,11,10.0,30.0,15.0,384.0,1.0,12.0,14.0,8.0,10.0,8.0,21.0,3.0,4.0,136.0,63.0,18.0,6.0,8.0,34.0,18.0,10.0,24.0,19.0,20.0,24.0,36.0,10.0,7.0,8.0,6.0,0.0,5.0,1.0,3.0
3388,201904,12,6.0,10.0,9.0,29.0,7.0,12.0,14.0,8.0,3.0,5.0,11.0,23.0,9.0,9.0,11.0,9.0,0.0,1.0,11.0,7.0,1.0,6.0,2.0,7.0,6.0,15.0,5.0,21.0,5.0,6.0,2.0,1.0,0.0,7.0
3389,201904,13,3.0,412.0,28.0,11.0,16.0,6.0,8.0,6.0,0.0,11.0,55.0,33.0,12.0,16.0,17.0,8.0,9.0,24.0,8.0,16.0,8.0,10.0,5.0,40.0,13.0,34.0,17.0,3.0,10.0,8.0,7.0,4.0,0.0,4.0
3390,201904,14,60.0,157.0,29.0,70.0,23.0,67.0,14.0,42.0,1.0,52.0,49.0,98.0,51.0,28.0,583.0,78.0,26.0,28.0,112.0,36.0,21.0,25.0,12.0,52.0,75.0,65.0,41.0,18.0,49.0,15.0,20.0,1.0,14.0,68.0
3391,201904,15,61.0,54.0,23.0,20.0,15.0,48.0,8.0,15.0,1.0,25.0,31.0,33.0,30.0,12.0,82.0,45.0,10.0,10.0,10.0,18.0,9.0,18.0,8.0,23.0,28.0,33.0,26.0,16.0,25.0,6.0,12.0,2.0,59.0,18.0
3392,201904,16,9.0,14.0,9.0,4.0,3.0,8.0,5.0,2.0,2.0,4.0,11.0,6.0,2.0,4.0,3.0,3.0,1.0,4.0,2.0,27.0,2.0,20.0,2.0,5.0,5.0,5.0,8.0,1.0,1.0,4.0,0.0,3.0,10.0,2.0
3393,201904,17,4.0,182.0,28.0,9.0,6.0,6.0,4.0,4.0,4.0,4.0,30.0,5.0,11.0,7.0,9.0,3.0,4.0,14.0,13.0,20.0,8.0,18.0,3.0,19.0,8.0,18.0,10.0,5.0,4.0,8.0,4.0,9.0,1.0,6.0
3394,201904,18,8.0,95.0,11.0,4.0,7.0,6.0,15.0,4.0,0.0,3.0,60.0,3.0,5.0,3.0,4.0,4.0,1.0,4.0,4.0,14.0,8.0,18.0,2.0,15.0,3.0,9.0,2.0,6.0,3.0,5.0,1.0,2.0,1.0,1.0
3395,201904,19,104.0,53.0,10.0,9.0,64.0,115.0,17.0,44.0,0.0,60.0,44.0,192.0,74.0,10.0,30.0,76.0,125.0,17.0,15.0,13.0,9.0,24.0,3.0,51.0,48.0,24.0,131.0,46.0,47.0,10.0,107.0,0.0,45.0,46.0
3396,201904,20,10.0,13.0,4.0,10.0,13.0,43.0,2.0,12.0,2.0,15.0,13.0,9.0,9.0,6.0,14.0,13.0,13.0,7.0,7.0,12.0,4.0,10.0,2.0,7.0,6.0,8.0,29.0,8.0,3.0,5.0,18.0,2.0,7.0,3.0
3397,201904,21,10.0,11.0,8.0,8.0,6.0,9.0,0.0,5.0,1.0,2.0,16.0,4.0,5.0,6.0,5.0,16.0,4.0,4.0,6.0,7.0,7.0,4.0,0.0,9.0,5.0,9.0,11.0,6.0,1.0,3.0,4.0,0.0,0.0,1.0
3398,201904,22,3.0,13.0,4.0,7.0,2.0,11.0,4.0,5.0,4.0,4.0,16.0,8.0,3.0,6.0,6.0,11.0,2.0,2.0,4.0,11.0,10.0,15.0,1.0,4.0,5.0,4.0,4.0,5.0,2.0,6.0,4.0,6.0,1.0,2.0
3399,201904,23,6.0,48.0,14.0,7.0,8.0,3.0,6.0,9.0,0.0,2.0,21.0,2.0,7.0,6.0,6.0,1.0,1.0,8.0,4.0,16.0,7.0,24.0,1.0,11.0,10.0,4.0,9.0,3.0,4.0,6.0,2.0,2.0,1.0,1.0
3400,201904,24,7.0,94.0,8.0,4.0,5.0,4.0,6.0,2.0,0.0,12.0,44.0,12.0,6.0,6.0,9.0,6.0,1.0,31.0,9.0,17.0,9.0,20.0,2.0,13.0,10.0,18.0,10.0,5.0,2.0,5.0,4.0,5.0,1.0,3.0
3401,201904,25,11.0,5.0,12.0,4.0,2.0,6.0,7.0,2.0,1.0,9.0,21.0,10.0,3.0,5.0,7.0,3.0,1.0,2.0,5.0,9.0,3.0,18.0,1.0,8.0,6.0,5.0,7.0,4.0,2.0,6.0,3.0,3.0,0.0,3.0
3402,201904,26,73.0,21.0,13.0,8.0,11.0,79.0,2.0,73.0,4.0,63.0,34.0,67.0,15.0,11.0,27.0,52.0,4.0,6.0,18.0,6.0,3.0,8.0,3.0,21.0,39.0,20.0,25.0,47.0,39.0,5.0,10.0,0.0,55.0,98.0
3403,201904,27,14.0,12.0,14.0,36.0,11.0,41.0,5.0,11.0,2.0,21.0,24.0,19.0,9.0,10.0,303.0,36.0,9.0,8.0,79.0,10.0,8.0,4.0,4.0,22.0,32.0,31.0,18.0,12.0,12.0,6.0,5.0,5.0,35.0,8.0
3404,201904,28,10.0,7.0,7.0,19.0,2.0,7.0,3.0,10.0,0.0,5.0,25.0,8.0,7.0,14.0,30.0,11.0,1.0,4.0,21.0,1.0,1.0,4.0,12.0,9.0,10.0,7.0,6.0,8.0,1.0,2.0,0.0,2.0,0.0,1.0
3405,201904,29,4.0,15.0,10.0,7.0,7.0,7.0,5.0,3.0,3.0,12.0,21.0,6.0,2.0,14.0,29.0,5.0,3.0,1.0,7.0,20.0,29.0,23.0,2.0,5.0,6.0,6.0,5.0,4.0,4.0,9.0,3.0,3.0,1.0,3.0
3406,201904,30,11.0,139.0,30.0,20.0,10.0,14.0,2.0,8.0,0.0,8.0,45.0,8.0,7.0,23.0,95.0,15.0,5.0,12.0,32.0,27.0,9.0,32.0,3.0,23.0,18.0,71.0,9.0,10.0,4.0,12.0,3.0,0.0,0.0,5.0
3407,201905,1,7.0,166.0,15.0,2.0,5.0,4.0,5.0,6.0,1.0,3.0,24.0,4.0,3.0,8.0,22.0,4.0,2.0,7.0,12.0,18.0,8.0,20.0,6.0,11.0,11.0,26.0,4.0,1.0,3.0,7.0,2.0,2.0,1.0,5.0
3408,201905,2,8.0,112.0,23.0,10.0,10.0,21.0,5.0,4.0,0.0,34.0,46.0,15.0,18.0,14.0,13.0,17.0,8.0,30.0,31.0,12.0,6.0,22.0,7.0,25.0,22.0,25.0,17.0,21.0,15.0,11.0,4.0,0.0,2.0,12.0
3409,201905,3,16.0,53.0,13.0,6.0,7.0,10.0,2.0,20.0,0.0,13.0,70.0,18.0,4.0,4.0,11.0,11.0,4.0,28.0,12.0,16.0,2.0,17.0,3.0,10.0,10.0,17.0,9.0,22.0,15.0,3.0,7.0,0.0,1.0,9.0
3410,201905,4,5.0,13.0,4.0,6.0,11.0,7.0,2.0,5.0,2.0,13.0,7.0,94.0,9.0,0.0,11.0,2.0,0.0,7.0,1.0,9.0,2.0,2.0,0.0,14.0,15.0,8.0,7.0,6.0,11.0,1.0,1.0,2.0,1.0,1.0
3411,201905,5,9.0,12.0,7.0,3.0,5.0,19.0,2.0,26.0,1.0,22.0,12.0,44.0,17.0,10.0,6.0,12.0,26.0,1.0,4.0,9.0,3.0,11.0,1.0,11.0,13.0,10.0,23.0,6.0,12.0,3.0,3.0,0.0,2.0,2.0
3412,201905,6,7.0,12.0,8.0,2.0,9.0,11.0,2.0,6.0,4.0,9.0,11.0,7.0,4.0,22.0,8.0,7.0,12.0,6.0,7.0,10.0,3.0,17.0,4.0,6.0,9.0,9.0,4.0,7.0,4.0,10.0,4.0,1.0,1.0,5.0
3413,201905,7,9.0,35.0,19.0,4.0,7.0,5.0,3.0,5.0,0.0,3.0,150.0,4.0,9.0,28.0,2.0,3.0,3.0,8.0,7.0,19.0,7.0,23.0,5.0,19.0,14.0,12.0,8.0,4.0,4.0,10.0,2.0,7.0,0.0,3.0
3414,201905,8,8.0,356.0,41.0,20.0,13.0,5.0,14.0,7.0,0.0,11.0,84.0,13.0,21.0,21.0,20.0,8.0,7.0,25.0,19.0,32.0,19.0,37.0,3.0,32.0,24.0,35.0,16.0,8.0,8.0,16.0,9.0,0.0,2.0,12.0
3415,201905,9,12.0,54.0,22.0,11.0,8.0,3.0,6.0,6.0,1.0,4.0,176.0,17.0,15.0,11.0,16.0,9.0,6.0,8.0,12.0,20.0,5.0,27.0,2.0,16.0,15.0,21.0,13.0,9.0,1.0,10.0,2.0,2.0,0.0,3.0
3416,201905,10,5.0,22.0,6.0,8.0,5.0,11.0,8.0,6.0,0.0,5.0,73.0,7.0,7.0,2.0,8.0,9.0,3.0,7.0,4.0,13.0,8.0,21.0,1.0,13.0,10.0,12.0,8.0,5.0,6.0,4.0,2.0,0.0,1.0,5.0
3417,201905,11,1.0,78.0,7.0,5.0,10.0,4.0,4.0,2.0,0.0,15.0,38.0,145.0,8.0,7.0,6.0,7.0,4.0,11.0,5.0,6.0,2.0,1.0,1.0,19.0,16.0,10.0,17.0,2.0,7.0,0.0,3.0,1.0,1.0,1.0
3418,201905,12,13.0,24.0,11.0,5.0,6.0,9.0,3.0,15.0,0.0,6.0,20.0,39.0,9.0,6.0,13.0,5.0,4.0,7.0,11.0,8.0,11.0,10.0,2.0,9.0,11.0,3.0,11.0,10.0,7.0,2.0,6.0,0.0,2.0,5.0
3419,201905,13,5.0,16.0,7.0,1.0,30.0,8.0,3.0,16.0,1.0,8.0,17.0,21.0,8.0,5.0,7.0,8.0,11.0,3.0,9.0,15.0,11.0,13.0,1.0,4.0,6.0,5.0,33.0,15.0,5.0,8.0,13.0,0.0,0.0,6.0
3420,201905,14,1.0,14.0,13.0,0.0,3.0,8.0,6.0,7.0,2.0,6.0,14.0,8.0,10.0,6.0,1.0,1.0,1.0,2.0,9.0,20.0,5.0,33.0,3.0,9.0,6.0,5.0,5.0,9.0,5.0,11.0,4.0,4.0,0.0,7.0
3421,201905,15,4.0,14.0,12.0,1.0,2.0,1.0,11.0,6.0,0.0,3.0,10.0,1.0,10.0,0.0,1.0,4.0,0.0,2.0,11.0,39.0,6.0,105.0,3.0,6.0,7.0,3.0,5.0,4.0,5.0,20.0,2.0,4.0,0.0,1.0
3422,201905,16,1.0,21.0,10.0,3.0,4.0,4.0,6.0,4.0,0.0,1.0,15.0,6.0,5.0,7.0,16.0,7.0,3.0,3.0,6.0,16.0,4.0,23.0,1.0,5.0,6.0,4.0,4.0,3.0,5.0,4.0,1.0,1.0,1.0,5.0
3423,201905,17,4.0,19.0,8.0,3.0,3.0,2.0,4.0,3.0,1.0,4.0,19.0,5.0,1.0,11.0,5.0,3.0,1.0,2.0,8.0,11.0,7.0,11.0,4.0,1.0,5.0,5.0,6.0,8.0,5.0,3.0,2.0,0.0,1.0,5.0
3424,201905,18,2.0,431.0,33.0,16.0,11.0,2.0,14.0,7.0,0.0,7.0,45.0,7.0,12.0,17.0,53.0,9.0,5.0,23.0,13.0,39.0,13.0,29.0,5.0,27.0,9.0,40.0,15.0,9.0,6.0,9.0,3.0,6.0,0.0,3.0
3425,201905,19,51.0,63.0,18.0,10.0,14.0,6.0,8.0,25.0,0.0,10.0,27.0,9.0,13.0,16.0,45.0,20.0,4.0,10.0,11.0,23.0,12.0,17.0,4.0,15.0,22.0,26.0,13.0,10.0,19.0,7.0,2.0,1.0,9.0,29.0
3426,201905,20,39.0,64.0,10.0,11.0,4.0,30.0,7.0,8.0,3.0,14.0,26.0,14.0,6.0,82.0,19.0,20.0,4.0,2.0,7.0,12.0,6.0,25.0,2.0,17.0,21.0,40.0,6.0,24.0,8.0,7.0,5.0,2.0,1.0,12.0
3427,201905,21,4.0,170.0,29.0,18.0,6.0,13.0,7.0,3.0,0.0,4.0,39.0,8.0,9.0,48.0,17.0,2.0,2.0,19.0,11.0,31.0,0.0,41.0,14.0,25.0,9.0,44.0,4.0,4.0,3.0,14.0,1.0,0.0,0.0,5.0
3428,201905,22,0.0,16.0,9.0,4.0,2.0,3.0,2.0,6.0,2.0,1.0,11.0,3.0,12.0,4.0,6.0,3.0,3.0,1.0,7.0,28.0,8.0,35.0,2.0,1.0,7.0,6.0,7.0,2.0,2.0,14.0,2.0,1.0,0.0,3.0
3429,201905,23,58.0,30.0,14.0,8.0,4.0,45.0,8.0,53.0,6.0,48.0,13.0,24.0,12.0,13.0,22.0,29.0,7.0,2.0,13.0,21.0,11.0,17.0,2.0,16.0,19.0,19.0,16.0,15.0,19.0,5.0,8.0,0.0,12.0,43.0
3430,201905,24,2.0,21.0,8.0,4.0,3.0,10.0,0.0,5.0,4.0,4.0,16.0,4.0,5.0,7.0,7.0,2.0,0.0,2.0,10.0,5.0,6.0,9.0,2.0,1.0,8.0,10.0,2.0,4.0,0.0,8.0,2.0,2.0,0.0,3.0
3431,201905,25,0.0,5.0,3.0,1.0,1.0,2.0,4.0,1.0,3.0,0.0,3.0,2.0,1.0,4.0,1.0,1.0,0.0,0.0,2.0,2.0,0.0,4.0,1.0,3.0,4.0,1.0,2.0,1.0,3.0,4.0,0.0,3.0,0.0,1.0
3432,201905,26,6.0,14.0,5.0,4.0,2.0,2.0,5.0,3.0,1.0,1.0,12.0,3.0,5.0,48.0,4.0,2.0,0.0,2.0,7.0,12.0,3.0,13.0,6.0,4.0,3.0,7.0,4.0,2.0,6.0,3.0,0.0,1.0,0.0,3.0
3433,201905,27,8.0,16.0,11.0,33.0,3.0,18.0,6.0,5.0,3.0,15.0,15.0,15.0,15.0,24.0,290.0,31.0,3.0,3.0,55.0,6.0,9.0,22.0,6.0,21.0,42.0,36.0,6.0,7.0,13.0,6.0,1.0,2.0,1.0,13.0
3434,201905,28,66.0,24.0,17.0,24.0,3.0,39.0,8.0,30.0,11.0,34.0,26.0,20.0,20.0,38.0,92.0,39.0,3.0,5.0,37.0,30.0,15.0,37.0,5.0,21.0,35.0,42.0,16.0,18.0,26.0,16.0,8.0,1.0,16.0,69.0
3435,201905,29,111.0,421.0,51.0,21.0,18.0,90.0,16.0,96.0,3.0,82.0,65.0,56.0,34.0,42.0,32.0,64.0,15.0,24.0,40.0,57.0,21.0,56.0,5.0,57.0,67.0,71.0,43.0,28.0,42.0,24.0,8.0,8.0,44.0,112.0
3436,201905,30,75.0,21.0,21.0,10.0,6.0,53.0,4.0,33.0,6.0,40.0,24.0,25.0,12.0,11.0,12.0,31.0,3.0,5.0,18.0,36.0,15.0,44.0,3.0,21.0,34.0,18.0,21.0,37.0,21.0,16.0,11.0,1.0,11.0,65.0
3437,201905,31,8.0,26.0,12.0,5.0,8.0,14.0,6.0,6.0,6.0,9.0,24.0,14.0,7.0,8.0,8.0,4.0,4.0,2.0,13.0,22.0,12.0,23.0,1.0,13.0,6.0,9.0,12.0,14.0,6.0,9.0,6.0,1.0,4.0,3.0
3438,201906,1,1.0,108.0,10.0,4.0,2.0,8.0,3.0,3.0,7.0,4.0,18.0,11.0,1.0,4.0,20.0,2.0,1.0,3.0,7.0,6.0,5.0,6.0,0.0,13.0,7.0,8.0,6.0,10.0,2.0,3.0,3.0,0.0,0.0,1.0
3439,201906,2,43.0,76.0,11.0,10.0,8.0,18.0,5.0,26.0,7.0,24.0,25.0,19.0,13.0,19.0,13.0,16.0,5.0,20.0,20.0,21.0,9.0,18.0,2.0,18.0,16.0,15.0,24.0,20.0,13.0,4.0,4.0,0.0,7.0,29.0
3440,201906,3,4.0,32.0,19.0,2.0,10.0,19.0,2.0,6.0,1.0,8.0,22.0,8.0,9.0,19.0,3.0,6.0,6.0,5.0,12.0,21.0,8.0,28.0,0.0,4.0,4.0,4.0,10.0,21.0,2.0,13.0,9.0,0.0,2.0,9.0
3441,201906,4,1.0,11.0,17.0,5.0,4.0,12.0,3.0,5.0,2.0,1.0,20.0,4.0,6.0,11.0,10.0,3.0,2.0,3.0,12.0,23.0,8.0,23.0,2.0,10.0,8.0,5.0,9.0,14.0,5.0,9.0,5.0,1.0,0.0,2.0
3442,201906,5,53.0,25.0,16.0,4.0,4.0,21.0,6.0,39.0,2.0,25.0,19.0,10.0,8.0,11.0,9.0,19.0,3.0,7.0,16.0,54.0,7.0,38.0,1.0,18.0,19.0,15.0,13.0,18.0,10.0,8.0,6.0,3.0,4.0,26.0
3443,201906,6,4.0,31.0,11.0,1.0,7.0,2.0,4.0,3.0,4.0,4.0,27.0,16.0,5.0,10.0,5.0,5.0,1.0,4.0,6.0,23.0,10.0,27.0,2.0,5.0,11.0,5.0,6.0,8.0,2.0,7.0,5.0,4.0,1.0,3.0
3444,201906,7,1.0,23.0,15.0,2.0,6.0,14.0,2.0,5.0,5.0,6.0,17.0,15.0,5.0,51.0,4.0,10.0,2.0,6.0,4.0,10.0,7.0,16.0,7.0,7.0,8.0,3.0,12.0,11.0,10.0,6.0,4.0,1.0,1.0,2.0
3445,201906,8,2.0,43.0,19.0,7.0,12.0,20.0,6.0,8.0,7.0,16.0,14.0,41.0,133.0,52.0,27.0,6.0,9.0,6.0,3.0,20.0,2.0,22.0,5.0,7.0,23.0,10.0,28.0,7.0,6.0,2.0,13.0,19.0,7.0,2.0
3446,201906,9,15.0,344.0,66.0,42.0,27.0,24.0,25.0,18.0,2.0,21.0,69.0,45.0,96.0,58.0,37.0,36.0,14.0,37.0,9.0,42.0,11.0,26.0,9.0,43.0,33.0,29.0,29.0,8.0,21.0,8.0,7.0,1.0,26.0,19.0
3447,201906,10,47.0,118.0,33.0,23.0,13.0,52.0,6.0,58.0,7.0,39.0,22.0,42.0,44.0,33.0,25.0,40.0,6.0,12.0,10.0,29.0,5.0,33.0,6.0,23.0,49.0,21.0,27.0,17.0,21.0,3.0,3.0,2.0,23.0,93.0
3448,201906,11,5.0,21.0,5.0,7.0,5.0,19.0,8.0,11.0,1.0,11.0,6.0,11.0,7.0,8.0,7.0,11.0,2.0,3.0,3.0,12.0,10.0,19.0,0.0,5.0,14.0,5.0,8.0,4.0,6.0,7.0,3.0,2.0,6.0,9.0
3449,201906,12,5.0,20.0,4.0,17.0,2.0,19.0,7.0,2.0,1.0,13.0,6.0,12.0,6.0,9.0,72.0,11.0,9.0,3.0,3.0,18.0,4.0,11.0,2.0,7.0,11.0,7.0,16.0,6.0,9.0,3.0,4.0,2.0,2.0,12.0
3450,201906,13,15.0,7.0,4.0,2.0,5.0,15.0,5.0,4.0,5.0,8.0,3.0,7.0,1.0,10.0,10.0,4.0,5.0,1.0,1.0,13.0,1.0,8.0,3.0,5.0,7.0,4.0,16.0,1.0,8.0,3.0,4.0,7.0,6.0,9.0
3451,201906,14,3.0,8.0,3.0,2.0,2.0,8.0,3.0,2.0,2.0,2.0,0.0,2.0,3.0,18.0,6.0,4.0,4.0,2.0,1.0,12.0,1.0,10.0,4.0,3.0,3.0,3.0,1.0,3.0,4.0,0.0,2.0,3.0,1.0,4.0
3452,201906,15,91.0,17.0,9.0,11.0,2.0,12.0,4.0,5.0,2.0,6.0,16.0,17.0,5.0,15.0,22.0,17.0,4.0,5.0,12.0,12.0,5.0,8.0,0.0,12.0,8.0,13.0,11.0,3.0,9.0,1.0,3.0,2.0,0.0,0.0
3453,201906,16,20.0,425.0,29.0,16.0,19.0,14.0,11.0,12.0,3.0,13.0,134.0,19.0,14.0,59.0,51.0,18.0,10.0,31.0,15.0,23.0,12.0,18.0,4.0,35.0,30.0,36.0,19.0,19.0,11.0,12.0,10.0,1.0,2.0,8.0
3454,201906,17,17.0,80.0,32.0,13.0,12.0,23.0,19.0,6.0,0.0,52.0,42.0,29.0,21.0,108.0,24.0,21.0,14.0,18.0,4.0,28.0,6.0,32.0,15.0,23.0,13.0,22.0,20.0,9.0,11.0,4.0,9.0,2.0,5.0,15.0
3455,201906,18,62.0,19.0,9.0,11.0,5.0,34.0,4.0,26.0,1.0,50.0,9.0,30.0,10.0,39.0,31.0,23.0,24.0,4.0,11.0,17.0,4.0,20.0,3.0,14.0,22.0,17.0,22.0,14.0,18.0,5.0,6.0,1.0,8.0,47.0
3456,201906,19,48.0,183.0,18.0,6.0,7.0,18.0,6.0,12.0,1.0,27.0,20.0,16.0,17.0,12.0,24.0,10.0,27.0,11.0,4.0,22.0,5.0,20.0,7.0,17.0,16.0,17.0,26.0,2.0,21.0,7.0,6.0,4.0,14.0,25.0
3457,201906,20,87.0,57.0,6.0,14.0,7.0,85.0,19.0,69.0,3.0,58.0,8.0,62.0,19.0,27.0,43.0,59.0,7.0,7.0,13.0,11.0,6.0,14.0,8.0,25.0,50.0,24.0,34.0,19.0,38.0,2.0,11.0,6.0,19.0,120.0
3458,201906,21,18.0,23.0,15.0,12.0,4.0,15.0,8.0,12.0,6.0,9.0,12.0,16.0,6.0,137.0,18.0,13.0,1.0,6.0,7.0,18.0,12.0,19.0,16.0,13.0,10.0,19.0,10.0,5.0,6.0,5.0,3.0,2.0,2.0,15.0
3459,201906,22,2.0,28.0,16.0,4.0,5.0,4.0,7.0,6.0,4.0,14.0,7.0,58.0,5.0,48.0,18.0,9.0,4.0,6.0,0.0,11.0,5.0,13.0,6.0,11.0,5.0,11.0,5.0,4.0,10.0,1.0,0.0,1.0,0.0,4.0
3460,201906,23,2.0,291.0,32.0,18.0,8.0,11.0,9.0,11.0,1.0,10.0,31.0,18.0,18.0,32.0,51.0,10.0,8.0,19.0,22.0,18.0,11.0,12.0,10.0,30.0,13.0,29.0,17.0,4.0,6.0,7.0,2.0,0.0,0.0,6.0
3461,201906,24,6.0,123.0,13.0,14.0,7.0,9.0,6.0,2.0,3.0,7.0,36.0,31.0,15.0,8.0,73.0,12.0,6.0,8.0,12.0,16.0,2.0,20.0,5.0,13.0,21.0,16.0,9.0,5.0,3.0,2.0,3.0,0.0,0.0,7.0
3462,201906,25,23.0,23.0,5.0,8.0,2.0,18.0,5.0,4.0,7.0,8.0,33.0,14.0,10.0,8.0,23.0,8.0,6.0,8.0,6.0,17.0,4.0,26.0,2.0,9.0,10.0,9.0,9.0,4.0,1.0,5.0,1.0,5.0,2.0,8.0
3463,201906,26,6.0,17.0,8.0,1.0,3.0,11.0,11.0,5.0,2.0,5.0,7.0,6.0,3.0,2.0,12.0,2.0,3.0,3.0,1.0,19.0,3.0,27.0,5.0,6.0,8.0,2.0,1.0,0.0,2.0,6.0,4.0,2.0,0.0,3.0
3464,201906,27,2.0,23.0,10.0,13.0,1.0,12.0,11.0,2.0,4.0,11.0,8.0,14.0,4.0,0.0,69.0,8.0,3.0,4.0,7.0,13.0,3.0,13.0,2.0,10.0,13.0,6.0,5.0,0.0,9.0,2.0,4.0,3.0,2.0,4.0
3465,201906,28,7.0,18.0,3.0,10.0,3.0,16.0,9.0,18.0,1.0,9.0,17.0,21.0,5.0,5.0,79.0,12.0,5.0,2.0,6.0,9.0,4.0,13.0,2.0,6.0,16.0,5.0,8.0,2.0,23.0,2.0,2.0,0.0,1.0,7.0
3466,201906,29,141.0,41.0,3.0,15.0,10.0,51.0,9.0,52.0,4.0,30.0,24.0,27.0,7.0,12.0,26.0,39.0,10.0,8.0,4.0,10.0,11.0,9.0,2.0,16.0,15.0,12.0,30.0,6.0,32.0,2.0,11.0,7.0,31.0,27.0
3467,201906,30,26.0,30.0,6.0,29.0,3.0,33.0,5.0,11.0,0.0,12.0,11.0,19.0,8.0,24.0,203.0,25.0,5.0,8.0,13.0,15.0,6.0,10.0,3.0,26.0,27.0,17.0,17.0,1.0,15.0,0.0,7.0,1.0,1.0,8.0
3468,201907,1,1.0,51.0,13.0,11.0,3.0,9.0,12.0,15.0,0.0,8.0,17.0,15.0,3.0,21.0,22.0,11.0,2.0,10.0,6.0,18.0,3.0,14.0,3.0,9.0,7.0,9.0,9.0,7.0,4.0,3.0,4.0,1.0,0.0,4.0
3469,201907,2,4.0,17.0,11.0,8.0,2.0,9.0,3.0,12.0,0.0,13.0,13.0,8.0,8.0,6.0,160.0,10.0,2.0,5.0,37.0,16.0,4.0,9.0,3.0,13.0,21.0,20.0,2.0,2.0,12.0,4.0,0.0,1.0,1.0,3.0
3470,201907,3,3.0,7.0,4.0,11.0,1.0,11.0,1.0,4.0,0.0,6.0,8.0,13.0,1.0,6.0,30.0,13.0,3.0,2.0,7.0,8.0,3.0,10.0,2.0,11.0,19.0,13.0,8.0,2.0,4.0,2.0,3.0,6.0,0.0,3.0
3471,201907,4,3.0,3.0,0.0,1.0,3.0,33.0,0.0,21.0,1.0,85.0,4.0,11.0,5.0,6.0,5.0,15.0,1.0,1.0,3.0,2.0,1.0,2.0,0.0,5.0,14.0,4.0,15.0,39.0,16.0,0.0,3.0,1.0,0.0,3.0
3472,201907,5,5.0,4.0,2.0,5.0,1.0,15.0,1.0,18.0,6.0,12.0,4.0,8.0,4.0,12.0,27.0,6.0,1.0,2.0,3.0,6.0,4.0,4.0,1.0,5.0,11.0,4.0,8.0,2.0,8.0,1.0,0.0,1.0,0.0,5.0
3473,201907,6,109.0,144.0,9.0,12.0,12.0,76.0,5.0,94.0,0.0,39.0,21.0,30.0,12.0,10.0,34.0,53.0,11.0,9.0,10.0,14.0,12.0,12.0,2.0,29.0,28.0,17.0,42.0,24.0,35.0,3.0,5.0,5.0,81.0,45.0
3474,201907,7,30.0,55.0,8.0,5.0,7.0,39.0,7.0,34.0,0.0,28.0,18.0,30.0,15.0,16.0,7.0,29.0,10.0,11.0,5.0,18.0,7.0,10.0,3.0,18.0,15.0,11.0,26.0,19.0,13.0,3.0,9.0,5.0,6.0,16.0
3475,201907,8,2.0,31.0,7.0,3.0,4.0,12.0,7.0,8.0,0.0,14.0,11.0,17.0,4.0,12.0,4.0,8.0,11.0,2.0,1.0,17.0,7.0,20.0,1.0,5.0,7.0,4.0,7.0,4.0,8.0,4.0,3.0,8.0,0.0,8.0
3476,201907,9,2.0,13.0,5.0,2.0,6.0,6.0,2.0,13.0,0.0,3.0,6.0,12.0,4.0,3.0,5.0,7.0,6.0,3.0,1.0,16.0,1.0,15.0,0.0,2.0,4.0,9.0,8.0,2.0,5.0,1.0,4.0,2.0,0.0,2.0
3477,201907,10,0.0,234.0,18.0,6.0,5.0,3.0,9.0,7.0,4.0,4.0,36.0,8.0,4.0,10.0,10.0,4.0,4.0,14.0,4.0,24.0,5.0,17.0,2.0,12.0,9.0,16.0,10.0,3.0,6.0,6.0,2.0,4.0,0.0,6.0
3478,201907,11,134.0,78.0,19.0,17.0,18.0,122.0,12.0,158.0,0.0,135.0,11.0,55.0,28.0,8.0,38.0,96.0,12.0,6.0,18.0,28.0,7.0,25.0,3.0,32.0,69.0,32.0,63.0,58.0,100.0,8.0,13.0,11.0,52.0,151.0
3479,201907,12,18.0,27.0,7.0,5.0,3.0,31.0,9.0,14.0,4.0,15.0,24.0,39.0,8.0,33.0,12.0,10.0,4.0,8.0,5.0,11.0,9.0,20.0,4.0,9.0,11.0,16.0,13.0,6.0,13.0,4.0,5.0,6.0,0.0,19.0
3480,201907,13,6.0,40.0,6.0,2.0,8.0,8.0,8.0,7.0,1.0,9.0,202.0,22.0,18.0,31.0,15.0,11.0,6.0,7.0,3.0,13.0,8.0,8.0,4.0,12.0,5.0,5.0,16.0,4.0,7.0,2.0,7.0,4.0,4.0,6.0
3481,201907,14,3.0,20.0,3.0,4.0,0.0,7.0,4.0,2.0,0.0,4.0,48.0,12.0,2.0,11.0,79.0,8.0,1.0,7.0,14.0,7.0,3.0,6.0,3.0,5.0,13.0,6.0,5.0,2.0,3.0,1.0,0.0,0.0,2.0,3.0
3482,201907,15,2.0,22.0,8.0,40.0,2.0,7.0,2.0,3.0,0.0,6.0,42.0,5.0,6.0,22.0,17.0,12.0,2.0,4.0,9.0,2.0,4.0,6.0,3.0,5.0,7.0,7.0,6.0,6.0,6.0,1.0,1.0,3.0,2.0,8.0
3483,201907,16,5.0,18.0,6.0,11.0,0.0,6.0,14.0,4.0,1.0,4.0,8.0,6.0,5.0,1.0,11.0,11.0,2.0,4.0,4.0,14.0,2.0,9.0,4.0,3.0,14.0,11.0,8.0,4.0,7.0,2.0,3.0,1.0,3.0,9.0
3484,201907,17,142.0,22.0,9.0,13.0,8.0,94.0,7.0,52.0,3.0,56.0,18.0,28.0,35.0,5.0,78.0,68.0,6.0,5.0,15.0,10.0,3.0,12.0,2.0,26.0,50.0,25.0,24.0,34.0,45.0,0.0,3.0,5.0,50.0,128.0
3485,201907,18,69.0,27.0,11.0,63.0,11.0,95.0,17.0,87.0,1.0,39.0,13.0,43.0,44.0,22.0,471.0,86.0,9.0,7.0,51.0,23.0,7.0,33.0,10.0,32.0,75.0,41.0,40.0,16.0,24.0,6.0,7.0,2.0,20.0,46.0
3486,201907,19,17.0,23.0,4.0,21.0,3.0,17.0,3.0,7.0,0.0,16.0,12.0,29.0,87.0,10.0,33.0,87.0,2.0,7.0,10.0,14.0,11.0,9.0,4.0,9.0,13.0,10.0,13.0,5.0,8.0,4.0,2.0,2.0,2.0,11.0
3487,201907,20,5.0,13.0,3.0,25.0,4.0,12.0,14.0,9.0,0.0,9.0,11.0,9.0,16.0,14.0,70.0,30.0,3.0,9.0,15.0,10.0,9.0,11.0,6.0,10.0,12.0,13.0,11.0,1.0,7.0,2.0,2.0,1.0,4.0,6.0
3488,201907,21,51.0,20.0,9.0,7.0,4.0,21.0,5.0,22.0,0.0,28.0,4.0,19.0,7.0,15.0,72.0,27.0,0.0,6.0,8.0,5.0,1.0,8.0,0.0,8.0,31.0,12.0,11.0,8.0,41.0,4.0,1.0,1.0,9.0,22.0
3489,201907,22,177.0,22.0,15.0,14.0,8.0,92.0,13.0,74.0,3.0,66.0,20.0,42.0,19.0,18.0,47.0,63.0,6.0,8.0,14.0,19.0,2.0,18.0,6.0,27.0,47.0,19.0,35.0,22.0,53.0,7.0,10.0,0.0,55.0,128.0
3490,201907,23,25.0,13.0,3.0,4.0,9.0,30.0,6.0,15.0,6.0,27.0,13.0,105.0,16.0,7.0,14.0,23.0,14.0,4.0,2.0,18.0,5.0,19.0,0.0,8.0,17.0,9.0,34.0,6.0,23.0,4.0,5.0,4.0,7.0,21.0
3491,201907,24,7.0,7.0,3.0,1.0,3.0,11.0,10.0,5.0,1.0,10.0,6.0,4.0,3.0,5.0,8.0,6.0,3.0,0.0,2.0,11.0,1.0,10.0,3.0,6.0,5.0,4.0,12.0,2.0,1.0,1.0,1.0,2.0,1.0,6.0
3492,201907,25,0.0,9.0,6.0,0.0,4.0,1.0,5.0,2.0,0.0,7.0,3.0,4.0,4.0,7.0,5.0,1.0,12.0,1.0,2.0,13.0,1.0,12.0,2.0,3.0,6.0,6.0,5.0,2.0,1.0,5.0,11.0,2.0,1.0,1.0
3493,201907,26,1.0,14.0,14.0,0.0,2.0,4.0,6.0,2.0,1.0,4.0,5.0,3.0,4.0,6.0,5.0,2.0,5.0,0.0,5.0,11.0,1.0,10.0,2.0,5.0,3.0,5.0,5.0,0.0,1.0,5.0,4.0,0.0,1.0,4.0
3494,201907,27,0.0,10.0,3.0,3.0,1.0,1.0,8.0,2.0,5.0,2.0,4.0,3.0,3.0,13.0,3.0,1.0,1.0,3.0,1.0,7.0,1.0,5.0,0.0,4.0,0.0,2.0,0.0,0.0,2.0,1.0,0.0,0.0,1.0,3.0
3495,201907,28,2.0,6.0,8.0,2.0,1.0,3.0,5.0,6.0,4.0,1.0,3.0,3.0,2.0,3.0,10.0,2.0,2.0,1.0,2.0,10.0,2.0,5.0,1.0,10.0,4.0,0.0,5.0,1.0,4.0,0.0,1.0,1.0,0.0,0.0
3496,201907,29,12.0,17.0,8.0,21.0,2.0,17.0,8.0,5.0,5.0,10.0,12.0,7.0,7.0,10.0,207.0,21.0,6.0,5.0,14.0,10.0,4.0,7.0,6.0,14.0,25.0,15.0,7.0,2.0,8.0,0.0,1.0,0.0,2.0,7.0
3497,201907,30,42.0,11.0,15.0,4.0,2.0,14.0,6.0,12.0,1.0,18.0,19.0,5.0,3.0,63.0,11.0,19.0,4.0,5.0,4.0,21.0,10.0,28.0,6.0,9.0,19.0,8.0,6.0,2.0,11.0,6.0,2.0,0.0,2.0,13.0
3498,201907,31,133.0,22.0,15.0,21.0,5.0,108.0,16.0,80.0,0.0,70.0,12.0,44.0,19.0,30.0,41.0,81.0,12.0,6.0,13.0,19.0,10.0,20.0,10.0,30.0,55.0,19.0,33.0,17.0,47.0,4.0,14.0,1.0,59.0,131.0
3499,201908,1,27.0,20.0,12.0,7.0,7.0,30.0,11.0,25.0,2.0,25.0,7.0,134.0,20.0,23.0,12.0,14.0,14.0,6.0,2.0,24.0,9.0,26.0,5.0,14.0,12.0,15.0,28.0,7.0,24.0,6.0,7.0,3.0,9.0,20.0
3500,201908,2,14.0,47.0,21.0,9.0,7.0,14.0,27.0,20.0,1.0,14.0,23.0,57.0,8.0,43.0,10.0,27.0,8.0,4.0,8.0,37.0,7.0,25.0,14.0,10.0,15.0,12.0,25.0,5.0,23.0,4.0,7.0,1.0,0.0,7.0
3501,201908,3,5.0,25.0,10.0,2.0,4.0,6.0,10.0,2.0,2.0,2.0,7.0,5.0,5.0,2.0,3.0,7.0,6.0,5.0,1.0,15.0,3.0,5.0,2.0,5.0,2.0,3.0,2.0,5.0,2.0,4.0,0.0,3.0,2.0,2.0
3502,201908,4,4.0,13.0,3.0,3.0,2.0,5.0,0.0,1.0,2.0,8.0,1.0,16.0,7.0,6.0,4.0,5.0,4.0,5.0,0.0,8.0,2.0,10.0,1.0,13.0,7.0,3.0,6.0,1.0,3.0,3.0,1.0,0.0,0.0,1.0
3503,201908,5,1.0,8.0,2.0,1.0,1.0,5.0,3.0,4.0,0.0,3.0,3.0,7.0,4.0,5.0,7.0,5.0,4.0,0.0,0.0,10.0,2.0,9.0,3.0,6.0,7.0,2.0,1.0,0.0,5.0,5.0,3.0,1.0,0.0,3.0
3504,201908,6,73.0,16.0,4.0,5.0,4.0,37.0,15.0,38.0,0.0,25.0,5.0,16.0,9.0,4.0,7.0,34.0,8.0,3.0,6.0,19.0,4.0,18.0,6.0,14.0,23.0,9.0,9.0,7.0,17.0,5.0,3.0,2.0,19.0,40.0
3505,201908,7,209.0,35.0,14.0,26.0,20.0,157.0,20.0,133.0,3.0,96.0,25.0,57.0,38.0,24.0,50.0,98.0,21.0,7.0,19.0,37.0,9.0,39.0,4.0,38.0,72.0,30.0,57.0,55.0,67.0,10.0,24.0,8.0,114.0,196.0
3506,201908,8,83.0,26.0,9.0,9.0,8.0,68.0,11.0,8.0,4.0,36.0,13.0,21.0,16.0,54.0,23.0,46.0,10.0,9.0,3.0,12.0,8.0,20.0,9.0,11.0,30.0,11.0,27.0,5.0,24.0,5.0,13.0,1.0,39.0,91.0
3507,201908,9,17.0,16.0,5.0,5.0,3.0,8.0,4.0,4.0,6.0,13.0,1.0,14.0,2.0,5.0,7.0,11.0,7.0,1.0,1.0,9.0,1.0,14.0,4.0,10.0,12.0,7.0,8.0,1.0,3.0,1.0,2.0,1.0,2.0,11.0
3508,201908,10,5.0,12.0,5.0,0.0,2.0,2.0,3.0,0.0,7.0,3.0,5.0,1.0,2.0,1.0,2.0,7.0,1.0,2.0,0.0,4.0,2.0,7.0,2.0,4.0,3.0,0.0,4.0,0.0,0.0,2.0,3.0,7.0,0.0,0.0
3509,201908,11,8.0,12.0,6.0,2.0,1.0,5.0,4.0,2.0,0.0,4.0,6.0,6.0,3.0,7.0,4.0,6.0,3.0,3.0,0.0,7.0,2.0,8.0,5.0,8.0,3.0,1.0,6.0,2.0,4.0,2.0,0.0,9.0,1.0,1.0
3510,201908,12,7.0,17.0,7.0,12.0,4.0,6.0,4.0,6.0,0.0,9.0,13.0,11.0,5.0,4.0,100.0,10.0,5.0,4.0,10.0,7.0,6.0,9.0,2.0,11.0,12.0,19.0,12.0,7.0,5.0,2.0,0.0,1.0,1.0,5.0
3511,201908,13,25.0,15.0,16.0,6.0,5.0,25.0,5.0,33.0,1.0,28.0,14.0,40.0,13.0,5.0,12.0,19.0,10.0,3.0,6.0,19.0,4.0,17.0,2.0,5.0,13.0,6.0,11.0,11.0,21.0,0.0,3.0,5.0,1.0,12.0
3512,201908,14,26.0,32.0,10.0,5.0,10.0,13.0,6.0,12.0,3.0,7.0,18.0,12.0,9.0,2.0,10.0,6.0,17.0,3.0,1.0,14.0,4.0,15.0,1.0,11.0,11.0,8.0,22.0,4.0,5.0,0.0,7.0,3.0,0.0,7.0
3513,201908,15,29.0,24.0,13.0,1.0,12.0,29.0,6.0,26.0,0.0,26.0,9.0,17.0,14.0,7.0,17.0,23.0,12.0,2.0,5.0,23.0,7.0,13.0,2.0,13.0,17.0,8.0,21.0,7.0,23.0,5.0,12.0,1.0,5.0,14.0
3514,201908,16,6.0,19.0,14.0,3.0,1.0,8.0,13.0,8.0,0.0,4.0,14.0,5.0,4.0,21.0,11.0,12.0,5.0,3.0,0.0,11.0,1.0,11.0,2.0,6.0,9.0,3.0,5.0,7.0,5.0,2.0,5.0,1.0,0.0,6.0
3515,201908,17,7.0,10.0,9.0,5.0,3.0,4.0,4.0,7.0,5.0,4.0,2.0,9.0,6.0,2.0,17.0,8.0,6.0,1.0,1.0,7.0,3.0,8.0,4.0,7.0,8.0,1.0,17.0,4.0,3.0,4.0,7.0,6.0,1.0,6.0
3516,201908,18,114.0,19.0,11.0,47.0,8.0,58.0,11.0,31.0,5.0,42.0,12.0,39.0,22.0,22.0,378.0,83.0,6.0,8.0,45.0,11.0,9.0,13.0,8.0,38.0,62.0,42.0,33.0,13.0,40.0,3.0,5.0,5.0,34.0,110.0
3517,201908,19,65.0,18.0,9.0,14.0,4.0,39.0,11.0,15.0,5.0,41.0,6.0,79.0,16.0,8.0,20.0,46.0,3.0,6.0,5.0,15.0,11.0,28.0,2.0,14.0,45.0,8.0,28.0,9.0,34.0,4.0,6.0,2.0,15.0,37.0
3518,201908,20,40.0,20.0,5.0,38.0,5.0,49.0,12.0,39.0,3.0,111.0,9.0,42.0,29.0,9.0,246.0,58.0,6.0,6.0,28.0,24.0,3.0,20.0,4.0,28.0,52.0,38.0,31.0,39.0,42.0,4.0,2.0,0.0,14.0,52.0
3519,201908,21,84.0,18.0,7.0,15.0,7.0,66.0,5.0,14.0,0.0,41.0,14.0,24.0,13.0,14.0,38.0,42.0,0.0,1.0,15.0,19.0,3.0,20.0,2.0,22.0,41.0,20.0,20.0,9.0,18.0,4.0,4.0,8.0,41.0,82.0
3520,201908,22,54.0,14.0,3.0,7.0,2.0,40.0,10.0,22.0,4.0,38.0,6.0,89.0,11.0,25.0,8.0,32.0,1.0,1.0,14.0,12.0,5.0,22.0,7.0,16.0,26.0,12.0,23.0,21.0,39.0,3.0,2.0,6.0,22.0,63.0
3521,201908,23,13.0,24.0,9.0,5.0,4.0,17.0,7.0,6.0,0.0,13.0,24.0,42.0,9.0,13.0,10.0,16.0,2.0,2.0,4.0,9.0,3.0,4.0,1.0,14.0,10.0,10.0,12.0,1.0,11.0,3.0,1.0,2.0,2.0,9.0
3522,201908,24,1.0,4.0,3.0,1.0,0.0,4.0,1.0,1.0,1.0,3.0,5.0,5.0,1.0,0.0,3.0,1.0,0.0,2.0,1.0,3.0,1.0,6.0,1.0,10.0,2.0,4.0,1.0,0.0,2.0,2.0,1.0,10.0,0.0,1.0
3523,201908,25,2.0,10.0,3.0,1.0,1.0,2.0,1.0,0.0,4.0,1.0,6.0,1.0,4.0,1.0,3.0,1.0,0.0,4.0,1.0,8.0,0.0,6.0,0.0,4.0,3.0,2.0,0.0,2.0,3.0,1.0,0.0,3.0,0.0,3.0
3524,201908,26,7.0,13.0,7.0,12.0,0.0,4.0,9.0,2.0,4.0,4.0,5.0,9.0,3.0,6.0,93.0,11.0,1.0,1.0,10.0,37.0,3.0,13.0,3.0,6.0,15.0,10.0,4.0,1.0,2.0,0.0,0.0,4.0,1.0,1.0
3525,201908,27,2.0,123.0,6.0,6.0,5.0,6.0,5.0,3.0,1.0,10.0,20.0,5.0,11.0,8.0,6.0,7.0,4.0,13.0,3.0,12.0,5.0,21.0,0.0,18.0,9.0,17.0,6.0,4.0,4.0,6.0,2.0,2.0,0.0,3.0
3526,201908,28,3.0,6.0,7.0,0.0,0.0,4.0,6.0,3.0,1.0,6.0,7.0,1.0,3.0,1.0,2.0,3.0,1.0,2.0,1.0,12.0,3.0,14.0,1.0,6.0,2.0,2.0,0.0,1.0,3.0,3.0,2.0,10.0,0.0,2.0
3527,201908,29,5.0,7.0,2.0,4.0,2.0,5.0,6.0,0.0,7.0,3.0,3.0,5.0,1.0,2.0,9.0,1.0,0.0,0.0,1.0,7.0,2.0,11.0,0.0,4.0,5.0,2.0,0.0,1.0,2.0,0.0,0.0,7.0,1.0,3.0
3528,201908,30,3.0,354.0,24.0,8.0,7.0,0.0,4.0,3.0,2.0,4.0,32.0,8.0,16.0,8.0,10.0,6.0,1.0,18.0,2.0,18.0,8.0,9.0,5.0,19.0,9.0,25.0,11.0,1.0,5.0,4.0,3.0,4.0,0.0,3.0
3529,201908,31,1.0,30.0,1.0,6.0,8.0,4.0,8.0,4.0,4.0,3.0,5.0,5.0,4.0,6.0,5.0,8.0,5.0,5.0,1.0,9.0,5.0,8.0,3.0,6.0,6.0,2.0,16.0,2.0,5.0,2.0,7.0,5.0,2.0,4.0
3530,201909,1,10.0,8.0,3.0,3.0,1.0,13.0,4.0,9.0,1.0,5.0,6.0,16.0,7.0,5.0,3.0,14.0,2.0,3.0,2.0,8.0,5.0,4.0,0.0,5.0,7.0,4.0,58.0,7.0,3.0,1.0,8.0,3.0,2.0,1.0
3531,201909,2,69.0,33.0,6.0,4.0,11.0,67.0,2.0,42.0,2.0,33.0,28.0,58.0,47.0,13.0,18.0,48.0,26.0,11.0,12.0,14.0,10.0,6.0,4.0,17.0,29.0,13.0,151.0,21.0,28.0,3.0,225.0,0.0,37.0,59.0
3532,201909,3,42.0,35.0,4.0,37.0,10.0,79.0,5.0,32.0,0.0,44.0,29.0,43.0,62.0,16.0,202.0,56.0,39.0,12.0,35.0,17.0,5.0,18.0,4.0,25.0,45.0,22.0,368.0,27.0,22.0,1.0,174.0,3.0,18.0,26.0
3533,201909,4,41.0,34.0,6.0,6.0,4.0,37.0,7.0,26.0,1.0,25.0,23.0,49.0,50.0,12.0,32.0,31.0,20.0,6.0,12.0,14.0,7.0,13.0,4.0,18.0,32.0,10.0,409.0,20.0,25.0,2.0,40.0,6.0,14.0,16.0
3534,201909,5,9.0,18.0,5.0,2.0,1.0,15.0,6.0,22.0,0.0,53.0,10.0,66.0,34.0,6.0,14.0,15.0,9.0,1.0,1.0,14.0,2.0,12.0,2.0,5.0,10.0,1.0,214.0,6.0,18.0,3.0,9.0,0.0,8.0,13.0
3535,201909,6,5.0,11.0,6.0,2.0,0.0,7.0,2.0,24.0,0.0,124.0,6.0,40.0,5.0,18.0,11.0,3.0,6.0,2.0,3.0,2.0,4.0,12.0,6.0,7.0,3.0,2.0,51.0,11.0,11.0,1.0,1.0,0.0,5.0,12.0
3536,201909,7,4.0,4.0,5.0,0.0,1.0,11.0,40.0,3.0,3.0,30.0,0.0,1.0,0.0,3.0,2.0,1.0,0.0,0.0,1.0,19.0,0.0,73.0,5.0,2.0,2.0,2.0,2.0,1.0,1.0,1.0,1.0,6.0,2.0,0.0
3537,201909,8,0.0,10.0,16.0,5.0,0.0,2.0,15.0,1.0,1.0,3.0,3.0,2.0,1.0,23.0,4.0,0.0,1.0,0.0,1.0,29.0,3.0,92.0,5.0,4.0,2.0,3.0,2.0,0.0,0.0,7.0,1.0,1.0,1.0,0.0
3538,201909,9,0.0,10.0,7.0,4.0,0.0,1.0,21.0,0.0,2.0,3.0,5.0,4.0,3.0,3.0,14.0,5.0,2.0,0.0,1.0,31.0,2.0,81.0,5.0,5.0,3.0,3.0,4.0,1.0,0.0,6.0,1.0,0.0,1.0,2.0
3539,201909,10,1.0,11.0,6.0,4.0,1.0,4.0,19.0,2.0,2.0,3.0,13.0,4.0,3.0,3.0,1.0,1.0,3.0,3.0,0.0,30.0,3.0,76.0,1.0,6.0,4.0,2.0,4.0,1.0,2.0,6.0,1.0,2.0,0.0,1.0
3540,201909,11,14.0,5.0,3.0,7.0,1.0,7.0,15.0,4.0,4.0,8.0,4.0,12.0,2.0,6.0,15.0,6.0,0.0,4.0,3.0,28.0,1.0,62.0,1.0,4.0,7.0,5.0,1.0,0.0,7.0,3.0,0.0,0.0,0.0,4.0
3541,201909,12,16.0,18.0,7.0,34.0,1.0,6.0,16.0,4.0,9.0,5.0,5.0,7.0,10.0,4.0,130.0,19.0,2.0,1.0,7.0,23.0,4.0,67.0,3.0,10.0,15.0,18.0,1.0,1.0,2.0,8.0,0.0,4.0,0.0,2.0
3542,201909,13,2.0,6.0,7.0,6.0,0.0,7.0,1.0,3.0,0.0,3.0,5.0,39.0,5.0,1.0,22.0,6.0,3.0,2.0,1.0,11.0,1.0,28.0,1.0,7.0,8.0,3.0,7.0,3.0,17.0,4.0,2.0,3.0,0.0,2.0
3543,201909,14,1.0,5.0,2.0,0.0,1.0,4.0,1.0,0.0,0.0,2.0,0.0,1.0,2.0,0.0,1.0,0.0,0.0,1.0,2.0,3.0,0.0,9.0,0.0,4.0,0.0,2.0,3.0,0.0,7.0,2.0,1.0,2.0,0.0,0.0
3544,201909,15,2.0,9.0,13.0,3.0,1.0,6.0,4.0,3.0,0.0,4.0,1.0,5.0,2.0,3.0,10.0,4.0,1.0,1.0,18.0,12.0,1.0,41.0,2.0,6.0,10.0,2.0,3.0,2.0,4.0,4.0,1.0,1.0,1.0,5.0
3545,201909,16,2.0,3.0,9.0,2.0,0.0,4.0,7.0,3.0,0.0,3.0,0.0,1.0,2.0,2.0,8.0,3.0,0.0,1.0,1.0,15.0,2.0,48.0,4.0,4.0,5.0,3.0,3.0,0.0,2.0,4.0,0.0,1.0,0.0,2.0
3546,201909,17,3.0,11.0,4.0,6.0,1.0,4.0,1.0,5.0,0.0,3.0,8.0,3.0,1.0,2.0,8.0,2.0,2.0,2.0,4.0,14.0,3.0,25.0,0.0,4.0,7.0,4.0,6.0,2.0,3.0,3.0,1.0,5.0,0.0,1.0
3547,201909,18,0.0,14.0,4.0,0.0,2.0,2.0,7.0,4.0,1.0,4.0,21.0,3.0,3.0,1.0,1.0,0.0,0.0,2.0,2.0,14.0,2.0,55.0,2.0,5.0,4.0,3.0,2.0,1.0,1.0,4.0,0.0,1.0,0.0,4.0
3548,201909,19,12.0,96.0,32.0,17.0,20.0,8.0,20.0,5.0,0.0,17.0,562.0,17.0,29.0,28.0,23.0,14.0,12.0,33.0,3.0,31.0,12.0,37.0,10.0,43.0,31.0,31.0,25.0,8.0,15.0,10.0,4.0,4.0,0.0,11.0
3549,201909,20,4.0,73.0,14.0,10.0,6.0,4.0,4.0,5.0,2.0,6.0,187.0,8.0,11.0,5.0,8.0,11.0,5.0,14.0,2.0,6.0,4.0,5.0,4.0,23.0,12.0,12.0,5.0,2.0,3.0,1.0,1.0,2.0,0.0,2.0
3550,201909,21,0.0,11.0,1.0,2.0,1.0,1.0,3.0,0.0,1.0,2.0,3.0,3.0,0.0,1.0,2.0,1.0,1.0,3.0,1.0,3.0,0.0,0.0,0.0,8.0,6.0,4.0,0.0,0.0,5.0,1.0,3.0,0.0,1.0,1.0
3551,201909,22,1.0,3.0,1.0,0.0,1.0,2.0,4.0,1.0,3.0,1.0,1.0,6.0,3.0,1.0,3.0,2.0,0.0,0.0,9.0,1.0,2.0,0.0,0.0,6.0,4.0,4.0,1.0,0.0,3.0,1.0,1.0,1.0,0.0,1.0
3552,201909,23,8.0,20.0,38.0,0.0,3.0,23.0,3.0,42.0,1.0,15.0,3.0,35.0,7.0,5.0,2.0,9.0,1.0,0.0,3.0,11.0,3.0,12.0,2.0,4.0,6.0,5.0,8.0,6.0,7.0,2.0,0.0,1.0,1.0,0.0
3553,201909,24,3.0,10.0,7.0,1.0,1.0,7.0,2.0,6.0,0.0,6.0,3.0,6.0,1.0,2.0,7.0,2.0,2.0,8.0,2.0,6.0,3.0,9.0,0.0,4.0,5.0,3.0,4.0,2.0,4.0,6.0,1.0,1.0,0.0,2.0
3554,201909,25,3.0,12.0,8.0,3.0,1.0,5.0,1.0,1.0,0.0,3.0,4.0,3.0,0.0,3.0,3.0,1.0,0.0,2.0,0.0,10.0,1.0,5.0,1.0,2.0,8.0,3.0,1.0,1.0,1.0,2.0,1.0,2.0,1.0,3.0
3555,201909,26,2.0,7.0,3.0,0.0,0.0,3.0,4.0,5.0,1.0,1.0,4.0,1.0,1.0,2.0,1.0,4.0,1.0,1.0,0.0,3.0,2.0,6.0,0.0,3.0,5.0,2.0,1.0,0.0,2.0,1.0,1.0,0.0,0.0,3.0
3556,201909,27,22.0,31.0,17.0,62.0,5.0,36.0,19.0,10.0,0.0,24.0,12.0,24.0,22.0,19.0,563.0,39.0,8.0,6.0,120.0,22.0,8.0,11.0,9.0,28.0,53.0,40.0,11.0,10.0,13.0,4.0,3.0,0.0,4.0,21.0
3557,201909,28,3.0,7.0,2.0,14.0,4.0,9.0,5.0,1.0,5.0,8.0,6.0,6.0,4.0,5.0,64.0,18.0,1.0,4.0,11.0,3.0,1.0,10.0,2.0,14.0,7.0,19.0,8.0,2.0,7.0,0.0,1.0,2.0,1.0,2.0
3558,201909,29,0.0,11.0,5.0,2.0,1.0,5.0,3.0,0.0,2.0,4.0,4.0,1.0,3.0,13.0,18.0,5.0,1.0,5.0,23.0,4.0,0.0,5.0,6.0,11.0,5.0,1.0,2.0,2.0,2.0,1.0,0.0,2.0,1.0,3.0
3559,201909,30,2.0,5.0,5.0,1.0,1.0,8.0,4.0,2.0,0.0,5.0,4.0,3.0,2.0,3.0,10.0,3.0,2.0,3.0,21.0,6.0,5.0,9.0,3.0,1.0,6.0,4.0,1.0,2.0,2.0,0.0,0.0,3.0,1.0,4.0
3560,201910,1,3.0,8.0,2.0,1.0,1.0,4.0,4.0,5.0,5.0,3.0,7.0,1.0,0.0,4.0,5.0,2.0,2.0,3.0,2.0,7.0,0.0,9.0,2.0,2.0,6.0,4.0,1.0,1.0,2.0,3.0,0.0,2.0,1.0,2.0
3561,201910,2,3.0,6.0,0.0,3.0,1.0,28.0,5.0,4.0,1.0,7.0,0.0,2.0,0.0,6.0,10.0,3.0,0.0,0.0,1.0,6.0,2.0,12.0,1.0,1.0,7.0,0.0,0.0,4.0,5.0,1.0,1.0,4.0,0.0,1.0
3562,201910,3,2.0,3.0,4.0,2.0,1.0,5.0,8.0,6.0,0.0,3.0,2.0,7.0,2.0,0.0,7.0,4.0,0.0,0.0,0.0,3.0,3.0,8.0,0.0,1.0,7.0,7.0,0.0,2.0,1.0,2.0,0.0,0.0,1.0,5.0
3563,201910,4,2.0,9.0,0.0,0.0,2.0,4.0,3.0,3.0,0.0,5.0,3.0,2.0,1.0,3.0,6.0,7.0,2.0,2.0,0.0,3.0,0.0,4.0,0.0,4.0,2.0,1.0,3.0,4.0,2.0,0.0,1.0,9.0,3.0,1.0
3564,201910,5,0.0,4.0,0.0,5.0,0.0,3.0,8.0,0.0,0.0,0.0,0.0,4.0,2.0,0.0,6.0,1.0,0.0,1.0,1.0,1.0,2.0,4.0,0.0,6.0,2.0,1.0,0.0,0.0,0.0,1.0,0.0,7.0,0.0,0.0
3565,201910,6,1.0,80.0,3.0,5.0,1.0,1.0,4.0,4.0,3.0,1.0,9.0,1.0,3.0,2.0,3.0,0.0,2.0,7.0,2.0,5.0,2.0,3.0,0.0,6.0,3.0,9.0,1.0,0.0,2.0,1.0,0.0,5.0,0.0,1.0
3566,201910,7,2.0,14.0,2.0,1.0,4.0,6.0,3.0,4.0,0.0,4.0,10.0,6.0,2.0,1.0,3.0,1.0,3.0,1.0,2.0,6.0,2.0,10.0,1.0,8.0,4.0,3.0,3.0,1.0,3.0,1.0,2.0,2.0,0.0,2.0
3567,201910,8,1.0,6.0,7.0,1.0,4.0,6.0,8.0,4.0,0.0,6.0,2.0,6.0,2.0,0.0,1.0,7.0,0.0,0.0,1.0,11.0,0.0,8.0,1.0,3.0,6.0,3.0,5.0,0.0,1.0,0.0,3.0,3.0,1.0,4.0
3568,201910,9,4.0,3.0,5.0,1.0,2.0,4.0,6.0,1.0,1.0,3.0,0.0,10.0,2.0,12.0,1.0,1.0,0.0,0.0,4.0,19.0,4.0,16.0,2.0,4.0,2.0,0.0,2.0,0.0,0.0,2.0,0.0,4.0,0.0,6.0
3569,201910,10,2.0,71.0,9.0,25.0,1.0,9.0,5.0,3.0,2.0,6.0,6.0,7.0,6.0,89.0,10.0,7.0,2.0,5.0,5.0,9.0,2.0,11.0,8.0,9.0,14.0,12.0,7.0,0.0,13.0,2.0,2.0,1.0,2.0,46.0
3570,201910,11,4.0,81.0,17.0,28.0,1.0,15.0,4.0,3.0,6.0,7.0,25.0,9.0,4.0,16.0,10.0,1.0,2.0,10.0,0.0,10.0,3.0,9.0,3.0,7.0,8.0,14.0,6.0,2.0,5.0,4.0,0.0,1.0,1.0,4.0
3571,201910,12,0.0,3.0,5.0,18.0,1.0,2.0,3.0,0.0,3.0,0.0,3.0,4.0,0.0,5.0,7.0,2.0,1.0,1.0,3.0,4.0,0.0,5.0,2.0,4.0,2.0,0.0,3.0,2.0,1.0,0.0,1.0,0.0,0.0,0.0
3572,201910,13,2.0,12.0,6.0,4.0,1.0,1.0,5.0,0.0,2.0,2.0,1.0,6.0,2.0,2.0,1.0,1.0,0.0,0.0,1.0,8.0,4.0,5.0,1.0,6.0,5.0,2.0,5.0,1.0,3.0,2.0,1.0,2.0,0.0,0.0
3573,201910,14,1.0,6.0,1.0,2.0,0.0,0.0,7.0,1.0,4.0,2.0,4.0,4.0,2.0,3.0,3.0,0.0,0.0,1.0,1.0,9.0,4.0,6.0,2.0,2.0,1.0,2.0,0.0,2.0,1.0,1.0,1.0,0.0,0.0,2.0
3574,201910,15,3.0,8.0,3.0,1.0,2.0,5.0,0.0,4.0,3.0,2.0,6.0,9.0,2.0,1.0,2.0,2.0,1.0,4.0,0.0,12.0,1.0,12.0,1.0,6.0,3.0,5.0,2.0,1.0,1.0,3.0,2.0,1.0,0.0,1.0
3575,201910,16,24.0,3.0,2.0,2.0,3.0,4.0,4.0,5.0,4.0,14.0,3.0,8.0,1.0,2.0,3.0,3.0,2.0,2.0,3.0,16.0,4.0,18.0,1.0,8.0,8.0,3.0,3.0,1.0,5.0,4.0,0.0,2.0,2.0,3.0
3576,201910,17,8.0,2.0,0.0,1.0,3.0,41.0,4.0,6.0,3.0,11.0,2.0,16.0,3.0,4.0,8.0,25.0,2.0,1.0,3.0,10.0,0.0,12.0,0.0,10.0,15.0,3.0,18.0,4.0,30.0,4.0,5.0,2.0,70.0,37.0
3577,201910,18,2.0,2.0,1.0,0.0,0.0,5.0,5.0,2.0,4.0,1.0,2.0,8.0,1.0,4.0,2.0,2.0,2.0,4.0,1.0,8.0,0.0,5.0,3.0,7.0,5.0,0.0,3.0,1.0,3.0,2.0,1.0,2.0,8.0,1.0
3578,201910,19,2.0,2.0,1.0,0.0,10.0,2.0,6.0,0.0,6.0,1.0,0.0,1.0,2.0,1.0,2.0,3.0,2.0,2.0,0.0,3.0,0.0,1.0,1.0,7.0,0.0,0.0,2.0,0.0,2.0,1.0,0.0,0.0,0.0,0.0
3579,201910,20,6.0,68.0,3.0,4.0,1.0,2.0,3.0,12.0,6.0,2.0,6.0,6.0,7.0,38.0,1.0,0.0,1.0,8.0,15.0,9.0,3.0,7.0,2.0,9.0,7.0,2.0,4.0,2.0,1.0,2.0,0.0,0.0,2.0,2.0
3580,201910,21,3.0,47.0,15.0,12.0,6.0,13.0,4.0,7.0,5.0,7.0,72.0,10.0,7.0,15.0,19.0,9.0,1.0,11.0,7.0,12.0,6.0,12.0,2.0,28.0,11.0,15.0,6.0,4.0,7.0,4.0,1.0,13.0,0.0,3.0
3581,201910,22,9.0,13.0,5.0,5.0,2.0,10.0,6.0,12.0,6.0,26.0,2.0,11.0,5.0,1.0,4.0,4.0,4.0,3.0,4.0,7.0,4.0,9.0,0.0,8.0,11.0,6.0,3.0,1.0,8.0,0.0,4.0,3.0,0.0,5.0
3582,201910,23,3.0,12.0,1.0,3.0,2.0,7.0,4.0,2.0,6.0,4.0,3.0,3.0,2.0,5.0,1.0,2.0,1.0,1.0,3.0,8.0,2.0,17.0,0.0,3.0,8.0,3.0,1.0,1.0,4.0,1.0,1.0,6.0,0.0,1.0
3583,201910,24,1.0,292.0,21.0,4.0,8.0,4.0,4.0,3.0,6.0,4.0,20.0,8.0,8.0,6.0,6.0,5.0,4.0,22.0,2.0,10.0,6.0,5.0,3.0,15.0,13.0,18.0,7.0,1.0,2.0,2.0,2.0,0.0,0.0,9.0
3584,201910,25,2.0,32.0,6.0,2.0,3.0,4.0,8.0,3.0,5.0,6.0,5.0,13.0,5.0,3.0,6.0,5.0,3.0,11.0,2.0,9.0,3.0,11.0,5.0,12.0,9.0,7.0,4.0,2.0,4.0,1.0,2.0,1.0,1.0,8.0
3585,201910,26,2.0,7.0,2.0,3.0,2.0,2.0,1.0,7.0,8.0,2.0,59.0,13.0,3.0,3.0,5.0,3.0,1.0,2.0,1.0,10.0,1.0,8.0,2.0,5.0,6.0,0.0,6.0,2.0,4.0,3.0,3.0,0.0,0.0,0.0
3586,201910,27,2.0,4.0,5.0,4.0,2.0,14.0,10.0,11.0,8.0,9.0,4.0,7.0,6.0,33.0,0.0,6.0,0.0,3.0,1.0,13.0,1.0,17.0,2.0,7.0,1.0,3.0,3.0,1.0,4.0,5.0,0.0,8.0,0.0,2.0
3587,201910,28,3.0,16.0,10.0,10.0,0.0,6.0,13.0,5.0,5.0,6.0,2.0,12.0,9.0,49.0,4.0,6.0,0.0,1.0,0.0,12.0,1.0,18.0,10.0,6.0,8.0,7.0,3.0,1.0,1.0,3.0,0.0,4.0,0.0,1.0
3588,201910,29,0.0,58.0,27.0,33.0,4.0,9.0,27.0,8.0,6.0,4.0,31.0,4.0,7.0,311.0,13.0,4.0,3.0,8.0,6.0,39.0,8.0,47.0,25.0,13.0,11.0,25.0,7.0,3.0,6.0,9.0,1.0,8.0,0.0,3.0
3589,201910,30,11.0,19.0,15.0,9.0,2.0,8.0,8.0,11.0,6.0,3.0,12.0,16.0,10.0,16.0,17.0,5.0,0.0,4.0,26.0,25.0,5.0,37.0,1.0,9.0,16.0,3.0,5.0,3.0,6.0,9.0,2.0,2.0,0.0,4.0
3590,201910,31,44.0,18.0,16.0,22.0,6.0,27.0,9.0,35.0,8.0,21.0,9.0,26.0,15.0,15.0,121.0,29.0,8.0,9.0,80.0,21.0,11.0,29.0,4.0,20.0,35.0,15.0,10.0,36.0,25.0,12.0,5.0,2.0,6.0,6.0
3591,201911,1,20.0,20.0,14.0,7.0,2.0,25.0,8.0,6.0,2.0,13.0,10.0,12.0,8.0,9.0,10.0,17.0,2.0,5.0,12.0,21.0,6.0,27.0,1.0,10.0,8.0,7.0,8.0,7.0,16.0,6.0,1.0,1.0,2.0,5.0
3592,201911,2,1.0,3.0,3.0,1.0,2.0,4.0,10.0,3.0,0.0,2.0,1.0,4.0,1.0,1.0,1.0,4.0,1.0,1.0,1.0,8.0,2.0,14.0,0.0,6.0,1.0,2.0,1.0,0.0,0.0,3.0,0.0,6.0,0.0,1.0
3593,201911,3,0.0,10.0,6.0,2.0,1.0,4.0,3.0,2.0,0.0,0.0,6.0,6.0,1.0,0.0,1.0,2.0,0.0,0.0,1.0,5.0,5.0,7.0,0.0,8.0,3.0,1.0,3.0,2.0,0.0,0.0,1.0,3.0,0.0,1.0
3594,201911,4,2.0,8.0,7.0,1.0,1.0,4.0,2.0,1.0,0.0,4.0,0.0,4.0,3.0,4.0,6.0,1.0,1.0,1.0,1.0,7.0,2.0,11.0,0.0,3.0,8.0,2.0,2.0,1.0,2.0,2.0,0.0,7.0,0.0,3.0
3595,201911,5,3.0,9.0,9.0,3.0,2.0,4.0,16.0,4.0,0.0,2.0,2.0,7.0,2.0,0.0,6.0,4.0,0.0,2.0,1.0,16.0,1.0,21.0,2.0,7.0,7.0,2.0,2.0,1.0,0.0,5.0,4.0,0.0,2.0,2.0
3596,201911,6,1.0,5.0,5.0,3.0,1.0,2.0,9.0,1.0,2.0,6.0,3.0,4.0,2.0,6.0,6.0,2.0,0.0,5.0,3.0,24.0,4.0,18.0,1.0,5.0,8.0,1.0,5.0,2.0,0.0,0.0,0.0,1.0,0.0,1.0
3597,201911,7,0.0,9.0,5.0,1.0,4.0,3.0,11.0,2.0,8.0,3.0,3.0,2.0,3.0,3.0,5.0,2.0,5.0,4.0,2.0,14.0,2.0,24.0,0.0,1.0,5.0,2.0,2.0,2.0,3.0,2.0,1.0,6.0,0.0,1.0
3598,201911,8,2.0,8.0,3.0,2.0,1.0,3.0,28.0,1.0,5.0,2.0,7.0,1.0,3.0,2.0,2.0,1.0,0.0,0.0,0.0,12.0,0.0,12.0,1.0,8.0,5.0,1.0,0.0,1.0,2.0,3.0,1.0,3.0,0.0,5.0
3599,201911,9,0.0,3.0,0.0,0.0,0.0,1.0,1.0,1.0,3.0,0.0,1.0,2.0,1.0,0.0,0.0,0.0,0.0,1.0,1.0,8.0,0.0,15.0,0.0,5.0,3.0,0.0,0.0,1.0,1.0,3.0,0.0,1.0,1.0,0.0
3600,201911,10,0.0,3.0,5.0,4.0,1.0,2.0,4.0,0.0,0.0,1.0,2.0,0.0,4.0,7.0,2.0,0.0,0.0,1.0,1.0,12.0,1.0,11.0,1.0,6.0,4.0,4.0,0.0,1.0,0.0,1.0,0.0,0.0,1.0,0.0
3601,201911,11,25.0,38.0,15.0,90.0,10.0,56.0,24.0,19.0,0.0,25.0,22.0,23.0,27.0,29.0,704.0,159.0,12.0,8.0,99.0,15.0,9.0,15.0,7.0,46.0,87.0,59.0,27.0,13.0,27.0,10.0,6.0,0.0,8.0,24.0
3602,201911,12,10.0,21.0,9.0,12.0,4.0,22.0,11.0,9.0,6.0,6.0,7.0,5.0,9.0,7.0,22.0,19.0,0.0,3.0,12.0,15.0,1.0,14.0,5.0,22.0,12.0,14.0,6.0,5.0,3.0,3.0,3.0,7.0,1.0,0.0
3603,201911,13,1.0,8.0,7.0,3.0,2.0,7.0,17.0,4.0,0.0,12.0,2.0,11.0,4.0,6.0,24.0,9.0,1.0,2.0,2.0,19.0,2.0,18.0,0.0,3.0,8.0,2.0,6.0,4.0,3.0,6.0,1.0,8.0,0.0,0.0
3604,201911,14,1.0,3.0,3.0,2.0,3.0,3.0,12.0,1.0,1.0,0.0,4.0,12.0,4.0,1.0,27.0,2.0,1.0,2.0,2.0,8.0,1.0,8.0,0.0,4.0,10.0,4.0,8.0,3.0,7.0,2.0,0.0,3.0,2.0,1.0
3605,201911,15,4.0,4.0,2.0,2.0,2.0,3.0,7.0,2.0,0.0,10.0,0.0,6.0,3.0,3.0,5.0,1.0,0.0,0.0,1.0,8.0,1.0,11.0,1.0,2.0,1.0,1.0,2.0,1.0,4.0,1.0,0.0,2.0,0.0,1.0
3606,201911,16,0.0,3.0,2.0,0.0,0.0,1.0,5.0,0.0,0.0,2.0,1.0,0.0,2.0,1.0,2.0,1.0,0.0,1.0,1.0,7.0,0.0,14.0,1.0,1.0,3.0,0.0,0.0,0.0,2.0,1.0,1.0,4.0,0.0,1.0
3607,201911,17,2.0,4.0,2.0,1.0,0.0,1.0,7.0,3.0,0.0,2.0,2.0,7.0,1.0,2.0,2.0,4.0,1.0,0.0,1.0,8.0,1.0,8.0,0.0,9.0,4.0,4.0,2.0,0.0,1.0,1.0,1.0,2.0,0.0,0.0
3608,201911,18,4.0,6.0,1.0,2.0,3.0,7.0,19.0,1.0,1.0,5.0,1.0,11.0,3.0,6.0,3.0,6.0,0.0,0.0,1.0,9.0,1.0,8.0,0.0,2.0,5.0,5.0,6.0,2.0,3.0,1.0,1.0,0.0,0.0,11.0
3609,201911,19,2.0,11.0,17.0,2.0,1.0,9.0,11.0,7.0,5.0,1.0,7.0,7.0,2.0,2.0,14.0,6.0,0.0,5.0,6.0,14.0,0.0,20.0,1.0,8.0,3.0,4.0,4.0,4.0,9.0,3.0,0.0,7.0,0.0,0.0
3610,201911,20,1.0,7.0,14.0,4.0,2.0,11.0,8.0,1.0,1.0,3.0,4.0,4.0,2.0,4.0,3.0,3.0,0.0,4.0,2.0,15.0,26.0,18.0,3.0,5.0,6.0,3.0,5.0,6.0,5.0,7.0,1.0,1.0,0.0,3.0
3611,201911,21,4.0,8.0,8.0,4.0,2.0,3.0,6.0,0.0,0.0,1.0,2.0,7.0,2.0,16.0,5.0,1.0,2.0,1.0,1.0,6.0,2.0,10.0,0.0,3.0,1.0,1.0,2.0,4.0,4.0,2.0,0.0,2.0,0.0,1.0
3612,201911,22,1.0,6.0,4.0,0.0,0.0,7.0,35.0,1.0,2.0,0.0,2.0,1.0,0.0,10.0,1.0,1.0,1.0,4.0,0.0,4.0,0.0,3.0,1.0,0.0,5.0,2.0,0.0,0.0,3.0,1.0,0.0,2.0,0.0,0.0
3613,201911,23,0.0,2.0,2.0,1.0,0.0,1.0,11.0,0.0,0.0,0.0,1.0,1.0,1.0,0.0,2.0,0.0,0.0,1.0,0.0,2.0,0.0,3.0,0.0,4.0,3.0,2.0,0.0,1.0,0.0,1.0,2.0,3.0,0.0,0.0
3614,201911,24,4.0,1.0,2.0,1.0,1.0,7.0,2.0,0.0,1.0,2.0,0.0,3.0,0.0,0.0,1.0,5.0,0.0,0.0,1.0,5.0,0.0,2.0,0.0,5.0,5.0,1.0,3.0,2.0,0.0,3.0,0.0,3.0,0.0,0.0
3615,201911,25,1.0,8.0,9.0,2.0,2.0,3.0,19.0,1.0,3.0,1.0,2.0,4.0,3.0,15.0,2.0,2.0,0.0,2.0,1.0,12.0,3.0,13.0,3.0,1.0,7.0,1.0,6.0,3.0,2.0,7.0,2.0,5.0,2.0,1.0
3616,201911,26,3.0,26.0,24.0,32.0,3.0,4.0,31.0,4.0,10.0,1.0,9.0,2.0,8.0,306.0,17.0,5.0,4.0,8.0,11.0,26.0,11.0,60.0,25.0,24.0,15.0,26.0,4.0,5.0,7.0,8.0,4.0,4.0,0.0,2.0
3617,201911,27,7.0,13.0,1.0,37.0,2.0,6.0,11.0,5.0,2.0,0.0,2.0,7.0,3.0,9.0,5.0,3.0,1.0,1.0,4.0,13.0,1.0,14.0,6.0,4.0,7.0,5.0,4.0,4.0,0.0,3.0,1.0,4.0,1.0,1.0
3618,201911,28,1.0,3.0,1.0,1.0,0.0,0.0,0.0,0.0,1.0,0.0,1.0,1.0,1.0,4.0,0.0,4.0,0.0,0.0,1.0,6.0,0.0,3.0,3.0,2.0,1.0,0.0,0.0,0.0,1.0,2.0,0.0,0.0,0.0,0.0
3619,201911,29,3.0,34.0,24.0,23.0,2.0,3.0,10.0,1.0,0.0,0.0,15.0,0.0,4.0,203.0,8.0,2.0,0.0,6.0,1.0,8.0,3.0,10.0,23.0,9.0,6.0,16.0,1.0,0.0,1.0,2.0,1.0,5.0,0.0,1.0
3620,201911,30,1.0,15.0,15.0,63.0,0.0,0.0,12.0,2.0,0.0,3.0,6.0,11.0,0.0,92.0,26.0,2.0,3.0,6.0,4.0,17.0,2.0,61.0,17.0,13.0,5.0,9.0,0.0,0.0,0.0,2.0,1.0,0.0,0.0,1.0
3621,201912,1,71.0,15.0,11.0,59.0,4.0,102.0,25.0,47.0,0.0,27.0,5.0,18.0,6.0,24.0,49.0,67.0,4.0,2.0,10.0,29.0,4.0,103.0,14.0,24.0,18.0,8.0,14.0,6.0,24.0,13.0,8.0,4.0,8.0,17.0
3622,201912,2,118.0,10.0,4.0,13.0,1.0,153.0,24.0,34.0,7.0,44.0,5.0,23.0,9.0,5.0,33.0,49.0,3.0,4.0,11.0,30.0,3.0,80.0,13.0,23.0,22.0,14.0,17.0,13.0,26.0,7.0,9.0,7.0,26.0,62.0
3623,201912,3,27.0,8.0,5.0,4.0,4.0,185.0,15.0,18.0,0.0,20.0,5.0,5.0,10.0,2.0,16.0,28.0,3.0,3.0,5.0,10.0,1.0,15.0,3.0,8.0,19.0,7.0,8.0,6.0,11.0,5.0,3.0,4.0,10.0,26.0
3624,201912,4,4.0,6.0,9.0,2.0,4.0,15.0,17.0,5.0,0.0,1.0,6.0,5.0,1.0,3.0,7.0,9.0,0.0,3.0,1.0,24.0,13.0,30.0,17.0,9.0,12.0,6.0,3.0,3.0,0.0,9.0,1.0,3.0,1.0,2.0
3625,201912,5,0.0,9.0,6.0,0.0,1.0,5.0,8.0,3.0,0.0,2.0,7.0,2.0,3.0,9.0,6.0,1.0,0.0,4.0,0.0,13.0,2.0,19.0,4.0,2.0,10.0,4.0,7.0,2.0,1.0,2.0,1.0,0.0,0.0,2.0
3626,201912,6,1.0,9.0,4.0,3.0,3.0,12.0,15.0,3.0,0.0,2.0,1.0,3.0,3.0,4.0,3.0,4.0,1.0,1.0,0.0,20.0,1.0,64.0,4.0,12.0,6.0,4.0,6.0,0.0,3.0,5.0,0.0,8.0,0.0,0.0
3627,201912,7,1.0,1.0,3.0,3.0,2.0,4.0,19.0,0.0,2.0,1.0,1.0,0.0,2.0,3.0,1.0,2.0,0.0,0.0,0.0,18.0,2.0,53.0,8.0,2.0,4.0,1.0,0.0,2.0,1.0,6.0,0.0,3.0,1.0,0.0
3628,201912,8,1.0,8.0,2.0,4.0,1.0,1.0,26.0,0.0,5.0,0.0,3.0,0.0,2.0,21.0,0.0,2.0,0.0,0.0,0.0,8.0,2.0,13.0,4.0,7.0,2.0,1.0,0.0,1.0,1.0,2.0,0.0,2.0,1.0,0.0
3629,201912,9,36.0,11.0,3.0,18.0,0.0,53.0,19.0,28.0,13.0,62.0,2.0,16.0,7.0,5.0,11.0,16.0,2.0,0.0,2.0,7.0,2.0,21.0,0.0,9.0,20.0,8.0,8.0,5.0,12.0,3.0,0.0,7.0,2.0,20.0
3630,201912,10,20.0,2.0,6.0,2.0,6.0,10.0,19.0,10.0,2.0,6.0,5.0,5.0,2.0,6.0,7.0,13.0,2.0,3.0,6.0,6.0,3.0,13.0,6.0,4.0,20.0,5.0,9.0,3.0,7.0,3.0,2.0,2.0,0.0,0.0
3631,201912,11,6.0,11.0,8.0,4.0,7.0,10.0,7.0,6.0,5.0,6.0,3.0,3.0,3.0,2.0,12.0,13.0,5.0,7.0,8.0,10.0,1.0,20.0,7.0,9.0,17.0,5.0,3.0,3.0,8.0,4.0,2.0,4.0,3.0,22.0
3632,201912,12,6.0,9.0,8.0,5.0,3.0,5.0,4.0,6.0,1.0,1.0,4.0,1.0,0.0,4.0,5.0,2.0,4.0,4.0,0.0,9.0,1.0,19.0,6.0,4.0,12.0,7.0,10.0,0.0,4.0,2.0,3.0,5.0,1.0,0.0
3633,201912,13,6.0,7.0,6.0,3.0,0.0,9.0,13.0,7.0,2.0,6.0,5.0,15.0,2.0,6.0,6.0,6.0,0.0,1.0,1.0,15.0,2.0,22.0,8.0,10.0,9.0,1.0,7.0,6.0,18.0,3.0,0.0,3.0,1.0,3.0
3634,201912,14,5.0,0.0,0.0,0.0,1.0,12.0,10.0,10.0,0.0,2.0,0.0,4.0,0.0,13.0,6.0,5.0,0.0,1.0,1.0,4.0,2.0,4.0,5.0,9.0,3.0,0.0,2.0,1.0,8.0,1.0,3.0,0.0,2.0,0.0
3635,201912,15,4.0,14.0,6.0,5.0,3.0,8.0,11.0,1.0,2.0,3.0,5.0,8.0,2.0,13.0,9.0,3.0,1.0,2.0,4.0,3.0,2.0,4.0,3.0,22.0,13.0,20.0,5.0,0.0,4.0,2.0,0.0,1.0,0.0,0.0
3636,201912,16,3.0,19.0,6.0,3.0,7.0,2.0,9.0,5.0,0.0,7.0,21.0,9.0,0.0,4.0,6.0,8.0,0.0,1.0,6.0,12.0,1.0,10.0,2.0,10.0,16.0,41.0,4.0,7.0,2.0,1.0,3.0,3.0,0.0,1.0
3637,201912,17,43.0,9.0,2.0,6.0,7.0,91.0,7.0,22.0,0.0,14.0,8.0,6.0,6.0,6.0,14.0,20.0,5.0,9.0,3.0,9.0,1.0,16.0,5.0,7.0,22.0,10.0,22.0,13.0,18.0,4.0,1.0,8.0,5.0,11.0
3638,201912,18,54.0,11.0,7.0,8.0,3.0,23.0,14.0,12.0,2.0,15.0,5.0,10.0,6.0,8.0,20.0,22.0,0.0,2.0,3.0,16.0,1.0,45.0,5.0,11.0,20.0,12.0,10.0,0.0,10.0,5.0,2.0,10.0,5.0,27.0
3639,201912,19,20.0,10.0,8.0,4.0,2.0,17.0,16.0,10.0,2.0,10.0,7.0,2.0,8.0,8.0,14.0,9.0,3.0,4.0,3.0,6.0,1.0,16.0,1.0,5.0,21.0,10.0,14.0,2.0,4.0,5.0,1.0,9.0,1.0,8.0
3640,201912,20,4.0,9.0,6.0,3.0,2.0,6.0,32.0,8.0,3.0,2.0,3.0,3.0,2.0,2.0,5.0,2.0,1.0,5.0,1.0,15.0,2.0,29.0,6.0,10.0,20.0,7.0,2.0,0.0,0.0,2.0,2.0,7.0,0.0,3.0
3641,201912,21,2.0,14.0,0.0,4.0,3.0,10.0,8.0,5.0,6.0,1.0,3.0,1.0,9.0,4.0,2.0,5.0,1.0,3.0,0.0,7.0,2.0,6.0,3.0,7.0,16.0,2.0,6.0,1.0,2.0,1.0,0.0,10.0,1.0,0.0
3642,201912,22,2.0,26.0,10.0,3.0,5.0,6.0,9.0,3.0,0.0,1.0,3.0,2.0,5.0,5.0,10.0,2.0,1.0,2.0,0.0,29.0,5.0,29.0,2.0,16.0,13.0,10.0,6.0,2.0,4.0,6.0,3.0,3.0,2.0,0.0
3643,201912,23,5.0,86.0,14.0,10.0,7.0,12.0,15.0,10.0,0.0,2.0,11.0,2.0,8.0,15.0,4.0,4.0,2.0,6.0,2.0,14.0,1.0,28.0,10.0,11.0,31.0,8.0,9.0,2.0,3.0,5.0,7.0,0.0,1.0,4.0
3644,201912,24,9.0,13.0,16.0,23.0,5.0,16.0,26.0,12.0,7.0,6.0,8.0,9.0,8.0,6.0,74.0,47.0,2.0,4.0,48.0,9.0,4.0,13.0,15.0,9.0,43.0,9.0,15.0,8.0,5.0,0.0,7.0,5.0,2.0,3.0
3645,201912,25,3.0,3.0,11.0,26.0,1.0,1.0,26.0,0.0,0.0,0.0,1.0,0.0,1.0,9.0,28.0,16.0,0.0,0.0,3.0,3.0,3.0,6.0,5.0,0.0,0.0,1.0,2.0,1.0,0.0,1.0,0.0,11.0,0.0,0.0
3646,201912,26,4.0,3.0,9.0,8.0,0.0,5.0,20.0,0.0,9.0,5.0,2.0,1.0,1.0,10.0,8.0,1.0,2.0,1.0,0.0,13.0,10.0,17.0,4.0,8.0,6.0,1.0,1.0,0.0,3.0,11.0,3.0,7.0,0.0,1.0
3647,201912,27,0.0,37.0,21.0,3.0,0.0,7.0,16.0,5.0,4.0,5.0,10.0,3.0,1.0,59.0,4.0,5.0,2.0,2.0,1.0,19.0,2.0,14.0,9.0,8.0,8.0,7.0,1.0,2.0,1.0,3.0,1.0,1.0,1.0,2.0
3648,201912,28,1.0,47.0,13.0,15.0,3.0,2.0,13.0,1.0,1.0,3.0,9.0,0.0,2.0,150.0,23.0,3.0,0.0,6.0,3.0,11.0,1.0,14.0,9.0,6.0,3.0,14.0,3.0,4.0,2.0,5.0,0.0,5.0,0.0,1.0
3649,201912,29,9.0,9.0,9.0,83.0,1.0,2.0,32.0,4.0,1.0,4.0,17.0,7.0,3.0,35.0,32.0,18.0,3.0,4.0,8.0,5.0,2.0,12.0,11.0,9.0,6.0,4.0,7.0,6.0,15.0,2.0,3.0,6.0,0.0,2.0
3650,201912,30,20.0,7.0,2.0,53.0,1.0,21.0,16.0,12.0,1.0,6.0,9.0,2.0,4.0,9.0,50.0,18.0,2.0,1.0,53.0,7.0,2.0,6.0,0.0,9.0,13.0,7.0,5.0,7.0,9.0,2.0,0.0,3.0,2.0,2.0
3651,201912,31,4.0,2.0,1.0,13.0,1.0,18.0,12.0,6.0,1.0,6.0,3.0,3.0,0.0,4.0,17.0,15.0,2.0,4.0,22.0,6.0,1.0,17.0,9.0,8.0,13.0,6.0,6.0,3.0,6.0,1.0,2.0,1.0,2.0,1.0
3652,202001,1,2.0,8.0,5.0,5.0,0.0,2.0,11.0,0.0,0.0,0.0,1.0,1.0,1.0,49.0,4.0,3.0,2.0,2.0,0.0,8.0,2.0,6.0,20.0,2.0,0.0,1.0,2.0,2.0,2.0,1.0,1.0,11.0,2.0,2.0
3653,202001,2,1.0,30.0,8.0,2.0,3.0,2.0,15.0,1.0,3.0,2.0,14.0,3.0,2.0,13.0,7.0,1.0,0.0,4.0,0.0,3.0,1.0,6.0,2.0,3.0,9.0,4.0,2.0,0.0,4.0,2.0,2.0,10.0,1.0,3.0
3654,202001,3,6.0,25.0,5.0,2.0,1.0,6.0,8.0,14.0,3.0,6.0,6.0,17.0,3.0,9.0,5.0,7.0,1.0,1.0,0.0,6.0,0.0,9.0,1.0,7.0,8.0,6.0,3.0,2.0,5.0,4.0,4.0,2.0,1.0,0.0
3655,202001,4,10.0,2.0,6.0,0.0,3.0,18.0,7.0,38.0,0.0,7.0,1.0,3.0,1.0,3.0,11.0,16.0,0.0,1.0,1.0,10.0,0.0,5.0,4.0,5.0,8.0,2.0,3.0,2.0,7.0,0.0,3.0,6.0,2.0,2.0
3656,202001,5,2.0,2.0,5.0,3.0,2.0,8.0,9.0,4.0,1.0,7.0,4.0,2.0,4.0,7.0,6.0,7.0,6.0,2.0,2.0,8.0,3.0,8.0,1.0,13.0,9.0,2.0,5.0,1.0,4.0,2.0,0.0,2.0,2.0,2.0
3657,202001,6,0.0,9.0,3.0,2.0,0.0,2.0,7.0,3.0,0.0,1.0,4.0,1.0,0.0,4.0,2.0,0.0,0.0,1.0,1.0,7.0,2.0,12.0,4.0,4.0,1.0,4.0,1.0,0.0,4.0,0.0,1.0,3.0,0.0,0.0
3658,202001,7,5.0,9.0,1.0,1.0,2.0,6.0,3.0,2.0,4.0,14.0,5.0,3.0,3.0,6.0,3.0,4.0,1.0,2.0,4.0,3.0,1.0,6.0,1.0,3.0,4.0,2.0,3.0,9.0,6.0,2.0,1.0,7.0,0.0,0.0
3659,202001,8,15.0,5.0,1.0,2.0,0.0,7.0,2.0,9.0,2.0,5.0,3.0,1.0,1.0,5.0,8.0,12.0,0.0,1.0,1.0,8.0,5.0,12.0,3.0,5.0,6.0,7.0,5.0,1.0,1.0,3.0,2.0,8.0,0.0,3.0
3660,202001,9,0.0,3.0,2.0,1.0,4.0,6.0,18.0,2.0,0.0,4.0,1.0,2.0,1.0,5.0,5.0,5.0,3.0,3.0,1.0,4.0,2.0,7.0,2.0,3.0,3.0,3.0,2.0,3.0,0.0,1.0,1.0,9.0,0.0,1.0
3661,202001,10,6.0,360.0,29.0,11.0,10.0,5.0,29.0,5.0,1.0,5.0,55.0,12.0,13.0,27.0,33.0,8.0,8.0,22.0,23.0,20.0,13.0,23.0,2.0,24.0,14.0,70.0,14.0,6.0,4.0,4.0,6.0,11.0,0.0,6.0
3662,202001,11,16.0,44.0,28.0,71.0,21.0,29.0,17.0,11.0,1.0,22.0,28.0,48.0,31.0,40.0,599.0,62.0,37.0,13.0,109.0,17.0,6.0,21.0,16.0,42.0,65.0,66.0,38.0,11.0,25.0,10.0,22.0,8.0,2.0,5.0
3663,202001,12,3.0,9.0,7.0,5.0,4.0,12.0,33.0,4.0,2.0,6.0,4.0,8.0,5.0,6.0,60.0,24.0,3.0,0.0,18.0,5.0,4.0,10.0,7.0,6.0,12.0,8.0,6.0,2.0,4.0,1.0,2.0,2.0,0.0,4.0
3664,202001,13,2.0,14.0,13.0,5.0,4.0,12.0,71.0,3.0,4.0,8.0,22.0,10.0,3.0,17.0,10.0,4.0,7.0,5.0,0.0,11.0,2.0,12.0,10.0,3.0,3.0,1.0,2.0,0.0,5.0,2.0,0.0,7.0,0.0,3.0
3665,202001,14,0.0,27.0,10.0,0.0,6.0,5.0,55.0,8.0,0.0,2.0,44.0,13.0,10.0,7.0,7.0,3.0,1.0,10.0,2.0,14.0,4.0,26.0,8.0,8.0,8.0,11.0,5.0,2.0,13.0,7.0,2.0,6.0,0.0,2.0
3666,202001,15,1.0,4.0,1.0,0.0,7.0,2.0,26.0,3.0,0.0,1.0,11.0,9.0,1.0,0.0,2.0,0.0,1.0,2.0,2.0,9.0,2.0,5.0,4.0,9.0,2.0,1.0,3.0,2.0,6.0,1.0,1.0,8.0,0.0,0.0
3667,202001,16,14.0,21.0,15.0,4.0,12.0,11.0,14.0,11.0,10.0,6.0,8.0,5.0,1.0,7.0,3.0,8.0,0.0,4.0,3.0,29.0,5.0,65.0,2.0,4.0,12.0,8.0,5.0,1.0,2.0,6.0,1.0,5.0,0.0,15.0
3668,202001,17,25.0,53.0,49.0,217.0,9.0,26.0,21.0,12.0,3.0,26.0,33.0,18.0,24.0,156.0,401.0,48.0,15.0,11.0,90.0,21.0,17.0,27.0,17.0,33.0,39.0,202.0,24.0,15.0,20.0,8.0,12.0,2.0,0.0,32.0
3669,202001,18,44.0,9.0,8.0,94.0,2.0,25.0,4.0,18.0,2.0,13.0,4.0,11.0,7.0,17.0,129.0,61.0,6.0,2.0,52.0,3.0,1.0,3.0,3.0,13.0,21.0,12.0,12.0,4.0,11.0,0.0,13.0,3.0,3.0,1.0
3670,202001,19,3.0,4.0,4.0,12.0,1.0,13.0,12.0,1.0,3.0,8.0,3.0,4.0,4.0,0.0,9.0,5.0,3.0,2.0,3.0,1.0,0.0,3.0,2.0,6.0,6.0,2.0,6.0,1.0,0.0,0.0,2.0,1.0,0.0,3.0
3671,202001,20,1.0,10.0,4.0,1.0,0.0,4.0,7.0,5.0,11.0,2.0,4.0,6.0,0.0,3.0,2.0,5.0,1.0,0.0,1.0,2.0,1.0,1.0,1.0,2.0,4.0,2.0,2.0,0.0,2.0,0.0,0.0,2.0,1.0,0.0
3672,202001,21,3.0,8.0,9.0,1.0,0.0,4.0,11.0,3.0,0.0,4.0,4.0,1.0,4.0,24.0,5.0,5.0,0.0,2.0,3.0,19.0,3.0,40.0,5.0,4.0,3.0,2.0,0.0,1.0,1.0,2.0,0.0,0.0,0.0,1.0
3673,202001,22,0.0,9.0,2.0,5.0,0.0,6.0,11.0,1.0,0.0,3.0,3.0,0.0,3.0,20.0,6.0,2.0,1.0,1.0,7.0,5.0,0.0,11.0,1.0,3.0,3.0,8.0,1.0,3.0,0.0,4.0,0.0,4.0,0.0,2.0
3674,202001,23,1.0,11.0,7.0,4.0,0.0,5.0,12.0,3.0,3.0,2.0,6.0,1.0,3.0,12.0,14.0,7.0,1.0,2.0,15.0,10.0,2.0,6.0,3.0,6.0,9.0,31.0,1.0,0.0,2.0,1.0,0.0,1.0,0.0,4.0
3675,202001,24,0.0,13.0,5.0,13.0,3.0,12.0,19.0,7.0,2.0,3.0,10.0,5.0,8.0,14.0,20.0,14.0,3.0,0.0,106.0,6.0,4.0,12.0,11.0,8.0,13.0,25.0,6.0,3.0,5.0,6.0,5.0,3.0,0.0,6.0
3676,202001,25,1.0,1.0,2.0,6.0,1.0,5.0,4.0,2.0,2.0,2.0,1.0,1.0,3.0,1.0,6.0,1.0,1.0,2.0,11.0,3.0,0.0,5.0,5.0,5.0,2.0,3.0,1.0,1.0,2.0,1.0,1.0,2.0,2.0,2.0
3677,202001,26,0.0,2.0,1.0,5.0,0.0,5.0,6.0,0.0,4.0,0.0,3.0,0.0,0.0,4.0,2.0,1.0,0.0,1.0,0.0,1.0,0.0,1.0,7.0,2.0,5.0,1.0,2.0,0.0,0.0,1.0,1.0,2.0,0.0,0.0
3678,202001,27,2.0,142.0,8.0,9.0,3.0,1.0,7.0,1.0,6.0,1.0,20.0,5.0,6.0,17.0,4.0,3.0,1.0,11.0,4.0,13.0,2.0,7.0,3.0,12.0,10.0,20.0,3.0,1.0,1.0,3.0,2.0,3.0,0.0,0.0
3679,202001,28,0.0,9.0,2.0,3.0,0.0,3.0,5.0,1.0,2.0,1.0,3.0,3.0,4.0,8.0,1.0,5.0,1.0,1.0,2.0,13.0,3.0,19.0,5.0,4.0,2.0,1.0,1.0,0.0,0.0,4.0,0.0,2.0,0.0,0.0
3680,202001,29,1.0,8.0,4.0,7.0,0.0,1.0,4.0,2.0,2.0,0.0,1.0,2.0,0.0,5.0,4.0,0.0,1.0,1.0,1.0,13.0,3.0,7.0,3.0,0.0,1.0,3.0,1.0,0.0,1.0,3.0,1.0,3.0,0.0,0.0
3681,202001,30,1.0,4.0,8.0,3.0,0.0,2.0,9.0,3.0,13.0,1.0,2.0,1.0,3.0,6.0,0.0,0.0,0.0,1.0,0.0,3.0,2.0,8.0,6.0,8.0,3.0,3.0,2.0,0.0,1.0,1.0,2.0,1.0,1.0,3.0
3682,202001,31,0.0,8.0,1.0,1.0,0.0,2.0,27.0,0.0,6.0,0.0,3.0,0.0,2.0,6.0,2.0,0.0,0.0,0.0,0.0,13.0,1.0,27.0,8.0,3.0,1.0,1.0,0.0,0.0,0.0,6.0,1.0,1.0,0.0,2.0
3683,202002,1,0.0,5.0,1.0,2.0,0.0,0.0,8.0,3.0,0.0,0.0,1.0,1.0,4.0,8.0,3.0,3.0,0.0,2.0,4.0,8.0,0.0,23.0,3.0,4.0,3.0,0.0,3.0,0.0,2.0,1.0,0.0,3.0,0.0,0.0
3684,202002,2,2.0,7.0,1.0,4.0,0.0,1.0,2.0,0.0,2.0,0.0,2.0,0.0,2.0,7.0,1.0,0.0,0.0,2.0,0.0,5.0,0.0,9.0,9.0,4.0,5.0,2.0,1.0,0.0,3.0,1.0,0.0,1.0,0.0,1.0
3685,202002,3,1.0,10.0,6.0,13.0,0.0,7.0,12.0,1.0,5.0,4.0,3.0,2.0,2.0,129.0,2.0,1.0,0.0,1.0,2.0,13.0,2.0,16.0,40.0,7.0,4.0,8.0,4.0,0.0,1.0,6.0,0.0,0.0,1.0,2.0
3686,202002,4,3.0,20.0,22.0,5.0,1.0,4.0,7.0,7.0,1.0,6.0,15.0,3.0,5.0,20.0,0.0,3.0,2.0,1.0,1.0,10.0,2.0,8.0,5.0,2.0,8.0,5.0,3.0,0.0,2.0,2.0,0.0,0.0,0.0,4.0
3687,202002,5,0.0,142.0,8.0,3.0,3.0,3.0,9.0,1.0,0.0,3.0,20.0,3.0,6.0,13.0,10.0,4.0,1.0,5.0,9.0,13.0,4.0,18.0,4.0,10.0,2.0,42.0,5.0,5.0,3.0,3.0,4.0,1.0,0.0,5.0
3688,202002,6,19.0,41.0,6.0,2.0,17.0,39.0,8.0,31.0,0.0,55.0,19.0,343.0,63.0,52.0,24.0,33.0,19.0,8.0,20.0,7.0,4.0,12.0,7.0,19.0,34.0,15.0,41.0,9.0,31.0,2.0,17.0,10.0,6.0,19.0
3689,202002,7,35.0,23.0,12.0,13.0,15.0,134.0,16.0,45.0,4.0,116.0,10.0,118.0,19.0,117.0,25.0,67.0,15.0,4.0,12.0,18.0,7.0,30.0,11.0,22.0,25.0,24.0,42.0,8.0,36.0,7.0,5.0,1.0,10.0,62.0
3690,202002,8,3.0,1.0,2.0,3.0,5.0,18.0,1.0,4.0,2.0,13.0,0.0,18.0,5.0,3.0,3.0,13.0,2.0,2.0,3.0,5.0,0.0,5.0,2.0,7.0,7.0,2.0,8.0,1.0,4.0,1.0,0.0,1.0,0.0,1.0
3691,202002,9,6.0,12.0,8.0,38.0,5.0,11.0,8.0,5.0,1.0,10.0,5.0,7.0,9.0,24.0,232.0,33.0,4.0,2.0,58.0,19.0,10.0,46.0,3.0,19.0,25.0,17.0,10.0,5.0,9.0,5.0,7.0,4.0,1.0,8.0
3692,202002,10,1.0,10.0,2.0,1.0,4.0,5.0,4.0,2.0,0.0,17.0,5.0,9.0,9.0,17.0,0.0,5.0,1.0,1.0,4.0,6.0,2.0,8.0,2.0,8.0,9.0,3.0,5.0,4.0,2.0,3.0,1.0,10.0,1.0,1.0
3693,202002,11,2.0,12.0,23.0,8.0,4.0,9.0,7.0,9.0,0.0,10.0,8.0,6.0,6.0,7.0,1.0,5.0,0.0,2.0,1.0,34.0,3.0,24.0,1.0,1.0,13.0,0.0,4.0,2.0,5.0,1.0,1.0,2.0,1.0,1.0
3694,202002,12,2.0,13.0,10.0,25.0,18.0,12.0,5.0,5.0,2.0,8.0,23.0,12.0,6.0,15.0,106.0,21.0,4.0,4.0,24.0,9.0,4.0,7.0,5.0,12.0,26.0,13.0,10.0,6.0,5.0,2.0,1.0,7.0,0.0,5.0
3695,202002,13,9.0,12.0,10.0,29.0,6.0,38.0,4.0,17.0,0.0,66.0,8.0,62.0,8.0,5.0,189.0,26.0,7.0,2.0,25.0,10.0,0.0,6.0,7.0,24.0,40.0,24.0,12.0,4.0,20.0,2.0,6.0,4.0,0.0,10.0
3696,202002,14,0.0,1.0,5.0,5.0,2.0,4.0,1.0,2.0,1.0,0.0,6.0,3.0,1.0,4.0,6.0,2.0,0.0,0.0,2.0,6.0,2.0,7.0,2.0,3.0,3.0,4.0,2.0,0.0,1.0,1.0,4.0,3.0,0.0,1.0
3697,202002,15,0.0,1.0,1.0,2.0,0.0,1.0,0.0,0.0,2.0,0.0,0.0,0.0,0.0,0.0,2.0,0.0,0.0,2.0,0.0,2.0,1.0,5.0,0.0,3.0,1.0,0.0,0.0,0.0,0.0,0.0,0.0,12.0,0.0,0.0
3698,202002,16,1.0,15.0,5.0,1.0,1.0,2.0,3.0,1.0,0.0,0.0,19.0,1.0,1.0,3.0,0.0,3.0,0.0,5.0,0.0,8.0,3.0,12.0,5.0,8.0,3.0,2.0,2.0,1.0,0.0,2.0,0.0,4.0,0.0,0.0
3699,202002,17,3.0,6.0,5.0,1.0,1.0,5.0,4.0,0.0,0.0,0.0,2.0,2.0,1.0,5.0,10.0,5.0,0.0,0.0,1.0,8.0,0.0,2.0,3.0,0.0,3.0,2.0,4.0,0.0,1.0,1.0,0.0,5.0,2.0,2.0
3700,202002,18,3.0,7.0,1.0,2.0,3.0,6.0,3.0,5.0,3.0,1.0,20.0,2.0,3.0,2.0,5.0,1.0,0.0,3.0,1.0,8.0,1.0,11.0,2.0,1.0,6.0,3.0,7.0,0.0,2.0,2.0,4.0,1.0,0.0,1.0
3701,202002,19,1.0,2.0,1.0,0.0,2.0,6.0,6.0,3.0,0.0,0.0,5.0,1.0,1.0,2.0,1.0,2.0,1.0,2.0,0.0,4.0,1.0,6.0,1.0,2.0,5.0,1.0,3.0,2.0,1.0,2.0,0.0,6.0,0.0,0.0
3702,202002,20,5.0,8.0,3.0,4.0,10.0,6.0,4.0,4.0,7.0,14.0,6.0,138.0,10.0,4.0,8.0,7.0,5.0,2.0,2.0,6.0,1.0,6.0,1.0,15.0,19.0,5.0,26.0,1.0,20.0,5.0,5.0,6.0,2.0,1.0
3703,202002,21,0.0,3.0,3.0,1.0,2.0,3.0,4.0,3.0,2.0,5.0,5.0,1.0,4.0,0.0,2.0,4.0,1.0,2.0,1.0,9.0,2.0,5.0,0.0,1.0,1.0,2.0,6.0,3.0,3.0,2.0,2.0,6.0,0.0,2.0
3704,202002,22,1.0,0.0,0.0,1.0,0.0,0.0,0.0,2.0,1.0,1.0,0.0,0.0,2.0,0.0,1.0,0.0,2.0,0.0,0.0,0.0,0.0,1.0,0.0,2.0,0.0,1.0,0.0,0.0,1.0,1.0,0.0,4.0,1.0,0.0
3705,202002,23,2.0,7.0,0.0,0.0,1.0,5.0,3.0,2.0,1.0,0.0,0.0,4.0,2.0,9.0,1.0,1.0,0.0,1.0,0.0,2.0,0.0,2.0,2.0,7.0,5.0,2.0,0.0,1.0,1.0,0.0,1.0,0.0,0.0,0.0
3706,202002,24,1.0,11.0,4.0,0.0,0.0,5.0,7.0,1.0,0.0,0.0,3.0,1.0,3.0,8.0,3.0,1.0,1.0,2.0,1.0,6.0,0.0,4.0,1.0,0.0,3.0,4.0,2.0,0.0,1.0,1.0,0.0,5.0,0.0,0.0
3707,202002,25,1.0,7.0,7.0,4.0,0.0,5.0,4.0,4.0,2.0,1.0,2.0,1.0,7.0,4.0,4.0,3.0,3.0,2.0,9.0,5.0,1.0,3.0,0.0,1.0,11.0,3.0,5.0,7.0,2.0,1.0,1.0,3.0,0.0,4.0
3708,202002,26,2.0,5.0,3.0,2.0,0.0,6.0,5.0,5.0,0.0,3.0,1.0,8.0,1.0,2.0,6.0,7.0,1.0,2.0,7.0,5.0,1.0,4.0,0.0,4.0,11.0,3.0,4.0,4.0,1.0,2.0,1.0,5.0,0.0,1.0
3709,202002,27,4.0,5.0,1.0,3.0,6.0,17.0,2.0,11.0,0.0,13.0,3.0,5.0,1.0,0.0,7.0,44.0,1.0,1.0,3.0,7.0,3.0,5.0,0.0,5.0,6.0,1.0,5.0,8.0,3.0,1.0,5.0,8.0,1.0,12.0
3710,202002,28,2.0,5.0,4.0,3.0,0.0,4.0,17.0,2.0,1.0,5.0,1.0,0.0,2.0,0.0,1.0,13.0,0.0,0.0,1.0,4.0,1.0,7.0,5.0,1.0,3.0,1.0,0.0,0.0,1.0,2.0,0.0,6.0,0.0,1.0
3711,202002,29,1.0,3.0,2.0,1.0,0.0,1.0,5.0,1.0,3.0,1.0,0.0,1.0,1.0,2.0,1.0,0.0,0.0,1.0,0.0,3.0,0.0,5.0,1.0,1.0,0.0,0.0,3.0,0.0,0.0,0.0,0.0,4.0,1.0,0.0
3712,202106,1,1.0,2.0,1.0,2.0,3.0,1.0,1.0,2.0,2.0,5.0,1.0,3.0,5.0,2.0,9.0,1.0,1.0,5.0,1.0,7.0,2.0,4.0,0.0,7.0,7.0,5.0,2.0,1.0,2.0,0.0,0.0,1.0,0.0,1.0
3713,202106,2,0.0,2.0,2.0,4.0,1.0,2.0,6.0,0.0,7.0,0.0,3.0,3.0,4.0,1.0,9.0,3.0,1.0,1.0,1.0,5.0,1.0,4.0,1.0,3.0,5.0,2.0,1.0,0.0,0.0,0.0,2.0,2.0,0.0,0.0
3714,202106,3,2.0,5.0,2.0,1.0,1.0,5.0,5.0,5.0,1.0,1.0,22.0,6.0,7.0,5.0,6.0,3.0,2.0,4.0,1.0,7.0,2.0,5.0,2.0,9.0,7.0,3.0,4.0,0.0,4.0,0.0,2.0,1.0,0.0,0.0
3715,202106,4,2.0,9.0,6.0,5.0,2.0,16.0,7.0,0.0,1.0,3.0,10.0,4.0,6.0,15.0,8.0,2.0,4.0,0.0,0.0,7.0,2.0,1.0,3.0,12.0,7.0,5.0,4.0,0.0,1.0,0.0,4.0,3.0,3.0,0.0
3716,202106,5,3.0,42.0,3.0,5.0,1.0,4.0,3.0,3.0,0.0,1.0,16.0,2.0,6.0,11.0,2.0,4.0,2.0,5.0,1.0,4.0,0.0,1.0,2.0,8.0,6.0,1.0,6.0,2.0,1.0,0.0,3.0,6.0,1.0,1.0
3717,202106,6,6.0,32.0,5.0,8.0,6.0,4.0,4.0,3.0,1.0,2.0,18.0,14.0,7.0,52.0,5.0,4.0,7.0,6.0,3.0,9.0,4.0,1.0,12.0,12.0,7.0,5.0,8.0,1.0,5.0,1.0,0.0,2.0,1.0,3.0
3718,202106,7,6.0,263.0,21.0,13.0,8.0,3.0,9.0,4.0,1.0,8.0,26.0,70.0,15.0,34.0,12.0,9.0,7.0,17.0,4.0,14.0,5.0,10.0,7.0,22.0,12.0,21.0,19.0,3.0,7.0,5.0,4.0,0.0,2.0,5.0
3719,202106,8,10.0,47.0,7.0,7.0,7.0,7.0,9.0,27.0,1.0,12.0,8.0,17.0,9.0,7.0,23.0,13.0,10.0,3.0,0.0,24.0,3.0,9.0,7.0,11.0,12.0,9.0,13.0,5.0,11.0,9.0,7.0,1.0,5.0,16.0
3720,202106,9,14.0,25.0,7.0,4.0,8.0,15.0,7.0,7.0,4.0,11.0,8.0,22.0,7.0,8.0,19.0,9.0,8.0,4.0,3.0,15.0,0.0,4.0,2.0,11.0,6.0,8.0,14.0,19.0,10.0,2.0,9.0,0.0,6.0,24.0
3721,202106,10,10.0,18.0,6.0,4.0,4.0,20.0,8.0,8.0,2.0,23.0,8.0,9.0,8.0,7.0,11.0,6.0,2.0,2.0,1.0,11.0,3.0,8.0,5.0,11.0,4.0,3.0,20.0,29.0,7.0,2.0,6.0,1.0,3.0,11.0
3722,202106,11,9.0,10.0,5.0,3.0,6.0,3.0,4.0,6.0,2.0,9.0,2.0,14.0,5.0,2.0,16.0,2.0,7.0,1.0,3.0,4.0,1.0,3.0,4.0,8.0,5.0,5.0,10.0,4.0,4.0,2.0,2.0,6.0,6.0,3.0
3723,202106,12,5.0,30.0,5.0,8.0,10.0,8.0,7.0,0.0,3.0,4.0,6.0,17.0,6.0,6.0,77.0,9.0,3.0,3.0,9.0,3.0,1.0,6.0,0.0,8.0,12.0,10.0,10.0,2.0,1.0,2.0,3.0,1.0,1.0,1.0
3724,202106,13,2.0,36.0,12.0,11.0,11.0,15.0,2.0,9.0,2.0,13.0,7.0,13.0,12.0,8.0,5.0,8.0,7.0,1.0,3.0,3.0,4.0,1.0,4.0,12.0,19.0,4.0,49.0,11.0,1.0,1.0,3.0,1.0,2.0,1.0
3725,202106,14,6.0,27.0,13.0,5.0,5.0,13.0,4.0,1.0,8.0,7.0,9.0,7.0,8.0,26.0,12.0,6.0,8.0,5.0,7.0,12.0,6.0,6.0,3.0,6.0,7.0,3.0,15.0,9.0,2.0,5.0,11.0,0.0,2.0,3.0
3726,202106,15,4.0,63.0,42.0,10.0,15.0,17.0,14.0,4.0,6.0,10.0,46.0,5.0,21.0,60.0,12.0,11.0,14.0,15.0,38.0,55.0,49.0,48.0,12.0,30.0,13.0,19.0,18.0,24.0,4.0,17.0,8.0,7.0,2.0,7.0
3727,202106,16,0.0,39.0,33.0,4.0,16.0,3.0,15.0,2.0,1.0,4.0,22.0,10.0,11.0,40.0,14.0,11.0,17.0,10.0,27.0,25.0,27.0,34.0,5.0,21.0,17.0,17.0,23.0,23.0,8.0,10.0,6.0,7.0,2.0,3.0
3728,202106,17,2.0,33.0,17.0,2.0,7.0,3.0,8.0,3.0,3.0,5.0,8.0,12.0,7.0,17.0,10.0,5.0,6.0,10.0,6.0,13.0,7.0,15.0,2.0,8.0,9.0,8.0,9.0,8.0,2.0,6.0,3.0,1.0,0.0,2.0
3729,202106,18,2.0,47.0,19.0,4.0,8.0,14.0,10.0,2.0,0.0,4.0,17.0,12.0,7.0,17.0,12.0,6.0,11.0,6.0,32.0,13.0,13.0,13.0,10.0,9.0,8.0,10.0,11.0,11.0,11.0,4.0,8.0,5.0,0.0,2.0
3730,202106,19,4.0,40.0,8.0,3.0,15.0,1.0,4.0,4.0,3.0,6.0,14.0,13.0,5.0,32.0,12.0,6.0,8.0,6.0,4.0,9.0,4.0,7.0,7.0,3.0,10.0,2.0,10.0,3.0,3.0,4.0,4.0,1.0,0.0,2.0
3731,202106,20,3.0,41.0,14.0,2.0,5.0,15.0,7.0,5.0,2.0,9.0,7.0,22.0,2.0,7.0,26.0,6.0,16.0,6.0,18.0,12.0,3.0,7.0,5.0,6.0,9.0,5.0,17.0,4.0,8.0,1.0,11.0,3.0,4.0,4.0
3732,202106,21,23.0,179.0,20.0,16.0,12.0,21.0,6.0,30.0,1.0,14.0,58.0,20.0,12.0,21.0,41.0,29.0,12.0,20.0,16.0,12.0,6.0,4.0,9.0,24.0,25.0,21.0,43.0,36.0,15.0,2.0,17.0,2.0,9.0,27.0
3733,202106,22,9.0,51.0,16.0,5.0,4.0,11.0,8.0,11.0,2.0,7.0,17.0,11.0,6.0,12.0,9.0,8.0,5.0,3.0,3.0,13.0,6.0,9.0,5.0,12.0,9.0,3.0,26.0,4.0,6.0,4.0,5.0,0.0,1.0,8.0
3734,202106,23,3.0,42.0,8.0,2.0,3.0,3.0,3.0,3.0,5.0,2.0,7.0,2.0,2.0,3.0,7.0,4.0,1.0,1.0,0.0,12.0,4.0,4.0,4.0,5.0,5.0,7.0,9.0,2.0,3.0,1.0,5.0,1.0,1.0,1.0
3735,202106,24,2.0,37.0,16.0,13.0,5.0,3.0,16.0,8.0,3.0,4.0,13.0,7.0,9.0,60.0,70.0,8.0,9.0,5.0,6.0,22.0,25.0,11.0,6.0,8.0,15.0,7.0,14.0,1.0,2.0,5.0,6.0,5.0,1.0,3.0
3736,202106,25,2.0,24.0,16.0,8.0,5.0,11.0,27.0,6.0,5.0,2.0,10.0,12.0,9.0,111.0,11.0,8.0,6.0,9.0,36.0,19.0,12.0,18.0,9.0,14.0,5.0,33.0,17.0,7.0,1.0,9.0,6.0,6.0,0.0,5.0
3737,202106,26,3.0,19.0,13.0,18.0,22.0,20.0,19.0,6.0,5.0,10.0,14.0,14.0,11.0,45.0,124.0,22.0,14.0,11.0,76.0,9.0,5.0,10.0,13.0,17.0,24.0,45.0,51.0,9.0,4.0,4.0,11.0,9.0,1.0,6.0
3738,202106,27,1.0,35.0,13.0,8.0,6.0,18.0,28.0,1.0,6.0,6.0,20.0,12.0,8.0,34.0,13.0,7.0,4.0,8.0,3.0,15.0,8.0,10.0,8.0,12.0,10.0,12.0,16.0,6.0,4.0,3.0,6.0,3.0,3.0,5.0
3739,202106,28,4.0,60.0,10.0,6.0,11.0,10.0,47.0,2.0,6.0,5.0,43.0,1.0,3.0,30.0,22.0,7.0,7.0,14.0,33.0,17.0,11.0,16.0,4.0,18.0,17.0,11.0,7.0,1.0,3.0,8.0,2.0,1.0,3.0,2.0
3740,202106,29,4.0,25.0,27.0,8.0,6.0,7.0,48.0,1.0,7.0,6.0,24.0,3.0,5.0,8.0,7.0,8.0,25.0,4.0,20.0,22.0,11.0,15.0,7.0,11.0,7.0,4.0,2.0,0.0,1.0,6.0,6.0,2.0,0.0,0.0
3741,202106,30,7.0,13.0,5.0,10.0,6.0,11.0,12.0,10.0,4.0,3.0,9.0,13.0,6.0,15.0,38.0,18.0,8.0,4.0,6.0,4.0,0.0,6.0,3.0,10.0,14.0,6.0,14.0,19.0,4.0,2.0,8.0,2.0,2.0,12.0
3742,202107,1,12.0,78.0,20.0,14.0,15.0,30.0,16.0,37.0,2.0,44.0,14.0,33.0,8.0,124.0,19.0,9.0,20.0,7.0,7.0,16.0,10.0,18.0,16.0,14.0,22.0,12.0,31.0,38.0,42.0,7.0,15.0,7.0,4.0,12.0
3743,202107,2,17.0,208.0,33.0,14.0,27.0,26.0,20.0,11.0,2.0,14.0,45.0,15.0,25.0,73.0,27.0,12.0,8.0,21.0,11.0,19.0,10.0,11.0,14.0,29.0,24.0,23.0,20.0,4.0,13.0,10.0,7.0,0.0,4.0,15.0
3744,202107,3,1.0,35.0,15.0,6.0,11.0,16.0,9.0,5.0,4.0,5.0,31.0,6.0,2.0,37.0,16.0,9.0,6.0,6.0,5.0,10.0,2.0,6.0,7.0,10.0,9.0,17.0,17.0,1.0,6.0,3.0,12.0,5.0,23.0,5.0
3745,202107,4,3.0,7.0,4.0,2.0,6.0,3.0,18.0,0.0,2.0,1.0,8.0,2.0,3.0,25.0,6.0,5.0,1.0,2.0,3.0,11.0,2.0,7.0,7.0,7.0,7.0,4.0,10.0,2.0,2.0,3.0,5.0,2.0,2.0,0.0
3746,202107,5,1.0,14.0,6.0,7.0,9.0,5.0,11.0,1.0,0.0,2.0,27.0,2.0,6.0,48.0,4.0,3.0,5.0,2.0,3.0,8.0,3.0,9.0,2.0,8.0,5.0,5.0,4.0,1.0,2.0,1.0,2.0,1.0,3.0,1.0
3747,202107,6,32.0,39.0,5.0,3.0,42.0,17.0,4.0,13.0,1.0,10.0,24.0,18.0,14.0,12.0,24.0,11.0,80.0,5.0,14.0,4.0,5.0,5.0,5.0,7.0,23.0,8.0,16.0,10.0,15.0,1.0,24.0,1.0,24.0,10.0
3748,202107,7,30.0,12.0,6.0,8.0,76.0,13.0,4.0,4.0,0.0,12.0,21.0,6.0,9.0,7.0,21.0,18.0,33.0,5.0,25.0,18.0,4.0,9.0,3.0,21.0,29.0,11.0,48.0,11.0,7.0,6.0,23.0,4.0,3.0,2.0
3749,202107,8,56.0,10.0,4.0,3.0,6.0,26.0,5.0,9.0,2.0,19.0,7.0,13.0,3.0,6.0,14.0,26.0,9.0,3.0,1.0,11.0,4.0,12.0,2.0,19.0,14.0,9.0,24.0,1.0,13.0,3.0,13.0,3.0,14.0,32.0
3750,202107,9,63.0,8.0,3.0,3.0,4.0,53.0,5.0,10.0,1.0,22.0,9.0,19.0,8.0,14.0,10.0,13.0,8.0,3.0,3.0,18.0,29.0,9.0,9.0,16.0,12.0,8.0,21.0,5.0,15.0,3.0,11.0,2.0,11.0,10.0
3751,202107,10,16.0,3.0,5.0,4.0,4.0,18.0,6.0,3.0,2.0,10.0,5.0,1.0,3.0,5.0,11.0,5.0,3.0,1.0,3.0,8.0,8.0,7.0,3.0,9.0,13.0,9.0,13.0,2.0,4.0,2.0,9.0,3.0,5.0,3.0
3752,202107,11,39.0,9.0,10.0,6.0,4.0,16.0,9.0,8.0,3.0,7.0,5.0,8.0,4.0,2.0,8.0,12.0,5.0,4.0,2.0,14.0,14.0,11.0,6.0,13.0,14.0,2.0,34.0,1.0,9.0,2.0,12.0,2.0,2.0,2.0
3753,202107,12,75.0,7.0,8.0,4.0,6.0,22.0,5.0,23.0,1.0,8.0,21.0,14.0,8.0,6.0,9.0,25.0,12.0,4.0,3.0,15.0,11.0,5.0,8.0,14.0,15.0,6.0,35.0,2.0,14.0,4.0,22.0,1.0,17.0,12.0
3754,202107,13,39.0,13.0,16.0,5.0,9.0,14.0,4.0,5.0,3.0,8.0,10.0,4.0,7.0,32.0,8.0,12.0,8.0,1.0,6.0,17.0,6.0,9.0,8.0,2.0,12.0,10.0,10.0,1.0,7.0,1.0,4.0,3.0,0.0,1.0
3755,202107,14,35.0,17.0,14.0,9.0,6.0,11.0,2.0,2.0,2.0,10.0,18.0,11.0,7.0,43.0,13.0,8.0,7.0,6.0,9.0,14.0,2.0,7.0,5.0,15.0,8.0,7.0,12.0,3.0,14.0,1.0,2.0,2.0,1.0,3.0
3756,202107,15,4.0,40.0,9.0,6.0,9.0,10.0,12.0,2.0,2.0,2.0,19.0,4.0,9.0,11.0,6.0,6.0,4.0,11.0,24.0,6.0,9.0,5.0,7.0,9.0,7.0,8.0,26.0,5.0,6.0,4.0,11.0,0.0,2.0,2.0
3757,202107,16,17.0,23.0,5.0,5.0,3.0,10.0,8.0,1.0,1.0,2.0,2.0,4.0,3.0,5.0,5.0,8.0,3.0,6.0,3.0,12.0,7.0,8.0,6.0,13.0,15.0,4.0,19.0,4.0,3.0,2.0,6.0,2.0,0.0,2.0
3758,202107,17,130.0,8.0,5.0,8.0,14.0,49.0,6.0,45.0,2.0,26.0,16.0,17.0,6.0,23.0,35.0,30.0,15.0,2.0,3.0,6.0,3.0,3.0,5.0,8.0,21.0,9.0,39.0,27.0,58.0,1.0,21.0,4.0,14.0,21.0
3759,202107,18,58.0,22.0,11.0,15.0,8.0,22.0,7.0,11.0,3.0,10.0,11.0,9.0,8.0,29.0,19.0,25.0,5.0,7.0,8.0,12.0,8.0,4.0,14.0,14.0,17.0,6.0,29.0,2.0,15.0,4.0,9.0,6.0,6.0,5.0
3760,202107,19,10.0,127.0,5.0,4.0,9.0,9.0,9.0,3.0,5.0,2.0,42.0,6.0,10.0,14.0,6.0,9.0,2.0,8.0,5.0,8.0,4.0,12.0,11.0,17.0,4.0,14.0,26.0,1.0,2.0,2.0,6.0,1.0,2.0,1.0
3761,202107,20,5.0,21.0,5.0,6.0,7.0,8.0,4.0,2.0,0.0,4.0,12.0,5.0,5.0,0.0,4.0,5.0,4.0,3.0,0.0,7.0,6.0,4.0,3.0,8.0,10.0,3.0,9.0,1.0,2.0,1.0,4.0,0.0,1.0,3.0
3762,202107,21,39.0,14.0,8.0,7.0,5.0,12.0,3.0,17.0,2.0,5.0,3.0,3.0,2.0,29.0,3.0,10.0,6.0,3.0,4.0,11.0,0.0,4.0,9.0,9.0,12.0,4.0,10.0,1.0,8.0,2.0,3.0,0.0,5.0,1.0
3763,202107,22,12.0,10.0,14.0,8.0,1.0,6.0,3.0,3.0,1.0,1.0,6.0,2.0,1.0,53.0,6.0,5.0,3.0,6.0,4.0,13.0,14.0,5.0,5.0,5.0,9.0,11.0,5.0,1.0,4.0,3.0,5.0,4.0,7.0,2.0
3764,202107,23,4.0,9.0,10.0,7.0,1.0,6.0,5.0,3.0,2.0,3.0,3.0,4.0,5.0,51.0,5.0,10.0,4.0,2.0,2.0,6.0,9.0,10.0,15.0,6.0,11.0,6.0,1.0,3.0,7.0,2.0,12.0,9.0,0.0,0.0
3765,202107,24,5.0,17.0,7.0,10.0,4.0,14.0,3.0,2.0,3.0,6.0,8.0,5.0,2.0,9.0,101.0,9.0,1.0,3.0,24.0,2.0,1.0,3.0,5.0,10.0,24.0,5.0,11.0,2.0,8.0,2.0,7.0,7.0,1.0,1.0
3766,202107,25,47.0,17.0,4.0,16.0,3.0,20.0,4.0,1.0,2.0,5.0,6.0,7.0,2.0,4.0,23.0,16.0,3.0,3.0,2.0,12.0,7.0,11.0,4.0,4.0,11.0,12.0,27.0,1.0,11.0,3.0,6.0,0.0,0.0,3.0
3767,202107,26,7.0,18.0,8.0,5.0,7.0,9.0,8.0,4.0,2.0,10.0,4.0,124.0,7.0,4.0,14.0,5.0,9.0,6.0,3.0,11.0,6.0,28.0,9.0,11.0,15.0,6.0,23.0,0.0,11.0,5.0,5.0,0.0,1.0,1.0
3768,202107,27,3.0,21.0,4.0,5.0,4.0,5.0,5.0,4.0,3.0,6.0,7.0,26.0,5.0,7.0,8.0,8.0,7.0,3.0,4.0,4.0,0.0,10.0,6.0,16.0,12.0,5.0,8.0,1.0,6.0,0.0,6.0,2.0,2.0,1.0
3769,202107,28,14.0,8.0,5.0,1.0,2.0,7.0,3.0,6.0,5.0,3.0,5.0,6.0,1.0,2.0,4.0,5.0,3.0,1.0,0.0,6.0,1.0,4.0,3.0,4.0,7.0,2.0,3.0,3.0,3.0,0.0,5.0,2.0,2.0,0.0
3770,202107,29,71.0,8.0,9.0,7.0,2.0,17.0,8.0,15.0,1.0,9.0,7.0,8.0,2.0,4.0,10.0,17.0,5.0,4.0,2.0,17.0,11.0,9.0,3.0,16.0,13.0,6.0,25.0,2.0,27.0,0.0,12.0,3.0,2.0,5.0
3771,202107,30,5.0,12.0,7.0,6.0,8.0,5.0,8.0,2.0,0.0,1.0,8.0,7.0,4.0,53.0,6.0,4.0,4.0,2.0,2.0,5.0,7.0,4.0,6.0,8.0,7.0,5.0,14.0,4.0,2.0,5.0,4.0,5.0,0.0,0.0
3772,202107,31,12.0,53.0,10.0,8.0,12.0,10.0,12.0,5.0,7.0,7.0,19.0,27.0,7.0,48.0,29.0,10.0,5.0,4.0,5.0,18.0,4.0,10.0,11.0,8.0,20.0,10.0,24.0,3.0,4.0,4.0,20.0,2.0,3.0,1.0
3773,202108,1,29.0,326.0,23.0,14.0,28.0,18.0,16.0,13.0,5.0,13.0,52.0,29.0,19.0,31.0,29.0,35.0,14.0,17.0,13.0,32.0,29.0,14.0,17.0,27.0,29.0,21.0,74.0,7.0,12.0,8.0,34.0,5.0,3.0,11.0
3774,202108,2,23.0,242.0,38.0,22.0,28.0,25.0,24.0,23.0,5.0,20.0,47.0,41.0,36.0,42.0,38.0,52.0,18.0,29.0,8.0,53.0,43.0,30.0,18.0,24.0,27.0,28.0,76.0,12.0,6.0,15.0,48.0,1.0,3.0,7.0
3775,202108,3,28.0,96.0,37.0,11.0,29.0,37.0,17.0,21.0,3.0,18.0,37.0,26.0,29.0,43.0,40.0,44.0,40.0,20.0,6.0,51.0,32.0,24.0,11.0,27.0,26.0,23.0,87.0,17.0,7.0,18.0,50.0,11.0,2.0,7.0
3776,202108,4,22.0,36.0,7.0,8.0,26.0,28.0,8.0,19.0,4.0,8.0,24.0,5.0,25.0,12.0,29.0,42.0,9.0,9.0,6.0,40.0,31.0,21.0,4.0,15.0,22.0,14.0,71.0,17.0,9.0,3.0,42.0,9.0,3.0,7.0
3777,202108,5,16.0,31.0,9.0,6.0,16.0,15.0,12.0,19.0,3.0,5.0,33.0,8.0,29.0,12.0,31.0,40.0,10.0,7.0,2.0,38.0,33.0,13.0,6.0,13.0,24.0,16.0,66.0,17.0,2.0,5.0,39.0,15.0,0.0,6.0
3778,202108,6,13.0,35.0,16.0,12.0,19.0,19.0,14.0,18.0,5.0,4.0,34.0,9.0,22.0,86.0,28.0,34.0,9.0,7.0,9.0,49.0,29.0,27.0,8.0,12.0,24.0,19.0,53.0,13.0,1.0,3.0,29.0,5.0,1.0,3.0
3779,202108,7,14.0,10.0,4.0,6.0,18.0,12.0,7.0,10.0,3.0,3.0,14.0,11.0,12.0,24.0,12.0,18.0,8.0,1.0,4.0,22.0,9.0,11.0,6.0,11.0,27.0,17.0,35.0,12.0,3.0,0.0,23.0,7.0,5.0,3.0
3780,202108,8,21.0,12.0,11.0,15.0,10.0,17.0,5.0,4.0,2.0,4.0,3.0,8.0,8.0,19.0,67.0,21.0,6.0,1.0,18.0,26.0,16.0,8.0,8.0,9.0,25.0,12.0,33.0,9.0,5.0,3.0,15.0,2.0,6.0,7.0
3781,202108,9,20.0,18.0,19.0,55.0,10.0,34.0,5.0,10.0,3.0,13.0,19.0,25.0,11.0,20.0,434.0,51.0,8.0,6.0,42.0,15.0,9.0,9.0,11.0,27.0,43.0,31.0,32.0,9.0,13.0,8.0,12.0,7.0,4.0,10.0
3782,202108,10,35.0,12.0,12.0,28.0,4.0,21.0,11.0,30.0,5.0,32.0,10.0,22.0,5.0,12.0,178.0,31.0,7.0,7.0,33.0,17.0,8.0,10.0,5.0,19.0,29.0,21.0,29.0,10.0,21.0,2.0,8.0,3.0,2.0,7.0
3783,202108,11,41.0,16.0,10.0,30.0,12.0,52.0,12.0,20.0,5.0,43.0,11.0,40.0,9.0,18.0,229.0,47.0,10.0,10.0,44.0,10.0,8.0,10.0,5.0,26.0,30.0,21.0,32.0,41.0,26.0,1.0,12.0,0.0,4.0,19.0
3784,202108,12,25.0,13.0,3.0,10.0,3.0,16.0,6.0,10.0,1.0,16.0,8.0,14.0,12.0,14.0,38.0,26.0,15.0,5.0,8.0,13.0,6.0,9.0,7.0,15.0,20.0,16.0,23.0,10.0,12.0,2.0,22.0,0.0,1.0,5.0
3785,202108,13,20.0,17.0,21.0,9.0,12.0,24.0,14.0,14.0,3.0,35.0,17.0,33.0,11.0,29.0,31.0,29.0,7.0,7.0,8.0,10.0,13.0,12.0,7.0,21.0,22.0,24.0,29.0,34.0,33.0,2.0,19.0,3.0,2.0,3.0
3786,202108,14,18.0,250.0,23.0,9.0,26.0,30.0,23.0,9.0,1.0,24.0,32.0,120.0,16.0,15.0,31.0,16.0,45.0,16.0,7.0,22.0,16.0,13.0,5.0,37.0,26.0,27.0,56.0,26.0,19.0,7.0,21.0,6.0,0.0,4.0
3787,202108,15,6.0,108.0,29.0,12.0,25.0,25.0,25.0,14.0,4.0,23.0,75.0,65.0,16.0,48.0,24.0,22.0,15.0,34.0,14.0,25.0,20.0,15.0,13.0,28.0,16.0,19.0,39.0,6.0,18.0,6.0,23.0,3.0,3.0,4.0
3788,202108,16,3.0,25.0,18.0,6.0,51.0,7.0,6.0,3.0,1.0,9.0,49.0,22.0,14.0,17.0,18.0,14.0,9.0,9.0,7.0,13.0,7.0,12.0,6.0,21.0,12.0,10.0,23.0,8.0,6.0,1.0,11.0,5.0,1.0,4.0
3789,202108,17,7.0,363.0,29.0,9.0,26.0,6.0,8.0,6.0,3.0,6.0,39.0,9.0,12.0,19.0,17.0,7.0,11.0,19.0,7.0,27.0,14.0,19.0,15.0,21.0,15.0,18.0,22.0,1.0,9.0,6.0,5.0,7.0,0.0,2.0
3790,202108,18,17.0,216.0,44.0,8.0,19.0,11.0,10.0,14.0,1.0,6.0,73.0,11.0,16.0,32.0,21.0,13.0,7.0,14.0,11.0,20.0,8.0,13.0,14.0,23.0,17.0,21.0,21.0,16.0,10.0,12.0,7.0,4.0,3.0,6.0
3791,202108,19,4.0,37.0,18.0,5.0,9.0,4.0,9.0,7.0,3.0,13.0,21.0,21.0,13.0,111.0,23.0,9.0,7.0,9.0,19.0,24.0,14.0,17.0,12.0,20.0,8.0,9.0,17.0,8.0,7.0,6.0,7.0,2.0,1.0,5.0
3792,202108,20,2.0,20.0,16.0,3.0,14.0,13.0,12.0,2.0,1.0,3.0,23.0,6.0,5.0,43.0,17.0,6.0,7.0,11.0,10.0,33.0,23.0,29.0,14.0,18.0,8.0,21.0,19.0,22.0,5.0,9.0,10.0,0.0,1.0,7.0
3793,202108,21,4.0,13.0,10.0,8.0,10.0,9.0,7.0,4.0,1.0,5.0,14.0,3.0,4.0,14.0,37.0,9.0,11.0,3.0,11.0,15.0,11.0,22.0,2.0,11.0,11.0,13.0,20.0,10.0,5.0,1.0,9.0,0.0,0.0,1.0
3794,202108,22,92.0,12.0,7.0,11.0,22.0,205.0,7.0,16.0,0.0,17.0,26.0,11.0,12.0,20.0,29.0,26.0,21.0,6.0,14.0,24.0,5.0,24.0,3.0,22.0,11.0,9.0,59.0,17.0,28.0,1.0,34.0,2.0,36.0,56.0
3795,202108,23,27.0,4.0,6.0,3.0,2.0,44.0,6.0,1.0,1.0,2.0,9.0,1.0,1.0,8.0,5.0,5.0,5.0,3.0,2.0,14.0,3.0,33.0,2.0,7.0,6.0,5.0,9.0,2.0,3.0,0.0,5.0,3.0,0.0,8.0
3796,202108,24,6.0,7.0,11.0,27.0,1.0,11.0,10.0,3.0,2.0,7.0,10.0,7.0,12.0,11.0,233.0,15.0,4.0,5.0,17.0,19.0,1.0,41.0,6.0,11.0,25.0,6.0,17.0,4.0,7.0,2.0,3.0,3.0,1.0,3.0
3797,202108,25,8.0,9.0,14.0,24.0,6.0,14.0,12.0,1.0,3.0,8.0,11.0,19.0,6.0,17.0,140.0,25.0,9.0,7.0,40.0,19.0,5.0,25.0,5.0,13.0,31.0,13.0,16.0,10.0,30.0,0.0,9.0,4.0,4.0,5.0
3798,202108,26,11.0,11.0,11.0,10.0,7.0,18.0,11.0,2.0,2.0,15.0,12.0,11.0,3.0,19.0,35.0,14.0,9.0,5.0,11.0,17.0,3.0,8.0,7.0,9.0,18.0,16.0,16.0,33.0,9.0,2.0,7.0,6.0,1.0,3.0
3799,202108,27,38.0,16.0,6.0,13.0,5.0,12.0,3.0,7.0,4.0,21.0,10.0,13.0,7.0,11.0,21.0,21.0,10.0,7.0,6.0,7.0,4.0,10.0,5.0,13.0,13.0,9.0,13.0,23.0,18.0,2.0,9.0,3.0,1.0,22.0
3800,202108,28,21.0,13.0,4.0,10.0,4.0,6.0,3.0,2.0,4.0,2.0,23.0,8.0,5.0,8.0,19.0,8.0,9.0,3.0,7.0,8.0,4.0,2.0,2.0,7.0,8.0,5.0,10.0,0.0,13.0,0.0,6.0,2.0,2.0,0.0
3801,202108,29,14.0,44.0,5.0,9.0,32.0,18.0,3.0,6.0,0.0,6.0,229.0,20.0,28.0,11.0,76.0,15.0,6.0,6.0,20.0,7.0,4.0,4.0,3.0,12.0,13.0,10.0,9.0,3.0,7.0,0.0,6.0,8.0,4.0,5.0
3802,202108,30,15.0,45.0,8.0,7.0,35.0,14.0,7.0,6.0,2.0,12.0,239.0,20.0,28.0,16.0,23.0,15.0,9.0,5.0,11.0,15.0,20.0,9.0,8.0,37.0,9.0,8.0,15.0,25.0,19.0,2.0,11.0,8.0,5.0,3.0
3803,202108,31,6.0,21.0,7.0,4.0,8.0,6.0,4.0,4.0,2.0,5.0,145.0,6.0,28.0,12.0,14.0,4.0,8.0,10.0,7.0,15.0,13.0,7.0,7.0,27.0,11.0,5.0,13.0,10.0,9.0,0.0,10.0,2.0,2.0,1.0
3804,202109,1,98.0,21.0,14.0,8.0,11.0,39.0,9.0,61.0,7.0,25.0,142.0,85.0,28.0,20.0,39.0,23.0,17.0,10.0,12.0,17.0,12.0,13.0,8.0,25.0,22.0,15.0,58.0,33.0,50.0,5.0,26.0,4.0,26.0,35.0
3805,202109,2,183.0,29.0,11.0,8.0,12.0,46.0,12.0,10.0,2.0,13.0,150.0,27.0,24.0,21.0,32.0,33.0,27.0,6.0,8.0,24.0,9.0,10.0,8.0,20.0,22.0,6.0,38.0,10.0,22.0,2.0,26.0,4.0,26.0,29.0
3806,202109,3,30.0,24.0,10.0,11.0,10.0,12.0,12.0,3.0,1.0,3.0,149.0,10.0,8.0,95.0,23.0,15.0,5.0,3.0,5.0,9.0,10.0,6.0,17.0,9.0,11.0,14.0,15.0,3.0,3.0,2.0,8.0,6.0,3.0,2.0
3807,202109,4,12.0,15.0,5.0,8.0,8.0,8.0,7.0,1.0,5.0,7.0,86.0,6.0,8.0,11.0,17.0,6.0,9.0,5.0,7.0,8.0,5.0,4.0,5.0,10.0,14.0,8.0,16.0,6.0,3.0,0.0,11.0,2.0,2.0,2.0
3808,202109,5,6.0,12.0,9.0,2.0,3.0,4.0,1.0,3.0,8.0,2.0,102.0,4.0,7.0,7.0,20.0,3.0,5.0,4.0,12.0,13.0,3.0,7.0,4.0,11.0,9.0,4.0,12.0,3.0,3.0,2.0,9.0,1.0,2.0,2.0
3809,202109,6,1.0,11.0,3.0,3.0,6.0,2.0,8.0,1.0,1.0,3.0,105.0,4.0,9.0,9.0,6.0,3.0,6.0,6.0,4.0,8.0,4.0,5.0,1.0,5.0,4.0,3.0,8.0,2.0,1.0,0.0,7.0,2.0,3.0,2.0
3810,202109,7,4.0,16.0,5.0,21.0,4.0,9.0,5.0,4.0,2.0,7.0,94.0,7.0,9.0,14.0,143.0,13.0,4.0,4.0,49.0,12.0,5.0,6.0,4.0,11.0,19.0,10.0,8.0,8.0,8.0,1.0,6.0,6.0,3.0,3.0
3811,202109,8,25.0,18.0,7.0,11.0,2.0,12.0,1.0,9.0,1.0,6.0,78.0,4.0,9.0,6.0,7.0,7.0,2.0,4.0,5.0,14.0,2.0,2.0,7.0,17.0,11.0,4.0,11.0,4.0,5.0,0.0,3.0,4.0,4.0,2.0
3812,202109,9,8.0,16.0,10.0,2.0,2.0,9.0,7.0,1.0,7.0,4.0,86.0,3.0,8.0,8.0,9.0,5.0,4.0,4.0,4.0,30.0,10.0,15.0,8.0,14.0,4.0,3.0,8.0,3.0,4.0,1.0,4.0,5.0,2.0,2.0
3813,202109,10,9.0,18.0,7.0,2.0,4.0,6.0,2.0,1.0,1.0,3.0,98.0,3.0,7.0,8.0,7.0,3.0,3.0,5.0,7.0,13.0,12.0,10.0,1.0,12.0,5.0,3.0,6.0,10.0,7.0,3.0,4.0,2.0,3.0,3.0
3814,202109,11,3.0,9.0,5.0,7.0,3.0,4.0,5.0,0.0,4.0,3.0,65.0,4.0,5.0,21.0,23.0,7.0,0.0,4.0,3.0,7.0,3.0,4.0,2.0,8.0,6.0,2.0,7.0,2.0,7.0,0.0,3.0,2.0,2.0,2.0
3815,202109,12,9.0,5.0,2.0,3.0,0.0,3.0,4.0,1.0,3.0,1.0,11.0,1.0,1.0,16.0,14.0,6.0,1.0,1.0,1.0,1.0,2.0,5.0,3.0,8.0,4.0,3.0,7.0,1.0,7.0,2.0,7.0,3.0,3.0,0.0
3816,202109,13,5.0,35.0,17.0,1.0,5.0,6.0,6.0,1.0,0.0,2.0,101.0,4.0,7.0,14.0,15.0,9.0,3.0,18.0,9.0,16.0,7.0,12.0,3.0,11.0,6.0,7.0,8.0,2.0,5.0,2.0,2.0,9.0,0.0,1.0
3817,202109,14,6.0,36.0,9.0,8.0,5.0,6.0,0.0,2.0,2.0,3.0,183.0,6.0,12.0,9.0,12.0,7.0,7.0,15.0,9.0,11.0,2.0,9.0,8.0,20.0,13.0,8.0,13.0,4.0,4.0,1.0,8.0,7.0,4.0,2.0
3818,202109,15,10.0,2.0,0.0,4.0,0.0,3.0,4.0,1.0,3.0,3.0,11.0,2.0,1.0,5.0,4.0,3.0,3.0,1.0,3.0,7.0,0.0,5.0,4.0,5.0,8.0,3.0,3.0,1.0,3.0,1.0,2.0,1.0,4.0,1.0
3819,202109,16,13.0,1.0,0.0,3.0,1.0,11.0,0.0,2.0,2.0,21.0,7.0,4.0,1.0,3.0,6.0,8.0,2.0,1.0,4.0,6.0,3.0,3.0,2.0,4.0,15.0,2.0,6.0,8.0,2.0,0.0,1.0,3.0,0.0,1.0
3820,202109,17,3.0,4.0,3.0,1.0,1.0,2.0,5.0,1.0,1.0,4.0,5.0,2.0,1.0,4.0,6.0,3.0,1.0,0.0,0.0,0.0,0.0,6.0,3.0,3.0,5.0,2.0,2.0,1.0,8.0,0.0,0.0,1.0,1.0,0.0
3821,202109,18,4.0,3.0,1.0,3.0,0.0,5.0,4.0,2.0,3.0,2.0,2.0,2.0,5.0,2.0,10.0,2.0,1.0,1.0,0.0,2.0,0.0,3.0,1.0,5.0,3.0,2.0,5.0,1.0,9.0,0.0,1.0,6.0,0.0,0.0
3822,202109,19,5.0,5.0,1.0,2.0,0.0,1.0,2.0,0.0,0.0,3.0,7.0,7.0,2.0,1.0,6.0,5.0,2.0,2.0,0.0,5.0,2.0,2.0,0.0,5.0,6.0,1.0,4.0,0.0,9.0,2.0,2.0,2.0,0.0,1.0
3823,202109,20,1.0,4.0,3.0,7.0,1.0,1.0,3.0,1.0,0.0,0.0,1.0,6.0,1.0,1.0,5.0,1.0,4.0,0.0,0.0,5.0,2.0,1.0,0.0,1.0,1.0,3.0,1.0,1.0,2.0,1.0,0.0,1.0,0.0,0.0
3824,202109,21,6.0,2.0,1.0,2.0,0.0,2.0,6.0,2.0,5.0,0.0,2.0,1.0,1.0,1.0,9.0,2.0,4.0,1.0,1.0,4.0,0.0,5.0,4.0,4.0,7.0,3.0,5.0,1.0,4.0,0.0,3.0,0.0,1.0,2.0
3825,202109,22,8.0,1.0,2.0,4.0,0.0,3.0,7.0,3.0,3.0,1.0,0.0,1.0,2.0,2.0,27.0,5.0,3.0,0.0,3.0,6.0,0.0,5.0,4.0,7.0,12.0,6.0,2.0,2.0,7.0,0.0,4.0,1.0,0.0,0.0
3826,202109,23,73.0,10.0,4.0,6.0,11.0,44.0,2.0,68.0,4.0,20.0,10.0,27.0,17.0,1.0,28.0,28.0,17.0,8.0,7.0,17.0,9.0,5.0,0.0,20.0,25.0,8.0,50.0,30.0,22.0,2.0,23.0,0.0,40.0,78.0
3827,202109,24,20.0,7.0,4.0,2.0,4.0,29.0,8.0,9.0,8.0,8.0,5.0,3.0,5.0,2.0,10.0,14.0,3.0,7.0,1.0,12.0,4.0,9.0,2.0,10.0,6.0,1.0,9.0,1.0,9.0,4.0,14.0,2.0,15.0,9.0
3828,202109,25,14.0,3.0,1.0,2.0,1.0,20.0,1.0,2.0,10.0,6.0,4.0,4.0,3.0,2.0,5.0,5.0,4.0,1.0,0.0,8.0,0.0,4.0,0.0,5.0,5.0,1.0,5.0,0.0,4.0,0.0,5.0,5.0,5.0,3.0
3829,202109,26,3.0,7.0,2.0,2.0,1.0,1.0,4.0,1.0,4.0,1.0,6.0,6.0,4.0,1.0,10.0,2.0,0.0,0.0,0.0,9.0,2.0,5.0,0.0,7.0,2.0,1.0,1.0,0.0,3.0,0.0,4.0,2.0,0.0,1.0
3830,202109,27,2.0,4.0,3.0,2.0,0.0,2.0,2.0,1.0,3.0,0.0,3.0,1.0,1.0,3.0,1.0,2.0,0.0,0.0,2.0,4.0,0.0,3.0,2.0,1.0,4.0,3.0,4.0,0.0,1.0,0.0,3.0,3.0,0.0,0.0
3831,202109,28,5.0,10.0,5.0,6.0,4.0,9.0,3.0,2.0,2.0,6.0,18.0,0.0,3.0,18.0,6.0,7.0,5.0,7.0,2.0,12.0,1.0,6.0,6.0,11.0,14.0,9.0,13.0,32.0,4.0,0.0,2.0,5.0,1.0,9.0
3832,202109,29,2.0,3.0,4.0,7.0,1.0,1.0,4.0,0.0,3.0,2.0,2.0,1.0,0.0,29.0,4.0,2.0,1.0,0.0,3.0,6.0,1.0,4.0,5.0,6.0,8.0,3.0,1.0,3.0,3.0,2.0,2.0,2.0,1.0,2.0
3833,202109,30,1.0,177.0,15.0,6.0,4.0,3.0,5.0,3.0,0.0,4.0,20.0,9.0,4.0,19.0,11.0,5.0,1.0,12.0,3.0,10.0,6.0,11.0,6.0,17.0,9.0,10.0,9.0,2.0,2.0,4.0,2.0,1.0,0.0,0.0
3834,202110,1,4.0,28.0,12.0,10.0,3.0,6.0,3.0,1.0,11.0,3.0,35.0,4.0,1.0,34.0,12.0,5.0,1.0,5.0,9.0,9.0,5.0,11.0,9.0,6.0,5.0,9.0,3.0,6.0,3.0,1.0,5.0,0.0,0.0,1.0
3835,202110,2,5.0,6.0,1.0,3.0,2.0,4.0,3.0,1.0,8.0,1.0,15.0,2.0,2.0,6.0,22.0,3.0,1.0,2.0,3.0,6.0,1.0,1.0,0.0,8.0,4.0,6.0,3.0,2.0,5.0,1.0,5.0,2.0,1.0,1.0
3836,202110,3,2.0,11.0,5.0,5.0,0.0,5.0,1.0,3.0,4.0,2.0,8.0,5.0,1.0,0.0,29.0,15.0,0.0,2.0,3.0,8.0,2.0,1.0,4.0,14.0,3.0,6.0,5.0,3.0,6.0,1.0,5.0,6.0,0.0,2.0
3837,202110,4,2.0,5.0,1.0,2.0,2.0,4.0,9.0,0.0,1.0,2.0,9.0,2.0,4.0,4.0,6.0,2.0,2.0,3.0,3.0,7.0,2.0,10.0,2.0,3.0,5.0,8.0,4.0,1.0,2.0,2.0,6.0,4.0,0.0,2.0
3838,202110,5,7.0,2.0,7.0,2.0,1.0,1.0,10.0,5.0,2.0,3.0,3.0,1.0,2.0,3.0,4.0,3.0,4.0,2.0,1.0,9.0,3.0,5.0,3.0,16.0,7.0,5.0,3.0,2.0,10.0,0.0,1.0,2.0,1.0,2.0
3839,202110,6,4.0,2.0,1.0,5.0,1.0,1.0,3.0,0.0,2.0,1.0,3.0,0.0,2.0,3.0,5.0,2.0,0.0,1.0,2.0,9.0,2.0,8.0,4.0,12.0,5.0,2.0,2.0,2.0,2.0,0.0,3.0,1.0,2.0,1.0
3840,202110,7,0.0,5.0,2.0,3.0,2.0,6.0,5.0,0.0,2.0,1.0,6.0,2.0,2.0,5.0,5.0,1.0,1.0,1.0,2.0,10.0,0.0,6.0,3.0,3.0,6.0,2.0,6.0,0.0,4.0,1.0,4.0,0.0,0.0,1.0
3841,202110,8,13.0,20.0,2.0,14.0,25.0,15.0,7.0,9.0,0.0,14.0,15.0,25.0,24.0,8.0,72.0,14.0,41.0,6.0,17.0,10.0,10.0,9.0,0.0,18.0,23.0,14.0,66.0,16.0,17.0,0.0,34.0,1.0,3.0,4.0
3842,202110,9,7.0,50.0,61.0,19.0,38.0,26.0,18.0,10.0,3.0,18.0,45.0,11.0,30.0,68.0,41.0,31.0,27.0,24.0,52.0,61.0,62.0,59.0,11.0,41.0,32.0,51.0,72.0,41.0,14.0,14.0,27.0,1.0,2.0,8.0
3843,202110,10,6.0,197.0,75.0,22.0,41.0,40.0,25.0,8.0,2.0,22.0,76.0,24.0,40.0,89.0,50.0,33.0,26.0,47.0,45.0,84.0,56.0,88.0,23.0,59.0,42.0,66.0,70.0,53.0,23.0,19.0,32.0,24.0,0.0,18.0
3844,202110,11,4.0,56.0,34.0,29.0,17.0,29.0,22.0,4.0,5.0,13.0,36.0,7.0,27.0,31.0,178.0,34.0,11.0,19.0,33.0,49.0,68.0,53.0,14.0,28.0,23.0,37.0,21.0,22.0,13.0,9.0,18.0,2.0,1.0,8.0
3845,202110,12,4.0,9.0,11.0,10.0,3.0,5.0,9.0,4.0,3.0,3.0,11.0,2.0,3.0,29.0,6.0,4.0,6.0,3.0,5.0,16.0,3.0,13.0,9.0,14.0,10.0,9.0,5.0,5.0,4.0,5.0,3.0,1.0,1.0,1.0
3846,202110,13,4.0,284.0,22.0,17.0,8.0,2.0,8.0,2.0,3.0,7.0,31.0,10.0,8.0,14.0,13.0,5.0,5.0,16.0,8.0,23.0,4.0,15.0,6.0,30.0,17.0,20.0,12.0,2.0,11.0,7.0,6.0,1.0,1.0,1.0
3847,202110,14,2.0,45.0,7.0,10.0,6.0,4.0,4.0,1.0,3.0,6.0,5.0,12.0,7.0,11.0,13.0,3.0,5.0,8.0,5.0,18.0,3.0,12.0,3.0,14.0,9.0,9.0,7.0,2.0,4.0,2.0,6.0,1.0,1.0,2.0
3848,202110,15,3.0,12.0,2.0,3.0,3.0,4.0,3.0,2.0,0.0,6.0,4.0,7.0,3.0,4.0,9.0,2.0,2.0,3.0,1.0,5.0,3.0,4.0,3.0,10.0,7.0,4.0,7.0,1.0,5.0,1.0,5.0,2.0,2.0,0.0
3849,202110,16,6.0,8.0,5.0,1.0,0.0,1.0,6.0,5.0,2.0,11.0,0.0,9.0,6.0,6.0,19.0,4.0,8.0,3.0,4.0,4.0,5.0,8.0,2.0,9.0,4.0,5.0,5.0,0.0,5.0,1.0,4.0,0.0,0.0,1.0
3850,202110,17,2.0,12.0,3.0,2.0,4.0,2.0,4.0,2.0,2.0,6.0,6.0,8.0,4.0,4.0,4.0,3.0,2.0,1.0,4.0,10.0,2.0,4.0,2.0,7.0,3.0,3.0,5.0,2.0,4.0,1.0,5.0,5.0,1.0,0.0
3851,202110,18,1.0,4.0,3.0,1.0,2.0,3.0,2.0,2.0,5.0,4.0,3.0,9.0,3.0,6.0,1.0,4.0,0.0,3.0,3.0,5.0,3.0,4.0,1.0,2.0,3.0,1.0,2.0,0.0,6.0,2.0,3.0,4.0,0.0,0.0
3852,202110,19,5.0,5.0,5.0,2.0,1.0,4.0,3.0,1.0,1.0,0.0,8.0,2.0,0.0,4.0,4.0,1.0,2.0,1.0,1.0,8.0,0.0,4.0,4.0,11.0,6.0,2.0,2.0,2.0,3.0,2.0,3.0,1.0,0.0,0.0
3853,202110,20,2.0,0.0,0.0,4.0,1.0,5.0,2.0,1.0,3.0,1.0,1.0,1.0,0.0,4.0,3.0,4.0,2.0,0.0,2.0,8.0,1.0,5.0,7.0,5.0,7.0,2.0,3.0,1.0,4.0,1.0,0.0,3.0,0.0,0.0
3854,202110,21,5.0,52.0,52.0,76.0,3.0,8.0,67.0,2.0,2.0,3.0,40.0,4.0,4.0,93.0,72.0,31.0,2.0,8.0,9.0,94.0,9.0,110.0,96.0,21.0,18.0,13.0,10.0,3.0,10.0,22.0,4.0,6.0,0.0,0.0
3855,202110,22,7.0,50.0,47.0,67.0,3.0,12.0,53.0,2.0,6.0,5.0,30.0,6.0,3.0,85.0,55.0,41.0,2.0,20.0,15.0,105.0,21.0,98.0,65.0,26.0,20.0,36.0,13.0,2.0,20.0,22.0,5.0,7.0,0.0,1.0
3856,202110,23,2.0,9.0,18.0,15.0,5.0,6.0,11.0,3.0,1.0,3.0,9.0,3.0,3.0,22.0,20.0,6.0,3.0,3.0,4.0,20.0,1.0,18.0,12.0,8.0,12.0,15.0,4.0,4.0,12.0,3.0,4.0,2.0,0.0,1.0
3857,202110,24,4.0,19.0,16.0,6.0,5.0,8.0,17.0,1.0,1.0,8.0,6.0,2.0,3.0,6.0,27.0,8.0,1.0,0.0,9.0,36.0,11.0,64.0,6.0,9.0,5.0,11.0,6.0,2.0,8.0,7.0,4.0,3.0,1.0,0.0
3858,202110,25,16.0,15.0,16.0,40.0,4.0,19.0,10.0,4.0,1.0,12.0,12.0,10.0,5.0,14.0,208.0,28.0,5.0,4.0,14.0,51.0,7.0,30.0,9.0,23.0,25.0,18.0,9.0,6.0,23.0,5.0,5.0,0.0,1.0,9.0
3859,202110,26,47.0,5.0,5.0,6.0,1.0,14.0,3.0,6.0,0.0,12.0,5.0,9.0,3.0,9.0,20.0,19.0,9.0,1.0,6.0,14.0,2.0,9.0,4.0,8.0,17.0,5.0,10.0,1.0,22.0,1.0,6.0,0.0,1.0,5.0
3860,202110,27,9.0,23.0,4.0,4.0,3.0,21.0,3.0,1.0,0.0,1.0,44.0,1.0,7.0,6.0,4.0,5.0,4.0,6.0,4.0,6.0,1.0,6.0,4.0,16.0,7.0,4.0,8.0,3.0,11.0,0.0,5.0,7.0,0.0,2.0
3861,202110,28,0.0,245.0,21.0,11.0,10.0,7.0,5.0,3.0,1.0,7.0,24.0,15.0,10.0,6.0,19.0,9.0,13.0,11.0,7.0,21.0,7.0,7.0,5.0,22.0,9.0,15.0,12.0,3.0,5.0,5.0,4.0,6.0,1.0,7.0
3862,202110,29,5.0,72.0,21.0,7.0,5.0,18.0,11.0,6.0,3.0,15.0,9.0,49.0,4.0,8.0,37.0,9.0,21.0,8.0,2.0,21.0,4.0,18.0,7.0,14.0,8.0,11.0,11.0,8.0,9.0,9.0,3.0,2.0,0.0,2.0
3863,202110,30,11.0,111.0,37.0,8.0,12.0,10.0,15.0,10.0,10.0,17.0,13.0,74.0,8.0,14.0,44.0,11.0,38.0,14.0,5.0,23.0,12.0,19.0,7.0,19.0,15.0,15.0,20.0,8.0,18.0,10.0,9.0,10.0,3.0,5.0
3864,202110,31,15.0,218.0,92.0,18.0,20.0,26.0,39.0,21.0,22.0,34.0,39.0,137.0,22.0,41.0,90.0,28.0,63.0,26.0,20.0,64.0,29.0,50.0,15.0,32.0,28.0,24.0,48.0,15.0,20.0,16.0,18.0,6.0,10.0,15.0
3865,202111,1,21.0,53.0,45.0,13.0,13.0,24.0,29.0,7.0,7.0,26.0,32.0,60.0,7.0,20.0,40.0,25.0,29.0,24.0,7.0,23.0,16.0,34.0,9.0,15.0,23.0,16.0,23.0,11.0,15.0,11.0,7.0,0.0,9.0,12.0
3866,202111,2,6.0,12.0,10.0,6.0,1.0,10.0,7.0,8.0,1.0,7.0,12.0,8.0,1.0,10.0,9.0,10.0,12.0,7.0,4.0,14.0,2.0,8.0,1.0,5.0,17.0,3.0,7.0,2.0,13.0,3.0,4.0,1.0,2.0,7.0
3867,202111,3,5.0,14.0,6.0,3.0,2.0,3.0,4.0,1.0,3.0,5.0,1.0,6.0,1.0,3.0,10.0,6.0,3.0,3.0,1.0,18.0,1.0,12.0,3.0,8.0,2.0,4.0,2.0,1.0,4.0,3.0,0.0,2.0,0.0,3.0
3868,202111,4,5.0,9.0,5.0,6.0,1.0,6.0,10.0,1.0,3.0,2.0,5.0,0.0,2.0,3.0,5.0,6.0,3.0,2.0,0.0,21.0,4.0,11.0,4.0,11.0,11.0,1.0,4.0,3.0,4.0,1.0,1.0,4.0,0.0,0.0
3869,202111,5,3.0,8.0,8.0,2.0,1.0,3.0,10.0,1.0,2.0,0.0,5.0,5.0,1.0,5.0,10.0,3.0,5.0,3.0,0.0,19.0,5.0,15.0,2.0,16.0,4.0,1.0,6.0,1.0,4.0,0.0,4.0,4.0,0.0,3.0
3870,202111,6,3.0,10.0,4.0,1.0,1.0,6.0,4.0,1.0,0.0,8.0,8.0,7.0,1.0,4.0,5.0,2.0,8.0,3.0,1.0,30.0,3.0,14.0,1.0,5.0,7.0,2.0,3.0,2.0,1.0,2.0,3.0,3.0,1.0,2.0
3871,202111,7,3.0,7.0,14.0,0.0,2.0,3.0,6.0,1.0,3.0,6.0,8.0,8.0,5.0,6.0,5.0,2.0,13.0,6.0,4.0,6.0,0.0,8.0,2.0,4.0,3.0,2.0,8.0,1.0,2.0,3.0,4.0,3.0,1.0,5.0
3872,202111,8,4.0,8.0,56.0,0.0,4.0,3.0,5.0,1.0,5.0,6.0,2.0,2.0,2.0,5.0,6.0,5.0,5.0,4.0,2.0,23.0,2.0,14.0,3.0,4.0,4.0,4.0,5.0,1.0,5.0,6.0,2.0,3.0,2.0,4.0
3873,202111,9,5.0,3.0,6.0,2.0,1.0,4.0,3.0,2.0,0.0,1.0,3.0,0.0,2.0,7.0,6.0,4.0,2.0,3.0,0.0,10.0,0.0,8.0,2.0,6.0,5.0,5.0,4.0,1.0,6.0,0.0,1.0,2.0,0.0,3.0
3874,202111,10,4.0,71.0,15.0,4.0,2.0,3.0,2.0,1.0,1.0,3.0,4.0,5.0,2.0,4.0,2.0,4.0,2.0,3.0,2.0,9.0,2.0,9.0,3.0,12.0,4.0,6.0,1.0,1.0,4.0,1.0,3.0,0.0,4.0,2.0
3875,202111,11,1.0,29.0,9.0,10.0,3.0,4.0,2.0,3.0,1.0,3.0,7.0,6.0,3.0,10.0,16.0,4.0,2.0,4.0,0.0,7.0,2.0,7.0,4.0,8.0,7.0,3.0,7.0,2.0,5.0,1.0,6.0,0.0,1.0,1.0
3876,202111,12,11.0,11.0,7.0,6.0,3.0,5.0,5.0,3.0,1.0,7.0,3.0,8.0,3.0,2.0,21.0,7.0,5.0,3.0,0.0,9.0,3.0,10.0,2.0,14.0,3.0,5.0,1.0,3.0,26.0,2.0,5.0,1.0,3.0,10.0
3877,202111,13,7.0,8.0,3.0,3.0,4.0,2.0,7.0,1.0,1.0,6.0,6.0,5.0,0.0,2.0,11.0,1.0,3.0,1.0,0.0,6.0,0.0,17.0,0.0,8.0,2.0,1.0,0.0,2.0,4.0,3.0,4.0,6.0,5.0,8.0
3878,202111,14,5.0,9.0,8.0,8.0,0.0,7.0,2.0,1.0,3.0,1.0,10.0,1.0,0.0,1.0,26.0,8.0,2.0,0.0,2.0,5.0,2.0,12.0,2.0,9.0,10.0,2.0,5.0,1.0,5.0,2.0,5.0,0.0,0.0,2.0
3879,202111,15,4.0,8.0,12.0,4.0,1.0,1.0,15.0,3.0,0.0,3.0,2.0,1.0,1.0,4.0,10.0,5.0,2.0,1.0,2.0,12.0,3.0,19.0,0.0,2.0,4.0,4.0,0.0,1.0,7.0,7.0,1.0,2.0,1.0,5.0
3880,202111,16,4.0,3.0,0.0,3.0,0.0,9.0,3.0,4.0,2.0,3.0,5.0,2.0,0.0,1.0,5.0,2.0,3.0,0.0,2.0,19.0,0.0,11.0,4.0,4.0,7.0,2.0,0.0,0.0,5.0,17.0,3.0,1.0,1.0,7.0
3881,202111,17,3.0,1.0,7.0,6.0,0.0,1.0,4.0,1.0,1.0,1.0,3.0,3.0,0.0,5.0,7.0,2.0,0.0,1.0,0.0,5.0,1.0,7.0,3.0,4.0,3.0,2.0,3.0,1.0,2.0,0.0,2.0,6.0,1.0,4.0
3882,202111,18,1.0,1.0,5.0,3.0,1.0,4.0,7.0,2.0,4.0,2.0,4.0,4.0,0.0,2.0,11.0,2.0,0.0,0.0,1.0,6.0,2.0,4.0,2.0,4.0,3.0,1.0,3.0,1.0,6.0,4.0,3.0,2.0,2.0,0.0
3883,202111,19,5.0,8.0,7.0,0.0,0.0,1.0,5.0,1.0,1.0,5.0,3.0,3.0,1.0,5.0,7.0,7.0,3.0,0.0,0.0,15.0,3.0,10.0,0.0,6.0,7.0,3.0,1.0,2.0,1.0,0.0,1.0,1.0,0.0,2.0
3884,202111,20,5.0,4.0,6.0,3.0,1.0,0.0,6.0,1.0,8.0,2.0,5.0,2.0,9.0,1.0,7.0,5.0,1.0,4.0,1.0,8.0,4.0,6.0,2.0,5.0,6.0,4.0,1.0,0.0,1.0,1.0,5.0,1.0,0.0,1.0
3885,202111,21,2.0,4.0,10.0,5.0,0.0,3.0,7.0,1.0,8.0,0.0,3.0,2.0,3.0,1.0,3.0,6.0,4.0,1.0,1.0,14.0,7.0,5.0,1.0,10.0,2.0,2.0,1.0,1.0,3.0,3.0,3.0,2.0,0.0,0.0
3886,202111,22,4.0,3.0,8.0,4.0,1.0,6.0,9.0,4.0,3.0,3.0,6.0,2.0,1.0,5.0,4.0,7.0,7.0,3.0,1.0,8.0,5.0,5.0,1.0,4.0,7.0,1.0,8.0,0.0,1.0,4.0,9.0,2.0,1.0,1.0
3887,202111,23,4.0,7.0,0.0,3.0,2.0,4.0,10.0,2.0,1.0,1.0,0.0,2.0,1.0,4.0,9.0,9.0,5.0,1.0,2.0,9.0,0.0,9.0,1.0,13.0,8.0,3.0,4.0,2.0,1.0,1.0,1.0,1.0,0.0,2.0
3888,202111,24,4.0,4.0,2.0,1.0,2.0,3.0,9.0,2.0,3.0,0.0,2.0,2.0,2.0,2.0,7.0,5.0,5.0,1.0,3.0,10.0,2.0,5.0,5.0,5.0,14.0,3.0,6.0,0.0,1.0,1.0,2.0,0.0,1.0,3.0
3889,202111,25,2.0,4.0,4.0,2.0,0.0,1.0,1.0,1.0,3.0,1.0,3.0,3.0,5.0,4.0,6.0,2.0,1.0,2.0,1.0,12.0,0.0,5.0,5.0,3.0,1.0,0.0,1.0,1.0,2.0,0.0,1.0,0.0,2.0,0.0
3890,202111,26,3.0,1.0,1.0,2.0,1.0,3.0,4.0,1.0,5.0,1.0,0.0,1.0,0.0,1.0,2.0,6.0,3.0,1.0,2.0,3.0,1.0,0.0,3.0,2.0,5.0,5.0,1.0,0.0,3.0,1.0,3.0,0.0,3.0,1.0
3891,202111,27,0.0,5.0,2.0,2.0,0.0,3.0,1.0,0.0,0.0,0.0,2.0,4.0,0.0,2.0,2.0,6.0,0.0,0.0,1.0,3.0,2.0,2.0,0.0,1.0,3.0,1.0,1.0,0.0,1.0,1.0,3.0,4.0,0.0,1.0
3892,202111,28,9.0,5.0,6.0,3.0,0.0,3.0,9.0,0.0,4.0,2.0,1.0,3.0,0.0,4.0,5.0,3.0,5.0,1.0,1.0,9.0,3.0,4.0,2.0,7.0,14.0,0.0,2.0,0.0,2.0,2.0,3.0,2.0,1.0,1.0
3893,202111,29,6.0,5.0,2.0,0.0,1.0,3.0,14.0,0.0,6.0,1.0,3.0,1.0,1.0,3.0,4.0,2.0,1.0,1.0,1.0,9.0,3.0,10.0,4.0,10.0,12.0,0.0,2.0,1.0,2.0,8.0,4.0,4.0,3.0,0.0
3894,202111,30,3.0,7.0,4.0,3.0,1.0,3.0,0.0,0.0,5.0,0.0,7.0,1.0,2.0,3.0,4.0,4.0,2.0,1.0,0.0,11.0,0.0,9.0,0.0,18.0,10.0,0.0,2.0,0.0,2.0,9.0,1.0,0.0,2.0,1.0
3895,202112,1,3.0,8.0,14.0,4.0,3.0,3.0,9.0,3.0,17.0,2.0,4.0,5.0,4.0,6.0,10.0,6.0,2.0,1.0,0.0,24.0,5.0,19.0,3.0,8.0,6.0,2.0,2.0,2.0,9.0,0.0,2.0,3.0,2.0,2.0
3896,202112,2,8.0,7.0,15.0,3.0,2.0,6.0,10.0,1.0,10.0,1.0,10.0,3.0,2.0,1.0,11.0,9.0,1.0,2.0,0.0,31.0,2.0,16.0,3.0,15.0,10.0,4.0,8.0,1.0,10.0,0.0,1.0,7.0,0.0,3.0
3897,202112,3,2.0,15.0,12.0,1.0,0.0,2.0,7.0,2.0,9.0,2.0,13.0,0.0,1.0,3.0,9.0,3.0,3.0,2.0,0.0,13.0,1.0,15.0,5.0,19.0,10.0,4.0,5.0,1.0,4.0,2.0,0.0,1.0,0.0,2.0
3898,202112,4,3.0,8.0,10.0,1.0,3.0,2.0,4.0,0.0,5.0,1.0,9.0,0.0,2.0,9.0,6.0,0.0,1.0,2.0,1.0,7.0,0.0,3.0,2.0,4.0,3.0,1.0,0.0,0.0,3.0,0.0,0.0,3.0,0.0,0.0
3899,202112,5,3.0,3.0,10.0,12.0,2.0,1.0,4.0,0.0,16.0,2.0,2.0,2.0,1.0,4.0,5.0,4.0,3.0,1.0,0.0,25.0,2.0,17.0,5.0,9.0,6.0,2.0,4.0,1.0,5.0,0.0,0.0,13.0,0.0,3.0
3900,202112,6,11.0,8.0,10.0,13.0,0.0,4.0,16.0,1.0,6.0,5.0,5.0,1.0,0.0,12.0,10.0,4.0,5.0,0.0,3.0,16.0,2.0,17.0,4.0,6.0,9.0,1.0,11.0,0.0,3.0,0.0,2.0,12.0,1.0,4.0
3901,202112,7,12.0,11.0,5.0,7.0,4.0,2.0,7.0,1.0,8.0,4.0,39.0,3.0,3.0,5.0,14.0,6.0,3.0,6.0,1.0,6.0,0.0,8.0,2.0,12.0,9.0,5.0,10.0,1.0,5.0,0.0,6.0,6.0,0.0,2.0
3902,202112,8,31.0,7.0,8.0,5.0,3.0,10.0,5.0,2.0,1.0,4.0,53.0,5.0,2.0,3.0,8.0,15.0,2.0,0.0,2.0,5.0,1.0,12.0,8.0,10.0,19.0,5.0,4.0,3.0,10.0,2.0,1.0,1.0,1.0,4.0
3903,202112,9,2.0,16.0,17.0,4.0,2.0,5.0,7.0,2.0,4.0,4.0,8.0,3.0,2.0,9.0,7.0,2.0,3.0,2.0,0.0,14.0,15.0,5.0,8.0,11.0,18.0,2.0,4.0,1.0,6.0,2.0,0.0,0.0,1.0,0.0
3904,202112,10,4.0,33.0,20.0,168.0,3.0,5.0,8.0,3.0,4.0,5.0,5.0,8.0,2.0,20.0,43.0,11.0,2.0,4.0,13.0,13.0,6.0,3.0,8.0,14.0,12.0,9.0,3.0,3.0,4.0,1.0,1.0,1.0,2.0,1.0
3905,202112,11,3.0,19.0,10.0,49.0,2.0,11.0,4.0,5.0,8.0,7.0,6.0,7.0,5.0,3.0,11.0,14.0,1.0,2.0,11.0,2.0,1.0,7.0,2.0,9.0,5.0,8.0,4.0,3.0,3.0,1.0,2.0,0.0,2.0,2.0
3906,202112,12,2.0,14.0,9.0,4.0,5.0,4.0,4.0,1.0,5.0,5.0,7.0,3.0,1.0,3.0,7.0,6.0,0.0,1.0,0.0,5.0,1.0,17.0,2.0,6.0,15.0,1.0,3.0,0.0,4.0,1.0,2.0,0.0,0.0,0.0
3907,202112,13,2.0,10.0,5.0,2.0,0.0,3.0,6.0,1.0,3.0,1.0,3.0,2.0,3.0,2.0,4.0,4.0,3.0,1.0,1.0,5.0,2.0,7.0,1.0,2.0,7.0,3.0,5.0,2.0,3.0,1.0,0.0,7.0,0.0,3.0
3908,202112,14,4.0,10.0,22.0,2.0,5.0,2.0,3.0,2.0,1.0,1.0,5.0,0.0,5.0,7.0,8.0,4.0,2.0,9.0,1.0,72.0,14.0,58.0,28.0,17.0,7.0,3.0,4.0,2.0,5.0,15.0,1.0,3.0,2.0,0.0
3909,202112,15,10.0,34.0,38.0,94.0,5.0,7.0,19.0,8.0,1.0,3.0,12.0,1.0,6.0,117.0,70.0,13.0,7.0,6.0,5.0,16.0,6.0,19.0,27.0,22.0,16.0,24.0,7.0,4.0,5.0,4.0,3.0,2.0,3.0,7.0
3910,202112,16,11.0,15.0,11.0,68.0,3.0,17.0,10.0,6.0,6.0,1.0,8.0,3.0,5.0,11.0,42.0,10.0,7.0,5.0,7.0,12.0,3.0,14.0,23.0,12.0,8.0,9.0,3.0,3.0,8.0,2.0,6.0,2.0,4.0,1.0
3911,202112,17,2.0,29.0,10.0,10.0,7.0,11.0,10.0,6.0,5.0,1.0,13.0,6.0,1.0,5.0,6.0,7.0,1.0,5.0,3.0,6.0,3.0,9.0,9.0,16.0,21.0,6.0,11.0,2.0,4.0,2.0,5.0,1.0,3.0,2.0
3912,202112,18,3.0,44.0,21.0,7.0,7.0,10.0,11.0,9.0,2.0,3.0,105.0,12.0,13.0,28.0,18.0,10.0,1.0,10.0,12.0,23.0,11.0,19.0,10.0,14.0,25.0,8.0,27.0,4.0,9.0,2.0,14.0,6.0,3.0,0.0
3913,202112,19,13.0,27.0,15.0,12.0,10.0,20.0,21.0,10.0,16.0,3.0,19.0,6.0,14.0,14.0,13.0,25.0,15.0,14.0,5.0,22.0,9.0,13.0,8.0,18.0,44.0,8.0,20.0,5.0,5.0,0.0,15.0,9.0,3.0,3.0
3914,202112,20,6.0,17.0,7.0,10.0,6.0,8.0,14.0,6.0,6.0,2.0,10.0,2.0,7.0,4.0,6.0,11.0,7.0,3.0,2.0,11.0,9.0,13.0,8.0,11.0,15.0,1.0,9.0,1.0,5.0,0.0,9.0,6.0,0.0,2.0
3915,202112,21,6.0,18.0,7.0,3.0,6.0,3.0,13.0,3.0,5.0,2.0,3.0,1.0,8.0,6.0,6.0,6.0,10.0,2.0,1.0,8.0,4.0,9.0,6.0,13.0,9.0,6.0,20.0,4.0,2.0,0.0,6.0,6.0,1.0,2.0
3916,202112,22,11.0,8.0,4.0,4.0,4.0,9.0,17.0,7.0,3.0,1.0,12.0,2.0,1.0,1.0,2.0,5.0,1.0,3.0,2.0,12.0,2.0,16.0,4.0,8.0,11.0,2.0,8.0,2.0,9.0,1.0,7.0,7.0,1.0,1.0
3917,202112,23,13.0,6.0,6.0,9.0,4.0,13.0,19.0,2.0,2.0,6.0,16.0,2.0,9.0,22.0,11.0,11.0,7.0,5.0,4.0,35.0,15.0,22.0,17.0,19.0,17.0,4.0,9.0,1.0,8.0,2.0,6.0,2.0,4.0,6.0
3918,202112,24,37.0,16.0,15.0,24.0,13.0,26.0,26.0,5.0,5.0,2.0,17.0,4.0,39.0,82.0,40.0,29.0,24.0,6.0,2.0,45.0,7.0,28.0,24.0,22.0,35.0,3.0,29.0,3.0,9.0,5.0,28.0,14.0,16.0,10.0
3919,202112,25,32.0,9.0,14.0,27.0,16.0,25.0,36.0,7.0,4.0,15.0,43.0,11.0,90.0,45.0,29.0,31.0,25.0,7.0,1.0,44.0,12.0,30.0,30.0,8.0,8.0,9.0,34.0,5.0,17.0,7.0,33.0,12.0,26.0,18.0
3920,202112,26,39.0,40.0,36.0,60.0,9.0,33.0,308.0,9.0,21.0,12.0,37.0,15.0,49.0,135.0,33.0,34.0,16.0,9.0,5.0,112.0,49.0,99.0,103.0,22.0,14.0,11.0,47.0,2.0,20.0,19.0,53.0,14.0,26.0,15.0
3921,202112,27,41.0,52.0,41.0,88.0,16.0,35.0,235.0,13.0,25.0,11.0,22.0,12.0,18.0,98.0,73.0,57.0,28.0,19.0,30.0,100.0,30.0,84.0,91.0,15.0,25.0,25.0,33.0,8.0,20.0,23.0,43.0,12.0,23.0,14.0
3922,202112,28,40.0,32.0,42.0,71.0,11.0,42.0,198.0,10.0,16.0,10.0,28.0,7.0,28.0,92.0,121.0,50.0,26.0,19.0,41.0,84.0,17.0,51.0,46.0,42.0,45.0,27.0,46.0,17.0,25.0,9.0,37.0,15.0,17.0,20.0
3923,202112,29,59.0,29.0,39.0,52.0,6.0,48.0,131.0,16.0,16.0,8.0,43.0,7.0,29.0,91.0,70.0,47.0,19.0,10.0,12.0,95.0,20.0,59.0,43.0,48.0,40.0,21.0,38.0,9.0,24.0,14.0,30.0,16.0,19.0,8.0
3924,202112,30,64.0,37.0,43.0,33.0,15.0,65.0,210.0,17.0,15.0,36.0,51.0,23.0,67.0,90.0,72.0,59.0,33.0,20.0,14.0,82.0,33.0,72.0,65.0,51.0,60.0,25.0,59.0,10.0,35.0,18.0,67.0,32.0,36.0,15.0
3925,202112,31,64.0,49.0,47.0,52.0,15.0,56.0,101.0,17.0,14.0,20.0,67.0,20.0,27.0,220.0,63.0,52.0,50.0,25.0,13.0,95.0,30.0,62.0,44.0,28.0,55.0,29.0,50.0,11.0,23.0,9.0,75.0,42.0,27.0,19.0
3926,202201,1,67.0,85.0,60.0,113.0,39.0,81.0,67.0,22.0,12.0,42.0,74.0,33.0,69.0,171.0,434.0,137.0,69.0,29.0,155.0,88.0,32.0,55.0,38.0,43.0,65.0,81.0,91.0,33.0,35.0,23.0,76.0,37.0,38.0,33.0
3927,202201,2,88.0,84.0,70.0,113.0,30.0,114.0,59.0,19.0,11.0,51.0,92.0,42.0,106.0,218.0,319.0,115.0,67.0,31.0,79.0,90.0,37.0,73.0,57.0,78.0,76.0,76.0,91.0,21.0,46.0,29.0,69.0,22.0,52.0,62.0
3928,202201,3,100.0,91.0,72.0,87.0,40.0,183.0,109.0,71.0,21.0,440.0,100.0,79.0,115.0,164.0,127.0,128.0,47.0,35.0,33.0,89.0,43.0,70.0,38.0,56.0,102.0,66.0,128.0,155.0,159.0,19.0,69.0,22.0,50.0,127.0
3929,202201,4,65.0,61.0,39.0,50.0,22.0,100.0,94.0,17.0,4.0,122.0,64.0,24.0,40.0,78.0,52.0,54.0,25.0,26.0,31.0,56.0,19.0,54.0,32.0,89.0,46.0,37.0,60.0,69.0,48.0,13.0,34.0,11.0,29.0,45.0
3930,202201,5,88.0,53.0,44.0,79.0,23.0,70.0,108.0,8.0,20.0,114.0,60.0,19.0,37.0,219.0,81.0,79.0,19.0,19.0,80.0,70.0,34.0,74.0,35.0,87.0,36.0,38.0,43.0,40.0,46.0,16.0,23.0,8.0,9.0,29.0
3931,202201,6,82.0,85.0,64.0,68.0,37.0,69.0,152.0,23.0,15.0,75.0,88.0,42.0,44.0,184.0,123.0,115.0,39.0,46.0,40.0,113.0,52.0,104.0,31.0,252.0,77.0,46.0,69.0,39.0,54.0,23.0,48.0,21.0,18.0,46.0
3932,202201,7,141.0,60.0,46.0,50.0,36.0,253.0,94.0,56.0,14.0,124.0,73.0,51.0,42.0,160.0,89.0,99.0,47.0,36.0,24.0,81.0,28.0,84.0,26.0,121.0,93.0,39.0,75.0,44.0,70.0,24.0,45.0,9.0,125.0,193.0
3933,202201,8,44.0,52.0,31.0,37.0,17.0,48.0,59.0,13.0,16.0,35.0,68.0,8.0,10.0,157.0,71.0,25.0,25.0,23.0,22.0,58.0,22.0,56.0,14.0,23.0,20.0,29.0,35.0,17.0,41.0,18.0,17.0,16.0,11.0,16.0
3934,202201,9,57.0,42.0,41.0,46.0,23.0,41.0,55.0,21.0,27.0,35.0,69.0,28.0,12.0,110.0,61.0,32.0,20.0,19.0,27.0,47.0,39.0,54.0,17.0,38.0,27.0,19.0,29.0,11.0,36.0,15.0,30.0,12.0,6.0,17.0
3935,202201,10,38.0,32.0,23.0,24.0,16.0,32.0,27.0,9.0,15.0,14.0,46.0,20.0,17.0,109.0,41.0,30.0,13.0,32.0,9.0,26.0,21.0,30.0,4.0,11.0,22.0,12.0,15.0,6.0,24.0,8.0,13.0,12.0,8.0,16.0
3936,202201,11,22.0,19.0,22.0,17.0,6.0,18.0,21.0,11.0,9.0,5.0,14.0,9.0,12.0,64.0,16.0,18.0,3.0,11.0,9.0,22.0,4.0,28.0,4.0,48.0,24.0,11.0,14.0,6.0,30.0,4.0,5.0,15.0,6.0,13.0
3937,202201,12,25.0,19.0,21.0,13.0,3.0,11.0,31.0,4.0,8.0,7.0,17.0,4.0,8.0,29.0,14.0,25.0,3.0,9.0,6.0,29.0,4.0,27.0,10.0,52.0,17.0,10.0,8.0,1.0,24.0,6.0,2.0,19.0,5.0,5.0
3938,202201,13,22.0,31.0,19.0,12.0,5.0,11.0,22.0,6.0,10.0,7.0,21.0,5.0,7.0,22.0,15.0,21.0,7.0,4.0,3.0,14.0,4.0,20.0,11.0,43.0,18.0,7.0,4.0,2.0,26.0,4.0,12.0,23.0,3.0,6.0
3939,202201,14,22.0,13.0,11.0,24.0,4.0,10.0,31.0,3.0,2.0,7.0,14.0,16.0,7.0,35.0,27.0,21.0,1.0,4.0,6.0,14.0,13.0,14.0,5.0,42.0,20.0,11.0,9.0,2.0,20.0,1.0,11.0,9.0,1.0,10.0
3940,202201,15,8.0,19.0,15.0,25.0,4.0,16.0,23.0,8.0,7.0,15.0,14.0,38.0,12.0,21.0,32.0,9.0,8.0,6.0,4.0,15.0,8.0,16.0,5.0,24.0,6.0,13.0,15.0,4.0,9.0,2.0,4.0,3.0,6.0,7.0
3941,202201,16,79.0,60.0,28.0,30.0,50.0,118.0,28.0,45.0,0.0,250.0,78.0,696.0,273.0,42.0,111.0,98.0,60.0,33.0,28.0,34.0,18.0,22.0,7.0,125.0,93.0,41.0,123.0,62.0,211.0,9.0,73.0,12.0,54.0,85.0
3942,202201,17,81.0,18.0,18.0,19.0,23.0,100.0,17.0,31.0,0.0,126.0,19.0,284.0,37.0,9.0,39.0,180.0,28.0,6.0,9.0,14.0,8.0,5.0,4.0,38.0,53.0,14.0,53.0,37.0,85.0,1.0,27.0,1.0,15.0,43.0
3943,202201,18,19.0,15.0,13.0,19.0,1.0,15.0,16.0,6.0,4.0,9.0,14.0,9.0,4.0,15.0,11.0,28.0,7.0,2.0,1.0,11.0,3.0,8.0,9.0,47.0,28.0,5.0,11.0,1.0,10.0,1.0,5.0,1.0,7.0,5.0
3944,202201,19,19.0,21.0,15.0,9.0,3.0,15.0,19.0,12.0,5.0,13.0,27.0,6.0,7.0,27.0,14.0,14.0,11.0,6.0,8.0,26.0,6.0,24.0,13.0,40.0,18.0,9.0,5.0,1.0,5.0,7.0,4.0,14.0,8.0,4.0
3945,202201,20,53.0,35.0,20.0,13.0,7.0,38.0,18.0,10.0,5.0,58.0,27.0,21.0,14.0,32.0,19.0,40.0,12.0,11.0,6.0,19.0,3.0,37.0,11.0,73.0,32.0,13.0,25.0,18.0,22.0,6.0,10.0,1.0,17.0,73.0
3946,202201,21,18.0,21.0,18.0,6.0,3.0,10.0,16.0,14.0,4.0,68.0,20.0,108.0,10.0,52.0,21.0,18.0,8.0,13.0,4.0,21.0,5.0,21.0,13.0,64.0,15.0,10.0,44.0,7.0,51.0,5.0,7.0,6.0,19.0,20.0
3947,202201,22,6.0,7.0,7.0,5.0,7.0,13.0,20.0,4.0,3.0,49.0,16.0,84.0,12.0,14.0,17.0,13.0,7.0,4.0,4.0,18.0,2.0,5.0,4.0,29.0,15.0,5.0,43.0,2.0,33.0,1.0,4.0,7.0,5.0,6.0
3948,202201,23,7.0,12.0,14.0,13.0,1.0,11.0,117.0,3.0,7.0,8.0,9.0,3.0,5.0,2.0,30.0,10.0,2.0,4.0,1.0,12.0,3.0,14.0,16.0,8.0,15.0,6.0,4.0,0.0,10.0,7.0,1.0,5.0,1.0,3.0
3949,202201,24,16.0,9.0,13.0,17.0,7.0,12.0,55.0,6.0,8.0,10.0,12.0,2.0,7.0,16.0,75.0,17.0,5.0,3.0,37.0,15.0,4.0,15.0,8.0,14.0,18.0,12.0,1.0,3.0,7.0,7.0,5.0,2.0,1.0,6.0
3950,202201,25,14.0,23.0,17.0,13.0,3.0,7.0,24.0,4.0,7.0,2.0,8.0,4.0,3.0,73.0,12.0,9.0,2.0,6.0,4.0,23.0,1.0,19.0,13.0,24.0,11.0,10.0,3.0,4.0,12.0,2.0,3.0,0.0,5.0,5.0
3951,202201,26,11.0,18.0,5.0,6.0,2.0,5.0,17.0,3.0,10.0,7.0,9.0,7.0,6.0,5.0,5.0,7.0,1.0,5.0,3.0,11.0,1.0,15.0,6.0,16.0,7.0,2.0,2.0,1.0,3.0,0.0,2.0,1.0,3.0,5.0
3952,202201,27,4.0,9.0,8.0,8.0,2.0,10.0,25.0,5.0,0.0,8.0,11.0,4.0,3.0,69.0,8.0,7.0,4.0,2.0,2.0,12.0,6.0,10.0,8.0,23.0,12.0,4.0,6.0,2.0,7.0,1.0,7.0,0.0,2.0,6.0
3953,202201,28,41.0,37.0,21.0,27.0,23.0,48.0,31.0,23.0,0.0,62.0,37.0,64.0,142.0,24.0,166.0,61.0,46.0,12.0,29.0,51.0,18.0,37.0,11.0,34.0,57.0,32.0,58.0,24.0,29.0,8.0,52.0,9.0,51.0,92.0
3954,202201,29,246.0,46.0,21.0,27.0,53.0,448.0,20.0,172.0,1.0,134.0,43.0,88.0,107.0,36.0,93.0,101.0,115.0,18.0,13.0,44.0,11.0,28.0,13.0,42.0,78.0,22.0,150.0,51.0,73.0,12.0,110.0,12.0,324.0,272.0
3955,202201,30,55.0,16.0,12.0,10.0,6.0,333.0,14.0,27.0,0.0,58.0,18.0,30.0,18.0,9.0,21.0,45.0,34.0,5.0,10.0,20.0,5.0,16.0,4.0,23.0,33.0,14.0,44.0,26.0,21.0,4.0,52.0,11.0,199.0,213.0
3956,202201,31,10.0,9.0,9.0,4.0,4.0,51.0,5.0,4.0,1.0,10.0,5.0,6.0,2.0,6.0,6.0,11.0,13.0,5.0,5.0,10.0,5.0,11.0,3.0,4.0,3.0,2.0,10.0,0.0,9.0,1.0,16.0,2.0,31.0,23.0
3957,202202,1,16.0,24.0,9.0,26.0,5.0,6.0,5.0,4.0,3.0,8.0,14.0,9.0,8.0,32.0,31.0,10.0,4.0,5.0,5.0,12.0,3.0,10.0,10.0,21.0,8.0,6.0,8.0,6.0,3.0,0.0,3.0,0.0,1.0,7.0
3958,202202,2,58.0,264.0,60.0,79.0,13.0,51.0,17.0,26.0,1.0,73.0,99.0,60.0,63.0,135.0,395.0,136.0,37.0,41.0,99.0,49.0,29.0,22.0,18.0,85.0,81.0,254.0,40.0,23.0,35.0,11.0,26.0,3.0,24.0,64.0
3959,202202,3,124.0,1054.0,148.0,92.0,66.0,142.0,51.0,87.0,7.0,127.0,205.0,153.0,152.0,155.0,332.0,353.0,85.0,319.0,125.0,124.0,64.0,82.0,56.0,289.0,552.0,282.0,124.0,52.0,101.0,30.0,87.0,4.0,49.0,91.0
3960,202202,4,215.0,652.0,92.0,27.0,42.0,467.0,22.0,60.0,5.0,140.0,91.0,140.0,53.0,53.0,153.0,209.0,100.0,132.0,36.0,77.0,36.0,43.0,14.0,208.0,381.0,123.0,125.0,34.0,76.0,16.0,71.0,1.0,95.0,242.0
3961,202202,5,23.0,314.0,74.0,23.0,31.0,83.0,19.0,23.0,2.0,46.0,36.0,71.0,22.0,21.0,70.0,37.0,81.0,49.0,7.0,42.0,16.0,31.0,6.0,34.0,29.0,33.0,46.0,7.0,20.0,16.0,25.0,3.0,28.0,37.0
3962,202202,6,15.0,96.0,43.0,5.0,15.0,33.0,13.0,19.0,1.0,24.0,24.0,56.0,14.0,15.0,50.0,18.0,53.0,16.0,4.0,28.0,8.0,32.0,5.0,19.0,17.0,19.0,25.0,2.0,10.0,3.0,11.0,2.0,13.0,18.0
3963,202202,7,27.0,16.0,13.0,13.0,16.0,30.0,10.0,16.0,3.0,15.0,32.0,21.0,8.0,24.0,27.0,25.0,20.0,8.0,5.0,14.0,11.0,16.0,2.0,19.0,15.0,9.0,31.0,2.0,8.0,1.0,8.0,3.0,5.0,20.0
3964,202202,8,6.0,6.0,2.0,6.0,4.0,7.0,4.0,3.0,1.0,2.0,15.0,2.0,2.0,8.0,6.0,6.0,4.0,4.0,3.0,6.0,1.0,6.0,0.0,12.0,6.0,4.0,2.0,3.0,6.0,0.0,1.0,1.0,3.0,3.0
3965,202202,9,3.0,8.0,2.0,3.0,3.0,2.0,1.0,2.0,5.0,2.0,14.0,0.0,0.0,9.0,3.0,4.0,4.0,1.0,5.0,6.0,1.0,10.0,1.0,11.0,8.0,1.0,1.0,1.0,8.0,1.0,1.0,7.0,1.0,6.0
3966,202202,10,3.0,9.0,3.0,5.0,3.0,5.0,7.0,1.0,9.0,1.0,12.0,3.0,3.0,7.0,8.0,5.0,10.0,2.0,0.0,12.0,1.0,11.0,2.0,14.0,5.0,4.0,3.0,1.0,4.0,2.0,1.0,2.0,1.0,0.0
3967,202202,11,6.0,9.0,5.0,19.0,5.0,4.0,6.0,0.0,3.0,3.0,16.0,2.0,4.0,67.0,21.0,3.0,0.0,2.0,6.0,11.0,8.0,7.0,8.0,7.0,7.0,10.0,3.0,3.0,2.0,2.0,0.0,6.0,0.0,4.0
3968,202202,12,1.0,3.0,2.0,3.0,2.0,2.0,1.0,0.0,4.0,0.0,3.0,0.0,2.0,9.0,2.0,2.0,1.0,1.0,0.0,8.0,1.0,3.0,2.0,2.0,1.0,1.0,2.0,0.0,0.0,0.0,1.0,8.0,1.0,0.0
3969,202202,13,8.0,1.0,4.0,4.0,2.0,31.0,9.0,4.0,5.0,27.0,6.0,10.0,2.0,5.0,8.0,12.0,14.0,1.0,3.0,10.0,2.0,9.0,3.0,8.0,17.0,10.0,11.0,18.0,12.0,1.0,7.0,4.0,19.0,58.0
3970,202202,14,4.0,9.0,1.0,2.0,0.0,18.0,5.0,1.0,6.0,7.0,7.0,3.0,4.0,3.0,1.0,3.0,5.0,1.0,0.0,12.0,2.0,4.0,0.0,3.0,5.0,4.0,5.0,1.0,6.0,1.0,1.0,0.0,4.0,7.0
3971,202202,15,5.0,5.0,0.0,1.0,3.0,3.0,2.0,3.0,10.0,1.0,1.0,1.0,2.0,1.0,2.0,2.0,1.0,0.0,2.0,7.0,2.0,4.0,1.0,13.0,5.0,0.0,1.0,1.0,4.0,1.0,1.0,0.0,1.0,0.0
3972,202202,16,5.0,11.0,11.0,14.0,1.0,5.0,4.0,4.0,7.0,6.0,7.0,6.0,8.0,106.0,9.0,5.0,3.0,2.0,1.0,16.0,3.0,9.0,14.0,12.0,8.0,9.0,2.0,4.0,4.0,2.0,1.0,6.0,0.0,4.0
3973,202202,17,26.0,36.0,23.0,43.0,8.0,43.0,10.0,14.0,8.0,24.0,23.0,27.0,24.0,47.0,294.0,198.0,25.0,14.0,125.0,27.0,19.0,11.0,9.0,35.0,42.0,136.0,24.0,19.0,20.0,5.0,18.0,0.0,9.0,30.0
3974,202202,18,6.0,12.0,4.0,42.0,6.0,19.0,7.0,3.0,2.0,16.0,8.0,24.0,9.0,6.0,51.0,50.0,3.0,7.0,25.0,8.0,3.0,5.0,2.0,22.0,29.0,27.0,11.0,6.0,14.0,0.0,15.0,3.0,2.0,23.0
3975,202202,19,1.0,3.0,2.0,8.0,1.0,10.0,3.0,4.0,1.0,6.0,1.0,4.0,1.0,1.0,18.0,11.0,5.0,1.0,5.0,5.0,2.0,2.0,1.0,5.0,8.0,3.0,4.0,2.0,4.0,2.0,19.0,2.0,0.0,1.0
3976,202202,20,4.0,3.0,5.0,9.0,2.0,5.0,4.0,3.0,4.0,1.0,7.0,1.0,3.0,5.0,8.0,3.0,3.0,0.0,2.0,13.0,5.0,8.0,13.0,9.0,2.0,4.0,2.0,1.0,2.0,0.0,5.0,0.0,2.0,4.0
3977,202202,21,4.0,11.0,7.0,47.0,2.0,7.0,14.0,3.0,5.0,3.0,6.0,2.0,1.0,54.0,17.0,3.0,2.0,1.0,2.0,13.0,3.0,15.0,6.0,5.0,1.0,2.0,1.0,3.0,0.0,10.0,2.0,3.0,2.0,4.0
3978,202202,22,16.0,11.0,15.0,61.0,5.0,9.0,5.0,3.0,4.0,11.0,13.0,3.0,4.0,101.0,38.0,19.0,2.0,8.0,6.0,12.0,7.0,7.0,14.0,16.0,19.0,9.0,5.0,2.0,11.0,3.0,4.0,0.0,3.0,21.0
3979,202202,23,18.0,644.0,62.0,35.0,19.0,11.0,18.0,8.0,0.0,22.0,88.0,26.0,50.0,183.0,49.0,17.0,17.0,45.0,15.0,52.0,25.0,27.0,28.0,73.0,34.0,82.0,19.0,11.0,12.0,13.0,11.0,1.0,5.0,29.0
3980,202202,24,28.0,777.0,61.0,40.0,28.0,28.0,28.0,18.0,7.0,40.0,87.0,44.0,48.0,74.0,93.0,49.0,35.0,88.0,26.0,50.0,29.0,39.0,24.0,89.0,56.0,123.0,47.0,16.0,34.0,10.0,30.0,3.0,16.0,28.0
3981,202202,25,120.0,48.0,14.0,13.0,17.0,488.0,7.0,31.0,7.0,80.0,25.0,36.0,16.0,10.0,56.0,82.0,25.0,11.0,14.0,21.0,7.0,14.0,1.0,30.0,81.0,20.0,53.0,13.0,34.0,1.0,36.0,1.0,24.0,107.0
3982,202202,26,2.0,9.0,2.0,2.0,5.0,32.0,1.0,3.0,1.0,10.0,3.0,3.0,3.0,2.0,4.0,7.0,3.0,6.0,3.0,4.0,4.0,6.0,1.0,7.0,4.0,5.0,7.0,1.0,3.0,0.0,8.0,5.0,5.0,2.0
3983,202202,27,9.0,5.0,4.0,3.0,2.0,14.0,1.0,3.0,1.0,3.0,4.0,7.0,6.0,2.0,3.0,4.0,4.0,2.0,1.0,8.0,3.0,3.0,1.0,5.0,2.0,1.0,9.0,1.0,4.0,0.0,11.0,2.0,12.0,4.0
3984,202202,28,7.0,3.0,1.0,2.0,0.0,11.0,10.0,2.0,1.0,12.0,1.0,1.0,1.0,1.0,6.0,4.0,4.0,1.0,3.0,3.0,7.0,3.0,1.0,0.0,3.0,4.0,4.0,0.0,0.0,0.0,12.0,2.0,8.0,3.0
3985,202203,1,2.0,1.0,2.0,0.0,0.0,6.0,2.0,0.0,2.0,6.0,2.0,0.0,1.0,1.0,1.0,1.0,0.0,0.0,1.0,8.0,0.0,5.0,2.0,15.0,7.0,1.0,2.0,1.0,4.0,0.0,3.0,2.0,4.0,5.0
3986,202203,2,4.0,5.0,3.0,5.0,0.0,8.0,10.0,3.0,1.0,3.0,5.0,0.0,2.0,0.0,3.0,1.0,0.0,1.0,1.0,14.0,1.0,12.0,1.0,12.0,6.0,1.0,4.0,1.0,4.0,1.0,4.0,0.0,2.0,3.0
3987,202203,3,2.0,6.0,3.0,5.0,1.0,1.0,6.0,0.0,3.0,0.0,0.0,1.0,5.0,11.0,18.0,4.0,1.0,0.0,3.0,10.0,1.0,8.0,12.0,8.0,6.0,3.0,4.0,2.0,1.0,4.0,4.0,2.0,0.0,1.0
3988,202203,4,2.0,4.0,9.0,2.0,5.0,4.0,10.0,2.0,7.0,4.0,5.0,4.0,3.0,16.0,3.0,3.0,3.0,3.0,2.0,6.0,2.0,9.0,11.0,18.0,8.0,1.0,3.0,2.0,1.0,0.0,4.0,10.0,0.0,0.0
3989,202203,5,1.0,2.0,6.0,2.0,0.0,4.0,4.0,0.0,14.0,0.0,0.0,1.0,2.0,22.0,8.0,1.0,4.0,1.0,5.0,6.0,1.0,8.0,5.0,6.0,3.0,1.0,7.0,0.0,1.0,4.0,6.0,0.0,2.0,1.0
3990,202203,6,2.0,23.0,15.0,8.0,1.0,10.0,8.0,2.0,2.0,9.0,7.0,7.0,7.0,41.0,19.0,4.0,2.0,3.0,6.0,14.0,5.0,4.0,1.0,7.0,7.0,32.0,5.0,3.0,0.0,3.0,13.0,1.0,4.0,1.0
3991,202203,7,11.0,2.0,5.0,4.0,3.0,13.0,11.0,4.0,0.0,19.0,5.0,4.0,5.0,10.0,21.0,8.0,4.0,2.0,0.0,11.0,4.0,6.0,4.0,2.0,9.0,19.0,6.0,2.0,9.0,2.0,3.0,1.0,5.0,9.0
3992,202203,8,10.0,2.0,2.0,3.0,1.0,6.0,2.0,4.0,1.0,5.0,1.0,0.0,1.0,6.0,2.0,5.0,2.0,2.0,0.0,7.0,1.0,6.0,13.0,10.0,8.0,3.0,3.0,1.0,3.0,0.0,2.0,2.0,0.0,5.0
3993,202203,9,34.0,6.0,10.0,15.0,3.0,30.0,11.0,3.0,1.0,21.0,6.0,8.0,8.0,93.0,16.0,21.0,6.0,3.0,6.0,17.0,3.0,8.0,21.0,12.0,18.0,11.0,11.0,2.0,17.0,3.0,7.0,0.0,2.0,89.0
3994,202203,10,10.0,4.0,7.0,4.0,9.0,8.0,5.0,4.0,3.0,4.0,5.0,4.0,6.0,22.0,8.0,12.0,4.0,8.0,10.0,12.0,5.0,6.0,4.0,14.0,19.0,24.0,38.0,4.0,5.0,1.0,18.0,5.0,1.0,10.0
3995,202203,11,0.0,48.0,6.0,11.0,34.0,16.0,4.0,11.0,0.0,10.0,22.0,48.0,13.0,12.0,17.0,19.0,20.0,8.0,11.0,11.0,12.0,9.0,1.0,36.0,26.0,21.0,42.0,12.0,9.0,0.0,47.0,2.0,3.0,8.0
3996,202203,12,37.0,27.0,13.0,8.0,40.0,128.0,4.0,54.0,1.0,134.0,18.0,62.0,35.0,15.0,43.0,74.0,96.0,9.0,17.0,13.0,3.0,9.0,3.0,56.0,46.0,17.0,104.0,40.0,41.0,1.0,115.0,7.0,43.0,55.0
3997,202203,13,19.0,33.0,16.0,13.0,25.0,56.0,15.0,16.0,2.0,28.0,27.0,12.0,23.0,41.0,16.0,34.0,39.0,24.0,24.0,37.0,32.0,30.0,10.0,28.0,30.0,24.0,54.0,23.0,13.0,5.0,46.0,1.0,29.0,35.0
3998,202203,14,2.0,88.0,14.0,11.0,5.0,18.0,2.0,5.0,2.0,8.0,11.0,3.0,5.0,15.0,5.0,8.0,10.0,15.0,6.0,10.0,7.0,14.0,1.0,5.0,8.0,7.0,14.0,1.0,2.0,1.0,16.0,5.0,3.0,2.0
3999,202203,15,4.0,10.0,6.0,1.0,6.0,5.0,4.0,2.0,5.0,3.0,9.0,0.0,8.0,2.0,5.0,1.0,0.0,8.0,2.0,6.0,2.0,13.0,1.0,31.0,11.0,6.0,8.0,3.0,3.0,2.0,3.0,4.0,2.0,0.0
4000,202203,16,4.0,3.0,4.0,4.0,4.0,3.0,7.0,2.0,2.0,3.0,6.0,1.0,0.0,10.0,3.0,4.0,1.0,1.0,1.0,6.0,2.0,6.0,3.0,25.0,9.0,4.0,3.0,2.0,4.0,4.0,2.0,2.0,2.0,0.0
4001,202203,17,8.0,34.0,6.0,13.0,8.0,56.0,5.0,4.0,4.0,45.0,13.0,22.0,24.0,65.0,26.0,26.0,12.0,5.0,8.0,14.0,5.0,11.0,9.0,39.0,30.0,17.0,28.0,7.0,21.0,3.0,14.0,6.0,3.0,272.0
4002,202203,18,13.0,28.0,7.0,10.0,22.0,46.0,11.0,34.0,11.0,54.0,22.0,19.0,63.0,10.0,30.0,27.0,18.0,12.0,10.0,7.0,9.0,15.0,7.0,26.0,36.0,21.0,34.0,5.0,13.0,3.0,21.0,10.0,14.0,103.0
4003,202203,19,9.0,4.0,6.0,6.0,13.0,13.0,6.0,8.0,6.0,3.0,8.0,7.0,13.0,7.0,6.0,16.0,9.0,2.0,9.0,5.0,4.0,15.0,7.0,12.0,6.0,7.0,11.0,4.0,6.0,1.0,19.0,2.0,9.0,2.0
4004,202203,20,4.0,2.0,4.0,2.0,3.0,15.0,7.0,4.0,5.0,3.0,3.0,13.0,2.0,10.0,5.0,11.0,9.0,1.0,3.0,7.0,3.0,4.0,6.0,4.0,8.0,3.0,17.0,0.0,4.0,2.0,9.0,1.0,4.0,4.0
4005,202203,21,4.0,291.0,25.0,9.0,13.0,4.0,9.0,3.0,4.0,7.0,41.0,10.0,13.0,55.0,12.0,6.0,8.0,59.0,9.0,24.0,7.0,19.0,6.0,23.0,9.0,29.0,16.0,7.0,5.0,5.0,11.0,0.0,1.0,6.0
4006,202203,22,4.0,18.0,13.0,3.0,2.0,5.0,5.0,2.0,5.0,3.0,34.0,0.0,5.0,5.0,4.0,4.0,5.0,7.0,3.0,11.0,4.0,9.0,4.0,19.0,6.0,7.0,4.0,3.0,4.0,2.0,1.0,2.0,0.0,1.0
4007,202203,23,5.0,2.0,2.0,4.0,2.0,2.0,10.0,2.0,10.0,3.0,1.0,5.0,2.0,3.0,3.0,4.0,3.0,0.0,3.0,7.0,3.0,7.0,2.0,11.0,5.0,2.0,2.0,1.0,5.0,1.0,1.0,3.0,1.0,4.0
4008,202203,24,6.0,3.0,5.0,3.0,2.0,8.0,4.0,7.0,10.0,3.0,3.0,3.0,1.0,3.0,4.0,5.0,7.0,2.0,4.0,5.0,1.0,5.0,1.0,9.0,7.0,1.0,6.0,4.0,1.0,1.0,6.0,5.0,3.0,11.0
4009,202203,25,2.0,4.0,3.0,2.0,0.0,9.0,5.0,2.0,14.0,6.0,6.0,0.0,3.0,2.0,7.0,10.0,4.0,1.0,12.0,12.0,4.0,5.0,2.0,6.0,11.0,3.0,2.0,2.0,6.0,1.0,5.0,0.0,0.0,14.0
4010,202203,26,5.0,5.0,2.0,2.0,0.0,4.0,11.0,2.0,11.0,1.0,2.0,2.0,0.0,1.0,1.0,3.0,3.0,0.0,3.0,6.0,4.0,1.0,1.0,5.0,8.0,1.0,3.0,1.0,2.0,0.0,10.0,3.0,3.0,2.0
4011,202203,27,2.0,1.0,4.0,0.0,0.0,3.0,13.0,1.0,17.0,0.0,2.0,1.0,1.0,4.0,3.0,6.0,3.0,2.0,0.0,5.0,3.0,6.0,2.0,4.0,6.0,1.0,10.0,1.0,7.0,4.0,3.0,3.0,0.0,0.0
4012,202203,28,6.0,2.0,6.0,3.0,1.0,4.0,9.0,3.0,4.0,0.0,4.0,0.0,2.0,8.0,0.0,1.0,0.0,2.0,0.0,12.0,18.0,14.0,1.0,1.0,4.0,0.0,4.0,0.0,2.0,3.0,0.0,0.0,2.0,1.0
4013,202203,29,7.0,5.0,3.0,6.0,0.0,4.0,6.0,3.0,0.0,0.0,2.0,2.0,2.0,5.0,5.0,2.0,1.0,1.0,0.0,8.0,1.0,3.0,2.0,9.0,15.0,0.0,2.0,0.0,4.0,2.0,0.0,0.0,4.0,2.0
4014,202203,30,3.0,6.0,3.0,4.0,1.0,2.0,3.0,2.0,4.0,3.0,50.0,3.0,6.0,9.0,3.0,7.0,3.0,2.0,1.0,2.0,2.0,3.0,0.0,16.0,11.0,5.0,3.0,1.0,4.0,0.0,1.0,1.0,1.0,2.0
4015,202203,31,79.0,16.0,6.0,7.0,28.0,36.0,8.0,21.0,4.0,50.0,14.0,22.0,18.0,8.0,19.0,46.0,22.0,4.0,5.0,8.0,8.0,10.0,0.0,31.0,33.0,9.0,71.0,28.0,18.0,3.0,31.0,1.0,26.0,93.0
4016,202204,1,34.0,16.0,19.0,7.0,28.0,49.0,62.0,13.0,22.0,26.0,20.0,23.0,36.0,10.0,22.0,54.0,81.0,13.0,11.0,24.0,34.0,17.0,6.0,28.0,39.0,18.0,67.0,22.0,13.0,7.0,62.0,3.0,32.0,35.0
4017,202204,2,27.0,62.0,25.0,27.0,123.0,100.0,46.0,47.0,11.0,53.0,43.0,67.0,101.0,47.0,83.0,100.0,200.0,21.0,50.0,33.0,39.0,22.0,14.0,41.0,66.0,28.0,255.0,39.0,25.0,7.0,175.0,4.0,56.0,36.0
4018,202204,3,31.0,47.0,33.0,18.0,47.0,111.0,43.0,30.0,12.0,35.0,60.0,31.0,35.0,38.0,47.0,64.0,113.0,29.0,23.0,47.0,57.0,39.0,12.0,46.0,56.0,39.0,108.0,37.0,16.0,12.0,83.0,6.0,43.0,49.0
4019,202204,4,19.0,82.0,22.0,10.0,27.0,49.0,26.0,19.0,6.0,12.0,59.0,9.0,14.0,17.0,20.0,37.0,39.0,18.0,4.0,32.0,22.0,16.0,3.0,10.0,24.0,25.0,53.0,10.0,11.0,5.0,30.0,5.0,19.0,17.0
4020,202204,5,11.0,29.0,13.0,12.0,15.0,15.0,25.0,4.0,3.0,13.0,14.0,11.0,26.0,26.0,9.0,18.0,10.0,3.0,3.0,26.0,12.0,18.0,9.0,6.0,21.0,5.0,19.0,3.0,7.0,2.0,9.0,8.0,3.0,11.0
4021,202204,6,17.0,4.0,2.0,9.0,8.0,12.0,20.0,8.0,9.0,17.0,6.0,16.0,17.0,13.0,8.0,16.0,15.0,8.0,0.0,11.0,7.0,12.0,4.0,7.0,20.0,2.0,12.0,6.0,7.0,4.0,7.0,4.0,4.0,7.0
4022,202204,7,107.0,17.0,11.0,16.0,32.0,80.0,24.0,16.0,5.0,54.0,24.0,22.0,51.0,2.0,19.0,48.0,45.0,10.0,9.0,25.0,14.0,18.0,5.0,16.0,47.0,17.0,83.0,22.0,31.0,7.0,62.0,10.0,75.0,111.0
4023,202204,8,57.0,24.0,19.0,10.0,8.0,62.0,28.0,6.0,3.0,23.0,24.0,14.0,42.0,9.0,14.0,35.0,18.0,10.0,0.0,27.0,11.0,9.0,5.0,20.0,21.0,11.0,37.0,4.0,17.0,5.0,32.0,17.0,28.0,46.0
4024,202204,9,13.0,17.0,8.0,3.0,7.0,45.0,22.0,5.0,1.0,19.0,11.0,0.0,13.0,6.0,11.0,17.0,18.0,6.0,1.0,19.0,24.0,11.0,3.0,7.0,6.0,4.0,32.0,2.0,7.0,3.0,32.0,2.0,18.0,11.0
4025,202204,10,53.0,2.0,4.0,10.0,11.0,52.0,24.0,11.0,8.0,21.0,13.0,5.0,8.0,31.0,15.0,24.0,15.0,2.0,0.0,18.0,20.0,5.0,8.0,15.0,14.0,2.0,27.0,6.0,8.0,3.0,14.0,1.0,21.0,14.0
4026,202204,11,5.0,2.0,7.0,4.0,7.0,17.0,34.0,11.0,4.0,4.0,9.0,2.0,5.0,14.0,7.0,15.0,9.0,4.0,1.0,13.0,17.0,13.0,8.0,5.0,11.0,9.0,14.0,0.0,3.0,4.0,12.0,2.0,9.0,6.0
4027,202204,12,3.0,47.0,8.0,25.0,2.0,14.0,14.0,4.0,2.0,5.0,18.0,4.0,5.0,37.0,9.0,3.0,11.0,14.0,2.0,18.0,6.0,16.0,16.0,15.0,20.0,6.0,8.0,4.0,4.0,4.0,2.0,3.0,5.0,3.0
4028,202204,13,9.0,81.0,9.0,51.0,3.0,13.0,24.0,4.0,1.0,7.0,13.0,5.0,11.0,26.0,67.0,10.0,3.0,6.0,13.0,16.0,4.0,10.0,9.0,36.0,22.0,9.0,13.0,2.0,6.0,3.0,3.0,0.0,3.0,6.0
4029,202204,14,76.0,16.0,5.0,76.0,8.0,27.0,15.0,3.0,3.0,24.0,9.0,11.0,12.0,19.0,16.0,23.0,12.0,4.0,5.0,12.0,6.0,10.0,5.0,19.0,28.0,5.0,24.0,5.0,14.0,6.0,23.0,20.0,49.0,39.0
4030,202204,15,11.0,13.0,6.0,28.0,6.0,22.0,29.0,13.0,8.0,16.0,7.0,2.0,8.0,7.0,14.0,15.0,65.0,5.0,2.0,16.0,4.0,6.0,3.0,10.0,24.0,5.0,27.0,4.0,6.0,3.0,32.0,32.0,9.0,14.0
4031,202204,16,6.0,6.0,2.0,4.0,3.0,18.0,20.0,6.0,15.0,7.0,4.0,3.0,8.0,3.0,9.0,11.0,16.0,6.0,3.0,11.0,3.0,5.0,1.0,5.0,5.0,2.0,12.0,1.0,5.0,3.0,9.0,15.0,19.0,5.0
4032,202204,17,12.0,5.0,5.0,14.0,0.0,23.0,31.0,2.0,7.0,8.0,1.0,5.0,6.0,8.0,1.0,18.0,3.0,5.0,1.0,5.0,4.0,8.0,3.0,7.0,5.0,2.0,21.0,1.0,6.0,2.0,12.0,6.0,10.0,4.0
4033,202204,18,8.0,4.0,3.0,4.0,4.0,18.0,27.0,3.0,0.0,7.0,1.0,6.0,5.0,7.0,6.0,19.0,15.0,2.0,1.0,12.0,5.0,13.0,0.0,4.0,9.0,4.0,17.0,0.0,9.0,1.0,11.0,5.0,11.0,6.0
4034,202204,19,13.0,4.0,4.0,4.0,3.0,21.0,11.0,4.0,1.0,10.0,3.0,7.0,1.0,3.0,8.0,11.0,7.0,1.0,1.0,12.0,3.0,8.0,2.0,5.0,24.0,5.0,6.0,2.0,10.0,0.0,4.0,2.0,5.0,33.0
4035,202204,20,6.0,2.0,2.0,1.0,1.0,11.0,10.0,2.0,2.0,0.0,2.0,2.0,1.0,1.0,2.0,6.0,2.0,3.0,1.0,8.0,1.0,6.0,0.0,5.0,18.0,3.0,2.0,0.0,3.0,2.0,4.0,1.0,6.0,1.0
4036,202204,21,3.0,3.0,3.0,8.0,3.0,10.0,8.0,3.0,1.0,3.0,3.0,2.0,0.0,5.0,3.0,6.0,4.0,1.0,0.0,9.0,2.0,4.0,3.0,6.0,8.0,1.0,5.0,1.0,5.0,1.0,5.0,1.0,7.0,1.0
4037,202204,22,2.0,6.0,10.0,10.0,1.0,6.0,44.0,3.0,3.0,2.0,7.0,2.0,1.0,29.0,34.0,7.0,6.0,1.0,2.0,6.0,3.0,10.0,7.0,9.0,14.0,4.0,4.0,2.0,5.0,7.0,6.0,1.0,4.0,3.0
4038,202204,23,1.0,3.0,8.0,28.0,1.0,13.0,8.0,0.0,12.0,2.0,3.0,1.0,2.0,37.0,6.0,5.0,4.0,1.0,0.0,3.0,0.0,5.0,5.0,7.0,4.0,2.0,9.0,0.0,1.0,0.0,7.0,2.0,7.0,0.0
4039,202204,24,4.0,108.0,9.0,14.0,4.0,12.0,6.0,1.0,1.0,1.0,12.0,10.0,6.0,16.0,8.0,9.0,5.0,8.0,2.0,8.0,8.0,8.0,8.0,13.0,7.0,9.0,13.0,0.0,6.0,3.0,4.0,0.0,4.0,4.0
4040,202204,25,2.0,49.0,14.0,6.0,6.0,8.0,9.0,1.0,1.0,5.0,147.0,3.0,11.0,9.0,2.0,7.0,2.0,47.0,2.0,11.0,9.0,9.0,3.0,18.0,5.0,14.0,10.0,2.0,5.0,1.0,6.0,2.0,8.0,5.0
4041,202204,26,10.0,13.0,5.0,3.0,3.0,12.0,4.0,3.0,0.0,6.0,18.0,2.0,1.0,9.0,8.0,6.0,3.0,9.0,2.0,7.0,4.0,7.0,0.0,11.0,11.0,4.0,6.0,0.0,6.0,2.0,5.0,2.0,6.0,7.0
4042,202204,27,3.0,2.0,0.0,1.0,0.0,14.0,6.0,4.0,3.0,2.0,2.0,2.0,1.0,3.0,3.0,1.0,1.0,1.0,1.0,4.0,1.0,3.0,2.0,3.0,10.0,1.0,1.0,0.0,3.0,0.0,1.0,0.0,0.0,1.0
4043,202204,28,4.0,2.0,6.0,1.0,1.0,9.0,7.0,2.0,2.0,2.0,0.0,5.0,1.0,5.0,6.0,7.0,2.0,1.0,1.0,7.0,5.0,10.0,0.0,7.0,12.0,0.0,2.0,1.0,3.0,0.0,5.0,1.0,1.0,2.0
4044,202204,29,2.0,2.0,2.0,1.0,4.0,3.0,8.0,3.0,3.0,1.0,3.0,1.0,1.0,14.0,8.0,2.0,0.0,2.0,1.0,5.0,1.0,7.0,1.0,2.0,12.0,2.0,3.0,0.0,1.0,0.0,4.0,8.0,2.0,1.0
4045,202204,30,11.0,7.0,4.0,12.0,9.0,9.0,11.0,0.0,3.0,7.0,5.0,6.0,8.0,2.0,151.0,13.0,1.0,2.0,7.0,11.0,3.0,10.0,2.0,13.0,7.0,12.0,5.0,0.0,8.0,2.0,10.0,3.0,12.0,5.0
4046,202205,1,15.0,13.0,5.0,6.0,7.0,33.0,35.0,6.0,4.0,8.0,11.0,6.0,9.0,7.0,17.0,18.0,9.0,0.0,5.0,18.0,8.0,13.0,9.0,13.0,12.0,7.0,24.0,3.0,11.0,4.0,5.0,1.0,9.0,13.0
4047,202205,2,7.0,8.0,8.0,5.0,2.0,7.0,30.0,7.0,2.0,12.0,6.0,1.0,4.0,4.0,7.0,10.0,7.0,5.0,1.0,11.0,5.0,13.0,0.0,12.0,10.0,4.0,10.0,1.0,4.0,4.0,2.0,1.0,8.0,9.0
4048,202205,3,7.0,2.0,3.0,3.0,0.0,5.0,18.0,4.0,2.0,6.0,1.0,1.0,1.0,4.0,3.0,5.0,2.0,1.0,0.0,7.0,1.0,16.0,1.0,5.0,10.0,4.0,3.0,0.0,9.0,3.0,2.0,1.0,1.0,3.0
4049,202205,4,11.0,35.0,9.0,4.0,1.0,16.0,15.0,4.0,3.0,4.0,8.0,3.0,2.0,6.0,8.0,2.0,1.0,3.0,0.0,9.0,4.0,12.0,3.0,8.0,9.0,6.0,5.0,3.0,6.0,1.0,3.0,3.0,3.0,2.0
4050,202205,5,7.0,95.0,7.0,4.0,4.0,9.0,18.0,2.0,1.0,5.0,45.0,0.0,5.0,11.0,9.0,5.0,3.0,13.0,2.0,16.0,1.0,7.0,1.0,10.0,11.0,11.0,10.0,1.0,3.0,0.0,2.0,2.0,2.0,1.0
4051,202205,6,53.0,10.0,11.0,5.0,11.0,18.0,24.0,10.0,1.0,19.0,7.0,66.0,10.0,4.0,4.0,17.0,2.0,4.0,2.0,12.0,6.0,20.0,2.0,31.0,22.0,7.0,24.0,12.0,31.0,1.0,6.0,2.0,3.0,4.0
4052,202205,7,8.0,5.0,5.0,5.0,0.0,11.0,23.0,1.0,7.0,9.0,4.0,2.0,6.0,4.0,4.0,11.0,3.0,1.0,2.0,5.0,3.0,4.0,5.0,16.0,7.0,3.0,6.0,2.0,11.0,2.0,9.0,6.0,4.0,3.0
4053,202205,8,21.0,6.0,8.0,8.0,5.0,8.0,34.0,2.0,3.0,7.0,5.0,4.0,8.0,11.0,2.0,10.0,5.0,1.0,2.0,27.0,35.0,21.0,3.0,15.0,2.0,4.0,8.0,3.0,9.0,8.0,4.0,5.0,9.0,12.0
4054,202205,9,4.0,6.0,6.0,7.0,0.0,5.0,16.0,1.0,3.0,1.0,3.0,1.0,2.0,3.0,3.0,1.0,0.0,3.0,2.0,9.0,6.0,5.0,6.0,3.0,8.0,3.0,5.0,4.0,5.0,3.0,0.0,10.0,4.0,4.0
4055,202205,10,6.0,2.0,5.0,3.0,0.0,5.0,8.0,3.0,3.0,1.0,3.0,2.0,3.0,2.0,5.0,4.0,1.0,1.0,1.0,7.0,1.0,9.0,1.0,7.0,11.0,2.0,1.0,0.0,4.0,1.0,0.0,3.0,2.0,3.0
4056,202205,11,5.0,3.0,3.0,5.0,0.0,3.0,12.0,2.0,4.0,1.0,2.0,1.0,3.0,1.0,7.0,1.0,0.0,0.0,1.0,5.0,2.0,7.0,2.0,6.0,8.0,1.0,2.0,0.0,1.0,2.0,0.0,1.0,1.0,1.0
4057,202205,12,6.0,5.0,5.0,16.0,0.0,8.0,2.0,2.0,2.0,0.0,3.0,1.0,1.0,14.0,3.0,5.0,0.0,1.0,0.0,3.0,5.0,12.0,5.0,1.0,7.0,1.0,3.0,1.0,1.0,2.0,2.0,5.0,3.0,3.0
4058,202205,13,28.0,7.0,6.0,26.0,1.0,18.0,10.0,1.0,2.0,23.0,2.0,12.0,23.0,11.0,6.0,19.0,2.0,0.0,2.0,16.0,7.0,10.0,13.0,15.0,20.0,5.0,18.0,2.0,17.0,2.0,10.0,2.0,22.0,32.0
4059,202205,14,22.0,6.0,3.0,7.0,4.0,20.0,21.0,5.0,3.0,9.0,7.0,5.0,41.0,7.0,5.0,21.0,6.0,6.0,0.0,15.0,5.0,8.0,9.0,12.0,13.0,3.0,18.0,8.0,8.0,4.0,9.0,2.0,6.0,10.0
4060,202205,15,37.0,6.0,9.0,4.0,3.0,42.0,14.0,6.0,7.0,25.0,4.0,13.0,29.0,9.0,20.0,22.0,4.0,4.0,3.0,7.0,1.0,4.0,7.0,13.0,13.0,11.0,11.0,7.0,10.0,2.0,7.0,2.0,16.0,47.0
4061,202205,16,140.0,20.0,10.0,7.0,10.0,84.0,14.0,42.0,4.0,90.0,16.0,33.0,20.0,13.0,43.0,51.0,26.0,8.0,4.0,13.0,8.0,10.0,6.0,16.0,37.0,18.0,42.0,21.0,30.0,2.0,20.0,4.0,71.0,150.0
4062,202205,17,33.0,4.0,2.0,6.0,4.0,33.0,6.0,16.0,0.0,17.0,6.0,3.0,4.0,6.0,6.0,20.0,6.0,5.0,0.0,11.0,1.0,8.0,5.0,4.0,17.0,5.0,14.0,1.0,11.0,3.0,6.0,0.0,16.0,45.0
4063,202205,18,2.0,5.0,1.0,2.0,2.0,1.0,6.0,3.0,2.0,1.0,0.0,0.0,0.0,2.0,2.0,2.0,1.0,0.0,0.0,8.0,0.0,6.0,2.0,5.0,6.0,1.0,1.0,1.0,3.0,0.0,3.0,2.0,2.0,2.0
4064,202205,19,25.0,4.0,3.0,5.0,1.0,4.0,6.0,3.0,1.0,10.0,2.0,1.0,2.0,14.0,4.0,6.0,0.0,0.0,0.0,12.0,4.0,5.0,4.0,5.0,7.0,2.0,5.0,5.0,4.0,1.0,2.0,2.0,1.0,0.0
4065,202205,20,113.0,22.0,20.0,21.0,15.0,46.0,22.0,13.0,1.0,42.0,16.0,26.0,53.0,135.0,47.0,39.0,52.0,7.0,5.0,18.0,14.0,16.0,18.0,9.0,39.0,18.0,46.0,5.0,26.0,8.0,59.0,4.0,61.0,119.0
4066,202205,21,33.0,15.0,10.0,32.0,12.0,40.0,22.0,6.0,7.0,22.0,15.0,25.0,64.0,35.0,23.0,42.0,28.0,9.0,4.0,22.0,5.0,7.0,22.0,14.0,14.0,5.0,41.0,5.0,15.0,5.0,24.0,2.0,28.0,26.0
4067,202205,22,117.0,11.0,13.0,15.0,18.0,108.0,21.0,40.0,4.0,125.0,27.0,40.0,58.0,13.0,33.0,62.0,19.0,8.0,7.0,16.0,6.0,8.0,6.0,26.0,50.0,17.0,56.0,30.0,51.0,5.0,25.0,2.0,61.0,93.0
4068,202205,23,41.0,8.0,2.0,10.0,11.0,42.0,13.0,8.0,5.0,69.0,7.0,68.0,19.0,12.0,21.0,31.0,6.0,6.0,8.0,14.0,6.0,6.0,4.0,19.0,24.0,11.0,28.0,3.0,21.0,2.0,11.0,1.0,14.0,32.0
4069,202205,24,10.0,210.0,23.0,9.0,7.0,15.0,12.0,5.0,3.0,15.0,67.0,6.0,14.0,15.0,13.0,11.0,4.0,15.0,9.0,22.0,14.0,25.0,14.0,24.0,15.0,17.0,8.0,3.0,6.0,4.0,2.0,0.0,3.0,6.0
4070,202205,25,4.0,17.0,2.0,8.0,3.0,4.0,9.0,0.0,1.0,4.0,6.0,6.0,7.0,2.0,44.0,9.0,5.0,17.0,4.0,11.0,5.0,7.0,6.0,8.0,9.0,4.0,7.0,0.0,8.0,3.0,4.0,0.0,6.0,1.0
4071,202205,26,6.0,9.0,4.0,2.0,5.0,4.0,13.0,5.0,3.0,3.0,2.0,31.0,24.0,3.0,7.0,11.0,4.0,3.0,4.0,15.0,9.0,16.0,9.0,9.0,10.0,3.0,4.0,3.0,5.0,3.0,6.0,2.0,5.0,4.0
4072,202205,27,113.0,17.0,5.0,20.0,16.0,101.0,26.0,26.0,3.0,133.0,13.0,30.0,69.0,7.0,32.0,74.0,22.0,4.0,9.0,14.0,7.0,8.0,12.0,36.0,55.0,14.0,68.0,44.0,56.0,2.0,32.0,4.0,70.0,133.0
4073,202205,28,36.0,3.0,8.0,18.0,16.0,39.0,19.0,5.0,2.0,32.0,9.0,10.0,51.0,5.0,12.0,39.0,17.0,7.0,1.0,10.0,4.0,8.0,8.0,18.0,20.0,7.0,20.0,5.0,7.0,3.0,17.0,3.0,35.0,28.0
4074,202205,29,44.0,5.0,10.0,15.0,8.0,20.0,12.0,6.0,3.0,15.0,11.0,14.0,36.0,42.0,8.0,24.0,48.0,4.0,3.0,19.0,3.0,6.0,12.0,13.0,11.0,8.0,27.0,2.0,9.0,4.0,29.0,2.0,14.0,16.0
4075,202205,30,11.0,12.0,5.0,12.0,14.0,18.0,12.0,6.0,0.0,9.0,12.0,9.0,23.0,21.0,7.0,15.0,35.0,2.0,0.0,12.0,6.0,7.0,5.0,8.0,10.0,5.0,28.0,3.0,9.0,2.0,9.0,0.0,14.0,15.0
4076,202205,31,3.0,5.0,2.0,0.0,4.0,5.0,1.0,0.0,4.0,3.0,2.0,1.0,7.0,3.0,4.0,3.0,3.0,2.0,0.0,3.0,1.0,1.0,2.0,2.0,1.0,1.0,1.0,0.0,2.0,0.0,3.0,1.0,2.0,1.0
4077,202206,1,105.0,188.0,19.0,13.0,4.0,26.0,6.0,11.0,4.0,30.0,21.0,25.0,25.0,10.0,31.0,34.0,48.0,19.0,3.0,21.0,5.0,8.0,6.0,23.0,26.0,16.0,20.0,2.0,10.0,2.0,9.0,0.0,27.0,74.0
4078,202206,2,161.0,117.0,33.0,17.0,21.0,93.0,19.0,41.0,6.0,111.0,35.0,56.0,48.0,17.0,48.0,70.0,52.0,19.0,15.0,24.0,16.0,27.0,14.0,48.0,65.0,28.0,64.0,28.0,65.0,6.0,39.0,3.0,85.0,156.0
4079,202206,3,21.0,53.0,12.0,13.0,11.0,49.0,16.0,16.0,1.0,33.0,15.0,39.0,30.0,5.0,23.0,29.0,50.0,9.0,3.0,26.0,8.0,21.0,9.0,33.0,18.0,12.0,27.0,7.0,16.0,6.0,28.0,4.0,22.0,56.0
4080,202206,4,22.0,38.0,16.0,9.0,8.0,29.0,9.0,14.0,3.0,19.0,11.0,18.0,21.0,10.0,24.0,21.0,41.0,10.0,6.0,27.0,3.0,11.0,15.0,13.0,16.0,12.0,19.0,1.0,8.0,7.0,45.0,6.0,20.0,17.0
4081,202206,5,6.0,9.0,10.0,8.0,8.0,9.0,12.0,6.0,3.0,8.0,5.0,10.0,13.0,9.0,5.0,7.0,0.0,1.0,2.0,15.0,4.0,6.0,13.0,11.0,9.0,6.0,11.0,4.0,3.0,2.0,7.0,2.0,8.0,10.0
4082,202206,6,6.0,6.0,5.0,11.0,3.0,8.0,7.0,5.0,2.0,7.0,2.0,1.0,19.0,47.0,18.0,8.0,4.0,3.0,14.0,15.0,8.0,10.0,6.0,8.0,17.0,7.0,10.0,4.0,5.0,5.0,4.0,2.0,6.0,6.0
4083,202206,7,5.0,7.0,8.0,10.0,0.0,5.0,3.0,4.0,2.0,7.0,6.0,6.0,9.0,26.0,10.0,3.0,4.0,2.0,1.0,10.0,1.0,6.0,2.0,8.0,8.0,5.0,10.0,0.0,2.0,1.0,2.0,4.0,3.0,5.0
4084,202206,8,28.0,15.0,9.0,2.0,4.0,26.0,3.0,7.0,2.0,33.0,5.0,18.0,9.0,7.0,12.0,11.0,38.0,5.0,3.0,13.0,3.0,7.0,2.0,28.0,11.0,11.0,11.0,8.0,8.0,1.0,8.0,4.0,1.0,20.0
4085,202206,9,23.0,25.0,15.0,8.0,15.0,37.0,3.0,11.0,3.0,22.0,13.0,21.0,7.0,9.0,21.0,15.0,41.0,14.0,4.0,21.0,10.0,21.0,6.0,18.0,14.0,14.0,35.0,9.0,8.0,6.0,22.0,1.0,7.0,11.0
4086,202206,10,20.0,12.0,11.0,7.0,14.0,15.0,8.0,13.0,0.0,12.0,14.0,19.0,7.0,4.0,13.0,10.0,36.0,8.0,2.0,17.0,3.0,5.0,6.0,25.0,17.0,8.0,39.0,6.0,4.0,4.0,15.0,1.0,4.0,3.0
4087,202206,11,8.0,24.0,11.0,3.0,15.0,11.0,5.0,9.0,2.0,9.0,4.0,15.0,10.0,15.0,16.0,5.0,5.0,4.0,5.0,7.0,8.0,3.0,2.0,8.0,13.0,3.0,26.0,6.0,6.0,1.0,16.0,7.0,4.0,6.0
4088,202206,12,110.0,18.0,17.0,13.0,7.0,53.0,11.0,5.0,1.0,42.0,9.0,32.0,18.0,29.0,19.0,35.0,18.0,5.0,6.0,16.0,7.0,8.0,12.0,23.0,26.0,12.0,31.0,3.0,21.0,5.0,20.0,5.0,58.0,93.0
4089,202206,13,39.0,23.0,10.0,9.0,2.0,23.0,6.0,9.0,3.0,17.0,12.0,26.0,5.0,13.0,73.0,13.0,6.0,7.0,6.0,9.0,3.0,10.0,3.0,10.0,19.0,11.0,12.0,2.0,13.0,4.0,8.0,1.0,12.0,28.0
4090,202206,14,38.0,12.0,14.0,15.0,4.0,18.0,1.0,8.0,1.0,41.0,7.0,57.0,18.0,13.0,18.0,23.0,8.0,6.0,13.0,11.0,2.0,8.0,7.0,34.0,17.0,10.0,19.0,2.0,17.0,0.0,8.0,0.0,2.0,12.0
4091,202206,15,38.0,23.0,8.0,10.0,6.0,16.0,6.0,7.0,2.0,9.0,8.0,23.0,11.0,5.0,25.0,14.0,21.0,6.0,4.0,8.0,4.0,15.0,6.0,25.0,14.0,5.0,7.0,1.0,7.0,2.0,11.0,0.0,6.0,4.0
4092,202206,16,217.0,31.0,13.0,25.0,13.0,155.0,11.0,32.0,1.0,143.0,24.0,172.0,64.0,22.0,52.0,90.0,37.0,12.0,14.0,22.0,9.0,21.0,8.0,40.0,72.0,25.0,69.0,25.0,66.0,8.0,30.0,0.0,109.0,262.0
4093,202206,17,83.0,44.0,15.0,26.0,15.0,106.0,30.0,27.0,2.0,86.0,15.0,163.0,71.0,21.0,39.0,69.0,28.0,14.0,6.0,25.0,14.0,22.0,18.0,58.0,47.0,29.0,77.0,14.0,39.0,5.0,24.0,4.0,51.0,107.0
4094,202206,18,27.0,35.0,16.0,20.0,27.0,33.0,15.0,18.0,0.0,34.0,10.0,43.0,69.0,18.0,30.0,26.0,17.0,7.0,6.0,26.0,10.0,11.0,18.0,22.0,25.0,19.0,45.0,11.0,17.0,5.0,11.0,9.0,24.0,25.0
4095,202206,19,51.0,26.0,25.0,22.0,12.0,28.0,29.0,16.0,1.0,16.0,22.0,18.0,49.0,32.0,24.0,41.0,17.0,7.0,6.0,26.0,11.0,19.0,20.0,30.0,22.0,12.0,29.0,11.0,16.0,12.0,18.0,6.0,38.0,35.0
4096,202206,20,40.0,11.0,8.0,5.0,2.0,16.0,6.0,8.0,3.0,7.0,8.0,9.0,20.0,8.0,13.0,20.0,11.0,8.0,2.0,19.0,3.0,11.0,8.0,11.0,11.0,3.0,12.0,4.0,6.0,1.0,9.0,2.0,13.0,8.0
4097,202206,21,37.0,14.0,6.0,7.0,2.0,14.0,7.0,7.0,4.0,4.0,5.0,12.0,12.0,3.0,11.0,17.0,7.0,4.0,1.0,6.0,4.0,6.0,3.0,12.0,14.0,8.0,9.0,0.0,2.0,1.0,10.0,2.0,9.0,4.0
4098,202206,22,121.0,46.0,15.0,23.0,13.0,113.0,11.0,67.0,0.0,180.0,21.0,59.0,43.0,18.0,63.0,80.0,24.0,9.0,11.0,31.0,12.0,9.0,10.0,38.0,62.0,22.0,53.0,79.0,67.0,6.0,24.0,2.0,54.0,150.0
4099,202206,23,86.0,40.0,36.0,16.0,11.0,64.0,9.0,27.0,3.0,72.0,13.0,37.0,19.0,16.0,38.0,33.0,16.0,45.0,4.0,24.0,9.0,13.0,8.0,41.0,38.0,12.0,24.0,6.0,21.0,5.0,9.0,0.0,24.0,47.0
4100,202206,24,53.0,41.0,7.0,8.0,9.0,31.0,35.0,14.0,7.0,16.0,17.0,36.0,54.0,27.0,21.0,30.0,14.0,11.0,5.0,24.0,8.0,21.0,14.0,30.0,22.0,9.0,34.0,6.0,10.0,5.0,14.0,1.0,16.0,34.0
4101,202206,25,20.0,22.0,6.0,23.0,14.0,17.0,31.0,12.0,4.0,5.0,10.0,7.0,46.0,22.0,36.0,24.0,13.0,8.0,3.0,22.0,10.0,22.0,25.0,22.0,15.0,8.0,12.0,2.0,10.0,6.0,12.0,2.0,9.0,8.0
4102,202206,26,36.0,35.0,10.0,19.0,16.0,23.0,28.0,14.0,3.0,28.0,22.0,20.0,63.0,23.0,29.0,40.0,21.0,9.0,9.0,19.0,8.0,13.0,17.0,19.0,16.0,13.0,19.0,35.0,12.0,7.0,15.0,3.0,21.0,46.0
4103,202206,27,84.0,31.0,14.0,11.0,15.0,53.0,25.0,11.0,4.0,38.0,20.0,48.0,70.0,14.0,16.0,33.0,21.0,46.0,10.0,24.0,8.0,24.0,10.0,27.0,33.0,13.0,28.0,10.0,21.0,7.0,10.0,1.0,38.0,64.0
4104,202206,28,19.0,33.0,14.0,10.0,9.0,14.0,15.0,16.0,0.0,14.0,15.0,50.0,12.0,16.0,31.0,13.0,21.0,20.0,2.0,26.0,7.0,19.0,9.0,16.0,13.0,4.0,11.0,8.0,18.0,4.0,8.0,1.0,6.0,11.0
4105,202206,29,21.0,32.0,6.0,11.0,8.0,17.0,12.0,6.0,3.0,15.0,13.0,34.0,14.0,14.0,34.0,18.0,28.0,5.0,3.0,14.0,7.0,26.0,8.0,13.0,10.0,12.0,15.0,6.0,18.0,7.0,7.0,8.0,12.0,23.0
4106,202206,30,15.0,18.0,10.0,2.0,6.0,15.0,7.0,16.0,1.0,14.0,6.0,18.0,22.0,8.0,21.0,13.0,17.0,4.0,5.0,19.0,4.0,13.0,7.0,10.0,15.0,8.0,13.0,2.0,10.0,2.0,5.0,0.0,13.0,15.0
4107,202207,1,29.0,24.0,13.0,6.0,1.0,31.0,9.0,22.0,3.0,26.0,4.0,22.0,37.0,9.0,20.0,27.0,11.0,6.0,3.0,10.0,5.0,9.0,4.0,20.0,18.0,8.0,13.0,3.0,7.0,3.0,10.0,12.0,12.0,65.0
4108,202207,2,36.0,20.0,8.0,7.0,14.0,44.0,8.0,22.0,4.0,35.0,9.0,14.0,22.0,5.0,17.0,22.0,9.0,5.0,7.0,10.0,3.0,5.0,8.0,17.0,17.0,11.0,25.0,13.0,24.0,2.0,8.0,3.0,26.0,34.0
4109,202207,3,5.0,5.0,5.0,0.0,2.0,7.0,5.0,3.0,3.0,3.0,4.0,5.0,5.0,7.0,8.0,7.0,2.0,1.0,2.0,9.0,3.0,2.0,1.0,10.0,4.0,2.0,4.0,1.0,3.0,3.0,2.0,0.0,11.0,3.0
4110,202207,4,4.0,4.0,1.0,6.0,2.0,3.0,2.0,3.0,2.0,8.0,4.0,11.0,6.0,6.0,16.0,4.0,4.0,1.0,1.0,1.0,6.0,6.0,0.0,3.0,1.0,1.0,1.0,1.0,2.0,2.0,4.0,2.0,6.0,4.0
4111,202207,5,33.0,28.0,10.0,11.0,3.0,30.0,4.0,10.0,3.0,59.0,11.0,22.0,5.0,14.0,92.0,19.0,9.0,4.0,25.0,7.0,3.0,5.0,3.0,15.0,25.0,9.0,15.0,6.0,21.0,2.0,1.0,0.0,5.0,10.0
4112,202207,6,6.0,28.0,14.0,9.0,2.0,19.0,7.0,7.0,0.0,29.0,4.0,29.0,5.0,18.0,9.0,8.0,20.0,3.0,3.0,15.0,4.0,15.0,4.0,13.0,8.0,1.0,12.0,4.0,4.0,3.0,5.0,0.0,7.0,15.0
4113,202207,7,13.0,27.0,5.0,6.0,2.0,10.0,1.0,4.0,3.0,4.0,7.0,16.0,3.0,8.0,7.0,7.0,9.0,7.0,4.0,6.0,0.0,11.0,6.0,26.0,7.0,7.0,5.0,2.0,1.0,4.0,1.0,1.0,3.0,4.0
4114,202207,8,1.0,12.0,6.0,4.0,1.0,3.0,4.0,3.0,0.0,4.0,4.0,11.0,6.0,3.0,10.0,3.0,4.0,4.0,0.0,7.0,2.0,10.0,1.0,13.0,12.0,3.0,6.0,2.0,7.0,1.0,1.0,2.0,1.0,6.0
4115,202207,9,6.0,10.0,9.0,4.0,2.0,7.0,3.0,4.0,0.0,4.0,2.0,19.0,6.0,1.0,6.0,2.0,4.0,3.0,1.0,7.0,2.0,6.0,2.0,8.0,4.0,2.0,11.0,1.0,4.0,4.0,4.0,3.0,4.0,3.0
4116,202207,10,4.0,14.0,6.0,0.0,1.0,7.0,4.0,2.0,0.0,4.0,4.0,8.0,3.0,19.0,8.0,5.0,2.0,4.0,1.0,7.0,6.0,8.0,2.0,11.0,5.0,4.0,5.0,2.0,8.0,2.0,0.0,4.0,2.0,4.0
4117,202207,11,3.0,9.0,1.0,4.0,3.0,5.0,6.0,2.0,5.0,2.0,3.0,7.0,0.0,4.0,12.0,4.0,4.0,1.0,2.0,12.0,3.0,13.0,7.0,3.0,7.0,3.0,1.0,1.0,1.0,3.0,3.0,0.0,0.0,4.0
4118,202207,12,44.0,6.0,7.0,9.0,3.0,42.0,5.0,10.0,7.0,69.0,5.0,23.0,8.0,5.0,17.0,25.0,11.0,3.0,4.0,7.0,2.0,7.0,3.0,22.0,25.0,11.0,21.0,14.0,24.0,5.0,2.0,0.0,31.0,52.0
4119,202207,13,1.0,2.0,5.0,2.0,2.0,4.0,4.0,1.0,5.0,7.0,10.0,16.0,3.0,6.0,4.0,6.0,2.0,6.0,1.0,11.0,3.0,18.0,6.0,9.0,14.0,0.0,13.0,2.0,5.0,4.0,3.0,2.0,0.0,9.0
4120,202207,14,4.0,15.0,17.0,3.0,3.0,4.0,5.0,3.0,0.0,3.0,9.0,10.0,4.0,23.0,9.0,3.0,1.0,3.0,4.0,24.0,56.0,26.0,3.0,9.0,5.0,4.0,10.0,1.0,5.0,10.0,8.0,0.0,0.0,4.0
4121,202207,15,5.0,14.0,8.0,9.0,5.0,8.0,9.0,3.0,1.0,9.0,5.0,15.0,3.0,43.0,59.0,8.0,2.0,6.0,5.0,15.0,9.0,10.0,6.0,13.0,20.0,11.0,6.0,4.0,6.0,2.0,8.0,4.0,1.0,10.0
4122,202207,16,5.0,12.0,9.0,1.0,6.0,13.0,4.0,1.0,2.0,20.0,5.0,84.0,6.0,4.0,7.0,7.0,5.0,3.0,3.0,4.0,2.0,3.0,2.0,12.0,9.0,1.0,14.0,11.0,6.0,1.0,6.0,1.0,0.0,3.0
4123,202207,17,5.0,15.0,14.0,5.0,7.0,17.0,5.0,6.0,1.0,29.0,10.0,22.0,4.0,7.0,16.0,11.0,6.0,11.0,3.0,8.0,11.0,7.0,2.0,11.0,5.0,8.0,20.0,14.0,9.0,3.0,10.0,0.0,3.0,8.0
4124,202207,18,124.0,13.0,6.0,11.0,11.0,72.0,3.0,11.0,3.0,80.0,16.0,26.0,18.0,15.0,30.0,50.0,12.0,11.0,7.0,13.0,3.0,9.0,10.0,22.0,41.0,20.0,33.0,25.0,46.0,0.0,8.0,0.0,52.0,166.0
4125,202207,19,13.0,8.0,6.0,8.0,4.0,10.0,9.0,2.0,1.0,7.0,5.0,7.0,7.0,9.0,7.0,10.0,3.0,6.0,2.0,10.0,0.0,11.0,5.0,14.0,10.0,5.0,14.0,0.0,5.0,1.0,0.0,1.0,12.0,16.0
4126,202207,20,4.0,6.0,4.0,2.0,1.0,5.0,2.0,3.0,3.0,6.0,6.0,5.0,10.0,18.0,10.0,5.0,4.0,3.0,1.0,10.0,5.0,7.0,3.0,8.0,5.0,2.0,4.0,1.0,2.0,4.0,2.0,2.0,3.0,3.0
4127,202207,21,19.0,15.0,7.0,12.0,9.0,24.0,4.0,2.0,0.0,39.0,3.0,18.0,19.0,4.0,22.0,13.0,8.0,4.0,2.0,12.0,1.0,6.0,3.0,20.0,25.0,3.0,14.0,2.0,7.0,1.0,9.0,2.0,14.0,77.0
4128,202207,22,5.0,9.0,3.0,3.0,2.0,11.0,4.0,3.0,1.0,13.0,3.0,8.0,9.0,4.0,9.0,12.0,2.0,3.0,1.0,8.0,1.0,8.0,1.0,10.0,12.0,2.0,7.0,2.0,10.0,3.0,5.0,1.0,23.0,18.0
4129,202207,23,6.0,10.0,13.0,28.0,13.0,12.0,9.0,8.0,0.0,10.0,14.0,16.0,49.0,70.0,137.0,36.0,10.0,4.0,49.0,10.0,7.0,15.0,9.0,11.0,24.0,21.0,21.0,5.0,9.0,2.0,11.0,2.0,7.0,15.0
4130,202207,24,23.0,23.0,22.0,15.0,7.0,24.0,15.0,7.0,5.0,15.0,11.0,15.0,31.0,86.0,56.0,28.0,8.0,11.0,38.0,20.0,14.0,19.0,11.0,25.0,24.0,20.0,23.0,15.0,16.0,8.0,9.0,0.0,13.0,37.0
4131,202207,25,86.0,66.0,25.0,16.0,13.0,87.0,8.0,24.0,3.0,122.0,21.0,88.0,29.0,24.0,47.0,41.0,12.0,17.0,14.0,19.0,48.0,32.0,8.0,29.0,49.0,25.0,39.0,30.0,58.0,10.0,6.0,3.0,64.0,125.0
4132,202207,26,19.0,16.0,14.0,10.0,7.0,34.0,6.0,11.0,6.0,36.0,12.0,20.0,11.0,31.0,18.0,17.0,28.0,7.0,5.0,25.0,34.0,21.0,7.0,25.0,14.0,52.0,18.0,5.0,11.0,8.0,4.0,1.0,11.0,32.0
4133,202207,27,6.0,11.0,6.0,8.0,1.0,7.0,3.0,2.0,3.0,17.0,5.0,10.0,4.0,6.0,10.0,5.0,15.0,7.0,3.0,13.0,16.0,13.0,1.0,15.0,8.0,5.0,9.0,0.0,9.0,4.0,3.0,0.0,13.0,15.0
4134,202207,28,48.0,17.0,9.0,9.0,0.0,59.0,4.0,6.0,1.0,46.0,5.0,29.0,14.0,47.0,25.0,28.0,9.0,6.0,6.0,20.0,8.0,17.0,13.0,28.0,22.0,9.0,20.0,4.0,12.0,3.0,8.0,0.0,57.0,76.0
4135,202207,29,10.0,61.0,17.0,5.0,4.0,18.0,6.0,6.0,6.0,7.0,9.0,5.0,3.0,7.0,13.0,11.0,4.0,8.0,4.0,20.0,23.0,10.0,4.0,31.0,10.0,11.0,4.0,2.0,10.0,4.0,4.0,1.0,13.0,16.0
4136,202207,30,1.0,21.0,26.0,9.0,5.0,8.0,13.0,5.0,2.0,5.0,4.0,37.0,8.0,7.0,6.0,11.0,4.0,4.0,3.0,12.0,4.0,13.0,6.0,8.0,8.0,2.0,7.0,2.0,6.0,2.0,3.0,1.0,7.0,6.0
4137,202207,31,11.0,41.0,14.0,3.0,6.0,19.0,15.0,5.0,1.0,10.0,15.0,50.0,12.0,10.0,14.0,14.0,8.0,9.0,4.0,40.0,48.0,27.0,12.0,13.0,14.0,12.0,9.0,7.0,10.0,12.0,1.0,3.0,11.0,17.0
4138,202208,1,4.0,15.0,11.0,4.0,2.0,14.0,15.0,2.0,0.0,14.0,7.0,10.0,7.0,7.0,10.0,9.0,7.0,7.0,21.0,11.0,4.0,11.0,3.0,9.0,12.0,2.0,7.0,4.0,8.0,3.0,3.0,5.0,13.0,18.0
4139,202208,2,4.0,5.0,6.0,5.0,0.0,11.0,1.0,1.0,5.0,6.0,0.0,5.0,4.0,8.0,3.0,3.0,2.0,4.0,0.0,7.0,0.0,4.0,1.0,6.0,8.0,1.0,8.0,2.0,2.0,4.0,3.0,3.0,2.0,13.0
4140,202208,3,14.0,21.0,6.0,24.0,2.0,34.0,3.0,8.0,0.0,20.0,6.0,11.0,9.0,14.0,221.0,51.0,4.0,2.0,57.0,11.0,6.0,13.0,3.0,29.0,32.0,21.0,15.0,13.0,11.0,4.0,5.0,2.0,5.0,19.0
4141,202208,4,85.0,34.0,28.0,20.0,10.0,84.0,11.0,34.0,2.0,129.0,22.0,67.0,37.0,16.0,50.0,72.0,17.0,14.0,23.0,47.0,73.0,48.0,8.0,40.0,44.0,26.0,34.0,57.0,41.0,13.0,17.0,1.0,57.0,124.0
4142,202208,5,145.0,48.0,16.0,24.0,21.0,128.0,15.0,32.0,4.0,146.0,32.0,64.0,56.0,40.0,56.0,76.0,30.0,21.0,27.0,40.0,21.0,29.0,19.0,49.0,55.0,26.0,58.0,35.0,70.0,8.0,31.0,3.0,91.0,178.0
4143,202208,6,74.0,20.0,13.0,10.0,11.0,40.0,12.0,5.0,1.0,35.0,11.0,38.0,25.0,18.0,25.0,30.0,23.0,7.0,6.0,15.0,5.0,9.0,13.0,19.0,20.0,7.0,19.0,4.0,13.0,5.0,13.0,3.0,23.0,38.0
4144,202208,7,80.0,18.0,19.0,30.0,7.0,39.0,10.0,12.0,1.0,26.0,11.0,27.0,22.0,59.0,169.0,44.0,11.0,8.0,70.0,18.0,8.0,18.0,9.0,27.0,32.0,27.0,23.0,9.0,16.0,4.0,8.0,1.0,28.0,37.0
4145,202208,8,52.0,12.0,7.0,21.0,2.0,37.0,6.0,4.0,0.0,20.0,10.0,16.0,11.0,8.0,169.0,28.0,2.0,6.0,38.0,19.0,5.0,20.0,4.0,20.0,24.0,16.0,9.0,3.0,13.0,4.0,4.0,0.0,8.0,15.0
4146,202208,9,60.0,47.0,8.0,4.0,4.0,28.0,4.0,2.0,1.0,24.0,8.0,14.0,4.0,9.0,12.0,17.0,2.0,5.0,1.0,21.0,19.0,23.0,3.0,19.0,12.0,6.0,11.0,3.0,9.0,7.0,5.0,2.0,9.0,28.0
4147,202208,10,29.0,283.0,35.0,16.0,11.0,54.0,11.0,13.0,3.0,158.0,104.0,41.0,32.0,14.0,32.0,29.0,23.0,31.0,10.0,25.0,32.0,22.0,7.0,41.0,37.0,33.0,33.0,51.0,56.0,8.0,13.0,3.0,22.0,31.0
4148,202208,11,32.0,91.0,27.0,13.0,8.0,32.0,14.0,10.0,6.0,37.0,31.0,35.0,17.0,17.0,24.0,24.0,19.0,24.0,2.0,30.0,28.0,41.0,15.0,24.0,19.0,19.0,27.0,16.0,20.0,10.0,12.0,1.0,8.0,12.0
4149,202208,12,2.0,17.0,34.0,2.0,1.0,5.0,1.0,1.0,4.0,10.0,9.0,14.0,3.0,6.0,9.0,5.0,3.0,6.0,3.0,30.0,31.0,21.0,4.0,7.0,12.0,7.0,4.0,2.0,7.0,13.0,2.0,0.0,4.0,9.0
4150,202208,13,0.0,14.0,8.0,5.0,9.0,2.0,4.0,1.0,3.0,2.0,7.0,3.0,1.0,11.0,10.0,3.0,5.0,4.0,4.0,11.0,11.0,9.0,3.0,2.0,3.0,5.0,8.0,2.0,5.0,3.0,5.0,1.0,2.0,4.0
4151,202208,14,3.0,13.0,15.0,5.0,4.0,6.0,3.0,1.0,0.0,3.0,11.0,4.0,3.0,55.0,3.0,1.0,2.0,8.0,2.0,26.0,33.0,25.0,10.0,7.0,5.0,3.0,4.0,5.0,1.0,8.0,6.0,2.0,1.0,2.0
4152,202208,15,2.0,11.0,7.0,4.0,5.0,7.0,3.0,2.0,2.0,5.0,3.0,20.0,4.0,68.0,10.0,3.0,13.0,5.0,3.0,9.0,2.0,15.0,4.0,3.0,10.0,6.0,5.0,0.0,5.0,2.0,1.0,2.0,0.0,3.0
4153,202208,16,7.0,6.0,4.0,6.0,1.0,3.0,1.0,1.0,1.0,2.0,4.0,1.0,1.0,8.0,7.0,2.0,1.0,2.0,3.0,7.0,2.0,6.0,2.0,5.0,4.0,5.0,6.0,0.0,1.0,1.0,1.0,1.0,0.0,3.0
4154,202208,17,19.0,49.0,5.0,3.0,1.0,24.0,1.0,3.0,3.0,13.0,5.0,4.0,1.0,4.0,6.0,9.0,2.0,5.0,0.0,7.0,2.0,8.0,0.0,7.0,7.0,2.0,9.0,2.0,8.0,1.0,0.0,0.0,23.0,25.0
4155,202208,18,3.0,42.0,10.0,7.0,4.0,19.0,5.0,4.0,2.0,6.0,99.0,3.0,7.0,7.0,9.0,12.0,0.0,17.0,1.0,11.0,4.0,15.0,7.0,8.0,14.0,11.0,10.0,2.0,6.0,9.0,1.0,0.0,2.0,19.0
4156,202208,19,4.0,12.0,3.0,1.0,3.0,10.0,2.0,3.0,0.0,4.0,13.0,6.0,3.0,7.0,6.0,5.0,2.0,8.0,3.0,4.0,5.0,6.0,2.0,5.0,10.0,5.0,12.0,0.0,4.0,5.0,3.0,1.0,1.0,17.0
4157,202208,20,7.0,7.0,8.0,7.0,2.0,11.0,2.0,4.0,2.0,5.0,4.0,5.0,5.0,1.0,68.0,8.0,2.0,4.0,18.0,5.0,0.0,3.0,0.0,8.0,10.0,6.0,9.0,3.0,1.0,1.0,1.0,3.0,2.0,2.0
4158,202208,21,13.0,297.0,37.0,16.0,5.0,18.0,11.0,9.0,9.0,28.0,25.0,24.0,13.0,65.0,22.0,15.0,6.0,22.0,12.0,24.0,12.0,25.0,10.0,22.0,11.0,26.0,13.0,19.0,8.0,8.0,10.0,1.0,15.0,36.0
4159,202208,22,154.0,226.0,33.0,20.0,10.0,59.0,8.0,5.0,3.0,61.0,97.0,33.0,23.0,32.0,39.0,51.0,15.0,75.0,15.0,30.0,13.0,20.0,5.0,35.0,39.0,35.0,36.0,16.0,45.0,7.0,8.0,2.0,68.0,137.0
4160,202208,23,75.0,26.0,19.0,8.0,8.0,36.0,8.0,5.0,5.0,26.0,19.0,21.0,9.0,15.0,19.0,25.0,10.0,20.0,8.0,17.0,5.0,13.0,8.0,13.0,15.0,11.0,22.0,3.0,18.0,3.0,7.0,2.0,27.0,25.0
4161,202208,24,1.0,9.0,19.0,3.0,3.0,5.0,2.0,2.0,2.0,6.0,20.0,4.0,3.0,1.0,4.0,9.0,1.0,4.0,1.0,20.0,24.0,15.0,5.0,5.0,8.0,3.0,3.0,1.0,3.0,6.0,2.0,0.0,10.0,10.0
4162,202208,25,3.0,7.0,1.0,3.0,1.0,8.0,2.0,2.0,4.0,2.0,1.0,4.0,1.0,1.0,3.0,2.0,4.0,1.0,6.0,9.0,3.0,10.0,4.0,5.0,2.0,1.0,4.0,1.0,2.0,2.0,4.0,1.0,0.0,2.0
4163,202208,26,68.0,7.0,2.0,3.0,2.0,47.0,1.0,3.0,6.0,17.0,1.0,11.0,3.0,6.0,6.0,14.0,1.0,2.0,2.0,6.0,2.0,4.0,1.0,6.0,10.0,4.0,6.0,3.0,6.0,1.0,1.0,3.0,6.0,17.0
4164,202208,27,11.0,4.0,0.0,0.0,0.0,8.0,1.0,0.0,0.0,5.0,1.0,5.0,1.0,4.0,2.0,1.0,2.0,1.0,1.0,1.0,1.0,1.0,0.0,3.0,3.0,3.0,9.0,0.0,2.0,0.0,0.0,0.0,0.0,2.0
4165,202208,28,3.0,9.0,2.0,5.0,2.0,9.0,2.0,1.0,0.0,3.0,6.0,5.0,2.0,14.0,31.0,2.0,1.0,5.0,15.0,2.0,1.0,4.0,0.0,2.0,6.0,4.0,3.0,1.0,0.0,1.0,1.0,1.0,2.0,2.0
4166,202208,29,16.0,15.0,5.0,18.0,0.0,27.0,4.0,6.0,0.0,17.0,8.0,17.0,3.0,8.0,174.0,38.0,5.0,0.0,50.0,5.0,2.0,6.0,2.0,17.0,21.0,21.0,6.0,12.0,5.0,3.0,1.0,3.0,5.0,33.0
4167,202208,30,112.0,41.0,3.0,11.0,4.0,72.0,4.0,22.0,3.0,88.0,14.0,31.0,15.0,6.0,18.0,48.0,12.0,10.0,12.0,13.0,5.0,15.0,2.0,32.0,43.0,27.0,30.0,43.0,45.0,5.0,6.0,5.0,38.0,86.0
4168,202208,31,1.0,9.0,3.0,1.0,0.0,9.0,3.0,4.0,2.0,9.0,3.0,4.0,7.0,5.0,2.0,5.0,6.0,2.0,2.0,10.0,6.0,10.0,4.0,10.0,5.0,2.0,9.0,4.0,1.0,2.0,2.0,0.0,3.0,14.0
4169,202209,1,4.0,122.0,9.0,8.0,8.0,10.0,4.0,0.0,4.0,6.0,11.0,6.0,4.0,3.0,5.0,3.0,2.0,7.0,3.0,6.0,2.0,5.0,2.0,14.0,6.0,5.0,5.0,1.0,4.0,1.0,1.0,1.0,4.0,6.0
4170,202209,2,2.0,22.0,5.0,0.0,0.0,3.0,3.0,0.0,2.0,3.0,2.0,3.0,3.0,15.0,3.0,0.0,0.0,4.0,1.0,6.0,2.0,2.0,2.0,12.0,3.0,1.0,5.0,1.0,1.0,0.0,0.0,2.0,0.0,2.0
4171,202209,3,3.0,9.0,3.0,0.0,4.0,1.0,1.0,2.0,4.0,3.0,12.0,0.0,3.0,2.0,1.0,2.0,2.0,0.0,0.0,2.0,1.0,5.0,2.0,2.0,0.0,4.0,2.0,0.0,0.0,0.0,1.0,1.0,1.0,1.0
4172,202209,4,22.0,20.0,1.0,0.0,0.0,9.0,0.0,1.0,0.0,7.0,8.0,3.0,3.0,6.0,3.0,14.0,3.0,4.0,2.0,7.0,2.0,3.0,0.0,18.0,6.0,2.0,3.0,2.0,5.0,1.0,0.0,1.0,12.0,16.0
4173,202209,5,2.0,5.0,5.0,0.0,1.0,2.0,3.0,1.0,2.0,1.0,0.0,0.0,0.0,6.0,2.0,0.0,1.0,7.0,0.0,1.0,3.0,2.0,1.0,4.0,3.0,1.0,1.0,0.0,1.0,1.0,0.0,2.0,1.0,3.0
4174,202209,6,3.0,1.0,5.0,4.0,0.0,8.0,2.0,1.0,3.0,0.0,2.0,1.0,1.0,1.0,2.0,2.0,0.0,2.0,2.0,9.0,1.0,6.0,1.0,4.0,8.0,2.0,6.0,0.0,0.0,1.0,2.0,1.0,3.0,2.0
4175,202209,7,2.0,12.0,12.0,1.0,3.0,3.0,2.0,2.0,3.0,6.0,8.0,6.0,5.0,4.0,4.0,2.0,4.0,53.0,4.0,16.0,5.0,18.0,0.0,8.0,8.0,5.0,5.0,2.0,2.0,9.0,2.0,0.0,1.0,2.0
4176,202209,8,2.0,9.0,3.0,2.0,1.0,4.0,4.0,1.0,2.0,7.0,4.0,3.0,0.0,1.0,3.0,1.0,0.0,3.0,2.0,13.0,15.0,10.0,3.0,15.0,1.0,0.0,5.0,0.0,3.0,2.0,2.0,0.0,0.0,1.0
4177,202209,9,0.0,6.0,7.0,0.0,4.0,2.0,4.0,3.0,5.0,3.0,3.0,3.0,1.0,4.0,5.0,5.0,2.0,4.0,3.0,14.0,28.0,5.0,1.0,17.0,6.0,2.0,4.0,1.0,4.0,13.0,0.0,0.0,0.0,0.0
4178,202209,10,0.0,1.0,2.0,0.0,1.0,2.0,2.0,2.0,1.0,2.0,2.0,5.0,5.0,3.0,1.0,1.0,1.0,0.0,0.0,1.0,1.0,4.0,0.0,5.0,1.0,0.0,2.0,1.0,1.0,0.0,1.0,3.0,0.0,1.0
4179,202209,11,3.0,2.0,10.0,5.0,2.0,2.0,1.0,4.0,0.0,5.0,3.0,3.0,2.0,3.0,20.0,5.0,1.0,0.0,2.0,4.0,2.0,7.0,0.0,10.0,6.0,3.0,2.0,2.0,3.0,1.0,1.0,3.0,0.0,1.0
4180,202209,12,17.0,1.0,4.0,4.0,0.0,8.0,4.0,1.0,0.0,35.0,2.0,6.0,4.0,3.0,7.0,7.0,1.0,1.0,2.0,4.0,4.0,13.0,0.0,3.0,12.0,5.0,3.0,20.0,14.0,5.0,0.0,0.0,8.0,14.0
4181,202209,13,8.0,6.0,7.0,4.0,1.0,6.0,9.0,1.0,0.0,21.0,6.0,7.0,7.0,4.0,2.0,7.0,3.0,2.0,4.0,8.0,2.0,18.0,1.0,15.0,5.0,5.0,3.0,1.0,4.0,2.0,2.0,0.0,1.0,16.0
4182,202209,14,0.0,2.0,2.0,2.0,4.0,1.0,4.0,0.0,0.0,2.0,6.0,3.0,2.0,0.0,3.0,3.0,12.0,4.0,0.0,7.0,1.0,13.0,2.0,11.0,6.0,0.0,3.0,2.0,2.0,4.0,0.0,1.0,1.0,1.0
4183,202209,15,0.0,1.0,2.0,1.0,1.0,2.0,3.0,2.0,0.0,3.0,1.0,2.0,1.0,2.0,1.0,2.0,0.0,0.0,0.0,3.0,0.0,4.0,0.0,3.0,2.0,0.0,3.0,2.0,0.0,0.0,1.0,2.0,2.0,1.0
4184,202209,16,0.0,3.0,0.0,5.0,1.0,5.0,1.0,1.0,4.0,2.0,0.0,4.0,3.0,2.0,4.0,1.0,0.0,1.0,0.0,6.0,1.0,3.0,0.0,1.0,2.0,1.0,1.0,3.0,2.0,0.0,0.0,1.0,0.0,2.0
4185,202209,17,0.0,4.0,0.0,5.0,0.0,0.0,2.0,0.0,12.0,2.0,1.0,5.0,3.0,3.0,6.0,0.0,0.0,1.0,0.0,0.0,0.0,1.0,2.0,1.0,0.0,2.0,0.0,1.0,1.0,0.0,0.0,3.0,0.0,0.0
4186,202209,18,1.0,2.0,0.0,2.0,0.0,1.0,6.0,1.0,5.0,3.0,2.0,3.0,1.0,4.0,6.0,1.0,1.0,0.0,0.0,15.0,8.0,36.0,4.0,1.0,2.0,1.0,3.0,1.0,0.0,5.0,0.0,3.0,1.0,0.0
4187,202209,19,2.0,2.0,2.0,1.0,0.0,6.0,10.0,3.0,3.0,4.0,4.0,0.0,1.0,2.0,4.0,1.0,3.0,1.0,2.0,7.0,5.0,11.0,2.0,1.0,5.0,0.0,4.0,2.0,3.0,1.0,1.0,4.0,1.0,5.0
4188,202209,20,2.0,4.0,1.0,5.0,1.0,2.0,6.0,2.0,0.0,1.0,3.0,3.0,3.0,1.0,8.0,3.0,1.0,1.0,2.0,11.0,0.0,8.0,2.0,3.0,6.0,1.0,2.0,1.0,1.0,2.0,3.0,0.0,0.0,0.0
4189,202209,21,0.0,5.0,2.0,2.0,0.0,1.0,1.0,1.0,0.0,4.0,2.0,2.0,3.0,1.0,0.0,2.0,0.0,0.0,0.0,2.0,5.0,7.0,3.0,4.0,2.0,1.0,0.0,0.0,0.0,2.0,2.0,0.0,0.0,1.0
4190,202209,22,37.0,4.0,2.0,3.0,0.0,32.0,0.0,4.0,1.0,22.0,5.0,5.0,3.0,4.0,6.0,10.0,0.0,1.0,1.0,4.0,0.0,6.0,4.0,4.0,8.0,3.0,9.0,3.0,6.0,0.0,5.0,0.0,8.0,37.0
4191,202209,23,1.0,1.0,2.0,1.0,1.0,7.0,3.0,2.0,2.0,3.0,1.0,6.0,0.0,3.0,3.0,0.0,1.0,2.0,0.0,4.0,0.0,1.0,0.0,2.0,2.0,0.0,4.0,1.0,0.0,1.0,2.0,2.0,5.0,7.0
4192,202209,24,2.0,1.0,1.0,1.0,0.0,1.0,3.0,1.0,2.0,2.0,0.0,0.0,5.0,0.0,1.0,2.0,1.0,2.0,0.0,0.0,0.0,2.0,0.0,3.0,1.0,0.0,2.0,1.0,0.0,0.0,0.0,4.0,1.0,0.0
4193,202209,25,3.0,1.0,1.0,0.0,0.0,16.0,3.0,5.0,0.0,24.0,1.0,6.0,3.0,2.0,6.0,17.0,0.0,0.0,1.0,4.0,1.0,4.0,0.0,8.0,10.0,3.0,11.0,1.0,7.0,1.0,2.0,0.0,27.0,22.0
4194,202209,26,0.0,5.0,2.0,3.0,2.0,4.0,4.0,1.0,4.0,3.0,1.0,4.0,3.0,1.0,3.0,5.0,0.0,3.0,2.0,5.0,2.0,4.0,0.0,1.0,3.0,2.0,3.0,1.0,1.0,3.0,1.0,0.0,2.0,11.0
4195,202209,27,7.0,21.0,7.0,2.0,51.0,12.0,4.0,6.0,1.0,8.0,8.0,17.0,20.0,7.0,11.0,11.0,44.0,6.0,7.0,9.0,5.0,13.0,2.0,13.0,11.0,8.0,2.0,7.0,8.0,4.0,7.0,0.0,6.0,9.0
4196,202209,28,47.0,55.0,13.0,9.0,176.0,71.0,10.0,39.0,3.0,45.0,55.0,51.0,85.0,31.0,39.0,44.0,230.0,23.0,27.0,32.0,40.0,31.0,9.0,32.0,43.0,24.0,305.0,34.0,25.0,14.0,122.0,0.0,40.0,44.0
4197,202209,29,44.0,51.0,10.0,10.0,180.0,64.0,12.0,41.0,0.0,43.0,45.0,84.0,95.0,26.0,48.0,56.0,100.0,18.0,28.0,18.0,9.0,13.0,9.0,30.0,52.0,23.0,546.0,36.0,27.0,6.0,107.0,3.0,32.0,43.0
4198,202209,30,43.0,38.0,2.0,17.0,102.0,57.0,24.0,49.0,5.0,98.0,32.0,191.0,86.0,14.0,37.0,50.0,88.0,14.0,24.0,13.0,29.0,7.0,5.0,32.0,46.0,19.0,538.0,36.0,54.0,1.0,82.0,0.0,27.0,45.0
4199,202210,1,15.0,15.0,9.0,11.0,9.0,18.0,17.0,26.0,1.0,30.0,21.0,26.0,33.0,44.0,22.0,24.0,86.0,6.0,5.0,29.0,44.0,16.0,6.0,10.0,17.0,11.0,101.0,19.0,16.0,6.0,26.0,1.0,5.0,11.0
4200,202210,2,11.0,12.0,3.0,3.0,8.0,17.0,7.0,11.0,1.0,6.0,10.0,12.0,17.0,10.0,16.0,17.0,85.0,3.0,6.0,13.0,22.0,3.0,4.0,12.0,16.0,7.0,10.0,7.0,5.0,3.0,30.0,0.0,3.0,15.0
4201,202210,3,8.0,15.0,21.0,3.0,0.0,8.0,7.0,5.0,1.0,4.0,8.0,10.0,13.0,4.0,8.0,9.0,72.0,0.0,4.0,9.0,5.0,4.0,1.0,3.0,10.0,3.0,7.0,3.0,3.0,6.0,11.0,0.0,3.0,7.0
4202,202210,4,24.0,5.0,2.0,4.0,0.0,13.0,8.0,6.0,1.0,14.0,5.0,6.0,14.0,2.0,8.0,11.0,68.0,1.0,4.0,5.0,3.0,6.0,1.0,5.0,13.0,2.0,2.0,5.0,6.0,1.0,2.0,1.0,3.0,25.0
4203,202210,5,3.0,2.0,3.0,0.0,0.0,12.0,1.0,3.0,0.0,3.0,2.0,4.0,5.0,3.0,2.0,3.0,39.0,1.0,4.0,7.0,1.0,6.0,4.0,5.0,3.0,2.0,1.0,5.0,4.0,1.0,6.0,1.0,2.0,7.0
4204,202210,6,3.0,7.0,1.0,2.0,0.0,3.0,7.0,4.0,3.0,2.0,2.0,4.0,6.0,3.0,5.0,5.0,44.0,0.0,4.0,10.0,3.0,2.0,3.0,8.0,8.0,1.0,3.0,3.0,2.0,0.0,5.0,0.0,1.0,3.0
4205,202210,7,1.0,8.0,5.0,0.0,0.0,4.0,5.0,4.0,6.0,2.0,4.0,4.0,7.0,7.0,3.0,4.0,38.0,0.0,5.0,7.0,4.0,6.0,1.0,5.0,4.0,5.0,4.0,3.0,1.0,1.0,1.0,1.0,1.0,3.0
4206,202210,8,1.0,3.0,1.0,0.0,0.0,6.0,4.0,3.0,5.0,3.0,3.0,3.0,3.0,2.0,2.0,6.0,46.0,1.0,6.0,0.0,0.0,3.0,0.0,4.0,5.0,4.0,4.0,4.0,1.0,0.0,0.0,2.0,0.0,2.0
4207,202210,9,2.0,5.0,0.0,1.0,0.0,3.0,2.0,3.0,3.0,4.0,4.0,4.0,5.0,2.0,4.0,5.0,50.0,0.0,4.0,2.0,0.0,3.0,1.0,3.0,8.0,3.0,3.0,3.0,0.0,0.0,4.0,0.0,1.0,2.0
4208,202210,10,1.0,1.0,0.0,2.0,0.0,5.0,5.0,4.0,1.0,1.0,1.0,3.0,5.0,3.0,3.0,4.0,32.0,1.0,3.0,1.0,0.0,3.0,1.0,2.0,5.0,1.0,2.0,3.0,1.0,0.0,0.0,1.0,0.0,2.0
4209,202210,11,5.0,2.0,1.0,1.0,1.0,1.0,2.0,1.0,0.0,2.0,2.0,0.0,2.0,4.0,2.0,4.0,21.0,1.0,3.0,3.0,0.0,6.0,1.0,4.0,5.0,2.0,3.0,3.0,0.0,0.0,1.0,0.0,0.0,1.0
4210,202210,12,1.0,0.0,1.0,1.0,0.0,3.0,3.0,0.0,3.0,0.0,3.0,1.0,2.0,2.0,0.0,4.0,17.0,1.0,3.0,14.0,3.0,12.0,3.0,6.0,3.0,1.0,2.0,3.0,2.0,1.0,1.0,0.0,0.0,2.0
4211,202210,13,26.0,2.0,1.0,0.0,1.0,15.0,5.0,1.0,2.0,22.0,6.0,4.0,4.0,0.0,2.0,15.0,35.0,1.0,5.0,4.0,2.0,11.0,4.0,8.0,14.0,3.0,4.0,5.0,3.0,2.0,3.0,4.0,13.0,5.0
4212,202210,14,4.0,2.0,1.0,1.0,1.0,5.0,1.0,0.0,0.0,1.0,2.0,1.0,4.0,3.0,5.0,6.0,15.0,0.0,3.0,2.0,1.0,2.0,0.0,3.0,7.0,2.0,4.0,3.0,0.0,0.0,0.0,6.0,3.0,1.0
4213,202210,15,2.0,0.0,29.0,0.0,0.0,6.0,2.0,0.0,1.0,0.0,0.0,0.0,0.0,0.0,2.0,2.0,24.0,2.0,4.0,9.0,1.0,8.0,0.0,3.0,4.0,5.0,2.0,4.0,3.0,2.0,1.0,0.0,1.0,1.0
4214,202210,16,2.0,12.0,10.0,1.0,1.0,1.0,2.0,1.0,0.0,0.0,0.0,0.0,0.0,4.0,3.0,0.0,3.0,3.0,1.0,7.0,4.0,4.0,1.0,7.0,3.0,2.0,2.0,2.0,0.0,0.0,1.0,2.0,2.0,1.0
4215,202210,17,1.0,3.0,1.0,1.0,0.0,2.0,1.0,1.0,1.0,1.0,0.0,0.0,0.0,2.0,0.0,2.0,0.0,1.0,0.0,0.0,0.0,2.0,0.0,4.0,1.0,1.0,1.0,2.0,2.0,0.0,0.0,3.0,0.0,6.0
4216,202210,18,2.0,4.0,3.0,2.0,1.0,2.0,6.0,2.0,4.0,1.0,4.0,0.0,4.0,6.0,4.0,2.0,22.0,1.0,1.0,9.0,3.0,8.0,3.0,1.0,2.0,0.0,0.0,2.0,0.0,3.0,5.0,6.0,0.0,1.0
4217,202210,19,0.0,1.0,1.0,0.0,0.0,3.0,2.0,0.0,4.0,0.0,2.0,1.0,1.0,2.0,0.0,1.0,0.0,1.0,5.0,5.0,0.0,10.0,1.0,2.0,1.0,0.0,0.0,1.0,1.0,1.0,0.0,0.0,0.0,2.0
4218,202210,20,0.0,4.0,0.0,0.0,0.0,3.0,5.0,0.0,1.0,1.0,0.0,1.0,1.0,1.0,1.0,0.0,1.0,0.0,0.0,2.0,4.0,3.0,2.0,4.0,4.0,0.0,1.0,0.0,1.0,2.0,0.0,7.0,1.0,3.0
4219,202210,21,0.0,2.0,1.0,0.0,0.0,1.0,2.0,2.0,0.0,1.0,0.0,1.0,0.0,0.0,3.0,4.0,1.0,1.0,2.0,2.0,4.0,2.0,0.0,3.0,0.0,0.0,5.0,0.0,1.0,0.0,0.0,0.0,0.0,2.0
4220,202210,22,0.0,0.0,0.0,0.0,0.0,0.0,1.0,0.0,6.0,0.0,1.0,0.0,0.0,0.0,0.0,0.0,1.0,1.0,1.0,2.0,18.0,5.0,0.0,1.0,0.0,1.0,0.0,1.0,1.0,0.0,0.0,2.0,0.0,0.0
4221,202210,23,2.0,7.0,2.0,0.0,0.0,3.0,0.0,1.0,2.0,2.0,3.0,1.0,1.0,20.0,6.0,5.0,1.0,0.0,0.0,7.0,6.0,2.0,2.0,0.0,2.0,5.0,1.0,1.0,1.0,0.0,1.0,1.0,0.0,0.0
4222,202210,24,3.0,123.0,7.0,1.0,1.0,4.0,5.0,3.0,3.0,2.0,8.0,3.0,7.0,19.0,5.0,3.0,3.0,4.0,4.0,6.0,1.0,3.0,1.0,5.0,2.0,5.0,2.0,1.0,2.0,1.0,1.0,1.0,1.0,2.0
4223,202210,25,10.0,38.0,11.0,10.0,6.0,69.0,5.0,2.0,1.0,38.0,10.0,17.0,12.0,5.0,18.0,36.0,2.0,9.0,7.0,2.0,3.0,17.0,4.0,15.0,27.0,18.0,16.0,1.0,15.0,9.0,5.0,1.0,29.0,186.0
4224,202210,26,2.0,2.0,0.0,3.0,3.0,38.0,3.0,2.0,1.0,7.0,2.0,3.0,2.0,6.0,3.0,6.0,1.0,0.0,0.0,2.0,3.0,5.0,3.0,6.0,1.0,3.0,7.0,0.0,1.0,1.0,2.0,2.0,6.0,27.0
4225,202210,27,0.0,0.0,2.0,0.0,0.0,3.0,0.0,0.0,1.0,0.0,0.0,0.0,1.0,1.0,1.0,1.0,0.0,0.0,1.0,3.0,3.0,2.0,2.0,5.0,3.0,0.0,1.0,1.0,1.0,3.0,0.0,0.0,1.0,0.0
4226,202210,28,0.0,148.0,23.0,5.0,1.0,2.0,2.0,1.0,0.0,9.0,38.0,0.0,9.0,6.0,4.0,3.0,5.0,30.0,4.0,6.0,6.0,8.0,3.0,14.0,7.0,12.0,5.0,7.0,0.0,6.0,4.0,3.0,1.0,1.0
4227,202210,29,0.0,0.0,2.0,0.0,2.0,1.0,0.0,0.0,6.0,3.0,4.0,0.0,0.0,1.0,1.0,0.0,0.0,3.0,1.0,1.0,0.0,2.0,0.0,3.0,2.0,1.0,1.0,0.0,1.0,0.0,0.0,5.0,0.0,0.0
4228,202210,30,0.0,3.0,1.0,2.0,1.0,1.0,1.0,2.0,2.0,0.0,1.0,0.0,1.0,0.0,0.0,0.0,2.0,2.0,0.0,1.0,1.0,3.0,4.0,3.0,1.0,3.0,1.0,0.0,0.0,1.0,0.0,2.0,0.0,0.0
4229,202210,31,1.0,7.0,5.0,7.0,1.0,2.0,5.0,3.0,3.0,5.0,4.0,3.0,2.0,5.0,2.0,13.0,2.0,2.0,74.0,12.0,4.0,13.0,0.0,7.0,8.0,10.0,4.0,2.0,4.0,5.0,0.0,5.0,1.0,3.0
4230,202211,1,2.0,2.0,2.0,1.0,0.0,2.0,8.0,2.0,5.0,1.0,0.0,0.0,0.0,1.0,1.0,2.0,2.0,2.0,1.0,3.0,1.0,1.0,0.0,1.0,3.0,0.0,2.0,1.0,3.0,1.0,2.0,0.0,1.0,2.0
4231,202211,2,1.0,5.0,0.0,3.0,0.0,5.0,2.0,4.0,3.0,0.0,5.0,2.0,5.0,1.0,4.0,3.0,1.0,3.0,0.0,9.0,2.0,6.0,2.0,3.0,8.0,0.0,2.0,0.0,1.0,4.0,0.0,1.0,3.0,3.0
4232,202211,3,1.0,2.0,4.0,4.0,0.0,2.0,2.0,2.0,1.0,1.0,2.0,1.0,0.0,22.0,3.0,4.0,3.0,2.0,2.0,2.0,0.0,1.0,2.0,4.0,5.0,3.0,1.0,0.0,2.0,0.0,1.0,0.0,2.0,2.0
4233,202211,4,5.0,235.0,15.0,7.0,9.0,32.0,8.0,4.0,3.0,38.0,39.0,23.0,13.0,25.0,12.0,19.0,3.0,17.0,10.0,13.0,13.0,6.0,1.0,26.0,19.0,22.0,14.0,2.0,19.0,5.0,7.0,3.0,3.0,128.0
4234,202211,5,10.0,28.0,19.0,33.0,4.0,24.0,12.0,3.0,0.0,14.0,9.0,13.0,17.0,15.0,331.0,34.0,8.0,9.0,29.0,13.0,8.0,8.0,10.0,28.0,24.0,29.0,15.0,7.0,9.0,5.0,4.0,2.0,12.0,11.0
4235,202211,6,3.0,2.0,2.0,13.0,2.0,4.0,1.0,1.0,5.0,2.0,2.0,3.0,3.0,3.0,18.0,7.0,0.0,1.0,2.0,6.0,1.0,2.0,0.0,6.0,6.0,1.0,4.0,3.0,2.0,2.0,2.0,0.0,1.0,0.0
4236,202211,7,3.0,2.0,2.0,1.0,0.0,0.0,22.0,2.0,13.0,0.0,0.0,0.0,0.0,1.0,2.0,3.0,0.0,2.0,0.0,2.0,2.0,5.0,0.0,1.0,1.0,1.0,2.0,0.0,1.0,2.0,1.0,6.0,0.0,0.0
4237,202211,8,2.0,4.0,4.0,0.0,0.0,1.0,2.0,2.0,0.0,3.0,2.0,0.0,0.0,3.0,2.0,5.0,1.0,1.0,0.0,26.0,6.0,27.0,2.0,1.0,4.0,3.0,3.0,0.0,0.0,2.0,1.0,2.0,0.0,4.0
4238,202211,9,25.0,25.0,11.0,13.0,3.0,49.0,8.0,16.0,0.0,18.0,21.0,38.0,38.0,34.0,21.0,20.0,32.0,13.0,13.0,13.0,5.0,8.0,9.0,14.0,16.0,7.0,186.0,22.0,8.0,4.0,91.0,6.0,21.0,21.0
4239,202211,10,27.0,23.0,8.0,65.0,41.0,50.0,4.0,24.0,5.0,20.0,25.0,35.0,38.0,29.0,29.0,36.0,31.0,10.0,16.0,12.0,8.0,5.0,10.0,14.0,32.0,9.0,482.0,18.0,16.0,3.0,46.0,6.0,15.0,19.0
4240,202211,11,34.0,48.0,3.0,14.0,6.0,19.0,7.0,7.0,0.0,19.0,6.0,10.0,6.0,2.0,10.0,20.0,4.0,6.0,3.0,7.0,1.0,4.0,0.0,8.0,18.0,14.0,108.0,3.0,9.0,2.0,6.0,1.0,1.0,55.0
4241,202211,12,0.0,3.0,5.0,0.0,0.0,3.0,1.0,0.0,2.0,1.0,1.0,3.0,1.0,4.0,1.0,2.0,3.0,2.0,0.0,1.0,2.0,0.0,0.0,2.0,1.0,1.0,2.0,0.0,0.0,1.0,2.0,2.0,0.0,6.0
4242,202211,13,1.0,1.0,1.0,0.0,0.0,2.0,2.0,1.0,0.0,0.0,0.0,1.0,0.0,0.0,1.0,2.0,1.0,1.0,1.0,3.0,1.0,3.0,0.0,3.0,4.0,1.0,4.0,0.0,2.0,0.0,1.0,0.0,0.0,0.0
4243,202211,14,0.0,2.0,0.0,0.0,1.0,1.0,2.0,0.0,0.0,2.0,4.0,0.0,0.0,1.0,1.0,0.0,3.0,4.0,0.0,2.0,0.0,2.0,1.0,1.0,1.0,1.0,0.0,0.0,0.0,2.0,1.0,1.0,0.0,0.0
4244,202211,15,0.0,4.0,1.0,3.0,0.0,3.0,4.0,2.0,5.0,1.0,4.0,0.0,4.0,1.0,3.0,1.0,0.0,1.0,2.0,0.0,3.0,4.0,1.0,1.0,1.0,0.0,1.0,0.0,0.0,1.0,2.0,1.0,0.0,1.0
4245,202211,16,2.0,1.0,2.0,1.0,2.0,7.0,3.0,4.0,6.0,0.0,2.0,2.0,0.0,2.0,3.0,4.0,1.0,1.0,0.0,2.0,1.0,3.0,4.0,8.0,5.0,4.0,2.0,0.0,1.0,0.0,2.0,6.0,1.0,3.0
4246,202211,17,3.0,4.0,5.0,4.0,2.0,4.0,2.0,3.0,2.0,3.0,0.0,4.0,2.0,20.0,8.0,9.0,0.0,2.0,5.0,6.0,2.0,8.0,5.0,5.0,2.0,3.0,2.0,1.0,5.0,2.0,4.0,5.0,4.0,2.0
4247,202211,18,6.0,7.0,4.0,4.0,6.0,12.0,3.0,5.0,1.0,5.0,4.0,3.0,2.0,9.0,10.0,71.0,1.0,0.0,7.0,2.0,2.0,4.0,0.0,6.0,3.0,2.0,7.0,5.0,4.0,1.0,1.0,0.0,8.0,4.0
4248,202211,19,3.0,7.0,1.0,8.0,5.0,5.0,3.0,9.0,0.0,3.0,2.0,3.0,2.0,4.0,17.0,52.0,2.0,3.0,27.0,4.0,0.0,4.0,1.0,2.0,3.0,3.0,6.0,6.0,3.0,0.0,4.0,2.0,10.0,1.0
4249,202211,20,1.0,1.0,2.0,4.0,0.0,4.0,6.0,2.0,0.0,2.0,2.0,1.0,1.0,1.0,7.0,18.0,0.0,0.0,7.0,3.0,0.0,5.0,1.0,3.0,1.0,2.0,1.0,1.0,3.0,1.0,1.0,2.0,1.0,7.0
4250,202211,21,4.0,3.0,2.0,0.0,0.0,3.0,8.0,1.0,10.0,0.0,4.0,1.0,1.0,0.0,2.0,1.0,2.0,1.0,1.0,5.0,2.0,1.0,1.0,1.0,7.0,0.0,2.0,0.0,1.0,0.0,0.0,0.0,0.0,2.0
4251,202211,22,1.0,2.0,4.0,0.0,0.0,0.0,10.0,2.0,4.0,1.0,1.0,3.0,0.0,4.0,0.0,3.0,2.0,1.0,2.0,5.0,2.0,4.0,3.0,4.0,5.0,1.0,1.0,1.0,2.0,2.0,2.0,0.0,0.0,0.0
4252,202211,23,2.0,3.0,1.0,0.0,0.0,2.0,10.0,1.0,8.0,1.0,3.0,1.0,0.0,4.0,3.0,3.0,1.0,2.0,0.0,6.0,2.0,0.0,3.0,2.0,7.0,2.0,1.0,0.0,2.0,0.0,2.0,0.0,1.0,0.0
4253,202211,24,1.0,4.0,0.0,0.0,1.0,1.0,0.0,0.0,0.0,0.0,0.0,0.0,2.0,0.0,0.0,1.0,0.0,1.0,0.0,1.0,1.0,2.0,0.0,4.0,3.0,0.0,3.0,0.0,0.0,0.0,0.0,0.0,0.0,1.0
4254,202211,25,1.0,10.0,1.0,0.0,0.0,6.0,6.0,0.0,1.0,1.0,4.0,0.0,0.0,2.0,2.0,1.0,0.0,1.0,1.0,4.0,2.0,2.0,0.0,8.0,8.0,1.0,0.0,0.0,0.0,1.0,0.0,2.0,1.0,0.0
4255,202211,26,0.0,7.0,0.0,1.0,4.0,2.0,1.0,0.0,1.0,1.0,4.0,0.0,1.0,6.0,0.0,0.0,0.0,1.0,2.0,1.0,2.0,1.0,1.0,6.0,6.0,2.0,3.0,0.0,0.0,2.0,0.0,2.0,0.0,0.0
4256,202211,27,8.0,1.0,3.0,2.0,1.0,14.0,3.0,3.0,2.0,32.0,1.0,3.0,8.0,7.0,1.0,6.0,2.0,0.0,2.0,2.0,2.0,2.0,1.0,11.0,7.0,5.0,7.0,0.0,4.0,0.0,3.0,1.0,2.0,2.0
4257,202211,28,1.0,2.0,0.0,0.0,1.0,0.0,4.0,1.0,2.0,1.0,2.0,2.0,1.0,5.0,1.0,8.0,3.0,1.0,0.0,1.0,0.0,1.0,1.0,5.0,5.0,1.0,4.0,0.0,0.0,1.0,1.0,14.0,0.0,1.0
4258,202211,29,7.0,11.0,14.0,127.0,5.0,4.0,130.0,0.0,8.0,3.0,3.0,2.0,3.0,33.0,10.0,11.0,2.0,4.0,6.0,19.0,8.0,18.0,16.0,11.0,6.0,6.0,5.0,3.0,2.0,6.0,1.0,4.0,1.0,5.0
4259,202211,30,44.0,3.0,6.0,12.0,2.0,41.0,57.0,6.0,14.0,37.0,4.0,14.0,15.0,5.0,9.0,23.0,4.0,6.0,3.0,15.0,1.0,21.0,6.0,11.0,28.0,7.0,14.0,3.0,5.0,4.0,5.0,1.0,2.0,78.0
4260,202212,1,5.0,8.0,3.0,2.0,2.0,3.0,99.0,4.0,13.0,1.0,4.0,0.0,4.0,9.0,6.0,9.0,4.0,4.0,2.0,19.0,7.0,18.0,12.0,4.0,14.0,7.0,5.0,3.0,4.0,3.0,7.0,7.0,8.0,6.0
4261,202212,2,2.0,8.0,2.0,2.0,0.0,4.0,39.0,0.0,9.0,0.0,2.0,5.0,2.0,13.0,4.0,5.0,0.0,2.0,0.0,10.0,5.0,14.0,6.0,8.0,8.0,3.0,1.0,0.0,0.0,0.0,2.0,0.0,2.0,0.0
4262,202212,3,3.0,5.0,6.0,4.0,2.0,3.0,33.0,3.0,7.0,2.0,7.0,2.0,4.0,2.0,2.0,1.0,2.0,2.0,1.0,6.0,4.0,11.0,2.0,4.0,5.0,2.0,3.0,0.0,0.0,1.0,1.0,2.0,0.0,0.0
4263,202212,4,1.0,13.0,4.0,1.0,1.0,4.0,7.0,4.0,8.0,0.0,7.0,1.0,5.0,4.0,1.0,2.0,0.0,0.0,2.0,8.0,3.0,6.0,1.0,5.0,5.0,0.0,6.0,3.0,0.0,3.0,2.0,1.0,0.0,1.0
4264,202212,5,1.0,6.0,5.0,2.0,3.0,3.0,4.0,1.0,3.0,2.0,4.0,3.0,4.0,3.0,3.0,1.0,2.0,1.0,1.0,4.0,3.0,4.0,0.0,3.0,6.0,0.0,2.0,1.0,0.0,1.0,0.0,7.0,2.0,0.0
4265,202212,6,4.0,3.0,1.0,0.0,3.0,13.0,1.0,1.0,8.0,20.0,3.0,4.0,10.0,18.0,6.0,3.0,1.0,2.0,0.0,6.0,5.0,6.0,6.0,10.0,13.0,0.0,3.0,2.0,4.0,2.0,2.0,2.0,1.0,1.0
4266,202212,7,0.0,17.0,2.0,1.0,5.0,5.0,4.0,1.0,2.0,1.0,5.0,3.0,2.0,6.0,3.0,7.0,1.0,3.0,1.0,2.0,1.0,1.0,4.0,5.0,11.0,3.0,1.0,1.0,2.0,0.0,0.0,1.0,4.0,1.0
4267,202212,8,0.0,12.0,0.0,2.0,5.0,2.0,12.0,2.0,3.0,2.0,11.0,1.0,3.0,10.0,1.0,1.0,2.0,3.0,3.0,2.0,1.0,4.0,5.0,11.0,10.0,4.0,4.0,0.0,2.0,2.0,1.0,8.0,1.0,0.0
4268,202212,9,0.0,7.0,2.0,6.0,3.0,3.0,7.0,2.0,0.0,1.0,7.0,0.0,3.0,3.0,8.0,5.0,0.0,0.0,0.0,3.0,0.0,0.0,5.0,10.0,14.0,3.0,4.0,0.0,1.0,0.0,1.0,2.0,1.0,1.0
4269,202212,10,0.0,28.0,5.0,5.0,1.0,0.0,4.0,1.0,11.0,0.0,3.0,1.0,4.0,2.0,2.0,4.0,1.0,2.0,0.0,4.0,1.0,7.0,1.0,6.0,4.0,0.0,2.0,0.0,2.0,1.0,0.0,3.0,0.0,0.0
4270,202212,11,8.0,7.0,6.0,4.0,0.0,24.0,30.0,4.0,12.0,1.0,2.0,3.0,0.0,3.0,2.0,10.0,1.0,1.0,3.0,12.0,14.0,15.0,18.0,4.0,4.0,2.0,2.0,0.0,5.0,7.0,5.0,3.0,1.0,13.0
4271,202212,12,3.0,9.0,7.0,18.0,1.0,21.0,17.0,4.0,6.0,2.0,1.0,2.0,3.0,19.0,4.0,4.0,0.0,2.0,1.0,3.0,2.0,7.0,6.0,4.0,8.0,4.0,5.0,1.0,3.0,1.0,0.0,2.0,3.0,8.0
4272,202212,13,1.0,100.0,13.0,87.0,3.0,1.0,8.0,4.0,2.0,3.0,10.0,3.0,6.0,98.0,21.0,5.0,2.0,11.0,3.0,13.0,7.0,18.0,17.0,8.0,18.0,7.0,4.0,0.0,6.0,7.0,1.0,0.0,3.0,2.0
4273,202212,14,1.0,3.0,0.0,39.0,4.0,4.0,7.0,3.0,10.0,3.0,8.0,1.0,3.0,21.0,8.0,5.0,0.0,2.0,0.0,6.0,1.0,6.0,8.0,10.0,10.0,4.0,6.0,0.0,1.0,2.0,1.0,1.0,2.0,3.0
4274,202212,15,6.0,6.0,9.0,71.0,4.0,7.0,16.0,8.0,3.0,4.0,4.0,5.0,2.0,27.0,12.0,13.0,2.0,0.0,1.0,3.0,1.0,1.0,10.0,11.0,16.0,5.0,7.0,7.0,6.0,0.0,0.0,2.0,1.0,2.0
4275,202212,16,6.0,16.0,6.0,26.0,4.0,37.0,14.0,7.0,3.0,7.0,2.0,15.0,4.0,16.0,8.0,21.0,5.0,2.0,9.0,10.0,5.0,9.0,8.0,6.0,17.0,5.0,17.0,3.0,8.0,3.0,7.0,2.0,2.0,59.0
4276,202212,17,2.0,6.0,6.0,5.0,1.0,9.0,15.0,6.0,3.0,3.0,2.0,2.0,5.0,3.0,10.0,9.0,5.0,0.0,7.0,5.0,5.0,10.0,6.0,6.0,15.0,1.0,7.0,0.0,6.0,1.0,5.0,0.0,4.0,0.0
4277,202212,18,4.0,4.0,10.0,3.0,2.0,7.0,16.0,5.0,3.0,3.0,5.0,4.0,8.0,5.0,11.0,5.0,0.0,4.0,0.0,13.0,2.0,10.0,1.0,10.0,11.0,2.0,5.0,1.0,1.0,1.0,3.0,16.0,0.0,3.0
4278,202212,19,2.0,13.0,7.0,4.0,1.0,4.0,18.0,2.0,2.0,0.0,6.0,12.0,1.0,10.0,1.0,3.0,4.0,6.0,0.0,15.0,5.0,16.0,1.0,7.0,11.0,4.0,7.0,0.0,2.0,8.0,1.0,53.0,0.0,2.0
4279,202212,20,6.0,10.0,7.0,5.0,5.0,4.0,123.0,6.0,5.0,1.0,3.0,5.0,6.0,7.0,12.0,4.0,5.0,6.0,0.0,22.0,4.0,19.0,14.0,6.0,11.0,6.0,7.0,3.0,4.0,9.0,4.0,58.0,3.0,4.0
4280,202212,21,6.0,26.0,27.0,66.0,4.0,3.0,45.0,7.0,7.0,2.0,9.0,4.0,13.0,166.0,16.0,7.0,2.0,7.0,6.0,30.0,11.0,21.0,39.0,15.0,11.0,15.0,12.0,1.0,1.0,5.0,3.0,21.0,3.0,6.0
4281,202212,22,23.0,159.0,76.0,164.0,28.0,45.0,91.0,21.0,7.0,43.0,60.0,54.0,79.0,406.0,311.0,77.0,24.0,44.0,151.0,92.0,57.0,90.0,61.0,101.0,71.0,163.0,66.0,31.0,22.0,43.0,36.0,13.0,22.0,45.0
4282,202212,23,97.0,193.0,127.0,219.0,55.0,218.0,606.0,71.0,68.0,165.0,100.0,143.0,114.0,313.0,396.0,444.0,64.0,66.0,263.0,158.0,114.0,248.0,94.0,208.0,405.0,158.0,133.0,80.0,76.0,120.0,85.0,30.0,94.0,208.0
4283,202212,24,92.0,85.0,113.0,127.0,72.0,130.0,216.0,36.0,22.0,49.0,97.0,31.0,137.0,154.0,130.0,247.0,68.0,67.0,139.0,164.0,112.0,161.0,89.0,125.0,219.0,110.0,155.0,77.0,44.0,61.0,92.0,42.0,55.0,30.0
4284,202212,25,75.0,119.0,130.0,88.0,53.0,64.0,126.0,24.0,9.0,41.0,135.0,15.0,141.0,199.0,69.0,140.0,58.0,91.0,112.0,195.0,150.0,257.0,69.0,88.0,73.0,96.0,121.0,82.0,31.0,99.0,74.0,35.0,47.0,48.0
4285,202212,26,27.0,208.0,201.0,78.0,79.0,88.0,136.0,30.0,14.0,61.0,199.0,23.0,128.0,260.0,71.0,138.0,61.0,141.0,164.0,260.0,188.0,321.0,86.0,136.0,92.0,149.0,162.0,143.0,43.0,113.0,83.0,48.0,35.0,47.0
4286,202212,27,15.0,156.0,164.0,52.0,65.0,84.0,92.0,31.0,15.0,50.0,154.0,15.0,78.0,209.0,59.0,108.0,47.0,114.0,127.0,228.0,127.0,295.0,64.0,135.0,87.0,129.0,115.0,111.0,30.0,106.0,65.0,42.0,13.0,39.0
4287,202212,28,6.0,150.0,152.0,52.0,63.0,70.0,69.0,23.0,3.0,46.0,148.0,15.0,65.0,284.0,51.0,94.0,41.0,106.0,119.0,213.0,113.0,259.0,49.0,126.0,76.0,122.0,95.0,103.0,24.0,95.0,65.0,13.0,7.0,32.0
4288,202212,29,1.0,130.0,140.0,46.0,58.0,57.0,58.0,14.0,4.0,44.0,128.0,12.0,55.0,172.0,45.0,64.0,37.0,97.0,110.0,205.0,101.0,249.0,47.0,116.0,65.0,105.0,88.0,89.0,22.0,92.0,59.0,1.0,1.0,32.0
4289,202212,30,1.0,8.0,6.0,3.0,5.0,5.0,15.0,5.0,5.0,3.0,4.0,0.0,1.0,6.0,5.0,10.0,2.0,5.0,2.0,11.0,5.0,25.0,5.0,2.0,9.0,0.0,3.0,0.0,1.0,5.0,5.0,1.0,2.0,0.0
4290,202212,31,11.0,5.0,10.0,5.0,2.0,5.0,10.0,8.0,4.0,0.0,3.0,4.0,5.0,6.0,3.0,2.0,1.0,1.0,0.0,7.0,21.0,34.0,6.0,4.0,1.0,3.0,10.0,1.0,5.0,4.0,10.0,5.0,2.0,5.0
4291,202301,1,3.0,6.0,13.0,2.0,8.0,9.0,8.0,6.0,2.0,1.0,32.0,5.0,12.0,28.0,5.0,8.0,12.0,6.0,1.0,19.0,27.0,13.0,6.0,3.0,5.0,4.0,16.0,1.0,1.0,8.0,13.0,5.0,1.0,3.0
4292,202301,2,16.0,35.0,22.0,26.0,30.0,17.0,15.0,15.0,1.0,2.0,33.0,24.0,17.0,206.0,25.0,11.0,28.0,13.0,11.0,27.0,15.0,48.0,25.0,19.0,17.0,21.0,56.0,7.0,2.0,10.0,41.0,7.0,7.0,6.0
4293,202301,3,7.0,18.0,22.0,222.0,7.0,7.0,15.0,6.0,2.0,6.0,12.0,11.0,25.0,55.0,43.0,24.0,7.0,5.0,58.0,28.0,8.0,39.0,17.0,13.0,29.0,16.0,12.0,4.0,9.0,10.0,6.0,7.0,5.0,4.0
4294,202301,4,11.0,27.0,20.0,70.0,40.0,15.0,24.0,8.0,2.0,14.0,15.0,57.0,45.0,17.0,27.0,22.0,60.0,12.0,20.0,48.0,25.0,73.0,12.0,13.0,28.0,8.0,71.0,11.0,9.0,19.0,43.0,3.0,2.0,8.0
4295,202301,5,6.0,4.0,5.0,4.0,11.0,7.0,9.0,5.0,1.0,3.0,1.0,8.0,3.0,10.0,5.0,8.0,5.0,5.0,2.0,29.0,12.0,25.0,10.0,6.0,7.0,1.0,8.0,4.0,2.0,6.0,15.0,5.0,1.0,4.0
4296,202301,6,1.0,4.0,4.0,3.0,0.0,1.0,8.0,4.0,0.0,1.0,1.0,1.0,2.0,21.0,3.0,4.0,1.0,1.0,0.0,7.0,1.0,8.0,25.0,5.0,1.0,3.0,3.0,0.0,1.0,5.0,1.0,1.0,0.0,0.0
4297,202301,7,1.0,1.0,3.0,0.0,1.0,1.0,10.0,1.0,3.0,0.0,2.0,1.0,1.0,10.0,0.0,4.0,0.0,1.0,0.0,3.0,0.0,3.0,4.0,0.0,2.0,1.0,2.0,1.0,1.0,2.0,1.0,2.0,0.0,0.0
4298,202301,8,0.0,2.0,4.0,0.0,0.0,2.0,10.0,0.0,8.0,0.0,0.0,2.0,0.0,4.0,2.0,0.0,0.0,1.0,0.0,7.0,2.0,30.0,6.0,2.0,1.0,1.0,0.0,0.0,1.0,5.0,1.0,3.0,0.0,0.0
4299,202301,9,1.0,3.0,6.0,0.0,1.0,5.0,13.0,3.0,5.0,3.0,1.0,4.0,2.0,6.0,3.0,2.0,0.0,0.0,1.0,32.0,3.0,13.0,8.0,2.0,2.0,1.0,4.0,0.0,3.0,2.0,0.0,4.0,0.0,14.0
4300,202301,10,3.0,5.0,11.0,10.0,0.0,2.0,12.0,1.0,6.0,1.0,6.0,2.0,0.0,6.0,9.0,3.0,0.0,3.0,0.0,55.0,19.0,31.0,2.0,3.0,6.0,2.0,0.0,2.0,0.0,3.0,3.0,13.0,0.0,2.0
4301,202301,11,41.0,59.0,45.0,22.0,22.0,66.0,12.0,33.0,3.0,98.0,47.0,89.0,43.0,47.0,65.0,32.0,19.0,27.0,38.0,44.0,31.0,53.0,15.0,40.0,47.0,33.0,40.0,23.0,25.0,19.0,21.0,8.0,10.0,78.0
4302,202301,12,6.0,4.0,3.0,4.0,0.0,3.0,9.0,3.0,2.0,3.0,3.0,11.0,24.0,5.0,1.0,8.0,2.0,2.0,0.0,9.0,0.0,5.0,6.0,5.0,17.0,3.0,5.0,2.0,5.0,1.0,5.0,13.0,0.0,5.0
4303,202301,13,1.0,4.0,2.0,4.0,0.0,13.0,2.0,6.0,0.0,1.0,2.0,2.0,6.0,3.0,5.0,13.0,2.0,2.0,2.0,10.0,2.0,11.0,0.0,2.0,3.0,1.0,3.0,1.0,3.0,2.0,3.0,2.0,0.0,2.0
4304,202301,14,0.0,0.0,0.0,0.0,0.0,1.0,4.0,0.0,2.0,0.0,1.0,0.0,1.0,2.0,2.0,5.0,0.0,1.0,0.0,6.0,0.0,5.0,0.0,3.0,2.0,0.0,1.0,0.0,2.0,0.0,0.0,5.0,1.0,0.0
4305,202301,15,2.0,1.0,3.0,4.0,0.0,4.0,1.0,2.0,1.0,3.0,0.0,2.0,0.0,10.0,1.0,3.0,1.0,2.0,0.0,4.0,2.0,2.0,2.0,4.0,3.0,2.0,1.0,1.0,2.0,1.0,2.0,2.0,1.0,3.0
4306,202301,16,9.0,0.0,11.0,13.0,0.0,51.0,2.0,6.0,0.0,7.0,1.0,3.0,0.0,6.0,3.0,5.0,1.0,0.0,1.0,3.0,4.0,9.0,8.0,0.0,5.0,1.0,5.0,3.0,2.0,3.0,3.0,2.0,4.0,8.0
4307,202301,17,1.0,9.0,11.0,10.0,2.0,7.0,7.0,2.0,3.0,2.0,7.0,3.0,6.0,100.0,9.0,7.0,3.0,5.0,4.0,19.0,8.0,15.0,15.0,4.0,15.0,13.0,9.0,1.0,2.0,5.0,0.0,3.0,1.0,5.0
4308,202301,18,0.0,15.0,17.0,36.0,7.0,5.0,8.0,4.0,3.0,6.0,13.0,3.0,6.0,239.0,16.0,6.0,1.0,8.0,7.0,15.0,10.0,17.0,14.0,14.0,14.0,13.0,4.0,5.0,1.0,3.0,0.0,6.0,0.0,5.0
4309,202301,19,11.0,5.0,1.0,27.0,4.0,6.0,3.0,6.0,3.0,6.0,8.0,8.0,1.0,9.0,4.0,5.0,1.0,4.0,20.0,5.0,3.0,5.0,3.0,4.0,9.0,6.0,2.0,7.0,15.0,2.0,0.0,0.0,3.0,2.0
4310,202301,20,0.0,1.0,0.0,2.0,1.0,18.0,1.0,3.0,7.0,1.0,0.0,0.0,0.0,7.0,1.0,5.0,0.0,0.0,0.0,2.0,1.0,3.0,7.0,3.0,1.0,0.0,2.0,0.0,6.0,1.0,3.0,0.0,5.0,0.0
4311,202301,21,0.0,1.0,0.0,1.0,1.0,0.0,3.0,0.0,5.0,0.0,3.0,0.0,1.0,2.0,1.0,0.0,0.0,1.0,0.0,2.0,0.0,2.0,1.0,2.0,0.0,2.0,2.0,0.0,1.0,1.0,1.0,1.0,1.0,0.0
4312,202301,22,1.0,3.0,3.0,3.0,1.0,5.0,3.0,5.0,4.0,3.0,0.0,3.0,16.0,5.0,12.0,5.0,0.0,1.0,0.0,1.0,3.0,3.0,3.0,6.0,8.0,2.0,4.0,1.0,6.0,1.0,1.0,2.0,1.0,0.0
4313,202301,23,8.0,7.0,2.0,3.0,1.0,70.0,5.0,2.0,3.0,14.0,2.0,5.0,3.0,2.0,10.0,29.0,1.0,0.0,3.0,3.0,1.0,3.0,1.0,3.0,5.0,5.0,7.0,8.0,11.0,0.0,3.0,3.0,6.0,61.0
4314,202301,24,3.0,41.0,10.0,5.0,5.0,6.0,4.0,1.0,3.0,8.0,80.0,7.0,6.0,10.0,12.0,5.0,1.0,8.0,2.0,7.0,3.0,4.0,3.0,17.0,5.0,11.0,8.0,0.0,2.0,3.0,1.0,2.0,0.0,5.0
4315,202301,25,13.0,18.0,13.0,18.0,5.0,25.0,9.0,13.0,7.0,28.0,18.0,14.0,9.0,16.0,59.0,58.0,5.0,6.0,76.0,12.0,4.0,8.0,4.0,30.0,77.0,40.0,13.0,8.0,25.0,1.0,4.0,3.0,23.0,35.0
4316,202301,26,5.0,4.0,7.0,4.0,2.0,19.0,8.0,7.0,4.0,3.0,5.0,5.0,4.0,7.0,4.0,8.0,4.0,4.0,8.0,38.0,3.0,14.0,8.0,8.0,37.0,2.0,6.0,0.0,6.0,1.0,4.0,9.0,2.0,4.0
4317,202301,27,1.0,2.0,1.0,7.0,4.0,1.0,1.0,1.0,2.0,2.0,4.0,1.0,3.0,30.0,14.0,5.0,0.0,2.0,14.0,4.0,1.0,4.0,7.0,1.0,6.0,2.0,4.0,1.0,3.0,1.0,2.0,12.0,0.0,3.0
4318,202301,28,3.0,2.0,3.0,7.0,3.0,7.0,3.0,4.0,1.0,2.0,3.0,2.0,4.0,53.0,41.0,9.0,4.0,3.0,39.0,3.0,1.0,7.0,1.0,3.0,5.0,10.0,7.0,1.0,1.0,2.0,3.0,1.0,0.0,1.0
4319,202301,29,0.0,11.0,5.0,4.0,4.0,5.0,7.0,2.0,1.0,3.0,9.0,0.0,5.0,64.0,17.0,4.0,1.0,3.0,6.0,9.0,2.0,11.0,6.0,10.0,6.0,6.0,4.0,1.0,1.0,3.0,1.0,1.0,0.0,3.0
4320,202301,30,8.0,314.0,54.0,25.0,8.0,10.0,21.0,7.0,2.0,13.0,59.0,16.0,32.0,154.0,28.0,14.0,11.0,55.0,20.0,53.0,76.0,51.0,14.0,39.0,18.0,48.0,21.0,5.0,3.0,22.0,10.0,10.0,2.0,13.0
4321,202301,31,17.0,737.0,67.0,27.0,26.0,16.0,19.0,7.0,3.0,20.0,100.0,29.0,41.0,75.0,56.0,24.0,16.0,157.0,25.0,60.0,29.0,46.0,20.0,203.0,45.0,61.0,36.0,16.0,21.0,22.0,16.0,2.0,7.0,30.0
4322,202302,1,17.0,892.0,109.0,35.0,33.0,23.0,26.0,12.0,2.0,32.0,111.0,32.0,52.0,57.0,55.0,34.0,25.0,222.0,35.0,86.0,41.0,64.0,25.0,224.0,49.0,68.0,43.0,12.0,20.0,27.0,16.0,3.0,10.0,31.0
4323,202302,2,11.0,318.0,21.0,15.0,10.0,14.0,11.0,7.0,2.0,16.0,33.0,27.0,16.0,19.0,20.0,14.0,8.0,66.0,6.0,27.0,8.0,15.0,10.0,138.0,25.0,18.0,14.0,4.0,5.0,8.0,7.0,6.0,5.0,13.0
4324,202302,3,25.0,12.0,6.0,4.0,4.0,36.0,4.0,3.0,1.0,14.0,7.0,1.0,4.0,1.0,9.0,14.0,4.0,2.0,20.0,6.0,2.0,3.0,2.0,24.0,11.0,6.0,6.0,10.0,3.0,1.0,3.0,2.0,6.0,14.0
4325,202302,4,7.0,5.0,5.0,2.0,3.0,57.0,0.0,5.0,1.0,11.0,1.0,0.0,1.0,6.0,4.0,9.0,4.0,2.0,2.0,5.0,2.0,5.0,1.0,7.0,12.0,0.0,8.0,2.0,3.0,1.0,4.0,9.0,2.0,4.0
4326,202302,5,4.0,2.0,3.0,2.0,1.0,13.0,2.0,3.0,1.0,0.0,0.0,3.0,0.0,3.0,0.0,1.0,7.0,1.0,1.0,4.0,2.0,3.0,3.0,5.0,2.0,1.0,7.0,2.0,1.0,1.0,2.0,1.0,0.0,2.0
4327,202302,6,2.0,2.0,0.0,2.0,1.0,4.0,0.0,3.0,6.0,3.0,2.0,0.0,1.0,6.0,1.0,5.0,2.0,1.0,1.0,4.0,1.0,1.0,5.0,2.0,3.0,3.0,2.0,0.0,2.0,0.0,4.0,9.0,0.0,5.0
4328,202302,7,0.0,1.0,3.0,2.0,0.0,3.0,3.0,2.0,2.0,1.0,2.0,0.0,0.0,0.0,2.0,1.0,1.0,1.0,1.0,3.0,0.0,4.0,1.0,5.0,4.0,2.0,0.0,0.0,2.0,0.0,0.0,6.0,2.0,0.0
4329,202302,8,1.0,7.0,3.0,1.0,0.0,1.0,6.0,0.0,0.0,0.0,11.0,3.0,0.0,1.0,3.0,2.0,1.0,2.0,1.0,0.0,0.0,4.0,1.0,9.0,2.0,0.0,1.0,0.0,2.0,0.0,0.0,2.0,1.0,3.0
4330,202302,9,0.0,5.0,2.0,4.0,0.0,2.0,7.0,2.0,3.0,1.0,3.0,3.0,0.0,6.0,5.0,4.0,3.0,1.0,3.0,4.0,5.0,4.0,1.0,2.0,3.0,7.0,0.0,0.0,2.0,0.0,1.0,4.0,1.0,0.0
4331,202302,10,0.0,2.0,2.0,4.0,1.0,1.0,3.0,1.0,3.0,0.0,3.0,0.0,3.0,3.0,0.0,4.0,4.0,1.0,1.0,1.0,1.0,4.0,4.0,3.0,3.0,0.0,3.0,0.0,2.0,1.0,1.0,0.0,1.0,1.0
4332,202302,11,2.0,0.0,1.0,1.0,0.0,1.0,3.0,2.0,5.0,1.0,2.0,0.0,0.0,0.0,2.0,0.0,2.0,0.0,1.0,0.0,0.0,0.0,1.0,2.0,0.0,1.0,1.0,0.0,1.0,0.0,0.0,6.0,0.0,0.0
4333,202302,12,1.0,1.0,0.0,0.0,0.0,4.0,0.0,1.0,2.0,3.0,1.0,0.0,4.0,3.0,0.0,0.0,2.0,0.0,0.0,1.0,0.0,1.0,1.0,3.0,1.0,0.0,3.0,0.0,2.0,2.0,1.0,1.0,0.0,0.0
4334,202302,13,0.0,0.0,2.0,0.0,1.0,3.0,20.0,1.0,1.0,1.0,2.0,1.0,1.0,6.0,2.0,6.0,1.0,0.0,2.0,4.0,2.0,5.0,2.0,0.0,4.0,0.0,0.0,0.0,2.0,1.0,0.0,11.0,0.0,1.0
4335,202302,14,4.0,11.0,18.0,6.0,1.0,5.0,12.0,0.0,3.0,2.0,4.0,1.0,2.0,46.0,3.0,0.0,0.0,1.0,0.0,21.0,40.0,19.0,10.0,2.0,5.0,4.0,0.0,0.0,2.0,10.0,0.0,6.0,0.0,2.0
4336,202302,15,0.0,15.0,20.0,15.0,2.0,1.0,4.0,0.0,1.0,3.0,8.0,2.0,5.0,171.0,26.0,6.0,1.0,7.0,8.0,8.0,7.0,17.0,9.0,11.0,7.0,7.0,5.0,2.0,4.0,0.0,1.0,0.0,0.0,3.0
4337,202302,16,7.0,18.0,9.0,30.0,6.0,10.0,3.0,2.0,1.0,8.0,6.0,7.0,8.0,16.0,185.0,18.0,4.0,5.0,68.0,9.0,7.0,2.0,6.0,20.0,18.0,25.0,7.0,7.0,8.0,2.0,3.0,3.0,1.0,10.0
4338,202302,17,6.0,12.0,12.0,7.0,4.0,15.0,6.0,5.0,2.0,12.0,47.0,3.0,4.0,6.0,17.0,14.0,7.0,6.0,11.0,8.0,3.0,4.0,0.0,6.0,11.0,6.0,4.0,1.0,7.0,2.0,6.0,3.0,0.0,14.0
4339,202302,18,1.0,1.0,1.0,3.0,1.0,1.0,0.0,1.0,2.0,0.0,0.0,1.0,1.0,6.0,3.0,1.0,0.0,0.0,0.0,1.0,2.0,1.0,1.0,1.0,0.0,1.0,1.0,1.0,1.0,0.0,2.0,8.0,0.0,0.0
4340,202302,19,1.0,1.0,1.0,1.0,0.0,3.0,2.0,0.0,0.0,2.0,1.0,1.0,3.0,8.0,2.0,0.0,0.0,0.0,1.0,5.0,6.0,7.0,2.0,1.0,1.0,3.0,0.0,0.0,0.0,2.0,0.0,4.0,0.0,0.0
4341,202302,20,2.0,4.0,3.0,9.0,0.0,2.0,4.0,1.0,0.0,1.0,0.0,0.0,0.0,9.0,2.0,3.0,0.0,0.0,0.0,3.0,0.0,1.0,2.0,0.0,2.0,3.0,2.0,0.0,2.0,0.0,1.0,1.0,3.0,2.0
4342,202302,21,2.0,9.0,6.0,80.0,1.0,1.0,9.0,0.0,7.0,1.0,1.0,0.0,0.0,29.0,15.0,6.0,0.0,4.0,9.0,17.0,12.0,15.0,55.0,5.0,7.0,6.0,2.0,0.0,2.0,6.0,0.0,2.0,2.0,0.0
4343,202302,22,17.0,46.0,69.0,264.0,7.0,25.0,125.0,9.0,8.0,18.0,24.0,19.0,34.0,230.0,156.0,167.0,12.0,12.0,39.0,45.0,25.0,43.0,80.0,15.0,28.0,25.0,18.0,12.0,14.0,10.0,16.0,3.0,19.0,24.0
4344,202302,23,15.0,15.0,16.0,172.0,6.0,96.0,142.0,9.0,14.0,9.0,3.0,12.0,12.0,40.0,75.0,78.0,6.0,6.0,23.0,32.0,19.0,46.0,24.0,8.0,18.0,5.0,12.0,7.0,12.0,10.0,5.0,4.0,7.0,17.0
4345,202302,24,2.0,6.0,15.0,9.0,2.0,15.0,58.0,0.0,9.0,6.0,4.0,2.0,12.0,19.0,9.0,10.0,3.0,5.0,1.0,81.0,26.0,83.0,22.0,5.0,8.0,7.0,5.0,1.0,3.0,4.0,2.0,7.0,4.0,19.0
4346,202302,25,3.0,3.0,2.0,4.0,3.0,7.0,27.0,1.0,5.0,2.0,6.0,3.0,8.0,5.0,0.0,13.0,1.0,3.0,0.0,42.0,11.0,14.0,10.0,2.0,1.0,2.0,8.0,0.0,5.0,5.0,3.0,7.0,4.0,4.0
4347,202302,26,1.0,25.0,18.0,3.0,4.0,6.0,53.0,0.0,3.0,1.0,6.0,0.0,3.0,19.0,7.0,5.0,2.0,6.0,1.0,19.0,2.0,11.0,5.0,3.0,1.0,5.0,2.0,3.0,1.0,4.0,3.0,2.0,4.0,3.0
4348,202302,27,29.0,16.0,8.0,15.0,2.0,34.0,12.0,3.0,4.0,22.0,11.0,17.0,9.0,9.0,40.0,34.0,5.0,3.0,16.0,11.0,7.0,21.0,3.0,9.0,23.0,8.0,12.0,7.0,19.0,0.0,2.0,3.0,33.0,61.0
4349,202302,28,30.0,3.0,4.0,4.0,1.0,86.0,24.0,5.0,12.0,18.0,4.0,5.0,4.0,14.0,5.0,26.0,2.0,5.0,1.0,12.0,4.0,19.0,5.0,9.0,11.0,4.0,25.0,4.0,11.0,5.0,5.0,4.0,43.0,83.0
4350,202303,1,2.0,4.0,53.0,9.0,1.0,6.0,7.0,0.0,21.0,2.0,3.0,0.0,0.0,5.0,4.0,1.0,1.0,4.0,1.0,16.0,3.0,13.0,2.0,3.0,8.0,1.0,1.0,0.0,3.0,4.0,2.0,2.0,4.0,3.0
4351,202303,2,4.0,266.0,33.0,8.0,5.0,6.0,7.0,0.0,6.0,6.0,24.0,6.0,12.0,14.0,14.0,5.0,4.0,22.0,9.0,23.0,6.0,14.0,6.0,17.0,9.0,16.0,11.0,4.0,3.0,7.0,7.0,2.0,1.0,6.0
4352,202303,3,24.0,46.0,11.0,14.0,17.0,13.0,6.0,15.0,3.0,20.0,9.0,41.0,56.0,27.0,42.0,122.0,7.0,11.0,17.0,11.0,5.0,6.0,4.0,68.0,36.0,9.0,28.0,10.0,18.0,3.0,12.0,2.0,10.0,15.0
4353,202303,4,12.0,5.0,3.0,12.0,9.0,158.0,10.0,12.0,8.0,23.0,8.0,11.0,25.0,9.0,23.0,70.0,5.0,4.0,9.0,11.0,4.0,8.0,6.0,11.0,19.0,4.0,18.0,5.0,14.0,2.0,7.0,1.0,12.0,11.0
4354,202303,5,3.0,0.0,2.0,5.0,1.0,9.0,1.0,1.0,8.0,0.0,4.0,0.0,1.0,19.0,1.0,7.0,1.0,0.0,0.0,3.0,0.0,8.0,7.0,5.0,2.0,2.0,2.0,0.0,1.0,1.0,0.0,4.0,1.0,0.0
4355,202303,6,0.0,1.0,0.0,7.0,3.0,6.0,2.0,0.0,7.0,2.0,3.0,0.0,1.0,3.0,8.0,4.0,1.0,0.0,1.0,5.0,0.0,8.0,3.0,2.0,1.0,1.0,5.0,1.0,0.0,0.0,2.0,6.0,0.0,1.0
4356,202303,7,3.0,2.0,3.0,1.0,0.0,3.0,0.0,0.0,3.0,0.0,1.0,1.0,3.0,2.0,2.0,1.0,2.0,1.0,0.0,1.0,0.0,4.0,3.0,2.0,3.0,2.0,3.0,1.0,0.0,2.0,2.0,5.0,2.0,3.0
4357,202303,8,5.0,1.0,2.0,1.0,2.0,4.0,0.0,0.0,2.0,1.0,4.0,0.0,3.0,2.0,1.0,2.0,3.0,1.0,0.0,0.0,0.0,0.0,0.0,6.0,2.0,1.0,2.0,1.0,1.0,0.0,1.0,0.0,0.0,2.0
4358,202303,9,1.0,33.0,3.0,7.0,1.0,7.0,7.0,0.0,0.0,1.0,9.0,1.0,4.0,3.0,8.0,4.0,4.0,2.0,2.0,7.0,1.0,32.0,3.0,7.0,2.0,3.0,2.0,1.0,1.0,3.0,2.0,1.0,3.0,2.0
4359,202303,10,7.0,5.0,6.0,7.0,3.0,8.0,10.0,4.0,2.0,3.0,3.0,1.0,1.0,44.0,17.0,25.0,6.0,4.0,4.0,14.0,4.0,13.0,10.0,3.0,2.0,1.0,9.0,0.0,2.0,3.0,6.0,0.0,6.0,2.0
4360,202303,11,5.0,2.0,5.0,31.0,4.0,4.0,9.0,2.0,2.0,2.0,3.0,1.0,5.0,16.0,13.0,8.0,5.0,1.0,4.0,5.0,7.0,7.0,7.0,4.0,6.0,1.0,16.0,2.0,2.0,2.0,3.0,8.0,3.0,1.0
4361,202303,12,4.0,5.0,4.0,10.0,14.0,10.0,7.0,4.0,1.0,3.0,4.0,5.0,26.0,13.0,7.0,12.0,9.0,2.0,0.0,9.0,5.0,14.0,6.0,6.0,10.0,3.0,25.0,5.0,2.0,2.0,19.0,7.0,10.0,6.0
4362,202303,13,11.0,2.0,3.0,3.0,5.0,7.0,1.0,7.0,2.0,10.0,2.0,5.0,7.0,16.0,9.0,14.0,2.0,1.0,5.0,8.0,2.0,16.0,2.0,3.0,10.0,1.0,34.0,9.0,7.0,1.0,7.0,4.0,5.0,4.0
4363,202303,14,78.0,10.0,5.0,2.0,5.0,279.0,11.0,27.0,0.0,68.0,5.0,23.0,9.0,7.0,36.0,59.0,9.0,2.0,12.0,26.0,12.0,59.0,10.0,19.0,35.0,13.0,41.0,28.0,31.0,5.0,14.0,3.0,40.0,154.0
4364,202303,15,6.0,3.0,4.0,4.0,1.0,69.0,0.0,0.0,6.0,9.0,2.0,2.0,4.0,7.0,3.0,14.0,1.0,0.0,1.0,17.0,6.0,7.0,3.0,4.0,8.0,4.0,11.0,3.0,7.0,5.0,3.0,5.0,8.0,30.0
4365,202303,16,1.0,223.0,16.0,12.0,6.0,4.0,8.0,5.0,5.0,2.0,23.0,3.0,9.0,14.0,10.0,10.0,7.0,31.0,6.0,14.0,7.0,4.0,3.0,18.0,6.0,15.0,9.0,0.0,3.0,8.0,5.0,3.0,3.0,1.0
4366,202303,17,1.0,23.0,8.0,5.0,5.0,6.0,5.0,2.0,4.0,3.0,8.0,3.0,17.0,1.0,5.0,8.0,7.0,11.0,2.0,16.0,3.0,8.0,3.0,9.0,4.0,3.0,11.0,1.0,5.0,2.0,3.0,1.0,2.0,6.0
4367,202303,18,0.0,3.0,1.0,2.0,4.0,1.0,4.0,5.0,1.0,0.0,2.0,0.0,4.0,1.0,2.0,2.0,1.0,1.0,1.0,4.0,0.0,4.0,1.0,2.0,5.0,0.0,7.0,1.0,1.0,0.0,3.0,0.0,0.0,0.0
4368,202303,19,0.0,1.0,2.0,5.0,3.0,4.0,3.0,0.0,0.0,1.0,2.0,1.0,2.0,3.0,1.0,4.0,3.0,1.0,3.0,7.0,4.0,4.0,2.0,3.0,4.0,1.0,8.0,1.0,1.0,0.0,3.0,1.0,7.0,5.0
4369,202303,20,0.0,2.0,4.0,3.0,1.0,2.0,2.0,0.0,10.0,2.0,2.0,1.0,2.0,6.0,2.0,5.0,2.0,1.0,1.0,5.0,1.0,4.0,5.0,3.0,2.0,0.0,2.0,0.0,3.0,0.0,2.0,7.0,4.0,2.0
4370,202303,21,3.0,6.0,19.0,3.0,0.0,3.0,15.0,1.0,0.0,2.0,3.0,1.0,2.0,15.0,3.0,1.0,1.0,2.0,2.0,41.0,46.0,95.0,8.0,5.0,6.0,1.0,6.0,0.0,2.0,18.0,0.0,7.0,0.0,5.0
4371,202303,22,2.0,6.0,10.0,10.0,0.0,2.0,0.0,2.0,3.0,0.0,20.0,1.0,4.0,57.0,5.0,3.0,0.0,7.0,0.0,5.0,1.0,11.0,3.0,6.0,4.0,3.0,4.0,1.0,2.0,2.0,0.0,3.0,2.0,1.0
4372,202303,23,3.0,6.0,4.0,2.0,3.0,7.0,5.0,3.0,3.0,0.0,1.0,3.0,1.0,12.0,3.0,2.0,1.0,2.0,0.0,4.0,1.0,4.0,3.0,2.0,5.0,0.0,0.0,0.0,1.0,1.0,2.0,6.0,1.0,1.0
4373,202303,24,1.0,45.0,4.0,3.0,4.0,2.0,5.0,2.0,2.0,2.0,6.0,4.0,7.0,13.0,5.0,2.0,2.0,2.0,1.0,10.0,5.0,5.0,5.0,11.0,1.0,4.0,5.0,1.0,0.0,0.0,2.0,1.0,3.0,3.0
4374,202303,25,3.0,5.0,4.0,14.0,9.0,3.0,6.0,0.0,7.0,5.0,5.0,8.0,16.0,10.0,46.0,15.0,5.0,3.0,5.0,10.0,5.0,5.0,13.0,9.0,9.0,4.0,13.0,3.0,7.0,1.0,10.0,4.0,6.0,2.0
4375,202303,26,5.0,4.0,5.0,13.0,8.0,13.0,10.0,3.0,1.0,2.0,11.0,26.0,59.0,9.0,7.0,18.0,11.0,2.0,3.0,13.0,4.0,6.0,25.0,15.0,17.0,6.0,23.0,3.0,4.0,5.0,19.0,4.0,4.0,5.0
4376,202303,27,4.0,8.0,2.0,11.0,7.0,7.0,17.0,2.0,0.0,2.0,10.0,3.0,16.0,9.0,7.0,14.0,5.0,3.0,3.0,14.0,2.0,12.0,13.0,5.0,11.0,3.0,7.0,2.0,4.0,3.0,6.0,0.0,9.0,5.0
4377,202303,28,1.0,2.0,0.0,3.0,2.0,6.0,7.0,3.0,0.0,3.0,1.0,0.0,7.0,3.0,2.0,7.0,3.0,3.0,0.0,4.0,2.0,12.0,5.0,4.0,2.0,4.0,4.0,0.0,3.0,1.0,6.0,5.0,4.0,2.0
4378,202303,29,0.0,0.0,5.0,2.0,2.0,6.0,2.0,2.0,2.0,0.0,2.0,2.0,4.0,4.0,12.0,2.0,0.0,1.0,2.0,10.0,6.0,6.0,8.0,0.0,1.0,2.0,3.0,0.0,2.0,2.0,3.0,0.0,4.0,3.0
4379,202303,30,1.0,2.0,8.0,5.0,2.0,4.0,2.0,0.0,0.0,1.0,1.0,0.0,5.0,29.0,6.0,4.0,2.0,1.0,0.0,11.0,2.0,4.0,9.0,3.0,1.0,1.0,4.0,0.0,3.0,2.0,2.0,5.0,6.0,1.0
4380,202303,31,9.0,18.0,18.0,104.0,8.0,15.0,15.0,7.0,0.0,7.0,13.0,13.0,40.0,35.0,193.0,33.0,8.0,5.0,77.0,18.0,11.0,9.0,13.0,15.0,22.0,34.0,9.0,3.0,4.0,4.0,11.0,4.0,12.0,11.0
4381,202304,1,51.0,18.0,11.0,87.0,24.0,39.0,17.0,8.0,3.0,52.0,17.0,33.0,73.0,10.0,53.0,47.0,19.0,7.0,14.0,29.0,12.0,12.0,27.0,18.0,50.0,18.0,33.0,22.0,32.0,7.0,27.0,9.0,26.0,14.0
4382,202304,2,13.0,156.0,14.0,24.0,12.0,19.0,25.0,3.0,1.0,37.0,24.0,6.0,59.0,28.0,12.0,28.0,12.0,16.0,7.0,28.0,16.0,21.0,16.0,19.0,13.0,11.0,22.0,9.0,13.0,6.0,20.0,5.0,17.0,16.0
4383,202304,3,4.0,8.0,8.0,6.0,5.0,10.0,3.0,4.0,1.0,6.0,5.0,2.0,28.0,31.0,6.0,4.0,3.0,2.0,2.0,10.0,5.0,8.0,8.0,6.0,4.0,2.0,18.0,0.0,5.0,5.0,5.0,1.0,10.0,9.0
4384,202304,4,4.0,9.0,4.0,40.0,2.0,13.0,4.0,0.0,3.0,1.0,3.0,2.0,7.0,48.0,103.0,10.0,1.0,2.0,12.0,7.0,4.0,7.0,9.0,10.0,9.0,7.0,4.0,0.0,2.0,0.0,5.0,3.0,6.0,7.0
4385,202304,5,27.0,64.0,21.0,62.0,7.0,25.0,7.0,10.0,2.0,20.0,92.0,20.0,19.0,24.0,199.0,38.0,9.0,21.0,38.0,19.0,5.0,13.0,15.0,29.0,41.0,30.0,16.0,6.0,18.0,3.0,5.0,1.0,7.0,30.0
4386,202304,6,9.0,14.0,12.0,11.0,5.0,17.0,12.0,2.0,0.0,31.0,41.0,8.0,20.0,9.0,8.0,13.0,5.0,10.0,4.0,13.0,7.0,9.0,4.0,9.0,11.0,8.0,14.0,4.0,7.0,3.0,4.0,1.0,3.0,11.0
4387,202304,7,2.0,9.0,6.0,2.0,6.0,7.0,6.0,3.0,1.0,0.0,14.0,4.0,21.0,3.0,2.0,7.0,1.0,5.0,1.0,10.0,2.0,5.0,8.0,4.0,6.0,8.0,6.0,1.0,2.0,0.0,10.0,6.0,8.0,7.0
4388,202304,8,1.0,5.0,2.0,8.0,4.0,2.0,5.0,0.0,4.0,4.0,5.0,0.0,18.0,7.0,2.0,11.0,3.0,0.0,0.0,8.0,2.0,1.0,3.0,3.0,4.0,2.0,7.0,0.0,1.0,2.0,6.0,1.0,6.0,1.0
4389,202304,9,3.0,1.0,2.0,1.0,3.0,2.0,7.0,0.0,1.0,2.0,3.0,2.0,7.0,5.0,3.0,4.0,3.0,0.0,1.0,8.0,3.0,3.0,8.0,3.0,2.0,1.0,2.0,0.0,3.0,1.0,5.0,5.0,3.0,2.0
4390,202304,10,0.0,0.0,6.0,0.0,1.0,1.0,3.0,1.0,1.0,0.0,3.0,1.0,2.0,2.0,0.0,4.0,4.0,2.0,1.0,11.0,1.0,4.0,1.0,2.0,0.0,0.0,8.0,0.0,0.0,1.0,2.0,3.0,2.0,0.0
4391,202304,11,2.0,2.0,2.0,0.0,0.0,2.0,2.0,2.0,2.0,1.0,2.0,0.0,2.0,0.0,2.0,0.0,1.0,0.0,0.0,9.0,1.0,3.0,0.0,2.0,0.0,0.0,5.0,0.0,1.0,1.0,0.0,1.0,3.0,1.0
4392,202304,12,8.0,7.0,4.0,1.0,4.0,11.0,3.0,7.0,10.0,4.0,10.0,5.0,11.0,4.0,6.0,9.0,4.0,2.0,2.0,9.0,7.0,7.0,3.0,5.0,1.0,3.0,18.0,4.0,7.0,2.0,121.0,2.0,8.0,9.0
4393,202304,13,24.0,12.0,4.0,4.0,11.0,24.0,16.0,15.0,42.0,13.0,17.0,12.0,28.0,7.0,12.0,20.0,4.0,5.0,6.0,8.0,5.0,6.0,4.0,9.0,16.0,3.0,20.0,13.0,6.0,2.0,261.0,8.0,17.0,18.0
4394,202304,14,10.0,7.0,1.0,2.0,3.0,12.0,45.0,8.0,40.0,5.0,9.0,9.0,13.0,17.0,6.0,13.0,4.0,4.0,2.0,9.0,3.0,7.0,5.0,4.0,8.0,3.0,19.0,5.0,3.0,0.0,109.0,0.0,7.0,8.0
4395,202304,15,112.0,10.0,1.0,5.0,5.0,19.0,6.0,5.0,7.0,19.0,11.0,9.0,20.0,19.0,12.0,18.0,9.0,4.0,3.0,8.0,6.0,4.0,13.0,6.0,15.0,5.0,33.0,9.0,28.0,2.0,16.0,1.0,40.0,38.0
4396,202304,16,77.0,11.0,10.0,13.0,5.0,33.0,2.0,6.0,0.0,20.0,13.0,5.0,13.0,6.0,9.0,17.0,16.0,6.0,3.0,8.0,4.0,7.0,1.0,11.0,12.0,7.0,30.0,4.0,10.0,1.0,40.0,0.0,10.0,14.0
4397,202304,17,13.0,3.0,1.0,0.0,3.0,12.0,3.0,10.0,0.0,6.0,3.0,3.0,12.0,5.0,4.0,18.0,10.0,3.0,3.0,4.0,4.0,3.0,3.0,7.0,11.0,1.0,12.0,3.0,5.0,1.0,54.0,6.0,8.0,16.0
4398,202304,18,4.0,1.0,1.0,4.0,1.0,4.0,3.0,1.0,0.0,2.0,0.0,0.0,6.0,0.0,3.0,4.0,2.0,1.0,1.0,4.0,4.0,6.0,1.0,3.0,2.0,2.0,3.0,1.0,2.0,4.0,5.0,5.0,1.0,4.0
4399,202304,19,0.0,2.0,8.0,5.0,0.0,0.0,2.0,1.0,0.0,2.0,2.0,0.0,2.0,74.0,6.0,4.0,1.0,0.0,0.0,5.0,6.0,7.0,6.0,1.0,1.0,3.0,0.0,0.0,1.0,4.0,1.0,6.0,0.0,0.0
4400,202304,20,14.0,219.0,20.0,36.0,5.0,8.0,12.0,8.0,0.0,13.0,38.0,16.0,12.0,30.0,110.0,7.0,8.0,28.0,12.0,43.0,79.0,35.0,14.0,28.0,18.0,24.0,20.0,9.0,7.0,19.0,6.0,6.0,2.0,8.0
4401,202304,21,1.0,27.0,7.0,10.0,6.0,10.0,5.0,4.0,0.0,2.0,14.0,2.0,9.0,12.0,7.0,6.0,5.0,10.0,4.0,15.0,4.0,7.0,5.0,6.0,13.0,13.0,7.0,0.0,7.0,4.0,2.0,4.0,2.0,4.0
4402,202304,22,85.0,1.0,3.0,2.0,5.0,19.0,4.0,8.0,0.0,31.0,5.0,13.0,6.0,4.0,9.0,15.0,3.0,1.0,2.0,6.0,12.0,6.0,5.0,9.0,11.0,2.0,21.0,6.0,28.0,1.0,9.0,1.0,31.0,13.0
4403,202304,23,3.0,8.0,1.0,4.0,1.0,12.0,3.0,1.0,0.0,4.0,10.0,2.0,11.0,2.0,6.0,6.0,2.0,5.0,0.0,0.0,3.0,0.0,0.0,6.0,6.0,0.0,5.0,1.0,5.0,3.0,4.0,8.0,4.0,7.0
4404,202304,24,1.0,3.0,1.0,0.0,1.0,0.0,1.0,0.0,0.0,0.0,1.0,1.0,1.0,2.0,4.0,0.0,1.0,1.0,0.0,3.0,2.0,1.0,1.0,3.0,0.0,2.0,1.0,2.0,2.0,0.0,3.0,15.0,1.0,0.0
4405,202304,25,1.0,5.0,10.0,3.0,1.0,2.0,2.0,1.0,4.0,1.0,6.0,2.0,1.0,64.0,0.0,6.0,0.0,4.0,1.0,16.0,41.0,23.0,5.0,2.0,6.0,4.0,2.0,1.0,1.0,8.0,2.0,8.0,0.0,0.0
4406,202304,26,2.0,225.0,16.0,10.0,7.0,5.0,6.0,2.0,0.0,3.0,27.0,2.0,10.0,15.0,5.0,5.0,3.0,14.0,5.0,17.0,8.0,7.0,4.0,16.0,9.0,20.0,8.0,1.0,3.0,6.0,2.0,9.0,1.0,5.0
4407,202304,27,2.0,12.0,11.0,5.0,13.0,4.0,4.0,1.0,0.0,3.0,11.0,9.0,5.0,14.0,3.0,2.0,6.0,5.0,3.0,20.0,4.0,9.0,3.0,4.0,3.0,9.0,22.0,9.0,5.0,4.0,15.0,12.0,0.0,3.0
4408,202304,28,1.0,106.0,10.0,2.0,4.0,3.0,4.0,0.0,0.0,8.0,17.0,3.0,8.0,12.0,8.0,3.0,5.0,28.0,5.0,18.0,53.0,20.0,1.0,9.0,5.0,8.0,10.0,2.0,1.0,6.0,4.0,3.0,0.0,6.0
4409,202304,29,7.0,6.0,9.0,1.0,6.0,18.0,4.0,2.0,2.0,8.0,3.0,9.0,4.0,6.0,11.0,14.0,3.0,1.0,0.0,9.0,0.0,5.0,2.0,8.0,11.0,4.0,24.0,3.0,8.0,2.0,7.0,2.0,87.0,2.0
4410,202304,30,90.0,20.0,9.0,9.0,13.0,46.0,9.0,10.0,0.0,37.0,9.0,25.0,34.0,10.0,11.0,27.0,31.0,6.0,4.0,17.0,10.0,14.0,5.0,9.0,14.0,6.0,21.0,4.0,24.0,3.0,41.0,8.0,33.0,61.0
4411,202305,1,10.0,11.0,10.0,7.0,5.0,14.0,6.0,10.0,1.0,6.0,14.0,9.0,14.0,3.0,10.0,19.0,8.0,2.0,3.0,14.0,17.0,12.0,7.0,6.0,13.0,4.0,18.0,4.0,7.0,3.0,16.0,3.0,7.0,18.0
4412,202305,2,3.0,2.0,2.0,4.0,0.0,4.0,1.0,1.0,4.0,2.0,2.0,3.0,0.0,2.0,6.0,1.0,2.0,2.0,0.0,2.0,1.0,9.0,1.0,2.0,1.0,1.0,7.0,0.0,5.0,3.0,2.0,5.0,3.0,1.0
4413,202305,3,2.0,2.0,4.0,1.0,2.0,2.0,1.0,0.0,2.0,0.0,1.0,7.0,1.0,2.0,2.0,4.0,1.0,4.0,0.0,9.0,0.0,6.0,2.0,1.0,3.0,0.0,4.0,0.0,3.0,0.0,3.0,15.0,2.0,1.0
4414,202305,4,1.0,2.0,2.0,2.0,0.0,3.0,5.0,2.0,0.0,0.0,1.0,1.0,3.0,8.0,1.0,0.0,2.0,1.0,0.0,7.0,1.0,3.0,0.0,1.0,4.0,3.0,0.0,0.0,2.0,2.0,2.0,9.0,0.0,0.0
4415,202305,5,5.0,2.0,1.0,4.0,1.0,4.0,3.0,2.0,2.0,1.0,6.0,4.0,1.0,13.0,0.0,1.0,0.0,1.0,0.0,3.0,1.0,5.0,1.0,0.0,1.0,0.0,1.0,1.0,4.0,0.0,0.0,9.0,1.0,0.0
4416,202305,6,0.0,14.0,2.0,1.0,0.0,0.0,3.0,0.0,1.0,0.0,2.0,2.0,0.0,4.0,1.0,2.0,1.0,0.0,0.0,7.0,2.0,4.0,7.0,2.0,1.0,4.0,1.0,1.0,1.0,1.0,3.0,9.0,2.0,1.0
4417,202305,7,0.0,3.0,10.0,4.0,3.0,4.0,3.0,2.0,0.0,1.0,9.0,6.0,8.0,3.0,12.0,5.0,2.0,1.0,2.0,5.0,3.0,6.0,3.0,27.0,2.0,6.0,2.0,1.0,2.0,1.0,2.0,6.0,1.0,2.0
4418,202305,8,1.0,7.0,5.0,5.0,3.0,3.0,4.0,0.0,0.0,4.0,48.0,0.0,12.0,3.0,1.0,6.0,0.0,5.0,4.0,6.0,3.0,4.0,2.0,6.0,4.0,6.0,5.0,0.0,2.0,2.0,4.0,6.0,5.0,1.0
4419,202305,9,0.0,13.0,4.0,6.0,4.0,7.0,3.0,1.0,0.0,2.0,55.0,2.0,4.0,10.0,6.0,5.0,3.0,7.0,0.0,6.0,1.0,9.0,3.0,11.0,41.0,11.0,7.0,1.0,2.0,2.0,2.0,7.0,0.0,4.0
4420,202305,10,1.0,15.0,11.0,4.0,1.0,4.0,3.0,0.0,0.0,3.0,21.0,1.0,5.0,95.0,4.0,2.0,2.0,3.0,2.0,6.0,5.0,11.0,14.0,4.0,9.0,8.0,6.0,2.0,1.0,2.0,3.0,3.0,1.0,4.0
4421,202305,11,2.0,7.0,5.0,5.0,1.0,3.0,1.0,2.0,4.0,1.0,14.0,1.0,2.0,11.0,1.0,1.0,1.0,4.0,0.0,6.0,2.0,6.0,3.0,3.0,3.0,6.0,1.0,3.0,3.0,0.0,0.0,3.0,1.0,1.0
4422,202305,12,3.0,10.0,3.0,2.0,1.0,5.0,5.0,2.0,2.0,4.0,13.0,0.0,3.0,5.0,5.0,0.0,1.0,0.0,1.0,8.0,45.0,15.0,8.0,1.0,4.0,2.0,1.0,0.0,1.0,9.0,2.0,53.0,0.0,1.0
4423,202305,13,1.0,10.0,1.0,4.0,1.0,3.0,2.0,0.0,0.0,0.0,19.0,0.0,6.0,1.0,1.0,2.0,0.0,5.0,0.0,6.0,1.0,4.0,2.0,3.0,0.0,1.0,2.0,0.0,2.0,0.0,2.0,14.0,0.0,2.0
4424,202305,14,0.0,35.0,13.0,14.0,7.0,4.0,7.0,3.0,0.0,7.0,183.0,4.0,23.0,9.0,9.0,12.0,5.0,16.0,5.0,12.0,3.0,10.0,7.0,21.0,6.0,5.0,12.0,3.0,8.0,1.0,6.0,5.0,5.0,6.0
4425,202305,15,3.0,10.0,3.0,6.0,5.0,4.0,6.0,1.0,5.0,0.0,35.0,6.0,7.0,7.0,3.0,4.0,2.0,5.0,1.0,5.0,2.0,2.0,0.0,8.0,3.0,3.0,6.0,1.0,2.0,0.0,0.0,2.0,0.0,2.0
4426,202305,16,3.0,3.0,2.0,0.0,4.0,5.0,1.0,2.0,2.0,1.0,17.0,1.0,2.0,4.0,4.0,4.0,3.0,2.0,1.0,5.0,2.0,11.0,0.0,3.0,4.0,4.0,2.0,1.0,1.0,1.0,2.0,5.0,2.0,2.0
4427,202305,17,2.0,8.0,4.0,2.0,1.0,2.0,1.0,1.0,0.0,1.0,6.0,1.0,1.0,3.0,2.0,3.0,1.0,2.0,0.0,11.0,3.0,7.0,2.0,3.0,3.0,2.0,3.0,1.0,7.0,1.0,1.0,1.0,0.0,1.0
4428,202305,18,0.0,7.0,9.0,2.0,3.0,2.0,4.0,0.0,0.0,0.0,2.0,0.0,1.0,25.0,1.0,3.0,2.0,1.0,1.0,8.0,16.0,11.0,3.0,7.0,3.0,3.0,7.0,1.0,1.0,5.0,3.0,2.0,0.0,0.0
4429,202305,19,5.0,200.0,14.0,6.0,7.0,2.0,8.0,5.0,2.0,2.0,20.0,6.0,8.0,10.0,8.0,7.0,4.0,15.0,5.0,22.0,28.0,20.0,2.0,16.0,13.0,10.0,12.0,3.0,1.0,7.0,1.0,8.0,4.0,8.0
4430,202305,20,2.0,16.0,7.0,4.0,3.0,10.0,2.0,4.0,1.0,7.0,8.0,3.0,7.0,2.0,5.0,6.0,0.0,4.0,2.0,7.0,3.0,7.0,1.0,3.0,2.0,2.0,8.0,2.0,3.0,2.0,2.0,0.0,1.0,2.0
4431,202305,21,0.0,3.0,1.0,3.0,0.0,7.0,5.0,1.0,3.0,2.0,2.0,0.0,4.0,4.0,2.0,3.0,0.0,2.0,0.0,3.0,4.0,5.0,0.0,1.0,2.0,1.0,12.0,1.0,3.0,4.0,3.0,3.0,3.0,0.0
4432,202305,22,1.0,2.0,0.0,0.0,4.0,5.0,3.0,2.0,0.0,1.0,1.0,1.0,4.0,3.0,0.0,2.0,0.0,0.0,2.0,4.0,1.0,1.0,0.0,3.0,3.0,0.0,11.0,0.0,4.0,2.0,3.0,6.0,0.0,0.0
4433,202305,23,4.0,7.0,2.0,2.0,4.0,5.0,3.0,2.0,0.0,1.0,4.0,2.0,0.0,4.0,4.0,1.0,2.0,0.0,1.0,6.0,1.0,6.0,1.0,1.0,4.0,2.0,5.0,0.0,2.0,0.0,2.0,6.0,0.0,0.0
4434,202305,24,1.0,3.0,0.0,1.0,1.0,2.0,1.0,1.0,0.0,1.0,1.0,0.0,1.0,5.0,4.0,4.0,1.0,1.0,1.0,6.0,2.0,1.0,2.0,3.0,1.0,1.0,6.0,0.0,3.0,1.0,2.0,7.0,0.0,3.0
4435,202305,25,0.0,2.0,1.0,1.0,2.0,5.0,3.0,1.0,0.0,3.0,2.0,3.0,2.0,16.0,3.0,1.0,1.0,2.0,1.0,2.0,1.0,1.0,1.0,2.0,0.0,3.0,4.0,0.0,2.0,0.0,7.0,15.0,2.0,1.0
4436,202305,26,2.0,5.0,10.0,4.0,1.0,3.0,4.0,0.0,3.0,2.0,7.0,0.0,1.0,66.0,1.0,1.0,0.0,0.0,1.0,7.0,5.0,6.0,5.0,3.0,2.0,3.0,1.0,2.0,0.0,3.0,3.0,0.0,0.0,2.0
4437,202305,27,0.0,2.0,5.0,4.0,0.0,2.0,3.0,1.0,0.0,1.0,0.0,0.0,1.0,39.0,2.0,2.0,1.0,3.0,1.0,4.0,2.0,3.0,5.0,2.0,1.0,2.0,0.0,0.0,2.0,1.0,0.0,2.0,0.0,0.0
4438,202305,28,2.0,1.0,3.0,1.0,0.0,1.0,0.0,2.0,0.0,20.0,0.0,1.0,2.0,6.0,4.0,1.0,2.0,1.0,1.0,1.0,2.0,2.0,1.0,4.0,1.0,1.0,0.0,2.0,4.0,1.0,0.0,4.0,3.0,2.0
4439,202305,29,1.0,2.0,2.0,1.0,0.0,0.0,3.0,1.0,1.0,19.0,0.0,1.0,0.0,4.0,1.0,0.0,0.0,0.0,0.0,3.0,0.0,1.0,0.0,3.0,0.0,1.0,1.0,0.0,2.0,1.0,0.0,0.0,3.0,3.0
4440,202305,30,2.0,6.0,3.0,0.0,0.0,0.0,0.0,1.0,3.0,8.0,16.0,0.0,2.0,7.0,3.0,1.0,3.0,0.0,0.0,1.0,0.0,0.0,0.0,2.0,5.0,3.0,1.0,0.0,0.0,0.0,0.0,2.0,1.0,0.0
4441,202305,31,4.0,6.0,2.0,4.0,5.0,3.0,2.0,1.0,0.0,1.0,2.0,3.0,2.0,28.0,10.0,2.0,4.0,3.0,1.0,5.0,3.0,3.0,3.0,13.0,4.0,2.0,2.0,0.0,4.0,4.0,2.0,8.0,2.0,0.0
4442,202306,1,3.0,8.0,11.0,7.0,2.0,9.0,6.0,2.0,0.0,9.0,2.0,4.0,3.0,32.0,23.0,7.0,3.0,5.0,4.0,9.0,9.0,6.0,8.0,7.0,2.0,6.0,17.0,5.0,6.0,2.0,7.0,0.0,2.0,2.0
4443,202306,2,34.0,11.0,3.0,5.0,3.0,21.0,4.0,3.0,1.0,13.0,7.0,9.0,8.0,25.0,14.0,19.0,6.0,3.0,2.0,7.0,7.0,3.0,0.0,5.0,8.0,7.0,6.0,4.0,8.0,1.0,1.0,3.0,12.0,29.0
4444,202306,3,6.0,8.0,0.0,1.0,1.0,4.0,1.0,2.0,1.0,3.0,5.0,3.0,3.0,4.0,4.0,2.0,4.0,3.0,0.0,5.0,1.0,1.0,3.0,1.0,2.0,2.0,5.0,1.0,4.0,0.0,3.0,2.0,0.0,3.0
4445,202306,4,1.0,3.0,1.0,1.0,1.0,4.0,0.0,5.0,1.0,0.0,6.0,8.0,3.0,4.0,3.0,1.0,0.0,1.0,1.0,4.0,5.0,2.0,3.0,1.0,1.0,1.0,5.0,0.0,3.0,2.0,1.0,5.0,0.0,2.0
4446,202306,5,2.0,7.0,0.0,3.0,1.0,4.0,2.0,4.0,5.0,9.0,4.0,2.0,0.0,3.0,1.0,4.0,1.0,1.0,0.0,3.0,2.0,5.0,0.0,1.0,8.0,2.0,5.0,1.0,2.0,0.0,0.0,3.0,2.0,1.0
4447,202306,6,2.0,28.0,1.0,5.0,0.0,1.0,1.0,0.0,3.0,2.0,4.0,8.0,1.0,5.0,0.0,0.0,0.0,2.0,1.0,4.0,0.0,3.0,3.0,4.0,2.0,4.0,3.0,0.0,1.0,0.0,0.0,3.0,0.0,0.0
4448,202306,7,12.0,7.0,1.0,4.0,1.0,10.0,1.0,2.0,2.0,8.0,5.0,8.0,2.0,3.0,3.0,6.0,0.0,0.0,1.0,4.0,1.0,2.0,0.0,3.0,7.0,5.0,7.0,0.0,3.0,1.0,0.0,0.0,0.0,19.0
4449,202306,8,3.0,11.0,5.0,2.0,2.0,1.0,2.0,1.0,1.0,4.0,18.0,6.0,6.0,16.0,3.0,2.0,5.0,1.0,2.0,2.0,1.0,7.0,1.0,7.0,2.0,3.0,4.0,1.0,3.0,1.0,1.0,4.0,1.0,3.0
4450,202306,9,2.0,2.0,2.0,1.0,1.0,6.0,1.0,3.0,0.0,4.0,3.0,8.0,5.0,4.0,4.0,5.0,6.0,2.0,2.0,8.0,2.0,2.0,2.0,2.0,2.0,1.0,5.0,0.0,2.0,0.0,1.0,3.0,0.0,1.0
4451,202306,10,0.0,78.0,5.0,8.0,8.0,6.0,5.0,1.0,0.0,5.0,26.0,8.0,10.0,8.0,4.0,4.0,0.0,4.0,6.0,3.0,5.0,5.0,1.0,8.0,5.0,7.0,23.0,1.0,12.0,3.0,1.0,2.0,0.0,5.0
4452,202306,11,4.0,89.0,2.0,5.0,1.0,2.0,4.0,2.0,2.0,4.0,8.0,11.0,12.0,1.0,4.0,3.0,1.0,5.0,1.0,6.0,3.0,4.0,0.0,4.0,3.0,3.0,5.0,1.0,2.0,1.0,2.0,5.0,0.0,7.0
4453,202306,12,57.0,31.0,13.0,5.0,7.0,23.0,7.0,23.0,0.0,23.0,11.0,23.0,7.0,59.0,13.0,25.0,7.0,3.0,3.0,12.0,5.0,6.0,6.0,12.0,19.0,11.0,13.0,4.0,14.0,2.0,5.0,7.0,25.0,39.0
4454,202306,13,6.0,7.0,2.0,3.0,5.0,7.0,0.0,0.0,0.0,4.0,3.0,4.0,5.0,4.0,2.0,2.0,1.0,1.0,1.0,6.0,4.0,5.0,2.0,6.0,2.0,3.0,5.0,1.0,1.0,2.0,2.0,3.0,0.0,3.0
4455,202306,14,46.0,3.0,4.0,3.0,2.0,32.0,2.0,3.0,0.0,18.0,3.0,12.0,13.0,4.0,7.0,20.0,4.0,0.0,3.0,3.0,1.0,1.0,0.0,14.0,20.0,3.0,6.0,3.0,13.0,0.0,6.0,1.0,22.0,38.0
4456,202306,15,2.0,12.0,2.0,9.0,8.0,8.0,2.0,4.0,0.0,2.0,6.0,12.0,16.0,10.0,2.0,5.0,4.0,1.0,2.0,8.0,1.0,5.0,3.0,4.0,4.0,2.0,18.0,0.0,3.0,2.0,7.0,7.0,4.0,4.0
4457,202306,16,59.0,25.0,2.0,4.0,2.0,29.0,6.0,9.0,4.0,28.0,8.0,16.0,12.0,36.0,13.0,29.0,4.0,3.0,4.0,9.0,4.0,2.0,7.0,8.0,21.0,11.0,24.0,2.0,15.0,2.0,11.0,10.0,54.0,43.0
4458,202306,17,3.0,13.0,3.0,3.0,14.0,9.0,6.0,4.0,2.0,3.0,5.0,5.0,20.0,6.0,10.0,10.0,34.0,1.0,0.0,10.0,4.0,4.0,3.0,5.0,4.0,5.0,29.0,2.0,8.0,2.0,32.0,0.0,4.0,1.0
4459,202306,18,7.0,7.0,4.0,2.0,7.0,12.0,7.0,4.0,2.0,3.0,8.0,5.0,12.0,4.0,2.0,9.0,7.0,4.0,1.0,14.0,11.0,6.0,13.0,7.0,10.0,1.0,17.0,8.0,4.0,0.0,13.0,2.0,5.0,5.0
4460,202306,19,6.0,13.0,3.0,2.0,9.0,6.0,4.0,5.0,0.0,13.0,11.0,37.0,27.0,3.0,6.0,9.0,69.0,6.0,2.0,7.0,3.0,6.0,4.0,11.0,6.0,4.0,29.0,1.0,14.0,2.0,22.0,1.0,3.0,4.0
4461,202306,20,2.0,4.0,3.0,4.0,1.0,5.0,1.0,5.0,1.0,12.0,6.0,5.0,8.0,8.0,3.0,6.0,29.0,3.0,2.0,7.0,0.0,5.0,0.0,3.0,6.0,6.0,14.0,0.0,5.0,1.0,15.0,4.0,0.0,9.0
4462,202306,21,7.0,47.0,8.0,5.0,5.0,5.0,7.0,6.0,2.0,4.0,44.0,5.0,6.0,101.0,5.0,7.0,5.0,10.0,2.0,15.0,7.0,12.0,9.0,8.0,6.0,9.0,19.0,0.0,2.0,3.0,6.0,4.0,3.0,3.0
4463,202306,22,10.0,40.0,15.0,7.0,5.0,10.0,5.0,10.0,2.0,9.0,25.0,12.0,14.0,87.0,7.0,17.0,6.0,10.0,4.0,20.0,12.0,16.0,14.0,13.0,15.0,20.0,36.0,3.0,13.0,8.0,11.0,5.0,3.0,0.0
4464,202306,23,22.0,14.0,9.0,5.0,2.0,23.0,4.0,7.0,0.0,29.0,5.0,8.0,8.0,11.0,2.0,15.0,1.0,2.0,2.0,11.0,4.0,6.0,4.0,8.0,14.0,5.0,29.0,2.0,11.0,1.0,7.0,6.0,7.0,15.0
4465,202306,24,58.0,7.0,4.0,5.0,11.0,18.0,7.0,2.0,1.0,17.0,9.0,5.0,8.0,10.0,13.0,22.0,9.0,5.0,5.0,12.0,8.0,11.0,5.0,6.0,7.0,6.0,27.0,2.0,12.0,2.0,12.0,19.0,51.0,4.0
4466,202306,25,151.0,16.0,6.0,25.0,13.0,75.0,15.0,29.0,0.0,80.0,31.0,45.0,87.0,25.0,89.0,74.0,53.0,12.0,14.0,16.0,12.0,19.0,6.0,24.0,40.0,19.0,48.0,32.0,38.0,4.0,27.0,12.0,44.0,91.0
4467,202306,26,246.0,29.0,15.0,44.0,10.0,172.0,22.0,45.0,1.0,98.0,63.0,68.0,78.0,59.0,91.0,109.0,33.0,17.0,22.0,33.0,14.0,30.0,18.0,39.0,83.0,31.0,78.0,38.0,62.0,8.0,40.0,11.0,125.0,230.0
4468,202306,27,218.0,40.0,19.0,42.0,15.0,154.0,27.0,59.0,1.0,108.0,62.0,60.0,44.0,89.0,86.0,87.0,26.0,24.0,15.0,46.0,22.0,58.0,11.0,32.0,57.0,17.0,66.0,12.0,69.0,12.0,33.0,7.0,109.0,249.0
4469,202306,28,101.0,21.0,11.0,23.0,11.0,62.0,29.0,8.0,3.0,35.0,61.0,20.0,18.0,78.0,80.0,34.0,12.0,20.0,5.0,37.0,15.0,52.0,21.0,24.0,21.0,17.0,42.0,6.0,47.0,12.0,17.0,8.0,25.0,71.0
4470,202306,29,52.0,16.0,11.0,27.0,2.0,14.0,22.0,6.0,0.0,14.0,42.0,7.0,6.0,151.0,97.0,17.0,6.0,16.0,4.0,24.0,5.0,36.0,21.0,12.0,14.0,19.0,17.0,4.0,23.0,9.0,8.0,1.0,5.0,10.0
4471,202306,30,23.0,12.0,8.0,13.0,5.0,16.0,10.0,3.0,0.0,35.0,18.0,9.0,5.0,86.0,29.0,7.0,5.0,7.0,6.0,12.0,5.0,16.0,16.0,24.0,7.0,33.0,17.0,12.0,8.0,2.0,10.0,3.0,1.0,1.0
4472,202307,1,17.0,5.0,4.0,7.0,2.0,10.0,1.0,2.0,1.0,14.0,3.0,8.0,5.0,4.0,8.0,9.0,2.0,1.0,1.0,2.0,0.0,2.0,3.0,3.0,11.0,3.0,8.0,3.0,2.0,3.0,4.0,1.0,3.0,1.0
4473,202307,2,93.0,5.0,4.0,7.0,8.0,28.0,5.0,4.0,1.0,24.0,19.0,11.0,8.0,5.0,31.0,21.0,5.0,3.0,6.0,7.0,4.0,5.0,1.0,7.0,22.0,5.0,15.0,3.0,14.0,2.0,10.0,1.0,33.0,50.0
4474,202307,3,11.0,4.0,3.0,5.0,3.0,3.0,4.0,0.0,0.0,0.0,1.0,3.0,3.0,5.0,2.0,1.0,0.0,4.0,0.0,4.0,1.0,8.0,3.0,3.0,1.0,3.0,2.0,1.0,2.0,2.0,0.0,2.0,4.0,2.0
4475,202307,4,70.0,7.0,11.0,7.0,2.0,19.0,3.0,1.0,0.0,15.0,8.0,4.0,3.0,111.0,8.0,14.0,4.0,6.0,3.0,14.0,7.0,7.0,8.0,6.0,9.0,11.0,8.0,1.0,11.0,5.0,4.0,1.0,8.0,5.0
4476,202307,5,11.0,9.0,6.0,28.0,1.0,16.0,3.0,8.0,1.0,7.0,5.0,6.0,3.0,37.0,173.0,18.0,2.0,2.0,29.0,5.0,8.0,12.0,9.0,15.0,17.0,12.0,10.0,6.0,6.0,3.0,2.0,2.0,3.0,4.0
4477,202307,6,4.0,11.0,2.0,13.0,1.0,8.0,1.0,4.0,1.0,10.0,25.0,3.0,7.0,78.0,13.0,9.0,2.0,2.0,4.0,10.0,5.0,3.0,11.0,11.0,4.0,10.0,10.0,1.0,2.0,0.0,1.0,2.0,1.0,3.0
4478,202307,7,94.0,13.0,3.0,7.0,4.0,63.0,1.0,6.0,1.0,72.0,9.0,27.0,9.0,11.0,15.0,30.0,4.0,2.0,4.0,7.0,5.0,4.0,6.0,13.0,23.0,9.0,35.0,3.0,24.0,1.0,7.0,3.0,43.0,78.0
4479,202307,8,28.0,6.0,2.0,4.0,4.0,16.0,3.0,17.0,4.0,9.0,6.0,8.0,5.0,39.0,5.0,11.0,7.0,3.0,2.0,9.0,4.0,6.0,11.0,6.0,9.0,7.0,16.0,2.0,7.0,0.0,13.0,1.0,18.0,3.0
4480,202307,9,185.0,32.0,14.0,24.0,13.0,193.0,12.0,124.0,0.0,110.0,36.0,66.0,36.0,28.0,62.0,97.0,33.0,12.0,16.0,32.0,13.0,28.0,8.0,29.0,61.0,16.0,79.0,22.0,74.0,9.0,35.0,2.0,145.0,241.0
4481,202307,10,49.0,11.0,2.0,5.0,6.0,54.0,8.0,18.0,5.0,20.0,12.0,10.0,19.0,20.0,17.0,32.0,12.0,8.0,4.0,2.0,8.0,6.0,4.0,15.0,16.0,8.0,36.0,5.0,7.0,2.0,16.0,1.0,31.0,49.0
4482,202307,11,1.0,4.0,1.0,2.0,3.0,6.0,3.0,3.0,2.0,10.0,10.0,2.0,5.0,6.0,16.0,10.0,4.0,1.0,3.0,5.0,5.0,3.0,3.0,3.0,5.0,3.0,11.0,0.0,6.0,1.0,5.0,0.0,0.0,2.0
4483,202307,12,6.0,6.0,2.0,35.0,0.0,15.0,5.0,2.0,1.0,9.0,6.0,8.0,14.0,14.0,216.0,22.0,2.0,1.0,36.0,14.0,5.0,14.0,2.0,12.0,32.0,21.0,3.0,3.0,11.0,1.0,0.0,6.0,1.0,9.0
4484,202307,13,10.0,3.0,0.0,3.0,1.0,16.0,6.0,1.0,0.0,7.0,5.0,5.0,8.0,3.0,3.0,14.0,1.0,1.0,4.0,9.0,2.0,9.0,1.0,6.0,7.0,1.0,6.0,0.0,7.0,2.0,3.0,11.0,12.0,8.0
4485,202307,14,131.0,6.0,4.0,17.0,9.0,121.0,8.0,30.0,2.0,103.0,15.0,41.0,38.0,21.0,31.0,60.0,14.0,5.0,26.0,13.0,8.0,10.0,5.0,19.0,43.0,19.0,45.0,20.0,41.0,3.0,13.0,1.0,69.0,129.0
4486,202307,15,109.0,32.0,5.0,7.0,10.0,41.0,4.0,12.0,1.0,25.0,14.0,30.0,15.0,17.0,15.0,25.0,20.0,10.0,3.0,14.0,9.0,12.0,4.0,16.0,24.0,7.0,29.0,4.0,20.0,2.0,13.0,3.0,21.0,16.0
4487,202307,16,161.0,69.0,13.0,13.0,23.0,183.0,5.0,23.0,1.0,84.0,40.0,59.0,51.0,12.0,28.0,78.0,61.0,17.0,6.0,20.0,11.0,16.0,9.0,29.0,47.0,23.0,73.0,11.0,37.0,2.0,47.0,3.0,148.0,132.0
4488,202307,17,13.0,19.0,9.0,10.0,8.0,34.0,5.0,7.0,0.0,20.0,15.0,11.0,13.0,9.0,10.0,19.0,8.0,9.0,2.0,12.0,14.0,11.0,9.0,10.0,9.0,2.0,21.0,4.0,8.0,3.0,14.0,5.0,15.0,13.0
4489,202307,18,93.0,9.0,4.0,6.0,5.0,67.0,7.0,5.0,0.0,26.0,16.0,22.0,11.0,11.0,9.0,40.0,10.0,2.0,5.0,7.0,5.0,4.0,6.0,13.0,28.0,11.0,28.0,4.0,28.0,5.0,11.0,3.0,70.0,76.0
4490,202307,19,41.0,8.0,6.0,5.0,2.0,26.0,1.0,2.0,1.0,13.0,6.0,7.0,11.0,12.0,8.0,10.0,6.0,2.0,2.0,11.0,2.0,10.0,8.0,8.0,9.0,9.0,16.0,1.0,9.0,2.0,1.0,2.0,11.0,14.0
4491,202307,20,8.0,8.0,8.0,13.0,3.0,13.0,12.0,2.0,2.0,6.0,10.0,4.0,63.0,127.0,11.0,17.0,2.0,7.0,2.0,13.0,12.0,12.0,13.0,13.0,4.0,12.0,13.0,2.0,4.0,4.0,4.0,2.0,9.0,4.0
4492,202307,21,46.0,15.0,12.0,8.0,9.0,37.0,6.0,10.0,4.0,16.0,14.0,13.0,56.0,14.0,12.0,27.0,0.0,3.0,7.0,7.0,1.0,14.0,2.0,14.0,21.0,8.0,19.0,5.0,8.0,5.0,3.0,2.0,16.0,19.0
4493,202307,22,3.0,7.0,3.0,5.0,7.0,16.0,5.0,5.0,3.0,3.0,3.0,6.0,16.0,4.0,6.0,11.0,5.0,6.0,3.0,7.0,3.0,8.0,1.0,4.0,3.0,4.0,17.0,1.0,4.0,2.0,7.0,0.0,2.0,3.0
4494,202307,23,2.0,8.0,9.0,6.0,7.0,7.0,5.0,4.0,1.0,6.0,4.0,77.0,8.0,10.0,3.0,7.0,8.0,5.0,2.0,5.0,4.0,3.0,3.0,8.0,10.0,4.0,29.0,4.0,5.0,0.0,10.0,0.0,0.0,6.0
4495,202307,24,6.0,18.0,4.0,8.0,4.0,15.0,4.0,4.0,0.0,9.0,9.0,13.0,8.0,11.0,5.0,8.0,3.0,1.0,2.0,8.0,5.0,8.0,6.0,5.0,10.0,3.0,14.0,1.0,2.0,2.0,5.0,2.0,2.0,5.0
4496,202307,25,126.0,7.0,5.0,9.0,3.0,65.0,6.0,13.0,2.0,51.0,17.0,22.0,14.0,20.0,24.0,38.0,13.0,10.0,5.0,15.0,7.0,6.0,3.0,19.0,44.0,8.0,25.0,5.0,27.0,1.0,6.0,4.0,71.0,122.0
4497,202307,26,18.0,3.0,13.0,10.0,3.0,8.0,4.0,7.0,1.0,8.0,8.0,0.0,3.0,58.0,41.0,15.0,2.0,6.0,7.0,7.0,4.0,8.0,5.0,8.0,5.0,7.0,10.0,2.0,3.0,3.0,2.0,4.0,12.0,9.0
4498,202307,27,68.0,10.0,8.0,13.0,2.0,87.0,8.0,27.0,2.0,63.0,7.0,18.0,12.0,38.0,20.0,47.0,9.0,4.0,13.0,14.0,6.0,12.0,4.0,18.0,42.0,15.0,20.0,13.0,24.0,1.0,12.0,1.0,56.0,84.0
4499,202307,28,26.0,8.0,9.0,19.0,3.0,31.0,8.0,20.0,0.0,29.0,8.0,14.0,27.0,51.0,104.0,24.0,8.0,0.0,28.0,11.0,7.0,14.0,9.0,6.0,16.0,9.0,18.0,22.0,20.0,4.0,6.0,6.0,12.0,60.0
4500,202307,29,94.0,23.0,10.0,16.0,14.0,73.0,12.0,26.0,0.0,62.0,16.0,37.0,18.0,31.0,75.0,41.0,11.0,8.0,15.0,14.0,9.0,20.0,14.0,14.0,41.0,9.0,43.0,25.0,35.0,6.0,17.0,9.0,60.0,57.0
4501,202307,30,15.0,9.0,7.0,6.0,5.0,19.0,8.0,6.0,0.0,5.0,16.0,10.0,16.0,39.0,14.0,16.0,11.0,8.0,3.0,18.0,11.0,19.0,8.0,13.0,11.0,5.0,35.0,3.0,8.0,4.0,7.0,2.0,12.0,6.0
4502,202307,31,11.0,8.0,10.0,4.0,2.0,14.0,9.0,5.0,1.0,4.0,16.0,4.0,5.0,44.0,4.0,10.0,5.0,8.0,1.0,19.0,42.0,13.0,7.0,6.0,7.0,1.0,30.0,1.0,12.0,2.0,9.0,7.0,4.0,2.0
4503,202308,1,5.0,9.0,8.0,5.0,1.0,10.0,3.0,4.0,1.0,4.0,6.0,4.0,10.0,36.0,8.0,5.0,6.0,5.0,3.0,14.0,11.0,7.0,8.0,4.0,7.0,4.0,8.0,3.0,5.0,1.0,6.0,1.0,8.0,3.0
4504,202308,2,5.0,5.0,10.0,1.0,1.0,2.0,3.0,1.0,0.0,0.0,3.0,1.0,1.0,13.0,4.0,6.0,2.0,0.0,0.0,3.0,1.0,3.0,1.0,3.0,3.0,5.0,4.0,0.0,3.0,1.0,4.0,0.0,0.0,1.0
4505,202308,3,2.0,9.0,9.0,4.0,3.0,8.0,1.0,3.0,2.0,5.0,5.0,2.0,6.0,75.0,5.0,7.0,1.0,3.0,2.0,6.0,1.0,7.0,3.0,3.0,4.0,2.0,5.0,0.0,4.0,2.0,4.0,9.0,2.0,2.0
4506,202308,4,21.0,4.0,6.0,5.0,3.0,28.0,8.0,4.0,0.0,14.0,9.0,6.0,9.0,10.0,11.0,18.0,4.0,1.0,5.0,6.0,5.0,9.0,6.0,7.0,11.0,4.0,17.0,2.0,5.0,3.0,4.0,14.0,16.0,28.0
4507,202308,5,2.0,4.0,3.0,3.0,7.0,4.0,4.0,1.0,5.0,3.0,3.0,1.0,2.0,2.0,1.0,5.0,2.0,2.0,2.0,4.0,2.0,4.0,1.0,4.0,3.0,4.0,5.0,1.0,3.0,0.0,8.0,4.0,2.0,1.0
4508,202308,6,7.0,10.0,9.0,6.0,17.0,8.0,10.0,4.0,0.0,26.0,14.0,91.0,219.0,21.0,7.0,15.0,2.0,7.0,2.0,12.0,7.0,8.0,5.0,20.0,12.0,7.0,23.0,6.0,18.0,6.0,8.0,5.0,1.0,5.0
4509,202308,7,76.0,33.0,16.0,20.0,29.0,93.0,20.0,64.0,1.0,148.0,30.0,119.0,220.0,20.0,43.0,96.0,13.0,13.0,25.0,26.0,14.0,17.0,14.0,39.0,72.0,29.0,71.0,81.0,84.0,11.0,21.0,5.0,56.0,122.0
4510,202308,8,15.0,14.0,8.0,4.0,5.0,29.0,5.0,13.0,2.0,19.0,18.0,23.0,26.0,12.0,20.0,17.0,5.0,6.0,4.0,15.0,4.0,14.0,6.0,16.0,17.0,7.0,18.0,3.0,12.0,3.0,11.0,10.0,5.0,22.0
4511,202308,9,1.0,37.0,3.0,5.0,1.0,4.0,1.0,3.0,3.0,1.0,3.0,2.0,3.0,7.0,4.0,5.0,4.0,2.0,1.0,8.0,2.0,5.0,2.0,5.0,5.0,2.0,3.0,1.0,5.0,2.0,5.0,6.0,6.0,3.0
4512,202308,10,1.0,15.0,7.0,7.0,5.0,10.0,5.0,3.0,0.0,10.0,7.0,26.0,12.0,9.0,8.0,8.0,3.0,8.0,2.0,10.0,8.0,9.0,5.0,12.0,14.0,9.0,7.0,1.0,6.0,2.0,7.0,14.0,10.0,4.0
4513,202308,11,2.0,6.0,1.0,2.0,3.0,7.0,0.0,4.0,0.0,4.0,3.0,0.0,2.0,4.0,5.0,6.0,3.0,2.0,1.0,10.0,7.0,9.0,1.0,2.0,4.0,3.0,9.0,0.0,2.0,1.0,14.0,11.0,5.0,2.0
4514,202308,12,4.0,5.0,1.0,1.0,3.0,12.0,1.0,4.0,1.0,3.0,2.0,7.0,33.0,6.0,2.0,6.0,3.0,0.0,0.0,7.0,2.0,5.0,0.0,5.0,5.0,0.0,8.0,1.0,4.0,1.0,5.0,9.0,8.0,3.0
4515,202308,13,1.0,4.0,0.0,3.0,3.0,15.0,2.0,4.0,1.0,5.0,8.0,6.0,13.0,4.0,2.0,7.0,1.0,3.0,0.0,5.0,2.0,8.0,5.0,8.0,3.0,3.0,6.0,1.0,3.0,2.0,6.0,6.0,4.0,3.0
4516,202308,14,5.0,10.0,7.0,36.0,1.0,18.0,4.0,7.0,1.0,13.0,4.0,15.0,9.0,10.0,203.0,22.0,4.0,4.0,44.0,11.0,6.0,13.0,1.0,11.0,20.0,20.0,23.0,11.0,10.0,2.0,4.0,5.0,4.0,11.0
4517,202308,15,2.0,11.0,3.0,4.0,3.0,8.0,7.0,4.0,3.0,8.0,8.0,5.0,2.0,2.0,7.0,4.0,4.0,2.0,1.0,1.0,2.0,4.0,5.0,8.0,4.0,3.0,17.0,3.0,6.0,2.0,2.0,2.0,4.0,3.0
4518,202308,16,0.0,7.0,2.0,1.0,1.0,6.0,2.0,5.0,0.0,2.0,2.0,3.0,3.0,1.0,3.0,5.0,2.0,1.0,0.0,5.0,1.0,3.0,0.0,3.0,2.0,3.0,5.0,1.0,3.0,0.0,2.0,2.0,1.0,3.0
4519,202308,17,2.0,6.0,3.0,1.0,7.0,10.0,2.0,7.0,0.0,4.0,11.0,9.0,5.0,5.0,24.0,10.0,60.0,2.0,1.0,5.0,3.0,3.0,3.0,6.0,7.0,2.0,17.0,1.0,2.0,0.0,8.0,4.0,3.0,8.0
4520,202308,18,5.0,5.0,16.0,2.0,2.0,16.0,9.0,9.0,0.0,6.0,5.0,3.0,6.0,24.0,6.0,6.0,6.0,5.0,3.0,25.0,69.0,20.0,6.0,3.0,4.0,4.0,6.0,1.0,3.0,9.0,4.0,3.0,4.0,11.0
4521,202308,19,6.0,11.0,10.0,1.0,3.0,5.0,6.0,4.0,0.0,0.0,2.0,1.0,2.0,10.0,6.0,9.0,0.0,5.0,0.0,7.0,34.0,18.0,5.0,4.0,2.0,9.0,4.0,1.0,3.0,8.0,1.0,1.0,1.0,0.0
4522,202308,20,4.0,30.0,89.0,3.0,3.0,4.0,20.0,1.0,2.0,0.0,15.0,1.0,7.0,47.0,6.0,3.0,2.0,17.0,10.0,197.0,169.0,182.0,12.0,10.0,6.0,11.0,3.0,3.0,4.0,132.0,2.0,11.0,2.0,1.0
4523,202308,21,2.0,12.0,19.0,0.0,1.0,1.0,2.0,1.0,0.0,1.0,3.0,9.0,2.0,12.0,3.0,0.0,1.0,5.0,5.0,87.0,28.0,39.0,3.0,2.0,3.0,3.0,4.0,1.0,1.0,51.0,0.0,5.0,0.0,2.0
4524,202308,22,1.0,8.0,2.0,0.0,2.0,1.0,2.0,1.0,2.0,1.0,9.0,3.0,2.0,3.0,3.0,2.0,2.0,9.0,0.0,3.0,0.0,0.0,0.0,5.0,3.0,2.0,3.0,1.0,2.0,2.0,2.0,1.0,0.0,0.0
4525,202308,23,1.0,2.0,0.0,0.0,2.0,4.0,0.0,3.0,0.0,0.0,3.0,2.0,0.0,1.0,5.0,2.0,1.0,3.0,0.0,3.0,1.0,3.0,4.0,4.0,3.0,1.0,1.0,0.0,2.0,2.0,0.0,1.0,0.0,2.0
4526,202308,24,4.0,8.0,3.0,10.0,2.0,9.0,3.0,2.0,0.0,6.0,3.0,2.0,7.0,2.0,6.0,100.0,4.0,4.0,5.0,6.0,2.0,2.0,3.0,8.0,7.0,7.0,5.0,1.0,6.0,1.0,8.0,1.0,6.0,6.0
4527,202308,25,1.0,11.0,3.0,6.0,1.0,6.0,1.0,2.0,0.0,3.0,3.0,4.0,2.0,4.0,3.0,9.0,1.0,2.0,0.0,6.0,1.0,3.0,1.0,5.0,1.0,0.0,4.0,0.0,4.0,0.0,3.0,5.0,4.0,5.0
4528,202308,26,2.0,9.0,3.0,3.0,1.0,4.0,1.0,1.0,3.0,0.0,2.0,5.0,2.0,0.0,1.0,1.0,2.0,1.0,0.0,1.0,0.0,0.0,1.0,3.0,2.0,2.0,2.0,0.0,0.0,1.0,6.0,4.0,3.0,0.0
4529,202308,27,1.0,38.0,7.0,4.0,3.0,2.0,1.0,1.0,1.0,7.0,9.0,45.0,4.0,3.0,2.0,4.0,4.0,8.0,1.0,1.0,3.0,4.0,1.0,5.0,3.0,1.0,10.0,3.0,3.0,0.0,3.0,1.0,5.0,2.0
4530,202308,28,5.0,7.0,6.0,3.0,8.0,1.0,4.0,1.0,4.0,4.0,4.0,5.0,6.0,7.0,9.0,4.0,1.0,2.0,0.0,9.0,5.0,4.0,3.0,11.0,6.0,3.0,7.0,0.0,4.0,1.0,0.0,4.0,1.0,3.0
4531,202308,29,10.0,16.0,8.0,6.0,183.0,14.0,5.0,13.0,0.0,13.0,20.0,44.0,30.0,9.0,11.0,13.0,21.0,10.0,7.0,5.0,3.0,2.0,6.0,14.0,12.0,9.0,8.0,11.0,10.0,0.0,12.0,2.0,5.0,11.0
4532,202308,30,21.0,27.0,3.0,11.0,202.0,24.0,7.0,25.0,2.0,32.0,21.0,46.0,65.0,10.0,28.0,28.0,61.0,6.0,12.0,7.0,3.0,6.0,3.0,19.0,16.0,9.0,195.0,20.0,18.0,9.0,47.0,1.0,18.0,28.0
4533,202308,31,2.0,3.0,11.0,0.0,21.0,9.0,3.0,2.0,0.0,13.0,1.0,1.0,8.0,8.0,1.0,7.0,6.0,1.0,1.0,8.0,3.0,3.0,3.0,5.0,2.0,1.0,54.0,2.0,6.0,2.0,6.0,1.0,2.0,5.0
4534,202309,1,0.0,3.0,10.0,4.0,1.0,1.0,7.0,5.0,0.0,3.0,5.0,0.0,0.0,11.0,4.0,3.0,1.0,1.0,5.0,28.0,89.0,30.0,2.0,5.0,1.0,4.0,7.0,0.0,2.0,9.0,5.0,0.0,1.0,1.0
4535,202309,2,0.0,4.0,3.0,1.0,1.0,0.0,0.0,0.0,2.0,5.0,2.0,0.0,0.0,4.0,6.0,1.0,1.0,1.0,2.0,7.0,17.0,8.0,0.0,1.0,1.0,1.0,1.0,0.0,1.0,3.0,4.0,3.0,2.0,0.0
4536,202309,3,0.0,3.0,1.0,2.0,1.0,1.0,1.0,1.0,2.0,1.0,1.0,0.0,0.0,21.0,3.0,2.0,0.0,2.0,1.0,4.0,2.0,1.0,3.0,2.0,0.0,2.0,0.0,1.0,0.0,0.0,1.0,1.0,0.0,0.0
4537,202309,4,0.0,2.0,0.0,1.0,0.0,2.0,1.0,0.0,3.0,0.0,1.0,1.0,1.0,3.0,3.0,2.0,1.0,0.0,1.0,2.0,0.0,1.0,0.0,0.0,1.0,1.0,4.0,0.0,2.0,0.0,1.0,1.0,1.0,2.0
4538,202309,5,0.0,2.0,2.0,0.0,2.0,6.0,1.0,0.0,0.0,1.0,1.0,1.0,0.0,3.0,1.0,2.0,0.0,4.0,1.0,1.0,0.0,2.0,0.0,1.0,7.0,1.0,1.0,1.0,0.0,0.0,2.0,5.0,1.0,1.0
4539,202309,6,1.0,3.0,1.0,0.0,0.0,2.0,3.0,0.0,1.0,1.0,1.0,1.0,3.0,1.0,2.0,2.0,2.0,1.0,1.0,4.0,2.0,2.0,1.0,1.0,5.0,2.0,2.0,1.0,3.0,0.0,0.0,1.0,0.0,3.0
4540,202309,7,103.0,8.0,3.0,1.0,1.0,46.0,5.0,26.0,0.0,32.0,3.0,33.0,10.0,8.0,11.0,44.0,3.0,3.0,5.0,8.0,5.0,5.0,1.0,14.0,22.0,5.0,12.0,1.0,32.0,4.0,9.0,5.0,35.0,85.0
4541,202309,8,131.0,52.0,2.0,10.0,11.0,102.0,4.0,23.0,1.0,63.0,9.0,39.0,20.0,8.0,36.0,66.0,18.0,4.0,9.0,11.0,6.0,8.0,2.0,18.0,43.0,11.0,77.0,6.0,53.0,5.0,22.0,2.0,72.0,139.0
4542,202309,9,145.0,32.0,14.0,11.0,10.0,93.0,9.0,83.0,0.0,88.0,28.0,55.0,23.0,17.0,47.0,76.0,27.0,13.0,3.0,21.0,9.0,17.0,8.0,21.0,48.0,14.0,52.0,53.0,77.0,6.0,23.0,0.0,100.0,76.0
4543,202309,10,123.0,24.0,6.0,13.0,14.0,150.0,13.0,50.0,1.0,131.0,20.0,47.0,23.0,11.0,28.0,94.0,22.0,16.0,11.0,14.0,1.0,14.0,9.0,27.0,60.0,24.0,53.0,45.0,51.0,9.0,23.0,5.0,124.0,161.0
4544,202309,11,100.0,8.0,4.0,6.0,1.0,83.0,2.0,5.0,0.0,43.0,9.0,23.0,12.0,5.0,26.0,49.0,7.0,6.0,4.0,10.0,4.0,9.0,3.0,16.0,33.0,12.0,34.0,4.0,18.0,3.0,11.0,3.0,67.0,128.0
4545,202309,12,15.0,9.0,0.0,3.0,1.0,20.0,2.0,0.0,0.0,16.0,4.0,5.0,6.0,2.0,5.0,11.0,2.0,3.0,3.0,4.0,0.0,2.0,2.0,10.0,11.0,4.0,9.0,1.0,8.0,4.0,3.0,1.0,13.0,29.0
4546,202309,13,4.0,3.0,3.0,0.0,1.0,11.0,2.0,1.0,0.0,7.0,3.0,6.0,0.0,3.0,2.0,4.0,0.0,0.0,2.0,1.0,0.0,4.0,3.0,5.0,5.0,3.0,1.0,1.0,4.0,1.0,2.0,5.0,13.0,22.0
4547,202309,14,2.0,2.0,3.0,1.0,1.0,1.0,1.0,1.0,0.0,1.0,13.0,0.0,2.0,19.0,1.0,1.0,0.0,13.0,1.0,6.0,4.0,3.0,2.0,2.0,6.0,3.0,1.0,1.0,4.0,2.0,2.0,1.0,1.0,0.0
4548,202309,15,6.0,3.0,2.0,2.0,1.0,19.0,6.0,1.0,3.0,2.0,9.0,0.0,4.0,11.0,0.0,1.0,0.0,5.0,2.0,4.0,3.0,4.0,1.0,5.0,3.0,0.0,2.0,0.0,0.0,1.0,0.0,0.0,3.0,3.0
4549,202309,16,12.0,5.0,2.0,1.0,2.0,105.0,2.0,7.0,2.0,10.0,7.0,6.0,3.0,4.0,12.0,5.0,4.0,3.0,0.0,5.0,0.0,1.0,0.0,1.0,4.0,1.0,5.0,0.0,6.0,1.0,3.0,1.0,7.0,6.0
4550,202309,17,1.0,2.0,0.0,1.0,0.0,2.0,4.0,3.0,0.0,1.0,0.0,2.0,2.0,0.0,18.0,4.0,0.0,0.0,3.0,4.0,0.0,1.0,0.0,0.0,3.0,3.0,2.0,1.0,1.0,0.0,1.0,3.0,1.0,0.0
4551,202309,18,0.0,0.0,1.0,1.0,2.0,2.0,2.0,1.0,0.0,1.0,3.0,0.0,3.0,0.0,5.0,3.0,9.0,2.0,1.0,3.0,2.0,6.0,0.0,2.0,7.0,6.0,3.0,1.0,3.0,0.0,1.0,1.0,2.0,3.0
4552,202309,19,2.0,19.0,3.0,1.0,1.0,2.0,0.0,4.0,0.0,2.0,0.0,0.0,0.0,5.0,2.0,4.0,10.0,2.0,0.0,4.0,1.0,3.0,2.0,5.0,3.0,1.0,3.0,0.0,2.0,1.0,8.0,1.0,0.0,3.0
4553,202309,20,1.0,15.0,0.0,0.0,0.0,3.0,3.0,1.0,1.0,2.0,8.0,1.0,1.0,8.0,6.0,4.0,1.0,0.0,2.0,3.0,2.0,1.0,4.0,6.0,4.0,4.0,7.0,0.0,3.0,0.0,4.0,0.0,1.0,1.0
4554,202309,21,1.0,2.0,2.0,0.0,4.0,2.0,4.0,2.0,0.0,3.0,2.0,1.0,3.0,3.0,5.0,4.0,2.0,2.0,0.0,5.0,4.0,1.0,6.0,2.0,0.0,2.0,6.0,4.0,2.0,0.0,3.0,2.0,3.0,0.0
4555,202309,22,1.0,2.0,4.0,4.0,0.0,4.0,4.0,1.0,0.0,3.0,2.0,11.0,1.0,2.0,4.0,7.0,0.0,1.0,2.0,2.0,7.0,4.0,3.0,3.0,4.0,4.0,7.0,1.0,2.0,0.0,1.0,1.0,3.0,3.0
4556,202309,23,7.0,2.0,0.0,5.0,1.0,0.0,2.0,5.0,1.0,14.0,1.0,0.0,2.0,3.0,1.0,5.0,3.0,1.0,0.0,2.0,2.0,0.0,0.0,0.0,2.0,0.0,1.0,0.0,1.0,0.0,1.0,4.0,3.0,0.0
4557,202309,24,1.0,29.0,3.0,4.0,2.0,3.0,5.0,6.0,2.0,1.0,1.0,1.0,3.0,1.0,3.0,1.0,1.0,0.0,2.0,7.0,2.0,5.0,0.0,1.0,1.0,1.0,7.0,3.0,3.0,1.0,0.0,1.0,4.0,1.0
4558,202309,25,2.0,38.0,3.0,2.0,3.0,4.0,3.0,1.0,1.0,6.0,17.0,3.0,3.0,3.0,6.0,8.0,8.0,4.0,1.0,3.0,1.0,4.0,0.0,7.0,11.0,2.0,5.0,0.0,6.0,2.0,1.0,4.0,2.0,15.0
4559,202309,26,2.0,2.0,0.0,0.0,2.0,4.0,1.0,1.0,2.0,3.0,2.0,2.0,1.0,0.0,4.0,2.0,4.0,1.0,0.0,1.0,1.0,3.0,2.0,4.0,6.0,4.0,4.0,0.0,3.0,1.0,1.0,5.0,1.0,2.0
4560,202309,27,0.0,2.0,0.0,0.0,1.0,2.0,2.0,1.0,3.0,1.0,3.0,0.0,0.0,1.0,5.0,1.0,1.0,0.0,1.0,3.0,0.0,4.0,4.0,3.0,1.0,3.0,3.0,1.0,1.0,0.0,2.0,3.0,0.0,1.0
4561,202309,28,0.0,5.0,8.0,1.0,0.0,1.0,1.0,1.0,1.0,0.0,0.0,0.0,0.0,3.0,10.0,4.0,4.0,0.0,1.0,3.0,1.0,5.0,2.0,2.0,8.0,3.0,0.0,0.0,2.0,0.0,0.0,5.0,1.0,0.0
4562,202309,29,3.0,4.0,2.0,9.0,1.0,35.0,3.0,2.0,0.0,28.0,6.0,16.0,7.0,5.0,15.0,34.0,6.0,3.0,4.0,4.0,6.0,8.0,1.0,13.0,21.0,6.0,13.0,3.0,18.0,0.0,9.0,5.0,100.0,145.0
4563,202309,30,0.0,1.0,0.0,4.0,1.0,2.0,1.0,0.0,1.0,3.0,0.0,1.0,0.0,2.0,1.0,2.0,0.0,1.0,0.0,1.0,0.0,2.0,0.0,3.0,5.0,2.0,2.0,1.0,2.0,1.0,0.0,4.0,10.0,0.0
4564,202310,1,1.0,3.0,0.0,2.0,1.0,0.0,0.0,1.0,0.0,2.0,1.0,0.0,2.0,0.0,4.0,3.0,0.0,1.0,2.0,3.0,2.0,1.0,0.0,2.0,0.0,2.0,3.0,0.0,1.0,0.0,1.0,3.0,0.0,4.0
4565,202310,2,2.0,2.0,2.0,0.0,1.0,1.0,2.0,3.0,3.0,0.0,0.0,3.0,3.0,11.0,4.0,0.0,0.0,0.0,1.0,4.0,5.0,4.0,1.0,4.0,4.0,2.0,2.0,0.0,0.0,2.0,0.0,4.0,1.0,0.0
4566,202310,3,1.0,2.0,1.0,0.0,0.0,1.0,3.0,0.0,0.0,0.0,1.0,0.0,3.0,0.0,3.0,0.0,3.0,1.0,0.0,4.0,2.0,4.0,2.0,0.0,2.0,2.0,1.0,0.0,1.0,0.0,1.0,10.0,0.0,0.0
4567,202310,4,3.0,211.0,14.0,5.0,2.0,11.0,8.0,4.0,2.0,1.0,12.0,4.0,7.0,8.0,7.0,8.0,1.0,11.0,0.0,14.0,5.0,16.0,4.0,9.0,11.0,15.0,6.0,1.0,4.0,4.0,0.0,4.0,0.0,1.0
4568,202310,5,1.0,24.0,5.0,4.0,2.0,6.0,2.0,2.0,2.0,1.0,7.0,6.0,4.0,8.0,3.0,3.0,0.0,5.0,0.0,5.0,2.0,5.0,3.0,7.0,4.0,10.0,7.0,2.0,0.0,0.0,0.0,4.0,1.0,1.0
4569,202310,6,1.0,12.0,4.0,2.0,1.0,3.0,2.0,2.0,1.0,0.0,2.0,0.0,3.0,1.0,5.0,1.0,0.0,5.0,1.0,1.0,5.0,3.0,0.0,4.0,0.0,1.0,1.0,0.0,0.0,2.0,2.0,2.0,1.0,0.0
4570,202310,7,1.0,4.0,0.0,1.0,1.0,1.0,2.0,0.0,0.0,0.0,0.0,2.0,0.0,0.0,0.0,0.0,3.0,0.0,0.0,3.0,1.0,4.0,0.0,4.0,0.0,2.0,3.0,2.0,1.0,6.0,0.0,1.0,0.0,0.0
4571,202310,8,0.0,3.0,3.0,1.0,0.0,5.0,4.0,1.0,0.0,0.0,1.0,5.0,3.0,1.0,1.0,0.0,0.0,1.0,0.0,0.0,0.0,6.0,1.0,3.0,3.0,1.0,5.0,1.0,1.0,0.0,1.0,5.0,0.0,1.0
4572,202310,9,0.0,3.0,3.0,2.0,0.0,1.0,0.0,3.0,0.0,0.0,0.0,2.0,3.0,3.0,4.0,1.0,0.0,0.0,1.0,3.0,2.0,3.0,1.0,2.0,2.0,0.0,1.0,1.0,3.0,0.0,3.0,3.0,0.0,0.0
4573,202310,10,1.0,2.0,3.0,3.0,1.0,1.0,1.0,0.0,4.0,0.0,2.0,1.0,5.0,1.0,2.0,0.0,1.0,1.0,0.0,4.0,0.0,3.0,1.0,0.0,5.0,3.0,1.0,1.0,2.0,0.0,0.0,3.0,0.0,1.0
4574,202310,11,1.0,3.0,1.0,2.0,1.0,1.0,0.0,0.0,5.0,0.0,2.0,0.0,0.0,1.0,2.0,1.0,0.0,0.0,0.0,3.0,0.0,3.0,2.0,1.0,2.0,2.0,1.0,0.0,0.0,3.0,0.0,4.0,0.0,0.0
4575,202310,12,0.0,3.0,2.0,0.0,4.0,0.0,2.0,0.0,1.0,0.0,1.0,1.0,1.0,18.0,2.0,2.0,0.0,0.0,0.0,5.0,2.0,5.0,3.0,2.0,3.0,1.0,2.0,1.0,0.0,1.0,1.0,2.0,0.0,0.0
4576,202310,13,0.0,4.0,1.0,0.0,2.0,1.0,1.0,2.0,7.0,0.0,3.0,1.0,1.0,4.0,3.0,4.0,2.0,0.0,0.0,4.0,0.0,2.0,1.0,3.0,1.0,2.0,0.0,4.0,1.0,0.0,2.0,4.0,1.0,0.0
4577,202310,14,0.0,1.0,1.0,1.0,0.0,0.0,1.0,0.0,1.0,1.0,2.0,1.0,2.0,0.0,3.0,3.0,0.0,0.0,0.0,1.0,1.0,3.0,0.0,1.0,1.0,2.0,1.0,0.0,3.0,1.0,0.0,3.0,1.0,1.0
4578,202310,15,0.0,0.0,0.0,3.0,0.0,0.0,0.0,1.0,0.0,0.0,0.0,3.0,0.0,0.0,0.0,0.0,2.0,0.0,0.0,1.0,0.0,2.0,0.0,3.0,3.0,4.0,1.0,0.0,1.0,0.0,0.0,5.0,1.0,0.0
4579,202310,16,1.0,4.0,2.0,1.0,1.0,2.0,1.0,3.0,2.0,0.0,0.0,1.0,0.0,0.0,3.0,4.0,0.0,0.0,1.0,0.0,1.0,2.0,0.0,2.0,1.0,1.0,0.0,0.0,1.0,1.0,0.0,0.0,0.0,0.0
4580,202310,17,4.0,4.0,2.0,4.0,0.0,1.0,3.0,0.0,0.0,3.0,4.0,2.0,0.0,8.0,3.0,1.0,0.0,0.0,0.0,4.0,2.0,0.0,3.0,0.0,3.0,5.0,0.0,1.0,3.0,1.0,1.0,4.0,1.0,0.0
4581,202310,18,1.0,1.0,1.0,1.0,0.0,1.0,8.0,0.0,0.0,0.0,1.0,0.0,0.0,3.0,4.0,0.0,1.0,0.0,1.0,6.0,3.0,7.0,2.0,4.0,1.0,1.0,0.0,0.0,0.0,0.0,0.0,1.0,0.0,0.0
4582,202310,19,3.0,3.0,1.0,3.0,1.0,0.0,5.0,1.0,0.0,0.0,2.0,2.0,2.0,3.0,5.0,3.0,2.0,0.0,0.0,10.0,5.0,2.0,2.0,1.0,2.0,0.0,4.0,0.0,3.0,0.0,2.0,4.0,0.0,0.0
4583,202310,20,4.0,3.0,2.0,0.0,3.0,2.0,3.0,8.0,4.0,2.0,6.0,9.0,6.0,3.0,6.0,7.0,7.0,0.0,1.0,5.0,8.0,1.0,1.0,5.0,4.0,1.0,28.0,2.0,1.0,0.0,1.0,1.0,0.0,1.0
4584,202310,21,2.0,6.0,2.0,0.0,2.0,3.0,4.0,9.0,2.0,0.0,3.0,3.0,4.0,0.0,7.0,4.0,8.0,2.0,1.0,2.0,6.0,1.0,1.0,6.0,1.0,4.0,15.0,3.0,0.0,0.0,2.0,7.0,0.0,0.0
4585,202310,22,1.0,3.0,0.0,0.0,2.0,3.0,2.0,6.0,5.0,1.0,4.0,0.0,4.0,1.0,8.0,4.0,9.0,1.0,0.0,5.0,8.0,0.0,0.0,10.0,6.0,3.0,16.0,2.0,2.0,0.0,5.0,5.0,2.0,0.0
4586,202310,23,1.0,3.0,1.0,0.0,1.0,1.0,2.0,2.0,0.0,0.0,1.0,1.0,1.0,1.0,2.0,1.0,1.0,0.0,0.0,2.0,0.0,1.0,1.0,1.0,0.0,2.0,2.0,1.0,2.0,0.0,2.0,7.0,0.0,2.0
4587,202310,24,1.0,9.0,6.0,3.0,1.0,2.0,2.0,0.0,3.0,1.0,40.0,0.0,2.0,3.0,4.0,1.0,0.0,8.0,0.0,3.0,0.0,3.0,3.0,4.0,6.0,1.0,8.0,2.0,2.0,3.0,1.0,5.0,0.0,1.0
4588,202310,25,2.0,162.0,10.0,9.0,2.0,3.0,3.0,0.0,0.0,0.0,18.0,3.0,3.0,10.0,3.0,4.0,3.0,8.0,1.0,7.0,3.0,5.0,7.0,14.0,2.0,14.0,3.0,1.0,3.0,0.0,5.0,1.0,1.0,2.0
4589,202310,26,2.0,22.0,7.0,15.0,2.0,1.0,4.0,1.0,0.0,3.0,11.0,3.0,2.0,11.0,6.0,1.0,1.0,5.0,1.0,11.0,3.0,4.0,7.0,7.0,3.0,3.0,8.0,1.0,1.0,2.0,2.0,0.0,0.0,4.0
4590,202310,27,1.0,8.0,2.0,4.0,2.0,0.0,0.0,1.0,0.0,0.0,6.0,1.0,2.0,2.0,2.0,2.0,2.0,0.0,0.0,2.0,4.0,4.0,2.0,2.0,2.0,1.0,1.0,1.0,2.0,1.0,1.0,1.0,0.0,2.0
4591,202310,28,0.0,8.0,3.0,6.0,0.0,3.0,2.0,0.0,1.0,0.0,3.0,0.0,0.0,83.0,3.0,1.0,2.0,0.0,0.0,3.0,2.0,2.0,4.0,3.0,3.0,6.0,1.0,0.0,0.0,0.0,2.0,4.0,0.0,1.0
4592,202310,29,1.0,8.0,1.0,4.0,0.0,3.0,5.0,4.0,3.0,0.0,0.0,0.0,0.0,16.0,9.0,4.0,1.0,1.0,0.0,3.0,0.0,3.0,4.0,14.0,9.0,1.0,5.0,0.0,3.0,1.0,0.0,1.0,0.0,1.0
4593,202310,30,0.0,3.0,1.0,1.0,0.0,3.0,0.0,0.0,5.0,1.0,2.0,0.0,0.0,4.0,5.0,2.0,0.0,0.0,1.0,5.0,4.0,3.0,1.0,0.0,1.0,3.0,0.0,0.0,0.0,1.0,0.0,1.0,0.0,0.0
4594,202310,31,1.0,2.0,0.0,4.0,0.0,3.0,1.0,0.0,3.0,0.0,3.0,1.0,1.0,3.0,1.0,0.0,0.0,0.0,0.0,1.0,0.0,2.0,2.0,6.0,0.0,1.0,1.0,1.0,2.0,0.0,0.0,3.0,0.0,0.0
4595,202311,1,0.0,4.0,1.0,0.0,2.0,3.0,1.0,2.0,6.0,2.0,1.0,0.0,0.0,2.0,1.0,1.0,1.0,0.0,0.0,1.0,0.0,2.0,1.0,2.0,4.0,3.0,3.0,0.0,2.0,0.0,2.0,4.0,0.0,1.0
4596,202311,2,0.0,2.0,0.0,0.0,1.0,0.0,3.0,1.0,6.0,1.0,3.0,0.0,1.0,1.0,2.0,0.0,1.0,1.0,0.0,4.0,3.0,3.0,2.0,1.0,3.0,0.0,2.0,0.0,2.0,2.0,2.0,3.0,0.0,2.0
4597,202311,3,0.0,2.0,2.0,0.0,0.0,0.0,0.0,0.0,3.0,1.0,0.0,1.0,0.0,2.0,0.0,3.0,0.0,0.0,2.0,2.0,2.0,1.0,2.0,7.0,0.0,2.0,0.0,0.0,1.0,0.0,0.0,2.0,0.0,0.0
4598,202311,4,0.0,2.0,3.0,1.0,0.0,1.0,0.0,1.0,2.0,1.0,0.0,0.0,0.0,0.0,2.0,2.0,2.0,0.0,0.0,2.0,1.0,1.0,2.0,0.0,0.0,0.0,0.0,0.0,0.0,0.0,0.0,3.0,0.0,0.0
4599,202311,5,1.0,0.0,0.0,1.0,0.0,3.0,1.0,0.0,8.0,1.0,2.0,0.0,0.0,2.0,3.0,0.0,0.0,0.0,0.0,1.0,2.0,1.0,1.0,1.0,1.0,1.0,1.0,0.0,1.0,1.0,1.0,1.0,1.0,0.0
4600,202311,6,2.0,1.0,2.0,0.0,0.0,0.0,1.0,0.0,0.0,0.0,1.0,0.0,1.0,1.0,2.0,2.0,0.0,1.0,3.0,3.0,4.0,8.0,0.0,2.0,1.0,0.0,0.0,0.0,0.0,11.0,1.0,2.0,0.0,0.0
4601,202311,7,0.0,2.0,3.0,2.0,1.0,1.0,0.0,0.0,0.0,1.0,0.0,1.0,2.0,3.0,2.0,2.0,0.0,1.0,0.0,4.0,2.0,4.0,3.0,6.0,1.0,2.0,0.0,0.0,2.0,2.0,0.0,2.0,0.0,1.0
4602,202311,8,1.0,1.0,0.0,3.0,1.0,0.0,2.0,0.0,4.0,0.0,1.0,0.0,0.0,5.0,10.0,1.0,0.0,0.0,0.0,3.0,2.0,1.0,2.0,1.0,4.0,2.0,1.0,0.0,0.0,1.0,0.0,1.0,0.0,0.0
4603,202311,9,1.0,3.0,2.0,1.0,1.0,2.0,6.0,0.0,13.0,0.0,1.0,0.0,1.0,1.0,4.0,0.0,1.0,0.0,0.0,3.0,2.0,2.0,2.0,1.0,0.0,0.0,4.0,0.0,0.0,1.0,2.0,3.0,1.0,0.0
4604,202311,10,1.0,7.0,0.0,0.0,1.0,1.0,5.0,0.0,2.0,0.0,2.0,1.0,0.0,0.0,0.0,0.0,1.0,0.0,0.0,0.0,3.0,4.0,0.0,0.0,2.0,1.0,1.0,1.0,1.0,0.0,0.0,3.0,1.0,0.0
4605,202311,11,1.0,7.0,0.0,0.0,2.0,0.0,0.0,0.0,1.0,0.0,2.0,1.0,0.0,1.0,2.0,0.0,2.0,0.0,0.0,0.0,0.0,1.0,0.0,0.0,1.0,0.0,1.0,0.0,2.0,0.0,0.0,1.0,0.0,0.0
4606,202311,12,0.0,7.0,2.0,2.0,1.0,1.0,0.0,0.0,7.0,0.0,2.0,0.0,2.0,1.0,0.0,1.0,1.0,0.0,0.0,3.0,1.0,1.0,0.0,1.0,0.0,1.0,0.0,0.0,1.0,0.0,1.0,0.0,1.0,1.0
4607,202311,13,1.0,8.0,1.0,0.0,0.0,1.0,1.0,1.0,7.0,0.0,4.0,0.0,0.0,0.0,1.0,1.0,0.0,2.0,0.0,0.0,1.0,3.0,0.0,0.0,1.0,1.0,1.0,1.0,2.0,0.0,1.0,4.0,0.0,2.0
4608,202311,14,1.0,6.0,2.0,1.0,0.0,0.0,2.0,0.0,8.0,0.0,9.0,1.0,0.0,0.0,0.0,2.0,0.0,0.0,0.0,3.0,0.0,5.0,3.0,3.0,3.0,0.0,0.0,0.0,0.0,3.0,3.0,0.0,0.0,0.0
4609,202311,15,1.0,9.0,1.0,2.0,1.0,3.0,2.0,1.0,7.0,1.0,5.0,2.0,3.0,7.0,3.0,4.0,1.0,6.0,3.0,13.0,11.0,16.0,2.0,7.0,1.0,2.0,3.0,2.0,3.0,7.0,2.0,14.0,0.0,1.0
4610,202311,16,1.0,4.0,1.0,0.0,1.0,0.0,2.0,0.0,2.0,0.0,3.0,1.0,2.0,0.0,1.0,1.0,1.0,0.0,0.0,3.0,1.0,1.0,3.0,1.0,2.0,1.0,5.0,0.0,0.0,1.0,3.0,0.0,1.0,0.0
4611,202311,17,1.0,2.0,0.0,0.0,1.0,0.0,2.0,0.0,2.0,1.0,0.0,0.0,0.0,1.0,1.0,1.0,0.0,2.0,0.0,3.0,0.0,1.0,0.0,2.0,4.0,1.0,4.0,1.0,0.0,0.0,1.0,2.0,0.0,0.0
4612,202311,18,2.0,1.0,0.0,0.0,0.0,0.0,2.0,1.0,4.0,0.0,5.0,0.0,0.0,4.0,2.0,0.0,1.0,0.0,0.0,0.0,1.0,0.0,1.0,0.0,2.0,1.0,1.0,0.0,2.0,0.0,1.0,0.0,0.0,1.0
4613,202311,19,0.0,4.0,0.0,0.0,0.0,1.0,3.0,1.0,0.0,1.0,1.0,0.0,0.0,8.0,2.0,0.0,0.0,0.0,0.0,5.0,7.0,1.0,1.0,2.0,0.0,0.0,1.0,0.0,0.0,0.0,0.0,0.0,0.0,0.0
4614,202311,20,1.0,1.0,2.0,1.0,0.0,1.0,4.0,1.0,15.0,0.0,3.0,0.0,1.0,4.0,4.0,2.0,1.0,0.0,0.0,3.0,2.0,2.0,1.0,1.0,2.0,1.0,0.0,1.0,2.0,0.0,0.0,1.0,0.0,0.0
4615,202311,21,1.0,1.0,0.0,3.0,3.0,5.0,4.0,2.0,4.0,15.0,3.0,9.0,2.0,0.0,2.0,1.0,1.0,0.0,0.0,6.0,0.0,6.0,5.0,4.0,8.0,3.0,8.0,0.0,5.0,1.0,0.0,5.0,1.0,0.0
4616,202311,22,1.0,2.0,2.0,2.0,1.0,3.0,2.0,2.0,1.0,0.0,4.0,1.0,1.0,1.0,6.0,0.0,3.0,2.0,1.0,3.0,0.0,1.0,3.0,0.0,14.0,1.0,0.0,0.0,1.0,0.0,0.0,2.0,0.0,0.0
4617,202311,23,0.0,2.0,1.0,0.0,0.0,0.0,1.0,0.0,0.0,0.0,0.0,0.0,0.0,1.0,0.0,1.0,0.0,0.0,0.0,0.0,0.0,0.0,0.0,1.0,0.0,0.0,0.0,0.0,0.0,0.0,0.0,1.0,0.0,0.0
4618,202311,24,1.0,2.0,0.0,0.0,0.0,2.0,0.0,1.0,0.0,0.0,0.0,0.0,1.0,9.0,0.0,1.0,0.0,0.0,0.0,2.0,0.0,2.0,2.0,2.0,6.0,0.0,0.0,1.0,0.0,0.0,0.0,1.0,0.0,0.0
4619,202311,25,0.0,7.0,1.0,0.0,0.0,0.0,4.0,1.0,0.0,0.0,1.0,0.0,0.0,16.0,2.0,0.0,0.0,0.0,1.0,0.0,1.0,2.0,0.0,1.0,2.0,10.0,2.0,0.0,0.0,0.0,0.0,2.0,0.0,0.0
4620,202311,26,0.0,1.0,2.0,0.0,1.0,0.0,4.0,4.0,3.0,0.0,0.0,0.0,1.0,2.0,3.0,0.0,2.0,0.0,1.0,1.0,1.0,3.0,2.0,1.0,2.0,2.0,1.0,0.0,1.0,0.0,0.0,1.0,0.0,0.0
4621,202311,27,2.0,1.0,1.0,0.0,0.0,2.0,9.0,5.0,0.0,0.0,1.0,1.0,0.0,2.0,3.0,1.0,0.0,0.0,2.0,9.0,2.0,1.0,1.0,0.0,10.0,0.0,0.0,1.0,0.0,1.0,0.0,5.0,1.0,0.0
4622,202311,28,2.0,2.0,2.0,1.0,0.0,2.0,24.0,1.0,1.0,1.0,1.0,1.0,2.0,0.0,5.0,3.0,4.0,1.0,1.0,8.0,1.0,6.0,6.0,1.0,6.0,1.0,3.0,1.0,3.0,0.0,0.0,12.0,2.0,0.0
4623,202311,29,3.0,0.0,3.0,2.0,1.0,3.0,8.0,3.0,0.0,1.0,2.0,0.0,1.0,1.0,5.0,2.0,1.0,0.0,0.0,4.0,1.0,7.0,4.0,1.0,4.0,1.0,5.0,0.0,0.0,1.0,2.0,12.0,0.0,1.0
4624,202311,30,0.0,3.0,2.0,1.0,4.0,1.0,2.0,3.0,2.0,0.0,2.0,0.0,0.0,3.0,1.0,2.0,0.0,0.0,0.0,4.0,0.0,3.0,3.0,7.0,6.0,0.0,2.0,1.0,1.0,0.0,1.0,11.0,1.0,1.0
4625,202312,1,0.0,4.0,3.0,1.0,3.0,5.0,0.0,3.0,0.0,1.0,4.0,2.0,0.0,15.0,3.0,1.0,1.0,0.0,0.0,2.0,0.0,2.0,3.0,4.0,4.0,3.0,1.0,0.0,3.0,1.0,1.0,8.0,0.0,1.0
4626,202312,2,3.0,4.0,0.0,0.0,1.0,0.0,1.0,2.0,0.0,1.0,2.0,4.0,0.0,7.0,3.0,2.0,0.0,2.0,2.0,1.0,0.0,2.0,2.0,1.0,1.0,0.0,4.0,2.0,2.0,1.0,2.0,4.0,0.0,0.0
4627,202312,3,2.0,0.0,0.0,0.0,0.0,6.0,4.0,6.0,0.0,9.0,2.0,1.0,3.0,8.0,7.0,1.0,3.0,1.0,0.0,0.0,0.0,0.0,0.0,4.0,4.0,1.0,1.0,0.0,1.0,0.0,0.0,0.0,0.0,0.0
4628,202312,4,1.0,0.0,3.0,3.0,0.0,3.0,5.0,3.0,0.0,1.0,0.0,0.0,0.0,3.0,3.0,3.0,1.0,1.0,2.0,8.0,2.0,12.0,0.0,0.0,7.0,0.0,5.0,1.0,0.0,1.0,2.0,7.0,0.0,0.0
4629,202312,5,0.0,4.0,3.0,1.0,0.0,2.0,6.0,0.0,1.0,0.0,3.0,1.0,1.0,1.0,4.0,6.0,1.0,1.0,0.0,8.0,3.0,6.0,3.0,0.0,5.0,2.0,0.0,0.0,0.0,0.0,1.0,12.0,1.0,0.0
4630,202312,6,4.0,2.0,2.0,1.0,0.0,1.0,2.0,1.0,2.0,0.0,1.0,0.0,1.0,3.0,2.0,1.0,1.0,1.0,2.0,3.0,0.0,3.0,3.0,1.0,3.0,0.0,0.0,0.0,0.0,2.0,0.0,17.0,1.0,0.0
4631,202312,7,1.0,0.0,1.0,1.0,0.0,0.0,4.0,3.0,5.0,0.0,0.0,0.0,0.0,7.0,3.0,2.0,0.0,0.0,0.0,2.0,2.0,4.0,1.0,1.0,4.0,2.0,1.0,0.0,0.0,1.0,1.0,18.0,0.0,0.0
4632,202312,8,0.0,2.0,1.0,0.0,0.0,2.0,4.0,2.0,0.0,0.0,1.0,1.0,1.0,11.0,0.0,1.0,0.0,1.0,0.0,3.0,3.0,4.0,4.0,2.0,2.0,0.0,0.0,0.0,1.0,1.0,2.0,11.0,0.0,0.0
4633,202312,9,0.0,3.0,2.0,8.0,0.0,0.0,1.0,0.0,0.0,1.0,0.0,1.0,0.0,4.0,2.0,0.0,0.0,0.0,0.0,1.0,0.0,1.0,1.0,4.0,2.0,1.0,0.0,0.0,0.0,0.0,0.0,5.0,0.0,0.0
4634,202312,10,0.0,1.0,0.0,1.0,1.0,3.0,3.0,0.0,5.0,7.0,3.0,6.0,1.0,2.0,7.0,5.0,4.0,0.0,0.0,1.0,1.0,3.0,1.0,6.0,4.0,3.0,6.0,1.0,3.0,0.0,3.0,0.0,0.0,2.0
4635,202312,11,2.0,3.0,0.0,3.0,2.0,7.0,8.0,4.0,0.0,0.0,0.0,1.0,2.0,4.0,7.0,5.0,2.0,0.0,2.0,3.0,1.0,1.0,0.0,2.0,8.0,2.0,1.0,1.0,5.0,0.0,1.0,1.0,0.0,1.0
4636,202312,12,1.0,3.0,1.0,2.0,1.0,1.0,18.0,3.0,13.0,1.0,0.0,0.0,5.0,5.0,7.0,4.0,3.0,0.0,1.0,6.0,0.0,7.0,5.0,3.0,14.0,4.0,4.0,2.0,2.0,2.0,2.0,3.0,0.0,1.0
4637,202312,13,2.0,5.0,1.0,3.0,1.0,2.0,6.0,3.0,5.0,2.0,2.0,0.0,3.0,7.0,6.0,0.0,2.0,1.0,0.0,2.0,0.0,1.0,7.0,2.0,12.0,2.0,7.0,0.0,1.0,0.0,1.0,2.0,0.0,1.0
4638,202312,14,2.0,3.0,0.0,1.0,0.0,1.0,6.0,0.0,1.0,0.0,1.0,1.0,0.0,23.0,3.0,1.0,1.0,0.0,0.0,7.0,0.0,3.0,9.0,4.0,12.0,5.0,4.0,0.0,4.0,0.0,3.0,2.0,1.0,0.0
4639,202312,15,0.0,3.0,3.0,1.0,1.0,5.0,19.0,2.0,0.0,0.0,2.0,0.0,0.0,1.0,1.0,0.0,2.0,2.0,0.0,10.0,1.0,3.0,3.0,1.0,16.0,1.0,3.0,0.0,1.0,2.0,1.0,2.0,0.0,0.0
4640,202312,16,1.0,1.0,0.0,5.0,0.0,6.0,15.0,2.0,0.0,0.0,0.0,1.0,0.0,1.0,4.0,0.0,2.0,1.0,0.0,2.0,0.0,4.0,4.0,1.0,13.0,0.0,3.0,0.0,1.0,1.0,0.0,5.0,0.0,0.0
4641,202312,17,2.0,1.0,2.0,2.0,0.0,6.0,4.0,6.0,0.0,5.0,2.0,4.0,4.0,0.0,4.0,7.0,1.0,2.0,1.0,1.0,0.0,3.0,7.0,13.0,18.0,5.0,10.0,3.0,2.0,1.0,3.0,1.0,13.0,1.0
4642,202312,18,10.0,4.0,2.0,3.0,3.0,109.0,1.0,4.0,4.0,30.0,0.0,8.0,3.0,1.0,18.0,19.0,6.0,1.0,3.0,5.0,1.0,8.0,1.0,10.0,27.0,7.0,18.0,17.0,12.0,0.0,7.0,4.0,33.0,81.0
4643,202312,19,4.0,5.0,1.0,1.0,2.0,3.0,5.0,1.0,1.0,1.0,3.0,3.0,2.0,4.0,4.0,3.0,5.0,2.0,0.0,1.0,0.0,3.0,5.0,2.0,7.0,3.0,6.0,1.0,6.0,1.0,2.0,1.0,0.0,0.0
4644,202312,20,1.0,4.0,2.0,2.0,1.0,0.0,40.0,4.0,4.0,0.0,4.0,0.0,0.0,2.0,9.0,1.0,0.0,0.0,0.0,9.0,1.0,7.0,14.0,0.0,2.0,3.0,2.0,2.0,1.0,2.0,0.0,2.0,2.0,0.0
4645,202312,21,1.0,3.0,14.0,3.0,0.0,2.0,36.0,3.0,1.0,0.0,1.0,0.0,0.0,4.0,4.0,3.0,1.0,3.0,0.0,9.0,0.0,10.0,7.0,5.0,4.0,4.0,1.0,0.0,1.0,1.0,2.0,5.0,2.0,0.0
4646,202312,22,1.0,7.0,5.0,25.0,2.0,1.0,8.0,2.0,4.0,1.0,4.0,2.0,2.0,5.0,7.0,5.0,1.0,1.0,0.0,5.0,1.0,4.0,2.0,7.0,9.0,2.0,2.0,0.0,1.0,2.0,1.0,1.0,0.0,0.0
4647,202312,23,0.0,14.0,8.0,25.0,3.0,8.0,3.0,2.0,5.0,4.0,8.0,3.0,6.0,15.0,10.0,5.0,3.0,3.0,68.0,7.0,1.0,2.0,3.0,7.0,17.0,6.0,11.0,2.0,3.0,2.0,1.0,4.0,2.0,1.0
4648,202312,24,0.0,15.0,15.0,25.0,7.0,7.0,7.0,2.0,0.0,5.0,11.0,1.0,5.0,29.0,6.0,12.0,1.0,5.0,119.0,3.0,16.0,6.0,7.0,9.0,9.0,17.0,9.0,9.0,2.0,3.0,3.0,2.0,0.0,3.0
4649,202312,25,0.0,6.0,9.0,11.0,5.0,8.0,1.0,2.0,0.0,3.0,7.0,2.0,8.0,12.0,4.0,3.0,2.0,4.0,3.0,12.0,2.0,8.0,10.0,8.0,3.0,3.0,6.0,4.0,2.0,1.0,4.0,1.0,0.0,3.0
4650,202312,26,4.0,5.0,3.0,24.0,2.0,8.0,12.0,10.0,4.0,6.0,2.0,9.0,2.0,28.0,7.0,4.0,5.0,1.0,1.0,3.0,0.0,3.0,0.0,4.0,6.0,2.0,11.0,3.0,9.0,0.0,14.0,1.0,3.0,0.0
4651,202312,27,2.0,3.0,3.0,3.0,2.0,18.0,9.0,6.0,7.0,4.0,4.0,16.0,0.0,5.0,5.0,5.0,7.0,3.0,1.0,5.0,2.0,6.0,3.0,11.0,6.0,3.0,8.0,0.0,10.0,3.0,17.0,0.0,2.0,0.0
4652,202312,28,4.0,3.0,1.0,0.0,0.0,20.0,9.0,4.0,2.0,2.0,2.0,1.0,0.0,0.0,8.0,1.0,3.0,1.0,2.0,2.0,1.0,1.0,4.0,5.0,11.0,4.0,3.0,0.0,6.0,0.0,2.0,4.0,2.0,2.0
4653,202312,29,0.0,3.0,5.0,4.0,0.0,3.0,23.0,1.0,5.0,2.0,0.0,3.0,1.0,2.0,2.0,2.0,1.0,0.0,0.0,4.0,0.0,3.0,2.0,5.0,3.0,6.0,0.0,0.0,1.0,2.0,1.0,3.0,0.0,0.0
4654,202312,30,1.0,1.0,1.0,0.0,0.0,0.0,12.0,3.0,3.0,0.0,2.0,1.0,1.0,1.0,8.0,3.0,2.0,0.0,0.0,3.0,0.0,3.0,4.0,6.0,3.0,1.0,1.0,0.0,3.0,0.0,0.0,1.0,0.0,0.0
4655,202312,31,0.0,0.0,2.0,0.0,0.0,0.0,7.0,0.0,1.0,0.0,1.0,2.0,0.0,5.0,3.0,1.0,0.0,1.0,0.0,5.0,2.0,3.0,0.0,1.0,2.0,2.0,0.0,0.0,1.0,0.0,1.0,2.0,0.0,0.0
4656,202401,1,0.0,1.0,0.0,0.0,0.0,0.0,15.0,0.0,0.0,0.0,0.0,1.0,0.0,0.0,2.0,2.0,0.0,0.0,0.0,3.0,0.0,1.0,4.0,2.0,2.0,1.0,0.0,1.0,0.0,1.0,0.0,0.0,1.0,0.0
4657,202401,2,2.0,2.0,1.0,1.0,1.0,0.0,12.0,1.0,5.0,0.0,1.0,0.0,0.0,0.0,1.0,0.0,1.0,1.0,0.0,1.0,2.0,4.0,0.0,1.0,5.0,0.0,1.0,1.0,0.0,3.0,1.0,2.0,0.0,0.0
4658,202401,3,1.0,3.0,2.0,0.0,0.0,1.0,8.0,0.0,6.0,1.0,2.0,3.0,0.0,1.0,1.0,1.0,1.0,2.0,0.0,0.0,0.0,2.0,3.0,2.0,0.0,0.0,3.0,0.0,1.0,0.0,1.0,2.0,0.0,1.0
4659,202401,4,0.0,18.0,15.0,1.0,0.0,1.0,2.0,2.0,4.0,1.0,3.0,2.0,1.0,6.0,1.0,0.0,0.0,0.0,0.0,2.0,2.0,3.0,1.0,2.0,2.0,2.0,1.0,1.0,0.0,0.0,0.0,15.0,0.0,0.0
4660,202401,5,0.0,1.0,1.0,2.0,2.0,1.0,3.0,0.0,4.0,0.0,1.0,1.0,0.0,0.0,4.0,4.0,0.0,0.0,0.0,4.0,0.0,2.0,2.0,3.0,2.0,1.0,1.0,0.0,0.0,2.0,0.0,5.0,0.0,0.0
4661,202401,6,43.0,8.0,14.0,7.0,4.0,7.0,53.0,11.0,10.0,7.0,13.0,12.0,2.0,18.0,36.0,13.0,11.0,4.0,3.0,14.0,4.0,33.0,5.0,4.0,8.0,8.0,16.0,14.0,17.0,12.0,9.0,19.0,11.0,2.0
4662,202401,7,38.0,5.0,11.0,3.0,5.0,163.0,59.0,8.0,6.0,14.0,27.0,2.0,10.0,32.0,24.0,14.0,13.0,6.0,1.0,23.0,7.0,36.0,3.0,7.0,10.0,4.0,25.0,15.0,19.0,11.0,24.0,14.0,10.0,9.0
4663,202401,8,33.0,125.0,19.0,9.0,12.0,13.0,58.0,3.0,7.0,2.0,147.0,5.0,7.0,47.0,30.0,16.0,15.0,18.0,2.0,25.0,20.0,38.0,5.0,24.0,6.0,21.0,16.0,5.0,19.0,22.0,10.0,12.0,2.0,5.0
4664,202401,9,45.0,63.0,17.0,37.0,33.0,43.0,47.0,30.0,3.0,91.0,57.0,69.0,40.0,36.0,144.0,39.0,68.0,16.0,37.0,26.0,14.0,32.0,6.0,35.0,22.0,51.0,73.0,43.0,37.0,19.0,48.0,13.0,37.0,78.0
4665,202401,10,39.0,8.0,8.0,13.0,6.0,49.0,45.0,6.0,7.0,14.0,22.0,8.0,5.0,32.0,33.0,29.0,15.0,11.0,5.0,25.0,13.0,40.0,4.0,10.0,14.0,12.0,13.0,21.0,20.0,14.0,12.0,4.0,17.0,42.0
4666,202401,11,21.0,7.0,22.0,8.0,3.0,7.0,77.0,2.0,12.0,2.0,23.0,6.0,5.0,51.0,33.0,13.0,11.0,9.0,0.0,34.0,10.0,37.0,10.0,10.0,6.0,6.0,14.0,5.0,13.0,19.0,10.0,11.0,7.0,4.0
4667,202401,12,42.0,60.0,41.0,141.0,22.0,39.0,64.0,12.0,10.0,30.0,41.0,35.0,51.0,131.0,522.0,169.0,33.0,17.0,199.0,42.0,35.0,41.0,31.0,46.0,45.0,80.0,46.0,15.0,28.0,22.0,29.0,13.0,10.0,27.0
4668,202401,13,35.0,23.0,27.0,100.0,11.0,16.0,107.0,10.0,11.0,13.0,25.0,13.0,4.0,93.0,144.0,136.0,17.0,12.0,36.0,27.0,23.0,48.0,39.0,6.0,7.0,24.0,32.0,10.0,16.0,19.0,28.0,16.0,12.0,8.0
4669,202401,14,33.0,131.0,49.0,82.0,15.0,22.0,104.0,11.0,5.0,18.0,57.0,11.0,16.0,159.0,164.0,89.0,23.0,35.0,39.0,58.0,35.0,54.0,25.0,48.0,19.0,47.0,33.0,14.0,17.0,24.0,28.0,15.0,9.0,15.0
4670,202401,15,42.0,392.0,94.0,99.0,44.0,59.0,115.0,33.0,16.0,151.0,337.0,68.0,112.0,259.0,208.0,104.0,44.0,109.0,106.0,73.0,51.0,71.0,38.0,261.0,50.0,110.0,88.0,46.0,46.0,33.0,45.0,29.0,20.0,66.0
4671,202401,16,93.0,95.0,36.0,52.0,29.0,132.0,118.0,87.0,8.0,191.0,121.0,58.0,69.0,66.0,129.0,97.0,45.0,43.0,59.0,47.0,23.0,53.0,18.0,320.0,87.0,66.0,59.0,53.0,63.0,21.0,24.0,15.0,63.0,160.0
4672,202401,17,29.0,22.0,13.0,24.0,15.0,40.0,180.0,19.0,6.0,31.0,36.0,19.0,30.0,71.0,39.0,82.0,18.0,12.0,50.0,35.0,15.0,41.0,16.0,186.0,33.0,18.0,24.0,12.0,28.0,16.0,16.0,9.0,19.0,31.0
4673,202401,18,32.0,21.0,17.0,13.0,11.0,13.0,136.0,8.0,6.0,7.0,29.0,9.0,10.0,39.0,44.0,35.0,15.0,10.0,6.0,44.0,10.0,48.0,15.0,176.0,16.0,12.0,25.0,3.0,23.0,24.0,16.0,14.0,13.0,5.0
4674,202401,19,73.0,21.0,20.0,14.0,15.0,42.0,91.0,26.0,1.0,130.0,23.0,32.0,24.0,24.0,42.0,50.0,29.0,6.0,10.0,33.0,16.0,29.0,4.0,123.0,46.0,28.0,43.0,9.0,33.0,18.0,18.0,13.0,12.0,99.0
4675,202401,20,22.0,4.0,9.0,4.0,2.0,4.0,61.0,0.0,11.0,3.0,15.0,0.0,1.0,19.0,35.0,7.0,12.0,9.0,0.0,19.0,10.0,19.0,3.0,6.0,3.0,3.0,9.0,2.0,13.0,15.0,12.0,16.0,2.0,3.0
4676,202401,21,17.0,15.0,9.0,4.0,4.0,6.0,71.0,4.0,13.0,1.0,16.0,3.0,4.0,18.0,35.0,6.0,5.0,6.0,2.0,15.0,6.0,21.0,3.0,5.0,8.0,6.0,7.0,1.0,14.0,14.0,9.0,5.0,5.0,1.0
4677,202401,22,31.0,65.0,16.0,21.0,6.0,15.0,63.0,5.0,7.0,13.0,26.0,12.0,12.0,31.0,121.0,20.0,13.0,8.0,42.0,38.0,41.0,40.0,4.0,26.0,12.0,137.0,16.0,9.0,15.0,21.0,15.0,14.0,7.0,10.0
4678,202401,23,36.0,41.0,18.0,11.0,8.0,7.0,35.0,5.0,9.0,5.0,31.0,6.0,6.0,23.0,97.0,31.0,15.0,12.0,28.0,16.0,4.0,29.0,8.0,17.0,36.0,23.0,16.0,4.0,15.0,13.0,8.0,6.0,1.0,5.0
4679,202401,24,39.0,35.0,7.0,13.0,8.0,17.0,50.0,6.0,2.0,18.0,37.0,76.0,24.0,23.0,61.0,38.0,15.0,8.0,46.0,22.0,8.0,25.0,9.0,23.0,13.0,30.0,22.0,4.0,31.0,23.0,13.0,7.0,11.0,13.0
4680,202401,25,31.0,18.0,10.0,31.0,10.0,25.0,62.0,7.0,8.0,22.0,33.0,29.0,24.0,31.0,107.0,34.0,11.0,14.0,84.0,26.0,14.0,29.0,6.0,32.0,25.0,37.0,23.0,9.0,26.0,19.0,17.0,12.0,8.0,6.0
4681,202401,26,22.0,16.0,8.0,26.0,7.0,5.0,65.0,5.0,15.0,5.0,17.0,8.0,6.0,20.0,51.0,16.0,11.0,9.0,2.0,17.0,10.0,31.0,1.0,10.0,9.0,6.0,10.0,3.0,15.0,18.0,15.0,18.0,1.0,1.0
4682,202401,27,18.0,4.0,8.0,4.0,5.0,8.0,24.0,2.0,7.0,1.0,18.0,0.0,3.0,21.0,37.0,7.0,11.0,3.0,8.0,9.0,8.0,24.0,1.0,1.0,6.0,0.0,8.0,3.0,18.0,11.0,12.0,17.0,2.0,0.0
4683,202401,28,7.0,3.0,5.0,6.0,3.0,5.0,37.0,1.0,7.0,1.0,1.0,1.0,3.0,5.0,6.0,2.0,3.0,5.0,1.0,2.0,2.0,13.0,2.0,3.0,0.0,5.0,1.0,1.0,3.0,7.0,4.0,10.0,3.0,0.0
4684,202401,29,3.0,2.0,3.0,0.0,1.0,1.0,37.0,0.0,19.0,0.0,1.0,1.0,0.0,3.0,2.0,3.0,1.0,2.0,1.0,7.0,3.0,8.0,7.0,3.0,1.0,4.0,5.0,0.0,1.0,6.0,4.0,15.0,4.0,1.0
4685,202401,30,5.0,2.0,2.0,2.0,0.0,1.0,16.0,0.0,1.0,2.0,0.0,4.0,0.0,4.0,10.0,0.0,1.0,1.0,1.0,6.0,1.0,2.0,17.0,6.0,1.0,2.0,2.0,0.0,1.0,2.0,0.0,7.0,0.0,2.0
4686,202401,31,7.0,0.0,1.0,0.0,1.0,1.0,13.0,0.0,4.0,1.0,1.0,2.0,1.0,5.0,1.0,1.0,0.0,1.0,2.0,12.0,1.0,8.0,4.0,3.0,2.0,2.0,3.0,0.0,2.0,2.0,1.0,4.0,0.0,1.0
4687,202402,1,3.0,5.0,8.0,3.0,1.0,2.0,14.0,2.0,12.0,1.0,1.0,1.0,2.0,4.0,5.0,2.0,1.0,6.0,2.0,21.0,68.0,18.0,3.0,1.0,6.0,2.0,1.0,1.0,3.0,13.0,2.0,5.0,2.0,0.0
4688,202402,2,0.0,3.0,6.0,7.0,0.0,0.0,7.0,0.0,14.0,0.0,1.0,1.0,0.0,28.0,3.0,0.0,0.0,4.0,0.0,3.0,5.0,2.0,1.0,2.0,1.0,2.0,3.0,1.0,1.0,7.0,0.0,1.0,0.0,0.0
4689,202402,3,1.0,5.0,5.0,18.0,1.0,0.0,5.0,1.0,5.0,0.0,3.0,1.0,1.0,152.0,6.0,0.0,1.0,0.0,0.0,9.0,2.0,6.0,10.0,2.0,0.0,9.0,2.0,0.0,1.0,0.0,0.0,2.0,1.0,0.0
4690,202402,4,1.0,3.0,13.0,18.0,0.0,4.0,26.0,2.0,13.0,1.0,3.0,1.0,0.0,29.0,7.0,2.0,3.0,2.0,0.0,86.0,22.0,174.0,24.0,8.0,1.0,1.0,1.0,2.0,0.0,22.0,1.0,3.0,1.0,0.0
4691,202402,5,1.0,3.0,3.0,11.0,0.0,1.0,5.0,0.0,6.0,1.0,2.0,0.0,0.0,8.0,4.0,1.0,1.0,2.0,1.0,32.0,3.0,21.0,7.0,0.0,2.0,1.0,1.0,0.0,2.0,6.0,2.0,1.0,1.0,2.0
4692,202402,6,1.0,4.0,3.0,1.0,0.0,1.0,3.0,1.0,0.0,1.0,0.0,2.0,0.0,3.0,2.0,1.0,6.0,0.0,0.0,4.0,0.0,1.0,2.0,2.0,6.0,2.0,0.0,0.0,1.0,0.0,1.0,1.0,0.0,0.0
4693,202402,7,2.0,0.0,3.0,3.0,0.0,7.0,4.0,2.0,0.0,0.0,0.0,1.0,0.0,5.0,0.0,1.0,0.0,1.0,0.0,4.0,0.0,2.0,5.0,0.0,3.0,0.0,1.0,0.0,5.0,0.0,0.0,3.0,0.0,0.0
4694,202402,8,0.0,1.0,1.0,5.0,0.0,2.0,0.0,0.0,0.0,1.0,1.0,0.0,0.0,3.0,4.0,0.0,0.0,1.0,1.0,2.0,1.0,3.0,4.0,2.0,3.0,2.0,0.0,0.0,0.0,2.0,0.0,6.0,0.0,2.0
4695,202402,9,1.0,2.0,2.0,0.0,1.0,0.0,1.0,0.0,1.0,0.0,0.0,0.0,0.0,3.0,1.0,1.0,0.0,1.0,0.0,1.0,1.0,0.0,1.0,2.0,2.0,2.0,2.0,1.0,0.0,2.0,0.0,10.0,0.0,1.0
4696,202402,10,2.0,1.0,1.0,0.0,0.0,0.0,0.0,0.0,1.0,1.0,0.0,0.0,0.0,7.0,1.0,0.0,1.0,0.0,0.0,1.0,0.0,0.0,0.0,0.0,0.0,0.0,0.0,0.0,1.0,0.0,0.0,2.0,0.0,0.0
4697,202402,11,1.0,7.0,1.0,2.0,1.0,1.0,0.0,1.0,1.0,0.0,2.0,2.0,2.0,0.0,5.0,1.0,2.0,0.0,0.0,0.0,0.0,2.0,0.0,1.0,1.0,2.0,1.0,0.0,0.0,0.0,0.0,0.0,1.0,0.0
4698,202402,12,9.0,9.0,3.0,2.0,3.0,6.0,2.0,2.0,0.0,10.0,9.0,9.0,4.0,4.0,15.0,8.0,7.0,2.0,0.0,6.0,1.0,7.0,0.0,2.0,5.0,4.0,8.0,2.0,8.0,1.0,7.0,3.0,0.0,2.0
4699,202402,13,144.0,9.0,0.0,9.0,9.0,148.0,1.0,17.0,1.0,49.0,7.0,25.0,16.0,3.0,22.0,54.0,11.0,4.0,9.0,4.0,0.0,1.0,5.0,23.0,42.0,13.0,37.0,10.0,25.0,1.0,30.0,26.0,100.0,209.0
4700,202402,14,1.0,0.0,0.0,1.0,0.0,0.0,0.0,2.0,8.0,1.0,2.0,0.0,0.0,2.0,3.0,1.0,0.0,0.0,2.0,0.0,1.0,2.0,3.0,1.0,1.0,0.0,0.0,0.0,0.0,2.0,0.0,1.0,0.0,0.0
4701,202402,15,3.0,1.0,1.0,1.0,1.0,1.0,10.0,0.0,0.0,0.0,1.0,0.0,0.0,8.0,4.0,2.0,0.0,0.0,0.0,1.0,2.0,4.0,5.0,2.0,2.0,2.0,1.0,0.0,2.0,0.0,0.0,3.0,0.0,0.0
4702,202402,16,5.0,3.0,1.0,0.0,2.0,1.0,2.0,3.0,2.0,0.0,2.0,3.0,1.0,82.0,5.0,1.0,1.0,1.0,1.0,3.0,0.0,2.0,5.0,2.0,2.0,0.0,0.0,0.0,2.0,2.0,3.0,7.0,0.0,0.0
4703,202402,17,0.0,4.0,5.0,3.0,3.0,3.0,3.0,0.0,0.0,1.0,2.0,0.0,2.0,14.0,1.0,5.0,3.0,0.0,1.0,4.0,1.0,2.0,7.0,2.0,1.0,4.0,10.0,0.0,2.0,2.0,2.0,2.0,4.0,1.0
4704,202402,18,0.0,2.0,1.0,0.0,1.0,4.0,0.0,1.0,1.0,2.0,3.0,0.0,0.0,4.0,1.0,0.0,4.0,0.0,0.0,3.0,1.0,1.0,1.0,3.0,3.0,0.0,0.0,0.0,0.0,0.0,9.0,2.0,4.0,1.0
4705,202402,19,1.0,0.0,2.0,2.0,1.0,3.0,4.0,1.0,2.0,0.0,2.0,2.0,0.0,6.0,2.0,0.0,0.0,1.0,1.0,24.0,3.0,12.0,1.0,0.0,0.0,1.0,1.0,2.0,2.0,4.0,2.0,0.0,1.0,0.0
4706,202402,20,1.0,3.0,1.0,0.0,1.0,0.0,1.0,1.0,4.0,3.0,0.0,0.0,0.0,2.0,4.0,1.0,0.0,1.0,1.0,4.0,0.0,1.0,2.0,1.0,4.0,0.0,0.0,0.0,1.0,1.0,0.0,2.0,0.0,0.0
4707,202402,21,1.0,5.0,0.0,0.0,2.0,1.0,1.0,2.0,11.0,1.0,1.0,2.0,1.0,0.0,1.0,0.0,1.0,1.0,1.0,0.0,0.0,3.0,2.0,0.0,2.0,2.0,1.0,0.0,1.0,0.0,1.0,5.0,1.0,1.0
4708,202402,22,0.0,2.0,1.0,1.0,3.0,2.0,0.0,1.0,3.0,0.0,0.0,0.0,0.0,1.0,0.0,0.0,1.0,1.0,0.0,2.0,0.0,1.0,3.0,0.0,3.0,0.0,0.0,0.0,2.0,1.0,3.0,1.0,1.0,0.0
4709,202402,23,0.0,1.0,1.0,0.0,2.0,1.0,1.0,0.0,0.0,0.0,0.0,2.0,0.0,1.0,3.0,1.0,1.0,1.0,0.0,1.0,0.0,2.0,0.0,0.0,1.0,1.0,2.0,0.0,0.0,1.0,1.0,0.0,1.0,1.0
4710,202402,24,0.0,0.0,0.0,0.0,0.0,1.0,1.0,1.0,1.0,2.0,1.0,0.0,1.0,0.0,0.0,5.0,1.0,0.0,0.0,0.0,0.0,0.0,0.0,0.0,1.0,0.0,0.0,0.0,2.0,0.0,3.0,4.0,1.0,0.0
4711,202402,25,0.0,1.0,1.0,4.0,1.0,4.0,2.0,0.0,0.0,0.0,0.0,1.0,2.0,0.0,1.0,2.0,0.0,0.0,0.0,1.0,2.0,1.0,0.0,2.0,5.0,0.0,1.0,0.0,2.0,0.0,0.0,1.0,0.0,1.0
4712,202402,26,1.0,1.0,5.0,0.0,0.0,0.0,3.0,0.0,2.0,1.0,1.0,2.0,1.0,1.0,1.0,0.0,0.0,0.0,0.0,3.0,0.0,4.0,6.0,1.0,0.0,1.0,0.0,1.0,1.0,3.0,1.0,2.0,0.0,2.0
4713,202402,27,2.0,6.0,1.0,16.0,2.0,9.0,1.0,1.0,2.0,5.0,2.0,4.0,1.0,36.0,18.0,7.0,0.0,0.0,3.0,7.0,0.0,5.0,2.0,2.0,4.0,5.0,2.0,1.0,4.0,0.0,0.0,2.0,0.0,38.0
4714,202402,28,6.0,6.0,2.0,3.0,2.0,4.0,1.0,0.0,10.0,4.0,0.0,1.0,1.0,0.0,5.0,11.0,2.0,1.0,1.0,3.0,0.0,1.0,3.0,3.0,1.0,2.0,2.0,1.0,4.0,1.0,1.0,2.0,0.0,1.0
4715,202402,29,3.0,0.0,2.0,1.0,1.0,4.0,7.0,0.0,0.0,0.0,0.0,2.0,1.0,1.0,1.0,3.0,1.0,1.0,0.0,14.0,0.0,37.0,3.0,0.0,2.0,1.0,1.0,0.0,2.0,3.0,2.0,0.0,0.0,1.0
4716,202403,1,2.0,1.0,4.0,1.0,0.0,3.0,11.0,0.0,5.0,1.0,1.0,0.0,0.0,8.0,3.0,0.0,0.0,0.0,0.0,7.0,3.0,38.0,3.0,0.0,0.0,2.0,0.0,0.0,0.0,4.0,0.0,2.0,0.0,0.0
4717,202403,2,0.0,5.0,7.0,5.0,0.0,1.0,7.0,1.0,0.0,1.0,3.0,1.0,1.0,49.0,4.0,0.0,0.0,2.0,0.0,20.0,31.0,30.0,23.0,4.0,2.0,2.0,3.0,0.0,1.0,11.0,0.0,3.0,0.0,1.0
4718,202403,3,1.0,6.0,4.0,6.0,6.0,5.0,9.0,4.0,4.0,3.0,6.0,2.0,11.0,34.0,11.0,4.0,9.0,2.0,1.0,10.0,6.0,16.0,13.0,6.0,4.0,3.0,14.0,0.0,1.0,7.0,19.0,3.0,0.0,0.0
4719,202403,4,1.0,0.0,2.0,0.0,1.0,2.0,3.0,3.0,8.0,0.0,3.0,1.0,2.0,6.0,7.0,0.0,2.0,1.0,0.0,1.0,3.0,2.0,5.0,4.0,1.0,0.0,4.0,3.0,0.0,1.0,0.0,4.0,0.0,2.0
4720,202403,5,1.0,2.0,2.0,1.0,0.0,0.0,1.0,2.0,3.0,0.0,3.0,0.0,2.0,2.0,3.0,2.0,0.0,1.0,0.0,2.0,1.0,1.0,9.0,5.0,2.0,0.0,2.0,0.0,1.0,0.0,0.0,0.0,1.0,2.0
4721,202403,6,3.0,2.0,0.0,2.0,0.0,4.0,2.0,2.0,3.0,0.0,1.0,1.0,2.0,1.0,3.0,3.0,0.0,0.0,1.0,3.0,0.0,1.0,3.0,6.0,1.0,1.0,1.0,2.0,3.0,1.0,1.0,0.0,0.0,0.0
4722,202403,7,2.0,222.0,13.0,2.0,7.0,4.0,3.0,2.0,3.0,4.0,13.0,4.0,8.0,10.0,6.0,1.0,4.0,11.0,4.0,11.0,5.0,6.0,6.0,16.0,6.0,13.0,3.0,4.0,1.0,5.0,6.0,5.0,0.0,4.0
4723,202403,8,1.0,30.0,5.0,1.0,5.0,4.0,4.0,1.0,2.0,4.0,7.0,1.0,3.0,5.0,7.0,3.0,3.0,6.0,1.0,6.0,3.0,9.0,1.0,9.0,11.0,4.0,10.0,1.0,3.0,3.0,7.0,0.0,2.0,1.0
4724,202403,9,12.0,41.0,8.0,6.0,56.0,24.0,1.0,23.0,1.0,10.0,28.0,19.0,22.0,14.0,26.0,33.0,93.0,8.0,17.0,6.0,4.0,5.0,2.0,18.0,30.0,21.0,104.0,12.0,4.0,2.0,83.0,3.0,8.0,4.0
4725,202403,10,4.0,14.0,3.0,4.0,16.0,12.0,2.0,7.0,3.0,12.0,12.0,9.0,5.0,7.0,11.0,14.0,14.0,6.0,5.0,6.0,1.0,3.0,1.0,12.0,9.0,12.0,48.0,9.0,7.0,1.0,14.0,1.0,11.0,6.0
4726,202403,11,12.0,3.0,1.0,3.0,0.0,5.0,4.0,3.0,1.0,4.0,3.0,0.0,2.0,6.0,5.0,5.0,6.0,0.0,5.0,1.0,0.0,1.0,3.0,2.0,4.0,2.0,5.0,1.0,2.0,1.0,3.0,1.0,1.0,0.0
4727,202403,12,1.0,6.0,0.0,3.0,1.0,3.0,0.0,2.0,1.0,1.0,0.0,0.0,2.0,2.0,2.0,3.0,3.0,2.0,5.0,0.0,1.0,3.0,3.0,1.0,6.0,0.0,0.0,0.0,1.0,1.0,0.0,3.0,2.0,0.0
4728,202403,13,1.0,2.0,5.0,1.0,2.0,5.0,3.0,0.0,0.0,1.0,3.0,1.0,2.0,20.0,7.0,0.0,1.0,0.0,1.0,10.0,3.0,4.0,2.0,5.0,1.0,1.0,3.0,0.0,1.0,0.0,3.0,1.0,5.0,2.0
4729,202403,14,4.0,111.0,48.0,36.0,15.0,4.0,19.0,4.0,0.0,4.0,27.0,7.0,11.0,476.0,32.0,14.0,4.0,22.0,11.0,43.0,33.0,39.0,47.0,28.0,21.0,39.0,19.0,7.0,4.0,12.0,7.0,3.0,2.0,4.0
4730,202403,15,1.0,29.0,13.0,1.0,1.0,5.0,3.0,2.0,2.0,4.0,64.0,1.0,11.0,26.0,5.0,5.0,5.0,9.0,1.0,13.0,37.0,15.0,3.0,11.0,9.0,8.0,7.0,1.0,2.0,9.0,4.0,0.0,1.0,1.0
4731,202403,16,0.0,56.0,7.0,2.0,6.0,4.0,8.0,3.0,3.0,2.0,9.0,1.0,4.0,13.0,4.0,0.0,3.0,5.0,1.0,5.0,0.0,2.0,1.0,13.0,11.0,4.0,1.0,4.0,2.0,1.0,7.0,5.0,3.0,2.0
4732,202403,17,1.0,4.0,4.0,0.0,3.0,4.0,3.0,3.0,2.0,1.0,6.0,1.0,1.0,3.0,3.0,3.0,0.0,2.0,2.0,3.0,3.0,5.0,1.0,4.0,3.0,1.0,5.0,0.0,2.0,2.0,3.0,1.0,1.0,0.0
4733,202403,18,1.0,3.0,2.0,2.0,1.0,3.0,1.0,0.0,0.0,2.0,3.0,1.0,0.0,3.0,5.0,1.0,1.0,0.0,0.0,5.0,1.0,6.0,0.0,2.0,1.0,1.0,2.0,0.0,2.0,1.0,2.0,3.0,0.0,0.0
4734,202403,19,1.0,3.0,2.0,0.0,1.0,4.0,2.0,1.0,2.0,0.0,3.0,1.0,0.0,2.0,2.0,2.0,0.0,0.0,0.0,1.0,1.0,0.0,3.0,5.0,6.0,1.0,2.0,1.0,2.0,1.0,1.0,1.0,0.0,0.0
4735,202403,20,2.0,4.0,2.0,1.0,4.0,6.0,1.0,2.0,0.0,1.0,2.0,1.0,0.0,0.0,2.0,10.0,0.0,0.0,1.0,1.0,1.0,1.0,3.0,2.0,3.0,0.0,0.0,0.0,1.0,1.0,1.0,1.0,0.0,0.0
4736,202403,21,2.0,31.0,3.0,2.0,2.0,4.0,1.0,0.0,1.0,0.0,14.0,1.0,4.0,4.0,1.0,1.0,1.0,5.0,1.0,2.0,3.0,1.0,0.0,5.0,2.0,1.0,2.0,0.0,0.0,2.0,0.0,3.0,0.0,1.0
4737,202403,22,4.0,7.0,2.0,2.0,1.0,3.0,3.0,2.0,2.0,3.0,3.0,6.0,7.0,0.0,10.0,7.0,37.0,3.0,3.0,2.0,1.0,2.0,1.0,4.0,3.0,2.0,2.0,2.0,1.0,3.0,9.0,4.0,2.0,2.0
4738,202403,23,11.0,2.0,4.0,0.0,6.0,43.0,2.0,11.0,1.0,8.0,3.0,12.0,4.0,5.0,11.0,8.0,91.0,2.0,0.0,5.0,1.0,5.0,0.0,1.0,5.0,0.0,22.0,2.0,13.0,2.0,15.0,0.0,15.0,12.0
4739,202403,24,6.0,11.0,10.0,88.0,5.0,22.0,4.0,2.0,1.0,10.0,8.0,7.0,2.0,42.0,11.0,7.0,20.0,6.0,1.0,4.0,5.0,4.0,8.0,5.0,5.0,6.0,5.0,2.0,2.0,2.0,7.0,0.0,7.0,3.0
4740,202403,25,3.0,3.0,3.0,12.0,0.0,8.0,1.0,2.0,3.0,1.0,3.0,2.0,4.0,17.0,14.0,4.0,3.0,0.0,0.0,3.0,2.0,5.0,4.0,7.0,3.0,6.0,5.0,2.0,1.0,0.0,1.0,2.0,2.0,0.0
4741,202403,26,1.0,4.0,2.0,7.0,0.0,1.0,4.0,2.0,2.0,1.0,1.0,0.0,0.0,2.0,5.0,0.0,1.0,0.0,3.0,3.0,1.0,1.0,1.0,3.0,18.0,2.0,2.0,0.0,2.0,0.0,2.0,2.0,1.0,1.0
4742,202403,27,4.0,12.0,5.0,5.0,17.0,6.0,3.0,9.0,4.0,4.0,9.0,7.0,4.0,3.0,8.0,9.0,25.0,4.0,6.0,6.0,3.0,9.0,0.0,4.0,5.0,3.0,22.0,4.0,1.0,1.0,17.0,0.0,0.0,1.0
4743,202403,28,3.0,3.0,3.0,2.0,1.0,3.0,3.0,0.0,7.0,4.0,1.0,0.0,1.0,4.0,1.0,4.0,2.0,2.0,1.0,5.0,1.0,2.0,2.0,7.0,6.0,2.0,6.0,0.0,1.0,0.0,0.0,0.0,0.0,1.0
4744,202403,29,4.0,0.0,3.0,1.0,2.0,2.0,4.0,0.0,1.0,0.0,1.0,0.0,1.0,9.0,2.0,2.0,2.0,0.0,2.0,3.0,1.0,6.0,0.0,2.0,4.0,1.0,3.0,0.0,2.0,1.0,1.0,5.0,0.0,0.0
4745,202403,30,2.0,1.0,2.0,2.0,0.0,0.0,2.0,0.0,5.0,0.0,0.0,0.0,0.0,6.0,0.0,0.0,0.0,0.0,3.0,2.0,0.0,7.0,1.0,0.0,2.0,1.0,2.0,0.0,0.0,2.0,0.0,0.0,0.0,0.0
4746,202403,31,1.0,7.0,6.0,0.0,0.0,3.0,6.0,1.0,5.0,0.0,1.0,1.0,0.0,15.0,4.0,0.0,0.0,0.0,0.0,2.0,4.0,2.0,2.0,3.0,1.0,2.0,2.0,3.0,0.0,4.0,0.0,2.0,0.0,0.0
4747,202404,1,0.0,22.0,6.0,2.0,3.0,1.0,6.0,3.0,6.0,0.0,3.0,1.0,2.0,5.0,18.0,4.0,1.0,0.0,0.0,7.0,1.0,5.0,0.0,6.0,2.0,11.0,4.0,0.0,0.0,2.0,0.0,2.0,0.0,0.0
4748,202404,2,6.0,5.0,0.0,9.0,0.0,5.0,3.0,2.0,1.0,4.0,3.0,4.0,7.0,2.0,23.0,9.0,1.0,0.0,4.0,2.0,3.0,1.0,1.0,3.0,9.0,6.0,3.0,2.0,6.0,1.0,1.0,6.0,0.0,0.0
4749,202404,3,96.0,27.0,7.0,15.0,49.0,74.0,3.0,25.0,6.0,54.0,13.0,48.0,29.0,1.0,39.0,49.0,66.0,10.0,8.0,5.0,6.0,4.0,2.0,22.0,24.0,14.0,92.0,18.0,38.0,4.0,64.0,3.0,54.0,132.0
4750,202404,4,23.0,7.0,6.0,7.0,9.0,96.0,4.0,11.0,3.0,24.0,4.0,11.0,5.0,4.0,8.0,29.0,13.0,2.0,5.0,9.0,1.0,14.0,1.0,9.0,13.0,4.0,15.0,7.0,9.0,4.0,9.0,0.0,18.0,31.0
4751,202404,5,11.0,1.0,4.0,0.0,2.0,14.0,4.0,1.0,1.0,3.0,4.0,3.0,0.0,22.0,3.0,5.0,1.0,1.0,0.0,6.0,2.0,8.0,1.0,2.0,2.0,2.0,2.0,0.0,1.0,1.0,1.0,1.0,5.0,3.0
4752,202404,6,2.0,0.0,2.0,0.0,2.0,0.0,6.0,0.0,3.0,0.0,3.0,0.0,0.0,33.0,2.0,1.0,0.0,0.0,0.0,2.0,0.0,4.0,0.0,1.0,1.0,1.0,2.0,0.0,1.0,1.0,1.0,3.0,0.0,0.0
4753,202404,7,0.0,3.0,1.0,1.0,0.0,1.0,1.0,0.0,9.0,0.0,0.0,1.0,1.0,7.0,2.0,1.0,0.0,0.0,0.0,0.0,0.0,1.0,0.0,2.0,2.0,1.0,0.0,1.0,0.0,0.0,0.0,2.0,0.0,0.0
4754,202404,8,3.0,23.0,4.0,0.0,2.0,0.0,3.0,0.0,4.0,0.0,0.0,1.0,2.0,2.0,6.0,0.0,4.0,1.0,3.0,7.0,3.0,3.0,1.0,3.0,4.0,4.0,5.0,2.0,3.0,2.0,1.0,1.0,1.0,0.0
4755,202404,9,1.0,56.0,3.0,3.0,2.0,7.0,5.0,0.0,2.0,4.0,7.0,3.0,1.0,2.0,1.0,3.0,0.0,7.0,0.0,7.0,3.0,4.0,1.0,4.0,5.0,5.0,5.0,1.0,4.0,2.0,2.0,4.0,1.0,3.0
4756,202404,10,3.0,26.0,2.0,1.0,13.0,3.0,4.0,0.0,11.0,0.0,27.0,6.0,6.0,1.0,1.0,0.0,2.0,3.0,0.0,3.0,0.0,6.0,0.0,5.0,2.0,2.0,5.0,0.0,2.0,2.0,0.0,2.0,0.0,0.0
4757,202404,11,13.0,12.0,2.0,0.0,23.0,24.0,1.0,7.0,9.0,10.0,5.0,23.0,8.0,4.0,14.0,15.0,26.0,2.0,4.0,9.0,3.0,6.0,1.0,10.0,13.0,5.0,56.0,5.0,7.0,2.0,37.0,8.0,14.0,10.0
4758,202404,12,1.0,0.0,3.0,2.0,0.0,2.0,6.0,1.0,2.0,3.0,2.0,1.0,1.0,9.0,3.0,0.0,0.0,2.0,0.0,14.0,0.0,24.0,1.0,1.0,0.0,0.0,3.0,1.0,1.0,2.0,2.0,15.0,4.0,2.0
4759,202404,13,1.0,0.0,1.0,0.0,0.0,0.0,0.0,0.0,1.0,0.0,1.0,0.0,1.0,1.0,0.0,0.0,0.0,0.0,1.0,1.0,0.0,4.0,1.0,0.0,0.0,0.0,1.0,0.0,0.0,0.0,0.0,1.0,0.0,0.0
4760,202404,14,0.0,4.0,1.0,0.0,1.0,0.0,0.0,2.0,4.0,0.0,2.0,0.0,2.0,0.0,0.0,4.0,1.0,0.0,1.0,0.0,1.0,1.0,0.0,2.0,0.0,0.0,1.0,2.0,0.0,0.0,1.0,6.0,0.0,1.0
4761,202404,15,3.0,0.0,1.0,0.0,0.0,2.0,3.0,1.0,2.0,3.0,0.0,2.0,1.0,0.0,1.0,0.0,2.0,1.0,0.0,1.0,0.0,3.0,4.0,1.0,2.0,3.0,6.0,1.0,3.0,2.0,0.0,5.0,0.0,0.0
4762,202404,16,3.0,5.0,2.0,0.0,0.0,4.0,2.0,0.0,5.0,0.0,3.0,0.0,0.0,1.0,10.0,0.0,0.0,0.0,2.0,3.0,1.0,6.0,1.0,1.0,5.0,3.0,4.0,0.0,1.0,5.0,1.0,0.0,0.0,0.0
4763,202404,17,2.0,5.0,3.0,5.0,2.0,1.0,0.0,0.0,2.0,0.0,1.0,0.0,2.0,2.0,2.0,1.0,0.0,0.0,0.0,5.0,1.0,5.0,0.0,3.0,5.0,1.0,0.0,0.0,3.0,2.0,1.0,3.0,0.0,0.0
4764,202404,18,0.0,4.0,3.0,2.0,1.0,3.0,3.0,0.0,1.0,0.0,2.0,0.0,3.0,4.0,2.0,0.0,1.0,1.0,0.0,2.0,0.0,1.0,0.0,2.0,3.0,6.0,2.0,0.0,3.0,1.0,0.0,11.0,1.0,0.0
4765,202404,19,1.0,0.0,4.0,1.0,1.0,2.0,0.0,1.0,1.0,0.0,2.0,1.0,2.0,6.0,0.0,1.0,0.0,0.0,0.0,3.0,1.0,5.0,2.0,1.0,2.0,1.0,1.0,1.0,1.0,3.0,1.0,8.0,0.0,0.0
4766,202404,20,5.0,407.0,23.0,8.0,13.0,5.0,2.0,1.0,2.0,4.0,47.0,9.0,14.0,28.0,6.0,5.0,6.0,21.0,6.0,8.0,5.0,7.0,4.0,26.0,13.0,24.0,15.0,3.0,2.0,9.0,4.0,3.0,0.0,1.0
4767,202404,21,6.0,16.0,4.0,4.0,5.0,3.0,7.0,1.0,0.0,4.0,9.0,6.0,8.0,11.0,3.0,5.0,3.0,4.0,1.0,11.0,4.0,11.0,4.0,9.0,3.0,5.0,7.0,2.0,3.0,3.0,2.0,4.0,0.0,3.0
4768,202404,22,1.0,3.0,1.0,0.0,0.0,0.0,1.0,3.0,2.0,0.0,0.0,2.0,0.0,3.0,1.0,1.0,1.0,1.0,0.0,5.0,0.0,1.0,2.0,5.0,0.0,1.0,1.0,0.0,0.0,0.0,1.0,0.0,0.0,0.0
4769,202404,23,4.0,7.0,1.0,1.0,0.0,3.0,1.0,0.0,0.0,0.0,0.0,0.0,2.0,1.0,2.0,2.0,1.0,3.0,0.0,6.0,0.0,6.0,1.0,2.0,2.0,1.0,1.0,2.0,1.0,4.0,0.0,2.0,0.0,0.0
4770,202404,24,1.0,4.0,3.0,0.0,0.0,1.0,0.0,1.0,0.0,0.0,1.0,3.0,0.0,1.0,3.0,0.0,1.0,1.0,0.0,6.0,2.0,4.0,0.0,4.0,1.0,3.0,2.0,0.0,2.0,1.0,0.0,5.0,0.0,0.0
4771,202404,25,1.0,8.0,0.0,0.0,0.0,1.0,0.0,1.0,2.0,1.0,5.0,1.0,1.0,2.0,5.0,6.0,0.0,0.0,1.0,8.0,2.0,6.0,0.0,4.0,2.0,4.0,1.0,1.0,2.0,6.0,0.0,7.0,0.0,1.0
4772,202404,26,0.0,69.0,6.0,5.0,2.0,4.0,2.0,3.0,2.0,0.0,9.0,1.0,5.0,4.0,8.0,3.0,0.0,9.0,0.0,6.0,3.0,4.0,1.0,12.0,5.0,14.0,2.0,1.0,1.0,3.0,1.0,4.0,0.0,0.0
4773,202404,27,0.0,8.0,2.0,1.0,0.0,1.0,2.0,1.0,1.0,0.0,2.0,1.0,0.0,25.0,2.0,2.0,1.0,2.0,0.0,2.0,1.0,2.0,1.0,0.0,0.0,2.0,0.0,0.0,1.0,2.0,1.0,3.0,0.0,0.0
4774,202404,28,2.0,38.0,0.0,3.0,2.0,2.0,3.0,4.0,0.0,1.0,12.0,1.0,3.0,5.0,3.0,2.0,4.0,1.0,1.0,7.0,2.0,3.0,2.0,7.0,3.0,6.0,5.0,4.0,1.0,1.0,0.0,2.0,0.0,2.0
4775,202404,29,0.0,14.0,2.0,2.0,1.0,2.0,1.0,3.0,0.0,0.0,2.0,1.0,0.0,0.0,2.0,0.0,1.0,3.0,1.0,3.0,1.0,8.0,0.0,3.0,2.0,3.0,0.0,0.0,1.0,0.0,0.0,5.0,0.0,1.0
4776,202404,30,8.0,5.0,4.0,1.0,1.0,5.0,2.0,2.0,1.0,1.0,2.0,2.0,0.0,3.0,0.0,2.0,0.0,2.0,0.0,3.0,3.0,2.0,0.0,3.0,4.0,1.0,0.0,0.0,3.0,1.0,0.0,0.0,0.0,1.0
4777,202405,1,1.0,2.0,2.0,0.0,2.0,2.0,3.0,1.0,1.0,1.0,1.0,0.0,0.0,1.0,0.0,3.0,1.0,3.0,0.0,4.0,1.0,3.0,0.0,1.0,3.0,2.0,1.0,0.0,2.0,4.0,1.0,2.0,0.0,0.0
4778,202405,2,4.0,38.0,14.0,5.0,8.0,2.0,6.0,2.0,0.0,2.0,194.0,4.0,6.0,9.0,34.0,7.0,3.0,19.0,4.0,5.0,4.0,6.0,2.0,19.0,10.0,16.0,6.0,3.0,2.0,4.0,4.0,5.0,0.0,4.0
4779,202405,3,2.0,23.0,10.0,5.0,5.0,2.0,3.0,0.0,2.0,3.0,127.0,3.0,8.0,9.0,7.0,2.0,1.0,14.0,0.0,4.0,1.0,4.0,1.0,17.0,7.0,9.0,6.0,2.0,6.0,2.0,2.0,6.0,0.0,2.0
4780,202405,4,0.0,16.0,6.0,3.0,0.0,3.0,2.0,1.0,0.0,4.0,33.0,12.0,4.0,4.0,4.0,0.0,1.0,9.0,1.0,1.0,3.0,1.0,3.0,5.0,2.0,4.0,3.0,0.0,5.0,0.0,0.0,4.0,0.0,0.0
4781,202405,5,2.0,22.0,8.0,2.0,5.0,2.0,3.0,2.0,0.0,2.0,133.0,2.0,8.0,11.0,4.0,2.0,2.0,11.0,1.0,1.0,1.0,2.0,1.0,16.0,6.0,9.0,4.0,0.0,1.0,2.0,3.0,4.0,1.0,0.0
4782,202405,6,4.0,10.0,1.0,3.0,3.0,1.0,12.0,0.0,1.0,2.0,10.0,1.0,1.0,37.0,2.0,3.0,0.0,2.0,1.0,6.0,2.0,5.0,4.0,5.0,2.0,5.0,2.0,3.0,1.0,2.0,0.0,8.0,1.0,1.0
4783,202405,7,7.0,7.0,7.0,20.0,1.0,4.0,4.0,0.0,0.0,1.0,3.0,3.0,3.0,32.0,125.0,16.0,2.0,2.0,11.0,6.0,3.0,5.0,3.0,11.0,14.0,9.0,3.0,1.0,3.0,0.0,0.0,2.0,1.0,3.0
4784,202405,8,2.0,6.0,3.0,5.0,2.0,4.0,0.0,2.0,2.0,5.0,2.0,39.0,1.0,5.0,9.0,3.0,1.0,2.0,1.0,4.0,1.0,4.0,1.0,7.0,2.0,4.0,3.0,1.0,3.0,0.0,3.0,4.0,0.0,2.0
4785,202405,9,5.0,39.0,1.0,1.0,11.0,5.0,4.0,3.0,3.0,2.0,7.0,15.0,92.0,7.0,7.0,4.0,5.0,3.0,4.0,7.0,2.0,7.0,0.0,10.0,8.0,3.0,15.0,0.0,10.0,7.0,6.0,13.0,0.0,2.0
4786,202405,10,3.0,8.0,5.0,5.0,13.0,9.0,5.0,3.0,1.0,6.0,8.0,8.0,12.0,5.0,5.0,9.0,8.0,4.0,3.0,3.0,3.0,8.0,3.0,5.0,13.0,4.0,22.0,2.0,4.0,1.0,16.0,5.0,1.0,2.0
4787,202405,11,3.0,8.0,0.0,0.0,3.0,0.0,3.0,0.0,1.0,0.0,1.0,2.0,2.0,3.0,3.0,4.0,1.0,2.0,0.0,2.0,1.0,4.0,0.0,0.0,0.0,0.0,2.0,3.0,0.0,0.0,0.0,10.0,0.0,0.0
4788,202405,12,2.0,159.0,10.0,3.0,5.0,3.0,3.0,1.0,1.0,4.0,15.0,2.0,3.0,9.0,6.0,4.0,0.0,8.0,2.0,9.0,1.0,3.0,2.0,11.0,6.0,15.0,4.0,2.0,1.0,3.0,1.0,0.0,0.0,1.0
4789,202405,13,1.0,28.0,8.0,4.0,8.0,0.0,2.0,1.0,2.0,2.0,125.0,1.0,6.0,4.0,11.0,4.0,1.0,12.0,4.0,4.0,1.0,2.0,1.0,13.0,5.0,11.0,7.0,1.0,2.0,1.0,3.0,2.0,0.0,0.0
4790,202405,14,2.0,1.0,1.0,2.0,0.0,3.0,2.0,1.0,0.0,0.0,5.0,7.0,1.0,0.0,3.0,1.0,0.0,1.0,1.0,2.0,3.0,0.0,1.0,6.0,1.0,2.0,0.0,0.0,2.0,0.0,0.0,8.0,0.0,1.0
4791,202405,15,6.0,7.0,4.0,5.0,21.0,11.0,3.0,4.0,0.0,14.0,13.0,131.0,13.0,5.0,13.0,9.0,22.0,5.0,2.0,4.0,2.0,3.0,1.0,16.0,13.0,4.0,41.0,6.0,12.0,2.0,24.0,7.0,3.0,4.0
4792,202405,16,7.0,253.0,23.0,7.0,10.0,11.0,6.0,5.0,2.0,12.0,81.0,14.0,8.0,9.0,20.0,11.0,6.0,32.0,2.0,14.0,8.0,8.0,3.0,29.0,12.0,17.0,16.0,4.0,7.0,5.0,5.0,22.0,0.0,8.0
4793,202405,17,3.0,7.0,6.0,1.0,4.0,5.0,4.0,5.0,0.0,1.0,9.0,1.0,3.0,6.0,3.0,6.0,1.0,4.0,1.0,7.0,7.0,7.0,1.0,1.0,1.0,2.0,3.0,1.0,3.0,3.0,0.0,13.0,0.0,1.0
4794,202405,18,2.0,5.0,1.0,1.0,2.0,4.0,2.0,4.0,3.0,0.0,6.0,1.0,5.0,4.0,2.0,5.0,3.0,5.0,0.0,1.0,1.0,3.0,0.0,2.0,5.0,2.0,12.0,0.0,3.0,0.0,1.0,1.0,1.0,0.0
4795,202405,19,5.0,1.0,5.0,0.0,3.0,3.0,2.0,2.0,6.0,0.0,4.0,0.0,4.0,3.0,7.0,2.0,1.0,0.0,1.0,3.0,1.0,4.0,0.0,1.0,1.0,0.0,2.0,0.0,2.0,1.0,3.0,4.0,1.0,0.0
4796,202405,20,4.0,3.0,4.0,12.0,0.0,4.0,7.0,0.0,3.0,1.0,0.0,1.0,4.0,25.0,78.0,9.0,1.0,2.0,10.0,5.0,2.0,3.0,1.0,5.0,7.0,7.0,1.0,1.0,2.0,1.0,0.0,5.0,1.0,2.0
4797,202405,21,1.0,1.0,6.0,4.0,1.0,2.0,1.0,1.0,0.0,0.0,2.0,1.0,2.0,3.0,4.0,2.0,0.0,2.0,0.0,2.0,2.0,4.0,1.0,2.0,3.0,2.0,0.0,2.0,0.0,1.0,1.0,7.0,1.0,1.0
4798,202405,22,3.0,211.0,15.0,10.0,5.0,4.0,7.0,0.0,0.0,9.0,18.0,4.0,4.0,14.0,4.0,6.0,2.0,13.0,5.0,6.0,4.0,9.0,7.0,22.0,9.0,14.0,8.0,2.0,4.0,4.0,3.0,2.0,6.0,5.0
4799,202405,23,11.0,5.0,2.0,6.0,2.0,27.0,5.0,2.0,0.0,9.0,1.0,14.0,6.0,6.0,6.0,11.0,2.0,2.0,2.0,4.0,1.0,6.0,0.0,9.0,9.0,9.0,11.0,0.0,10.0,2.0,4.0,8.0,24.0,61.0
4800,202405,24,7.0,100.0,7.0,17.0,4.0,7.0,5.0,3.0,1.0,3.0,13.0,5.0,9.0,7.0,123.0,14.0,2.0,5.0,25.0,9.0,5.0,7.0,1.0,17.0,13.0,15.0,13.0,2.0,4.0,4.0,1.0,16.0,2.0,3.0
4801,202405,25,3.0,10.0,2.0,6.0,4.0,2.0,2.0,3.0,3.0,1.0,2.0,3.0,7.0,8.0,2.0,8.0,1.0,4.0,4.0,4.0,2.0,7.0,4.0,2.0,5.0,4.0,2.0,3.0,8.0,3.0,0.0,3.0,0.0,2.0
4802,202405,26,3.0,1.0,1.0,1.0,0.0,3.0,2.0,0.0,0.0,13.0,1.0,8.0,2.0,2.0,24.0,11.0,0.0,2.0,1.0,2.0,3.0,4.0,1.0,3.0,5.0,2.0,3.0,0.0,7.0,3.0,1.0,6.0,1.0,0.0
4803,202405,27,71.0,41.0,5.0,8.0,3.0,39.0,3.0,8.0,0.0,34.0,10.0,11.0,12.0,3.0,14.0,30.0,2.0,4.0,6.0,6.0,1.0,6.0,1.0,16.0,24.0,7.0,16.0,5.0,14.0,3.0,5.0,3.0,34.0,87.0
4804,202405,28,11.0,510.0,50.0,11.0,17.0,16.0,10.0,8.0,1.0,11.0,123.0,17.0,23.0,18.0,24.0,10.0,14.0,32.0,8.0,27.0,17.0,20.0,14.0,34.0,21.0,39.0,23.0,7.0,4.0,8.0,3.0,2.0,3.0,8.0
4805,202405,29,9.0,141.0,31.0,9.0,7.0,5.0,15.0,10.0,1.0,27.0,20.0,16.0,9.0,14.0,16.0,8.0,13.0,20.0,2.0,19.0,9.0,18.0,4.0,8.0,17.0,14.0,10.0,2.0,6.0,7.0,5.0,3.0,5.0,12.0
4806,202405,30,8.0,489.0,40.0,8.0,18.0,11.0,8.0,4.0,3.0,8.0,41.0,10.0,13.0,30.0,24.0,14.0,15.0,38.0,9.0,28.0,14.0,15.0,2.0,28.0,15.0,23.0,17.0,4.0,5.0,6.0,6.0,4.0,3.0,7.0
4807,202405,31,5.0,138.0,35.0,11.0,8.0,11.0,13.0,12.0,0.0,8.0,62.0,16.0,10.0,15.0,25.0,16.0,18.0,24.0,4.0,22.0,8.0,21.0,8.0,14.0,14.0,21.0,19.0,3.0,7.0,14.0,7.0,13.0,3.0,8.0
4808,202406,1,6.0,122.0,24.0,6.0,8.0,7.0,8.0,9.0,0.0,4.0,22.0,18.0,4.0,6.0,27.0,13.0,7.0,13.0,2.0,27.0,5.0,11.0,1.0,15.0,11.0,5.0,10.0,1.0,3.0,4.0,8.0,9.0,3.0,3.0
4809,202406,2,4.0,188.0,15.0,9.0,8.0,6.0,13.0,4.0,0.0,5.0,18.0,7.0,12.0,10.0,17.0,8.0,6.0,16.0,3.0,11.0,7.0,13.0,2.0,19.0,12.0,18.0,7.0,4.0,5.0,9.0,1.0,2.0,1.0,1.0
4810,202406,3,0.0,33.0,5.0,10.0,3.0,3.0,6.0,4.0,0.0,2.0,8.0,3.0,5.0,4.0,13.0,2.0,2.0,7.0,2.0,11.0,3.0,4.0,6.0,9.0,7.0,5.0,10.0,1.0,4.0,1.0,1.0,8.0,1.0,3.0
4811,202406,4,0.0,5.0,2.0,0.0,2.0,5.0,4.0,3.0,3.0,6.0,2.0,80.0,4.0,4.0,7.0,3.0,1.0,3.0,0.0,2.0,1.0,4.0,3.0,6.0,5.0,1.0,8.0,3.0,7.0,2.0,3.0,2.0,2.0,0.0
4812,202406,5,38.0,55.0,16.0,13.0,5.0,30.0,2.0,24.0,1.0,27.0,139.0,44.0,15.0,27.0,21.0,37.0,6.0,12.0,9.0,8.0,3.0,6.0,3.0,22.0,20.0,15.0,24.0,12.0,19.0,0.0,7.0,1.0,35.0,29.0
4813,202406,6,4.0,10.0,6.0,17.0,0.0,15.0,6.0,0.0,2.0,8.0,3.0,5.0,2.0,40.0,12.0,4.0,0.0,5.0,1.0,14.0,6.0,7.0,3.0,5.0,6.0,4.0,13.0,3.0,3.0,4.0,5.0,0.0,2.0,4.0
4814,202406,7,1.0,4.0,7.0,0.0,1.0,10.0,5.0,2.0,3.0,1.0,1.0,0.0,0.0,11.0,3.0,4.0,0.0,0.0,1.0,9.0,6.0,4.0,1.0,3.0,1.0,1.0,1.0,3.0,3.0,5.0,0.0,10.0,1.0,3.0
4815,202406,8,0.0,2.0,2.0,0.0,1.0,2.0,7.0,3.0,0.0,0.0,3.0,2.0,2.0,4.0,6.0,2.0,0.0,1.0,1.0,2.0,1.0,7.0,1.0,0.0,2.0,1.0,3.0,1.0,1.0,0.0,1.0,2.0,0.0,0.0
4816,202406,9,2.0,9.0,1.0,1.0,2.0,1.0,3.0,4.0,1.0,1.0,3.0,2.0,4.0,4.0,4.0,4.0,0.0,1.0,1.0,5.0,4.0,1.0,2.0,6.0,3.0,1.0,2.0,1.0,4.0,3.0,0.0,6.0,0.0,0.0
4817,202406,10,4.0,19.0,1.0,2.0,1.0,3.0,4.0,0.0,0.0,2.0,6.0,0.0,2.0,5.0,3.0,2.0,1.0,3.0,1.0,6.0,0.0,5.0,6.0,3.0,1.0,5.0,1.0,0.0,1.0,1.0,1.0,0.0,1.0,0.0
4818,202406,11,1.0,12.0,2.0,3.0,3.0,2.0,0.0,4.0,3.0,3.0,13.0,5.0,2.0,3.0,4.0,3.0,36.0,3.0,1.0,4.0,2.0,6.0,2.0,4.0,6.0,3.0,4.0,3.0,6.0,3.0,9.0,4.0,1.0,3.0
4819,202406,12,20.0,28.0,9.0,9.0,21.0,27.0,6.0,15.0,0.0,20.0,26.0,29.0,30.0,15.0,27.0,10.0,190.0,10.0,6.0,10.0,8.0,9.0,0.0,11.0,9.0,5.0,27.0,16.0,10.0,4.0,160.0,0.0,13.0,19.0
4820,202406,13,15.0,25.0,8.0,5.0,18.0,21.0,3.0,11.0,0.0,16.0,22.0,17.0,18.0,15.0,22.0,12.0,132.0,6.0,5.0,16.0,6.0,7.0,5.0,16.0,19.0,5.0,30.0,12.0,11.0,1.0,83.0,1.0,9.0,10.0
4821,202406,14,53.0,10.0,2.0,2.0,6.0,28.0,5.0,9.0,1.0,18.0,7.0,19.0,10.0,5.0,13.0,18.0,18.0,2.0,4.0,6.0,8.0,9.0,1.0,5.0,17.0,5.0,25.0,3.0,13.0,1.0,21.0,3.0,37.0,45.0
4822,202406,15,7.0,6.0,5.0,1.0,2.0,4.0,11.0,2.0,4.0,3.0,5.0,3.0,2.0,12.0,7.0,5.0,4.0,4.0,2.0,3.0,4.0,2.0,5.0,2.0,3.0,1.0,11.0,0.0,3.0,0.0,3.0,2.0,4.0,6.0
4823,202406,16,1.0,3.0,4.0,3.0,2.0,7.0,1.0,3.0,2.0,0.0,5.0,4.0,6.0,2.0,36.0,8.0,0.0,0.0,6.0,4.0,2.0,4.0,1.0,4.0,4.0,5.0,6.0,1.0,1.0,2.0,4.0,3.0,0.0,0.0
4824,202406,17,0.0,2.0,3.0,3.0,1.0,2.0,3.0,3.0,3.0,3.0,0.0,3.0,4.0,4.0,0.0,7.0,1.0,0.0,2.0,4.0,1.0,0.0,1.0,5.0,2.0,1.0,2.0,1.0,3.0,0.0,0.0,5.0,0.0,3.0
4825,202406,18,3.0,6.0,0.0,4.0,1.0,2.0,8.0,1.0,3.0,1.0,3.0,1.0,1.0,2.0,1.0,3.0,1.0,1.0,0.0,6.0,1.0,5.0,2.0,1.0,1.0,0.0,3.0,0.0,3.0,3.0,1.0,3.0,0.0,0.0
4826,202406,19,1.0,5.0,2.0,0.0,1.0,1.0,2.0,1.0,4.0,1.0,6.0,1.0,5.0,5.0,5.0,3.0,0.0,2.0,0.0,4.0,3.0,6.0,2.0,2.0,2.0,4.0,3.0,1.0,2.0,3.0,0.0,0.0,0.0,1.0
4827,202406,20,2.0,3.0,5.0,5.0,1.0,14.0,7.0,0.0,1.0,4.0,2.0,1.0,1.0,47.0,11.0,2.0,1.0,2.0,1.0,10.0,3.0,2.0,8.0,7.0,4.0,4.0,2.0,1.0,3.0,1.0,0.0,1.0,1.0,3.0
4828,202406,21,2.0,7.0,8.0,6.0,0.0,8.0,2.0,5.0,3.0,3.0,3.0,3.0,2.0,36.0,5.0,4.0,1.0,1.0,0.0,0.0,1.0,8.0,4.0,4.0,2.0,4.0,1.0,0.0,1.0,1.0,1.0,7.0,0.0,2.0
4829,202406,22,61.0,8.0,2.0,7.0,3.0,28.0,0.0,4.0,1.0,8.0,5.0,7.0,8.0,3.0,13.0,19.0,0.0,4.0,1.0,4.0,1.0,4.0,1.0,2.0,9.0,3.0,11.0,3.0,12.0,2.0,7.0,0.0,21.0,27.0
4830,202406,23,55.0,11.0,5.0,5.0,3.0,64.0,8.0,45.0,2.0,32.0,5.0,18.0,6.0,9.0,12.0,28.0,2.0,2.0,3.0,10.0,2.0,2.0,2.0,9.0,21.0,7.0,24.0,3.0,18.0,2.0,6.0,1.0,47.0,66.0
4831,202406,24,1.0,0.0,1.0,2.0,3.0,13.0,1.0,9.0,4.0,9.0,2.0,6.0,5.0,4.0,7.0,9.0,4.0,0.0,3.0,6.0,4.0,1.0,4.0,2.0,7.0,3.0,7.0,2.0,2.0,1.0,2.0,2.0,1.0,6.0
4832,202406,25,7.0,6.0,2.0,20.0,2.0,12.0,5.0,4.0,2.0,6.0,4.0,6.0,11.0,5.0,143.0,10.0,2.0,2.0,14.0,9.0,5.0,5.0,3.0,11.0,16.0,15.0,7.0,2.0,4.0,1.0,2.0,1.0,1.0,2.0
4833,202406,26,49.0,15.0,4.0,7.0,2.0,20.0,2.0,13.0,1.0,33.0,5.0,21.0,5.0,18.0,14.0,18.0,6.0,4.0,5.0,6.0,3.0,9.0,2.0,11.0,13.0,6.0,17.0,4.0,18.0,2.0,3.0,5.0,29.0,68.0
4834,202406,27,25.0,11.0,11.0,10.0,2.0,17.0,8.0,1.0,4.0,13.0,5.0,12.0,7.0,10.0,10.0,16.0,3.0,5.0,1.0,12.0,5.0,8.0,2.0,10.0,13.0,5.0,15.0,3.0,14.0,2.0,3.0,5.0,13.0,41.0
4835,202406,28,1.0,2.0,1.0,6.0,1.0,1.0,1.0,2.0,3.0,0.0,4.0,1.0,1.0,2.0,0.0,3.0,1.0,1.0,0.0,2.0,2.0,2.0,0.0,2.0,5.0,0.0,7.0,1.0,0.0,1.0,2.0,1.0,1.0,2.0
4836,202406,29,4.0,3.0,1.0,0.0,4.0,8.0,3.0,1.0,0.0,5.0,3.0,5.0,1.0,2.0,4.0,6.0,0.0,2.0,1.0,2.0,0.0,1.0,2.0,3.0,6.0,1.0,12.0,3.0,5.0,0.0,9.0,0.0,26.0,0.0
4837,202406,30,113.0,21.0,15.0,3.0,11.0,94.0,11.0,116.0,3.0,62.0,12.0,96.0,21.0,7.0,40.0,45.0,26.0,5.0,6.0,15.0,9.0,8.0,6.0,22.0,41.0,10.0,52.0,11.0,33.0,6.0,24.0,0.0,100.0,125.0
4838,202407,1,25.0,7.0,7.0,9.0,4.0,37.0,4.0,37.0,4.0,16.0,9.0,19.0,8.0,5.0,12.0,19.0,3.0,7.0,2.0,14.0,6.0,8.0,5.0,6.0,17.0,5.0,17.0,5.0,7.0,2.0,14.0,2.0,12.0,22.0
4839,202407,2,4.0,3.0,2.0,2.0,1.0,5.0,1.0,1.0,0.0,0.0,2.0,0.0,2.0,6.0,3.0,5.0,1.0,1.0,1.0,4.0,2.0,4.0,3.0,2.0,9.0,3.0,2.0,1.0,4.0,0.0,3.0,4.0,1.0,0.0
4840,202407,3,1.0,1.0,2.0,6.0,0.0,0.0,1.0,1.0,1.0,0.0,1.0,0.0,1.0,4.0,2.0,0.0,1.0,1.0,0.0,7.0,3.0,6.0,1.0,5.0,2.0,3.0,1.0,0.0,0.0,1.0,2.0,0.0,0.0,2.0
4841,202407,4,0.0,0.0,2.0,1.0,0.0,1.0,0.0,1.0,1.0,0.0,1.0,0.0,1.0,1.0,0.0,2.0,0.0,0.0,0.0,9.0,1.0,2.0,0.0,0.0,1.0,1.0,1.0,1.0,4.0,0.0,0.0,1.0,0.0,0.0
4842,202407,5,5.0,1.0,2.0,2.0,0.0,8.0,2.0,3.0,2.0,4.0,3.0,5.0,5.0,3.0,5.0,10.0,3.0,1.0,1.0,6.0,0.0,8.0,0.0,3.0,2.0,3.0,1.0,1.0,5.0,6.0,4.0,7.0,2.0,28.0
4843,202407,6,3.0,13.0,13.0,1.0,3.0,3.0,9.0,1.0,2.0,2.0,51.0,16.0,7.0,5.0,5.0,4.0,1.0,6.0,0.0,5.0,2.0,7.0,1.0,4.0,1.0,5.0,5.0,1.0,3.0,4.0,2.0,6.0,0.0,1.0
4844,202407,7,3.0,50.0,16.0,10.0,11.0,23.0,16.0,9.0,4.0,13.0,129.0,45.0,29.0,14.0,60.0,16.0,4.0,10.0,10.0,7.0,14.0,9.0,5.0,21.0,12.0,20.0,16.0,4.0,9.0,3.0,4.0,14.0,6.0,13.0
4845,202407,8,12.0,152.0,47.0,16.0,20.0,17.0,12.0,14.0,0.0,13.0,689.0,32.0,42.0,27.0,20.0,28.0,17.0,48.0,11.0,31.0,20.0,17.0,8.0,55.0,29.0,36.0,45.0,12.0,19.0,12.0,13.0,2.0,1.0,19.0
4846,202407,9,6.0,42.0,17.0,5.0,4.0,6.0,5.0,11.0,1.0,7.0,176.0,8.0,12.0,5.0,10.0,6.0,7.0,8.0,1.0,4.0,6.0,7.0,2.0,25.0,12.0,18.0,11.0,9.0,5.0,6.0,3.0,4.0,1.0,6.0
4847,202407,10,17.0,9.0,3.0,5.0,3.0,25.0,9.0,16.0,2.0,30.0,18.0,14.0,6.0,1.0,10.0,19.0,1.0,1.0,1.0,7.0,11.0,17.0,1.0,9.0,10.0,8.0,12.0,1.0,15.0,4.0,5.0,2.0,26.0,40.0
4848,202407,11,4.0,2.0,6.0,3.0,2.0,10.0,19.0,3.0,3.0,3.0,19.0,1.0,8.0,2.0,6.0,7.0,2.0,1.0,1.0,10.0,11.0,10.0,2.0,2.0,2.0,2.0,4.0,0.0,4.0,6.0,3.0,3.0,1.0,8.0
4849,202407,12,22.0,11.0,4.0,0.0,2.0,14.0,8.0,25.0,2.0,25.0,20.0,6.0,12.0,11.0,10.0,21.0,4.0,3.0,3.0,13.0,6.0,11.0,3.0,9.0,16.0,11.0,25.0,3.0,16.0,1.0,8.0,4.0,27.0,25.0
4850,202407,13,5.0,5.0,5.0,4.0,1.0,7.0,3.0,4.0,3.0,2.0,34.0,0.0,5.0,10.0,22.0,7.0,1.0,7.0,3.0,9.0,11.0,4.0,1.0,4.0,3.0,6.0,8.0,1.0,8.0,1.0,5.0,7.0,7.0,2.0
4851,202407,14,48.0,21.0,13.0,4.0,10.0,16.0,12.0,23.0,0.0,10.0,19.0,20.0,6.0,18.0,70.0,23.0,3.0,9.0,28.0,24.0,16.0,17.0,8.0,9.0,16.0,9.0,17.0,4.0,15.0,2.0,7.0,5.0,3.0,16.0
4852,202407,15,17.0,18.0,8.0,8.0,5.0,18.0,9.0,11.0,4.0,23.0,19.0,13.0,13.0,25.0,104.0,16.0,6.0,6.0,41.0,9.0,13.0,9.0,2.0,9.0,19.0,11.0,22.0,5.0,6.0,1.0,7.0,2.0,6.0,13.0
4853,202407,16,15.0,16.0,6.0,9.0,9.0,21.0,8.0,17.0,1.0,15.0,4.0,69.0,9.0,14.0,42.0,21.0,4.0,6.0,9.0,8.0,2.0,10.0,3.0,7.0,17.0,13.0,20.0,5.0,10.0,2.0,5.0,2.0,1.0,19.0
4854,202407,17,85.0,49.0,5.0,4.0,14.0,83.0,9.0,45.0,2.0,72.0,18.0,77.0,22.0,10.0,29.0,65.0,17.0,15.0,6.0,7.0,4.0,9.0,4.0,22.0,34.0,21.0,38.0,20.0,36.0,1.0,14.0,0.0,71.0,116.0
4855,202407,18,17.0,51.0,39.0,25.0,12.0,30.0,37.0,26.0,12.0,27.0,17.0,108.0,53.0,41.0,18.0,49.0,12.0,16.0,8.0,58.0,55.0,57.0,35.0,19.0,17.0,18.0,38.0,12.0,21.0,13.0,21.0,24.0,23.0,39.0
4856,202407,19,128.0,112.0,64.0,138.0,62.0,149.0,85.0,61.0,8.0,106.0,151.0,140.0,530.0,102.0,195.0,202.0,55.0,49.0,25.0,123.0,91.0,96.0,95.0,76.0,118.0,61.0,173.0,22.0,104.0,28.0,104.0,7.0,58.0,126.0
4857,202407,20,42.0,37.0,25.0,112.0,43.0,72.0,69.0,19.0,11.0,43.0,63.0,49.0,353.0,87.0,75.0,119.0,30.0,39.0,10.0,81.0,45.0,69.0,86.0,46.0,59.0,33.0,97.0,10.0,49.0,16.0,45.0,11.0,55.0,48.0
4858,202407,21,54.0,73.0,34.0,140.0,41.0,83.0,76.0,20.0,5.0,39.0,48.0,58.0,415.0,55.0,51.0,125.0,39.0,36.0,6.0,93.0,45.0,63.0,91.0,46.0,45.0,32.0,100.0,13.0,33.0,24.0,44.0,4.0,34.0,67.0
4859,202407,22,72.0,49.0,24.0,115.0,31.0,86.0,50.0,16.0,10.0,84.0,93.0,45.0,270.0,29.0,41.0,98.0,44.0,36.0,16.0,52.0,25.0,43.0,56.0,37.0,53.0,35.0,85.0,11.0,48.0,17.0,37.0,16.0,45.0,86.0
4860,202407,23,18.0,44.0,19.0,48.0,27.0,68.0,20.0,21.0,2.0,55.0,51.0,109.0,119.0,10.0,71.0,49.0,10.0,16.0,7.0,31.0,13.0,15.0,20.0,24.0,38.0,24.0,55.0,8.0,23.0,5.0,15.0,1.0,22.0,26.0
4861,202407,24,26.0,25.0,10.0,14.0,5.0,32.0,5.0,12.0,4.0,31.0,22.0,29.0,12.0,5.0,25.0,25.0,5.0,7.0,5.0,10.0,6.0,7.0,2.0,6.0,25.0,10.0,18.0,3.0,9.0,7.0,1.0,4.0,20.0,10.0
4862,202407,25,3.0,11.0,5.0,3.0,6.0,8.0,4.0,1.0,3.0,8.0,7.0,9.0,4.0,8.0,3.0,9.0,2.0,1.0,2.0,8.0,7.0,7.0,0.0,6.0,7.0,3.0,3.0,2.0,3.0,3.0,5.0,4.0,0.0,1.0
4863,202407,26,1.0,7.0,3.0,0.0,1.0,0.0,4.0,1.0,2.0,1.0,4.0,4.0,2.0,2.0,1.0,0.0,2.0,2.0,1.0,1.0,8.0,3.0,1.0,1.0,0.0,4.0,2.0,0.0,1.0,4.0,1.0,1.0,0.0,0.0
4864,202407,27,2.0,1.0,1.0,0.0,3.0,1.0,3.0,2.0,1.0,0.0,4.0,7.0,0.0,4.0,3.0,2.0,3.0,4.0,1.0,3.0,2.0,2.0,1.0,2.0,3.0,0.0,4.0,0.0,1.0,1.0,2.0,0.0,0.0,1.0
4865,202407,28,9.0,2.0,10.0,1.0,2.0,2.0,4.0,1.0,2.0,4.0,3.0,3.0,1.0,9.0,7.0,1.0,0.0,0.0,1.0,6.0,5.0,4.0,1.0,2.0,1.0,2.0,6.0,0.0,1.0,2.0,0.0,5.0,0.0,1.0
4866,202407,29,2.0,3.0,6.0,0.0,2.0,3.0,2.0,1.0,5.0,3.0,2.0,10.0,6.0,1.0,8.0,3.0,0.0,0.0,1.0,9.0,2.0,3.0,2.0,2.0,3.0,3.0,1.0,2.0,6.0,2.0,1.0,2.0,0.0,1.0
4867,202407,30,23.0,8.0,4.0,2.0,3.0,12.0,6.0,3.0,2.0,20.0,7.0,25.0,6.0,3.0,11.0,5.0,5.0,1.0,1.0,5.0,7.0,5.0,2.0,5.0,9.0,6.0,1.0,4.0,3.0,0.0,3.0,0.0,0.0,5.0
4868,202407,31,7.0,11.0,4.0,18.0,0.0,15.0,1.0,1.0,1.0,15.0,6.0,11.0,7.0,5.0,7.0,8.0,2.0,1.0,1.0,5.0,3.0,4.0,2.0,5.0,5.0,1.0,10.0,3.0,6.0,2.0,3.0,1.0,3.0,31.0
