,YYYYMM,DAY,Weekday, EWRCX_rate, EWRarr_delay, EWRdep_delay, EWRair_delay,ZFWCX_rate,ZFWarr_delay,ZFWdep_delay,ZFWair_delay,ZABCX_rate,ZABarr_delay,ZABdep_delay,ZABair_delay,ZMPCX_rate,ZMParr_delay,ZMPdep_delay,ZMPair_delay, TPACX_rate, TPAarr_delay, TPAdep_delay, TPAair_delay,ZBWCX_rate,ZBWarr_delay,ZBWdep_delay,ZBWair_delay,ZSECX_rate,ZSEarr_delay,ZSEdep_delay,ZSEair_delay, PHLCX_rate, PHLarr_delay, PHLdep_delay, PHLair_delay,ZANCX_rate,ZANarr_delay,ZANdep_delay,ZANair_delay, DCACX_rate, DCAarr_delay, DCAdep_delay, DCAair_delay, IAHCX_rate, IAHarr_delay, IAHdep_delay, IAHair_delay, CLTCX_rate, CLTarr_delay, CLTdep_delay, CLTair_delay, ATLCX_rate, ATLarr_delay, ATLdep_delay, ATLair_delay,ZDVCX_rate,ZDVarr_delay,ZDVdep_delay,ZDVair_delay, ORDCX_rate, ORDarr_delay, ORDdep_delay, ORDair_delay,ZOBCX_rate,ZOBarr_delay,ZOBdep_delay,ZOBair_delay, MIACX_rate, MIAarr_delay, MIAdep_delay, MIAair_delay, AUSCX_rate, AUSarr_delay, AUSdep_delay, AUSair_delay, MDWCX_rate, MDWarr_delay, MDWdep_delay, MDWair_delay, LAXCX_rate, LAXarr_delay, LAXdep_delay, LAXair_delay, LASCX_rate, LASarr_delay, LASdep_delay, LASair_delay,ZOACX_rate,ZOAarr_delay,ZOAdep_delay,ZOAair_delay,ZLCCX_rate,ZLCarr_delay,ZLCdep_delay,ZLCair_delay,ZMECX_rate,ZMEarr_delay,ZMEdep_delay,ZMEair_delay,ZIDCX_rate,ZIDarr_delay,ZIDdep_delay,ZIDair_delay,ZKCCX_rate,ZKCarr_delay,ZKCdep_delay,ZKCair_delay, MCOCX_rate, MCOarr_delay, MCOdep_delay, MCOair_delay, BWICX_rate, BWIarr_delay, BWIdep_delay, BWIair_delay, IADCX_rate, IADarr_delay, IADdep_delay, IADair_delay, SANCX_rate, SANarr_delay, SANdep_delay, SANair_delay, FLLCX_rate, FLLarr_delay, FLLdep_delay, FLLair_delay,ZHNCX_rate,ZHNarr_delay,ZHNdep_delay,ZHNair_delay, JFKCX_rate, JFKarr_delay, JFKdep_delay, JFKair_delay, LGACX_rate, LGAarr_delay, LGAdep_delay, LGAair_delay,labels,time,anomaly,scaled_anomaly_score
0,202408,1,0,0.048667439165701,3383.014634146341,2335.620437956205,4.368292682926829,0.0220614828209764,1220.7703101920235,1426.6666666666667,2.7673559822747413,0.0175324675324675,855.0648148148148,677.1994715984148,2.6005291005291005,0.0349162011173184,1818.9473684210527,1594.1260744985673,4.902046783625731,0.0286532951289398,1154.4193548387098,1177.032640949555,1.5542521994134897,0.0155569383945239,1325.6174242424242,1168.7848101265822,2.5896464646464645,0.016750418760469,925.0748299319728,757.7474402730376,2.549886621315193,0.0274725274725274,1776.841359773371,1532.957746478873,4.864022662889519,0.0173410404624277,1157.894117647059,945.629411764706,2.070588235294118,0.0243632336655592,1348.7074829931971,1051.6363636363635,4.299319727891157,0.0282758620689655,972.3931623931624,1046.647807637907,1.5769230769230769,0.0265613783201722,1256.0530973451328,1933.4513274336284,3.809734513274336,0.0075400565504241,1098.3042654028436,1127.8972407231208,1.4369668246445495,0.0326855123674911,881.3296903460838,1113.901098901099,3.591985428051002,0.0114449213161659,1577.1694094869313,1839.4038461538464,3.386253630203292,0.0342422320862396,1785.7493403693932,1259.843137254902,2.064643799472296,0.0125523012552301,938.4772727272727,1176.4044943820224,1.28125,0.0186263096623981,1029.0995260663508,712.7315914489311,1.0829383886255923,0.0663390663390663,1661.8403141361257,1568.2539682539682,8.929319371727749,0.0250723240115718,728.8602576808721,705.0740375123396,2.1199207135778,0.0239273927392739,726.4864864864865,922.2335025380712,2.015202702702702,0.0070351758793969,836.4777327935223,843.582995951417,1.972672064777328,0.0288461538461538,1109.7841726618706,1083.027027027027,1.4766187050359711,0.018796992481203,1070.5171755725191,1054.7307692307693,2.595419847328244,0.0177690029615004,1766.5378486055777,1114.929006085193,7.147410358565737,0.0098425196850393,1257.2574257425742,1195.2095808383233,2.205940594059406,0.0141509433962264,1850.8975409836064,1886.7578659370724,4.71448087431694,0.0154559505409582,776.6144200626959,957.3584905660376,1.5015673981191222,0.0039267015706806,1084.0606860158312,960.9424083769634,2.382585751978892,0.0061919504643962,909.9065420560748,722.6168224299065,2.333333333333333,0.0215568862275449,1339.668292682927,1472.4324324324325,2.4926829268292683,0.0139416983523447,636.3161953727506,479.0745501285347,1.557840616966581,0.0137457044673539,1581.3986013986014,1308.5416666666667,4.814685314685315,0.0318066157760814,2193.1213720316623,2285.340314136125,4.03957783641161,7,0,0,0.17596613321124888
1,202408,2,0,0.3504442250740375,4821.659574468085,4052.279635258359,14.486322188449847,0.0339350180505415,1362.6744011976048,1466.865671641791,2.1137724550898205,0.0322372662798194,1252.1711229946525,863.98406374502,2.840909090909091,0.030942334739803,1406.9840348330915,1352.133526850508,3.206095791001452,0.0412517780938833,2105.674626865672,1437.1681415929204,7.164179104477612,0.2263420033204206,3014.471590909091,1900.201729106628,6.720170454545454,0.0222717149220489,942.8767123287672,756.8181818181819,3.141552511415525,0.2033898305084746,2882.1508875739646,3789.75,5.606508875739645,0.0255681818181818,991.280701754386,794.1279069767442,1.2514619883040936,0.2367924528301886,2480.296296296296,2286.237623762376,6.422222222222223,0.0491913746630727,1276.7185289957567,1585.3977272727273,1.85007072135785,0.1177257525083612,2416.2195488721804,2750.8256880733943,5.720300751879699,0.0340699815837937,1414.2492836676215,1528.7725975261656,2.012416427889207,0.0682989690721649,1291.6592797783933,1372.1546961325969,6.6814404432132966,0.1049822064056939,1964.044598612488,1757.2283150548355,3.613478691774034,0.0642439974042829,2192.641456582633,1790.6043956043957,3.291316526610644,0.046767537826685,2323.931623931624,2906.1403508771928,7.43019943019943,0.0380184331797235,904.7482014388488,674.2105263157895,1.160671462829736,0.0806845965770171,1512.5106382978724,1292.0744680851064,5.077127659574468,0.0370548604427334,967.02,891.6683316683317,2.551,0.0219224283305227,1001.0362694300518,916.9363166953528,2.366148531951641,0.0468146718146718,967.90273556231,701.5384615384615,2.225937183383992,0.1288295365278868,1071.3877917414725,883.2608695652174,1.4326750448833034,0.0599812558575445,1493.0200803212851,1241.4653465346537,2.612449799196787,0.1302717900656045,2158.5652173913045,1397.051282051282,3.006521739130435,0.0741758241758241,1435.8107569721114,1162.9862475442044,1.9760956175298805,0.0783801436969301,2528.8914285714286,2445.4008438818564,3.46,0.095952023988006,3522.144736842105,3468.76254180602,13.69407894736842,0.0825,2154.818918918919,2352.032967032967,3.0135135135135136,0.2939226519337016,1179.6865203761756,737.625,3.0595611285266457,0.0103225806451612,2150.534210526316,1978.759689922481,3.718421052631579,0.0408878504672897,780.720194647202,563.8536585365854,2.024330900243309,0.0285714285714285,2995.714285714286,3747.226890756304,8.168067226890756,0.4857651245551601,4442.710884353742,3534.0845070422533,17.312925170068027,5,0,0,0.5253046245719701
2,202408,3,0,0.4759467758444217,4966.40157480315,3896.046511627907,15.984251968503935,0.0583746661579549,1676.3644408688656,1790.3395918367346,3.2260659694288014,0.0547263681592039,1207.6550680786686,1174.7085201793725,2.3661119515885023,0.0540098199672667,1896.9150779896013,1275.5440414507773,4.164644714038128,0.1090686274509804,2141.790055248619,2220.328767123288,5.709944751381215,0.2236679058240396,3024.659777424484,2263.076923076923,5.807631160572337,0.0289052890528905,930.2439644218553,808.939393939394,2.982210927573062,0.4,4644.498039215686,3394.3529411764707,18.101960784313725,0.0294985250737463,1516.9817073170732,1067.2727272727273,1.9878048780487805,0.2904290429042904,3746.305993690852,3936.768292682927,11.369085173501578,0.0916730328495034,1605.1505016722408,1827.614213197969,2.963210702341137,0.2823374917925147,3552.9661319073084,3695.187969924812,7.470588235294118,0.0905263157894736,1587.460648148148,1814.513888888889,1.8460648148148149,0.0892279241793805,1413.820304568528,1207.005076142132,3.662944162436548,0.1526861451460886,1847.5277777777776,1881.1135857461024,2.1866666666666665,0.06171875,2333.7225042301184,1928.6622950819672,2.6683587140439933,0.0839580209895052,3695.271028037383,3673.044827586207,20.67601246105919,0.0614934114202049,1396.2264150943397,1084.0866873065015,1.80188679245283,0.1096096096096096,1729.6847457627118,1889.7986577181207,2.545762711864407,0.0422133485453508,1196.1290322580646,942.1140142517814,2.752688172043011,0.0534934497816593,1028.4331797235022,906.2355658198614,2.2327188940092166,0.0364372469635627,938.7725631768952,752.1916167664671,2.0758122743682312,0.152428810720268,1082.2396856581531,1264.2942345924453,1.7544204322200392,0.089422028353326,1719.1129807692307,1289.7852028639618,1.9158653846153848,0.2444649446494465,2583.254364089776,1558.8516746411483,2.1047381546134662,0.1725118483412322,1735.9099307159354,1562.1818181818182,1.8775981524249423,0.1553341148886283,2305.2587412587413,2361.818181818182,4.142657342657342,0.3433476394849785,4538.684210526316,5013.2467532467535,16.649122807017545,0.1786666666666666,4587.847619047619,4428.591362126246,33.73968253968254,0.4098018769551616,1334.5263157894738,794.3060498220641,2.024561403508772,0.0258732212160414,2899.2925531914893,2329.177718832891,4.6888297872340425,0.0687645687645687,882.8825,535.6390977443609,2.4475,0.0774487471526196,4415.588235294118,3151.044776119403,19.014705882352946,0.4806094182825485,4259.972677595629,4407.5,9.59016393442623,5,0,0,0.7095865706524931
3,202408,4,0,0.4307545367717287,4058.046979865772,4383.221476510067,14.697986577181208,0.1279833967485299,1684.3148734177216,1358.9021479713604,1.946993670886076,0.087012987012987,1568.6568213783405,1492.9208633093526,2.832630098452883,0.0936454849498327,1815.104719764012,1618.7311669128508,3.1268436578171093,0.410958904109589,4300.9140625,3167.076923076923,11.83984375,0.3328092243186583,3737.068535825545,3510.332805071316,5.350467289719626,0.0371203599550056,947.5511627906976,892.6056338028169,3.291860465116279,0.4201680672268907,2792.1666666666665,3143.191489361702,4.622222222222222,0.0032467532467532,699.3612903225807,937.5,2.632258064516129,0.405982905982906,2622.303370786517,2992.920353982301,4.092696629213483,0.1372804163955758,1556.9954476479516,1881.859070464768,1.8224582701062213,0.3671830177854274,1770.648250460405,1978.178571428572,2.85451197053407,0.1429801894918174,2016.700201207244,2124.939759036145,2.282696177062374,0.1255178127589064,1290.458767772512,1535.5681818181818,5.028436018957346,0.1798341335661283,1682.7880724174654,1954.085106382979,1.731629392971246,0.0909717436250861,2457.6992481203006,2135.6483180428136,1.9082706766917288,0.2151394422310757,5657.532608695652,4220.847619047619,12.804347826086955,0.0778061224489796,2165.1098901098903,2234.540389972145,7.37087912087912,0.1916167664670658,1787.448377581121,2017.5,3.4011799410029497,0.0509745127436281,1411.6824395373292,1282.7848101265822,2.6267087276551,0.0568278201865988,1622.47311827957,1688.1227436823106,1.935483870967742,0.0785961443400889,1343.8495197438633,1206.472491909385,3.52187833511206,0.2076978939724037,1206.934065934066,1237.651376146789,2.247252747252748,0.1154879140555058,1651.7642276422764,1967.903225806452,2.0386178861788617,0.4344473007712082,2231.422018348624,2247.027027027027,2.7637614678899083,0.1200733272227314,1559.5373443983403,1314.979079497908,1.4709543568464731,0.1774530271398747,3979.209183673469,2926.969696969697,5.809523809523809,0.5382631126397248,1836.0,3115.3676470588234,3.339622641509434,0.3604985618408437,1977.7297297297296,3463.293413173653,3.4024024024024024,0.3852295409181637,1353.4201954397397,1285.4368932038835,3.775244299674267,0.0205696202531645,5547.48717948718,4111.661237785016,10.951923076923077,0.1372549019607843,795.3189873417722,634.4584382871536,1.7772151898734176,0.1101694915254237,3395.763546798029,3978.801843317972,8.05911330049261,0.5138755980861244,4383.72373540856,4754.103585657371,11.214007782101168,2,0,0,0.7571953041198138
4,202408,5,0,0.2342436974789916,2637.279005524862,2683.1607629427795,3.0773480662983426,0.0814788226848528,1453.6106750392464,1379.906614785992,1.5792778649921506,0.0380154639175257,1218.828187919463,1387.9411764705883,2.312751677852349,0.079750346740638,2488.815987933635,1935.2710843373493,8.83710407239819,0.4488095238095238,2883.084388185654,2819.2035398230087,2.611814345991561,0.1568513119533527,1861.7881705639616,2110.0139082058413,3.30949105914718,0.030320044918585,955.4645760743322,761.3625866050809,3.5098722415795587,0.2781065088757396,2336.560655737705,2439.344262295082,4.472131147540984,0.0486322188449848,928.6794871794872,755.1592356687898,2.391025641025641,0.2216844143272023,1608.778054862843,1453.3995037220843,3.107231920199501,0.1407407407407407,1367.2100313479625,1423.5423197492164,2.010971786833856,0.2274732199117832,1283.2610837438424,1385.5429497568882,2.9244663382594416,0.1237159446181331,1577.571428571429,1697.9022403258657,1.3622448979591837,0.1464915880180549,2119.278420038536,2166.946257197697,9.617533718689788,0.1294964028776978,3409.1491769547324,3458.710580912863,15.390946502057613,0.0876494023904382,1990.8304347826088,1981.754385964912,2.5043478260869567,0.122568093385214,3812.205479452055,3705.2586206896553,3.9406392694063928,0.0906976744186046,1410.3033419023136,1238.1679389312976,1.5784061696658098,0.1093544137022397,1934.053412462908,2117.8761061946902,9.646884272997031,0.0354679802955665,1069.7142857142858,1132.0245398773006,1.8204081632653064,0.0468085106382978,1527.857142857143,1773.75,2.407142857142857,0.0518913676042677,988.6182190378712,864.9693251533743,2.219037871033777,0.1349644830307813,1535.0735294117646,1404.6739130434785,2.079044117647059,0.0729571984435797,1310.55900621118,1175.2340425531916,2.279503105590062,0.5030846887268648,2103.308724832215,2145.922551252848,2.7315436241610738,0.1163636363636363,1737.5408163265306,1503.609958506224,1.8224489795918368,0.1234003656307129,3649.3632567849686,3059.0,5.215031315240084,0.47673314339981,1525.5595667870036,1754.4525547445255,1.7328519855595668,0.4003350083752093,1711.8823529411766,1934.2061281337049,2.546218487394958,0.1814569536423841,929.0645161290324,788.961038961039,2.109677419354839,0.0207939508506616,4340.326923076923,4100.232558139535,3.869230769230769,0.0887573964497041,468.961038961039,311.68831168831167,1.9844155844155844,0.0553571428571428,2317.078651685393,2455.1908396946565,4.955056179775281,0.2708994708994709,2041.574344023324,2145.606936416185,2.355685131195336,3,0,0,0.564398144723883
5,202408,6,0,0.4953703703703703,3359.7970479704795,2035.839416058394,6.306273062730627,0.0481220657276995,930.682304526749,1153.0829228243022,1.5827160493827162,0.0364464692482915,847.6295133437991,802.5,2.682888540031397,0.0563607085346215,987.5426621160408,1051.1262798634812,4.377133105802048,0.0728813559322033,1407.3076923076924,1919.1240875912408,1.3663003663003663,0.3241491085899514,3075.4864864864867,2043.0868167202573,3.863275039745628,0.0328638497652582,924.3519417475728,813.9320388349514,3.5983009708737863,0.3914002205071665,3338.818181818182,2603.90977443609,17.846153846153847,0.071875,2505.281879194631,2811.891891891892,5.879194630872483,0.2648698884758364,1813.492385786802,1546.39798488665,4.944162436548224,0.0648944487881157,1000.532445923461,1020.3025210084032,1.8901830282861896,0.1629926519706079,1462.4424920127794,1743.8277511961724,5.308306709265176,0.0630315157578789,942.6552462526766,1046.4536741214058,1.170235546038544,0.1050439611291069,1252.3589211618255,1553.7525773195875,6.288381742738589,0.1436656508489334,1438.292980671414,1504.0853658536585,3.34587995930824,0.0662202380952381,2065.740740740741,2033.564668769716,7.650563607085346,0.0509259259259259,1606.4150326797385,1747.766990291262,3.8006535947712417,0.0554785020804438,902.4561403508771,853.4513274336283,1.0263157894736843,0.116546762589928,1175.753246753247,1261.764705882353,3.9220779220779214,0.0397820163487738,797.5142531356898,847.1864406779661,2.106043329532497,0.0235897435897435,779.1176470588235,904.7899159663864,2.342436974789916,0.0621348911311736,864.8813559322034,801.7253121452894,2.473446327683616,0.1627146361406377,952.093023255814,922.7952755905512,1.5891472868217054,0.075,770.7535211267606,679.9058823529411,2.2018779342723005,0.3776892430278884,1173.7237851662403,1130.3641025641025,2.7800511508951407,0.0821621621621621,1075.6682352941175,909.0566037735848,3.063529411764706,0.1680672268907563,1470.4827586206898,1917.4647887323945,2.6044624746450302,0.1973094170403587,1543.271375464684,1976.641791044776,2.234200743494424,0.1658354114713217,1532.6041666666667,1999.63963963964,3.3720238095238093,0.4659735349716446,456.7259786476868,523.7323943661971,3.3523131672597866,0.0066334991708126,2346.23569023569,2680.529801324504,5.9966329966329965,0.053030303030303,729.8085106382979,368.98395721925135,2.7632978723404253,0.0804020100502512,6412.850828729282,2024.7567567567569,44.88397790055249,0.6065573770491803,5141.702928870292,2730.8713692946058,15.761506276150628,5,0,0,0.5313720186128071
6,202408,7,0,0.163716814159292,1541.0316622691294,1866.684350132626,5.825857519788919,0.0235756385068762,1104.0137207425344,1498.7961476725525,2.184826472962066,0.0181437543614794,1038.9473684210527,907.4147727272727,2.5732574679943103,0.01953125,1334.4267515923566,955.2153110047848,2.96656050955414,0.0520833333333333,1407.2536231884058,1038.6666666666667,3.286231884057971,0.0793254216114928,1630.0524193548388,1026.7397260273972,3.163978494623656,0.0205882352941176,1039.3694344163655,761.8705035971223,2.67870036101083,0.1113956466069142,2370.1238938053098,2615.830985915493,4.705014749262537,0.0394736842105263,1103.8027210884354,818.8965517241379,2.959183673469388,0.0804597701149425,1756.6132723112128,1689.6162528216703,7.480549199084668,0.0391236306729264,771.7512274959083,724.5705024311184,1.6284779050736498,0.0771929824561403,1341.4908536585365,1598.0576631259485,6.564024390243903,0.0205761316872428,846.5897166841553,933.8170347003156,1.2402938090241342,0.0368574199806013,1588.01614530777,1513.8693467336684,7.683148335015137,0.0360824742268041,1120.122807017544,1132.7837051406402,2.142300194931774,0.0373961218836565,1458.928469241774,1200.6078147612156,2.360515021459228,0.0353460972017673,1557.386503067485,1361.762917933131,3.665644171779141,0.0085836909871244,1171.1239193083572,910.2312138728324,0.9510086455331412,0.0678466076696165,686.3968253968254,797.4132492113565,2.7206349206349207,0.0313829787234042,961.9308452250276,791.4065934065934,3.2864983534577386,0.0276073619631901,946.5408805031446,980.506329113924,2.360587002096436,0.0135869565217391,970.044052863436,1030.8489525909592,2.798458149779736,0.0507246376811594,910.2103250478012,998.5142857142856,1.959847036328872,0.0322927879440258,1055.7404921700224,732.212389380531,3.0134228187919465,0.1338028169014084,1325.3210161662817,986.214953271028,2.515011547344111,0.0198675496688741,1186.887640449438,1183.3408577878104,2.269662921348315,0.071827613727055,1615.5853242320818,1214.6620450606586,2.97098976109215,0.069078947368421,931.3003533568904,1281.4134275618374,7.491166077738516,0.0586666666666666,1910.8841807909605,1279.090909090909,5.451977401129944,0.1572052401746725,1885.121107266436,1656.4137931034484,9.996539792387544,0.0135542168674698,1943.079510703364,1877.0121951219512,3.376146788990826,0.0397022332506203,543.7364341085271,284.4961240310077,1.930232558139535,0.0551601423487544,1965.1127819548872,2682.566037735849,4.157894736842105,0.1966101694915254,1755.7513966480446,2462.0396600566573,7.469273743016759,11,0,0,0.2563798274707878
7,202408,8,0,0.0186480186480186,2479.259523809524,1905.3554502369668,9.388095238095238,0.0193474962063732,1059.0170015455951,1294.3454686289697,1.6661514683153014,0.0158931977113795,1442.0322997416022,1220.0,6.401808785529716,0.0078796561604584,1444.871387283237,1341.3852813852814,4.420520231213873,0.0151975683890577,1701.391975308642,1563.148148148148,1.5864197530864197,0.0328267477203647,1783.8650693568727,1497.5739348370928,4.180327868852459,0.0157303370786516,1087.0684931506848,900.3424657534247,2.8321917808219177,0.0377604166666666,2584.3441734417343,2703.891891891892,6.8346883468834685,0.0347003154574132,1349.5131578947369,1143.1168831168832,1.486842105263158,0.065775950668037,2571.877729257642,2247.8048780487807,7.375545851528384,0.01609363569861,876.6964285714286,878.6924219910846,1.5595238095238095,0.0593990216631726,2644.8677563150072,3143.001485884101,7.994056463595839,0.0086663456909003,912.5486381322958,979.7284190106692,1.132295719844358,0.0143385753931544,1472.8967136150234,1557.636022514071,6.909859154929578,0.0097402597402597,1229.5613870665418,1088.8202247191011,2.050609184629803,0.0123859191655801,1636.0395778364116,1743.091149273448,2.2097625329815305,0.0085592011412268,2020.0230547550432,1484.655172413793,5.043227665706052,0.0173697270471464,1338.287153652393,1070.126582278481,0.982367758186398,0.0519307589880159,934.879213483146,995.3932584269664,2.710674157303371,0.0114541832669322,926.25,936.1329305135952,2.594758064516129,0.0077386070507308,2594.514731369151,1997.3656845753897,3.3518197573656847,0.0100553041729512,1182.4568527918782,1125.6707317073171,2.7543147208121828,0.0202286719437115,1341.9335727109517,1119.210053859964,2.540394973070018,0.0134099616858237,1329.5747572815535,971.380582524272,2.966990291262136,0.0545454545454545,1405.3144016227182,1088.7272727272727,2.1379310344827585,0.0070850202429149,1347.1367346938775,1385.254582484725,2.1142857142857143,0.018651362984218,2243.6632653061224,1746.774193548387,4.275510204081633,0.0156006240249609,1431.592356687898,1678.864353312303,5.407643312101911,0.0131406044678055,2247.525198938992,2184.705882352941,7.164456233421751,0.0458579881656804,1312.7554179566564,1315.527950310559,2.427244582043344,0.0025510204081632,2256.299232736573,1755.1918158567776,5.780051150895141,0.0329670329670329,684.7651515151515,446.3636363636364,2.462121212121212,0.0017482517482517,3040.909090909091,2306.1052631578946,3.835664335664336,0.0475,1941.002617801047,1581.6315789473683,11.94502617801047,7,0,0,0.33582544209425513
8,202408,9,0,0.3008048289738431,2681.5738636363635,2334.402332361516,4.142045454545454,0.0238726790450928,1678.3830613830614,1726.1287820015516,3.4926184926184924,0.0214917825537294,1241.8090322580645,1288.641655886158,3.220645161290322,0.0222063037249283,1370.1493411420206,1200.175953079179,3.4904831625183017,0.0440060698027314,1456.7261146496814,1303.860759493671,1.2101910828025475,0.2057048820625343,2914.6819444444445,2536.328296703297,7.923611111111111,0.0090600226500566,1007.9448909299656,1044.8464163822523,3.618828932261768,0.1997663551401869,2977.21613832853,2326.508875739645,7.195965417867435,0.0267062314540059,1069.1158536585365,586.829268292683,2.298780487804878,0.2440318302387268,3289.572093023256,2362.0235294117647,12.627906976744184,0.0377761938702779,1196.973293768546,1576.5976331360946,2.048961424332344,0.0832764505119453,1849.8837555886737,1946.071428571429,4.239940387481371,0.0293421675343114,1169.480975609756,1330.5263157894738,1.1073170731707318,0.0452488687782805,1329.763481551561,1537.6638176638176,4.555345316934721,0.0856149500217296,2447.433586337761,2159.542857142857,3.079696394686907,0.0537352555701179,2017.5754189944128,1948.598901098901,2.28072625698324,0.0198581560283687,2393.0173410404623,3136.8695652173915,6.979768786127168,0.0327272727272727,1569.0225563909771,1232.781954887218,2.107769423558897,0.0874035989717223,1207.1042253521127,1374.7605633802816,3.363380281690141,0.022432701894317,1148.9205702647655,995.7916241062308,2.479633401221996,0.0112847222222222,2418.980667838313,2188.4210526315787,2.397188049209139,0.0437317784256559,1236.6463414634147,1133.5365853658536,3.032520325203252,0.1115537848605577,1225.9605026929985,1070.537634408602,3.220825852782765,0.0328502415458937,1467.4156626506024,1401.351888667992,2.8313253012048194,0.1189801699716713,1943.295503211992,1546.480686695279,1.8650963597430408,0.0313725490196078,1375.2,1111.0344827586207,1.9111111111111112,0.0722642807983482,2149.4696296296297,2035.364041604755,4.343703703703704,0.0535987748851454,1867.5728155339805,2235.9223300970875,6.333333333333333,0.0398936170212766,1584.9472222222223,1526.6850828729282,4.313888888888889,0.3160676532769556,1001.4241486068112,1139.074074074074,2.263157894736842,0.0026385224274406,2140.699208443272,2010.079575596817,4.026385224274407,0.0444177671068427,518.8542713567839,480.6030150753769,1.185929648241206,0.029585798816568,2318.8524590163934,1908.870967741936,10.90983606557377,0.3940269749518304,4165.362776025237,3547.1153846153848,5.725552050473186,5,0,0,0.44270070839888764
9,202408,10,0,0.0237467018469656,891.7289972899729,1446.1455525606468,3.5826558265582658,0.0067446043165467,932.4760614272808,702.3049001814882,1.8166214995483287,0.0097879282218597,1015.7520661157024,1002.3645320197044,5.419834710743801,0.0034393809114359,769.9655172413793,716.2694300518135,2.6879310344827587,0.0136570561456752,942.3076923076924,985.4769230769232,2.169230769230769,0.0232394366197183,746.6561604584527,915.9361393323658,2.4054441260744985,0.0127551020408163,2070.5459249676583,1805.4967741935484,6.645536869340233,0.0414878397711015,1417.991017964072,1473.571428571429,5.041916167664671,0.0333333333333333,1490.0566037735848,1257.375,1.949685534591195,0.0156862745098039,937.0822281167108,854.5212765957447,5.992042440318302,0.023972602739726,898.1052631578947,1092.0,2.794736842105263,0.0140625,1285.5460317460318,1538.3544303797469,3.652380952380952,0.0132107983917288,554.5979020979021,777.2790697674419,0.8776223776223776,0.0161542470036477,1256.6313559322034,1394.2372881355932,8.20021186440678,0.0164102564102564,1297.071875,1167.0563674321504,2.778125,0.0383170548459804,818.2284820031299,667.207488299532,1.6306729264475743,0.0099857346647646,1181.6253602305476,1482.0172910662825,1.5619596541786744,0.0135823429541595,1113.103448275862,819.3814432989691,1.2137931034482758,0.0340501792114695,625.0369003690037,566.4179104477612,3.774907749077491,0.0095465393794749,786.0869565217391,711.1298076923077,1.980676328502416,0.0091743119266055,756.0556844547564,1001.5704387990762,2.8770301624129933,0.0097146326654523,888.1472392638037,793.6764705882352,2.7975460122699385,0.0118226600985221,963.7425742574258,1115.1807228915663,2.697029702970297,0.0101010101010101,817.75,803.1122448979592,2.372448979591837,0.0268691588785046,865.4244604316547,753.0288461538462,2.448441247002398,0.0,994.6743589743588,819.1658163265306,3.8384615384615386,0.0043258832011535,1097.3333333333333,1079.9131693198262,2.4434782608695653,0.009208103130755,585.0557620817843,855.8364312267659,1.5576208178438662,0.0174418604651162,1009.4513274336284,958.2195845697328,2.495575221238938,0.0198915009041591,684.3542435424354,637.4169741697417,1.918819188191882,0.0142302716688227,1242.521164021164,1125.15625,2.0105820105820107,0.0183246073298429,765.2234042553191,605.1336898395722,1.3670212765957446,0.0036630036630036,900.3467153284671,1164.4444444444443,3.821167883211679,0.019193857965451,544.7244094488188,1065.7587548638132,2.1496062992125986,1,0,0,0.10639069148459979
10,202408,11,0,0.0262216924910607,563.4718826405868,866.3235294117648,2.8728606356968216,0.0161787365177195,1254.7032106499607,1362.427564604542,2.301487862176977,0.0161603102779573,962.4285714285714,962.8458498023716,2.5570117955439056,0.0021443888491779,870.8180515759312,804.1547277936962,3.383954154727794,0.033033033033033,1090.1052631578948,1114.9532710280373,1.3560371517027865,0.0080147965474722,721.8275434243176,620.9962640099626,2.661290322580645,0.0101694915254237,838.1547212741752,785.360824742268,3.7736063708759953,0.0159574468085106,978.616847826087,1011.1290322580644,4.459239130434782,0.0097087378640776,865.2597402597403,900.0,0.7207792207792207,0.0032822757111597,778.8131868131868,723.8157894736842,2.698901098901099,0.0196649672250546,706.875,815.5192878338279,1.7366071428571428,0.0437235543018335,1083.7514792899408,1589.2941176470588,4.587278106508876,0.003399708596406,610.3352826510721,649.1812865497076,1.2758284600389864,0.0142988929889298,1207.173095014111,1388.1005586592178,4.31420507996237,0.0076849183477425,1513.909796314258,1212.8695652173913,2.309408341416101,0.0303813833225597,1001.4940079893476,981.068090787717,1.744340878828229,0.0056577086280056,777.1225071225072,1107.4431818181818,1.9544159544159545,0.0025641025641025,849.1002570694087,569.1516709511568,1.1491002570694089,0.0409731113956466,808.3253333333333,980.855614973262,2.864,0.0132939438700147,955.221335992024,753.4465534465535,1.9491525423728813,0.0151515151515151,1696.7465753424658,2113.003412969283,3.3595890410958904,0.0070210631895687,1055.383064516129,897.6315789473684,3.6663306451612905,0.0044052863436123,1072.3747779751332,954.1798941798942,3.060390763765542,0.0057859209257473,936.1434108527131,907.5087378640776,2.4069767441860463,0.0301263362487852,1069.352,864.5783132530121,1.82,0.001,1105.026,1026.6452905811625,2.378,0.0071022727272727,1265.688571428571,1319.3982808022922,4.9,0.0063897763578274,665.7877813504823,755.4983922829582,1.5209003215434085,0.0013315579227696,622.96,539.68,1.9946666666666664,0.0,968.0121951219512,916.4133738601824,2.5365853658536586,0.0099875156054931,1140.7481108312345,1180.6060606060605,3.576826196473552,0.0411985018726591,375.1015625,313.59375,1.7317708333333333,0.0068728522336769,642.0833333333334,796.1379310344828,3.451388888888889,0.0070921985815602,702.3931623931624,859.0830945558739,2.5156695156695155,1,0,0,0.10223757687473234
11,202408,12,0,0.0168350168350168,381.1986301369863,557.945205479452,3.0799086757990866,0.0038476337052712,773.3650425367363,847.9166666666666,2.0100541376643464,0.0019292604501607,843.3354838709678,711.5830115830116,2.6,0.0007288629737609,586.530612244898,427.7956204379562,3.074344023323615,0.0092879256965944,769.1379310344828,728.0373831775701,1.1128526645768024,0.0062774639045825,590.304292929293,536.0922882427308,3.015151515151515,0.0085861476817401,594.815668202765,565.2083333333334,3.544930875576037,0.0132978723404255,573.0970350404313,583.9892183288409,5.188679245283019,0.0,681.8363636363637,804.5783132530121,2.2606060606060607,0.0065005417118093,403.10043668122273,263.1372549019608,2.6812227074235806,0.0145560407569141,655.3097345132743,657.1597633136095,2.4292035398230087,0.0071736011477761,685.4617604617605,780.260492040521,4.51948051948052,0.0083210964268232,464.2603550295858,491.2648221343874,0.8372781065088757,0.0106382978723404,762.2151543498596,931.3457943925232,5.459307764265668,0.0023320895522388,737.0609184629803,796.679104477612,1.550140581068416,0.0183968462549277,906.376171352075,891.4056224899598,1.9357429718875503,0.0056737588652482,604.3457142857143,874.1880341880342,2.54,0.005,607.6884422110553,702.6633165829146,1.3316582914572863,0.0311231393775372,534.804469273743,753.5195530726257,3.32122905027933,0.0090452261306532,747.2968591691996,640.2030456852792,1.968591691995948,0.021312872975277,833.9478260869565,1057.068062827225,2.12,0.0075795856493178,775.9633027522935,664.821973550356,2.250764525993884,0.0072463768115942,1251.021897810219,1328.4306569343066,9.585766423357663,0.0096711798839458,566.2690058479532,562.054794520548,1.95906432748538,0.0230460921843687,512.7889344262295,510.4312114989733,1.5020491803278688,0.0039800995024875,612.9660678642715,712.92,2.2934131736526946,0.0036496350364963,836.108504398827,871.5373352855052,3.155425219941349,0.0110584518167456,358.2747603833866,754.1214057507988,1.610223642172524,0.0067476383265856,722.2288828337875,717.0731707317074,3.395095367847412,0.0,645.6521739130435,511.214953271028,2.5962732919254656,0.0052083333333333,1027.3350785340317,1167.4869109947645,2.743455497382199,0.0076433121019108,602.0,590.4370179948586,1.0615384615384615,0.0104347826086956,777.887323943662,628.421052631579,3.2816901408450705,0.0103092783505154,455.15625,374.53125,3.7421875,8,0,0,0.03729532837377003
12,202408,13,0,0.0117096018735363,444.345971563981,522.2274881516588,3.471563981042654,0.0081037277147487,763.0138888888889,941.6176470588236,2.05718954248366,0.0108024691358024,635.41875,556.0747663551402,3.9203125,0.0101095197978096,714.8979591836735,465.2810902896082,4.159863945578231,0.0073529411764705,712.7037037037037,561.3333333333334,0.7518518518518519,0.0073333333333333,610.4711409395973,640.3225806451613,2.5288590604026844,0.0119331742243436,632.162031438936,542.4607961399277,3.492140266021765,0.0135951661631419,591.3230769230769,537.9878048780488,3.9046153846153846,0.0222222222222222,1079.0844155844156,825.974025974026,3.909090909090909,0.0067264573991031,419.8648648648648,438.5972850678733,3.795045045045045,0.0177419354838709,555.5921052631579,539.2131147540983,3.2434210526315788,0.0119492158327109,699.178517397882,938.9728096676736,4.5658093797276855,0.0047770700636942,281.8943436499466,296.6098081023454,0.8100320170757738,0.0098650051921079,2441.294240837696,2493.718487394958,14.528795811518323,0.0053580126643935,569.106862745098,618.3845401174168,1.7352941176470589,0.0633263743910925,844.8086053412463,681.7842261904761,1.489614243323442,0.0162962962962962,514.3081570996978,728.2882882882883,1.5830815709969788,0.0085836909871244,611.4450867052024,484.149855907781,1.1618497109826589,0.0284810126582278,250.52117263843647,376.0260586319218,2.547231270358306,0.0131795716639209,609.5483870967741,473.65256124721606,2.1190211345939933,0.0083333333333333,457.2327044025157,511.8315789473684,2.140461215932914,0.0066445182724252,606.6350446428571,639.7550111358574,2.6629464285714284,0.0108481262327416,1354.661354581673,1265.508982035928,2.960159362549801,0.0187224669603524,388.927927927928,372.2147651006711,2.036036036036036,0.0060532687651331,560.2444987775061,481.6019417475728,1.8924205378973105,0.0034443168771526,684.1981566820276,586.3133640552995,2.5414746543778803,0.0043975373790677,819.7552816901408,469.1489361702128,2.186619718309859,0.0053667262969588,398.7096774193548,488.6642599277978,1.5017921146953406,0.0056737588652482,865.105413105413,596.9142857142857,2.116809116809117,0.0068027210884353,555.8219178082192,774.8630136986301,1.6335616438356164,0.0185185185185185,653.565625,762.5316455696203,1.771875,0.0079365079365079,744.32,584.4693333333333,1.1466666666666667,0.0052724077328646,482.5441696113074,790.6007067137809,2.6678445229681977,0.0065019505851755,517.0680628272252,504.5026178010471,2.6178010471204187,8,0,0,0.07746036609461149
13,202408,14,0,0.0173210161662817,718.9483568075117,584.7529411764706,5.368544600938967,0.0060313630880579,801.2176375404531,1233.1553398058252,2.1957928802588995,0.0092989985693848,526.8604316546763,570.6086956521739,2.2345323741007195,0.0106035889070146,1163.2673267326732,817.5617792421747,10.755775577557756,0.0110294117647058,627.7323420074349,512.7881040892194,1.8438661710037167,0.0033178500331785,578.1529255319149,489.77866666666665,2.877659574468085,0.0053699284009546,440.8235294117647,426.978417266187,2.804321728691477,0.0087209302325581,1183.5906432748538,764.2941176470588,3.8859649122807016,0.0151975683890577,647.5802469135803,547.7777777777778,0.9197530864197532,0.0011273957158962,594.176072234763,615.1693002257337,3.094808126410835,0.0170040485829959,468.5749588138386,554.6293245469523,2.026359143327842,0.0074906367041198,588.7662141779789,745.1057401812689,3.597285067873304,0.0037154989384288,344.5047923322684,292.19616204690834,1.291799787007455,0.0065656565656565,1009.4969325153374,1097.7148634984833,4.508179959100205,0.0019305019305019,754.4787234042553,709.0328820116055,2.4177949709864603,0.0274261603375527,658.5036179450072,554.393063583815,1.959479015918958,0.010590015128593,539.2682926829268,1137.4233128834355,2.554878048780488,0.0014471780028943,685.1445086705203,335.40697674418607,1.0953757225433527,0.0207336523125996,380.7524429967427,318.56677524429966,2.413680781758958,0.0081922446750409,501.1936193619362,479.86769570011023,2.3685368536853684,0.006322444678609,376.687898089172,350.59322033898303,1.851380042462845,0.0054854635216675,500.11025358324144,566.9536423841059,2.43329658213892,0.0173243503368623,493.52941176470586,478.3561643835616,2.262745098039216,0.010022271714922,637.1261261261261,531.370786516854,2.20945945945946,0.0107655502392344,574.7373493975904,399.0291262135922,2.780722891566265,0.0,931.6068181818182,653.1350114416476,6.861363636363636,0.0026269702276707,660.0176366843034,617.4125874125874,2.7019400352733687,0.0052631578947368,534.0845070422536,966.3604240282684,2.4401408450704225,0.0057061340941512,703.9283667621777,550.3448275862069,3.2034383954154726,0.0,348.43771043771045,297.5757575757576,1.7912457912457913,0.0293159609120521,867.375,879.0,1.5472972972972974,0.0121293800539083,770.74043715847,705.6130790190736,1.1830601092896176,0.0035087719298245,438.59154929577466,505.774647887324,2.084507042253521,0.0091027308192457,526.7716535433071,513.8582677165355,1.973753280839895,8,0,0,0.04909927829035132
14,202408,15,0,0.0134378499440089,669.1840909090909,722.7210884353741,2.536363636363636,0.0110856269113149,927.4961360123648,1361.5313225058003,2.214064914992272,0.0102171136653895,850.7886597938144,571.1627906976744,2.1443298969072164,0.000735294117647,991.0162002945508,831.1764705882352,4.148748159057438,0.0110062893081761,1015.7070063694268,1217.3333333333333,2.3184713375796178,0.0061614294516327,1713.7937888198758,1673.4653465346537,6.450931677018634,0.0062749572162007,614.5017221584386,466.0849598163031,2.971297359357061,0.0158102766798418,1208.107238605898,1374.385026737968,4.2680965147453085,0.0818181818181818,828.9473684210526,610.3311258278146,2.598684210526316,0.0131004366812227,1392.3333333333333,791.3082039911308,5.573951434878588,0.0238439306358381,907.810650887574,1175.5555555555557,2.5828402366863905,0.0122743682310469,1003.2280701754386,993.6842105263158,3.1330409356725144,0.0064007877892663,699.9008919722497,559.3260654112983,1.0555004955401388,0.0125815470643056,655.6081208687441,738.5481132075472,2.6742209631728047,0.0060101710587147,1162.296468401487,1096.033519553073,3.83271375464684,0.0118421052631578,853.8974700399467,892.410119840213,1.6191744340878829,0.0169252468265162,1539.481375358166,2325.344827586207,4.017191977077364,0.0063532401524777,822.0460358056266,810.690537084399,1.2736572890025577,0.0263522884882108,834.7122507122507,602.2222222222222,3.780626780626781,0.0095,638.4701718907988,591.7741935483871,1.865520728008089,0.0034812880765883,548.2867132867133,738.2198952879581,2.393356643356644,0.0040201005025125,713.6363636363636,707.0564516129032,2.581818181818182,0.0198198198198198,569.0330882352941,885.4411764705883,2.0091911764705883,0.0137931034482758,538.8622754491018,520.92,1.9421157684630737,0.0136986301369863,759.6153846153846,635.1282051282051,2.5064102564102564,0.0020408163265306,1111.3680981595091,909.723926380368,2.867075664621677,0.0124269005847953,788.8742603550296,621.9555555555555,1.4215976331360949,0.0244648318042813,717.5266457680251,829.0909090909091,1.5078369905956113,0.0490322580645161,730.1989100817439,742.7027027027027,2.182561307901908,0.0046511627906976,654.7826086956521,658.875,1.795031055900621,0.0454545454545454,1606.9470752089137,1611.042253521127,2.5041782729805013,0.0165605095541401,1602.3316062176166,1446.839378238342,1.8704663212435235,0.0086355785837651,1145.0174216027874,976.3066202090592,3.975609756097561,0.0102960102960102,737.1875,822.077922077922,1.8723958333333333,1,0,0,0.09823658184282169
15,202408,16,0,0.0234113712374581,777.3812785388128,724.3835616438356,2.9474885844748857,0.0092307692307692,826.4413364413365,919.5965865011636,1.9184149184149184,0.0076824583866837,626.0645161290323,591.9483870967742,2.241290322580645,0.0126112759643916,1866.8168168168168,1465.7142857142858,6.915915915915916,0.0080128205128205,734.4239482200647,726.9677419354839,0.9158576051779936,0.0092936802973977,955.7627965043696,750.4511278195489,2.455680399500624,0.0040137614678899,628.8662053056516,568.7586206896551,3.3275663206459054,0.0181818181818181,1212.6992084432718,1571.7771883289124,6.155672823218997,0.0058823529411764,806.2011834319527,836.8047337278107,1.3846153846153846,0.0130718954248366,874.3612334801762,781.9911504424779,4.198237885462556,0.0152616279069767,628.5798816568048,740.4123711340206,1.381656804733728,0.0184528034066713,1188.8188405797102,1347.0995670995671,3.9318840579710144,0.002932551319648,606.9479882237488,430.16650342801177,2.5554465161923456,0.0331969076853115,605.750939849624,670.3954802259886,3.2302631578947367,0.0070126227208976,1603.8596986817329,1741.9774011299437,6.715630885122411,0.0176010430247718,1239.1419098143235,1221.9933598937582,3.46949602122016,0.0098039215686274,823.5310734463277,976.9971671388104,1.8333333333333333,0.0012722646310432,572.1428571428571,356.48854961832063,1.0433673469387754,0.0219780219780219,1205.691011235955,1095.6095505617975,6.592696629213483,0.0050403225806451,659.7570850202429,543.8336713995943,1.8218623481781373,0.0043029259896729,551.7098445595855,636.8512110726643,2.077720207253886,0.0065228299046663,525.3939393939394,652.4242424242424,2.286868686868687,0.0072661217075386,585.6307129798903,725.6043956043956,1.5283363802559415,0.0069169960474308,1323.1252485089462,616.3745019920319,8.956262425447315,0.0199370409233997,884.2918454935623,699.2307692307693,2.418454935622317,0.0,755.9451219512196,649.4545454545455,2.207317073170732,0.0058097312999273,922.438596491228,717.8102189781022,2.2353801169590644,0.0047318611987381,548.952380952381,663.4177215189874,1.4634920634920634,0.0079365079365079,694.0928381962865,527.6139410187668,2.480106100795756,0.0046367851622874,586.0248447204968,411.8012422360249,2.611801242236025,0.0188425302826379,651.386301369863,1155.0,0.9506849315068492,0.0088495575221238,510.7831632653061,564.9489795918367,1.6479591836734695,0.0120689655172413,724.5993031358885,417.06293706293707,2.7421602787456445,0.00390625,574.5549738219895,335.09138381201046,1.7591623036649215,1,0,0,0.09309508048678761
16,202408,17,0,0.0242656449553001,1448.3664921465968,1282.6178010471203,5.041884816753926,0.0067811934900542,1026.2477313974591,1080.986301369863,1.843920145190563,0.0131362889983579,907.873121869783,642.3880597014926,2.0968280467445743,0.0008873114463176,778.1613475177305,652.2064056939502,4.042553191489362,0.0145867098865478,1095.944262295082,804.6072607260726,1.636065573770492,0.0078291814946619,1141.7068965517242,775.3581661891118,4.443965517241379,0.055452865064695,2137.9895697522816,1463.028720626632,11.359843546284225,0.0147710487444608,1376.3083832335328,1971.3513513513512,5.11377245508982,0.0209580838323353,874.8456790123457,521.8181818181819,0.845679012345679,0.0078125,1296.4397905759165,776.0526315789474,3.9293193717277486,0.0198446937014667,1077.6637168141592,1389.877408056042,1.752212389380531,0.0266457680250783,1176.7845659163986,1058.4193548387098,4.771704180064309,0.0081537565521258,1467.6705882352942,1340.820633059789,8.469411764705882,0.0135346173867777,1083.720464135021,1176.3674762407602,2.9145569620253164,0.0056965302951838,1311.1217481789802,1247.7664233576645,4.161290322580645,0.0162287480680061,1152.5536277602523,901.0641627543037,4.78391167192429,0.0129124820659971,754.1366279069767,1024.0116279069769,0.8081395348837209,0.0034602076124567,817.5,770.2083333333334,0.7430555555555556,0.0404411764705882,819.3103448275862,768.2758620689655,4.195402298850575,0.01194743130227,685.6259079903148,642.6811594202899,2.553268765133172,0.0134078212290502,635.5656108597285,691.0204081632653,2.2104072398190047,0.0018382352941176,991.5092024539878,871.3267813267813,3.1644171779141104,0.0080402010050251,1025.2121212121212,1160.0,2.8141414141414143,0.0064599483204134,785.4921875,1040.1038961038962,2.4921875,0.0209698558322411,1163.7299465240642,859.4638069705094,3.141711229946524,0.0013280212483399,755.424,568.4880636604775,1.9653333333333327,0.0107692307692307,722.8907956318253,814.4186046511628,1.6489859594383776,0.0110091743119266,994.2222222222222,1371.7472118959108,4.192592592592592,0.0089820359281437,1301.4580838323354,1099.7560975609756,6.083832335329341,0.010752688172043,823.9746376811594,592.3913043478261,1.931159420289855,0.0182370820668693,822.4782608695652,920.5555555555557,1.124223602484472,0.0079470198675496,626.2906666666667,445.98930481283423,2.1173333333333333,0.0072727272727272,2311.428571428572,1838.901098901099,4.626373626373627,0.005736137667304,1267.3423076923077,1059.2307692307693,8.173076923076923,11,0,0,0.1565236952687572
17,202408,18,0,0.4614687216681777,4463.881028938907,3009.3286219081274,11.855305466237942,0.0296039984621299,1144.665344964314,1309.3586698337292,2.402854877081681,0.0149156939040207,1153.9502617801047,740.2649006622516,1.9803664921465969,0.0238095238095238,1146.6270430906388,861.9705882352941,3.5423476968796432,0.0587349397590361,1455.1693290734825,1307.8846153846157,1.415335463258786,0.2134344528710726,3180.258644536653,2764.6913580246915,5.603042876901798,0.060287610619469,1454.1718009478673,1344.280701754386,6.035545023696683,0.1883040935672514,3208.2272727272725,3230.1754385964914,11.84375,0.0723684210526315,1128.3333333333333,1773.0434782608695,0.8333333333333334,0.1685934489402697,2000.607476635514,1514.896551724138,8.97196261682243,0.0509325681492109,1181.7391304347825,1332.0731707317073,1.616191904047976,0.0885558583106267,1627.9340329835084,1834.8733233979133,5.412293853073464,0.0528592023065833,1600.0363636363636,1583.6697247706422,4.633333333333334,0.0871050384286934,955.24410933082,1077.1030640668523,3.0725730442978323,0.1097027972027972,1765.9480901077377,1400.775590551181,3.597453476983349,0.0334470989761092,1867.0654338549075,1584.9088359046284,4.310099573257468,0.026950354609929,787.204081632653,1456.0932944606411,1.1924198250728864,0.043859649122807,1157.9527559055118,762.0549738219895,1.188976377952756,0.101863354037267,1111.1602209944751,1002.0498614958448,3.212707182320442,0.0285855101034992,1123.3591047812818,1237.834008097166,1.9735503560528995,0.0302521008403361,1241.0745233968803,1259.2720970537262,2.582322357019064,0.0365141187925998,1064.331983805668,985.9737638748738,2.1639676113360324,0.1237031125299281,1278.062271062271,1142.2826086956522,3.7545787545787546,0.0458536585365853,1258.424180327869,911.8775510204082,4.344262295081967,0.1525911708253358,1173.1709006928406,1039.2,2.3140877598152425,0.1252252252252252,1249.2396694214876,794.5379876796715,2.2107438016528924,0.1096166778749159,1545.1614349775784,1712.4274809160306,1.84304932735426,0.0695364238410596,2399.154929577465,2403.453237410072,9.72887323943662,0.047683923705722,2009.7045454545453,3064.149855907781,3.346590909090909,0.3119072708113804,1137.601226993865,988.6238532110092,1.892638036809816,0.0250990752972258,1980.0783783783784,1553.3152173913045,1.645945945945946,0.0286493860845839,1018.115168539326,1073.258426966292,1.831460674157304,0.0351239669421487,4806.978540772532,3128.974358974359,17.896995708154506,0.6146209386281588,5710.39336492891,3308.611111111112,26.606635071090047,5,0,0,0.5454964132852766
18,202408,19,0,0.4530853761622992,2353.0,2576.5868263473053,4.012779552715655,0.027958636537725,1083.327545382794,1242.1085759244688,1.9944751381215469,0.021370207416719,806.9255455712452,803.521850899743,1.7471116816431322,0.0206185567010309,1015.1351351351352,748.644578313253,3.171171171171171,0.0727554179566563,1323.5805369127518,935.0830564784052,1.2080536912751678,0.172686230248307,2978.813765182186,2991.1448275862067,8.222672064777328,0.0168115942028985,1100.2899061032865,833.957345971564,3.860328638497653,0.0910224438902743,1989.4401114206128,1994.2702702702704,4.0974930362117,0.0247678018575851,1050.7088607594935,1202.2929936305732,1.6772151898734178,0.1437066402378592,1692.9357798165138,1662.056074766355,6.529816513761468,0.0363232023721275,1060.0615384615385,849.5076923076923,1.5076923076923077,0.0901749663526245,2171.39617083947,2535.512630014859,6.187039764359352,0.0388302972195589,810.5190380761524,854.7169811320755,0.8687374749498998,0.051177536231884,2270.72,2310.6583732057416,9.862857142857145,0.072407883461868,1380.935125115848,1190.512891344383,2.370713623725672,0.0534201954397394,1520.7722908093278,1292.403314917127,1.9272976680384089,0.0380818053596615,1574.156342182891,1861.399416909621,2.7227138643067845,0.0404907975460122,780.765306122449,1064.4615384615386,1.0892857142857142,0.0590604026845637,902.3094555873926,949.2613636363636,2.5501432664756445,0.0197168857431749,954.819773429454,951.0743801652892,1.6879505664263643,0.013828867761452,818.7740805604203,974.842105263158,1.681260945709282,0.0284611673902556,946.5177865612648,789.4011976047905,2.133399209486166,0.1151960784313725,935.1192660550458,859.5167286245353,1.7376146788990825,0.0387221684414327,1124.0260521042085,1025.7064777327937,2.0180360721442887,0.1321671525753158,1327.482062780269,1189.2617449664428,1.8565022421524664,0.0231155778894472,935.3647540983608,877.8719008264463,1.6721311475409837,0.0798319327731092,1486.9218989280246,1379.001512859304,1.542113323124043,0.0734214390602055,1423.063694267516,1913.564668769716,2.1751592356687897,0.0566534914361001,1745.9971264367816,1556.7391304347825,2.6666666666666665,0.2853957636566332,862.5465838509317,912.6018808777428,1.624223602484472,0.0178571428571428,2030.683473389356,1762.122905027933,4.753501400560224,0.0434782608695652,1132.7603305785124,980.3030303030304,2.303030303030303,0.0464646464646464,3227.952789699571,2532.5523012552303,5.948497854077253,0.3726647000983284,2280.70245398773,2458.653846153846,7.236196319018405,11,0,0,0.34442161095286483
19,202408,20,0,0.0511111111111111,639.4626168224299,832.8169014084507,4.75,0.0146281999187322,553.4451772464963,769.7029702970297,2.237427864798021,0.0108108108108108,697.6181533646322,662.803738317757,2.153364632237872,0.012701100762066,569.9485420240137,453.6535162950257,3.8524871355060033,0.0166358595194085,681.0786516853933,425.8867924528302,1.7790262172284643,0.0137795275590551,782.6618037135279,961.2817089452604,2.7374005305039786,0.0056603773584905,453.4758883248731,507.2383354350568,3.769035532994924,0.0105263157894736,1110.2652439024391,1094.1818181818182,4.076219512195122,0.0189274447949526,566.858064516129,410.7692307692308,1.6129032258064515,0.0230515916575192,735.6359550561798,623.3258426966293,3.9146067415730337,0.0110732538330494,431.1531841652324,563.0689655172414,2.1652323580034425,0.0203160270880361,850.5536809815951,1031.7230769230769,3.3865030674846626,0.0048491379310344,495.9393282773564,421.948051948052,0.866738894907909,0.0137348124669836,552.001074113856,651.4102564102565,3.151450053705693,0.0195331110052405,700.3284600389863,599.6511627906976,2.293372319688109,0.0307362401715511,772.4867256637168,624.8672566371681,1.784660766961652,0.0134730538922155,1351.626139817629,2020.1818181818185,6.182370820668693,0.004360465116279,454.9854227405248,667.0175438596491,0.7113702623906706,0.0380952380952381,289.3762376237624,515.6435643564356,2.254125412541254,0.0247329960652051,515.8755760368664,624.083044982699,1.5852534562211982,0.0043103448275862,451.3606911447084,392.0173535791757,1.7580993520518358,0.0083845723868082,550.3937007874016,531.8644067796611,2.5196850393700787,0.0280842527582748,437.5123966942149,447.340206185567,1.5165289256198349,0.0090702947845804,549.0068649885584,630.2700228832952,2.1052631578947367,0.0287769784172661,445.5517241379311,357.1782178217822,1.9285714285714288,0.005720823798627,577.5471264367816,418.4792626728111,1.5402298850574712,0.0124555160142348,1230.6157989228006,1084.014466546112,3.271095152603232,0.019298245614035,463.7142857142857,546.4516129032259,2.7071428571428573,0.0086330935251798,730.8782608695652,738.1279069767442,2.4434782608695653,0.0295652173913043,551.3548387096774,417.8494623655914,2.175627240143369,0.0051724137931034,1396.240418118467,1304.2758620689656,7.104529616724738,0.0138888888888888,572.1577464788733,466.1408450704225,1.4028169014084506,0.0087873462214411,765.1063829787234,976.5957446808512,2.0709219858156027,0.0193548387096774,853.7730870712401,862.2047244094488,2.242744063324538,8,0,0,0.03930491739807418
20,202408,21,0,0.0371203599550056,568.518691588785,520.2336448598131,3.2803738317757007,0.0056451612903225,682.4241686942416,691.4817518248175,2.0373073803730737,0.0084745762711864,857.1084165477889,655.5618776671408,4.998573466476462,0.0106122448979591,492.1782178217822,396.9306930693069,4.227722772277228,0.0166051660516605,778.2359550561798,653.2330827067669,0.8576779026217228,0.0105124835742444,629.2068965517242,563.6968085106383,2.8381962864721486,0.0067901234567901,516.4838308457712,558.9316770186335,4.199004975124378,0.0144717800289435,949.2235294117648,1098.651026392962,4.064705882352941,0.0096463022508038,694.3311688311688,513.6428571428571,3.74025974025974,0.0077951002227171,678.0269058295964,520.8539325842696,3.2937219730941703,0.0084175084175084,377.7853492333901,489.6446700507614,1.678023850085179,0.0156482861400894,1056.1649016641452,1113.2727272727273,4.869894099848714,0.0016059957173447,406.0235798499464,374.2274678111588,1.172561629153269,0.0115927419354838,695.2838250254324,811.5337423312883,5.741607324516785,0.0047303689687795,665.7062737642585,603.1939163498099,1.870722433460076,0.0107219442458899,604.2803468208092,562.1098265895954,1.5953757225433527,0.0015408320493066,1793.829192546584,2787.7914110429447,7.819875776397516,0.0,472.6315789473685,486.1224489795918,0.912280701754386,0.0316455696202531,360.7156862745098,455.2941176470589,2.6993464052287583,0.0149501661129568,496.62317210348704,620.4269662921348,2.4285714285714284,0.0073606729758149,252.58474576271183,253.728813559322,2.6588983050847457,0.0065753424657534,489.52590959206174,474.8344370860927,2.6637265711135614,0.0175953079178885,831.4115308151094,564.9800796812749,2.039761431411531,0.011049723756906,602.1450892857143,481.6107382550336,2.361607142857143,0.0072551390568319,616.1776155717762,440.1951219512195,2.9416058394160585,0.0011286681715575,587.2171945701358,406.5914221218962,1.7126696832579185,0.0043821209465381,713.0475352112676,971.3028169014084,3.941901408450704,0.0222984562607204,410.5263157894737,488.42105263157896,1.5824561403508772,0.01,670.6416184971098,612.6224783861671,1.7514450867052025,0.0102739726027397,692.5951557093425,374.11764705882354,1.7162629757785468,0.0163666121112929,1062.1966666666667,1200.3986710963454,6.223333333333334,0.0067750677506775,665.7711171662125,465.3032786885246,1.2343324250681198,0.0070796460176991,653.4042553191489,609.8924731182796,2.3156028368794326,0.0077720207253886,500.282722513089,511.875,1.8272251308900525,8,0,0,0.06839121372495238
21,202408,22,0,0.0350492880613362,1117.1753986332574,1026.6515837104073,3.580865603644647,0.0100463678516228,1165.2747853239655,1043.231850117096,2.523028883684621,0.0200501253132832,1610.3073979591836,1967.1538461538464,5.048469387755102,0.0036549707602339,804.6857562408223,588.3870967741935,4.841409691629956,0.0463678516228748,1767.009708737864,1975.324675324676,2.705501618122977,0.0212249848392965,1180.80916976456,1214.4399008674102,2.7001239157372985,0.0107284020327498,926.233409610984,905.9453302961276,4.118993135011442,0.035064935064935,1807.4193548387093,2040.8086253369272,4.416666666666667,0.0184049079754601,703.95,509.875,1.3875,0.0204301075268817,894.7252747252747,796.578947368421,2.628571428571429,0.0119492158327109,935.3636363636364,888.9592760180996,2.2666666666666666,0.0236898779612347,1081.483063328424,1267.2246696035245,3.811487481590574,0.0161054172767203,1008.6073558648112,900.5940594059406,1.690854870775348,0.0149114631873252,1216.9754020813623,1036.1210974456008,4.977294228949858,0.0067144136078782,1085.861913357401,940.6120612061206,1.8240072202166064,0.0149739583333333,1235.1664464993396,1216.2698412698412,2.483487450462351,0.0117474302496328,3900.709198813056,3876.607142857143,20.59347181008902,0.0112079701120797,1023.3165829145728,1191.3636363636365,1.2814070351758795,0.0341997264021887,747.685552407932,590.8215297450425,2.453257790368272,0.0263288623944361,885.7814096016343,886.9724770642201,2.225740551583248,0.0043290043290043,878.7130434782608,984.8347826086956,2.7008695652173915,0.0044139283962726,1335.6059113300494,952.1970443349752,3.135960591133005,0.0215439856373429,775.9229357798165,860.0366972477065,2.185321100917432,0.0107421875,726.6627218934912,845.4545454545455,1.9270216962524656,0.0545454545454545,1079.4860813704497,1005.1599147121536,1.8415417558886509,0.0130391173520561,1119.831300813008,872.010162601626,1.957317073170732,0.0052671181339352,2409.4614220877456,1779.304084720121,3.0559757942511347,0.0888252148997134,908.3018867924528,1182.6415094339625,1.6572327044025157,0.0681818181818181,1122.6243243243243,866.5760869565217,2.105405405405405,0.006125574272588,1042.7076923076922,941.1111111111112,2.123076923076923,0.0083217753120665,5157.243093922652,3816.3739376770536,28.25966850828729,0.0229007633587786,685.6588541666666,435.3125,1.4739583333333333,0.0052356020942408,1529.0526315789473,1012.842105263158,3.3263157894736843,0.0179487179487179,1050.0,976.649214659686,3.1276041666666665,9,0,0,0.17855700833592458
22,202408,23,0,0.030939226519337,470.1780821917809,445.96810933940776,3.0913242009132422,0.0065637065637065,764.9020979020979,731.5241057542768,2.347319347319347,0.0100692259282567,1016.2697201017812,865.8449809402796,5.863867684478372,0.0111028867505551,721.5867269984917,576.0178306092125,4.73001508295626,0.0127795527156549,735.0,669.3203883495146,2.087378640776699,0.00497203231821,742.4014962593516,554.558197747184,2.811720698254364,0.0157835400225479,1667.659012629162,1294.6285714285714,5.529276693455798,0.0118110236220472,966.3829787234042,1122.1750663129974,4.220744680851064,0.00920245398773,1119.4382716049383,603.7267080745341,1.5123456790123455,0.0097508125677139,612.3413566739606,528.7089715536105,3.1575492341356672,0.0082520630157539,710.0452488687782,905.7359635811836,2.386123680241328,0.0100214745884037,790.8869565217391,824.5887445887446,3.218840579710145,0.0044031311154598,550.3097345132743,618.4479371316306,1.1160275319567354,0.0111731843575419,852.6654135338346,872.8867924528302,5.8768796992481205,0.005378753922008,930.2025202520252,878.6101083032491,2.075607560756076,0.0091205211726384,833.7739816031537,840.078947368421,1.57161629434954,0.0113154172560113,1332.908831908832,1363.103448275862,5.096866096866097,0.0037641154328732,1062.921914357683,1091.3350125944585,2.8740554156171285,0.0312075983717774,611.3921568627451,687.8991596638656,3.733893557422969,0.0146316851664984,669.6116803278688,624.8106448311156,2.4047131147540983,0.0034275921165381,852.3924268502582,943.6082474226804,2.1462994836488813,0.0058365758754863,781.0546875,657.1176470588235,2.689453125,0.0249776984834968,921.5784671532848,993.6880733944954,4.299270072992701,0.000981354268891,752.4280078895464,741.5851272015656,1.9644970414201184,0.0269709543568464,787.3936170212766,666.5384615384615,1.6978723404255318,0.0040120361083249,702.861167002012,520.4032258064516,1.935613682092556,0.0117044623262618,1218.431952662722,1214.2222222222222,5.955621301775148,0.0274809160305343,719.9245283018868,859.7492163009405,2.09748427672956,0.0105124835742444,691.4148936170212,824.4031830238727,1.9361702127659568,0.0015408320493066,812.9629629629629,672.5925925925926,2.320987654320988,0.0054347826086956,1527.2650273224044,1653.6065573770493,4.262295081967213,0.0089171974522292,1040.9537275064267,1116.4010282776349,1.0616966580976863,0.0138648180242634,803.6619718309859,606.7368421052631,3.492957746478873,0.0090439276485788,560.9921671018277,525.625,1.9869451697127936,1,0,0,0.08546418125694233
23,202408,24,0,0.0286425902864259,533.9872448979592,590.7216494845361,2.6096938775510203,0.0067934782608695,622.0765027322404,638.082191780822,1.656648451730419,0.0065412919051512,535.980198019802,700.3940886699507,1.9405940594059403,0.0131694468832309,580.7775800711744,441.9928825622776,3.290035587188612,0.0194174757281553,663.5526315789474,426.158940397351,1.3157894736842106,0.0021459227467811,472.02295552367286,436.5042979942693,2.2998565279770444,0.0053547523427041,688.579865771812,794.4129554655871,3.6013422818791945,0.0044709388971684,747.4029850746268,910.4504504504504,3.916417910447761,0.0198019801980198,750.0,648.8926174496644,1.554054054054054,0.0133155792276964,585.2830188679245,618.3243243243244,3.9056603773584895,0.010840108401084,495.93956043956047,433.0054644808743,1.6117216117216118,0.0088,752.1677419354838,708.8529886914378,3.2096774193548385,0.0035440047253396,527.6156583629893,522.085308056872,0.970344009489917,0.0148698884758364,638.3987068965517,702.0711974110033,2.8286637931034484,0.008008008008008,690.9625884732053,692.5679758308157,1.6744186046511629,0.0138674884437596,407.7042253521127,556.7550702028082,1.3208137715179968,0.0073313782991202,1279.873156342183,2857.6331360946747,4.9734513274336285,0.0017667844522968,466.5480427046263,706.4788732394367,0.9323843416370108,0.0261194029850746,305.51724137931035,258.3908045977012,2.8735632183908044,0.0066585956416464,371.34226552984165,645.439024390244,1.9269183922046285,0.0078387458006718,754.2081447963801,324.3243243243243,2.1085972850678734,0.0024706609017912,458.7144622991347,513.2009925558312,2.3980222496909764,0.0224489795918367,532.016632016632,618.6163522012579,1.5405405405405406,0.0064850843060959,497.1142857142857,438.4251968503937,2.036363636363636,0.0184210526315789,627.2815013404826,646.3270777479893,2.018766756032172,0.0026350461133069,514.6058201058202,576.5382585751979,2.17989417989418,0.0070202808112324,677.7776025236593,545.4460093896714,2.0173501577287065,0.0466786355475763,427.47169811320754,630.6766917293234,1.2264150943396226,0.0,474.1975683890578,514.2857142857143,1.9604863221884496,0.0075187969924812,403.36742424242425,340.22727272727275,1.912878787878788,0.0602055800293685,700.1786833855799,710.0934579439253,1.6551724137931034,0.0027137042062415,444.1907356948229,503.1521739130435,0.9482288828337876,0.0054844606946983,870.8823529411765,679.1911764705883,3.139705882352941,0.0075901328273244,666.6666666666666,564.5038167938932,1.5900383141762453,8,0,0,0.04128027604053908
24,202408,25,0,0.0291806958473625,529.4444444444445,553.4411085450347,2.789351851851852,0.0054390054390054,613.2627052384676,680.4215456674473,1.7591868647380766,0.0063816209317166,585.9743918053778,546.7268041237113,2.111395646606914,0.0021818181818181,668.3410404624277,615.1764705882352,4.489884393063584,0.0289634146341463,837.8867924528302,694.4200626959248,3.625786163522013,0.0080147965474722,737.4119106699752,705.9526774595267,2.7332506203473947,0.0078695896571107,936.9477272727272,896.1355932203389,3.381818181818182,0.0182767624020887,1449.688829787234,1418.776595744681,6.159574468085107,0.0468227424749163,1288.923076923077,1109.7535211267605,5.104895104895105,0.0207197382769901,1050.4017857142858,666.2666666666667,4.332589285714286,0.0037509377344336,381.2375939849624,421.2669683257919,1.7428571428571429,0.008695652173913,907.0511695906432,1212.1052631578948,3.6052631578947367,0.005091649694501,590.1740020470829,514.1453428863869,1.0931422722620263,0.0204638472032742,635.6328996282527,698.4591836734694,3.219330855018588,0.0092250922509225,653.8160597572362,702.3398328690807,2.316526610644258,0.0104166666666666,694.0553359683795,818.6333771353483,2.411067193675889,0.0056497175141242,1052.9147727272727,1173.5795454545455,2.7755681818181817,0.0064935064935064,527.3107049608356,796.8062827225131,1.052219321148825,0.0053619302949061,643.8921832884097,711.9137466307278,3.2911051212938007,0.005524861878453,436.8869828456105,485.3387259858443,2.0141271442986883,0.0017123287671232,834.9484536082474,752.568493150685,1.7938144329896908,0.0014513788098693,574.8420542635658,717.2093023255813,2.14922480620155,0.0116175156389633,341.74863387978144,595.6912028725314,1.8506375227686704,0.0128205128205128,447.1996007984032,468.24,1.6407185628742516,0.0272452068617558,617.3167701863354,554.8440748440748,2.10351966873706,0.0040201005025125,508.559595959596,862.5,1.8525252525252525,0.0065885797950219,1013.8451327433628,1195.0515463917525,2.454277286135693,0.0094637223974763,658.4713375796179,860.2547770700637,1.213375796178344,0.0013458950201884,757.1051212938005,684.0970350404313,2.115902964959569,0.0015290519877675,802.9082568807339,520.8558282208589,2.1009174311926606,0.1312785388127854,689.0367454068241,749.5263157894736,1.3412073490813647,0.0199468085106383,814.0433604336043,598.8641304347826,2.5420054200542004,0.0272572402044293,944.2105263157896,960.2097902097902,3.743859649122807,0.0126227208976157,721.8696883852691,673.8461538461538,2.2974504249291785,8,0,0,0.03960674950674936
25,202408,26,0,0.0090805902383654,1053.2603686635944,1006.1958997722096,9.453917050691244,0.0077669902912621,651.1486697965571,622.2709475332812,2.007042253521127,0.0105401844532279,630.4672897196261,650.9960159362549,2.128170894526035,0.0087025316455696,974.664536741214,958.181818181818,5.654952076677317,0.0098360655737704,1673.7450331125829,1665.2980132450332,11.788079470198676,0.0157430730478589,1914.9282970550576,1411.918158567775,6.331626120358515,0.0117785630153121,597.8569725864124,715.8522050059595,2.9606674612634087,0.0223684210526315,1355.3180592991914,1205.0,4.681940700808625,0.0094936708860759,1174.0573248407643,799.2307692307693,2.6305732484076434,0.0141921397379912,1281.3245033112582,1437.8666666666666,6.569536423841059,0.0128593040847201,1083.8650306748466,982.6952526799388,8.087423312883436,0.0195369030390738,731.0965824665676,940.5571847507332,4.163447251114413,0.0082056892778993,582.6961325966851,505.5726872246696,0.9756906077348066,0.023191094619666,553.9219790675547,664.2085308056872,3.534728829686013,0.0068775790921595,822.8134810710987,987.4238227146816,1.950138504155125,0.0152249134948096,1115.969144460028,835.6056338028169,1.7110799438990183,0.0071736011477761,654.9277456647399,733.3526011560693,2.786127167630058,0.0026178010471204,720.3149606299213,813.8582677165355,2.251968503937008,0.0320781032078103,589.5533141210375,556.0806916426513,4.025936599423631,0.0130684788290642,528.3059071729958,400.468085106383,2.109704641350211,0.0026223776223776,641.013986013986,458.066783831283,1.3006993006993006,0.0030196275792652,457.741935483871,443.72093023255815,1.879032258064516,0.0178907721280602,590.7074569789675,549.3461538461538,1.9502868068833648,0.0170854271356783,681.5787321063394,461.4723926380368,1.991820040899796,0.0203862660944206,771.186403508772,373.91684901531727,2.324561403508772,0.0031088082901554,517.7110187110187,384.3243243243243,2.108108108108108,0.0097378277153558,879.5592705167173,1062.5602409638554,3.129179331306991,0.0062992125984251,1012.7848101265824,1368.7619047619048,2.566455696202532,0.0067934782608695,852.6284153005464,781.3150684931506,2.57103825136612,0.0094936708860759,458.7284345047924,402.7476038338658,1.9456869009584663,0.0321285140562249,1039.393351800554,933.1491712707184,2.977839335180056,0.0041551246537396,459.9639889196676,367.0391061452514,1.0664819944598338,0.0017667844522968,1151.024734982332,965.531914893617,8.851590106007068,0.0115830115830115,1514.7054263565892,925.03937007874,12.289405684754522,11,0,0,0.06734435316383414
26,202408,27,0,0.0157384987893462,1450.3399014778324,1015.2825552825552,4.859605911330049,0.0073260073260073,591.4889502762431,541.1090573012939,2.376611418047882,0.0073349633251833,502.1513157894737,439.8655737704918,2.1661184210526314,0.0228310502283105,859.3258426966293,522.6492537313433,4.599250936329588,0.0079522862823061,681.390438247012,324.6774193548387,1.330677290836653,0.0098245614035087,1024.4736842105262,724.7457627118644,3.576102418207681,0.007717041800643,590.6506493506494,403.8551099611902,2.6662337662337663,0.0126582278481012,1366.92673992674,1361.098901098901,3.978021978021978,0.0066666666666666,673.6912751677852,851.2751677852349,2.1073825503355703,0.0164899882214369,664.3062200956938,771.7985611510792,3.631578947368421,0.0260642919200695,1344.393617021277,1126.3195691202873,10.812056737588652,0.0092307692307692,431.9341563786009,528.5,3.088477366255144,0.0052972336668628,495.5344418052256,399.33962264150944,0.8040380047505938,0.0544252288911495,460.8579117330463,476.1290322580645,3.14962325080732,0.0085061137692716,1653.8874734607218,2468.320693391116,9.671974522292992,0.014365522745411,1921.715909090909,1179.7415185783525,7.941558441558442,0.0093603744149766,625.0911949685535,558.3596214511041,1.018867924528302,0.0199386503067484,976.9278996865204,542.4375,4.786833855799373,0.0272108843537414,1527.4825174825176,1593.5664335664335,12.227272727272728,0.0111633372502937,385.2026221692491,401.1611374407583,1.9713945172824792,0.0088105726872246,219.1536748329621,277.25055432372505,1.66369710467706,0.0085567598402738,364.5921658986175,353.86206896551727,2.0599078341013826,0.0199161425576519,494.1025641025641,261.7130620985011,1.9444444444444444,0.0099502487562189,486.82828282828285,356.25,1.941919191919192,0.0094212651413189,1126.429347826087,258.5869565217391,2.6331521739130435,0.0012422360248447,722.181592039801,363.7139303482587,2.3582089552238807,0.0208530805687203,624.1392649903288,525.1162790697674,2.8684719535783367,0.0055045871559633,378.59778597785976,428.1918819188192,1.6346863468634687,0.0080256821829855,767.8867313915857,477.0873786407767,2.093851132686084,0.0037664783427495,398.6439393939394,186.56603773584905,1.7992424242424243,0.0105633802816901,664.7793594306049,461.8505338078292,0.6370106761565836,0.0041666666666666,255.218487394958,204.11944444444444,1.2492997198879552,0.0105263157894736,613.1914893617021,578.7234042553191,3.198581560283688,0.0026109660574412,615.9055118110236,586.5274151436031,2.25984251968504,8,0,0,0.13155008024829795
27,202408,28,0,0.0083832335329341,544.843373493976,440.62953995157386,7.371084337349398,0.0073977371627502,511.7921052631579,418.4224364592463,2.0657894736842106,0.0054815974941268,296.69182389937106,335.8675078864353,2.089622641509434,0.0237676056338028,386.7625899280576,305.750452079566,3.692446043165468,0.0152380952380952,1035.9108527131782,1092.7413127413126,8.027131782945736,0.0125173852573018,754.6549789621318,483.055162659123,2.5820476858345023,0.003831417624521,497.0615384615385,422.46153846153845,2.58974358974359,0.0087719298245614,410.7879858657244,436.5957446808511,3.76678445229682,0.0031746031746031,607.547770700637,664.203821656051,2.0127388535031847,0.0139211136890951,859.7647058823529,664.8,3.550588235294118,0.0137812230835486,555.4195804195804,434.5549738219895,2.281468531468532,0.0099818511796733,644.4434306569343,1000.3314917127072,3.3284671532846715,0.0035087719298245,489.7092614302462,485.8519388954172,0.9906213364595544,0.0318566450970632,577.1447638603696,733.9649845520082,3.879876796714579,0.0052356020942408,840.0010626992561,742.9614181438999,2.066950053134963,0.0178156467854376,1098.8880126182964,744.1324921135647,4.471608832807571,0.0061919504643962,814.175,911.7391304347826,4.69375,0.0153374233128834,450.8411214953271,655.5140186915888,1.766355140186916,0.015126050420168,450.45238095238096,543.082191780822,3.615646258503401,0.0137931034482758,373.7762237762238,396.8531468531468,2.1503496503496504,0.0064864864864864,317.2549019607843,255.7826086956522,2.0,0.0128563443264393,233.8706015891033,365.96610169491527,2.118047673098752,0.0184049079754601,211.625,223.875,1.6083333333333334,0.0144752714113389,356.4341463414634,543.3022113022113,2.44390243902439,0.0026007802340702,508.5117493472585,569.53125,2.608355091383812,0.0012004801920768,695.7122302158274,572.6746987951807,1.7386091127098322,0.0120036934441366,652.2546816479401,799.3656716417911,3.337078651685393,0.010752688172043,428.4782608695652,440.0,1.9782608695652173,0.0076804915514592,670.7888198757764,407.77777777777777,2.841614906832298,0.0091240875912408,621.6507352941177,280.0738007380074,2.025735294117647,0.0235690235690235,757.6689655172414,722.6896551724138,5.244827586206896,0.0094212651413189,319.95652173913044,283.69565217391306,1.328804347826087,0.0174825174825174,839.7864768683274,725.7651245551601,4.608540925266904,0.0038860103626943,1286.1818181818182,1106.71875,10.581818181818182,8,0,0,0.062218509063209027
28,202408,29,0,0.0650054171180931,1704.3752913752917,1078.479262672811,5.489510489510489,0.010408635312259,1443.00624024961,1106.1011673151752,3.047581903276131,0.0151419558359621,1049.4660691421254,949.2307692307692,3.24583866837388,0.0326086956521739,2186.846846846847,1535.42600896861,12.792792792792794,0.0280811232449297,1377.9137380191694,938.1290322580644,1.8146964856230032,0.0687426556991774,1503.156368221942,976.2878787878788,2.392181588902901,0.018348623853211,912.3024618991792,847.4738067520373,2.8053927315357563,0.1624850657108721,3054.483146067416,2353.5652173913045,5.191011235955056,0.050632911392405,1020.7682119205298,717.9865771812081,3.3642384105960264,0.2975352112676056,3449.4656488549617,2111.4074074074074,10.251908396946565,0.0368188512518409,1543.328244274809,1403.9816232771825,7.32824427480916,0.0477207977207977,1286.3796711509715,1862.1556886227545,3.4050822122571,0.0292223873204556,1083.9183673469388,946.469387755102,1.4642857142857142,0.0328917313841937,1182.1354166666667,980.2959472196042,5.21780303030303,0.0558707987778262,1727.3834101382488,1278.2003710575138,5.957603686635944,0.0222521915037086,1658.135359116022,1318.2644628099174,3.0593922651933703,0.017391304347826,1946.4411764705883,2864.733727810651,12.31764705882353,0.0297397769516728,1164.3654822335025,953.521850899743,1.631979695431472,0.0480109739368998,1195.6647398843932,911.7241379310344,3.46242774566474,0.0251762336354481,905.4217616580312,527.3326467559217,2.483937823834197,0.0043252595155709,983.5826086956522,954.6875,2.38608695652174,0.0218658892128279,971.4399205561072,801.4115308151094,2.4339622641509435,0.0786324786324786,644.360594795539,543.1111111111111,1.7304832713754648,0.0373647984267453,1208.810590631365,769.5491803278688,2.934826883910387,0.074718526100307,1324.1681614349775,1013.8427947598252,2.217488789237668,0.0577299412915851,1204.7759336099584,1094.8440748440748,4.595435684647303,0.1949257425742574,1526.269113149847,1414.2194744976816,4.282874617737003,0.0439560439560439,2231.3245033112585,1944.4299674267104,11.264900662251655,0.0402384500745156,2930.5245398773004,3769.245283018868,26.401840490797547,0.0228658536585365,1211.96261682243,777.0,2.616822429906542,0.0246913580246913,1846.2932960893847,1923.229461756374,10.868715083798882,0.0126262626262626,314.21227621483376,225.11508951406648,1.5012787723785166,0.0191304347826086,1761.4134275618374,1012.0996441281138,6.823321554770318,0.0777777777777777,1261.283422459893,915.6032171581768,8.585561497326204,11,0,0,0.37620626716587235
29,202408,30,0,0.0484048404840484,1299.3146853146852,1154.8761467889908,3.869463869463869,0.0176515732924021,1590.50390625,1582.59375,3.1140625,0.0144745122718691,1277.5542784163474,1176.6283524904215,3.203065134099617,0.0226073850791258,880.2484472049689,840.0918836140888,3.625776397515528,0.0316455696202531,1190.7072368421052,988.6363636363636,1.3519736842105263,0.0421432871763997,1339.479797979798,1172.953692115144,2.337121212121212,0.0284414106939704,1044.3157894736842,721.3364595545135,2.12280701754386,0.0891959798994974,1504.680790960452,1285.5525606469002,3.864406779661017,0.0159744408945686,942.5096774193548,798.8235294117648,1.167741935483871,0.1318136769078295,1848.310657596372,1935.3103448275865,4.00453514739229,0.029090909090909,1104.0179910044978,1301.9461077844312,2.898050974512744,0.2743791641429436,4177.920127795527,3447.062937062937,21.437699680511184,0.028334147532975,1526.3709677419354,1345.6369107321966,6.148185483870968,0.0359744990892531,827.3568738229756,813.9876777251185,3.530131826741996,0.0266365688487584,1944.992551210428,1952.1626617375232,3.481378026070764,0.0154258886653252,1520.635245901639,1462.2717391304348,2.337431693989071,0.0362622036262203,1146.208092485549,1320.8695652173913,3.043352601156069,0.0089171974522292,1306.6666666666667,1566.7519181585678,2.2842377260981914,0.0508021390374331,1135.240793201133,1083.6974789915969,6.101983002832861,0.0282115869017632,1090.2285418821095,897.1933471933472,4.034126163391933,0.0034512510785159,2696.896551724138,2215.304347826087,2.396551724137931,0.0227272727272727,1036.7786561264822,1078.810703666997,2.0069169960474307,0.0473684210526315,699.5955882352941,771.8081180811809,1.744485294117647,0.0285152409046214,1247.0,1341.1693548387098,3.0284552845528454,0.073558648111332,1829.3935483870969,1174.9464668094215,2.825806451612903,0.028028028028028,1083.781893004115,977.9381443298968,2.403292181069959,0.0904794058068872,1415.189552238806,1130.251107828656,2.849253731343284,0.0460829493087557,1144.2443729903537,1235.032258064516,2.987138263665595,0.0426098535286285,3046.123595505618,2735.041322314049,7.179775280898877,0.0200927357032457,1166.2264150943397,1103.73417721519,2.742138364779874,0.0186666666666666,1240.0760869565215,1118.804347826087,3.1385869565217392,0.0537142857142857,763.2632850241546,595.8768115942029,2.555555555555556,0.0242214532871972,2133.617021276596,2264.0425531914893,2.9432624113475176,0.0391414141414141,1041.157894736842,941.7322834645668,1.976315789473684,7,0,0,0.3130157142019159
30,202408,31,0,0.0209150326797385,759.1243386243386,835.4716981132076,4.026455026455026,0.010747185261003,971.078756476684,929.2561983471074,2.63419689119171,0.0101095197978096,670.190800681431,627.6530612244898,3.3304940374787053,0.0122873345935727,528.2758620689655,471.73996175908223,3.4195402298850577,0.0190972222222222,732.9366197183099,670.6761565836299,1.2992957746478873,0.0220700152207001,883.3172628304822,552.2429906542056,2.668740279937792,0.0034770514603616,514.9539748953974,526.0055865921788,1.7545327754532776,0.0277777777777777,1010.6071428571428,900.6428571428571,4.775,0.0265780730897009,537.4081632653061,951.3698630136986,2.2108843537414966,0.0589041095890411,1015.6772334293948,757.0588235294117,4.916426512968299,0.0169811320754716,702.543352601156,792.0458891013384,2.5587668593448942,0.2346153846153846,1616.543010752688,1549.9528301886792,4.341397849462366,0.0112711333750782,513.384030418251,664.4810126582279,1.405576679340938,0.0124796527400976,456.478021978022,623.0769230769231,2.424175824175824,0.0154185022026431,914.2374020156776,765.586592178771,1.395296752519597,0.0175585284280936,662.4830508474577,574.1538461538462,2.623728813559322,0.0208643815201192,681.344512195122,964.5592705167172,2.801829268292683,0.0149532710280373,746.1363636363636,601.3688212927757,2.2803030303030303,0.0254403131115459,618.24,732.5806451612904,3.02,0.0082382762991128,389.3129770992367,486.7008985879333,2.241730279898219,0.0086206896551724,686.7164179104477,764.3672456575682,1.9054726368159205,0.0159642401021711,514.5077720207254,621.924577373212,2.1088082901554404,0.0325027085590465,446.6814159292035,354.1496598639456,1.2566371681415929,0.0139275766016713,792.8539325842696,762.9517045454545,2.3876404494382024,0.0482093663911845,847.2622478386168,1077.0348837209303,3.7319884726224783,0.0112834978843441,929.4699140401146,747.7840909090909,2.1862464183381087,0.0102827763496143,577.3825042881647,709.0909090909091,1.5145797598627788,0.0099206349206349,814.08,1225.0602409638554,3.776,0.0290322580645161,1022.2733333333332,1656.7549668874171,4.3566666666666665,0.0020576131687242,539.2561983471074,653.0864197530864,2.06198347107438,0.0053191489361702,663.2659574468086,708.1720430107526,1.5780141843971631,0.015047879616963,587.1083333333333,470.8333333333333,1.6888888888888889,0.0,1071.003663003663,1151.2915129151293,4.725274725274725,0.005859375,636.6102362204724,382.5882352941176,2.141732283464567,8,0,0,0.04944268898957804
31,202409,1,0,0.0134310134310134,573.8064516129032,580.7407407407408,2.7121588089330024,0.0103270223752151,994.6107732406604,1044.3864229765013,3.689834926151173,0.0103174603174603,555.2279293739967,409.8076923076923,3.014446227929374,0.0044642857142857,599.4442477876106,429.7090909090909,2.874336283185841,0.0269749518304431,1018.7896825396824,940.0790513833992,1.1547619047619049,0.0192994996426018,740.4360465116279,755.9298245614035,2.7238372093023258,0.0019685039370078,397.76115485564304,468.77470355731225,1.578740157480315,0.0185497470489038,1101.1793103448276,692.054794520548,5.524137931034483,0.0172413793103448,292.31468531468533,274.9577464788732,0.93006993006993,0.0470183486238532,1215.544794188862,832.1052631578947,4.0024213075060535,0.0203900709219858,1088.395683453237,1261.5300546448088,3.473021582733813,0.2195467422096317,2788.001773049645,3003.3457249070634,9.863475177304965,0.0161090458488228,618.4382871536524,395.9697732997481,1.482367758186398,0.0099737532808398,340.65778251599147,491.45569620253167,2.886993603411514,0.0091370558375634,768.9005128205129,721.0440122824974,2.18974358974359,0.0125,827.3933649289099,725.039619651347,1.976303317535545,0.0135135135135135,1488.7003058103976,1877.636363636364,9.868501529051988,0.0151770657672849,973.5153583617748,815.8762886597938,2.511945392491468,0.0203389830508474,817.9166666666666,464.4827586206897,4.045138888888889,0.0048750761730652,494.004914004914,333.5531135531136,2.135135135135135,0.0060851926977687,347.4846625766871,430.2647657841141,1.6237218813905931,0.0183431952662721,370.9288299155609,343.95180722891564,2.106151990349819,0.024364406779661,377.9340659340659,449.3562231759657,1.4725274725274726,0.0119617224880382,1946.768115942029,1721.1140776699028,12.557971014492754,0.0476190476190476,686.6725888324873,594.8704663212435,2.078680203045685,0.0051085568326947,851.8205128205128,407.04370179948586,1.858974358974359,0.0497890295358649,809.9910071942446,690.7368421052631,1.960431654676259,0.0326530612244898,578.3898305084746,662.2689075630252,1.6652542372881356,0.0015822784810126,1642.8407643312105,1211.410094637224,10.828025477707008,0.0057692307692307,470.6976744186047,337.2972972972973,2.065891472868217,0.0201238390092879,972.0254777070064,1155.7993730407522,5.092356687898089,0.0158730158730158,481.1754385964912,346.05882352941177,1.5555555555555556,0.0069565217391304,1609.7052631578947,1244.6853146853148,5.11578947368421,0.0200573065902578,665.9824046920821,614.868804664723,2.9824046920821115,1,0,0,0.19722388113864175
32,202409,2,0,0.1232731137088204,3576.549636803874,2605.1941747572814,21.5544794188862,0.0053866871873797,1052.4408352668213,1031.6075851393189,3.2730085073472543,0.0082278481012658,887.9234693877551,719.080459770115,1.9451530612244896,0.0037537537537537,799.4743975903615,558.7330316742082,3.3930722891566263,0.0130718954248366,806.4651162790698,1081.3861386138617,3.219269102990033,0.0197044334975369,767.1051314142678,635.7881462799496,2.972465581977472,0.0023474178403755,565.0389150943396,456.4084507042253,3.606132075471698,0.0246734397677793,1017.519174041298,571.8918918918919,4.775811209439528,0.0103092783505154,514.3379310344827,417.9020979020979,1.5586206896551724,0.0262582056892779,626.8314606741573,576.4044943820224,4.7797752808988765,0.0090225563909774,646.4133738601823,540.7272727272727,2.141337386018237,0.0603932584269662,1134.1954545454546,1265.6637168141592,5.210606060606061,0.0036803364879074,658.3561643835617,658.6046511627907,2.773445732349842,0.013029315960912,596.1981132075472,725.59849198869,3.2245283018867923,0.0143304970891177,949.084392014519,854.7952684258416,2.044464609800363,0.0081411126187245,1138.641586867305,989.876880984952,1.7031463748290014,0.0141442715700141,858.6034482758621,744.0687679083095,2.71264367816092,0.0076923076923076,941.2886597938144,948.3419689119172,2.7603092783505154,0.031081081081081,416.3342618384401,818.7150837988827,2.551532033426184,0.0097786927431806,852.5706860706861,781.9334719334719,1.978170478170478,0.0075949367088607,798.4615384615385,831.7766497461929,1.964102564102564,0.0083129584352078,693.0177514792899,741.301775147929,2.1814595660749507,0.014760147601476,540.6754221388368,600.3364485981308,1.8311444652908069,0.0112016293279022,573.0800821355236,712.3140495867768,2.242299794661191,0.0353063343717549,707.2306034482758,454.1935483870968,1.8685344827586208,0.0061099796334012,696.9139344262295,671.1659836065573,1.397540983606557,0.0110537951363301,670.5931445603577,792.876304023845,2.92548435171386,0.0079617834394904,298.81410256410254,351.31832797427654,1.4423076923076923,0.0013422818791946,796.3449197860963,931.2972972972972,2.462566844919786,0.0015873015873015,990.5696202531644,1115.846645367412,3.974683544303797,0.0146082337317397,1213.1216216216217,1125.967741935484,2.191891891891892,0.0090556274256144,739.5,531.25,1.3638743455497382,0.0104712041884816,574.5583038869258,449.5774647887324,2.049469964664311,0.0025906735751295,525.3307493540052,410.6005221932115,5.677002583979328,1,0,0,0.09130851599058964
33,202409,3,0,0.0141010575793184,604.4809523809524,819.0930787589499,6.214285714285714,0.0057042562527424,765.1056338028169,723.4513274336283,3.704225352112676,0.0054815974941268,456.9937106918239,433.1545741324921,1.8411949685534592,0.0045829514207149,530.8455882352941,338.6346863468635,3.647058823529412,0.01707779886148,1126.4015444015445,1303.7837837837835,8.517374517374517,0.0082417582417582,444.02367688022287,677.8870523415978,1.9456824512534816,0.0045691906005221,479.484251968504,535.4390563564875,2.5551181102362204,0.010752688172043,895.2772585669782,490.030959752322,4.11214953271028,0.014760147601476,757.7910447761194,596.390977443609,1.0298507462686568,0.0068493150684931,429.9539170506913,476.2844036697248,3.4331797235023043,0.0026064291920069,329.948006932409,295.3765323992995,2.2409012131715773,0.0069767441860465,567.896875,458.5647425897036,3.4546875,0.0,373.10885167464113,305.75539568345323,1.6973684210526316,0.0131648235913638,356.1846318036286,444.9733191035219,2.504802561366062,0.00439453125,545.1611001964636,632.9676787463271,1.969548133595285,0.0100463678516228,624.0956112852665,633.1259720062209,1.8244514106583072,0.0045662100456621,420.8837920489297,370.6422018348624,3.336391437308869,0.0,539.4461538461538,385.9509202453988,3.1507692307692308,0.0356564019448946,173.53535353535352,245.0335570469799,3.589225589225589,0.0117096018735363,514.3495260663507,473.6729857819905,4.428909952606635,0.0096878363832077,318.4313725490196,469.84815618221256,2.1982570806100217,0.0017191977077363,342.9357798165138,406.5517241379311,1.94151376146789,0.0075512405609492,319.17391304347825,451.3043478260869,2.0391304347826087,0.0048076923076923,371.3937198067633,521.4492753623189,1.7608695652173914,0.005089058524173,526.2595419847328,295.3727506426735,3.865139949109415,0.0,355.7193396226415,509.2924528301887,1.3797169811320755,0.0045537340619307,481.0839416058394,516.3302752293578,1.954379562043796,0.0090744101633393,250.3296703296704,316.7032967032967,1.9047619047619049,0.0118343195266272,444.5,394.1317365269461,2.2904191616766467,0.0163339382940108,388.0,427.5,1.5518518518518518,0.006578947368421,781.2913907284768,1092.317880794702,1.5364238410596027,0.0120805369127516,613.3858695652174,532.3369565217391,1.2554347826086956,0.0105263157894736,412.9787234042553,481.2765957446808,2.847517730496454,0.0065104166666666,742.6771653543307,624.1884816753927,1.8871391076115485,8,0,0,0.03363744506858524
34,202409,4,0,0.0036496350364963,275.35766423357666,330.5882352941176,2.922141119221412,0.0035587188612099,553.397504456328,445.38461538461536,3.228163992869875,0.0061967467079783,355.5529595015576,329.1107644305772,1.8831775700934577,0.0009398496240601,427.9775280898877,282.3062381852552,3.691011235955056,0.0101419878296146,1247.534693877551,1167.8600823045267,11.66530612244898,0.0059925093632958,373.53996983408746,440.5120481927711,1.8733031674208145,0.0111256544502617,1003.6415343915344,952.3708609271524,5.252645502645502,0.010752688172043,657.7374100719425,351.24087591240874,3.2482014388489207,0.0,744.7919463087248,621.5302013422819,1.1946308724832215,0.0083532219570405,546.7951807228916,332.74038461538464,3.5325301204819275,0.0164644714038128,486.8783068783069,466.3732394366197,3.800705467372134,0.0081818181818181,520.7266055045872,728.6813186813187,4.179816513761468,0.0012202562538133,392.8867235079172,328.6029411764706,1.074299634591961,0.0082009226037929,810.1487603305785,743.8397104446742,7.574380165289257,0.0035915854284248,354.02169421487605,511.6016427104723,1.996900826446281,0.0065843621399176,461.3283582089553,343.9072847682119,1.714759535655058,0.0066115702479338,394.4966216216216,639.5409836065573,2.972972972972973,0.0,357.9375,370.2803738317757,3.234375,0.0229885057471264,421.006711409396,679.1919191919192,4.449664429530201,0.005991611743559,595.0518072289157,497.5150784077201,2.103614457831325,0.0033370411568409,345.6152125279642,395.011135857461,1.639821029082774,0.007514450867052,598.5314685314685,546.1466821885914,3.009324009324009,0.0200210748155953,472.8051391862955,439.8272138228942,2.160599571734476,0.007361963190184,421.0148148148148,262.1287128712871,2.338271604938272,0.0104575163398692,562.6385224274406,275.87301587301585,2.0870712401055407,0.0012091898428053,484.6980676328503,465.2912621359224,1.5458937198067633,0.0040080160320641,480.6753507014028,567.030303030303,4.472945891783567,0.0092592592592592,352.5563909774436,554.0520446096655,2.030075187969925,0.0031397174254317,377.78164556962025,293.98119122257054,2.1550632911392404,0.0056818181818181,634.6768060836501,458.9312977099237,2.3840304182509504,0.001953125,453.9724409448819,543.9688715953307,3.251968503937008,0.0041039671682626,553.5412087912088,485.18956043956047,1.2857142857142858,0.0054644808743169,322.30483271375465,325.7761732851986,2.5390334572490705,0.0039318479685452,275.6842105263158,320.8421052631579,2.028947368421053,8,0,0,0.09173494659041137
35,202409,5,0,0.0190582959641255,395.629290617849,593.6986301369863,4.032036613272311,0.0056338028169014,626.9611964430072,544.2787682333874,3.3209377526273243,0.0070019096117122,618.4089743589743,751.7692307692307,2.4474358974358976,0.0016722408026755,924.5868465430016,621.8635607321131,3.839797639123103,0.0068493150684931,718.1134020618557,427.2664359861592,4.941580756013746,0.0066533599467731,424.8529411764706,492.0,2.03475935828877,0.0195845697329376,515.3900364520049,441.9300361881785,2.0413122721749697,0.0096021947873799,727.0333333333333,326.8508287292818,4.783333333333333,0.0460992907801418,313.2043795620438,277.27272727272725,1.7883211678832116,0.0034364261168384,323.8073394495413,390.4147465437788,3.5711009174311927,0.0113293051359516,665.5535168195719,689.6992366412213,3.6422018348623855,0.0032599837000814,416.4475409836065,531.2887438825448,4.2901639344262295,0.0068181818181818,344.9656750572082,314.0045766590389,1.2643020594965677,0.0112888052681091,560.5,557.9296577946768,3.2942857142857145,0.0055045871559633,872.5768518518519,863.7132352941177,1.9148148148148147,0.0077519379844961,729.5078014184397,696.0056899004268,1.9390070921985816,0.001531393568147,601.7730061349694,816.0736196319018,1.7239263803680982,0.0,559.2631578947369,431.32978723404256,3.544736842105263,0.0226628895184136,474.11304347826086,613.2173913043479,4.057971014492754,0.0208550573514077,397.7801494130203,582.3379383634432,2.159018143009605,0.0103092783505154,285.2083333333333,345.4166666666667,1.2638888888888888,0.0045731707317073,519.4647599591419,505.7755102040816,3.0163432073544434,0.0196463654223968,632.6946107784431,542.4144869215291,1.467065868263473,0.0031813361611876,436.3099787685775,508.78464818763325,1.634819532908705,0.0150537634408602,509.0829694323144,463.6244541484716,2.100436681222708,0.0,627.6128364389234,450.0,1.9544513457556936,0.0039277297721916,1161.9654088050315,742.5949367088608,9.90566037735849,0.0096774193548387,369.8084415584416,458.8235294117647,3.321428571428572,0.0028490028490028,408.6931818181818,307.41379310344826,2.4744318181818183,0.0096618357487922,558.1758957654723,513.8961038961039,2.0749185667752443,0.0168302945301542,454.1171428571429,483.4188034188034,2.685714285714285,0.0172872340425531,354.7972972972973,274.6341463414634,1.4891891891891893,0.0102739726027397,420.625,186.41379310344828,2.704861111111111,0.0116580310880829,330.15706806282725,377.7952755905512,1.6780104712041886,8,0,0,0.06983544035466127
36,202409,6,0,0.0067643742953776,455.1681818181818,577.9591836734694,3.611363636363636,0.0044336960902861,1018.0226720647772,900.2914979757085,6.107692307692307,0.0107799619530754,523.1835686777921,571.2676056338029,2.607188703465982,0.0016877637130801,513.2764505119454,476.0804020100503,3.831058020477816,0.0104166666666666,586.5034965034965,498.8028169014085,1.8776223776223773,0.0039893617021276,842.1415220293725,521.0146862483311,3.674232309746329,0.0254588513913558,560.2669902912621,543.1386861313869,3.316747572815534,0.0041208791208791,552.2314049586777,433.42541436464086,3.683195592286501,0.0574324324324324,747.9712230215828,560.1428571428571,0.8705035971223022,0.0078299776286353,683.3783783783783,537.9683972911964,5.301801801801802,0.0105980317940953,658.8957055214723,546.0458015267176,3.993865030674847,0.0085714285714285,545.1948051948052,639.884892086331,4.238095238095238,0.0016835016835016,341.8918918918919,326.93602693602696,1.3693693693693694,0.0094295143800094,451.43862987630826,591.8285714285714,2.340627973358706,0.0032110091743119,1009.9972375690608,944.3790248390064,2.707182320441989,0.013103448275862,619.7071129707113,536.1050420168067,2.3779637377963736,0.0118343195266272,628.3791044776119,523.6036036036036,1.7223880597014924,0.0051948051948051,418.4251968503937,457.87012987012986,3.041994750656168,0.0290456431535269,710.7264957264957,600.7094017094017,3.262108262108262,0.0178477690288713,272.47058823529414,572.6282051282051,2.1272727272727274,0.0034246575342465,365.7534246575343,370.0344827586207,1.6386986301369864,0.0035407182599898,504.838056680162,413.4012219959267,1.8765182186234817,0.0200956937799043,321.05263157894734,317.7240704500978,1.567251461988304,0.0031479538300104,514.3768421052631,533.3052631578947,2.32,0.0031982942430703,586.2820512820513,539.6145610278372,2.5961538461538463,0.0,720.9028925619834,504.7717842323651,4.667355371900826,0.0070093457943925,628.0172143974961,576.8867924528302,2.6572769953051645,0.0064724919093851,342.4104234527687,717.8501628664495,1.5504885993485342,0.0013908205841446,645.6991643454039,336.43454038997214,2.618384401114206,0.0097087378640776,467.84313725490193,410.0,2.5163398692810457,0.0295774647887323,447.2202898550725,526.5697674418604,2.165217391304348,0.0143603133159268,388.9602122015915,258.1587301587302,1.453580901856764,0.0086058519793459,491.0801393728223,282.3529411764706,3.7386759581881535,0.0065104166666666,279.4240837696335,294.96062992125985,2.0654450261780104,8,0,0,0.040011634073299884
37,202409,7,0,0.0052151238591916,385.0497382198953,446.6141732283464,6.693717277486911,0.00177304964539,663.8835555555555,606.0159716060338,2.864,0.0040650406504065,324.8825448613377,396.7647058823529,2.6476345840130504,0.0009852216748768,632.7810650887574,318.5798816568048,2.9881656804733727,0.0,583.7554744525547,381.2546125461255,2.3503649635036497,0.0016260162601626,417.55392156862746,312.1753246753247,2.738562091503268,0.0070028011204481,348.7116736990155,480.0848656294201,2.070323488045007,0.0056497175141242,456.1212121212121,690.4545454545455,6.556818181818182,0.0314685314685314,903.3093525179856,627.3913043478261,1.39568345323741,0.0113636363636363,278.57142857142856,530.635838150289,3.665714285714286,0.0037558685446009,485.2075471698113,570.9604519774011,2.7150943396226417,0.0065237651444548,722.5037453183521,436.4661654135338,3.3764044943820224,0.0006439150032195,308.91472868217056,365.3213367609255,1.0361757105943152,0.0043956043956043,503.387417218543,444.8344370860927,2.411699779249448,0.0027442371020856,655.9385290889132,822.9139072847682,1.7288693743139407,0.010752688172043,391.4040066777963,301.4070351758794,1.984974958263773,0.0094786729857819,532.2101910828026,529.073482428115,1.5445859872611465,0.0017543859649122,248.6013986013986,536.1837455830389,2.6923076923076925,0.0176125244618395,332.27091633466136,694.9003984063745,2.442231075697211,0.0031545741324921,387.9441624365482,392.8787878787879,3.125634517766497,0.0047114252061248,255.10688836104512,258.1132075471698,1.9121140142517807,0.0019011406844106,409.4162436548223,391.1054637865311,2.092639593908629,0.0045402951191827,338.4931506849315,363.4168564920273,1.3538812785388128,0.0026990553306342,608.6314363143631,584.7567567567568,1.859078590785908,0.0040485829959514,532.4510869565217,541.2972972972973,1.7065217391304348,0.0027624309392265,459.3573407202216,366.4819944598338,1.4709141274238229,0.0035429583702391,387.1967799642218,441.62544169611306,2.341681574239714,0.005893909626719,335.57312252964425,448.2213438735178,2.300395256916996,0.0065897858319604,411.3455149501661,524.7019867549669,2.249169435215947,0.002004008016032,308.67469879518075,182.89156626506025,2.2369477911646585,0.0,627.7912087912088,550.7692307692307,2.7362637362637363,0.0040816326530612,267.2103825136612,391.3114754098361,1.5628415300546448,0.003683241252302,1133.1365313653137,1024.0,4.697416974169742,0.0042105263157894,1009.7805907172996,864.6610169491526,14.742616033755274,8,0,0,0.07185263230062344
38,202409,8,0,0.007918552036199,605.5945330296128,514.1095890410959,4.0136674259681095,0.0056796667928814,805.4509505703422,894.7368421052631,2.726235741444867,0.0157331655129011,781.7049808429118,703.7131882202304,2.126436781609196,0.0068233510235026,675.4078549848942,482.1296296296296,3.306646525679758,0.0016181229773462,776.9804560260586,612.5806451612904,2.348534201954397,0.0038289725590299,562.5012787723786,691.7329910141207,2.50383631713555,0.0142287990893568,1127.2853828306263,1013.448275862069,4.687935034802784,0.0067114093959731,858.3739837398374,760.1078167115903,4.837398373983739,0.0298507462686567,700.3692307692307,516.9230769230769,0.5923076923076923,0.0022371364653243,344.93273542600895,385.1569506726457,2.663677130044843,0.0103016924208977,506.46795827123697,622.8783382789318,2.663189269746647,0.0077793493635077,651.3632478632478,776.8330955777461,4.282051282051282,0.0015243902439024,541.6463414634146,495.47400611620793,1.804878048780488,0.0055865921787709,401.3645735707592,543.2553788587464,2.909090909090909,0.0045724737082761,815.4075436982521,871.816513761468,1.6494940202391903,0.0114869176770899,846.0518806744487,712.8984575835476,2.1569390402075226,0.0044247787610619,609.577380952381,445.6637168141593,1.860119047619048,0.0038071065989847,559.3893129770993,590.5102040816327,2.608142493638677,0.0208062418725617,485.59681697612734,535.0531914893617,4.06631299734748,0.0111167256189994,601.651376146789,732.0491803278688,3.2283384301732925,0.0082034454470877,874.8099173553719,748.0132450331126,3.15702479338843,0.002919708029197,588.2111436950147,609.5906432748538,1.981427174975562,0.0091827364554637,440.69888475836433,384.5101663585952,1.496282527881041,0.0029585798816568,656.1758893280632,691.2415841584159,1.7766798418972332,0.0050251256281407,665.4242424242424,608.630303030303,1.8828282828282827,0.0039408866995073,557.3920792079208,459.1304347826087,1.502970297029703,0.0089219330855018,914.4850299401196,722.5263157894736,4.947604790419161,0.0032520325203252,409.0196078431373,525.7328990228013,1.96078431372549,0.0,486.1455525606469,597.1045576407507,2.371967654986523,0.0061538461538461,548.1733746130031,541.8575851393189,1.9411764705882355,0.0119205298013245,715.9008042895442,783.6997319034853,1.8230563002680968,0.0081855388813096,467.1758241758242,444.793388429752,1.6703296703296704,0.0154373927958833,670.9090909090909,502.0833333333333,3.863636363636364,0.0014064697609001,325.1123595505618,393.89830508474574,1.9859550561797752,8,0,0,0.016799781313215356
39,202409,9,0,0.0089686098654708,357.1428571428572,394.1309255079007,2.435374149659864,0.0052146008824709,501.8547215496368,505.4311039484287,2.205811138014528,0.0069095477386934,512.3236409608091,597.5696202531645,2.310998735777497,0.0039370078740157,516.3924050632911,346.3507109004739,3.8987341772151898,0.0,556.6185567010309,463.7113402061856,2.2852233676975944,0.0019342359767891,312.7080103359173,405.0387596899225,3.031007751937985,0.0167533217793183,654.1641266119578,637.9505300353356,4.105509964830012,0.0067750677506775,673.972602739726,650.3804347826087,6.608219178082192,0.0036496350364963,931.978102189781,1119.7058823529412,0.8686131386861314,0.006514657980456,413.056768558952,257.98687089715537,3.75764192139738,0.0060195635816403,525.0453172205438,627.1320182094082,1.8126888217522656,0.0084447572132301,608.9118065433855,757.3087818696883,3.554765291607397,0.003883495145631,353.619512195122,393.0087633885102,0.9658536585365852,0.0145131086142322,649.3019943019943,698.8973384030418,2.540360873694207,0.0022675736961451,610.4922797456858,557.3066424021838,1.7493188010899183,0.0122029543994861,822.0051880674449,695.0456323337679,2.079118028534371,0.0044510385756676,931.532738095238,1062.2686567164178,3.6041666666666665,0.0062578222778473,623.1818181818181,533.856783919598,2.851010101010101,0.0260273972602739,421.6366197183099,563.5955056179776,4.185915492957746,0.010747185261003,582.9545454545455,681.3264248704663,2.522727272727273,0.0033955857385398,483.8907849829352,601.734693877551,1.8856655290102389,0.0024703557312252,556.0929772502473,529.2261904761905,1.880316518298714,0.0055350553505535,570.5780669144981,613.7777777777778,2.187732342007435,0.0049652432969215,568.5597609561753,321.6,1.7231075697211156,0.0030211480362537,476.1212121212121,449.93939393939394,1.993939393939394,0.0020366598778004,477.16530612244895,845.7551020408164,1.610204081632653,0.0045351473922902,763.4233687405159,550.0303951367781,3.6327769347496206,0.0126582278481012,510.4823151125402,670.3514376996806,1.9614147909967845,0.0013623978201634,440.1008174386921,376.55737704918033,1.901907356948229,0.0,274.746835443038,249.1139240506329,2.1202531645569622,0.0193905817174515,812.2832861189802,757.1830985915493,5.7025495750708215,0.0122282608695652,424.42148760330576,314.29395604395603,1.1542699724517906,0.0,1096.767676767677,1067.0707070707072,4.191919191919192,0.0037878787878787,424.7328244274809,442.1212121212121,3.3104325699745547,8,0,0,0.05193711127532952
40,202409,10,0,0.0035971223021582,360.22836538461536,368.5301204819277,4.259615384615385,0.003862660944206,354.73298880275627,375.36206896551727,2.233419465977605,0.0053353658536585,517.0137825421133,548.3742331288344,1.8284839203675345,0.0008976660682226,364.6236559139785,273.5135135135135,3.216845878136201,0.0020283975659229,368.479674796748,145.3658536585366,1.532520325203252,0.0007251631617113,317.2052401746725,307.72793053545587,2.017467248908297,0.0071243523316062,667.8305084745763,561.5404699738904,2.8161668839634943,0.011214953271028,357.0187969924812,375.7414448669202,4.007518796992481,0.0075187969924812,328.0984848484849,245.45454545454547,0.9772727272727272,0.0034924330616996,258.9695550351288,228.67132867132867,3.4449648711943794,0.0114840989399293,398.1428571428572,362.3613595706619,3.2392857142857143,0.0118938700823421,279.6456400742115,319.8521256931608,3.064935064935065,0.0049342105263157,317.199558985667,247.53303964757708,0.7618522601984564,0.0063931806073521,394.7247311827957,491.4737967914439,2.6053763440860216,0.0030864197530864,398.0010298661174,394.0641158221303,1.7466529351184346,0.0037481259370314,474.91114457831327,528.0902255639098,1.8147590361445785,0.0016366612111292,621.9245901639345,555.5409836065573,4.059016393442623,0.0029895366218236,447.3873873873874,281.8562874251497,2.846846846846846,0.0130718954248366,202.07615894039736,375.4966887417218,4.539735099337748,0.0052847915443335,391.9811320754717,422.1985815602837,2.418632075471698,0.0054884742041712,303.7086092715232,312.4503311258278,2.011037527593819,0.0023068050749711,516.3468208092486,327.67630057803467,2.401156069364162,0.0242669362992922,583.6915113871636,865.8921161825726,6.971014492753623,0.0094899169632265,183.4244604316547,251.60287081339712,2.2326139088729016,0.0060827250608272,244.41176470588235,221.36919315403424,2.0392156862745097,0.0,289.3557692307692,353.36538461538464,1.6754807692307692,0.0019782393669634,510.7881188118812,558.9285714285714,4.352475247524753,0.0057251908396946,167.30769230769232,287.81609195402297,2.5346153846153845,0.0,514.0378548895899,394.52830188679246,2.1009463722397475,0.0074906367041198,305.4339622641509,297.7358490566038,1.7547169811320755,0.0,279.67330677290835,443.9043824701195,2.4661354581673307,0.0,378.7277936962751,398.3381088825215,1.174785100286533,0.0034904013961605,264.965034965035,495.7894736842105,4.010489510489511,0.0012738853503184,354.3367346938776,296.7857142857143,1.5076530612244898,8,0,0,0.07388136665049927
41,202409,11,0,0.0212765957446808,369.8698795180723,224.8910411622276,3.6867469879518073,0.0302013422818791,453.471551724138,402.54774305555554,3.593103448275862,0.0165165165165165,419.7415902140673,483.75,2.2782874617737003,0.0044444444444444,402.7191413237925,302.0320855614973,4.094812164579606,0.0059880239520958,265.208,158.46774193548387,2.56,0.0121428571428571,286.45821325648416,273.09143686502176,2.112391930835735,0.0140038192234245,717.9291237113403,735.1358344113842,4.872422680412371,0.0235934664246823,466.35687732342006,372.0446096654275,3.342007434944238,0.0209790209790209,620.0357142857143,614.5714285714286,1.7214285714285715,0.0321469575200918,602.8436018957347,259.9524940617577,4.680094786729858,0.3455425017277125,1159.6529284164858,483.9506172839506,2.932754880694143,0.0353982300884955,376.4762773722628,317.8228782287823,3.4854014598540144,0.0199891950297136,279.22822491730983,475.832414553473,1.2590959206174202,0.0152439024390243,498.7783505154639,496.73553719008265,5.45979381443299,0.0020460358056265,469.8026721479959,447.85276073619633,1.7708119218910583,0.0170876671619613,538.369696969697,589.7737556561086,2.265151515151515,0.0321027287319422,406.317880794702,822.4584717607974,4.172185430463577,0.0105263157894736,415.7926829268293,689.2727272727273,3.289634146341464,0.0470957613814756,351.9078947368421,356.03960396039605,3.717105263157895,0.0246418338108882,450.0352526439483,659.2244418331375,1.890716803760282,0.0175246440306681,3568.195991091314,2284.151785714286,2.4810690423162582,0.0158460667798528,672.6206896551724,819.8388952819332,3.108045977011494,0.0310621242484969,651.75826446281,762.7329192546584,3.307851239669421,0.0047003525264394,190.39007092198585,322.07547169811323,2.7777777777777777,0.0167464114832535,254.2718446601941,481.0243902439024,2.3300970873786406,0.0070257611241217,443.77830188679246,399.1981132075472,1.7429245283018868,0.0166340508806262,361.58565737051794,320.7554671968191,2.444223107569721,0.0262172284644194,384.4367816091954,318.3011583011583,3.1340996168582373,0.0078125,205.6761006289308,324.22712933753945,2.880503144654088,0.0091743119266055,434.0,443.1111111111111,1.8333333333333333,0.0229885057471264,408.26171875,912.0472440944882,2.5859375,0.0356164383561643,450.6875,220.9090909090909,1.0028409090909092,0.0207612456747404,307.208480565371,391.8021201413428,3.0848056537102475,0.0076142131979695,238.77237851662403,352.78772378516624,1.9820971867007675,8,0,0,0.11931689586899852
42,202409,12,0,0.0122494432071269,616.8868778280543,462.2022471910112,2.794117647058824,0.0142428785607196,775.6786259541984,590.5909090909091,3.378625954198473,0.0062460961898813,409.9384422110553,393.7358490566038,2.027638190954774,0.0007710100231303,537.7708978328174,601.3846153846154,3.996904024767802,0.0163398692810457,1022.1328903654484,917.1428571428572,5.504983388704319,0.0120329322355921,383.70346598202826,432.67605633802816,2.803594351732991,0.0131805157593123,712.2058479532163,609.6885813148789,3.297076023391813,0.005427408412483,671.5815217391304,430.5205479452055,6.279891304347826,0.0254545454545454,607.4518518518519,750.8872180451128,1.711111111111111,0.0097508125677139,478.0349344978166,355.7894736842105,4.456331877729258,0.1436426116838488,551.9431279620853,765.7096247960849,2.5908372827804107,0.0140252454417952,684.2286931818181,883.1623931623932,4.247159090909091,0.005329457364341,826.3206997084548,766.0546875,3.699708454810496,0.011204481792717,478.1448863636364,468.65065913371,3.1865530303030303,0.0031602708803611,623.7527173913044,562.445652173913,2.2644927536231885,0.0121638924455825,583.9365284974093,384.591439688716,2.0867875647668392,0.0104011887072808,818.722891566265,764.3712574850299,2.4518072289156625,0.0025157232704402,539.5477386934673,448.1012658227848,2.4748743718592965,0.0405405405405405,383.59154929577466,473.4084507042253,3.0901408450704224,0.0091649694501018,490.0,598.0903490759754,2.404320987654321,0.0092359361880772,354.8223350253807,650.5263157894736,1.3096446700507614,0.0189504373177842,514.7512388503469,459.86138613861385,1.8037661050545093,0.0130475302889096,489.5905660377359,474.3289224952741,1.939622641509434,0.0069375619425173,690.7837301587301,745.8413654618474,3.7936507936507935,0.0059582919563058,543.2785571142284,654.0239043824702,3.030060120240481,0.0078740157480314,473.85515873015873,594.047619047619,1.9563492063492065,0.0090293453724604,562.7784522003035,579.9392097264438,3.1305007587253413,0.0063694267515923,394.0384615384616,377.88461538461536,3.246794871794872,0.013531799729364,389.8931506849315,384.3956043956044,3.2054794520547945,0.015267175572519,413.1269349845201,565.9006211180124,1.7801857585139318,0.0163265306122449,850.0444444444445,671.900826446281,2.536111111111111,0.0131406044678055,351.97333333333336,390.1595744680851,1.0773333333333333,0.0083892617449664,564.0816326530612,538.1818181818181,4.003401360544218,0.0012562814070351,424.3718592964824,520.9571788413098,2.040201005025126,8,0,0,0.039541759269115406
43,202409,13,0,0.0134078212290502,512.2986425339367,611.2925170068028,3.633484162895928,0.0047980807676929,559.8987138263666,551.566265060241,1.9188102893890675,0.0068922305764411,486.10858585858585,423.4047919293821,2.261363636363636,0.0063191153238546,577.8387096774194,446.9905956112853,4.708064516129032,0.0017006802721088,792.6870748299319,717.9522184300341,6.350340136054422,0.0057655349135169,549.972972972973,517.3935483870968,2.516087516087516,0.010392609699769,568.6949941792782,545.4736842105264,3.860302677532014,0.0027027027027027,951.3692722371968,640.0544959128065,3.38544474393531,0.0277777777777777,175.1642857142857,140.57142857142858,0.8,0.0086580086580086,626.8558951965066,502.6637554585153,5.115720524017467,0.005247376311844,484.8721804511278,527.2205438066466,2.3278195488721805,0.0105263157894736,553.4389204545455,634.2492917847026,5.5852272727272725,0.0029112081513828,616.8617332035053,601.1089494163424,2.9591041869522883,0.0056206088992974,648.2443609022556,666.2889518413598,2.1663533834586466,0.0027247956403269,526.695810564663,600.7650273224044,2.4517304189435336,0.0109254498714652,641.8697916666666,563.4124513618677,1.7213541666666667,0.0029585798816568,779.1952662721893,1081.7857142857142,7.991124260355029,0.0012626262626262,390.9137055837563,665.5919395465995,1.137055837563452,0.0285714285714285,428.2352941176471,437.8151260504202,2.929971988795518,0.0102406554019457,499.3185108583247,469.0062111801242,2.5201654601861425,0.0041736227045075,466.5551839464883,382.5882352941176,1.1889632107023411,0.0014727540500736,323.22200392927306,482.3031496062992,1.7956777996070727,0.0136612021857923,245.31365313653137,315.5268022181146,1.2214022140221403,0.0098039215686274,400.1564356435644,505.0653465346535,2.5623762376237624,0.007007007007007,468.508064516129,448.7903225806452,2.252016129032258,0.0061349693251533,424.08247422680415,453.3264887063655,2.1463917525773195,0.0045180722891566,507.9652567975831,657.3636363636364,2.1706948640483383,0.0048076923076923,354.2122186495177,453.8709677419355,2.215434083601286,0.0040485829959514,452.2880434782609,578.2702702702703,3.244565217391304,0.003125,452.5391849529781,277.2413793103448,1.862068965517241,0.0097493036211699,818.7267605633803,1028.9325842696628,5.487323943661972,0.0295629820051413,323.84656084656086,218.0371352785146,1.4814814814814814,0.0,628.3892617449665,401.6161616161616,3.2248322147651005,0.0050251256281407,438.030303030303,442.5757575757576,2.3737373737373737,8,0,0,0.04745808422232467
44,202409,14,0,0.0077619663648124,260.77748691099475,376.3636363636364,2.9973821989528795,0.00220361392684,435.7595048629531,604.1835834068844,2.3616268788682584,0.0016116035455278,326.10177705977384,264.1935483870968,2.5234248788368334,0.0057747834456207,264.6718146718147,322.13592233009706,3.5984555984555984,0.0053763440860215,319.5359712230216,541.0830324909747,2.194244604316547,0.002415458937198,395.8915857605178,493.8164251207729,3.653721682847896,0.0034818941504178,463.62534818941504,515.0911640953717,3.704735376044568,0.0055970149253731,591.6029962546817,273.83458646616543,3.599250936329588,0.003831417624521,532.276923076923,364.1538461538461,1.853846153846154,0.0042553191489361,289.7435897435897,317.948717948718,2.358974358974359,0.0046992481203007,346.6162570888469,322.07547169811323,2.2060491493383743,0.0055658627087198,373.3457249070632,292.4719101123595,4.451672862453532,0.0017931858936043,455.4251497005988,375.3053892215569,2.731736526946108,0.0059750135795763,391.52131147540985,445.0491803278688,3.140983606557377,0.0010952902519167,437.3114754098361,406.8646864686469,1.92896174863388,0.0065306122448979,422.5582922824302,358.08388157894734,1.9688013136289,0.0031446540880503,295.26813880126184,554.1955835962145,2.9337539432176656,0.0017301038062283,350.03460207612454,316.25,1.1557093425605536,0.0115606936416184,478.31640625,404.124513618677,5.515625,0.003731343283582,303.4425,322.06982543640896,2.33125,0.0011467889908256,451.58986175115206,390.75514874141874,2.9516129032258065,0.001875,294.3609022556391,359.2490613266583,2.055137844611529,0.0077691453940066,258.79194630872485,277.5838926174497,1.2527964205816555,0.0065703022339027,258.63227513227514,312.6878306878307,2.5396825396825395,0.0039370078740157,250.13192612137203,220.57894736842104,2.153034300791557,0.0,358.8037634408602,298.7027027027027,1.8091397849462365,0.0034722222222222,498.1818181818182,577.1875,3.5646853146853146,0.0039682539682539,319.601593625498,423.1075697211155,1.9840637450199203,0.0048939641109298,349.6950819672131,260.4590163934426,2.577049180327869,0.00390625,308.7058823529412,255.05882352941177,2.066666666666667,0.0,519.5483870967741,512.589928057554,4.096774193548387,0.0,278.7645502645503,204.2374670184697,1.3227513227513228,0.0,366.9565217391304,348.4782608695652,2.460144927536232,0.002061855670103,167.80082987551867,282.22222222222223,1.2489626556016598,8,0,0,0.07651975965947433
45,202409,15,0,0.0045351473922902,571.2931818181818,475.8904109589041,6.3931818181818185,0.0026545316647705,702.8920972644377,605.2511415525114,2.977203647416413,0.0075901328273244,890.0829081632653,747.9745222929936,2.5114795918367347,0.0045766590389016,634.0785498489425,576.2052877138414,3.868580060422961,0.0016077170418006,717.8252427184466,687.8846153846154,1.83495145631068,0.0031826861871419,542.6160714285714,490.2813299232736,2.1198979591836733,0.0068925904652498,762.0313588850174,884.2396313364055,3.3484320557491287,0.0066577896138482,778.7547169811321,572.16,3.9353099730458223,0.0157480314960629,586.184,810.352,1.016,0.0032894736842105,431.4977973568282,433.978021978022,3.288546255506608,0.0029542097488921,671.1441307578009,704.6676514032496,1.797919762258544,0.0077301475755446,989.4483734087696,1008.4255319148936,5.099009900990099,0.0024131274131274,537.5101645692159,550.4448742746615,2.641819941916747,0.0046620046620046,1365.8003748828492,1483.3614232209738,9.227741330834114,0.0031616982836495,422.7420526793824,491.8264014466546,2.102633969118983,0.0267912772585669,526.3158567774937,427.0769230769231,1.6278772378516624,0.0044117647058823,448.40356083086056,654.3529411764706,2.320474777448071,0.0012755102040816,729.030612244898,523.5805626598466,2.201530612244898,0.0158311345646438,495.2815013404826,528.0965147453084,2.640750670241287,0.0105263157894736,860.0222446916077,753.015228426396,2.969666329625885,0.0041220115416323,713.0348258706467,835.5371900826447,2.3814262023217245,0.0009741841207988,1099.7076023391812,902.8097560975608,4.7251461988304095,0.0036934441366574,830.1505576208178,749.8336414048059,1.9646840148698883,0.0096339113680154,587.0565302144249,624.5825242718447,2.1578947368421053,0.0087719298245614,636.0707269155206,430.8661417322834,2.68565815324165,0.000981354268891,732.8372549019608,670.996062992126,2.125490196078432,0.0022222222222222,561.4503703703704,477.4107142857143,2.234074074074074,0.001610305958132,457.1612903225807,672.0,2.525806451612904,0.0,496.6846361185984,421.6216216216216,2.6819407008086253,0.0015290519877675,944.816513761468,813.8650306748466,2.470948012232416,0.0131752305665349,617.7085561497327,755.2,3.176470588235294,0.0120160213618157,455.0813008130081,402.0485175202156,1.100271002710027,0.006677796327212,655.9459459459459,547.2240802675585,3.3682432432432434,0.0013831258644536,556.1218836565097,689.7506925207756,1.81994459833795,10,0,0,0.06822772356228357
46,202409,16,0,0.0056369785794813,320.3340909090909,408.46153846153845,2.65,0.0028044871794871,543.3012048192771,676.2540192926045,1.836144578313253,0.0044108380592312,474.5652724968314,555.929203539823,3.005069708491762,0.0023866348448687,425.0717703349282,337.4162679425837,4.012759170653908,0.0017182130584192,531.2206896551725,404.5360824742268,1.8103448275862069,0.0038461538461538,432.6903225806452,516.2772785622593,2.2270967741935483,0.0046674445740956,532.1465416178195,439.6248534583822,2.899179366940211,0.0081081081081081,1051.7820163487738,805.0136239782016,3.544959128065395,0.03886925795053,650.0073529411765,641.1029411764706,0.7426470588235294,0.0151679306608884,662.2319474835887,480.929203539823,6.409190371991247,0.0030052592036063,542.072072072072,501.78517397882,1.6711711711711712,0.0175438596491228,1207.8287769784172,1249.3617021276596,7.176978417266187,0.0019474196689386,451.1111111111111,390.3515625,1.715399610136452,0.0070422535211267,656.635761589404,848.2797731568999,3.2469252601702934,0.0009111617312072,433.0136736554239,426.2956204379562,2.332725615314494,0.0179487179487179,310.9360313315927,222.6109660574413,1.8798955613577024,0.0029717682020802,521.6577380952381,642.8059701492538,2.6547619047619047,0.0037783375314861,503.030303030303,575.2405063291139,2.196969696969697,0.0299319727891156,483.0924369747899,402.3033707865168,2.8683473389355743,0.0097686375321336,573.4507772020726,517.3361082206036,3.233160621761658,0.0033783783783783,555.2542372881356,752.542372881356,2.805084745762712,0.0019743336623889,757.4703557312253,620.7326732673267,3.8932806324110674,0.0092250922509225,598.8994413407821,529.8324022346369,2.521415270018622,0.0039682539682539,460.5756972111554,516.5737051792829,2.8764940239043826,0.009009009009009,471.4112903225807,431.05263157894734,2.495967741935484,0.0,294.6862348178138,495.5421686746988,1.8785425101214568,0.0030280090840272,747.7283763277693,598.7234042553191,2.420333839150228,0.0063897763578274,560.395498392283,771.1254019292604,3.1061093247588425,0.0054495912806539,762.844262295082,659.5054945054945,3.685792349726776,0.0015748031496062,554.7634069400631,436.6561514195584,2.542586750788644,0.0056577086280056,775.4871794871794,705.0,3.3447293447293447,0.0026109660574412,334.10994764397907,265.28795811518324,1.1047120418848169,0.0,435.2027027027027,436.0535117056856,2.010135135135135,0.0025188916876574,342.27272727272725,323.7878787878788,1.2803030303030305,8,0,0,0.044344912976715944
47,202409,17,0,0.010752688172043,359.5797101449276,389.4202898550725,2.420289855072464,0.0025619128949615,477.1129170230967,471.6709511568124,2.3122326775021387,0.0030557677616501,450.9266055045872,388.4792626728111,2.570336391437309,0.0027124773960217,499.5272727272727,386.7992766726944,6.063636363636364,0.0040899795501022,402.641975308642,373.7704918032787,1.5267489711934157,0.0021676300578034,350.70203488372096,318.61471861471864,2.879360465116279,0.0039164490861618,309.9842931937173,428.9763779527559,3.769633507853403,0.0130353817504655,494.9550561797753,552.5475285171103,4.745318352059925,0.0238095238095238,631.6016260162602,388.2926829268293,1.4552845528455285,0.0104529616724738,425.78823529411767,584.5433255269321,4.334117647058823,0.0017809439002671,379.6791443850268,413.7857142857143,2.45632798573975,0.0101010101010101,1117.2416356877322,662.1111111111111,5.949814126394052,0.0032948929159802,398.5430463576159,361.25412541254127,0.9757174392935982,0.0068892421833598,996.5325506937032,936.6915688367128,5.919957310565635,0.0030895983522142,462.6117404737384,502.94300518134713,1.987641606591143,0.0104633781763826,394.6450151057402,308.42900302114805,1.897280966767372,0.014657980456026,256.6831683168317,487.1523178807947,1.6897689768976898,0.0,298.73873873873873,278.1981981981982,1.1891891891891893,0.0130505709624796,165.7483443708609,545.5445544554456,3.334437086092715,0.0047114252061248,397.1090047393365,427.0212765957447,2.9158767772511847,0.0032751091703056,401.578947368421,327.57111597374177,2.642543859649123,0.0005787037037037,407.694090382387,308.8888888888889,2.5295480880648897,0.0041884816753926,627.1852631578947,588.781512605042,5.054736842105263,0.0047732696897374,417.50961538461536,387.8468899521531,2.0841346153846154,0.0061050061050061,300.8845208845209,446.5356265356265,2.3046683046683047,0.0,529.3468899521531,351.90384615384613,1.9593301435406696,0.0059171597633136,295.2242063492063,445.4761904761905,1.386904761904762,0.0057471264367816,204.23076923076923,304.86486486486484,3.4923076923076923,0.0015822784810126,727.5015873015873,494.43037974683546,3.123809523809524,0.0056285178236397,480.0,299.7735849056604,2.422641509433962,0.0020120724346076,592.433734939759,334.97975708502025,2.21285140562249,0.0,406.8351648351649,190.05494505494505,1.1978021978021978,0.0052083333333333,314.006968641115,392.9370629370629,1.825783972125436,0.0,206.1734693877551,271.2244897959184,1.3239795918367347,8,0,0,0.08091956425236324
48,202409,18,0,0.0047732696897374,393.68585131894486,372.8057553956834,3.52757793764988,0.0029825308904985,370.0051282051282,346.5128205128205,1.7726495726495726,0.0052830188679245,372.3186646433991,244.1881638846737,1.7389984825493172,0.0008826125330979,390.6382978723405,319.4366197183099,4.24822695035461,0.0,322.63157894736844,245.1012145748988,1.097165991902834,0.0064516129032258,766.2654232424677,560.2031930333817,5.384505021520804,0.0045190445448676,383.7795071335928,347.9377431906615,2.6446173800259403,0.0037037037037037,622.7,475.2985074626866,4.666666666666667,0.0215827338129496,413.4117647058824,303.97058823529414,1.286764705882353,0.0046349942062572,461.3986013986014,346.646511627907,7.317016317016317,0.0008748906386701,412.2241681260946,448.2661996497373,1.754816112084063,0.0036199095022624,545.1171171171171,492.8571428571428,5.47927927927928,0.0027307482250136,424.7316538882804,323.263964950712,1.1106243154435926,0.0066326530612244,376.0842754367934,490.84086242299793,3.0020554984583763,0.0005099439061703,353.23415132924333,473.2179226069246,2.0388548057259714,0.0059970014992503,374.4871406959153,313.6300751879699,1.9183055975794248,0.0032626427406199,200.7236842105264,447.7524429967427,2.2796052631578947,0.0014903129657228,274.6706586826347,303.3928571428572,0.9101796407185628,0.0129870129870129,229.73684210526315,247.8947368421053,2.671052631578948,0.0075625363583478,417.88980070339977,551.4654161781946,2.325908558030481,0.0076335877862595,351.6923076923077,281.1428571428572,1.6087912087912088,0.0028490028490028,469.98857142857145,356.5028571428571,2.8182857142857145,0.0131578947368421,341.64271047227925,455.1639344262295,1.4229979466119096,0.0034965034965034,259.57377049180326,296.2079439252336,2.686182669789228,0.0060313630880579,364.80629539951576,564.2335766423357,1.8644067796610169,0.0,243.72300469483568,199.1549295774648,2.171361502347418,0.0058881256133464,353.65346534653463,397.9133858267717,2.0455445544554456,0.0038095238095238,250.3448275862069,284.8854961832061,3.1494252873563218,0.0,740.8509316770186,837.0,4.9937888198757765,0.0054945054945054,376.5441176470589,538.0073800738007,1.900735294117647,0.0039138943248532,353.84705882352944,554.1732283464567,3.1137254901960785,0.0040705563093622,367.2316076294278,208.61035422343323,1.11716621253406,0.0069444444444444,317.83216783216784,348.041958041958,2.223776223776224,0.0,266.9113924050633,475.44303797468353,2.569620253164557,8,0,0,0.07046781555747439
49,202409,19,0,0.0044692737430167,513.285393258427,426.3228699551569,2.867415730337078,0.0018860807242549,574.702416918429,610.1210287443267,1.8746223564954685,0.0074673304293715,656.5232120451694,677.593984962406,2.1066499372647427,0.0007680491551459,807.239263803681,719.537750385208,5.217791411042945,0.0033112582781456,440.7641196013289,508.1063122923588,1.302325581395349,0.0126103404791929,2364.301404853129,1300.9195402298851,9.159642401021712,0.0058072009291521,698.6604215456674,626.7132867132867,3.268149882903981,0.005420054200542,847.9209809264305,658.5286103542235,3.310626702997275,0.0,661.469696969697,335.7251908396947,1.9166666666666667,0.0032679738562091,709.1028446389497,639.3013100436681,3.824945295404814,0.0066964285714285,610.7046476761619,702.125748502994,1.5292353823088456,0.0042462845010615,746.2727272727273,821.9914651493599,6.0,0.0009746588693957,624.6439024390244,726.6146341463415,0.9668292682926828,0.0070093457943925,421.5047080979284,578.8899341486359,2.7033898305084745,0.0018018018018018,669.3315266485998,754.0306582506763,1.87353206865402,0.0038461538461538,614.1735218508998,496.2371134020619,1.7763496143958868,0.0015037593984962,661.144578313253,975.3614457831326,3.6897590361445785,0.0037641154328732,653.0653266331658,622.2727272727273,1.0,0.0286885245901639,570.7134831460675,584.7887323943662,3.202247191011236,0.009150991357397,822.0554984583762,916.905737704918,2.7934224049331964,0.005857740585774,2133.378151260504,1672.9173693086004,2.904201680672269,0.0009905894006934,839.7616683217477,801.8613861386139,2.6196623634558094,0.0130718954248366,658.3024574669187,735.5681818181819,1.67296786389414,0.00390625,519.454011741683,522.516699410609,2.228962818003914,0.0039840637450199,702.6312625250501,630.6586826347306,2.112224448897796,0.0039254170755642,515.4114173228346,508.1656804733728,3.057086614173228,0.003012048192771,597.7352496217852,542.0814479638009,1.6565809379727685,0.0141287284144427,432.0,544.0255591054313,1.5047619047619047,0.0067842605156037,539.9808743169399,674.2622950819672,2.459016393442623,0.0076687116564417,1004.5555555555557,788.9164086687307,2.3796296296296298,0.0,1290.4127423822715,1654.0,7.786703601108033,0.008,281.73118279569894,345.96774193548384,1.021505376344086,0.006677796327212,569.4949494949495,886.510067114094,3.023569023569024,0.0075187969924812,528.939393939394,494.54545454545456,2.121212121212121,8,0,0,0.07834416018956647
50,202409,20,0,0.0088888888888888,903.2224719101124,661.4765100671141,2.9078651685393258,0.0059784774810681,596.1291098636729,642.7682437850842,1.7449879711307137,0.0031269543464665,911.5383647798742,785.4818523153942,2.260377358490566,0.0078740157480314,699.3852327447833,576.4521193092621,3.1990369181380416,0.0017064846416382,441.98976109215016,554.3835616438356,1.658703071672355,0.0063613231552162,2118.1339285714284,2071.850899742931,5.608418367346939,0.0093023255813953,1001.8337236533956,929.0823529411764,3.392271662763466,0.0134048257372654,945.4755434782608,672.0652173913044,2.5489130434782608,0.0491228070175438,389.8518518518519,207.35294117647047,1.0296296296296297,0.004343105320304,1031.2663755458516,1044.0522875816994,3.897379912663756,0.0163690476190476,527.8733031674208,590.7132018209409,1.665158371040724,0.0091100210231254,706.2677053824362,739.7457627118644,4.205382436260623,0.0077182826821032,619.0882638215325,617.3099415204679,0.8971871968962173,0.015813953488372,533.4683663833805,799.1296121097446,2.691218130311615,0.0036363636363636,913.2219178082192,1064.5761166818595,3.1187214611872145,0.009020618556701,810.6788036410924,728.5045513654096,1.894668400520156,0.0029673590504451,465.88988095238096,503.75,1.2351190476190477,0.0038119440914866,558.0741687979539,728.2442748091603,1.3631713554987213,0.0363391655450874,843.5782122905028,825.4189944134079,3.955307262569832,0.0118312757201646,1043.6860706860707,1033.3889468196037,4.122661122661123,0.0083752093802345,2294.7723440134905,2001.9289340101525,3.858347386172007,0.0004935834155972,1250.1377952755906,1264.9355797819624,2.445866141732284,0.0137111517367458,817.7384044526901,631.2222222222222,1.8274582560296848,0.0039447731755424,556.9900793650794,587.4308300395257,2.406746031746032,0.0050100200400801,697.887323943662,822.9435483870968,1.955734406438632,0.0060362173038229,835.591093117409,548.1376518218624,1.9331983805668016,0.0067516879219804,613.7673716012084,499.3051359516616,1.4833836858006042,0.0063897763578274,867.6774193548387,1423.4615384615386,1.5612903225806452,0.0081081081081081,493.4523160762943,737.983651226158,1.9754768392370567,0.0015822784810126,1224.3037974683543,1068.571428571429,2.7848101265822787,0.0028169014084507,927.9293785310734,770.0,1.7457627118644068,0.0154440154440154,406.5275590551181,333.59375,1.440944881889764,0.0198019801980198,789.0909090909091,852.3232323232323,2.8417508417508417,0.0025188916876574,723.1818181818181,701.8181818181819,2.207070707070707,10,0,0,0.06605972094536328
51,202409,21,0,0.0090673575129533,337.91623036649213,403.0809399477807,2.8272251308900525,0.0048500881834215,550.3123336291038,660.9026548672566,2.11357586512866,0.004009623095429,620.29307568438,508.5024154589372,2.579710144927536,0.0019305019305019,556.8278529980657,754.9323017408124,3.839458413926499,0.0,350.9068100358423,363.66906474820144,1.6200716845878136,0.0056134723336006,825.9048387096774,680.0322580645161,4.370967741935484,0.00418410041841,455.2918994413408,431.2921348314607,2.6689944134078214,0.0,520.8880597014926,512.0300751879699,3.824626865671642,0.023076923076923,741.6377952755905,691.1811023622047,1.047244094488189,0.001418439716312,448.29545454545456,359.4886363636364,4.153409090909091,0.0084825636192271,441.8285714285714,424.0986717267552,1.575238095238095,0.0073868882733148,563.5844155844156,399.06716417910445,4.024118738404453,0.0017921146953405,413.748502994012,389.85645933014354,0.7341317365269461,0.0081654872074033,768.7255762897914,920.4818880351262,3.661909989023052,0.0016366612111292,668.8779956427015,698.2894736842105,2.1862745098039214,0.0073230268510984,467.51147540983607,332.9508196721312,2.380327868852459,0.0047619047619047,376.59424920127793,359.04458598726114,1.9520766773162936,0.0086355785837651,683.9722222222222,436.7832167832168,2.28125,0.0115606936416184,443.703125,629.4163424124514,3.4375,0.0086687306501548,495.0,413.9325842696629,3.06625,0.0011547344110854,483.6111111111111,499.9538106235566,2.2939814814814814,0.0018761726078799,534.2785445420326,443.8047559449312,2.401505646173149,0.0044543429844097,631.0782997762864,530.3355704697987,1.9910514541387023,0.0154639175257731,614.2486910994764,790.9947643979058,4.979057591623037,0.0039164490861618,451.1811023622048,305.6544502617801,2.3123359580052494,0.0027027027027027,669.7154471544716,841.0867208672087,2.34959349593496,0.0034662045060658,329.73821989528795,280.2426343154246,1.6073298429319371,0.0,367.2,638.00796812749,2.584,0.0048939641109298,717.9081967213115,740.0688524590164,4.301639344262295,0.0058252427184466,602.578125,481.40625,4.34375,0.0175438596491228,298.97857142857146,245.1428571428572,1.5321428571428573,0.0054347826086956,406.7677595628416,411.4754098360656,1.1256830601092895,0.0035906642728904,889.8561151079136,691.6245487364621,2.672661870503597,0.0020876826722338,450.39330543933056,334.89539748953973,2.9790794979079496,8,0,0,0.06234946737375435
52,202409,22,0,0.0111731843575419,809.2729306487696,1088.9041095890411,8.771812080536913,0.0071563088512241,967.7225170583775,880.3644646924829,2.645185746777862,0.0112923462986198,827.5247148288973,662.2109275730622,2.446134347275032,0.00303260045489,689.9834586466166,662.3076923076923,2.54436090225564,0.0016129032258064,473.262987012987,617.749196141479,1.1590909090909092,0.0056639395846444,863.2512626262626,789.746192893401,3.758838383838384,0.0075014425851125,840.766081871345,889.8034682080925,2.52046783625731,0.0106382978723404,917.4811827956988,565.6451612903226,2.553763440860215,0.06,937.1186440677966,494.87179487179486,2.2457627118644066,0.006578947368421,763.2743362831858,717.7533039647577,3.754424778761062,0.0160466812545587,593.4918276374443,603.7278106508876,1.5408618127786031,0.0035360678925035,735.7400568181819,696.5957446808511,3.140625,0.0028943560057887,657.2120038722169,674.2166344294004,1.0687318489835431,0.0074108383510884,1032.6950420954165,1132.7281191806333,4.065481758652947,0.0027210884353741,988.9179580674568,867.8502722323049,2.884229717411121,0.0156936597614563,807.9770408163265,556.9323979591836,1.9260204081632653,0.0087591240875912,395.8961424332344,321.05263157894734,1.6053412462908012,0.0,561.1764705882352,595.6812339331619,1.1074168797953965,0.0396927016645326,506.008,822.9173333333333,3.984,0.0095621540010065,1020.2860040567952,943.3808553971488,3.209939148073022,0.0024772914946325,755.4,748.7171052631579,1.5116666666666667,0.0019474196689386,858.0525803310613,874.4868035190616,2.2083739045764363,0.0091659028414298,864.8981481481482,726.8761552680222,1.4851851851851852,0.0096899224806201,520.826171875,742.8235294117648,1.97265625,0.005859375,684.7760314341847,762.2003929273085,2.801571709233792,0.000981354268891,806.4625984251968,922.7960784313724,2.4645669291338583,0.0036603221083455,559.1045655375552,738.475073313783,1.6053019145802652,0.0016077170418006,619.871382636656,780.7741935483871,2.273311897106109,0.0,543.7994579945799,645.2432432432432,2.823848238482385,0.0060240963855421,793.6363636363636,753.2727272727273,2.393939393939394,0.0026595744680851,551.1823056300268,493.368700265252,1.324396782841823,0.0174029451137884,239.7683923705722,145.17711171662123,0.8474114441416893,0.006677796327212,690.8053691275168,741.4141414141415,2.3221476510067114,0.0027210884353741,931.2243243243244,830.9090909090909,7.254054054054054,8,0,0,0.02846776328206424
53,202409,23,0,0.0133630289532293,389.2420814479638,685.2702702702703,4.323529411764706,0.0075818036711891,1397.1296296296296,1116.1927710843374,6.497584541062802,0.0075046904315197,724.9861635220126,841.7424242424242,2.1157232704402515,0.002377179080824,412.3566878980892,453.1854199683043,2.549363057324841,0.0253807106598984,572.71875,474.375,1.2534722222222223,0.0076775431861804,1120.0090322580645,832.9587628865979,2.9496774193548387,0.0111111111111111,852.2266824085006,736.2085308056872,2.373081463990555,0.0040983606557377,833.121546961326,520.3814713896458,3.574585635359116,0.0115384615384615,422.50387596899225,681.09375,0.6666666666666666,0.0254506892895015,1007.7922077922078,687.964989059081,12.116883116883116,0.0067466266866566,628.3734939759037,724.7201210287443,1.914156626506024,0.0056258790436005,586.0653409090909,681.8028169014085,5.107954545454546,0.003870343492985,613.4110787172011,720.3495145631068,0.9543245869776482,0.00521327014218,793.8523809523809,746.6348903717826,3.020952380952381,0.0027149321266968,565.4850407978241,494.8773841961853,2.374433363553944,0.0058555627846454,560.6238532110092,530.4313725490196,2.525557011795544,0.0088626292466765,454.626112759644,375.2694610778443,1.7566765578635015,0.0,763.1818181818181,819.0379746835443,2.6035353535353534,0.0455764075067024,475.5393258426967,528.370786516854,3.724719101123596,0.0108303249097472,862.734375,877.3277661795407,3.230208333333333,0.0017094017094017,589.9142367066895,761.2307692307693,1.3567753001715266,0.0019782393669634,667.3069306930693,717.202380952381,2.783168316831683,0.0055555555555555,645.3798882681564,813.6312849162011,1.7318435754189945,0.0136186770428015,596.8990099009901,693.8998035363458,3.3544554455445543,0.0109670987038883,650.4435483870968,749.3951612903226,3.0100806451612905,0.0071065989847715,634.8668032786885,701.7551020408164,3.852459016393442,0.0090225563909774,630.2530303030303,627.4468085106383,2.1,0.0016025641025641,660.7692307692307,769.774919614148,2.503205128205128,0.0013586956521739,943.8378378378378,606.7397260273973,7.075675675675676,0.0046948356807511,1303.5849056603774,1339.433962264151,4.773584905660377,0.0153846153846153,641.4886363636364,555.0,1.8011363636363635,0.020242914979757,639.2865013774104,434.21487603305786,1.3636363636363635,0.0116279069767441,747.1621621621622,668.428093645485,2.4121621621621623,0.0,319.6969696969697,461.969696969697,1.244949494949495,8,0,0,0.08818141174427208
54,202409,24,0,0.008363201911589,298.31971153846155,357.536231884058,4.329326923076923,0.0038445108927808,510.5085763293311,469.19382504288166,3.145797598627788,0.0098709187547456,425.02453987730064,402.7914110429448,1.911042944785276,0.0036529680365296,431.4076782449726,282.13235294117646,4.228519195612432,0.0060975609756097,434.6762295081968,470.6938775510204,0.8524590163934426,0.0107758620689655,349.167638483965,388.90882778581766,2.7682215743440235,0.0155239327296248,457.53876478318,396.8199737187911,3.78580814717477,0.025735294117647,947.1385767790264,671.6349809885932,4.692883895131086,0.0076335877862595,354.4496124031008,488.7022900763359,1.2325581395348837,0.0217391304347826,518.2710280373832,339.344262295082,4.364485981308412,0.0061946902654867,461.8928571428572,679.3960923623446,2.521428571428572,0.0100824931255728,913.0611111111112,538.2222222222222,6.525925925925926,0.0011019283746556,420.86092715231786,355.03858875413454,1.4282560706401766,0.0148619957537154,471.70828848223897,302.7831715210356,2.989235737351992,0.0087090163934426,696.8802889576883,698.4472049689441,3.90092879256966,0.0037678975131876,464.6449165402124,399.0950226244344,3.473444613050076,0.006578947368421,198.16556291390728,370.9271523178808,1.5132450331125828,0.0118518518518518,516.2162162162163,373.2934131736527,2.7417417417417416,0.0305466237942122,686.3476821192053,771.0299003322259,8.013245033112582,0.0082063305978898,346.9385342789598,372.2695035460993,2.2990543735224587,0.0055066079295154,262.26666666666665,371.9205298013245,1.18,0.0017361111111111,220.0232018561485,218.23870220162223,2.023201856148492,0.0175983436853002,278.4842105263158,574.9367088607595,0.8926315789473684,0.0035377358490566,895.3990498812351,908.3254716981132,5.505938242280285,0.0048780487804878,705.5882352941177,496.9117647058824,4.225490196078432,0.0023923444976076,608.133971291866,735.5769230769231,2.4138755980861246,0.0098425196850393,482.45742574257423,318.20359281437123,1.4554455445544554,0.0019305019305019,212.8957528957529,307.90697674418607,3.888030888030888,0.0,682.5488958990536,382.1451104100946,5.3627760252365935,0.005607476635514,345.1127819548872,221.05263157894737,1.973684210526316,0.0291828793774319,341.8433734939759,232.32,1.4417670682730923,0.0054421768707482,317.92328767123286,265.42622950819674,1.523287671232877,0.0154639175257731,719.7916666666666,484.0,2.3229166666666665,0.0038071065989847,195.1530612244898,178.01526717557252,1.625,8,0,0,0.10510717866618802
55,202409,25,0,0.0246189917936694,493.31654676259,470.4578313253012,3.7673860911270975,0.0055225148683092,963.3136752136752,721.0247651579846,4.154700854700855,0.0060286360211002,439.6054628224583,518.0909090909091,1.611532625189681,0.0008857395925597,381.779359430605,341.4487632508834,2.4519572953736657,0.1141804788213628,1626.2918454935625,1395.483870967742,6.210300429184549,0.0099644128113879,785.3557142857143,505.0072358900145,2.587142857142857,0.015267175572519,617.6175710594315,496.3565891472868,4.10077519379845,0.0238095238095238,777.3082706766917,435.7303370786517,3.424812030075188,0.0036363636363636,552.4233576642335,448.029197080292,1.197080291970803,0.0509977827050997,1031.3551401869158,679.9065420560747,5.799065420560748,0.0197594501718213,898.3128295254833,916.5734265734266,4.31634446397188,0.0318866253321523,1079.994555353902,1152.2878228782288,4.987295825771325,0.0307203389830508,2839.2752992383025,2703.384193194292,13.388465723612622,0.0102406554019457,398.7600827300931,331.7391304347826,2.55635987590486,0.0071102082275266,540.0564681724846,405.27624872579,1.7792607802874745,0.0045078888054094,588.8489425981874,430.9004524886878,2.382175226586103,0.0051546391752577,1100.0034364261169,1115.0,8.323024054982818,0.0074183976261127,725.0450450450451,770.5357142857143,3.021021021021021,0.0256821829855537,550.0098684210526,571.2871287128713,3.3848684210526314,0.0063768115942028,471.9522700814901,313.05263157894734,2.0069848661234,0.0043859649122807,273.0396475770925,296.1674008810573,1.7665198237885462,0.0056785917092561,383.013698630137,301.30285714285714,2.434931506849315,0.0252016129032258,353.4389233954452,315.74380165289256,1.0973084886128364,0.0080645161290322,1031.7470997679814,1153.0720930232558,3.96983758700696,0.009557945041816,689.6650602409638,515.2173913043479,2.7518072289156628,0.005813953488372,725.7757009345794,738.8290398126463,2.0654205607476634,0.0202898550724637,1130.102766798419,787.4409448818898,3.952569169960474,0.1018998272884283,689.7692307692307,612.0,3.2,0.0154083204930662,799.4433962264151,547.6635514018692,3.5628930817610063,0.0160427807486631,561.0978260869565,398.0434782608696,1.786231884057971,0.0115606936416184,1324.1484375,1171.5175097276265,6.65234375,0.0056022408963585,173.30140845070423,185.74647887323945,0.9492957746478872,0.0035026269702276,690.3135888501743,471.48936170212767,3.70383275261324,0.0088383838383838,464.1943734015345,539.3908629441624,1.805626598465473,8,0,0,0.17930493983803786
56,202409,26,0,0.102510460251046,1654.9044289044289,1136.0839160839162,3.5874125874125875,0.0395271518285925,698.9324116743471,721.4791987673343,3.4078341013824884,0.0190651906519065,443.953692115144,508.9447236180905,1.9261576971214016,0.029806259314456,511.0153846153846,450.7361963190184,2.54,0.8658280922431866,1631.8032786885246,735.223880597015,3.60655737704918,0.061849357011635,962.5404699738904,977.8590078328982,4.685378590078329,0.0365714285714285,556.0521945432978,619.4306049822064,4.555160142348755,0.082010582010582,954.2528735632184,532.543352601156,6.7298850574712645,0.003875968992248,352.31007751937983,186.09375,2.1705426356589146,0.0615866388308977,827.6274944567627,777.8571428571429,3.920177383592018,0.076048329779673,645.7361963190184,760.4629629629629,3.016871165644172,0.185625,1590.058914728682,1331.398176291793,6.367441860465116,0.1772207563764292,1160.5585392051555,991.9148936170212,3.316863587540279,0.0489031078610603,477.9230769230769,567.2622478386168,2.4240384615384616,0.046207497820401,694.1013698630137,638.6459286367796,2.9105022831050227,0.0367504835589942,707.4211229946524,593.1635388739946,2.232620320855615,0.0606741573033707,2552.132701421801,1451.5942028985507,21.606635071090047,0.0441717791411042,662.148337595908,601.7010309278351,2.639386189258312,0.0819892473118279,556.3702623906705,552.8823529411765,3.626822157434402,0.0230923694779116,664.9557613168724,619.2813141683778,3.125514403292181,0.0100418410041841,660.7070707070707,577.0797962648556,1.9814814814814807,0.0303030303030303,715.6640625,879.66796875,2.8623046875,0.0758377425044091,392.4209523809524,600.5736137667304,1.413333333333333,0.03125,762.328629032258,790.766129032258,3.741935483870968,0.2086743044189852,680.008281573499,698.9256198347107,3.153209109730849,0.0534351145038167,558.9859719438878,642.1095334685598,1.9458917835671343,0.0455974842767295,1562.7942664418213,781.9323671497584,8.128161888701518,0.4313346228239845,565.5405405405405,756.7808219178082,3.043918918918919,0.2396166134185303,735.7270194986072,982.1408450704224,3.1754874651810585,0.0847457627118644,606.0861538461538,833.3126934984521,1.84,0.0291595197255574,1668.1118881118882,1518.2142857142858,8.41958041958042,0.0547945205479452,274.87664041994753,284.1269841269841,1.7769028871391075,0.0337837837837837,1027.5524475524476,819.2307692307693,6.6573426573426575,0.0829326923076923,704.4750656167979,584.4502617801047,3.695538057742782,11,0,0,0.23265359572823663
57,202409,27,0,0.0814814814814814,1089.5823665893272,1030.1601830663617,3.663573085846868,0.0368916797488226,753.6181520850367,881.0885458976442,2.524121013900245,0.0167597765363128,709.6598984771574,784.8994974874372,1.815989847715736,0.0271317829457364,525.9886914378029,544.7169811320755,2.6365105008077543,0.4035567715458276,2105.422310756972,2601.7297297297296,1.3266932270916334,0.0808019441069258,1059.558940397351,999.5963060686016,2.985430463576159,0.0185399768250289,653.026066350711,625.0588235294117,3.238151658767773,0.0903225806451612,2256.9515669515667,1648.6440677966102,4.361823361823362,0.04,378.99242424242425,255.5909090909091,0.8106060606060606,0.1630740393626991,1456.6177777777775,1472.099322799097,6.477777777777778,0.0498194945848375,826.3926940639269,881.0622154779969,1.843226788432268,0.5381104518484711,4509.084980237154,4069.920948616601,4.932806324110672,0.1701388888888889,1820.713536201469,1936.830031282586,2.073452256033578,0.0550335570469798,761.0312796208531,832.2611163670766,2.304265402843602,0.0379021595416483,1143.9217311233886,966.0164083865088,3.1224677716390423,0.0196979645436638,1089.172274562584,1050.7746666666667,2.262449528936743,0.021021021021021,1088.2752293577985,1302.2769230769231,2.302752293577982,0.0540216086434573,887.6020408163265,753.4848484848485,2.38265306122449,0.0581081081081081,970.4812680115274,751.0285714285715,5.884726224783861,0.0242669362992922,970.9034267912772,844.0330920372286,2.7995846313603323,0.0132450331125827,1778.9949748743718,1692.3025210084031,1.780569514237856,0.0287193973634651,983.3720930232558,1025.1794374393792,2.184108527131783,0.1187707641196013,639.622641509434,617.4011299435028,1.230188679245283,0.0304518664047151,1397.2282828282828,1500.6504065040651,5.442424242424242,0.1911148365465213,2199.01646090535,1754.5302713987471,16.66872427983539,0.0400390625,921.5337423312884,881.1740890688259,2.32719836400818,0.1062767475035663,1339.1710730948678,1573.672131147541,1.9875583203732503,0.0909090909090909,1015.4054982817868,1434.983277591973,2.6391752577319587,0.1245136186770428,2060.6339285714284,2224.153392330384,6.068452380952381,0.0518518518518518,1432.8526645768025,1403.5514018691588,2.761755485893417,0.032069970845481,2069.75,1948.9156626506024,4.701807228915663,0.0462724935732647,580.5579514824798,492.9380053908356,1.0350404312668464,0.0185497470489038,1041.0416666666667,765.5102040816327,5.204861111111111,0.0984578884934756,694.5358090185676,815.5613577023498,2.40053050397878,7,0,0,0.4602974066761002
58,202409,28,0,0.026888604353393,859.7493472584856,526.1538461538462,9.556135770234986,0.0105540897097625,548.7731316725979,595.417406749556,2.367437722419929,0.0015898251192368,362.2791068580542,469.31637519872817,1.3397129186602872,0.0067049808429118,494.33526011560696,384.6718146718147,1.682080924855491,0.0340715502555366,638.0212014134275,508.5211267605634,0.7985865724381626,0.0047581284694686,671.9235668789809,638.0861244019138,1.6480891719745223,0.0104384133611691,561.9088359046283,509.5345557122708,2.8569424964936885,0.0256880733944954,943.7660377358492,541.8045112781955,5.369811320754717,0.015625,478.75396825396825,295.7142857142857,2.761904761904762,0.0262068965517241,387.78753541076486,435.1274787535411,3.3541076487252126,0.0162308385933273,422.3204419889503,385.99817518248176,1.0,0.1848264729620662,687.3195266272189,743.2604373757455,2.773175542406312,0.031572904707233,699.41567695962,628.6863905325444,1.338479809976247,0.0201058201058201,340.06709956709955,449.85129310344826,2.305194805194805,0.0063795853269537,542.0767590618337,477.99033297529536,2.567164179104477,0.0105433901054339,416.1065573770492,477.7377049180328,2.30327868852459,0.0030959752321981,574.9318885448916,602.2429906542056,1.7306501547987616,0.0034188034188034,647.0103092783505,850.8904109589041,1.5395189003436427,0.0391791044776119,332.1828793774319,444.6511627906977,3.964980544747082,0.0104294478527607,486.0891089108911,556.3975155279503,1.8836633663366336,0.0045402951191827,435.2752293577981,440.6802721088436,1.353211009174312,0.003030303030303,484.3978102189781,453.535844471446,3.627737226277372,0.0111358574610244,438.0719101123596,441.2641083521445,1.4202247191011237,0.0052219321148825,502.3490813648294,468.91076115485566,2.57742782152231,0.0136138613861386,640.1005025125628,746.1654135338346,3.1532663316582914,0.0040268456375838,480.3064516129032,435.2432432432432,1.596774193548387,0.0168776371308016,577.6165803108809,671.0580204778157,1.7392055267702935,0.0158415841584158,641.2048192771084,1144.1129032258063,3.124497991967872,0.0098039215686274,816.1749174917492,912.8712871287128,2.594059405940594,0.0057915057915057,524.1860465116279,436.3424124513619,2.182170542635659,0.0135363790186125,759.8384879725086,786.986301369863,2.278350515463917,0.0067204301075268,317.11621621621623,334.66937669376694,0.9324324324324323,0.0071301247771836,1254.4086021505375,1084.5323741007194,5.121863799283154,0.0245398773006134,468.9075630252101,533.9748953974895,1.3109243697478992,8,0,0,0.04210643506670908
59,202409,29,0,0.023076923076923,1249.9954954954956,976.5842696629212,5.563063063063063,0.0083018867924528,848.7475285171103,861.4318354912415,2.735361216730038,0.0056285178236397,808.8994974874372,737.5314861460957,1.798994974874372,0.0096654275092936,533.8757396449704,562.8658536585366,2.1405325443786984,0.0189573459715639,953.5645161290324,789.2604501607717,0.8935483870967742,0.0031308703819661,518.7478042659975,447.9635220125786,2.4855708908406524,0.0074798619102416,667.4289044289044,603.9446366782007,2.8764568764568765,0.0327653997378768,1049.319783197832,833.4959349593496,4.997289972899729,0.0368852459016393,805.5677966101695,508.2051282051282,2.457627118644068,0.0140086206896551,532.6637554585153,504.2888402625821,3.2554585152838427,0.0122832369942196,578.5022026431718,840.0874635568513,1.4273127753303965,0.1491677336747759,904.366515837104,1197.2072072072071,3.1945701357466065,0.0219047619047619,672.2222222222222,667.8793774319066,1.5146198830409356,0.0186788154897494,616.4855813953488,644.0407784986098,2.5906976744186045,0.0018083182640144,641.298277425204,655.7647058823529,2.71260199456029,0.0132241813602015,751.9070063694268,646.3427109974425,2.543949044585988,0.0043795620437956,503.27433628318585,449.73760932944606,0.9587020648967552,0.0,597.873417721519,853.3503836317135,2.19746835443038,0.0347043701799485,523.4746666666666,593.7765957446809,3.490666666666667,0.0159283225485316,804.5277497477296,838.7221095334686,1.927346115035318,0.0065359477124183,906.029654036244,1077.2413793103449,1.8665568369028007,0.0028694404591104,1050.7766059443911,1060.9980806142034,2.541706615532119,0.0056285178236397,589.952741020794,587.5706214689266,2.659735349716446,0.0019323671497584,621.6627906976744,888.3868471953579,2.6763565891472867,0.0087124878993223,948.75,912.0703125,2.58984375,0.0162991371045062,536.9805068226121,567.485380116959,1.5828460038986354,0.0073260073260073,671.193215339233,677.6366322008863,1.1283185840707963,0.0177705977382875,707.2131147540983,748.7128712871287,2.554098360655738,0.0223390275952693,655.1129032258065,1109.8387096774193,2.577956989247312,0.003012048192771,1411.3666666666666,1281.144578313253,4.027272727272727,0.0026525198938992,1142.811170212766,950.5851063829788,2.7047872340425534,0.0302233902759526,620.5613079019074,604.5283018867924,0.8828337874659401,0.0293637846655791,911.3131313131312,749.5973154362416,2.5454545454545454,0.0256410256410256,841.3296398891966,744.5983379501386,5.049861495844875,10,0,0,0.04328794851693907
60,202409,30,0,0.0131147540983606,421.1545253863135,361.8666666666667,4.76158940397351,0.0067864271457085,529.2717041800643,536.3344051446945,2.147106109324759,0.0124688279301745,714.9407313997478,715.6763590391909,2.312736443883985,0.0054559625876851,248.85400313971743,316.24413145539904,2.3846153846153846,0.0134907251264755,534.8493150684932,384.5733788395904,1.1917808219178083,0.0038240917782026,617.1176470588235,655.6209987195903,3.130434782608696,0.0053191489361702,616.3234597156398,574.8271752085816,2.5023696682464456,0.008130081300813,983.0054945054944,597.7173913043479,3.760989010989011,0.0389105058365758,971.448,762.7868852459017,1.192,0.0075187969924812,310.2597402597403,465.45454545454544,4.097402597402597,0.0117907148120854,393.8392857142857,367.2645739910314,1.4955357142857142,0.0638870208473436,831.3795093795094,935.8798283261802,3.932178932178932,0.0100864553314121,482.5116504854369,577.7109602327837,1.3776699029126214,0.0084348641049671,355.28706326723324,568.2611163670766,2.2691218130311617,0.0053715308863025,589.1668169522092,516.0107816711591,2.1370604147880976,0.0077922077922077,670.2313725490196,713.9449541284404,2.2705882352941176,0.0,440.06489675516224,629.9115044247787,1.9174041297935105,0.008695652173913,642.6633165829146,712.8,1.9422110552763816,0.0167597765363128,413.8636363636364,370.2272727272728,2.9545454545454546,0.0056237218813905,656.3196300102775,572.716049382716,3.304213771839671,0.0016638935108153,762.0401337792642,964.5847176079734,2.1839464882943145,0.003384912959381,649.7192642787996,848.2295719844358,2.1355275895450143,0.0093984962406015,545.5787476280835,437.6470588235294,2.781783681214421,0.0039370078740157,392.46153846153845,375.0891089108911,2.6508875739644973,0.0137120470127326,409.2420634920635,586.5208747514911,2.484126984126984,0.002004008016032,386.8893360160966,454.6292585170341,1.5090543259557343,0.0037509377344336,687.3438914027149,492.90225563909775,1.3861236802413273,0.0047846889952153,424.0384615384616,498.2692307692308,2.743589743589744,0.0013531799729364,593.2756756756756,546.0326086956521,4.34054054054054,0.0046583850931677,1620.5078369905957,1638.6335403726707,2.536050156739812,0.0055401662049861,701.2486033519554,631.8333333333334,1.558659217877095,0.0038860103626943,358.8523316062176,282.2976501305483,1.860103626943005,0.0083752093802345,392.33898305084745,568.2828282828283,2.701694915254237,0.0012674271229404,208.78172588832487,209.6954314720812,1.6649746192893402,8,0,0,0.06241093295825473
61,202410,1,0,0.0163360560093348,611.1068883610451,330.9952606635071,4.2042755344418055,0.0051150895140664,666.7731164383562,617.238421955403,2.856164383561644,0.0170244263508512,427.2751879699248,569.1402714932127,1.7067669172932332,0.0114638447971781,418.175313059034,356.0498220640569,2.021466905187836,0.0060362173038229,294.9595141700405,272.06477732793525,1.611336032388664,0.0042523033309709,789.2806267806268,527.624466571835,2.809116809116809,0.0115254237288135,327.3191780821918,326.6208791208791,2.26027397260274,0.0241187384044526,651.8490566037735,527.1264367816092,4.649056603773585,0.0340425531914893,154.72566371681415,176.31578947368422,0.7345132743362832,0.0137772675086107,557.7049180327868,551.9444444444445,4.517564402810304,0.0093378607809847,348.9931389365352,478.5616438356165,2.3241852487135506,0.0444839857651245,680.7985074626865,753.457249070632,4.524253731343284,0.0043739748496446,352.68131868131866,420.9879253567509,1.0945054945054946,0.0161374284226965,448.0708245243129,537.9661016949152,2.321353065539112,0.0030472320975114,480.17922606924645,426.5443425076453,1.540733197556008,0.0074962518740629,569.8517397881997,605.158371040724,2.5249621785173977,0.0128,572.0709677419355,587.6872964169381,1.5258064516129033,0.0072463768115942,429.7959183673469,563.5087719298245,2.294460641399417,0.0319488817891373,311.2772277227723,395.8415841584159,3.4092409240924093,0.013317892298784,347.6615746180964,431.3950762016413,2.010575793184489,0.0127118644067796,266.52360515021456,519.0128755364807,2.0858369098712446,0.0045197740112994,300.6143344709898,388.8788221970555,2.168373151308305,0.01890756302521,366.68094218415416,340.34261241970023,1.312633832976445,0.0059101654846335,467.5799522673031,583.7796208530806,2.7422434367541766,0.0012195121951219,363.81418092909536,295.609756097561,3.2004889975550124,0.0023584905660377,439.9550827423168,516.6004728132388,1.74468085106383,0.0019704433497536,471.9685039370079,468.4752475247525,3.56496062992126,0.0076335877862595,450.9230769230769,483.46153846153845,4.088461538461538,0.0,694.3815384615384,653.5384615384615,5.833846153846154,0.0,697.7142857142857,583.5971223021583,3.375,0.0284629981024667,387.7821011673152,456.0,1.3540856031128403,0.001412429378531,475.71751412429376,469.2917847025496,1.997175141242938,0.0068493150684931,338.807560137457,381.5916955017301,2.288659793814433,0.0063856960408684,327.6092544987147,527.9691516709512,1.5964010282776349,8,0,0,0.05568307754081425
62,202410,2,0,0.0092699884125144,346.3208430913349,311.6355140186916,2.583138173302108,0.002125850340136,650.633730834753,557.2378516624041,2.2930153321976148,0.0029347028613352,457.179675994109,402.0,2.703976435935199,0.0043140638481449,315.6521739130435,362.279792746114,2.344347826086957,0.0099601593625498,267.9638554216868,182.4193548387097,1.502008032128514,0.0028030833917309,376.53081232493,260.05641748942173,2.418767507002801,0.0020380434782608,450.450204638472,262.2554347826087,1.9249658935879943,0.0129151291512915,700.2985074626865,211.46067415730337,2.455223880597015,0.036734693877551,621.7796610169491,629.4915254237288,3.7288135593220337,0.0091638029782359,245.1152073732719,468.7238979118329,4.1728110599078345,0.0083752093802345,297.97297297297297,474.6283783783784,1.7516891891891893,0.0343309859154929,742.3909090909091,833.418647166362,4.674545454545455,0.0032537960954446,454.341675734494,411.0554951033732,0.8498367791077258,0.0127032520325203,494.1975308641975,612.8527291452111,2.0462962962962963,0.0019920318725099,456.7782217782218,437.3479561316052,1.4795204795204795,0.0059880239520958,435.2794561933535,491.4129129129129,2.119335347432024,0.001610305958132,300.2870967741936,488.7096774193548,1.1,0.0029112081513828,209.2982456140351,293.17784256559764,1.7309941520467835,0.023961661341853,304.9019607843137,451.9344262295082,3.4901960784313726,0.0126002290950744,327.1147161066049,347.10801393728224,2.414831981460023,0.0021344717182497,279.2307692307692,322.48394004282653,1.4786324786324787,0.0016806722689075,294.6265466816648,392.85554311310193,2.190101237345332,0.0236625514403292,165.8227848101266,449.9368421052632,1.3143459915611817,0.0,319.5138888888889,460.27972027972027,2.8981481481481484,0.0047337278106508,328.57142857142856,323.3729216152019,1.9928571428571429,0.0046620046620046,296.8407494145199,257.3185011709602,1.5081967213114753,0.0047619047619047,361.32053742802304,359.31297709923666,1.6833013435700577,0.0019342359767891,202.6153846153846,343.59375,2.4115384615384614,0.0015015015015015,325.65165165165166,505.48192771084337,3.156156156156156,0.0017574692442882,478.943661971831,585.6338028169014,2.7711267605633805,0.027072758037225,647.4843205574913,839.1666666666666,5.020905923344948,0.0013966480446927,453.1736694677872,423.854748603352,1.8795518207282915,0.0068965517241379,198.9583333333333,265.2083333333333,2.114583333333333,0.0012771392081736,489.6675191815857,418.0051150895141,1.762148337595908,8,0,0,0.08504966723991103
63,202410,3,0,0.0162162162162162,378.13186813186815,406.2857142857143,4.079120879120879,0.0059084194977843,755.160594795539,833.0512249443207,1.9315985130111524,0.0210280373831775,677.2231503579952,809.7136038186158,1.8782816229116943,0.0059127864005912,332.5267857142857,357.2362555720654,2.020833333333333,0.0080515297906602,1383.8284789644013,1654.9837133550488,13.084142394822006,0.0055521283158544,537.5590062111801,378.58736059479554,2.26583850931677,0.0083832335329341,660.2669082125603,557.1014492753624,2.705314009661836,0.0094086021505376,650.8648648648649,441.58038147138967,5.1,0.0043290043290043,436.2173913043478,384.5217391304348,1.017391304347826,0.0032502708559046,383.2173913043478,342.7826086956522,4.15,0.0063514467184191,670.7173295454545,698.8636363636364,1.625,0.0352209944751381,962.4571428571428,964.3041606886655,3.954285714285714,0.0067372473532242,559.612027158099,580.0193610842207,1.0271580989330746,0.0120426123205187,693.3036551077788,615.7016885553471,2.89784442361762,0.0017746228926353,517.1773618538324,684.0425531914893,1.7121212121212122,0.0225705329153605,621.2141025641025,465.5198973042362,1.785897435897436,0.0099290780141843,509.1977077363897,773.4670487106017,2.097421203438395,0.0023724792408066,707.458432304038,843.5714285714286,1.0807600950118763,0.0412087912087912,555.9885386819484,589.3409742120344,2.951289398280802,0.0474833808167141,600.932067932068,558.2089552238806,2.849150849150849,0.0015748031496062,680.8141732283465,623.4123222748815,1.9354330708661416,0.0048923679060665,927.888560157791,1079.9411764705883,2.0828402366863905,0.019774011299435,552.5892514395393,615.1153846153846,1.107485604606526,0.0046992481203007,645.4896030245746,656.4905660377359,3.1550094517958414,0.012037037037037,660.8838951310861,588.968105065666,3.432584269662921,0.0039024390243902,612.0234833659491,611.4117647058823,1.7240704500978474,0.0028673835125448,592.4985632183908,498.3884892086331,1.283045977011494,0.0048,485.4823151125402,564.8874598070739,1.929260450160772,0.0103626943005181,723.0734908136483,558.4882506527415,2.8188976377952755,0.0064935064935064,6060.353697749196,4791.627906976744,17.331189710610932,0.0329670329670329,969.3476070528968,906.227848101266,3.710327455919396,0.0482398956975228,759.0412087912088,685.7377049180328,1.195054945054945,0.2166446499339498,502.22222222222223,498.2432432432432,1.9023569023569025,0.0062578222778473,427.2626262626263,304.8241206030151,2.7222222222222223,10,0,0,0.13806143212347854
64,202410,4,0,0.0076838638858397,659.2261640798226,639.7350993377484,7.405764966740577,0.0070671378091872,561.7276326207443,546.6824644549763,2.057798891528108,0.0058788947677836,588.446682464455,591.4285714285714,1.877962085308057,0.0015290519877675,421.4923076923077,474.6951219512195,2.4892307692307694,0.0065897858319604,483.341059602649,418.2059800664452,1.9403973509933767,0.0031328320802005,488.4427672955975,540.0,2.90314465408805,0.0054380664652567,758.0339393939394,662.1924482338611,4.778181818181818,0.0093708165997322,599.1891891891892,547.7837837837837,4.594594594594595,0.0585774058577405,659.0530973451328,507.32142857142856,1.584070796460177,0.0043149946062567,517.6623376623377,598.0477223427332,5.158008658008658,0.0204946996466431,548.0403458213257,625.5780346820809,2.9293948126801155,0.0235131396957123,906.7592067988668,1008.6118980169972,3.6005665722379603,0.0062350119904076,361.7953667953668,379.4015444015444,1.1602316602316602,0.0183570445158329,515.7233644859813,598.4826941066417,2.4757009345794394,0.0035634743875278,631.0653536257834,458.6616071428571,2.8683974932855865,0.0122265122265122,636.7118644067797,648.359375,1.8122555410691004,0.0084151472650771,712.844192634561,725.0847457627119,2.3427762039660056,0.0035971223021582,454.2028985507246,536.5467625899281,2.683574879227053,0.0305555555555555,375.7793696275072,618.2234957020057,3.08595988538682,0.0109018830525272,581.0470941883767,554.7895791583167,1.8036072144288573,0.0078125,879.9748427672956,721.9873817034701,2.238993710691824,0.0071564885496183,711.7579250720461,904.3269230769232,2.364073006724304,0.0205799812909261,646.9465648854962,531.395793499044,4.767175572519084,0.0028708133971291,474.1590038314176,448.1538461538461,2.3448275862068964,0.0076117982873453,460.793893129771,360.11560693641616,2.4580152671755724,0.0019801980198019,448.5387673956262,595.960396039604,1.8270377733598409,0.0021398002853067,709.3771428571429,548.1545064377682,1.7871428571428571,0.0048154093097913,442.33009708737865,607.9099678456591,1.948220064724919,0.0039840637450199,572.3164893617021,590.5347593582887,2.8138297872340425,0.0072254335260115,1094.0524781341107,1306.2209302325582,3.507288629737609,0.0151324085750315,883.2813299232737,721.2307692307693,3.739130434782609,0.0131233595800524,902.0132625994696,817.92,1.3846153846153846,0.0295081967213114,447.5675675675676,434.7972972972973,2.777027027027027,0.0124843945068664,502.7272727272728,613.0632911392405,2.6994949494949494,8,0,0,0.054877802546468235
65,202410,5,0,0.0130548302872062,509.287598944591,601.5915119363395,1.8680738786279685,0.0031014621178555,458.8167259786477,487.46003552397866,1.7713523131672595,0.0014652014652014,430.4904552129222,467.5073313782991,1.5726872246696035,0.0037593984962406,284.4318181818182,244.62406015037595,2.784090909090909,0.0,273.8781362007168,423.66906474820144,1.003584229390681,0.0023866348448687,462.70334928229664,458.8516746411484,1.708133971291866,0.0091047040971168,284.52067381317,367.6263399693721,1.888208269525268,0.0075471698113207,558.2509505703422,538.8593155893536,2.870722433460076,0.0277777777777777,683.6923076923077,644.7169811320755,0.6442307692307693,0.0028129395218002,492.3380281690141,523.0508474576271,2.428169014084507,0.0079365079365079,359.0391459074733,268.0284191829485,2.2348754448398576,0.0344827586206896,607.0450281425891,802.2598870056497,3.951219512195122,0.0047114252061248,397.8559622195986,290.88967971530246,0.9515938606847698,0.0066592674805771,460.540782122905,667.1888268156424,2.963128491620112,0.0026567481402763,454.5069075451647,372.37179487179486,2.3188097768331564,0.0265700483091787,340.90909090909093,424.8526490066225,1.6446280991735538,0.0,392.7687687687688,583.9156626506024,2.8618618618618616,0.0049423393739703,408.47682119205297,481.3907284768212,2.771523178807947,0.0398550724637681,377.27272727272725,434.2105263157895,3.613636363636364,0.0054945054945054,466.2162162162162,480.14723926380367,2.308353808353808,0.0032397408207343,594.0,662.8509719222462,2.621739130434783,0.0006207324643078,457.1449814126394,399.45205479452056,1.838909541511772,0.0034642032332563,367.5,521.6241299303945,1.2662037037037035,0.0049382716049382,353.106699751861,294.0843672456576,2.009925558312655,0.0127167630057803,325.3521126760563,299.29906542056074,2.2300469483568075,0.0026143790849673,288.01312335958005,326.2303664921466,1.611548556430446,0.0032813781788351,403.1864686468647,407.5862068965517,1.721122112211221,0.0020661157024793,473.0290456431536,739.5867768595041,2.448132780082988,0.0032894736842105,382.6026490066225,738.3552631578947,1.9933774834437088,0.0056179775280898,1344.436090225564,1032.9056603773586,8.364661654135338,0.025260029717682,868.3658536585366,594.5121951219512,5.817073170731708,0.01171875,528.5578947368421,617.4036939313984,0.9342105263157896,0.0107913669064748,431.3454545454546,397.74545454545455,1.829090909090909,0.0062240663900414,238.75,309.5397489539749,1.0666666666666669,8,0,0,0.08877617252944026
66,202410,6,0,0.0176795580110497,797.6072234762979,1278.6995515695066,3.309255079006772,0.0029806259314456,600.2119402985074,612.2155688622754,2.2156716417910447,0.0023937761819269,745.962829736211,913.5414165666266,1.605515587529976,0.0058097312999273,682.8843930635838,625.9675036927622,1.8786127167630056,0.007656967840735,505.5092592592592,527.5308641975308,1.787037037037037,0.0106783919597989,644.5431472081218,657.9415501905972,3.262690355329949,0.0078692493946731,626.7263803680981,581.3592233009708,2.3607361963190185,0.0120320855614973,1007.1195652173913,707.5471698113207,3.385869565217391,0.0294117647058823,306.17,365.5102040816327,0.96,0.0075839653304442,662.0021739130435,534.4736842105264,3.9,0.005490734385724,469.060773480663,651.4758620689655,1.701657458563536,0.0305131761442441,853.9957142857143,847.6504297994269,4.412857142857143,0.0109159943046986,504.2540904716073,479.0239234449761,0.9220404234841192,0.0076701821668264,583.8878143133462,614.0714285714286,2.230174081237911,0.0075254537405931,794.3879003558719,811.3416815742397,2.2402135231316724,0.0090380890897353,780.92578125,657.6531942633637,3.395833333333333,0.0085348506401137,790.4252873563219,734.785100286533,3.1091954022988504,0.0075187969924812,555.3030303030303,708.3333333333334,1.893939393939394,0.0293706293706293,534.4826589595376,565.6436781609195,3.017341040462428,0.0055276381909547,949.3939393939394,843.7613751263902,3.691919191919192,0.008507347254447,769.03125,733.0841121495328,0.9671875,0.0039081582804103,875.5992141453831,974.8090107737512,2.2888015717092336,0.0106075216972034,540.6908023483365,522.6194174757281,1.2426614481409002,0.0018298261665141,572.8639705882352,584.5246800731261,1.9136029411764703,0.0128087831655992,548.9554730983302,626.4444444444445,2.4879406307977736,0.0,471.44444444444446,544.2528735632184,1.5708812260536398,0.0021097046413502,610.3779971791255,592.3943661971831,1.688293370944993,0.0098199672667757,474.8514851485148,528.476821192053,2.716171617161716,0.0116429495472186,470.4140625,419.8421052631579,2.21875,0.0074404761904761,2230.239520958084,1889.9099099099096,7.323353293413174,0.0036991368680641,754.1861042183623,785.7777777777778,2.2531017369727047,0.0160857908847185,427.6830601092896,370.5978260869565,0.9344262295081968,0.0182421227197346,764.040404040404,481.2203389830509,3.191919191919192,0.0,638.7257617728532,864.5983379501386,2.681440443213297,10,0,0,0.06327074299040236
67,202410,7,0,0.0185995623632385,492.91051454138704,638.4,3.953020134228188,0.0062638172439204,683.3197329376854,698.9621942179392,2.119436201780416,0.0126801152737752,696.8886283704572,655.953488372093,1.4267291910902695,0.0038226299694189,458.3154670750383,592.5230769230769,1.833078101071976,0.0205696202531645,880.0162337662338,834.5980707395498,2.262987012987013,0.006857855361596,1168.109022556391,954.8578616352202,3.87092731829574,0.0091130012150668,484.9705882352941,407.04294478527606,2.468137254901961,0.0158311345646438,1289.1847826086955,1621.428571428571,4.263586956521739,0.0210970464135021,179.41379310344828,412.7586206896552,0.25,0.004343105320304,615.8169934640523,732.707423580786,4.239651416122005,0.007670850767085,607.972027972028,703.9830508474577,1.5944055944055944,0.0316233309908643,1086.4267053701017,1222.0319303338172,4.256894049346879,0.0080568720379146,552.2857142857143,453.4228187919463,0.8533333333333334,0.0102755721625408,617.1981132075472,694.7875354107649,2.3254716981132075,0.0084182543198936,591.915770609319,528.716577540107,1.496415770609319,0.010204081632653,799.5456885456886,700.8,1.9768339768339769,0.0040160642570281,1992.548387096774,1715.645161290323,4.172043010752688,0.0083036773428232,619.2344497607655,736.5071770334928,1.937799043062201,0.0324400564174894,523.1578947368421,460.2906976744186,2.8771929824561404,0.0324298160696999,735.1648351648352,593.8076152304609,4.20979020979021,0.0078740157480314,622.7388535031847,625.9177215189874,0.8773885350318471,0.0048285852245292,696.2778315585673,824.182879377432,2.249757986447241,0.0245979186376537,488.13953488372096,405.3203883495146,3.205426356589147,0.0047036688617121,620.4526515151515,606.2264150943396,2.090909090909091,0.0142045454545454,713.7931034482758,643.5838150289018,1.7337164750957854,0.0059405940594059,612.632,492.2619047619048,2.012,0.0006968641114982,773.5439330543933,773.2217573221757,1.8549511854951184,0.0357698289269051,577.427652733119,812.2330097087379,1.540192926045016,0.048811013767209,609.0631578947368,647.3684210526316,2.289473684210526,0.0124223602484472,3725.506289308176,2459.245283018868,31.81446540880503,0.0118110236220472,1058.4880636604776,1319.6808510638298,3.326259946949602,0.0310880829015544,569.4705882352941,550.9090909090909,1.5695187165775402,0.1704225352112676,598.3728813559322,748.1632653061224,2.928813559322034,0.0074349442379182,525.3366583541147,634.8,1.9301745635910224,10,0,0,0.09566510989157984
68,202410,8,0,0.0745762711864406,329.92512077294685,620.8888888888889,3.248792270531401,0.0284505959246443,398.0094786729858,485.3291038858049,1.844391785150079,0.0165922144224633,514.2178988326848,548.2597402597403,2.1997405966277563,0.0138648180242634,384.8861646234676,380.5291005291005,2.2416812609457093,0.7644882860665845,213.4390243902439,280.73394495412845,2.426829268292683,0.0651162790697674,264.8939179632249,367.9714285714286,2.4342291371994342,0.0177717019822283,485.1581137309293,425.1117318435754,2.7475728155339807,0.0498442367601246,513.9473684210526,263.921568627451,5.059210526315789,0.0219298245614035,468.6216216216216,343.74107142857144,0.3693693693693693,0.0583058305830583,333.09859154929575,254.93023255813952,3.5657276995305165,0.0471771075019334,385.258064516129,521.1764705882352,2.264516129032258,0.0835798816568047,496.9370967741936,445.9773828756058,3.283870967741936,0.0585492227979274,287.38225629791896,336.1725663716814,0.9945235487404164,0.0311364815775817,365.491452991453,437.8517722878625,2.5416666666666665,0.0253984063745019,294.40570846075434,286.1065573770492,1.3527013251783897,0.0347826086956521,389.4813153961136,417.9185520361991,1.5590433482810164,0.046031746031746,450.07849829351534,494.0259740259741,2.098976109215017,0.0452127659574468,238.5,321.9553072625698,1.925,0.0524534686971235,275.13475177304963,319.8561151079137,2.868794326241135,0.0153846153846153,534.4636678200692,608.1533101045296,2.2364475201845444,0.0041322314049586,400.2061855670103,525.5949895615867,1.2742268041237113,0.0289371174179187,622.8178694158075,507.591743119266,1.8694158075601373,0.0768463073852295,302.85714285714283,425.70194384449246,1.4004329004329004,0.0517241379310344,243.3590909090909,265.09090909090907,2.0522727272727272,0.1936090225563909,212.6267281105991,209.5754716981132,1.7995391705069124,0.0565832426550598,453.967816091954,400.27777777777777,1.4114942528735632,0.0332409972299169,429.2886178861789,666.3783783783783,1.83739837398374,0.2082018927444795,185.9055118110236,293.9516129032258,1.4566929133858268,0.1484771573604061,220.85756676557864,330.5389221556886,1.973293768545994,0.057660626029654,1210.871080139373,1592.421052631579,7.212543554006968,0.0059523809523809,310.7389558232932,454.7619047619048,1.8714859437751004,0.02803738317757,621.1868131868132,471.5934065934066,2.0357142857142856,0.0365217391304347,468.5214285714285,375.3284671532847,2.782142857142857,0.0522478736330498,253.50383631713555,427.24935732647816,1.989769820971867,8,0,0,0.18931807073823392
69,202410,9,0,0.1525241675617615,322.6186868686869,311.7557251908397,2.835858585858586,0.059025133282559,449.3702506063056,582.5445705024312,2.0355699272433307,0.0293200249532127,229.388174807198,370.719794344473,2.070694087403599,0.047029702970297,260.0313588850174,235.0430292598968,2.4111498257839723,0.819047619047619,138.94736842105263,124.73684210526316,2.8684210526315788,0.1538948701709943,228.73463268365816,268.52017937219733,2.833583208395802,0.0339213025780189,348.1884669479606,260.36465638148667,2.839662447257384,0.1608695652173913,256.401384083045,260.0689655172414,4.449826989619377,0.0612244897959183,627.0956521739131,782.6086956521739,0.6,0.1409185803757829,314.5278450363196,398.0487804878049,4.147699757869249,0.1123188405797101,328.4457236842105,423.59805510534846,3.3963815789473686,0.171195652173913,443.6666666666667,474.375,4.179738562091504,0.1455260570304818,260.5263157894737,237.77777777777777,0.9897025171624714,0.0730638090599123,348.59033613445376,387.4447949526814,2.5703781512605044,0.0786885245901639,457.1155015197568,309.1224489795918,2.4052684903748736,0.069701280227596,341.77522935779814,319.72477064220186,1.845565749235474,0.1632653061224489,1712.486187845304,750.6122448979592,12.98342541436464,0.1065468549422336,303.29479768786126,377.1428571428572,1.9132947976878607,0.1083743842364532,181.82222222222225,218.24175824175825,3.1222222222222222,0.0256410256410256,255.58314350797264,319.1034482758621,3.2323462414578588,0.020812685827552,335.4158215010142,317.45454545454544,1.7647058823529411,0.0495471497069792,254.73094170403587,333.36322869955154,2.161434977578476,0.1536363636363636,163.169164882227,235.99137931034485,0.9764453961456104,0.0819502074688796,358.052036199095,375.7110609480813,2.002262443438914,0.6275831087151842,313.18840579710144,227.56626506024097,1.707729468599034,0.1251282051282051,409.39578454332553,414.6455399061033,1.7681498829039812,0.1693693693693693,449.1818181818182,301.2448132780083,2.622727272727273,0.5907504363001745,189.1139240506329,405.5172413793104,1.8438818565400843,0.366183574879227,299.5501519756839,373.0275229357798,2.17629179331307,0.1281669150521609,320.3424657534247,206.2116040955632,2.318493150684932,0.0163170163170163,625.4060913705583,651.4666666666667,5.538071065989848,0.0352020860495436,457.6189189189189,413.02702702702703,1.6405405405405404,0.0241635687732342,203.95437262357413,288.3206106870229,3.9809885931558937,0.1450116009280742,130.4632152588556,207.5675675675676,2.032697547683924,2,0,0,0.39354704368958204
70,202410,10,0,0.1673469387755102,480.5911330049261,447.9512195121951,2.5049261083743843,0.0654571326929918,459.6453089244851,511.4589665653496,2.225781845919146,0.0206303724928366,571.4912280701755,648.8290398126463,2.0912280701754384,0.0542691751085383,449.8085758039816,345.41284403669727,2.32312404287902,0.8116817724068479,1646.5208333333333,320.43956043956047,2.28125,0.1786922209695603,412.0205198358413,467.6859504132232,3.0041039671682626,0.0280095351609058,488.3370098039216,558.2576687116565,2.7879901960784315,0.1805896805896805,661.2904191616766,706.8468468468468,4.949101796407185,0.0166666666666666,568.6101694915254,427.6271186440678,0.9661016949152542,0.1466127401415571,347.8014184397163,541.5676959619952,4.104018912529551,0.1179960448253131,578.6547085201794,397.6681614349776,2.022421524663677,0.1628515369522563,480.53051643192487,700.811232449298,3.910798122065728,0.1418408181413961,364.0260145681582,443.405572755418,0.8792924037460979,0.080817051509769,393.8448108632396,535.1491819056786,2.5528612997090203,0.1050247116968698,575.6055555555556,582.0494053064958,1.7648148148148148,0.0805931656995486,505.1502808988764,486.8067226890756,1.7570224719101124,0.1301115241635687,462.5806451612903,940.4860557768924,1.433179723502304,0.1118421052631579,639.3611793611793,593.8957816377172,1.5233415233415233,0.0779411764705882,423.968253968254,275.5769230769231,2.13015873015873,0.0157635467980295,590.9547738693467,552.5024925224327,1.8974874371859296,0.0279667422524565,825.210608424337,905.5813953488372,3.170046801872075,0.0579447713897691,584.2925890279115,605.3550863723608,2.3339749759384025,0.1814516129032258,386.516765285996,431.3385826771653,1.3806706114398422,0.0941704035874439,359.38461538461536,347.44532803180914,1.881656804733728,0.6327467482785004,414.896265560166,388.3682008368201,1.7614107883817427,0.1388384754990925,313.0420168067227,367.9915433403805,1.899159663865546,0.1417565485362095,1083.445945945946,304.367816091954,1.8108108108108107,0.498158379373849,366.5367647058824,530.1098901098901,1.8198529411764703,0.4533639143730887,465.2913165266107,429.05027932960894,2.8151260504201683,0.130817610062893,616.3005780346821,486.0869565217391,2.315028901734104,0.0106837606837606,1585.312757201646,730.9090909090909,2.6954732510288064,0.0386100386100386,482.7226666666666,308.7096774193548,1.3093333333333332,0.0165137614678899,621.3483146067416,514.1263940520446,2.205992509363296,0.1487889273356401,314.43243243243245,659.5108695652174,1.5891891891891892,2,0,0,0.3533180119064536
71,202410,11,0,0.0535331905781584,2573.6485260770974,2113.950338600452,14.571428571428571,0.0171470266326158,626.4455223880597,750.6203840472674,1.776865671641791,0.0113830392714854,971.7335640138408,1082.9655172413793,2.179930795847751,0.0312035661218424,384.4822256568779,410.04566210045664,1.9227202472952087,0.2308762169680111,985.5083056478404,1024.2857142857142,0.9269102990033222,0.0445937690897984,686.6206451612903,910.722433460076,2.4864516129032257,0.0061050061050061,717.4417177914111,573.4317343173432,2.759509202453988,0.0489690721649484,885.0271739130435,510.4864864864865,4.880434782608695,0.0515021459227467,937.927927927928,895.0909090909091,1.1891891891891893,0.0258064516129032,707.2566371681415,831.5418502202643,3.6570796460176993,0.0308641975308641,548.0965909090909,648.9985895627644,2.0411931818181817,0.0415200562983814,754.3917525773196,614.1434846266471,3.662739322533137,0.0461041954817888,468.2546341463415,680.6896551724138,0.7892682926829269,0.0175600739371534,498.9434495758718,623.2046948356807,2.4373232799246,0.0318828091339939,911.307212822796,894.3416370106762,2.4256455921638467,0.0236724248240563,734.2823218997362,648.515625,1.8601583113456464,0.0186418109187749,1126.9839142091153,1202.8021978021975,1.7855227882037534,0.0413318025258323,724.1726618705036,796.9377990430622,2.0335731414868103,0.0255681818181818,641.1818181818181,805.0434782608696,3.744868035190616,0.0209858467545143,947.0787637088732,944.147557328016,4.016949152542373,0.0076982294072363,1166.4596273291925,1017.953488372093,2.391304347826087,0.0164473684210526,1110.7736389684817,1176.1950286806884,2.1069723018147086,0.0697674418604651,534.5838150289018,691.0940499040307,1.2466281310211946,0.0347666971637694,659.2015209125475,585.1115311909263,1.6653992395437265,0.21,746.8546168958743,629.5366795366796,1.9705304518664049,0.0425531914893617,639.9411764705883,740.8853118712274,1.6896551724137931,0.0172802404207362,881.533527696793,977.459807073955,1.4183673469387754,0.0907715582450832,553.489932885906,796.039603960396,1.6979865771812082,0.2631058358061325,729.3592493297588,596.1290322580645,2.3404825737265416,0.0297029702970297,2356.9679300291546,1907.921282798833,11.17201166180758,0.0349013657056145,1098.35625,1195.4430379746836,1.85625,0.0318725099601593,716.2225274725274,651.4520547945206,0.8653846153846154,0.0286195286195286,1044.842105263158,638.013698630137,3.414035087719298,0.027027027027027,676.1421319796955,1063.5678391959798,2.017766497461929,10,0,0,0.1796255816208291
72,202410,12,0,0.0254452926208651,472.5,401.151832460733,4.223958333333333,0.0100700525394045,433.8603006189213,548.2831858407079,1.7860300618921308,0.0059920106524633,743.7278820375335,729.8741633199464,1.9128686327077749,0.0110192837465564,425.5658627087199,313.9405204460966,2.1948051948051948,0.0067681895093062,713.3877551020408,794.7440273037543,0.9625850340136054,0.013076923076923,332.7332293291732,390.6542056074766,2.2277691107644304,0.0046153846153846,496.1774691358025,503.7770897832817,3.2839506172839505,0.0172955974842767,744.6153846153846,586.3897763578275,4.512820512820513,0.0788177339901477,581.9784946236559,622.9787234042553,1.3225806451612905,0.0096551724137931,350.8077994428969,361.67130919220057,2.6434540389972145,0.0134680134680134,288.9795918367347,389.1780821917809,0.8418367346938775,0.0289219982471516,535.1317689530686,623.7184115523465,2.891696750902527,0.0218642117376294,487.8225616921269,594.2756183745583,0.6603995299647474,0.0126721763085399,574.3888268156425,651.2363433667781,2.606703910614525,0.0147523709167544,523.0683760683761,665.7173447537473,2.959401709401709,0.014162077104642,448.3125996810208,419.42492012779553,1.8628389154704943,0.0095628415300546,498.4876033057851,628.3425414364641,3.038567493112948,0.0180032733224222,267.2909698996655,361.5946843853821,0.802675585284281,0.0189393939393939,364.4015444015444,510.3474903474904,2.629343629343629,0.0059772863120143,703.7153196622437,680.5035971223022,1.9264173703256933,0.0041279669762641,468.4232365145229,558.6335403726708,1.483402489626556,0.0048691418137553,496.4504283965728,739.7310513447433,2.332925336597308,0.0280583613916947,486.64203233256353,471.68591224018473,1.297921478060046,0.0147965474722564,453.61654135338347,510.15,1.6591478696741857,0.0078475336322869,371.3181818181818,622.1123595505618,1.9,0.0102827763496143,441.4455958549223,392.0,1.549222797927461,0.0022539444027047,694.7511312217194,588.0,1.297134238310709,0.0081135902636916,364.9180327868853,418.0408163265306,1.7950819672131149,0.1698113207547169,220.70358306188925,216.50485436893203,2.44299674267101,0.011090573012939,453.9325842696629,491.4179104477612,3.430711610486892,0.016,592.1461038961039,565.0162866449512,1.3474025974025974,0.0053691275167785,324.1989247311828,417.5609756097561,1.0940860215053765,0.0072727272727272,411.6788321167883,349.63235294117646,2.56934306569343,0.024,540.734693877551,439.5061728395062,1.1387755102040815,8,0,0,0.05062181546320321
73,202410,13,0,0.0307017543859649,2219.46485260771,1383.2505643340858,3.53061224489796,0.0084527747151782,723.1172976985895,879.5706883789785,1.876763177431329,0.0098379629629629,747.7526254375729,720.4918032786885,2.0093348891481915,0.0080058224163027,614.0903790087464,585.0221565731167,2.510204081632653,0.0161054172767203,494.40949554896144,492.7164179104478,1.1038575667655786,0.0111248454882571,470.4275,695.625,2.95,0.0090579710144927,424.2518337408313,537.1567436208992,2.057457212713937,0.0158311345646438,1014.516129032258,525.5614973262032,8.900537634408602,0.0186915887850467,539.7641509433962,188.65384615384616,0.5283018867924528,0.0076670317634173,485.1541850220264,637.9646017699115,4.634361233480176,0.0088075880758807,498.6465753424658,649.8499317871759,2.2794520547945205,0.0207290922087205,613.6058394160584,742.4233576642335,2.6394160583941604,0.0167519776640297,414.11647727272725,346.887417218543,1.306818181818182,0.0147338403041825,618.071497584541,646.2398843930636,2.0270531400966183,0.0066459902525476,706.1339285714286,691.1764705882352,3.255357142857143,0.0139328689043698,618.4537275064267,691.9640564826701,2.478149100257069,0.0077922077922077,560.8350785340314,584.437172774869,2.089005235602094,0.01,332.8643216080402,372.0304568527919,0.8819095477386935,0.0457063711911357,809.9941860465116,740.695652173913,3.0494186046511627,0.0153541357107478,637.748743718593,710.8761329305136,3.5879396984924625,0.0038610038610038,456.3354037267081,531.640866873065,1.1040372670807452,0.0053346265761396,718.3857421875,695.5793573515092,3.044921875,0.0211132437619961,512.2352941176471,532.1176470588235,1.5215686274509803,0.0036463081130355,577.6928702010969,590.0677655677656,1.6160877513711152,0.018018018018018,483.956043956044,618.1985294117648,2.5476190476190474,0.0105465004793863,528.9651837524178,437.126213592233,2.0676982591876207,0.0126666666666666,624.9028340080972,632.8378378378378,1.330634278002699,0.0016638935108153,403.45514950166114,440.4682274247492,2.053156146179402,0.1469933184855233,468.5182291666667,401.9371727748691,3.0625,0.0102790014684287,505.8160237388724,498.51632047477744,1.7566765578635015,0.0181347150259067,785.4854881266491,1106.754617414248,1.1688654353562005,0.019471488178025,545.8062678062678,546.9745762711865,0.9373219373219374,0.0067567567567567,774.0614334470989,649.0169491525423,2.645051194539249,0.013550135501355,416.5384615384616,688.3516483516484,1.807692307692308,8,0,0,0.027853720381696867
74,202410,14,0,0.0131578947368421,938.8022222222222,855.7333333333333,7.482222222222222,0.007320644216691,819.3814432989691,762.4076809453471,2.0721649484536084,0.0097588978185993,619.1637630662021,647.5,1.9210220673635308,0.0052552552552552,815.0361445783133,730.2571860816944,1.9006024096385543,0.0015527950310559,729.5856697819314,667.2670807453416,1.1059190031152648,0.0068069306930693,1343.3815461346633,1123.1880448318805,4.293017456359102,0.0024375380865326,427.2680538555692,494.9268292682927,2.7466340269277847,0.0091863517060367,721.7506631299734,650.952380952381,5.710875331564987,0.0,503.3362831858407,743.0357142857143,0.336283185840708,0.006514657980456,862.8446389496718,827.9475982532751,4.326039387308534,0.0076441973592772,752.7272727272727,922.047685834502,2.5090909090909093,0.0136005726556907,678.3866279069767,730.5217391304348,3.715116279069768,0.0136406396989651,509.4566253574833,520.6488549618321,1.140133460438513,0.0111111111111111,600.7654205607477,806.0600375234521,2.122429906542056,0.0070671378091872,1011.4986642920747,1024.2133333333334,4.014247551202137,0.0089115213239974,737.8716302952503,678.508997429306,2.038510911424904,0.0,682.8848167539267,566.6141732283464,1.0654450261780104,0.0128504672897196,530.7582938388625,525.9574468085107,1.95260663507109,0.0128755364806866,673.0520231213873,667.1511627906976,3.361271676300578,0.0079012345679012,486.2726368159204,474.7410358565737,2.2955223880597013,0.0038610038610038,364.27906976744185,586.4186046511628,1.1674418604651162,0.0033381020505484,593.9080459770115,614.7418738049713,2.293103448275862,0.0198300283286118,531.5606936416185,665.7803468208092,1.0423892100192678,0.0055917986952469,577.6491557223264,515.8239700374531,1.7917448405253282,0.0047303689687795,598.1847619047619,616.7362428842505,1.977142857142857,0.0088062622309197,591.5029702970297,560.6712598425197,1.5267326732673268,0.0047457627118644,711.4884038199182,654.204081632653,1.4843110504774897,0.0064516129032258,378.8961038961039,634.4805194805194,2.5974025974025974,0.1423728813559322,598.4947368421052,630.7124010554089,2.171052631578948,0.0071428571428571,408.9655172413793,354.6397694524496,1.7988505747126438,0.010840108401084,774.9617486338798,628.8461538461538,2.442622950819672,0.0052493438320209,1062.842105263158,1071.2539682539682,1.3657894736842104,0.0017064846416382,696.986301369863,707.3037542662116,6.3938356164383565,0.0074441687344913,1612.8,1256.25,5.39,8,0,0,0.05107244988408488
75,202410,15,0,0.0162037037037037,304.24470588235295,325.2705882352941,3.416470588235294,0.0050741608118657,393.0204081632653,544.6588235294117,1.8822605965463108,0.0051216389244558,444.39819587628864,429.7172236503856,1.559278350515464,0.0059982862039417,550.5474956822108,574.7745266781411,1.936096718480138,0.0073394495412844,540.8671586715867,356.6666666666667,1.5719557195571956,0.0054310930074677,570.6653005464481,572.324693042292,3.0150273224043715,0.0068965517241379,187.45555555555555,308.25,2.393055555555556,0.0094936708860759,434.56869009584665,225.43130990415327,6.936102236421725,0.0044247787610619,613.8660714285714,654.6902654867257,0.5535714285714286,0.0101237345331833,510.8219178082192,334.8868778280543,4.260273972602739,0.0132708821233411,435.8293838862559,551.8858954041204,2.090047393364929,0.0215882806476484,614.6135646687698,593.1023622047244,3.788643533123029,0.0184113624408206,363.862660944206,343.169164882227,0.7424892703862661,0.0094290204295442,371.46610169491527,413.9809926082365,2.1737288135593222,0.0040281973816717,553.3646464646465,493.9676113360324,2.895959595959596,0.0129776496034607,864.629197080292,819.8245614035088,2.52992700729927,0.007278020378457,337.82697947214075,403.46041055718473,1.1290322580645162,0.0081855388813096,510.0826446280992,736.4835164835165,1.5068870523415978,0.0184563758389261,437.8941979522184,642.3287671232877,2.385665529010239,0.0073696145124716,285.9908883826879,331.06529209621993,2.152619589977221,0.003976143141153,225.1792828685259,258.48,1.0557768924302788,0.0072706935123042,352.3562570462232,322.97297297297297,2.084554678692221,0.0148936170212765,470.0215982721383,491.5313174946005,1.0518358531317495,0.0043956043956043,324.8587196467991,334.03973509933775,2.011037527593819,0.0033333333333333,441.6919642857143,621.6481069042317,2.283482142857143,0.0088790233074361,317.03139013452915,374.6107382550336,1.600896860986547,0.0100250626566416,361.9259259259259,386.0913705583756,1.4326599326599327,0.0,330.3448275862069,422.7480916030534,1.8007662835249043,0.1144343302990897,441.1700879765396,346.7647058823529,2.249266862170088,0.0085178875638841,310.30927835051546,248.659793814433,1.81786941580756,0.0207253886010362,943.0947368421052,453.6170212765957,2.43859649122807,0.0027548209366391,193.6657458563536,199.84806629834253,1.3701657458563536,0.0052264808362369,434.5263157894737,525.3146853146853,2.0350877192982457,0.008695652173913,341.4775,486.0301507537689,1.57,8,0,0,0.05415166270424199
76,202410,16,0,0.0091533180778032,849.6997690531177,479.0300230946882,8.00230946882217,0.003125,403.94749216300943,355.9561128526646,1.6308777429467085,0.0050536955148452,421.2309644670051,384.853875476493,1.5736040609137056,0.0024038461538461,386.10771704180064,553.9646869983949,2.167202572347267,0.0053763440860215,476.158273381295,350.90252707581226,1.5863309352517985,0.0507385998715478,692.3843031123139,658.2949932341002,2.979702300405954,0.0068259385665529,303.33837689133424,419.5879120879121,2.3823933975240714,0.001564945226917,345.705329153605,281.9435736677116,4.539184952978056,0.0438247011952191,842.725,696.0,0.975,0.0044742729306487,403.3557046979866,335.07900677200905,3.4586129753914987,0.0084097859327217,333.52941176470586,340.0,1.7925696594427245,0.0098261526832955,786.9587786259542,696.824427480916,5.238167938931298,0.0068241469816272,345.9830508474576,392.0253164556962,0.8580508474576272,0.0035879036391594,458.5061728395062,487.5925925925926,2.6090534979423867,0.0019502681618722,539.2326490713588,415.6640625,1.2776148582600195,0.0071174377224199,752.0416068866571,649.6848137535817,2.4835007173601147,0.0014492753623188,263.30434782608694,417.5581395348837,1.098550724637681,0.0027397260273972,324.79338842975204,308.05479452054794,2.173553719008265,0.0066889632107023,421.8181818181818,690.10101010101,1.8249158249158248,0.0033764772087788,402.4406779661017,301.7607223476298,2.2847457627118644,0.0039254170755642,338.7696850393701,436.2130177514793,2.094488188976378,0.0038845726970033,269.2324805339266,372.1205357142857,2.1724137931034484,0.0105820105820105,289.593147751606,346.15384615384613,1.1627408993576016,0.0064308681672025,243.6918103448276,308.0345572354212,1.980603448275862,0.0054704595185995,351.1714285714286,283.48017621145374,2.2131868131868133,0.0033222591362126,348.8177777777778,430.8,1.6688888888888889,0.0095923261390887,521.3225806451613,361.84168012924073,1.9370967741935483,0.0055865921787709,731.5205992509364,846.2921348314607,3.149812734082397,0.0141242937853107,552.6962750716332,590.028653295129,2.681948424068768,0.0016806722689075,260.4040404040404,408.8888888888889,1.8956228956228955,0.0267062314540059,564.9969696969697,454.2331288343559,2.145454545454545,0.0082987551867219,318.4776536312849,516.0362116991644,1.0,0.0034965034965034,488.8421052631579,653.0526315789474,3.4035087719298245,0.0012484394506866,526.5,480.45,2.1875,8,0,0,0.06489420571911242
77,202410,17,0,0.0119956379498364,1349.5011037527595,855.8940397350993,2.58719646799117,0.0036589828027808,593.1609110947833,623.568281938326,1.4217487141807494,0.0063400576368876,417.1772885283893,483.3449477351916,1.805330243337196,0.0043763676148796,533.6563876651983,497.1929824561403,2.39647577092511,0.0015267175572519,917.0884146341464,731.0429447852761,1.1890243902439024,0.001849568434032,709.2555555555556,708.4301606922126,2.490123456790124,0.0018148820326678,620.24,588.4363636363636,2.672727272727273,0.0078328981723237,747.8947368421053,666.9473684210526,2.792105263157895,0.0,448.8362068965517,256.55172413793105,1.5086206896551724,0.0032679738562091,694.1921397379913,778.0306345733042,4.427947598253275,0.0048916841369671,567.5175315568023,527.7637130801688,1.601683029453015,0.0092989985693848,863.6031746031746,938.757225433526,4.18037518037518,0.0014224751066856,585.1737891737891,584.6723646723647,0.9439696106362772,0.0069832402234636,561.8760563380282,556.5730337078652,2.4056338028169013,0.006170118995152,641.1873889875666,617.4313551815766,1.847246891651865,0.007570977917981,704.7954256670902,551.9083969465648,1.5616264294790343,0.0077519379844961,553.4036458333334,568.90625,1.203125,0.003516998827667,701.0747663551402,862.6066350710901,2.38785046728972,0.0241477272727272,477.7609329446064,725.5813953488372,1.7580174927113703,0.0083743842364532,605.7335984095428,712.4925521350547,2.23558648111332,0.01,1128.0559875583203,1009.9378881987576,2.8506998444790046,0.0042816365366317,774.8567335243553,736.5200764818355,3.20152817574021,0.0087633885102239,649.5304518664047,547.0726915520629,3.0412573673870336,0.0074906367041198,645.4350282485875,728.4763705103969,1.5197740112994351,0.010110294117647,615.7416356877324,472.5417439703154,2.117100371747212,0.0079207920792079,590.7749003984064,838.44,1.402390438247012,0.0020604395604395,662.1556473829202,641.1829436038514,1.455922865013774,0.0031948881789137,733.0801282051282,874.0384615384615,2.6346153846153846,0.0026109660574412,658.4764397905759,687.0157068062828,2.979057591623037,0.0099290780141843,595.2636103151863,539.8280802292263,2.169054441260745,0.0245614035087719,495.6009615384616,545.4545454545455,1.5360576923076923,0.0229729729729729,1037.246537396122,832.5414364640884,3.745152354570637,0.0051194539249146,565.448275862069,599.1808873720137,2.575862068965517,0.0024813895781637,948.858208955224,981.7910447761194,4.087064676616915,8,0,0,0.015817244864287927
78,202410,18,0,0.0185995623632385,1910.9755555555555,1432.8859060402683,3.1222222222222222,0.007320644216691,861.1068533529846,801.0774907749078,2.255711127487104,0.008073817762399,1142.4831199068683,1132.3275261324045,3.770663562281723,0.0015151515151515,589.5412844036697,582.1084337349398,2.1712538226299696,0.004594180704441,840.3138461538462,658.1538461538462,2.3415384615384616,0.0062266500622665,745.3483709273183,749.8496240601504,2.2794486215538847,0.0084951456310679,753.6776960784314,581.2958435207823,3.665441176470588,0.0026109660574412,672.7434554973822,708.848167539267,2.924083769633508,0.0450819672131147,721.8888888888889,1131.2068965517242,0.7008547008547008,0.0010893246187363,573.7559912854031,624.235807860262,3.6427015250544654,0.0041753653444676,712.6256983240223,700.3636363636364,1.96927374301676,0.0085959885386819,783.3973988439307,776.0115606936416,3.7196531791907512,0.0037807183364839,592.1260663507109,573.6182336182336,1.0388625592417062,0.006967022758941,728.2448598130841,756.312734082397,4.066355140186916,0.0048522276135862,772.8352524357839,647.0097604259095,1.8919397697077056,0.0095177664974619,687.933418693982,830.9692307692308,1.4314980793854033,0.0079155672823219,725.288,713.474801061008,1.616,0.0,900.1408450704225,891.588785046729,3.6971830985915495,0.0182328190743338,664.4685714285714,791.1428571428571,1.52,0.0093780848963474,653.4910358565737,735.1345962113659,2.654382470119522,0.007710100231303,1514.7906976744189,1273.3644859813085,3.151937984496124,0.0028462998102466,746.4638783269962,764.9714285714285,2.170152091254753,0.0096339113680154,693.0994152046784,1018.1359223300972,2.5750487329434697,0.0065420560747663,1106.4146341463415,952.5283018867924,6.099437148217636,0.0083955223880597,759.3045112781955,621.2429378531074,2.169172932330827,0.005911330049261,559.2777777777778,634.4990099009901,1.5257936507936507,0.0020491803278688,722.2496570644719,642.8688524590164,1.4224965706447188,0.0095389507154213,618.3279742765274,804.0384615384615,2.09967845659164,0.0078843626806833,815.4774535809019,875.0793650793651,2.8037135278514587,0.0056737588652482,796.017094017094,898.9714285714285,2.5128205128205128,0.011070110701107,994.818407960199,985.6716417910447,1.6592039800995024,0.0210803689064558,522.9407008086254,506.2204301075269,0.954177897574124,0.0050847457627118,912.2033898305084,1068.9041095890411,2.138983050847457,0.0049751243781094,591.2781954887218,690.2244389027431,1.7468671679197996,1,0,0,0.042981560441164746
79,202410,19,0,0.0077120822622107,381.2454780361757,435.7402597402597,2.3126614987080103,0.0048203330411919,559.449823943662,638.0088105726873,1.7455985915492958,0.0020053475935828,498.7812080536913,422.88770053475935,2.5691275167785235,0.0036264732547597,385.5967153284672,490.3448275862069,2.45985401459854,0.0017035775127768,571.6825938566553,415.0853242320819,1.0853242320819112,0.0015576323987538,311.02803738317755,390.0,1.5809968847352025,0.0076394194041252,399.6024653312789,406.9846153846154,2.75346687211094,0.0031595576619273,485.1139240506329,513.9047619047619,3.319620253164557,0.0460829493087557,270.75961538461536,661.747572815534,0.6730769230769231,0.0,352.9805013927577,347.0,2.2813370473537606,0.0084602368866328,329.2857142857143,557.1575342465753,1.816326530612245,0.0071237756010685,491.79712746858166,506.3440860215054,3.639138240574506,0.0028785261945883,386.95606936416186,418.8235294117647,0.9583815028901734,0.0055710306406685,533.0773542600897,647.9720044792833,3.4708520179372195,0.0015906680805938,497.5949098621421,489.06382978723406,1.3658536585365857,0.0070866141732283,557.8066561014263,358.7619047619048,1.4833597464342314,0.0054869684499314,608.3415977961432,501.38121546961327,0.975206611570248,0.001669449081803,590.5369127516778,405.8,2.751677852348993,0.0112781954887218,359.49049429657794,375.05703422053233,1.414448669201521,0.001201923076923,251.1349397590361,290.40865384615387,1.893975903614458,0.0051652892561983,214.0540540540541,232.9045643153527,1.3014553014553014,0.0006105006105006,344.5421245421245,432.32273838630806,2.056166056166056,0.0045924225028702,462.0091954022989,493.0185185185185,1.2275862068965515,0.0024783147459727,366.04477611940297,383.970223325062,1.9601990049751243,0.0055741360089186,299.438202247191,494.0939597315436,1.813483146067416,0.003831417624521,347.9897435897436,335.2179487179488,1.5128205128205128,0.0014936519790888,361.45958083832335,470.04484304932737,1.2125748502994012,0.002008032128514,349.83870967741933,791.3253012048193,2.504032258064516,0.0016233766233766,493.3941368078176,415.3246753246753,2.6644951140065145,0.0072992700729927,512.1985294117648,426.1764705882353,1.875,0.0123456790123456,413.98060941828254,550.0278551532033,1.0997229916897506,0.0013698630136986,476.4876712328767,540.6346153846154,1.726027397260274,0.0,727.0588235294117,687.5912408759124,2.856617647058824,0.0060362173038229,337.98387096774195,778.0487804878048,1.2056451612903225,8,0,0,0.03905013255071754
80,202410,20,0,0.0066815144766146,993.7905405405404,823.2589285714286,6.36936936936937,0.0066371681415929,563.2154531946508,579.0356083086053,1.3172362555720654,0.0093841642228739,548.7571090047394,600.7100591715977,1.984597156398104,0.0021660649819494,455.435092724679,506.9603524229075,1.9044222539229672,0.0014858841010401,646.4732142857143,571.7857142857143,1.1488095238095235,0.0043613707165109,774.605,694.2105263157895,3.555,0.0211736237144585,589.8869565217391,507.0848708487085,3.0012422360248445,0.0,776.3395225464191,795.9894459102902,5.822281167108753,0.1125541125541125,809.7087378640776,763.5294117647059,0.7475728155339806,0.0044004400440044,670.5960264900663,698.362831858407,2.947019867549669,0.0027210884353741,547.1311475409836,535.0953678474115,2.203551912568306,0.00647016534867,614.9391304347826,712.2832369942197,3.381159420289855,0.0056153486195601,581.7785108388313,637.5563909774436,0.82186616399623,0.0081967213114754,1024.6854917234664,1086.4456310679611,4.005842259006816,0.0030987162461266,463.4316163410302,463.4813499111901,1.5577264653641207,0.0076335877862595,688.4205128205128,617.8461538461538,1.696153846153846,0.0013054830287206,576.6824146981627,721.09375,1.8503937007874016,0.0073710073710073,732.9950738916256,618.3582089552239,2.174876847290641,0.0131386861313868,527.787610619469,819.3471810089021,2.058997050147493,0.0049825610363726,565.92,687.3821464393179,1.872,0.0038343558282208,377.3805855161787,481.9384615384615,1.4329738058551618,0.0029027576197387,578.2507288629738,654.6511627906976,1.7414965986394555,0.0029498525073746,401.0810276679842,453.8976377952756,1.0612648221343874,0.0,480.007326007326,660.0475319926874,1.5274725274725274,0.0082568807339449,525.8299445471349,396.3333333333333,1.8317929759704248,0.0029013539651837,584.0660194174757,818.0232558139535,1.4349514563106796,0.0053583389149363,571.164199192463,550.7547169811321,1.8815612382234184,0.0081699346405228,575.4098360655738,1001.7218543046356,1.9967213114754097,0.00390625,525.7630208333334,741.1023622047244,2.5260416666666665,0.0058565153733528,639.6117647058824,900.0,2.514705882352941,0.0046948356807511,743.8396226415094,804.622641509434,1.294811320754717,0.001410437235543,525.7478753541077,380.28169014084506,1.6742209631728044,0.020033388981636,789.0102389078498,568.9795918367347,4.197952218430034,0.0,437.5409836065574,387.6294277929155,1.9808743169398908,8,0,0,0.017986315814109477
81,202410,21,0,0.0098901098901098,454.1425389755011,588.4513274336283,2.394209354120268,0.0051282051282051,511.0073583517293,582.0928518791452,1.8219278881530536,0.0063327576280944,507.96987253765934,467.0683661645423,1.5619930475086907,0.0029304029304029,458.38235294117646,328.1057268722467,3.2279411764705883,0.0015408320493066,447.1574074074074,522.4074074074074,1.1203703703703705,0.0043559427504667,443.73125,585.75,2.23375,0.03003003003003,480.7305315203956,547.2208436724566,3.5661310259579726,0.01171875,549.1578947368421,601.2664907651715,3.5078947368421054,0.2633587786259542,1199.4166666666667,856.3092783505155,1.875,0.0021739130434782,338.16993464052285,437.6470588235294,2.9411764705882355,0.0041899441340782,525.304347826087,588.3029453015428,1.3548387096774193,0.007168458781362,624.8627167630058,627.2727272727273,3.2832369942196533,0.0033065658951346,334.3833017077799,365.7386363636364,0.8225806451612904,0.0074906367041198,467.3100848256362,594.4475920679887,2.7445805843543827,0.005729396209784,572.281914893617,642.9787234042553,1.8076241134751767,0.012040557667934,514.0819462227913,521.7223650385604,1.4340588988476313,0.0,370.8229166666667,390.78125,1.0286458333333333,0.0023364485981308,345.07042253521126,430.7943925233645,1.3333333333333333,0.0236768802228412,376.2564102564103,398.74285714285713,1.3105413105413106,0.0098765432098765,365.6756487025948,467.0189431704885,1.904191616766467,0.0084485407066052,465.046439628483,584.9302325581396,1.498452012383901,0.0052430886558627,500.7293666026872,441.8755980861244,1.916506717850288,0.0096246390760346,284.8563106796116,292.295719844358,1.0097087378640777,0.0047528517110266,341.6832061068702,374.5697896749522,1.3969465648854962,0.0102325581395348,562.3515037593985,453.49624060150376,2.095864661654135,0.0019821605550049,465.7077534791253,436.9047619047619,1.8648111332007955,0.0027081922816519,508.9659863945578,489.5121951219512,1.3891156462585037,0.0015974440894568,345.62300319488816,521.5384615384615,1.7955271565495208,0.0013020833333333,501.85117493472586,525.15625,2.339425587467363,0.0014204545454545,1032.7365439093485,798.6857142857143,3.093484419263456,0.0024721878862793,329.2803970223325,438.1188118811881,1.1215880893300247,0.0109739368998628,222.76454293628808,213.0,0.9362880886426592,0.0166666666666666,817.0169491525423,524.3389830508474,3.7355932203389832,0.0012453300124533,590.1246882793017,639.8004987531172,1.9925187032418952,8,0,0,0.033410190746635315
82,202410,22,0,0.0081206496519721,485.4871194379391,679.0654205607476,3.4028103044496487,0.0070038910505836,479.6851996867659,558.1647058823529,1.4338292873923255,0.0051380860629415,347.9470284237726,274.06451612903226,1.8811369509043927,0.0043365134431916,408.0261324041812,368.0487804878049,2.024390243902439,0.0018484288354898,350.74444444444447,290.22222222222223,0.9518518518518518,0.0020366598778004,616.5204359673024,351.6032608695652,3.813351498637602,0.0124137931034482,506.42597765363126,478.3240223463688,3.201117318435754,0.0078988941548183,423.2484076433121,211.5286624203821,3.5127388535031847,0.0924369747899159,763.0560747663551,704.0366972477065,2.0186915887850465,0.0011261261261261,336.8707482993197,407.4887892376682,4.208616780045351,0.0125,372.4367088607595,453.7025316455696,1.8860759493670889,0.0031176929072486,211.49609984399376,292.2884012539185,2.9126365054602186,0.0031796502384737,237.24760892667376,297.51063829787233,0.8257173219978746,0.0120734908136482,420.4206602768903,466.0021208907741,1.9637912673056444,0.0040261701056869,258.4111111111111,319.2922143579373,2.019191919191919,0.0079652425778421,502.63649635036495,544.8175182481751,1.6364963503649634,0.0014641288433382,278.7859237536657,439.17888563049854,1.0,0.0041039671682626,221.3223140495868,358.1917808219178,1.43801652892562,0.02,335.8673469387755,442.0408163265306,1.7448979591836735,0.006235827664399,180.2730375426621,286.8192219679634,1.8225255972696248,0.0079051383399209,265.40755467196817,340.119760479042,1.4990059642147118,0.0033688938798427,320.0451467268623,298.3802024746907,2.1862302483069977,0.0191693290734824,276.8416485900217,373.1739130434783,1.1149674620390455,0.0043956043956043,250.02207505518763,307.5496688741722,1.9867549668874167,0.0066964285714285,242.4324324324324,378.96860986547085,1.9481981981981984,0.0011261261261261,347.7200902934537,405.6554054054054,1.5327313769751694,0.0067681895093062,320.9881154499151,369.4358974358975,1.2393887945670627,0.0018796992481203,194.9433962264151,326.8421052631579,1.6075471698113208,0.0028818443804034,539.1988472622478,393.7391304347826,2.121037463976945,0.0016977928692699,308.3728813559322,402.1843003412969,1.993220338983051,0.0297339593114241,347.62700964630227,406.4077669902912,0.954983922829582,0.0014556040756914,566.8746355685131,527.2303206997085,1.2215743440233235,0.0034722222222222,451.67832167832165,434.375,3.4545454545454546,0.0,509.4,468.8721804511278,2.67,8,0,0,0.05851801002166257
83,202410,23,0,0.0023148148148148,357.3526682134571,426.5429234338747,3.4501160092807424,0.0043002345582486,541.6227450980392,581.5094339622641,1.467450980392157,0.0038119440914866,379.3673469387755,385.5612244897959,1.9005102040816328,0.0,508.93401015228426,520.4391891891892,2.257191201353638,0.0072463768115942,418.7810218978102,855.985401459854,1.167883211678832,0.0013550135501355,307.2754409769335,298.0461329715061,2.9742198100407053,0.0109215017064846,622.078947368421,681.5405777166437,2.7867036011080333,0.0077881619937694,538.7641509433962,327.83699059561127,4.8742138364779874,0.0763052208835341,1010.2260869565216,851.4782608695652,1.191304347826087,0.0044692737430167,388.4563758389262,277.8378378378378,3.722595078299776,0.0076452599388379,477.4114021571648,442.4653312788906,2.463790446841294,0.0068441064638783,283.82848392036755,372.0367534456356,2.888208269525268,0.0031545741324921,294.6145723336853,298.1664910432034,0.5406546990496304,0.0051072522982635,400.08,450.52415210688594,2.332307692307692,0.0014720314033366,386.110127826942,340.196463654224,1.3352999016715832,0.0056899004267425,365.832137733142,437.8031383737518,1.9182209469153515,0.0,467.40579710144925,404.4314868804665,1.4753623188405798,0.0013717421124828,334.1208791208791,373.1868131868132,1.925824175824176,0.0166666666666666,183.45762711864407,305.89830508474574,1.4440677966101696,0.0022497187851518,207.44932432432432,372.2573363431151,2.0686936936936937,0.004930966469428,190.49701789264407,207.15415019762847,2.0675944333996026,0.0038867295946696,266.9933184855234,255.13392857142856,2.0066815144766146,0.0105820105820105,267.05128205128204,412.9336188436831,1.3974358974358974,0.001081081081081,373.7402597402597,383.24675324675326,1.8722943722943723,0.0088202866593164,274.8,235.3229398663697,1.8533333333333333,0.0,529.4266666666666,587.8396436525612,1.808888888888889,0.0024610336341263,335.95238095238096,334.1021416803954,1.318555008210181,0.0074487895716946,205.8426966292135,330.45112781954884,1.794007490636704,0.002840909090909,352.1994301994302,297.0940170940171,2.017094017094017,0.0,229.1170568561873,238.39464882943145,1.709030100334448,0.0315315315315315,448.832298136646,513.250773993808,1.105590062111801,0.0101302460202604,532.2719298245614,401.578947368421,1.371345029239766,0.0,345.05263157894734,216.2937062937063,4.091228070175439,0.0049689440993788,155.85,272.1695760598504,1.5825,8,0,0,0.0750706162521455
84,202410,24,0,0.0032930845225027,370.0726872246696,264.5814977973568,3.579295154185022,0.0043988269794721,700.8644067796611,834.39293598234,1.703021370670597,0.0086455331412103,774.043023255814,726.7674418604652,2.186046511627907,0.0022156573116691,527.8579881656805,423.4666666666666,4.310650887573964,0.0230061349693251,469.3385579937304,456.0377358490566,1.206896551724138,0.0042735042735042,390.6348039215686,455.33742331288346,2.215686274509804,0.0078502415458937,575.4294403892944,513.7637028014616,3.02676399026764,0.010443864229765,923.5883905013192,609.023746701847,4.757255936675461,0.0,959.7946428571428,847.5,1.0089285714285714,0.0032608695652173,552.4454148471616,383.52941176470586,4.430131004366812,0.0096952908587257,539.8937062937063,686.5174825174826,2.1034965034965034,0.0057553956834532,876.4797687861271,713.4782608695652,4.134393063583815,0.0033333333333333,412.4446564885496,487.0622009569378,0.5295801526717557,0.0065268065268065,494.5211267605634,542.6482176360225,3.0056338028169014,0.0022232103156958,697.8669642857143,565.355871886121,2.784821428571429,0.010705289672544,343.2175572519084,304.4331210191083,1.3994910941475829,0.0167095115681233,548.976501305483,403.0366492146597,0.8407310704960835,0.0035671819262782,502.0379146919431,673.9903846153846,1.926540284360189,0.0471567267683772,632.4651162790698,376.6180758017493,1.6686046511627908,0.0127952755905511,640.673,448.0318091451292,3.561,0.0061491160645657,423.5123839009288,504.8531684698609,2.30030959752322,0.0047687172150691,549.4343240651965,617.9885057471264,2.135186960690316,0.0341555977229601,515.9843444227006,477.5147928994083,1.653620352250489,0.0065727699530516,376.9092627599244,530.6994328922495,1.7996219281663517,0.0093457943925233,416.9433962264151,667.5849056603773,1.3754716981132076,0.001002004008016,752.8232931726908,648.6973947895791,4.92570281124498,0.0041237113402061,502.4301521438451,547.1074380165289,1.045643153526971,0.0047694753577106,554.5686900958466,655.2076677316294,2.015974440894569,0.0116429495472186,478.6963350785341,625.8534031413612,2.269633507853403,0.0014224751066856,349.05982905982904,445.8119658119658,1.9145299145299144,0.0095808383233532,389.07004830917873,435.544794188862,0.9516908212560388,0.0094212651413189,598.2228260869565,367.1739130434783,0.9565217391304348,0.0067911714770797,287.21649484536084,225.3061224489796,1.6597938144329898,0.0,280.3990024937656,476.7082294264339,1.4563591022443891,8,0,0,0.03995541773991329
85,202410,25,0,0.0044101433296582,428.533185840708,346.16407982261643,2.9623893805309733,0.0033271719038817,604.0074128984432,780.0,1.2876204595997034,0.0131880733944954,789.9372822299651,981.7674418604652,1.7700348432055748,0.0015128593040847,681.7621951219512,638.4939759036145,2.3978658536585367,0.0109717868338558,532.5949367088608,439.04761904761904,1.0696202531645569,0.0043209876543209,480.7332506203474,509.1449814126394,2.012406947890818,0.0066666666666666,600.2637362637363,728.0487804878048,2.763125763125763,0.0104031209362808,572.2513089005236,523.2189973614776,6.806282722513089,0.0207468879668049,743.7899159663865,201.02564102564105,1.0084033613445378,0.0065075921908893,448.1659388646288,463.10043668122273,3.941048034934498,0.0096153846153846,623.3009708737864,579.2787794729543,1.389736477115118,0.0043321299638989,536.7503628447025,596.1739130434783,3.0391872278664733,0.0028422548555187,460.0018975332068,390.5423406279734,0.5028462998102466,0.0124596215966774,488.91121495327104,622.1383177570093,1.9766355140186915,0.0022341376228775,721.0968609865471,610.4651162790698,1.8475336322869955,0.0132408575031525,398.9411764705882,552.5670498084291,1.867007672634271,0.0103896103896103,348.63517060367457,551.3385826771654,1.1443569553805777,0.0,634.7142857142857,679.665071770335,1.3928571428571428,0.0251046025104602,438.7988505747126,527.1794871794872,1.8103448275862069,0.0210166177908113,852.24,935.5932203389832,2.606,0.0061349693251533,759.3230769230769,686.4705882352941,1.0461538461538462,0.0014409221902017,1101.8443804034582,1196.0693641618498,1.823246878001921,0.0235849056603773,641.0,605.4335260115607,0.9127906976744186,0.0056285178236397,506.711320754717,493.13396226415097,1.558490566037736,0.0114503816793893,569.121387283237,568.3172147001934,1.556840077071291,0.0019920318725099,693.2375249500998,914.6746506986028,1.5489021956087825,0.002056202878684,492.8060522696011,619.2592592592592,0.9243466299862448,0.012718600953895,300.7741935483871,384.887459807074,1.7096774193548387,0.0142671854734111,479.1657894736842,375.6315789473685,2.394736842105264,0.0028860028860028,2681.043478260869,2405.722543352601,8.02608695652174,0.0361010830324909,518.0325,516.209476309227,0.7775,0.0224274406332453,535.7061994609164,350.72162162162164,2.159029649595688,0.0468497576736672,372.7272727272728,403.617747440273,3.5622895622895623,0.0074441687344913,434.7,296.55,2.24,10,0,0,0.11389145268388867
86,202410,26,0,0.0075282308657465,345.3333333333333,619.1521197007481,2.246153846153846,0.0039421813403416,639.2300263388938,733.1101321585903,1.6391571553994733,0.007313829787234,521.8577127659574,576.1943319838057,1.7912234042553192,0.0027881040892193,338.803738317757,365.0185873605948,1.7271028037383178,0.0137693631669535,309.219512195122,405.3146853146853,1.2369337979094075,0.0045283018867924,492.8221225710015,512.7692307692307,3.071748878923767,0.0037537537537537,478.4,408.7730061349693,4.155555555555556,0.0,339.7427652733119,253.9449541284404,4.282958199356913,0.0,219.9449541284404,258.1651376146789,0.7798165137614679,0.0014005602240896,436.5168539325843,392.2689075630252,2.039325842696629,0.0073409461663947,726.2790697674419,806.439024390244,4.1843853820598005,0.0026572187776793,822.7253141831238,1145.5887521968366,5.423698384201077,0.0011641443538998,332.16783216783216,418.46153846153845,0.4988344988344988,0.0065897858319604,363.4596685082873,381.3716814159292,2.2,0.0031578947368421,588.5717321997874,535.4039874081847,1.5781083953241233,0.0054815974941268,460.4675118858954,383.1924882629108,1.3518225039619651,0.0026737967914438,540.5844504021447,418.55227882037536,0.8364611260053619,0.0,327.90697674418607,587.4098360655738,0.893687707641196,0.0093808630393996,739.0909090909091,433.4090909090909,1.5265151515151516,0.0070546737213403,886.9801401869158,870.0336134453781,5.202102803738318,0.0020597322348094,521.7793814432989,433.3884297520661,2.0762886597938146,0.0054054054054054,449.7303102625298,457.5550122249389,3.32219570405728,0.0195177956371986,470.54988399071925,372.6241134751773,1.1693735498839908,0.0074074074074074,396.7493796526055,355.96009975062344,2.501240694789082,0.0023529411764705,402.5505882352941,326.2411347517731,1.3011764705882354,0.0,542.1787564766839,583.6363636363636,1.6295336787564767,0.0045385779122541,491.8680981595092,547.9518072289156,1.142638036809816,0.003976143141153,204.73705179282868,551.52,2.47011952191235,0.0187207488299532,482.2929936305732,235.04761904761904,2.0191082802547773,0.0054446460980036,395.7230215827338,448.44444444444446,3.384892086330935,0.0115273775216138,890.0087209302326,613.6842105263158,2.9186046511627906,0.0025773195876288,494.2120418848168,494.8061224489796,2.0287958115183247,0.0034246575342465,434.9428571428571,549.933774834437,1.9928571428571429,0.0080321285140562,335.1219512195122,227.9032258064516,1.08130081300813,8,0,0,0.053668566507177995
87,202410,27,0,0.0124293785310734,428.7096774193548,781.9090909090909,3.184331797235023,0.0051660516605166,682.8939169139466,815.9643916913947,1.3991097922848663,0.003562945368171,656.3325387365912,784.9344457687723,1.1513706793802143,0.0007923930269413,418.7716535433071,429.5846645367412,1.5133858267716536,0.0121396054628224,643.2116564417178,593.3538461538461,0.8251533742331288,0.0041039671682626,666.8406593406594,567.7747252747253,1.574175824175824,0.0058670143415906,681.4736842105264,665.7254901960785,2.8789473684210525,0.0040485829959514,986.921409214092,666.3414634146342,3.5718157181571817,0.0206185567010309,427.5154639175258,263.8709677419355,1.309278350515464,0.0034129692832764,487.3636363636364,459.6330275229358,1.875,0.0067934782608695,600.1648351648352,970.3814713896458,1.4162087912087913,0.0051094890510948,1027.0264705882353,998.7408491947292,3.710294117647059,0.0005417118093174,573.1818181818181,533.9413680781759,0.7034632034632035,0.0024319066147859,437.537109375,465.04381694255113,1.78515625,0.001401214385801,466.4812382739212,578.0037313432836,1.6669793621013134,0.0067934782608695,585.0672153635117,506.8485675306958,1.384087791495199,0.0025445292620865,457.9162436548223,653.3846153846154,0.4949238578680203,0.0026041666666666,705.974025974026,681.4173228346457,1.0727272727272728,0.0102941176470588,471.4285714285714,566.5281899109792,0.8779761904761905,0.0056584362139917,790.5154639175257,822.4299065420561,1.190721649484536,0.0015661707126076,587.0015698587127,774.1692789968652,1.4740973312401884,0.0034705007436787,1108.568588469185,1013.00796812749,2.604373757455269,0.0157232704402515,380.2145922746781,661.2684989429175,1.8004291845493563,0.0028382213812677,526.1178707224335,807.7272727272727,1.6045627376425855,0.0048543689320388,384.140625,393.80116959064327,1.248046875,0.0029880478087649,668.756,548.9820359281437,1.19,0.0027605244996549,661.5767634854772,638.4764542936288,1.9128630705394192,0.0083333333333333,612.2818791946308,729.2929292929293,1.3187919463087248,0.0128865979381443,653.3645833333334,887.434554973822,2.013020833333333,0.0,720.3571428571429,750.1785714285714,1.6696428571428572,0.0023310023310023,595.8236658932715,757.6941176470589,0.7424593967517401,0.0039630118890356,627.4627659574468,661.5873015873016,1.452127659574468,0.0,886.551724137931,763.7113402061856,1.8,0.0,485.1575931232092,610.6896551724138,0.8624641833810889,8,0,0,0.035252950022306995
88,202410,28,0,0.0044444444444444,692.6169265033408,432.751677852349,4.124721603563474,0.0027440219521756,383.18617439120186,570.1180173092054,1.5318146111547526,0.0052447552447552,586.7854630715123,535.6440281030445,1.7807737397420869,0.0041356492969396,211.38538205980063,272.3920265780731,1.787375415282392,0.0096618357487922,511.28246753246754,464.5602605863192,0.8863636363636364,0.0054982817869415,495.88965517241377,617.202216066482,1.543448275862069,0.0123136746597537,474.0183246073298,478.2631578947368,2.149214659685864,0.0054347826086956,1057.5537190082644,971.3821138211382,2.2672176308539944,0.0643776824034334,1668.440366972477,902.7522935779816,2.9357798165137616,0.0033745781777277,503.29571106094807,390.6094808126411,2.799097065462754,0.0077410274454609,449.6170212765957,558.9787234042553,1.6709219858156028,0.0089086859688195,522.3924812030075,668.1492537313433,3.842105263157895,0.0027593818984547,331.3651498335184,301.2582781456954,0.832408435072142,0.0080492424242424,276.8408007626311,299.2543021032505,1.80648236415634,0.0018587360594795,544.3389199255121,641.3966480446927,1.6340782122905029,0.0123034859876965,603.8196948682386,592.7900552486187,1.3425797503467407,0.0038119440914866,341.98473282442745,291.56010230179027,0.5292620865139949,0.00625,325.6060606060606,453.98496240601503,1.323232323232323,0.0214899713467048,397.6093294460641,502.4117647058824,1.4431486880466473,0.0132856412876852,593.838174273859,704.7983453981386,2.0881742738589213,0.0070257611241217,1055.6985871271586,1084.818897637795,3.52276295133438,0.0009803921568627,745.2693437806073,634.2182890855457,2.933398628795299,0.015495867768595,454.5378151260504,409.811320754717,1.9705882352941173,0.0039960039960039,367.3293172690763,341.122244488978,2.3855421686746987,0.0080645161290322,416.6219512195122,353.5365853658537,2.046747967479675,0.0030895983522142,472.2995867768595,417.8698347107438,1.1921487603305785,0.0028188865398167,408.97312588401695,436.4406779661017,1.0707213578500707,0.0032948929159802,333.97350993377484,484.35643564356434,1.4337748344370862,0.0104166666666666,421.4421052631579,282.9421052631579,1.947368421052632,0.0042979942693409,766.7241379310345,598.2708933717579,2.560344827586207,0.0096735187424425,434.1295843520782,379.7560975609756,0.8141809290953546,0.0013315579227696,516.281914893617,423.048128342246,1.4069148936170213,0.0119453924914675,411.280276816609,246.41379310344828,1.055363321799308,0.0026007802340702,335.27272727272725,338.9528795811518,2.2285714285714286,8,0,0,0.056781121485710906
89,202410,29,0,0.0047337278106508,312.8878281622912,337.9620853080569,3.8902147971360383,0.0058972198820556,551.6638370118845,507.51269035532994,2.5415959252971136,0.0028129395218002,399.77259887005647,330.76056338028167,2.470338983050848,0.0048123195380173,252.2038834951456,206.7052023121388,2.2932038834951456,0.0077071290944123,350.09302325581393,483.50194552529183,0.8643410852713178,0.0030487804878048,283.6907692307692,346.048632218845,2.526153846153846,0.007710100231303,546.6791277258567,271.8139534883721,2.3426791277258565,0.0161290322580645,646.981884057971,387.25274725274727,2.2572463768115942,0.0607476635514018,1668.6565656565656,2596.470588235294,0.7777777777777778,0.00119189511323,265.4066985645933,288.85714285714283,2.8564593301435406,0.0136986301369863,239.7058823529412,611.7647058823529,1.411764705882353,0.0048076923076923,354.7692307692308,435.6116504854369,2.45,0.0017953321364452,139.56989247311827,209.0252707581228,0.7168458781362007,0.0083240843507214,449.69809203142535,435.4475446428572,2.473625140291807,0.002679528403001,316.7049356223176,257.7610333692142,1.7285407725321889,0.0414110429447852,271.4224,363.936,1.768,0.0086705202312138,324.1399416909621,379.24198250728864,0.314868804664723,0.0059612518628912,203.82089552238807,169.51807228915663,1.537313432835821,0.0375426621160409,153.61702127659575,162.12765957446808,1.680851063829787,0.0035149384885764,356.03395784543324,381.038961038961,1.949648711943794,0.0041450777202072,342.375,419.00207900207903,1.4645833333333331,0.0057770075101097,199.48777648428404,217.03016241299304,1.9103608847497089,0.0209545983701979,447.5059382422803,540.0,2.57957244655582,0.007125890736342,293.90453460620523,224.74820143884887,2.0334128878281623,0.0121654501216545,198.2800982800983,249.77777777777777,1.7764127764127764,0.0,245.0142517814727,407.57142857142856,1.5273159144893111,0.0009115770282588,237.37226277372264,332.18978102189783,1.0912408759124088,0.0115606936416184,253.5408560311284,353.203125,1.5330739299610896,0.0060514372163388,342.72727272727275,274.1284403669725,1.8727272727272728,0.0035087719298245,232.18309859154928,206.4084507042253,2.433098591549296,0.0063897763578274,197.3376205787781,493.3118971061093,0.4437299035369775,0.0067024128686327,280.34864864864863,231.91374663072776,1.908108108108108,0.0017985611510791,330.54151624548734,240.863309352518,1.736462093862816,0.0104166666666666,219.8425196850393,215.14511873350924,1.015748031496063,8,0,0,0.10139786983554411
90,202410,30,0,0.0082938388625592,331.2918660287081,454.0811455847256,2.2583732057416266,0.0033769523005487,489.618966977138,480.8135593220339,2.5529212531752754,0.0069252077562326,455.1827057182706,471.3807531380753,2.326359832635984,0.0074626865671641,573.6448598130842,506.06994328922497,3.986915887850467,0.0112570356472795,552.5909090909091,362.9657794676806,0.7007575757575758,0.0052790346907993,386.0681818181818,286.25189681335354,1.9075757575757573,0.0060744115413819,316.16438356164383,248.19018404907976,2.0837138508371384,0.0176565008025682,412.1042345276873,346.0327868852459,2.980456026058632,0.125,855.8828828828829,682.8318584070796,3.7387387387387374,0.0047281323877068,260.5225653206651,317.3871733966746,1.980997624703088,0.0056044835868694,458.2958199356913,439.5483870967742,2.257234726688103,0.000871839581517,598.3846153846154,635.8536585365854,2.7202797202797204,0.0060024009603841,354.20410628019323,317.7536231884058,1.0229468599033815,0.0068241469816272,777.5528541226215,750.9513742071881,5.3012684989429175,0.0046948356807511,492.21533613445376,485.02092050209205,2.635504201680672,0.0129969418960244,276.6894409937888,221.2673879443585,1.7670807453416149,0.0014409221902017,289.3554913294798,278.7319884726225,0.9884393063583816,0.0074074074074074,367.3652694610778,359.6428571428572,1.464071856287425,0.0237691001697792,281.18466898954705,278.5416666666667,2.4041811846689893,0.0109636468551644,404.38739789965,355.3792298716453,1.823803967327888,0.0040733197556008,386.7484662576687,434.1104294478528,1.8957055214723928,0.0034502587694077,526.1431870669746,399.6539792387544,2.1096997690531176,0.0128354725787631,330.63829787234044,369.645390070922,1.3215130023640662,0.0046136101499423,356.9675174013921,403.8888888888889,2.593967517401392,0.0095808383233532,344.3478260869565,223.43825665859563,2.0603864734299515,0.0011764705882352,1183.9834905660375,542.6823529411764,9.537735849056604,0.0060763888888888,324.6108202443281,356.74825174825173,1.1064572425828971,0.005736137667304,354.2576923076923,763.3846153846154,1.3269230769230769,0.0059347181008902,443.1369047619048,277.7245508982036,2.7410714285714284,0.003454231433506,450.5190311418685,417.5,3.311418685121107,0.0242792109256449,364.146875,423.1578947368421,0.7875,0.0027586206896551,318.51657458563534,206.59279778393352,2.303867403314917,0.0107913669064748,284.2335766423358,284.1304347826087,1.448905109489051,0.001310615989515,272.2834645669291,222.8346456692913,0.7979002624671916,8,0,0,0.0989382211476747
91,202410,31,0,0.0139049826187717,307.4647887323944,248.18823529411765,3.0305164319248825,0.011731581417175,1265.7148288973383,1061.4421252371917,5.084600760456274,0.0073260073260073,681.5920471281296,540.2662721893491,2.170839469808542,0.0046125461254612,623.7546468401487,691.4972273567467,2.537174721189591,0.0132827324478178,900.7325581395348,690.2290076335878,1.193798449612403,0.0031923383878691,332.3488,321.0576923076923,1.224,0.0089219330855018,512.9353383458647,451.7964071856288,2.305263157894737,0.0146788990825688,539.9365671641791,415.53903345724905,2.399253731343284,0.1233480176211453,2517.029702970297,2382.244897959184,4.366336633663367,0.0051020408163265,352.0485933503836,424.0102827763496,1.7314578005115089,0.04765625,1737.8396072013093,1594.342105263158,11.877250409165304,0.0085877862595419,627.7011494252873,503.09477756286265,2.6053639846743293,0.0037998733375554,449.62025316455697,383.83141762452107,0.9468354430379748,0.0076586433260393,405.3303964757709,445.7615894039735,2.814977973568282,0.00119189511323,533.2308612440191,510.07142857142856,2.1495215311004783,0.0088495575221238,452.8543689320388,400.9446254071661,1.847896440129449,0.0114122681883024,781.0374639769452,537.2254335260116,1.5360230547550433,0.0,653.2710280373832,764.012539184953,2.616822429906542,0.0204778156996587,454.6968641114983,567.3867595818815,3.048780487804878,0.0128283445326817,522.9231722428749,690.778739184178,1.8314745972738533,0.0049407114624505,799.4820717131474,545.7029702970297,2.1573705179282867,0.0160237388724035,916.6787003610108,602.9746070133011,2.489771359807461,0.0158730158730158,362.53731343283584,381.5049504950495,1.5895522388059702,0.0073529411764705,575.8064516129032,619.2800982800983,2.3076923076923075,0.0108433734939759,553.8973105134475,324.1747572815534,2.312958435207824,0.0,652.2743142144639,705.86,1.6907730673316708,0.0042229729729729,586.8826530612245,549.6446700507614,1.119047619047619,0.0080321285140562,316.5182186234818,344.9392712550607,1.0202429149797572,0.0058737151248164,441.9642857142857,325.8651026392962,1.8511904761904765,0.0071301247771836,564.7885304659499,511.7194244604317,1.82078853046595,0.0303030303030303,818.2288828337875,633.0081300813008,1.021798365122616,0.0042857142857142,394.3696275071633,354.3103448275862,1.2951289398280803,0.0069808027923211,523.578947368421,516.1267605633802,1.2175438596491228,0.0026845637583892,371.1590296495957,352.741935483871,0.6900269541778976,8,0,0,0.07558377369082847
92,202411,1,0,0.0165745856353591,879.8561797752809,839.3258426966293,3.006741573033708,0.0074862096138691,709.0849880857824,690.6190476190476,2.8379666401906274,0.0140679953106682,662.0332936979786,666.7776456599287,2.719381688466112,0.0025167785234899,486.7364864864865,534.572864321608,2.29222972972973,0.0144230769230769,608.8446601941747,880.1960784313726,0.8446601941747572,0.0041580041580041,414.03337969401946,452.6740947075209,1.866481223922114,0.0189171559034572,452.1278295605859,442.2310756972112,3.366178428761651,0.0071225071225071,677.2159090909091,474.60869565217394,4.4602272727272725,0.0622222222222222,796.0188679245283,897.1428571428571,1.2641509433962264,0.006787330316742,513.469387755102,383.7528604118993,2.7369614512471654,0.0117388114453411,534.7477744807121,629.0638930163448,2.1038575667655786,0.0049916805324459,698.9530201342282,685.5,2.3573825503355703,0.0038525041276829,386.1095132743363,363.7086092715232,0.9336283185840708,0.0121654501216545,272.5270935960591,414.85320197044337,2.302463054187192,0.0091478093403948,473.9825242718447,564.8054474708172,1.305825242718447,0.0124309392265193,537.9087078651686,596.5738161559889,1.7008426966292134,0.0051282051282051,549.2139175257732,686.1340206185567,0.7628865979381443,0.0038265306122448,439.84615384615387,551.0485933503836,2.2948717948717947,0.0186781609195402,283.8445747800587,498.9473684210527,1.9442815249266865,0.0162684290798169,410.0103412616339,458.801652892562,1.7776628748707342,0.0117924528301886,495.09554140127386,455.2941176470589,1.1815286624203822,0.0162162162162162,506.54654654654655,578.2253240279163,3.033033033033033,0.0187304890738813,282.58474576271186,326.2420382165605,1.478813559322034,0.0071501532175689,358.3299180327869,347.8512396694215,1.7520491803278688,0.0132382892057026,594.8683127572017,410.0621118012422,2.374485596707819,0.0041365046535677,460.6029106029106,627.9979253112033,1.5363825363825363,0.0056777856635912,664.4878397711016,687.008547008547,0.9814020028612304,0.021311475409836,383.8552188552189,638.6,1.9663299663299665,0.021505376344086,412.6539509536785,411.6897506925208,2.114441416893733,0.0044378698224852,562.7893175074184,550.1785714285714,2.798219584569733,0.0145985401459854,597.320197044335,531.5346534653465,1.022167487684729,0.0039113428943937,400.9319371727749,338.065445026178,1.513089005235602,0.0068728522336769,565.5363321799308,410.8650519031142,2.349480968858132,0.0025806451612903,285.54404145077723,287.90697674418607,2.0440414507772022,8,0,0,0.01154083471835543
93,202411,2,0,0.0025974025974025,310.7953367875648,274.3979057591623,2.101036269430052,0.0088731144631765,642.7280071813285,495.5357142857143,3.1714542190305206,0.0065359477124183,537.4491279069767,599.8235294117648,2.729651162790698,0.0047846889952153,285.5769230769231,305.88461538461536,2.8,0.0122807017543859,279.375,460.70671378091873,1.0571428571428572,0.003392705682782,202.15384615384616,250.271186440678,1.4683760683760685,0.0144578313253012,370.9869918699187,286.27450980392155,2.915447154471545,0.0074349442379182,391.578947368421,404.1044776119403,2.9511278195488724,0.0272727272727272,772.7169811320755,686.1111111111111,0.660377358490566,0.0029239766081871,280.4117647058824,267.0175438596491,2.1029411764705883,0.0077452667814113,424.263431542461,539.1666666666666,3.126516464471404,0.0041067761806981,488.7210743801653,415.1851851851852,3.1404958677685952,0.0042424242424242,196.5359317904994,276.56934306569343,1.176613885505481,0.0092165898617511,513.9767441860465,498.8372093023256,3.806976744186047,0.0045019696117051,559.969387755102,522.8184892897407,1.9206349206349207,0.0073649754500818,318.5973597359736,368.2042833607908,1.5165016501650166,0.0013440860215053,446.1698113207547,491.9354838709677,0.9299191374663072,0.0034246575342465,366.82758620689657,250.06849315068493,2.406896551724138,0.0153550863723608,287.2093023255814,416.2352941176471,1.802325581395349,0.0079268292682926,356.32802937576497,384.2962962962963,2.8078335373317014,0.0031914893617021,340.7234042553192,348.8222698072805,2.7893617021276595,0.0012445550715619,421.2686567164179,384.3445692883895,2.771144278606965,0.0167064439140811,369.7810218978102,471.2832929782082,1.535279805352798,0.0050761421319796,347.1918158567775,504.42748091603056,2.030690537084399,0.0060532687651331,278.1951219512195,424.963503649635,1.8609756097560977,0.0013245033112582,391.9654255319149,313.6507936507937,2.6941489361702127,0.0023255813953488,349.32868217054266,370.6542056074766,1.573643410852713,0.0041322314049586,221.82572614107883,332.61410788381744,1.6265560165975104,0.0243506493506493,422.11,469.63455149501664,1.9266666666666667,0.0056390977443609,346.188679245283,132.5,3.0037735849056606,0.0211565585331452,570.1547277936962,417.9130434782609,1.154727793696275,0.0039525691699604,223.0211081794195,197.3395225464191,1.920844327176781,0.0109289617486338,494.8708487084871,407.86764705882354,1.4575645756457565,0.0,206.86192468619248,268.0,1.661087866108787,8,0,0,0.048355859235933996
94,202411,3,0,0.0022857142857142,417.6497695852535,559.9544419134396,2.652073732718894,0.0409741012756088,2547.2841000807102,2402.31884057971,8.188861985472155,0.0087616822429906,842.956572769953,781.1360946745563,3.792253521126761,0.0089649551752241,851.9607843137255,725.2649006622516,5.459150326797386,0.0,726.096463022508,752.7096774193549,1.7041800643086815,0.0055710306406685,463.2923076923077,426.984572230014,2.0727272727272728,0.0143322475570032,622.875,650.6964520367937,2.9069148936170213,0.0058224163027656,692.3489736070381,646.8421052631579,2.6451612903225805,0.0048780487804878,711.7281553398059,553.0693069306931,0.3689320388349514,0.0081018518518518,564.7552447552448,555.7009345794393,2.1305361305361306,0.0088365243004418,989.6888888888888,1015.7973174366616,2.3214814814814817,0.0042301184433164,699.4677966101694,592.9471890971039,3.3610169491525426,0.0070999453850355,701.934065934066,681.079295154185,2.8846153846153846,0.0091743119266055,927.8080313418218,1004.654704170708,5.366307541625857,0.0028625954198473,880.8452722063038,823.489932885906,2.9197707736389686,0.0192572214580467,734.1218487394958,470.7303370786517,1.992997198879552,0.0075566750629722,719.3576826196473,705.5754475703325,1.9445843828715368,0.0013037809647979,962.8125,916.4921465968588,2.4921875,0.0221169036334913,493.8187702265372,534.9677419354839,2.501618122977346,0.0081218274111675,633.603076923077,561.7568947906027,2.790769230769231,0.009367681498829,622.662440570523,570.282131661442,3.890649762282092,0.0079051383399209,600.6593406593406,474.87586891757695,2.7722277722277724,0.0064377682403433,652.0,597.7874186550977,2.518279569892473,0.020242914979757,947.719587628866,827.9399585921325,3.3649484536082475,0.0070210631895687,545.6969696969697,525.6969696969697,2.327272727272727,0.0010741138560687,1634.9271948608136,1061.425485961123,6.605995717344753,0.0014134275618374,590.2840909090909,576.5585331452751,1.8977272727272727,0.0016806722689075,640.2491582491582,790.7070707070707,2.124579124579125,0.0039946737683089,624.6505376344086,877.1808510638298,2.2016129032258065,0.0058479532163742,726.3343108504399,520.70796460177,3.0879765395894427,0.0103448275862068,463.44083526682135,468.9767441860465,1.4547563805104409,0.0199468085106383,318.4141689373297,238.0540540540541,1.667574931880109,0.0067226890756302,326.8474576271187,386.7567567567568,2.332203389830509,0.0083798882681564,441.4044943820225,415.2542372881356,2.289325842696629,1,0,0,0.04597722867077203
95,202411,4,0,0.0022650056625141,359.59090909090907,404.21768707482994,2.786363636363636,0.2764456981664316,6288.909867172675,4297.935871743487,38.57210626185958,0.0648929266709928,1039.0625869262865,795.207756232687,2.6884561891515992,0.0092748735244519,627.6064735945486,661.0544217687075,3.1737649063032367,0.024263431542461,921.7580071174376,918.5106382978724,1.3060498220640568,0.0036764705882352,385.4925816023739,416.2995594713656,2.332344213649852,0.0187667560321715,609.953488372093,420.0,4.4993160054719565,0.0128824476650563,612.2368421052631,338.4466019417476,2.161184210526316,0.0227272727272727,1043.6666666666667,505.7943925233645,1.9814814814814807,0.0081395348837209,531.6312056737588,470.9302325581396,3.4728132387706854,0.0867952522255192,1141.172638436482,1130.5672609400324,3.783387622149837,0.0119352088661551,675.4888507718697,612.9166666666666,3.449399656946827,0.0083892617449664,781.6968325791855,833.7232845894263,2.289592760180996,0.022964509394572,989.2420042643924,901.6702355460384,3.78997867803838,0.0066838046272493,1006.1554404145078,690.9286452947259,2.5927461139896373,0.0403337969401947,475.6298984034833,497.8871201157742,2.1291727140783743,0.111377245508982,648.9173333333333,437.0027247956404,1.354666666666667,0.0237741456166419,2776.1128526645766,1623.905325443787,25.84326018808777,0.062700964630225,934.3356164383562,678.7628865979382,4.037671232876712,0.0131075914800655,638.5951327433628,691.0299003322259,2.3860619469026547,0.0147697654213727,995.0862676056338,665.9363957597174,1.9348591549295773,0.030031612223393,493.217011995638,431.75324675324674,3.0817884405670664,0.0245202558635394,590.2450765864332,491.528384279476,1.6608315098468271,0.0724946695095948,1226.338747099768,1228.8086560364466,4.238979118329467,0.0326315789473684,725.1934782608696,551.7647058823529,2.6021739130434782,0.005787037037037,1593.4672897196265,1395.3132250580047,5.885514018691588,0.0037965072133637,587.0444104134763,592.98937784522,1.8116385911179167,0.025830258302583,604.7547169811321,510.3422053231939,1.8641509433962264,0.0297699594046008,597.2972222222222,505.88235294117646,2.077777777777778,0.0096153846153846,607.25,623.0322580645161,2.821428571428572,0.0111801242236024,472.4911838790932,306.61654135338347,1.4231738035264485,0.0244530244530244,445.1662269129288,338.311345646438,2.548812664907652,0.0217391304347826,252.6530612244898,334.4329896907216,2.2108843537414966,0.0127226463104325,535.6589147286821,468.89460154241647,3.359173126614987,6,0,0,0.1803206179995902
96,202411,5,0,0.014388489208633,377.5474452554744,270.8029197080292,3.732360097323601,0.115289460663038,928.4081871345028,1113.3118971061094,1.95906432748538,0.0246031746031746,482.94959349593495,497.2964169381107,2.5284552845528454,0.0075187969924812,778.8466522678186,526.351409978308,2.7300215982721383,0.0186335403726708,506.516806722689,367.8813559322034,1.7436974789915969,0.0077989601386481,431.9789842381786,334.18118466898954,1.8353765323993,0.0128824476650563,385.29918699186993,265.6301145662848,2.391869918699187,0.009925558312655,322.61306532663315,609.6,2.57286432160804,0.0225225225225225,367.61682242990656,252.54545454545453,1.3271028037383177,0.0098887515451174,377.0149253731343,358.94736842105266,4.291044776119403,0.0449826989619377,1515.7553956834531,1412.4087591240875,5.196043165467626,0.0076419213973799,404.3606194690266,451.7724288840263,4.29424778761062,0.0053368912608405,646.4245660881174,435.2830188679245,1.917222963951936,0.0143712574850299,854.3373786407767,629.8540145985402,4.537621359223301,0.0077844311377245,640.7958937198067,702.8468033775633,3.239130434782609,0.0403433476394849,297.720640569395,269.5647482014389,1.8523131672597863,0.0508701472556894,703.8413597733711,412.5842696629214,1.4164305949008498,0.0121317157712305,635.7491408934708,1850.1075268817203,2.77319587628866,0.0628803245436105,949.3162393162391,865.0,11.2991452991453,0.0252365930599369,354.36129032258066,376.75324675324674,2.19483870967742,0.0091324200913242,424.147465437788,360.8294930875576,4.313364055299539,0.0180910792264504,467.2081218274112,341.5267175572519,3.4758883248730963,0.034134007585335,591.1844155844155,451.1873350923483,2.085714285714286,0.0343878954607978,852.0056657223796,722.5787965616046,2.946175637393768,0.0237762237762237,353.7650429799427,223.49570200573064,1.9541547277936964,0.0053404539385847,657.7667560321715,967.0967741935484,2.351206434316354,0.0068493150684931,460.6046966731898,430.4761904761905,1.4246575342465753,0.0242290748898678,205.63636363636363,302.69058295964123,1.9227272727272728,0.0125588697017268,469.8126984126984,449.04458598726114,3.0126984126984127,0.003976143141153,274.5748031496063,225.1821862348178,2.468503937007874,0.0016260162601626,270.35598705501616,269.9016393442623,1.4854368932038835,0.0066050198150594,461.6063829787234,456.2872340425532,1.800531914893617,0.0090579710144927,274.1304347826087,145.46125461254613,3.8260869565217392,0.0049627791563275,425.3731343283582,566.85,2.1592039800995027,8,0,0,0.09566885361072885
97,202411,6,0,0.0011976047904191,816.3461538461538,851.6267942583733,9.276442307692308,0.003638017280582,596.15,508.3776351970669,0.93,0.0129427792915531,972.9198895027624,591.8896551724138,2.564917127071823,0.0075046904315197,1047.0037807183364,555.1984877126654,3.0094517958412097,0.0057142857142857,460.2452107279693,485.5172413793104,1.628352490421456,0.000801282051282,533.8669871794872,552.5200642054575,2.3028846153846154,0.0053394355453852,399.3030769230769,350.91743119266056,1.8169230769230769,0.0059171597633136,375.1541501976285,399.6812749003984,3.1739130434782608,0.0131578947368421,224.5446428571429,182.6548672566372,0.8482142857142857,0.0035671819262782,634.3675417661098,508.6396181384248,3.804295942720764,0.0113544201135442,714.7611202635915,675.1960784313726,1.71499176276771,0.0018761726078799,533.906015037594,500.6390977443609,3.6447368421052633,0.0018083182640144,617.5060532687652,427.2289156626506,1.4951573849878934,0.0066042927903137,1880.9623059866965,1936.2126245847176,4.901330376940133,0.0042826552462526,574.1530172413793,492.7467811158799,1.7133620689655171,0.0717455621301775,494.6140350877193,356.2738853503185,1.6555023923444976,0.0025906735751295,912.4571428571428,756.7792207792207,1.3974025974025974,0.0045731707317073,528.5889570552147,622.9357798165138,1.6441717791411044,0.0145985401459854,481.9925925925926,577.7777777777778,1.5629629629629629,0.0071471113758189,507.39615846338535,505.6834532374101,2.446578631452581,0.0143737166324435,857.1428571428571,809.559748427673,3.559006211180124,0.0069484655471916,489.80163360560095,547.9020979020979,2.29171528588098,0.0163742690058479,955.417661097852,885.781990521327,1.4534606205250598,0.0121951219512195,862.4901477832512,801.6732673267327,3.1379310344827585,0.0025157232704402,470.0,383.5768261964736,2.0934343434343434,0.0023923444976076,817.6396181384248,575.9783132530121,1.3484486873508352,0.0044326241134751,602.1352313167259,445.0267379679144,2.704626334519573,0.0,366.1475409836066,405.8091286307054,1.4262295081967211,0.0015015015015015,659.5705705705706,685.843373493976,1.576576576576577,0.0,850.5633802816901,686.9473684210526,4.147887323943662,0.0087082728592162,548.1860465116279,397.5221238938053,1.9680232558139528,0.0067567567567567,427.5340599455041,367.82608695652175,1.4795640326975477,0.003610108303249,608.4782608695652,680.6521739130435,6.344202898550725,0.0,311.05651105651106,212.4205378973105,2.201474201474201,8,0,0,0.06531310112881794
98,202411,7,0,0.0434310532030401,3401.3868778280544,2220.8200455580863,3.828054298642534,0.0104796453043127,1685.9380603096984,1395.5374592833875,4.791361043194784,0.0243488108720271,1139.9524361948957,1036.6550522648083,2.5556844547563804,0.0032232070910556,822.8896103896104,801.5458937198067,4.102272727272728,0.0015698587127158,683.433962264151,683.2075471698113,1.6320754716981132,0.0113394755492558,686.3576537911301,663.7931034482758,1.6566523605150214,0.0019867549668874,504.8204787234043,423.4966887417218,2.163563829787234,0.0016233766233766,517.6699029126214,533.1372549019608,2.521035598705501,0.0088495575221238,668.3185840707964,570.2702702702703,0.9380530973451328,0.0045558086560364,912.3006833712984,894.6206896551724,3.9863325740318905,0.0108225108225108,1094.122807017544,1075.8078602620087,2.738304093567252,0.0044182621502209,762.8859259259259,1113.6779911373708,3.025185185185185,0.0016666666666666,715.2825361512791,630.2004454342984,1.442714126807564,0.0063569682151589,1944.9960552268244,1922.5343811394887,3.4191321499013805,0.0043186180422264,737.3490838958534,684.9132947976879,1.1321118611378975,0.0348122866894198,805.4172560113154,697.086280056577,1.7934936350777937,0.0071343638525564,746.3914081145584,1275.7211538461538,1.2171837708830548,0.0013037809647979,1089.0389610389611,988.8188976377952,2.412987012987013,0.0279503105590062,657.5079872204473,679.9361022364217,2.0958466453674123,0.0062176165803108,735.9247648902822,886.6389177939647,2.153605015673981,0.0041322314049586,1920.0993377483444,1603.1281198003328,3.672185430463576,0.0079800498753117,732.3971915747242,776.491935483871,2.038114343029087,0.019108280254777,912.1041214750544,909.719222462203,0.9739696312364424,0.0,1002.6757322175732,901.3571428571428,2.6443514644351462,0.0084210526315789,770.6114649681529,872.9936305732484,1.872611464968153,0.0031678986272439,1061.3446088794926,1100.3821656050957,2.649048625792812,0.0057020669992872,677.9468390804598,902.8326180257512,1.1278735632183907,0.0034423407917383,491.25,641.0309278350516,1.3645833333333333,0.0013140604467805,780.031746031746,721.2565445026178,1.7248677248677249,0.0043668122270742,661.9298245614035,682.9824561403509,1.9444444444444444,0.002283105022831,639.5898617511521,532.6363636363636,1.3525345622119815,0.0240673886883273,337.4926108374384,332.82716049382714,2.41871921182266,0.0119047619047619,364.5360824742268,475.0344827586207,2.0790378006872854,0.0060827250608272,2025.717073170732,1475.6756756756756,3.1439024390243904,1,0,0,0.0907956583592332
99,202411,8,0,0.0245535714285714,1942.695652173913,1388.9244851258582,4.018306636155606,0.2678375411635565,1841.379759519038,1331.7816550348953,7.530060120240481,0.0893592004703115,952.3552123552124,888.1088082901555,2.3101673101673104,0.0914876690533015,706.3339222614841,705.0,2.856890459363957,0.0300157977883096,579.4248366013072,918.5064935064936,0.8496732026143791,0.0072727272727272,461.8640350877193,344.8458149779736,2.200292397660818,0.0263157894736842,460.3724696356275,389.9594046008119,2.3184885290148447,0.0301587301587301,715.672131147541,404.7058823529412,3.783606557377049,0.054054054054054,201.7142857142857,222.28571428571428,0.580952380952381,0.0332568807339449,681.6229116945108,542.4056603773585,3.663484486873508,0.0602836879432624,1016.566265060241,1040.695915279879,3.253012048192771,0.0147569444444444,474.0052631578947,524.6017699115044,3.750877192982456,0.0227149810708491,602.1799116997793,594.6725860155383,1.354304635761589,0.0427408412483039,2548.6129943502824,2745.234708392604,7.879943502824859,0.0081342145399084,780.2202868852459,635.0769230769231,1.709016393442623,0.4523903595416831,555.8728323699422,404.0057636887608,1.630057803468208,0.0528735632183908,477.0776699029127,576.8446601941747,0.7257281553398058,0.0443864229765013,1141.798365122616,905.0958904109588,2.7002724795640325,0.1144492131616595,683.3009708737864,615.8709677419355,1.9255663430420715,0.0291514836022904,709.390139335477,740.1502145922747,2.012861736334405,0.0923076923076923,809.1864406779661,710.9491525423729,2.01864406779661,0.0330537740503206,779.7551020408164,660.0612244897959,2.4479591836734693,0.0421286031042128,729.6287703016242,589.0531177829099,1.1136890951276102,0.1093439363817097,984.489932885906,1055.946547884187,3.1655480984340043,0.0309498399146211,682.2516556291391,644.1758241758242,1.7218543046357615,0.0158910329171396,1237.0299539170508,886.2817551963049,2.1912442396313363,0.0117044623262618,583.3136094674556,603.6444444444444,1.3136094674556211,0.0205128205128205,591.3380281690141,795.5709342560554,1.8380281690140845,0.0187416331994645,728.2853260869565,497.5890410958904,1.875,0.0029895366218236,989.8532934131736,810.0900900900901,2.1167664670658684,0.0035714285714285,582.7033492822967,819.6658711217184,1.2105263157894737,0.063231850117096,478.3341645885287,401.8045112781955,2.002493765586035,0.0631067961165048,360.4152249134948,379.6551724137931,2.27681660899654,0.0145454545454545,587.8817733990148,422.8009828009828,2.3645320197044337,1,0,0,0.14963908963757366
100,202411,9,0,0.0038961038961038,320.5350649350649,457.8534031413613,2.431168831168831,0.0092682926829268,924.630648330059,730.187561697927,2.607072691552063,0.0111275964391691,705.2093373493976,685.2914798206278,2.5993975903614457,0.0209723546234509,588.1398058252428,756.4453125,2.9165048543689323,0.0018621973929236,562.8544776119403,522.5373134328358,0.8880597014925373,0.0055555555555555,432.54477611940297,299.3308550185874,1.5932835820895523,0.0057660626029654,331.2413223140496,365.5813953488372,2.6859504132231407,0.0019342359767891,336.9767441860465,226.27906976744185,2.9302325581395348,0.0331753554502369,154.01980198019805,142.1359223300971,0.495049504950495,0.0045317220543806,373.7764350453172,449.6341463414634,2.175226586102719,0.0098743267504488,431.2159709618875,615.4347826086956,2.442831215970962,0.0085877862595419,710.888246628131,588.1153846153846,2.479768786127168,0.0049566294919454,607.7902621722847,420.4472049689441,3.9975031210986254,0.0202702702702702,1413.0653266331658,1546.107634543179,3.1394472361809047,0.0046376811594202,575.4242424242424,419.4412107101281,2.312354312354312,0.1451973194341027,306.986013986014,498.74131944444446,1.6730769230769231,0.0,379.11764705882354,436.8292682926829,0.9705882352941176,0.0018587360594795,595.5223880597015,503.8661710037175,2.123134328358209,0.0124740124740124,302.2689075630252,583.2911392405064,2.30672268907563,0.0044785668586052,410.5263157894737,354.980694980695,2.291399229781772,0.0248587570621468,458.14385150812063,440.97222222222223,1.2761020881670533,0.0076923076923076,394.1526520051746,500.8258064516129,2.1707632600258733,0.0173267326732673,374.1708542713568,533.4848484848485,1.635678391959799,0.0252100840336134,550.8051575931232,686.3976945244957,2.297994269340974,0.0165289256198347,289.2436974789916,285.21008403361344,2.7282913165266107,0.0043041606886657,523.472463768116,738.9111747851003,2.269565217391305,0.006514657980456,416.5648604269294,552.8641571194763,2.1954022988505746,0.0093240093240093,442.8169014084507,448.8679245283019,2.779342723004695,0.0032679738562091,523.6742671009772,622.7722772277227,2.0618892508143323,0.0019417475728155,388.4824902723735,625.9143968871596,1.6926070038910506,0.0097765363128491,286.0676056338028,421.3559322033898,0.704225352112676,0.0167525773195876,173.3289817232376,264.0,1.0966057441253263,0.011049723756906,315.1672862453532,486.9402985074626,1.6654275092936803,0.0077972709551656,347.52941176470586,711.2598425196851,0.9333333333333332,8,0,0,0.07049460390682016
101,202411,10,0,0.0068181818181818,500.01601830663617,453.9130434782609,7.322654462242563,0.0022927015666794,638.7287356321839,695.145482388974,1.793103448275862,0.0011389521640091,442.4084186575654,521.8285714285714,2.302616609783845,0.0016025641025641,267.37678855325913,374.5867098865478,2.5548489666136724,0.0015455950540958,251.467492260062,327.8637770897833,1.108359133126935,0.003586800573888,392.9985652797705,436.3872832369942,2.4031563845050217,0.006578947368421,413.4761273209549,421.031746031746,2.9350132625994694,0.0,375.1400651465798,395.7654723127036,3.3127035830618894,0.02,99.35353535353536,93.3917525773196,0.3333333333333333,0.0011587485515643,461.2064965197216,609.4663573085846,4.568445475638051,0.0028839221341023,403.9767779390421,598.35734870317,2.3193033381712627,0.0007336757153338,653.5469208211143,457.8529411764706,4.906158357771261,0.002171552660152,478.1679389312977,408.2736156351792,2.267175572519084,0.0072533849129593,495.2091886608016,641.9980582524272,2.075268817204301,0.0004852013585638,553.5199222546162,546.168768186227,2.677356656948494,0.0069930069930069,375.0774647887324,367.4366197183099,2.483098591549296,0.0046403712296983,506.0837209302326,537.7570093457944,1.1209302325581396,0.0038265306122448,781.8320610687023,907.2680412371134,1.9618320610687023,0.0046583850931677,349.2492211838006,381.375,2.560747663551402,0.0076413652572592,494.55806783144914,311.5076923076923,2.8746145940390546,0.0032520325203252,367.3649754500818,505.3658536585366,1.6677577741407528,0.002,534.8192771084338,493.5,2.359437751004016,0.0010834236186348,329.52597402597405,331.30434782608694,1.6883116883116882,0.0041580041580041,458.00835073068896,565.4676409185804,3.8288100208768254,0.0082987551867219,389.989539748954,532.3430962343097,2.776150627615063,0.0021574973031283,471.7564655172414,668.7201735357918,1.5948275862068966,0.0028268551236749,381.7231638418079,510.5547652916074,1.3601694915254237,0.0,207.12328767123287,398.83561643835617,2.767123287671233,0.0,246.7984293193717,340.7751937984496,2.298429319371728,0.0043352601156069,508.6947674418605,606.0869565217391,3.308139534883721,0.0122630992196209,374.06108597285066,541.8918918918919,1.328054298642534,0.0119047619047619,426.4166666666667,392.96,1.4865591397849462,0.0085763293310463,559.3079584775087,643.1833910034602,4.802768166089965,0.0052980132450331,410.24,285.0,2.333333333333333,8,0,0,0.04292021518578881
102,202411,11,0,0.0066964285714285,471.5280898876405,454.3820224719101,2.743820224719101,0.0022909507445589,473.5237366003063,439.4644223412394,1.3223583460949464,0.006798866855524,469.26575028636887,478.84090909090907,2.466208476517755,0.0046875,305.7793427230047,332.503937007874,2.0657276995305165,0.0,539.3498452012384,640.4307692307692,1.0526315789473684,0.000697350069735,317.66480446927375,405.10460251046027,1.8687150837988824,0.0157035175879396,532.9541401273885,585.8823529411765,3.808917197452229,0.0048,602.508038585209,716.5273311897106,2.797427652733119,0.034313725490196,302.44897959183675,219.3939393939394,0.5102040816326531,0.0011273957158962,595.6561085972851,460.0,3.932126696832579,0.0028591851322373,517.7363896848137,762.7833572453371,3.783667621776504,0.0014503263234227,550.9462209302326,625.8635703918723,5.194767441860465,0.0030441400304414,423.0061349693252,499.8784194528876,1.0153374233128831,0.0063045586808923,547.332035053554,661.8786692759295,3.344693281402142,0.0028517110266159,438.3485714285714,480.9160305343512,1.9619047619047616,0.0122448979591836,430.8090659340659,369.4475138121547,1.962912087912088,0.008130081300813,345.59250585480095,466.2295081967213,0.6229508196721312,0.0025125628140703,250.7575757575757,386.2311557788945,1.6262626262626263,0.0165912518853695,446.5092024539877,294.66257668711654,1.7852760736196318,0.0105527638190954,584.4471544715448,479.93908629441626,2.402439024390244,0.0032679738562091,421.0819672131148,515.2131147540983,2.545901639344262,0.0019646365422396,711.2684365781711,669.1625615763547,3.567354965585054,0.0070281124497991,474.72121212121215,410.02226720647775,1.513131313131313,0.001031991744066,284.551652892562,452.06611570247935,1.758264462809917,0.0041152263374485,305.78719008264466,351.44628099173553,2.0289256198347108,0.0010341261633919,388.5341614906832,359.5031055900621,1.4865424430641825,0.0020935101186322,372.39245810055866,448.4033613445378,1.1256983240223464,0.0033840947546531,577.597972972973,589.5563139931741,2.2635135135135136,0.0,358.1119592875318,555.0,2.351145038167939,0.001418439716312,683.4289772727273,638.1818181818181,2.7869318181818183,0.0125284738041002,340.19399538106234,496.17511520737327,1.1963048498845266,0.0038510911424903,352.5938303341902,433.953488372093,1.1850899742930592,0.0068376068376068,343.6551724137931,415.0515463917526,1.986206896551724,0.0024242424242424,389.1970802919708,395.3883495145631,1.9708029197080288,8,0,0,0.051733008253045054
103,202411,12,0,0.0188014101057579,764.9021479713604,723.3173076923077,8.384248210023866,0.0021795989537925,328.21853146853147,461.7117903930131,1.2482517482517483,0.0034223134839151,322.1508916323731,362.9711141678129,2.3950617283950617,0.0045126353790613,424.5652173913044,272.87295825771326,2.7807971014492754,0.0072992700729927,308.9040590405904,445.27472527472526,0.922509225092251,0.003125,250.6745283018868,282.5625,2.224842767295597,0.0066765578635014,416.1358208955224,369.4170403587444,3.164179104477612,0.0039840637450199,306.96,174.0,2.248,0.0269058295964125,520.8333333333334,402.8807339449541,0.6203703703703703,0.0,445.9188544152744,300.42755344418055,4.959427207637232,0.0057377049180327,269.6528925619835,318.55263157894734,2.0611570247933884,0.0045620437956204,234.28676470588235,347.7148080438757,2.9981617647058822,0.0027654867256637,235.7591564927858,259.0243902439024,0.8190899001109878,0.0056465273856578,447.6193181818182,537.7525539160046,3.985227272727273,0.0037776578521316,337.4756229685807,257.3564463705309,2.364030335861322,0.0085536547433903,335.9120879120879,285.04702194357367,1.7990580847723705,0.0,248.7319587628866,373.5384615384616,0.6829896907216495,0.0,140.2967359050445,228.35294117647047,1.3531157270029674,0.0402802101576182,217.007299270073,257.51824817518246,2.288321167883212,0.0105571847507331,222.09940828402367,227.17339667458432,1.9976331360946744,0.0096670247046186,163.86117136659436,230.10845986984816,2.056399132321041,0.0109699769053117,324.71411901983663,297.7570093457944,2.295215869311552,0.011049723756906,355.17857142857144,396.77852348993287,3.986607142857143,0.0,211.73815461346632,530.1271820448878,1.9625935162094763,0.0086526576019777,141.54613466334163,233.11720698254365,1.997506234413965,0.0011862396204033,408.6350710900474,341.57142857142856,2.5260663507109005,0.001743679163034,436.4300699300699,362.4083769633508,1.0594405594405594,0.0041580041580041,266.9916666666667,329.3723849372385,2.2041666666666666,0.0028985507246376,358.8901734104046,405.43859649122805,2.1763005780346822,0.0069930069930069,278.38028169014086,300.2112676056338,2.193661971830986,0.0121396054628224,184.75229357798165,218.88888888888889,1.128440366972477,0.0039267015706806,250.6955380577428,204.6315789473684,1.4619422572178478,0.0018315018315018,481.75824175824175,287.4264705882353,2.282051282051282,0.0,244.2439024390244,366.89486552567234,3.478048780487805,8,0,0,0.08772949393613505
104,202411,13,0,0.0231481481481481,1422.3026004728133,1077.0071258907362,6.891252955082742,0.0036019810895992,476.5776173285199,381.7737556561086,2.0216606498194944,0.0047233468286099,250.02717391304347,288.71447902571043,1.8790760869565213,0.0044247787610619,298.8617021276596,453.58288770053474,3.8191489361702127,0.0036968576709796,395.2490706319703,460.44444444444446,1.1486988847583643,0.0031031807602792,350.3888024883359,417.2897196261682,1.9922239502332808,0.0014695077149155,291.9042709867452,279.52941176470586,3.2621502209131075,0.001926782273603,506.33976833976834,256.44787644787647,2.1621621621621623,0.0859106529209622,746.827067669173,594.0225563909775,2.8646616541353382,0.0047393364928909,424.57142857142856,528.1428571428571,3.8904761904761904,0.00814332247557,386.6009852216749,497.83251231527095,2.610837438423645,0.007366482504604,323.94649446494464,395.4850746268657,2.922509225092251,0.0049288061336254,334.22907488986783,257.1617161716172,1.5627753303964758,0.0032502708559046,286.69565217391306,297.7173913043478,2.243478260869565,0.0047619047619047,431.8210862619808,339.10828025477707,2.374866879659212,0.0085139318885448,299.1921875,332.94851794071764,1.690625,0.0025641025641025,268.1778350515464,380.46153846153845,0.7757731958762887,0.0014880952380952,356.95522388059703,260.5357142857143,1.9253731343283584,0.0142095914742451,248.83093525179856,509.89169675090255,3.597122302158273,0.0081537565521258,300.15610328638496,357.10928319623974,1.5610328638497653,0.0053022269353128,289.3816631130064,291.68443496801706,1.4307036247334757,0.0063145809414466,879.8611111111111,579.1003460207612,5.41550925925926,0.0130434782608695,286.94933920704847,517.4008810572687,1.3215859030837005,0.0012269938650306,319.6560196560197,351.44963144963145,3.764127764127764,0.0024752475247524,214.83870967741936,327.394540942928,2.3771712158808933,0.0,507.4644549763033,389.7825059101655,2.492890995260664,0.0085324232081911,244.94845360824743,381.82758620689657,1.1701030927835052,0.0081135902636916,126.36734693877553,291.88524590163934,2.024489795918367,0.0043541364296081,316.1049562682216,280.75801749271136,2.067055393586006,0.0017241379310344,483.4186851211073,467.5862068965517,2.498269896193772,0.0014880952380952,327.04477611940297,392.8571428571428,1.2925373134328355,0.0052083333333333,262.020942408377,203.40314136125656,1.7905759162303665,0.0036630036630036,358.2352941176471,202.94117647058823,1.974264705882353,0.002436053593179,419.7066014669927,334.8292682926829,1.6577017114914423,8,0,0,0.09660247329451732
105,202411,14,0,0.007803790412486,1330.741573033708,1207.415730337079,3.348314606741573,0.001531393568147,547.0767459708366,497.0114942528736,1.2079815809669991,0.0028360748723766,349.03745743473326,359.3158494868871,1.8240635641316685,0.0054347826086956,602.7221350078493,461.832298136646,2.621664050235479,0.0015174506828528,397.9848024316109,370.9422492401216,0.993920972644377,0.002076124567474,471.6182572614108,463.0598052851182,1.7302904564315351,0.0050536955148452,524.1446700507614,443.6340533672173,4.350253807106599,0.0048622366288492,470.37581699346407,606.6233766233767,2.189542483660131,0.0336391437308868,253.31012658227849,108.60759493670886,2.670886075949367,0.0022779043280182,666.0,700.4587155963303,4.0613636363636365,0.0057388809182209,432.6906474820144,473.4008683068017,1.2244604316546763,0.0021865889212827,669.7021897810218,529.8245614035088,5.7430656934306565,0.0025588536335721,533.8583162217659,568.0615384615385,3.1550308008213555,0.002906976744186,359.666017526777,311.8137730358875,2.401168451801363,0.0056845097110374,508.7459562321599,510.1717557251909,2.29686013320647,0.0041436464088397,500.2163661581137,502.8848821081831,2.9778085991678225,0.0023501762632197,362.82159624413146,547.3758865248227,0.8990610328638498,0.0,303.4848484848485,355.5612244897959,1.7752525252525253,0.0136986301369863,345.07716049382714,336.2962962962963,2.175925925925926,0.0040383644623927,434.4213197969543,426.3157894736842,2.019289340101523,0.0,610.2631578947369,373.7171052631579,1.574013157894737,0.0044226044226044,504.639684106614,481.1846001974334,3.6031589338598224,0.0111223458038422,265.6004098360656,480.734693877551,1.213114754098361,0.0020325203252032,273.86354378818737,462.5906313645621,2.317718940936864,0.0051440329218107,761.2396694214876,467.0807453416149,2.9442148760330578,0.0041884816753926,352.41263157894736,393.0252100840336,1.9852631578947368,0.0056140350877192,311.9491525423729,314.7249647390691,1.2584745762711864,0.0168918918918918,328.7586206896552,472.1917808219178,2.282758620689655,0.0,574.9363867684478,457.4242424242424,4.557251908396947,0.0014265335235378,455.5057142857143,347.65714285714284,1.9542857142857144,0.0033076074972436,566.1017699115044,494.7345132743363,1.4690265486725664,0.0150943396226415,299.8473282442748,301.0769230769231,2.5572519083969465,0.0051282051282051,445.7439446366782,519.1126279863481,1.4740484429065743,0.0024213075060532,358.54368932038835,465.4368932038834,0.8252427184466019,8,0,0,0.06199102112809385
106,202411,15,0,0.0805585392051557,2885.689976689977,2135.409836065574,2.41958041958042,0.0034509202453987,382.84,494.6882217090069,0.9884615384615384,0.0022740193291642,416.8154897494305,470.8323831242873,1.9931662870159448,0.0062451209992193,601.2129337539432,565.076682316119,2.6198738170347005,0.0030581039755351,565.1009174311927,563.2615384615384,1.107033639143731,0.0083275503122831,487.9831932773109,480.5874125874126,1.910364145658264,0.0051249199231262,418.92396907216494,338.2239382239382,3.0347938144329896,0.0095238095238095,607.3461538461538,965.5769230769232,2.4391025641025643,0.0094936708860759,604.3885350318471,263.84615384615387,2.7261146496815285,0.0156424581005586,582.5454545454545,811.9727891156463,4.125,0.00431344356578,276.3636363636364,377.8612716763006,1.1385281385281385,0.0079537237888647,650.2093704245974,525.4571843251089,5.689604685212299,0.0015182186234817,361.62170385395535,388.2674772036474,0.7190669371196755,0.013030888030888,259.1812865497076,322.7870461236506,2.2261208576998053,0.0104513064133016,542.3515850144092,565.3934740882918,1.654178674351585,0.0124913254684247,733.6278089887641,821.8016877637131,2.856741573033708,0.0058275058275058,415.2833723653396,735.7746478873239,0.8641686182669789,0.0025157232704402,378.7878787878788,441.1586901763224,1.095959595959596,0.0074962518740629,454.1957831325301,620.1818181818181,1.7951807228915662,0.0075642965204236,513.7784552845528,565.4268292682926,2.419715447154472,0.0016380016380016,726.9950738916256,729.639344262295,2.3793103448275863,0.0034229828850855,502.8459273797841,452.0314033366045,2.590775269872424,0.01001001001001,308.3805668016194,454.06060606060606,1.7064777327935223,0.0100603621730382,310.6916835699797,346.43788187372706,2.40973630831643,0.0152439024390243,396.6342975206612,469.97938144329896,1.7355371900826446,0.0,482.74380165289256,437.8512396694215,1.7148760330578512,0.0131124913733609,540.6909090909091,706.9090909090909,1.274125874125874,0.0084175084175084,400.21768707482994,488.9491525423729,2.462585034013605,0.0038216560509554,686.2583120204604,761.1253196930946,2.544757033248082,0.0,586.4017094017094,436.8,2.698005698005698,0.0044994375703037,381.9773755656109,557.8781038374718,1.104072398190045,0.003875968992248,436.9194805194805,339.9481865284974,1.1844155844155844,0.0084317032040472,197.08474576271183,263.54948805460754,1.911864406779661,0.0024242424242424,515.1824817518249,477.0873786407767,1.3795620437956204,8,0,0,0.04138665360902216
107,202411,16,0,0.0280612244897959,2663.895833333333,1840.4761904761904,5.169270833333333,0.0041821561338289,394.3106343283582,268.1792717086835,1.9710820895522387,0.0029695619896065,557.4262295081967,398.2142857142857,3.0476900149031296,0.0078125,353.59683794466406,370.11764705882354,3.395256916996048,0.0054545454545454,235.1172161172161,421.5328467153285,0.9267399267399268,0.001850138760407,393.072625698324,475.6826568265683,1.7839851024208566,0.001639344262295,445.7816091954023,290.8374384236453,3.2627257799671594,0.003883495145631,312.1875,187.47081712062257,3.3515625,0.0526315789473684,481.9741379310345,540.5084745762712,1.1896551724137931,0.0015105740181268,347.8549848942598,357.09090909090907,1.9154078549848943,0.0142475512021371,299.24050632911394,376.24548736462094,1.2115732368896923,0.0029041626331074,323.37984496124034,310.27237354085605,2.6608527131782944,0.001817080557238,266.3555825242718,270.36407766990294,0.4987864077669903,0.0029498525073746,314.2973933649289,328.0851063829787,2.894549763033176,0.0028885037550548,415.71113689095125,368.125,2.08584686774942,0.0088183421516754,319.8392857142857,357.6595744680851,1.832142857142857,0.0,244.5566265060241,623.5096153846154,0.7807228915662651,0.0,262.09386281588445,375.1624548736462,1.1407942238267148,0.0103950103950103,209.2731092436975,223.8655462184874,1.630252100840336,0.0038192234245703,220.775796178344,334.61538461538464,2.5961783439490445,0.0068649885583524,295.852534562212,308.98617511520735,2.532258064516129,0.0025657472738935,275.30937098844674,393.0154639175258,2.3722721437740693,0.0072904009720534,190.2439024390244,300.5896805896806,1.824390243902439,0.0028129395218002,459.5920679886685,523.314606741573,1.6912181303116147,0.0122448979591836,301.0413223140496,496.3636363636364,1.8044077134986225,0.002820874471086,207.3806818181818,265.1830985915493,1.786931818181818,0.0056270096463022,245.62197092084008,465.5339805825243,1.172859450726979,0.0070754716981132,173.7440758293839,305.1428571428572,2.080568720379147,0.0032051282051282,335.54140127388536,509.8051948051948,2.232484076433121,0.0,310.61538461538464,453.7931034482759,2.669230769230769,0.0151515151515151,235.1759776536313,525.546218487395,0.8016759776536313,0.0013175230566534,261.69473684210527,297.77777777777777,1.0342105263157897,0.0,331.55555555555554,303.3333333333333,1.8814814814814813,0.0,131.42857142857142,244.0316205533597,0.8492063492063492,8,0,0,0.09357449810665874
108,202411,17,0,0.0113507377979568,1440.8314087759816,1037.123287671233,2.8937644341801385,0.006083650190114,785.5390505359877,826.8807339449542,2.895099540581929,0.0078695896571107,540.6923076923077,595.0283768444949,2.528280542986425,0.0,537.5601217656013,372.8351309707242,2.5722983257229832,0.0029985007496251,378.2921686746988,416.7567567567568,0.8463855421686747,0.0034770514603616,482.557719054242,414.873949579832,1.9680111265646727,0.0130759651307596,498.6658227848101,404.4528301886792,3.4455696202531647,0.0048309178743961,573.2038834951456,278.4466019417476,2.1197411003236244,0.0338164251207729,421.4117647058824,504.530612244898,0.3235294117647059,0.0011481056257175,498.0689655172414,619.5862068965517,2.671264367816092,0.0106913756236635,579.6242774566474,650.7758620689655,1.7572254335260116,0.0036179450072358,434.4412191582003,438.8372093023256,2.431059506531205,0.0019295706705258,413.41795366795367,459.8451113262343,0.5048262548262549,0.004840271055179,411.1609756097561,582.0174587778855,3.1834146341463416,0.0052430886558627,380.8197507190796,425.7471264367816,1.810162991371045,0.0062197650310988,403.9819944598338,370.3072625698324,1.6897506925207757,0.0057142857142857,293.51716247139586,594.5958429561201,0.540045766590389,0.00125,589.95,648.5714285714286,1.64,0.0239162929745889,330.40184049079755,400.3669724770642,2.01840490797546,0.0080200501253132,422.93326592517695,599.5757575757576,1.977755308392316,0.0072639225181598,413.5504885993485,449.8051948051948,1.8778501628664488,0.0063600782778864,750.6206896551724,608.503937007874,3.6610837438423647,0.0070422535211267,385.4878048780488,320.3636363636364,2.841463414634146,0.0040120361083249,459.82494969818913,648.3870967741935,1.945674044265593,0.0051124744376278,352.21149897330594,361.7283950617284,1.4394250513347022,0.0031152647975077,480.9230769230769,535.365344467641,1.7422037422037422,0.0150375939849624,434.3134535367545,580.3333333333334,0.9583911234396671,0.0,525.8108108108108,689.1891891891892,1.4054054054054057,0.0025510204081632,448.5567010309279,578.4238578680203,2.1443298969072164,0.0056899004267425,793.4714285714285,471.7478510028653,2.52,0.0054764512595837,479.45814977973566,654.5814977973569,0.7202643171806168,0.0039577836411609,456.9310344827586,447.3386243386244,1.0450928381962865,0.0050590219224283,306.5529010238908,287.07070707070704,2.2013651877133107,0.0013210039630118,446.9129287598944,461.2201591511936,1.567282321899736,8,0,0,0.027289311183370968
109,202411,18,0,0.0066445182724252,1288.7383592017738,1020.5381165919282,6.212860310421286,0.0745775165319617,1717.7172359015092,1416.095238095238,3.4455917394757742,0.0084364454443194,529.7397727272727,597.8255945639864,2.0011363636363635,0.0007674597083653,528.4969325153374,349.84615384615387,3.5828220858895707,0.0,448.8818181818182,495.6363636363636,1.1454545454545455,0.0069252077562326,340.139470013947,346.9456066945607,2.181311018131102,0.0126182965299684,440.2647058823529,441.91570881226056,3.4437340153452687,0.0,572.9903536977492,415.3697749196141,2.237942122186495,0.0046511627906976,718.8224299065421,608.411214953271,0.7850467289719626,0.0022371364653243,353.9461883408072,316.2780269058296,3.3318385650224216,0.0226148409893992,782.1707670043415,638.9306358381502,4.363241678726483,0.0114367405289492,398.9420289855073,550.8225108225108,2.6536231884057973,0.0052681992337164,359.7454194792671,405.0576923076923,0.8023143683702989,0.0105820105820105,449.6915615906887,465.3801169590643,2.7681862269641124,0.0023730422401518,739.0846007604563,790.5142857142857,3.838403041825095,0.0068352699931647,575.66391184573,624.3342503438789,1.7699724517906337,0.0194063926940639,329.7902097902098,516.2790697674419,0.6503496503496503,0.0012406947890818,1030.2985074626863,944.2183622828784,6.514925373134329,0.0253731343283582,727.8899082568807,514.4171779141104,5.4495412844036695,0.0080280983442047,502.96457489878543,493.0434782608696,2.9969635627530367,0.0057142857142857,549.1475409836065,543.453947368421,2.637704918032787,0.0121241513094083,458.4117647058824,362.0058997050148,2.816666666666667,0.0089730807577268,795.0040241448692,981.3682092555332,3.380281690140845,0.0100200400801603,711.9453441295547,892.7186234817814,5.410931174089069,0.0101112234580384,368.8163265306122,413.12883435582825,1.7469387755102042,0.0,720.2181069958848,947.5785123966942,3.2962962962962963,0.0041237113402061,571.2033195020747,466.198347107438,0.970954356846473,0.0117647058823529,291.42857142857144,343.0612244897959,1.836734693877551,0.0050251256281407,599.4151898734177,889.5717884130983,1.918987341772152,0.0042194092827004,692.6638418079096,507.96610169491527,2.324858757062147,0.0067340067340067,400.2941176470589,418.510158013544,1.0452488687782806,0.0104986876640419,279.84350132626,375.2785145888594,1.53315649867374,0.0034013605442176,268.6689419795222,198.02047781569965,2.034129692832765,0.0097205346294046,301.4742014742015,352.3529411764706,1.194103194103194,8,0,0,0.08892924700822102
110,202411,19,0,0.0128956623681125,182.5404761904762,315.92417061611377,2.097619047619048,0.0051858254105445,467.6901653611836,409.21595836947097,2.3020017406440383,0.0054347826086956,359.7568306010929,202.37704918032787,1.9617486338797807,0.0044444444444444,277.0053475935829,247.08407871198568,3.2566844919786098,0.0072332730560578,338.8872727272727,334.5985401459854,2.625454545454545,0.0007843137254901,204.0346456692913,249.4804381846636,1.752755905511811,0.0517241379310344,804.6475037821483,864.4006069802731,8.0,0.0079365079365079,509.1633466135458,565.7831325301205,2.087649402390438,0.1548117154811715,948.43,892.3529411764706,1.68,0.0047114252061248,158.67298578199052,141.84397163120568,3.2322274881516586,0.0040883074407195,232.5,367.37704918032784,1.893092105263158,0.0055045871559633,352.5693160813309,332.81767955801104,2.7929759704251387,0.0092091007583965,614.1411378555798,440.9836065573771,3.401531728665208,0.0074200913242009,291.945914844649,344.55172413793105,2.5420023014959723,0.0026997840172786,416.995670995671,431.4409534127844,2.221861471861472,0.0443609022556391,422.4566929133858,519.1509433962265,1.95748031496063,0.0037974683544303,367.351145038168,357.10659898477155,1.1145038167938932,0.0,130.67055393586006,194.08695652173915,2.2740524781341107,0.0385964912280701,148.7737226277372,245.6934306569343,2.339416058394161,0.014018691588785,392.0543735224586,249.19239904988123,2.011820330969268,0.0232312565997888,258.7418655097614,244.52586206896552,1.7440347071583515,0.0121037463976945,384.18224299065423,372.3776223776224,2.5350467289719627,0.0143329658213891,462.4161073825503,381.2080536912752,1.4384787472035794,0.0024844720496894,353.0798004987531,280.4278606965174,3.4214463840399003,0.0134638922888616,1275.5470297029703,281.04477611940297,8.485148514851485,0.0011764705882352,375.7193396226415,361.2658823529412,1.912735849056604,0.0008795074758135,191.37894736842105,322.6855123674912,1.2140350877192982,0.0041493775933609,136.1825726141079,177.23849372384936,2.2863070539419086,0.0057720057720057,378.87319884726224,654.2105263157895,2.567723342939481,0.001763668430335,325.86572438162545,207.3498233215548,2.1590106007067136,0.0209895052473763,192.6219512195122,230.7692307692308,1.1829268292682926,0.0054570259208731,217.2445054945055,260.8986301369863,1.7252747252747254,0.0089928057553956,283.0434782608696,159.27272727272728,2.967391304347826,0.0061349693251533,125.91133004926108,243.7128712871287,2.3497536945812807,8,0,0,0.1761441227827052
111,202411,20,0,0.0081395348837209,624.1334894613583,452.67605633802816,3.117096018735363,0.0081117620549797,501.1838768115942,515.4968094804011,1.6911231884057971,0.0087424344317417,464.3582089552239,401.8453188602442,1.4898236092265944,0.020671834625323,1075.1408450704223,1049.7363796133568,3.987676056338028,0.0018281535648994,268.9267399267399,196.92307692307693,2.0549450549450547,0.0030840400925212,425.193199381762,317.73993808049534,2.786707882534776,0.0446808510638297,783.0373692077728,747.2566371681415,4.174887892376682,0.0057692307692307,216.6023166023166,230.93023255813952,3.328185328185328,0.1276595744680851,820.3689320388349,895.8823529411765,1.300970873786408,0.0070093457943925,1320.0,556.5566037735849,16.495305164319248,0.0064882400648824,350.75409836065575,365.8536585365854,1.5475409836065577,0.0046082949308755,656.8379373848987,510.9497206703911,4.071823204419889,0.0037715517241379,342.1621621621622,366.75324675324674,1.132972972972973,0.0086299892125134,574.6405228758169,489.0652173913044,2.155773420479303,0.0057833859095688,659.0137420718816,660.3174603174604,3.0010570824524314,0.0253846153846153,547.6107594936709,505.03937007874015,3.1202531645569622,0.0075662042875157,513.7404580152672,428.2233502538071,1.7735368956743005,0.0,385.4651162790698,581.5384615384615,2.1424418604651163,0.1147011308562197,423.0109489051095,409.7080291970803,2.427007299270073,0.1074468085106383,585.0892857142857,1013.5560859188544,1.730952380952381,0.010559662090813,442.7408993576017,482.2978723404256,1.3083511777301928,0.009540846750149,2322.778313253012,1477.1841155234656,6.562650602409638,0.0076086956521739,623.1578947368421,710.1531728665208,1.355263157894737,0.0085889570552147,448.4168734491315,210.07407407407408,2.7493796526054592,0.011002444987775,511.5792079207921,465.77777777777777,2.853960396039604,0.0023446658851113,422.6220657276995,341.3458823529412,2.0258215962441315,0.0060137457044673,285.8756476683938,387.3010380622837,1.5768566493955094,0.0060851926977687,304.40816326530614,389.3877551020408,3.424489795918368,0.0014513788098693,738.3246376811594,528.2798833819242,4.194202898550724,0.0017331022530329,408.40277777777777,979.7916666666666,1.7673611111111112,0.0087591240875912,447.5828402366864,221.3489736070381,1.831360946745562,0.0065616797900262,456.5488126649077,207.5978835978836,1.0765171503957784,0.0212765957446808,279.7090909090909,322.3104693140794,3.5236363636363635,0.0,335.5882352941176,378.9705882352941,2.487745098039216,10,0,0,0.14103990435510927
112,202411,21,0,0.0343347639484978,2005.2155555555555,1339.8666666666666,4.435555555555555,0.009534706331045,756.4316602316602,745.1612903225806,1.155984555984556,0.0162464985994397,783.6659116647792,715.7388316151203,1.7553793884484712,0.0460624071322436,1803.873040752351,1723.188854489164,2.385579937304075,0.0057803468208092,814.6156069364162,658.0701754385965,1.2976878612716762,0.0059880239520958,2396.0707610146865,1514.6577181208054,4.34045393858478,0.0394574599260172,903.591784338896,969.5507060333762,2.784338896020539,0.0015822784810126,1285.4140127388534,954.1324921135648,4.047770700636943,0.0128205128205128,426.6896551724138,298.69565217391306,0.9051724137931034,0.0121681415929203,1348.993288590604,1223.542600896861,2.586129753914989,0.0106913756236635,531.4777618364419,597.9160636758321,1.2453371592539455,0.0145772594752186,1120.6070901033972,941.3333333333334,3.2171344165435745,0.0057526366251198,911.0250723240116,655.0819672131148,1.3027965284474443,0.1343924431086303,690.1272365805169,854.9702970297029,2.0,0.0206185567010309,3857.837162837163,3831.549295774648,6.542457542457543,0.021376085504342,2204.3519781718965,2143.594262295082,2.092769440654843,0.0109529025191675,849.3421633554084,930.4,2.869757174392936,0.0952914798206278,676.5671641791045,935.4074074074074,1.4129353233830846,0.1080291970802919,4512.830065359477,4506.88524590164,19.53921568627451,0.1232754784156653,890.8197556008147,917.0647773279352,1.8370672097759675,0.0207125103562551,636.4661016949152,641.5540540540541,2.113559322033898,0.0229240957717778,3046.954070981211,2062.75,7.055323590814196,0.018018018018018,597.5204081632653,803.8289205702648,1.120408163265306,0.0220440881763527,967.305954825462,1145.8957055214723,2.215605749486653,0.0160481444332999,1679.6,1567.9429735234216,3.853061224489796,0.0051072522982635,1427.0903490759754,1312.018480492813,2.564681724845996,0.0089224433768016,921.5152354570636,811.9113573407202,1.3019390581717452,0.0165289256198347,1147.0234113712374,1101.2837837837835,2.809364548494983,0.0,1249.9312977099237,964.3939393939394,1.8346055979643765,0.0057388809182209,915.2939481268012,934.335260115607,1.6051873198847262,0.0131712259371833,913.6516393442624,890.4938271604939,1.6372950819672132,0.0197109067017082,478.5388739946381,287.7747989276139,1.552278820375335,0.046875,1904.950495049505,1406.970684039088,3.372937293729373,0.0120481927710843,1751.560975609756,1437.219512195122,3.5317073170731708,3,0,0,0.26924971092549244
113,202411,22,0,0.0381760339342523,3064.2406181015454,2322.2907488986784,5.746136865342163,0.00304298212248,394.0511841100076,481.6463414634146,1.2299465240641712,0.0088888888888888,560.3657718120805,621.438202247191,1.7024608501118568,0.0077821011673151,815.6698262243286,772.6028037383178,1.9557661927330168,0.0072150072150072,572.6140350877193,668.3236994219653,1.1140350877192982,0.0111768573307034,2027.807180851064,1813.643617021277,3.574468085106383,0.0367088607594936,820.0907894736843,744.488188976378,3.7342105263157896,0.0047021943573667,1642.9308176100628,1146.2460567823343,5.276729559748428,0.0085836909871244,318.1465517241379,213.91304347826087,0.9482758620689656,0.0296610169491525,1578.7012987012988,1314.5814977973569,7.675324675324675,0.011963406052076,374.6799431009957,455.6918687589159,1.2916073968705548,0.007158196134574,730.6623376623377,655.3314121037464,3.5642135642135644,0.005188679245283,724.3916349809886,817.4645222327341,0.7956273764258555,0.0172248803827751,505.798833819242,540.0,2.192419825072886,0.0200279459711224,948.348239771646,1021.5384615384615,2.0627973358705995,0.0111034004163775,1393.835904628331,1408.0196629213483,2.492286115007013,0.0087051142546245,931.7105263157896,952.8791208791208,1.6030701754385963,0.0060975609756097,444.6191646191646,640.1470588235294,1.692874692874693,0.0625,746.3,1034.1818181818182,2.687878787878788,0.0980839416058394,933.7749747729566,1040.3245436105476,1.923309788092836,0.0084961767204757,501.472602739726,522.6072041166381,1.3082191780821917,0.0066157760814249,2456.6769230769232,2042.1494370522007,5.812307692307693,0.0167652859960552,559.668,607.6056338028169,1.288,0.0070422535211267,638.4320486815416,852.2975708502024,1.9026369168357,0.0100502512562814,1142.929006085193,903.5365853658536,2.971602434077079,0.0040567951318458,598.304081632653,682.560975609756,1.8816326530612244,0.0172071475843812,877.111559139785,1000.0,1.7970430107526882,0.0081833060556464,892.2516556291391,1043.2894736842106,4.09271523178808,0.0025706940874035,1205.0,1092.2480620155038,6.25706940874036,0.0,843.8982558139535,1082.608695652174,1.9156976744186047,0.0102459016393442,700.50622406639,917.7272727272727,2.031120331950208,0.0177890724269377,767.800518134715,524.1860465116279,1.4300518134715026,0.0506912442396313,1341.2903225806451,1436.4935064935064,6.874193548387097,0.0036363636363636,1005.6934306569344,833.8686131386861,2.9878345498783454,10,0,0,0.14569148645429708
114,202411,23,0,0.0266343825665859,2834.8864197530866,1942.1052631578948,3.7111111111111112,0.0035799522673031,449.1349840255591,578.6911412609736,1.2891373801916932,0.005889281507656,473.396674584323,496.4539007092199,2.380047505938242,0.0034662045060658,402.5,431.2891986062718,1.5486111111111112,0.0072463768115942,650.6326530612245,531.0526315789474,1.338192419825073,0.0038080731150038,865.9019908116386,1043.6335877862596,3.4073506891271057,0.014735432016075,319.46059782608694,352.734693877551,2.970108695652174,0.0016863406408094,831.6610169491526,447.67676767676767,3.840677966101695,0.0956521739130434,155.14423076923077,198.46153846153845,0.75,0.0053691275167785,717.9032258064516,536.4227642276422,2.403225806451613,0.01193139448173,335.0226244343891,598.0966767371601,1.1402714932126696,0.0039123630672926,672.4614173228347,789.6865203761755,2.7590551181102363,0.0010911074740861,399.12472647702407,538.6913849509269,0.5470459518599562,0.006516290726817,422.59274193548384,418.3030303030303,2.847782258064516,0.0037234042553191,529.5464247598719,523.7820512820513,1.7011739594450372,0.0075131480090157,783.2798789712557,921.9090909090908,2.481089258698941,0.0020811654526534,931.44769874477,863.3264033264034,2.309623430962343,0.002805049088359,346.8169014084507,416.7977528089888,1.87887323943662,0.0228384991843393,405.4,515.3177257525084,1.97,0.0082281952825013,909.282392026578,788.6187845303867,4.503875968992248,0.0052192066805845,463.305439330544,531.1578947368421,3.1150627615062763,0.0069038767923526,744.7058823529412,833.3903743315508,2.9058823529411764,0.0117270788912579,436.32829373650105,431.3793103448276,1.5529157667386608,0.0046620046620046,430.4824355971897,492.5058548009368,1.730679156908665,0.0081018518518518,652.892523364486,670.6293706293707,2.628504672897196,0.0022246941045606,309.2895322939866,457.7678571428572,1.4565701559020046,0.0068212824010914,812.8449931412895,749.4635488308115,1.364883401920439,0.0071301247771836,701.4388489208633,1081.2903225806451,2.356115107913669,0.0095367847411444,647.554945054945,860.0,2.2115384615384617,0.0015552099533437,607.626168224299,629.1588785046729,2.5794392523364484,0.0,802.0386266094421,969.3991416309012,1.9120171673819744,0.01125,773.0126262626262,639.8126582278481,1.7348484848484849,0.0051107325383304,749.6907216494845,715.4948805460751,3.316151202749141,0.0,453.55555555555554,529.3726937269373,2.4962962962962965,8,0,0,0.026449862236233912
115,202411,24,0,0.0200222469410456,762.3684210526316,627.4324324324324,4.08466819221968,0.0071752265861027,477.8571428571428,483.24447829398326,1.4688449848024316,0.0088397790055248,754.9799554565701,561.4955357142857,2.3173719376391984,0.0082956259426847,372.65060240963857,561.2903225806451,2.2153614457831323,0.0071123755334281,475.1031518624642,482.0630372492837,1.481375358166189,0.006635700066357,513.5714285714286,524.5187165775401,2.4632843791722294,0.0119196988707653,394.01528662420384,458.73417721518985,2.723566878980892,0.0091743119266055,705.4153846153846,426.13003095975233,2.9784615384615383,0.0634920634920634,238.61344537815123,592.3076923076923,1.5378151260504205,0.0111111111111111,382.247191011236,393.8426966292135,2.015730337078652,0.0049857549857549,393.2758620689655,467.41797432239656,0.875,0.0086830680173661,572.7693430656934,652.029197080292,2.5664233576642337,0.0068093385214007,402.1875,356.8762278978389,0.6064453125,0.0092412451361867,719.35960591133,675.6751467710371,2.372413793103448,0.0052182163187855,645.5391221374045,487.4356530028599,1.934160305343512,0.023209549071618,641.6842818428185,502.4489795918368,2.2046070460704605,0.0032822757111597,502.8267543859649,555.1648351648352,1.3355263157894737,0.0,305.95533498759306,555.2618453865337,1.3449131513647643,0.0325443786982248,321.6319018404908,303.8414634146341,1.6411042944785277,0.009930486593843,773.3139418254764,896.4493480441324,3.341023069207623,0.0041356492969396,973.3893510815308,1049.55223880597,3.692179700499168,0.0082926829268292,985.2445759368836,930.441609421001,3.619329388560158,0.0049850448654037,832.5831663326653,962.8857715430862,1.7274549098196392,0.006066734074823,496.9409368635438,358.9756097560976,1.9022403258655805,0.0118577075098814,466.974,449.52,1.856,0.0111902339776195,317.9259259259259,500.8641975308642,1.360082304526749,0.0113107119095143,526.0959459459459,596.3806970509384,1.277027027027027,0.0082644628099173,377.3421926910299,572.9096989966555,2.209302325581396,0.0038071065989847,467.5419847328244,670.5612244897959,1.9465648854961832,0.0056022408963585,1660.0505617977528,1616.271186440678,6.839887640449438,0.0119880119880119,474.5384615384616,487.3939393939394,1.8785425101214568,0.0131578947368421,805.1226666666666,546.4186666666667,2.8986666666666667,0.0016155088852988,546.7961165048544,640.0,2.258899676375405,0.0012674271229404,669.4177215189874,539.0839694656488,4.713924050632912,10,0,0,0.06526619823030122
116,202411,25,0,0.0183387270765911,2246.575824175824,1277.6703296703297,4.131868131868132,0.0034220532319391,543.4774637127579,666.859756097561,1.7547746371275783,0.0039325842696629,647.431151241535,623.6076662908681,2.110609480812641,0.0061115355233002,409.4215384615385,686.2672811059908,2.146153846153846,0.002919708029197,340.9561403508772,373.3724340175953,1.2280701754385963,0.0033355570380253,522.2926174496645,559.7062750333779,1.6308724832214765,0.0133333333333333,558.980694980695,685.1737451737451,3.415701415701416,0.0046439628482972,672.3364485981308,812.6086956521739,2.7383177570093458,0.0442477876106194,408.10493827160496,199.6296296296296,2.802469135802469,0.0011049723756906,538.0088495575221,706.3274336283185,4.141592920353983,0.0064888248017303,292.60869565217394,456.7151162790698,1.1797101449275362,0.0043196544276457,599.2633863965268,484.7687861271676,2.496382054992764,0.003399708596406,437.9902629016553,546.6146341463415,1.118792599805258,0.0045135406218655,772.2211055276382,716.7242424242424,2.2321608040201006,0.0066508313539192,532.1539196940727,512.0956937799043,1.845124282982792,0.0082248115147361,761.8781163434903,811.7793103448275,1.745152354570637,0.0022050716648291,450.3907284768212,380.8407079646018,0.7549668874172185,0.0,331.33663366336634,503.20197044334975,1.4183168316831682,0.0324483775811209,390.5792682926829,467.9268292682927,2.0792682926829267,0.0402521823472356,748.2066869300912,823.9112903225806,2.529888551165147,0.0102651839178785,684.2906574394464,767.8756476683938,2.550173010380623,0.0065293822199899,1762.810920121335,1591.4863498483317,4.936299292214358,0.0090180360721442,745.75,714.158215010142,1.4596774193548387,0.0010309278350515,450.1384297520661,535.4309278350515,2.706611570247934,0.0080645161290322,571.0975609756098,478.4146341463415,2.869918699186992,0.0050556117290192,440.6361788617886,462.1951219512195,1.934959349593496,0.0073924731182795,490.3924221921516,540.0,1.0866035182679297,0.0066445182724252,313.48993288590606,523.6,1.9261744966442955,0.0012870012870012,855.3205128205128,857.8756476683938,1.97948717948718,0.0042735042735042,943.894586894587,976.3793103448276,3.2051282051282053,0.003099173553719,574.5654885654885,902.1074380165288,1.0395010395010396,0.0130039011703511,672.5275590551181,423.2380952380952,2.5144356955380576,0.0096153846153846,428.1290322580645,430.9090909090909,4.34516129032258,0.0,228.32116788321167,297.81021897810217,1.4087591240875912,10,0,0,0.05942325165726636
117,202411,26,0,0.0098792535675082,1407.760532150776,649.2239467849224,2.514412416851441,0.0072078907435508,592.39663093415,728.1922196796339,1.1929555895865238,0.0044028618602091,988.0342163355408,895.7475083056478,2.207505518763797,0.0059790732436472,603.1396396396397,596.1144578313254,2.0495495495495497,0.0110957004160887,441.2837078651685,415.4621848739496,1.6179775280898876,0.0058977719528178,886.6403162055336,871.820580474934,2.5454545454545454,0.0168434185901434,517.3715012722646,519.7974683544304,2.8524173027989823,0.0063191153238546,537.5238095238095,452.2929936305732,3.488888888888889,0.0431654676258992,1290.1194029850749,836.2272727272727,4.58955223880597,0.0,650.4635761589404,959.7333333333332,5.039735099337748,0.0086083213773314,334.8695652173913,250.40462427745663,2.105797101449276,0.0057803468208092,692.0523255813954,782.4418604651163,2.859011627906977,0.004390243902439,391.5416258570029,561.3529411764706,0.7962781586679726,0.0073170731707317,575.7972440944882,586.135426889107,2.6102362204724407,0.0047192071731949,399.6555977229601,434.21800947867297,1.6347248576850095,0.0627774254914394,619.4513513513514,686.6666666666666,1.727027027027027,0.0043572984749455,508.34354485776805,554.9671772428884,0.9890590809628008,0.0060459492140266,345.4223300970873,552.5853658536586,1.769417475728155,0.0519480519480519,806.6261398176292,854.2682926829268,2.21580547112462,0.0101419878296146,820.7014314928425,712.9774127310062,3.569529652351738,0.0026269702276707,1130.5096660808435,788.0,3.622144112478032,0.0145419292292777,790.4424778761062,746.5748031496063,3.543756145526057,0.015625,858.7480158730159,740.2380952380952,4.031746031746032,0.0031023784901758,672.9026915113872,706.089397089397,2.681159420289855,0.0030090270812437,413.29778672032194,413.6016096579477,1.766599597585513,0.0010060362173038,400.3407258064516,495.09054325955736,1.6310483870967742,0.0039499670836076,404.18543046357615,579.1029023746702,1.3642384105960266,0.0100671140939597,503.3108108108109,799.5918367346939,1.945945945945946,0.0025157232704402,421.0253807106599,595.1378446115289,2.035532994923858,0.0,719.3123209169055,694.4318181818181,2.5759312320916905,0.008893280632411,668.593625498008,707.3053892215569,1.1613545816733069,0.0067476383265856,286.1978319783197,278.5258855585831,2.086720867208672,0.0096618357487922,405.928338762215,513.3116883116883,4.1042345276872965,0.0,421.4598540145985,565.2554744525547,1.9343065693430657,8,0,0,0.040572872302129026
118,202411,27,0,0.0171306209850107,2198.457516339869,997.7777777777778,3.100217864923747,0.0064712599923867,665.3198163733741,606.5387567152725,1.702371843917368,0.0044543429844097,971.1529017857144,868.6547085201794,2.9017857142857144,0.0043352601156069,507.5581395348837,490.0869565217391,2.4127906976744184,0.0028248587570621,496.342776203966,595.2407932011331,1.4872521246458923,0.0078482668410725,368.1907894736842,458.2826948480845,1.8473684210526315,0.0171990171990172,707.0523690773067,638.7218045112782,3.600997506234414,0.0092449922958397,259.06542056074767,242.4223602484472,2.9501557632398754,0.0083333333333333,746.3949579831933,538.1260504201681,0.5294117647058824,0.0044004400440044,473.2450331125828,560.4424778761062,3.507726269315673,0.0071479628305932,431.3256484149856,516.431654676259,1.54178674351585,0.0021645021645021,541.6072463768116,553.7662337662338,2.705797101449275,0.0033540967896502,397.0970220941402,340.5967276227141,0.8107588856868396,0.0052206929283341,1200.368320610687,1079.7137404580153,3.980916030534351,0.0023310023310023,424.1038353601497,392.2128851540616,2.0701590271281574,0.0144736842105263,461.3155080213904,538.88,2.334224598930481,0.0097826086956521,433.1535087719298,621.3626373626373,0.6754385964912281,0.0024301336573511,383.9119804400978,470.3883495145631,1.4107579462102688,0.0461095100864553,311.9637462235649,364.7129909365559,1.6283987915407856,0.0090863200403836,945.2147239263804,846.8294416243655,4.440695296523518,0.0061188811188811,674.9736379613357,618.169014084507,2.145869947275923,0.0200956937799043,757.4048780487805,755.7771260997067,2.379512195121951,0.0276717557251908,548.6051080550099,626.2352941176471,1.7229862475442044,0.013,434.0385395537525,535.9898785425102,3.081135902636917,0.0020060180541624,530.6144578313254,511.5090543259557,2.339357429718876,0.001,563.842,551.7835671342685,2.226,0.0039241334205362,401.323258869908,500.23622047244095,0.9185282522996058,0.0066666666666666,294.5637583892617,248.25503355704697,1.748322147651007,0.0049140049140049,519.279012345679,582.2222222222222,3.9358024691358025,0.0014347202295552,2137.478510028653,1559.8270893371755,8.002865329512893,0.0097465886939571,632.0787401574803,646.8897637795276,3.9488188976377954,0.0201765447667087,343.4575835475578,331.32216494845363,1.1491002570694089,0.0236966824644549,617.1428571428571,438.1935483870968,2.217532467532468,0.0048367593712212,469.05109489051097,339.6116504854369,1.389294403892944,10,0,0,0.09427001460573237
119,202411,28,0,0.0068027210884353,312.0509259259259,276.4864864864865,1.930555555555556,0.0018331805682859,314.8985239852399,202.48628884826329,1.418819188191882,0.0040983606557377,285.24590163934425,262.93388429752065,1.6577868852459017,0.0068775790921595,542.1787709497206,320.7692307692308,2.1927374301675977,0.0,356.4871794871795,411.1224489795918,2.4923076923076923,0.0037688442211055,184.39795918367344,333.66583541147133,2.2933673469387754,0.0156815440289505,439.0243902439024,320.39408866995075,3.1390243902439026,0.0031347962382445,279.29559748427675,354.7169811320755,2.5283018867924527,0.0121951219512195,288.0,89.26829268292683,0.35,0.0046403712296983,182.77777777777777,107.88732394366195,2.060185185185185,0.0012180267965895,161.35922330097088,178.8235294117647,1.3398058252427183,0.0052447552447552,248.5655172413793,238.494623655914,2.996551724137931,0.0037764350453172,437.4524886877828,290.4878048780488,1.2383107088989442,0.0037558685446009,427.4820415879017,447.96992481203006,1.829867674858223,0.0046816479400749,252.4785046728972,322.95454545454544,1.9981308411214955,0.0074626865671641,479.1873417721519,536.2779156327543,1.5873417721518988,0.0,515.0223048327138,640.827067669173,1.1524163568773234,0.0,333.1979695431472,238.5,1.862944162436548,0.0130208333333333,178.4126984126984,240.0,1.9788359788359788,0.0100334448160535,321.8549747048904,485.7868020304568,2.18212478920742,0.0031007751937984,500.79754601227,545.6782334384858,1.3895705521472392,0.0054474708171206,696.5258215962441,559.0610328638497,1.865414710485133,0.0086505190311418,402.8571428571428,243.7762237762238,0.9547038327526132,0.0044345898004434,128.13963963963965,215.90748898678413,2.045045045045045,0.002079002079002,212.07203389830508,474.0983606557377,2.01271186440678,0.0019880715705765,220.0566801619433,246.5529411764706,2.097165991902834,0.0049321824907521,205.57985257985257,267.6,1.0343980343980343,0.0,109.2485549132948,386.9318181818182,2.6184971098265897,0.0,271.447963800905,554.8085106382979,2.4479638009049776,0.0052493438320209,2756.842105263158,2493.015873015873,13.7,0.005524861878453,347.7410071942446,270.91603053435114,1.5503597122302155,0.0030864197530864,164.5015479876161,114.79876160990712,1.2260061919504643,0.0057471264367816,530.0,250.4651162790697,2.5517241379310347,0.0,211.26315789473685,237.7894736842105,1.694736842105263,8,0,0,0.15529039621202134
120,202411,29,0,0.0106382978723404,639.2033096926714,584.4927536231884,4.914893617021277,0.0030987162461266,537.1759504862953,553.3273862622658,1.6304155614500442,0.0033738191632928,428.9795918367347,362.5876010781671,2.061224489795918,0.0018921475875118,775.7164461247637,573.4828897338404,2.170132325141777,0.0035335689045936,302.4946996466431,251.10320284697508,1.3286219081272084,0.0075821398483572,291.60202360876895,226.8717948717949,1.993254637436762,0.0339100346020761,501.6051873198848,631.3675213675214,2.739193083573487,0.0188679245283018,548.3076923076923,410.3076923076923,3.157692307692308,0.0338164251207729,487.52,409.8,0.98,0.0013020833333333,479.21259842519686,366.5284974093264,2.545931758530184,0.0074196207749381,425.2,456.2582781456954,1.4566666666666668,0.0169622205088666,572.0236593059936,527.1762870514821,2.578864353312303,0.0018575851393188,373.9076154806492,388.1134401972873,0.519350811485643,0.0069817400644468,588.5961123110151,526.738894907909,2.197624190064795,0.0108757870635374,818.9651972157773,797.3210161662818,2.127610208816705,0.0052219321148825,875.5714285714286,676.9771528998242,2.357142857142857,0.0023419203747072,462.2535211267606,875.0704225352113,1.2863849765258215,0.0030395136778115,380.60790273556233,318.5321100917431,1.656534954407295,0.025,854.014598540146,1041.6176470588234,3.6751824817518246,0.0040183696900114,514.405311778291,409.9884925201381,2.674364896073903,0.0020429009193054,371.6770186335404,355.6275303643725,1.5113871635610765,0.0054436581382689,516.6447368421053,482.4918032786885,1.7357456140350878,0.0293122886133032,396.2237762237762,497.0833333333333,1.219114219114219,0.0025906735751295,379.6640826873385,457.4412532637076,1.79328165374677,0.0012437810945273,586.0911330049261,484.23173803526447,2.0541871921182264,0.00119189511323,551.451536643026,684.722891566265,1.9125295508274232,0.0024038461538461,554.7,601.152,1.6919354838709677,0.0056497175141242,351.92105263157896,406.2595419847328,1.8195488721804511,0.0014619883040935,517.1232091690545,453.0538922155689,1.7908309455587392,0.001639344262295,470.60983606557375,300.19736842105266,2.2688524590163937,0.0063051702395964,572.235142118863,700.3990024937656,2.1214470284237725,0.0053475935828877,208.21236559139783,220.6451612903226,1.0806451612903225,0.0143442622950819,409.04564315352695,571.75,2.900414937759336,0.0,435.88850174216026,360.4152249134948,1.048780487804878,8,0,0,0.036924814851004406
121,202411,30,0,0.0105509964830011,2751.3396226415093,2304.5714285714284,3.6202830188679247,0.002698535080956,801.9324009324009,925.8,1.3783993783993784,0.0051428571428571,717.3505747126437,729.2307692307693,2.187356321839081,0.003831417624521,1148.2534775888716,1210.540581929556,2.519319938176198,0.0028288543140028,788.46875,782.7195467422097,1.03125,0.007628294036061,1200.7594405594405,806.731843575419,2.7146853146853145,0.0397476340694006,580.9698558322411,547.8260869565217,2.3892529488859764,0.0128410914927768,816.742671009772,1735.12987012987,4.055374592833876,0.0160642570281124,1150.172131147541,977.0731707317074,1.860655737704918,0.0064766839378238,841.09375,719.2167101827677,1.7916666666666667,0.0050359712230215,888.121387283237,776.7872648335746,1.3988439306358382,0.012012012012012,1009.5503048780488,1156.5454545454545,3.355182926829268,0.0,1066.3051181102362,1036.7716535433071,0.4596456692913386,0.0056818181818181,857.3257359924027,908.523400191022,2.3228869895536564,0.0060408921933085,1315.6830855018588,1260.9031044214487,1.902416356877324,0.0034770514603616,1409.622905027933,1194.068340306834,2.0083798882681565,0.0041109969167523,779.9338842975206,851.1340206185567,1.0805785123966942,0.0013351134846461,730.9383378016086,935.2,1.4557640750670242,0.0182370820668693,1026.9752321981423,898.328173374613,2.7523219814241484,0.0048569886670264,570.9264069264069,566.7391304347826,2.215367965367965,0.0019685039370078,706.0295857988166,706.8639053254437,1.9743589743589745,0.0025920165889061,708.9211618257261,728.1875,2.7261410788381744,0.0059820538384845,942.5851703406812,756.2650602409639,1.0180360721442885,0.0042417815482502,634.9170212765957,758.5074626865671,2.0446808510638297,0.0021030494216614,769.535864978903,1006.8631578947368,2.1413502109704643,0.0010460251046025,863.9245283018868,1029.163179916318,2.358490566037736,0.0012836970474967,958.940797940798,1061.1296534017972,1.3848133848133848,0.0052173913043478,502.2140350877193,727.9442508710802,2.3614035087719296,0.0039267015706806,854.0342105263157,955.2755905511812,1.95,0.0029985007496251,652.7927927927927,833.4939759036145,2.1021021021021022,0.0,952.2748091603054,1089.4857142857145,1.3797709923664123,0.0165394402035623,272.8238341968912,224.49612403100767,1.1088082901554404,0.0082508250825082,988.2,785.5813953488372,3.006666666666667,0.0,727.0700636942676,699.8076923076923,2.707006369426752,1,0,0,0.0525284410009732
122,202412,1,0,0.0162162162162162,1554.0176991150445,1218.340611353712,3.2898230088495577,0.0048435171385991,810.7821856287425,862.6966292134831,1.5785928143712575,0.0140388768898488,693.4346405228758,766.0572687224669,1.4509803921568627,0.0135135135135135,2242.639885222381,2083.182608695652,2.261119081779053,0.0054945054945054,1257.2845303867402,1081.657458563536,1.4972375690607735,0.0126582278481012,1170.718309859155,1094.0949935815147,2.7285531370038414,0.0704225352112676,891.64631043257,993.9097744360902,3.076335877862596,0.0119225037257824,982.5903614457832,1066.9486404833838,3.253012048192771,0.0497737556561085,1562.0188679245282,1356.923076923077,1.3867924528301887,0.0076502732240437,630.9251101321586,647.4449339207049,2.502202643171806,0.0090215128383067,652.6050420168067,689.5798319327731,1.3277310924369747,0.0205091937765205,938.5945165945166,1147.6300578034682,3.0721500721500723,0.0028142589118198,1137.3276995305164,1152.554194156456,0.7727699530516432,0.0205761316872428,673.0243217960711,613.923578751165,1.6005612722170253,0.0091027308192457,1373.1923076923076,1511.401050788091,1.6512237762237765,0.018217306441119,1826.686092715232,1941.3262599469497,1.9483443708609272,0.0,1133.5169491525423,1421.987315010571,1.4173728813559323,0.0037174721189591,653.8805970149253,625.223880597015,1.7885572139303485,0.0275862068965517,1059.5382436260622,911.0795454545456,2.263456090651558,0.0208030962747943,590.6501976284585,673.3399209486166,1.523715415019763,0.0079016681299385,599.8938053097345,708.9557522123894,1.384070796460177,0.0078776645041705,673.3333333333334,651.3644859813085,1.7525676937441643,0.005819592628516,816.169921875,682.4561403508771,0.75390625,0.0061538461538461,1199.03933747412,1121.4567901234568,4.105590062111801,0.0077745383867832,1210.6484375,1020.2357563850688,1.603515625,0.0076045627376425,712.1379310344828,1259.7701149425288,1.6398467432950192,0.0064350064350064,907.9377431906614,871.7464424320827,1.2036316472114137,0.0190779014308426,590.1132686084143,1058.7662337662337,2.0323624595469254,0.0049321824907521,733.9402985074627,928.8888888888888,2.067164179104477,0.0081521739130434,637.9945205479452,458.4657534246575,1.9945205479452053,0.0019120458891013,1558.218809980806,1548.642447418738,2.2476007677543186,0.0164348925410872,483.5283505154639,304.05641025641023,0.7835051546391752,0.0095238095238095,1122.2508038585208,1247.5399361022364,4.167202572347267,0.0024539877300613,765.2579852579853,678.0295566502463,2.366093366093366,1,0,0,0.07359113104475379
123,202412,2,0,0.014069264069264,929.4473684210526,851.8681318681319,5.782894736842105,0.0038022813688212,710.667680608365,625.0114942528736,1.629657794676806,0.0172320947765212,887.3741721854304,1077.127312295974,1.805739514348785,0.0438218390804597,2534.636090225564,2570.4504504504503,2.6676691729323307,0.0083449235048678,660.7584269662922,750.5882352941177,1.053370786516854,0.0019417475728155,874.5623376623377,712.6943005181347,2.0584415584415585,0.0921985815602836,1706.853626943005,1594.869109947644,4.528497409326425,0.0015503875968992,969.1021671826626,650.8411214953271,3.8947368421052633,0.0651340996168582,2512.450819672132,2459.5081967213114,3.221311475409836,0.0066079295154185,820.4867256637168,717.2,3.446902654867257,0.0078236130867709,694.6418338108882,688.9239598278335,1.8968481375358168,0.0049893086243763,1120.1692969870876,941.0300429184548,2.6269727403156384,0.0029083858458555,819.201166180758,849.1050583657587,0.7755102040816326,0.0188146754468485,716.7846889952153,716.599423631124,1.8440191387559808,0.0138440239963082,1261.7355996222852,1351.4907235621522,1.7440982058545798,0.0093457943925233,1315.1547779273217,1507.0850202429149,1.8748317631224765,0.0010940919037199,785.4035087719299,798.6433260393873,1.043859649122807,0.0011933174224343,719.7129186602871,811.5035799522673,1.832535885167464,0.0474137931034482,1305.8791540785498,1185.7228915662652,2.02416918429003,0.0182716049382716,951.7093844601412,907.3420260782348,2.4732593340060545,0.0096237970253718,908.2249560632688,814.1030195381883,1.0896309314586994,0.0082604470359572,801.3111545988259,939.3915603532876,2.24559686888454,0.0049164208456243,940.488188976378,649.7619047619048,1.0728346456692914,0.0040485829959514,1000.0731707317074,1346.3150406504064,2.463414634146341,0.0089374379344587,1092.828629032258,1016.0557768924302,3.471774193548387,0.0040485829959514,939.2367346938776,1080.334008097166,1.9836734693877551,0.0104031209362808,797.4803149606299,720.9473684210526,1.1351706036745406,0.003338898163606,560.5906040268457,804.6822742474916,2.3758389261744965,0.005050505050505,824.0429292929293,982.0408163265306,2.3484848484848486,0.0042492917847025,1005.0,1058.974358974359,2.09375,0.0126336248785228,878.8310412573674,806.2721893491124,1.4577603143418467,0.0167525773195876,411.0208333333333,542.6912928759895,1.1197916666666667,0.0142630744849445,877.2347266881029,864.1157556270097,1.585209003215434,0.0012210012210012,898.9731051344743,822.1026894865525,1.3863080684596576,10,0,0,0.10564681664805176
124,202412,3,0,0.0072115384615384,534.9152542372881,724.7941888619855,4.147699757869249,0.0062166962699822,566.3490650044523,523.9103139013453,1.3018699910952805,0.0046948356807511,620.1875843454791,749.6366083445491,1.7004048582995952,0.0073937153419593,1237.9037037037035,1285.6179775280898,2.2222222222222223,0.0072332730560578,343.3138686131387,338.6181818181818,1.124087591240876,0.0038971161340607,490.9179810725552,495.9316770186336,2.222397476340694,0.09,828.5886970172685,1026.875981161695,2.659340659340659,0.0018348623853211,870.9333333333333,789.4160583941606,2.7814814814814817,0.0346320346320346,531.5585585585585,505.7142857142857,0.972972972972973,0.0011764705882352,474.1843971631206,530.0,4.184397163120567,0.0122448979591836,359.4069192751236,330.6467661691542,1.1911037891268534,0.0073529411764705,378.0539033457249,543.7638376383763,2.9851301115241635,0.0033898305084745,260.95238095238096,427.8231292517007,0.546485260770975,0.0108385624643468,436.0046189376444,448.06451612903226,2.0,0.0066964285714285,800.0650953984288,730.2587176602925,1.7856341189674525,0.0085669781931464,1030.976377952756,1003.8244514106584,2.532283464566929,0.0012062726176115,568.2493946731234,665.2048192771084,1.2130750605326877,0.0014814814814814,456.7857142857143,390.5325443786982,1.7202380952380951,0.0646853146853146,553.1598513011153,951.654135338346,2.442379182156134,0.0181711606096131,718.7112171837708,704.3010752688172,2.0656324582338903,0.0435663627152988,461.3924050632912,469.531914893617,1.20042194092827,0.0066305003013863,374.0193704600485,527.007299270073,1.88135593220339,0.0192743764172335,649.1308411214953,607.8260869565217,1.3364485981308412,0.0038363171355498,424.574358974359,429.3676092544987,2.212820512820513,0.0138888888888888,642.383631713555,662.9230769230769,2.370843989769821,0.0012135922330097,506.1463414634146,920.90799031477,1.6658536585365853,0.0033955857385398,388.79661016949154,496.027397260274,1.0372881355932204,0.0154142581888246,344.4117647058824,526.171875,2.549019607843137,0.0015360983102918,543.5876923076924,670.1538461538462,2.0246153846153847,0.0035335689045936,386.9858156028369,575.1063829787234,1.7304964539007093,0.0097493036211699,442.4373259052925,497.7272727272728,1.5376044568245126,0.0027322404371584,249.22252747252747,297.6256830601093,1.543956043956044,0.0140845070422535,670.0714285714286,509.3571428571428,2.0107142857142857,0.0061804697156983,517.0719602977667,452.46882793017454,1.8213399503722083,8,0,0,0.0433291963710265
125,202412,4,0,0.0165876777251184,1458.3875598086124,1089.3203883495146,14.208133971291868,0.0121676430824695,1150.4357338195075,1070.1917808219175,4.873290793072014,0.0080058224163027,667.3792093704246,610.0588235294117,2.579795021961933,0.040650406504065,2119.6275992438564,1826.4540337711069,4.776937618147448,0.0057142857142857,680.9961685823755,634.9425287356322,1.0153256704980842,0.0087163232963549,682.0192307692307,473.7799043062201,2.088141025641025,0.1024561403508771,1256.0188087774295,1240.436817472699,3.619122257053292,0.0119760479041916,809.491935483871,582.0242914979757,5.25,0.0489795918367346,1038.3706896551723,754.3589743589744,1.0862068965517242,0.0095124851367419,465.68674698795184,622.9665071770335,4.265060240963855,0.0092827004219409,833.4358974358975,866.2818336162989,3.74017094017094,0.0037243947858473,637.3376623376623,461.0169491525424,2.801484230055659,0.0034502587694077,648.6346820809249,460.2995391705069,0.892485549132948,0.0190156599552572,637.8082191780821,482.87015945330296,1.8824200913242009,0.0099557522123893,1293.9422863485015,1044.634420697413,5.771365149833518,0.0248198558847077,1202.559934318555,992.9064039408868,4.011494252873563,0.0109622411693057,706.8630806845965,478.2133995037221,0.8508557457212714,0.0120663650075414,801.6349693251534,671.4893617021277,4.911042944785276,0.0890756302521008,1184.9446494464944,797.0479704797048,7.405904059040591,0.0208955223880597,616.4634146341464,711.8780487804878,3.2158536585365853,0.0371549893842887,351.0467706013363,343.2314410480349,1.3697104677060137,0.0073982737361282,489.09316770186336,456.8944099378882,2.253416149068323,0.0191441441441441,589.9568181818182,543.4802784222737,1.813636363636364,0.0051282051282051,513.7994858611826,497.6744186046512,3.480719794344473,0.0051612903225806,744.1038961038961,568.9119170984455,3.9584415584415584,0.0024420024420024,639.8284313725491,686.9926650366748,2.093137254901961,0.0080357142857142,564.5017985611511,632.1081081081081,1.1474820143884892,0.0040733197556008,503.2254098360656,426.6122448979592,5.713114754098361,0.0030959752321981,715.9534161490683,908.0124223602484,2.8447204968944098,0.0036968576709796,456.35687732342006,327.1111111111111,1.970260223048327,0.0043041606886657,460.1918604651163,490.1142857142857,0.9622093023255814,0.0027137042062415,335.0735694822888,303.2608695652174,1.2670299727520435,0.0157618213660245,816.5124555160143,660.8540925266904,6.580071174377224,0.0012360939431396,701.6417910447761,749.8522167487685,3.987562189054726,1,0,0,0.1020106806178569
126,202412,5,0,0.1160520607375271,2989.088019559902,1755.5172413793102,5.97799511002445,0.0087536473530637,764.6976351351351,785.2261306532663,1.8859797297297296,0.0116492949110974,646.4925373134329,578.3168316831683,2.232587064676617,0.0155355682747342,974.8314049586776,1327.9599332220366,2.8231404958677686,0.0068728522336769,755.2648083623693,829.4845360824743,1.303135888501742,0.0225127087872185,1821.153273809524,1434.7477744807122,3.2842261904761907,0.0513478818998716,723.1103633916555,723.3469387755102,2.815612382234186,0.0108499095840868,1424.029411764706,1275.9272727272728,4.966911764705882,0.0973154362416107,627.6370370370371,426.2686567164179,2.5481481481481483,0.0325960419091967,1199.855421686747,1133.5096153846157,4.951807228915663,0.0078186082877247,876.0189573459716,944.1509433962264,2.2543443917851502,0.0124127230411171,1022.410094637224,981.4084507042254,3.05205047318612,0.0054112554112554,901.2377850162868,745.1254089422029,1.015200868621064,0.022198731501057,677.9254054054054,614.918918918919,1.8778378378378373,0.033680039623576,1184.9332648870636,1259.5087001023542,1.540041067761807,0.0186706497386109,2064.858877086495,2115.114503816794,3.031866464339909,0.0057339449541284,1938.2735632183908,1731.8055555555557,2.154022988505747,0.007052186177715,747.0422535211268,1014.8424068767908,3.335211267605634,0.0681458003169572,854.8877551020408,1047.5510204081634,2.248299319727891,0.0121078701155751,499.7772828507795,732.6421404682275,3.0334075723830733,0.0194690265486725,605.081081081081,762.8571428571429,1.491891891891892,0.0106621773288439,491.3310580204778,534.3665158371041,1.6757679180887373,0.0355329949238578,1024.2257383966244,704.2436974789916,4.924050632911392,0.008,926.0391705069125,924.7096774193548,2.1036866359447006,0.0193401592718998,1076.9444444444443,1230.5581395348838,1.868055555555556,0.0022962112514351,552.5379310344828,686.2672811059908,1.7264367816091954,0.0168067226890756,769.0233281493001,914.1614906832298,1.4354587869362363,0.0393258426966292,679.921875,881.3229571984435,4.1171875,0.0103397341211226,1717.2985074626863,1562.3283582089553,4.414925373134328,0.0111464968152866,918.1935483870968,638.0064308681672,9.112903225806452,0.005599104143337,1309.5530474040631,1389.8426966292134,1.959367945823928,0.018450184501845,457.1152882205514,360.05263157894734,1.5538847117794483,0.0066666666666666,1606.9565217391305,1518.585858585859,3.62876254180602,0.0134969325153374,2022.4752475247524,1524.75,3.445544554455445,11,0,0,0.1195205967637476
127,202412,6,0,0.0134983127109111,1421.5636363636363,1055.2860411899314,5.581818181818182,0.0062318238471125,634.5652173913044,669.7324414715719,1.4247491638795986,0.0073260073260073,695.8199753390876,704.0981595092024,1.5252774352651048,0.0024570024570024,715.67215815486,606.2847790507365,3.443163097199341,0.0101351351351351,535.8976109215017,516.0409556313994,1.167235494880546,0.0029239766081871,807.9795021961933,749.8678414096917,1.8433382137628112,0.0138067061143984,729.6795727636849,782.3169107856191,2.79305740987984,0.0122377622377622,842.7765957446809,515.4063604240283,2.9326241134751774,0.0135135135135135,321.5090909090909,301.10091743119267,0.8272727272727273,0.0035211267605633,657.1698113207547,805.9764705882353,4.568396226415095,0.0077639751552795,719.4375,635.7366771159875,1.446875,0.0030792917628945,959.530959752322,1041.5408320493066,3.4458204334365323,0.0075228371843095,503.3369447453954,544.8701298701299,0.5135427952329361,0.0079449152542372,634.6168623265742,661.8589743589744,1.9818569903948773,0.0040261701056869,832.4519716885743,796.1212121212121,1.846309403437816,0.0109011627906976,1116.1823529411763,1178.8546255506608,2.169117647058824,0.002283105022831,465.2929061784897,501.96796338672766,1.102974828375286,0.0055632823365785,961.8435754189944,1331.9327731092435,3.357541899441341,0.0431309904153354,570.0966666666667,586.9565217391304,2.9166666666666665,0.0161987041036717,1048.2236842105262,1018.1538461538462,4.339912280701754,0.0125111706881143,987.942238267148,1052.0145190562614,1.8357400722021664,0.0067151650811415,1085.0675675675675,1360.924464487035,1.911036036036036,0.0304568527918781,1198.5911949685535,1305.564853556485,2.7463312368972748,0.002283105022831,727.9016018306636,796.4462242562929,1.7871853546910754,0.013215859030837,636.826280623608,734.0939597315436,1.979955456570156,0.0033898305084745,754.1886363636364,879.5022624434389,1.6477272727272727,0.0030211480362537,772.9090909090909,685.8181818181819,1.2575757575757576,0.0170132325141776,335.4022988505747,541.8532818532818,2.2911877394636013,0.0099573257467994,779.4683908045977,971.4885057471264,2.4827586206896552,0.003257328990228,3053.921568627451,2886.274509803922,11.104575163398692,0.0033707865168539,797.3995485327314,960.1351351351352,1.9435665914221216,0.0173482032218091,317.09068010075566,314.9040404040404,1.3350125944584383,0.045958795562599,1102.6490066225165,856.6,2.920529801324504,0.0048899755501222,1682.9556650246304,1343.3823529411766,1.5270935960591132,10,0,0,0.08607017535970796
128,202412,7,0,0.0447570332480818,2293.4106666666667,1143.0645161290322,3.661333333333333,0.0028382213812677,638.0626780626781,832.9478672985782,3.4881291547958213,0.007656967840735,357.37384615384616,290.8978328173375,1.7815384615384615,0.0089020771513353,378.7952286282306,254.0681362725451,2.415506958250497,0.0,508.8076923076923,666.2068965517242,0.7730769230769231,0.0085470085470085,314.4307692307692,365.0381679389313,2.223076923076923,0.0092827004219409,401.6587436332768,495.79487179487177,3.410865874363328,0.0044843049327354,435.4887892376682,404.7963800904977,3.591928251121076,0.0744186046511627,564.030303030303,425.4,1.0707070707070707,0.0076687116564417,351.26934984520125,339.44444444444446,2.681114551083591,0.0100364963503649,755.2941176470588,585.3604436229206,2.520220588235294,0.0044483985765124,353.613595706619,494.1428571428572,2.883720930232558,0.0012674271229404,324.9720812182741,376.52284263959393,0.6408629441624365,0.0065947242206235,356.7391304347826,403.0639324487334,2.667874396135266,0.0067155067155067,701.6228501228501,665.0184501845018,2.487714987714988,0.0089928057553956,434.6047358834244,524.1591320072333,2.1311475409836067,0.0034843205574912,318.4519906323185,576.4733178654292,1.117096018735363,0.0,585.5555555555555,717.1323529411765,4.618518518518519,0.0185185185185185,354.43697478991595,571.1297071129707,2.4411764705882355,0.007227332457293,420.3166226912929,487.80876494023903,1.720316622691293,0.0068728522336769,341.3888888888889,478.8965517241379,1.210648148148148,0.0047106325706594,321.5155615696888,591.1621621621622,2.1407307171853858,0.0122249388753056,934.3069306930691,777.1782178217821,4.804455445544554,0.0058565153733528,393.3480825958702,474.3529411764706,2.156342182890856,0.0057887120115774,400.5,379.82608695652175,2.201754385964912,0.0014556040756914,456.5102639296188,382.0869565217391,1.81524926686217,0.0041288191577208,389.6076158940397,537.109634551495,0.9602649006622516,0.0048076923076923,356.3816425120773,380.8695652173913,2.6473429951690823,0.0,615.0431893687708,645.2,2.3654485049833887,0.0019646365422396,421.8897637795276,663.5433070866142,1.937007874015748,0.0053404539385847,322.7292225201072,907.741935483871,0.8310991957104558,0.0026281208935611,368.7605263157895,321.688654353562,1.1263157894736842,0.0018281535648994,999.6350364963504,755.2941176470588,4.489051094890511,0.0020491803278688,446.65983606557376,243.4567901234568,1.9098360655737705,8,0,0,0.04398270406947846
129,202412,8,0,0.0034722222222222,582.6993006993007,595.0,2.657342657342657,0.0048899755501222,666.964782964783,783.7346437346438,3.1384111384111386,0.0040674026728646,333.3629976580796,382.7441860465116,1.9274004683840749,0.0129136400322841,478.1372549019608,444.9427168576105,2.321895424836601,0.0048465266558966,500.12012987012986,570.7792207792207,1.077922077922078,0.0036337209302325,466.7918486171761,443.0701754385965,2.518195050946143,0.0098167539267015,434.3624338624339,445.0462351387054,3.060846560846561,0.0,525.4894366197183,407.1126760563381,3.25,0.0631067961165048,756.3917525773196,547.5,1.5051546391752575,0.0118906064209274,677.7403846153846,701.7831325301205,4.259615384615385,0.0060422960725075,599.7260273972603,575.144157814871,2.902587519025875,0.0053887605850654,354.3833075734158,586.6976744186046,2.44822256568779,0.0095288512440444,369.83226495726495,504.3850267379679,0.8269230769230769,0.0066191446028513,317.02868852459017,409.7846153846154,1.964139344262295,0.0020366598778004,442.4316326530612,513.9183673469388,1.436734693877551,0.006423982869379,540.7374461979914,421.294964028777,2.783357245337159,0.0066815144766146,478.9013452914798,656.8385650224216,1.1300448430493273,0.0013157894736842,1475.748031496063,1433.4920634920634,2.3832020997375327,0.0142180094786729,406.9230769230769,460.96153846153845,1.8621794871794872,0.0046728971962616,443.1732776617954,508.4045881126173,1.9739039665970768,0.0065952184666117,520.2329450915141,744.3377483443709,1.535773710482529,0.0026483050847457,625.2866242038217,664.5270988310308,2.278131634819533,0.0070850202429149,735.519348268839,689.3877551020408,2.358452138492872,0.0138740661686232,475.9090909090909,617.1428571428571,3.051948051948052,0.007600434310532,409.7872807017544,315.4585152838428,2.2390350877192984,0.0,464.4120267260579,428.07174887892376,3.4142538975501115,0.0029411764705882,390.05612998522895,426.53902798232696,1.4327917282127032,0.0087873462214411,405.3191489361702,446.8085106382979,1.882978723404256,0.0,709.3863636363636,798.8668555240794,2.3920454545454546,0.0058479532163742,756.0029325513196,600.0,2.5190615835777126,0.0032751091703056,395.50765864332607,551.4473684210526,1.175054704595186,0.0153452685421994,326.7057291666667,287.72020725388603,1.1276041666666667,0.0083194675540765,516.1616161616162,507.4916387959866,4.037037037037037,0.0013315579227696,438.82978723404256,557.9679144385027,2.0824468085106385,8,0,0,0.018555861670759066
130,202412,9,0,0.0124716553287981,1176.632183908046,834.9082568807339,4.3310344827586205,0.0058357649020425,565.8296979865772,596.0536462699077,2.290268456375839,0.0050282840980515,398.8441064638784,380.85642317380353,2.420785804816223,0.0049099836333878,485.2388797364086,683.9408866995074,2.8336079077429983,0.0,539.3378839590443,569.283276450512,2.2218430034129693,0.0094959824689554,448.2547864506627,418.31610044313146,1.8217967599410896,0.0186294078509647,741.3166441136672,563.804347826087,3.682002706359946,0.0017953321364452,663.1992753623189,634.9285714285714,2.630434782608696,0.1466165413533834,1463.1052631578948,1115.575221238938,3.807017543859649,0.0023474178403755,459.2470588235294,561.3176470588236,5.272941176470588,0.0108275328692962,394.21875,492.4882629107981,2.584375,0.005380476556495,516.9506172839506,505.4489164086687,5.313271604938271,0.0061130922058074,751.6882051282051,786.0860655737705,2.4112820512820514,0.0054406964091403,633.6448087431694,606.9003285870756,4.06448087431694,0.0042105263157894,421.0,447.399577167019,1.6670190274841437,0.0580688723835246,595.9885550786838,567.6939655172414,2.363376251788269,0.0034246575342465,345.77522935779814,673.1807780320366,1.011467889908257,0.0028089887640449,649.0140845070423,607.6056338028169,2.087323943661972,0.024390243902439,334.8333333333333,524.0,2.4766666666666666,0.0049207217058501,468.94169416941696,384.82985729967066,2.2992299229922994,0.0009099181073703,374.07272727272726,469.05109489051097,1.7563636363636363,0.0083752093802345,381.1248593925759,393.348365276212,2.6490438695163103,0.0020811654526534,561.475,538.6221294363256,1.96875,0.003405221339387,412.0865603644647,343.1890660592255,2.5763097949886107,0.0022421524663677,288.27191011235954,477.0337078651685,2.0786516853932584,0.0,370.39229024943313,403.4013605442177,1.54421768707483,0.0037453183520599,513.894578313253,390.990990990991,1.036144578313253,0.005736137667304,187.0076923076923,262.38461538461536,2.5923076923076924,0.0014245014245014,488.6028571428572,387.1794871794872,2.9828571428571427,0.0016233766233766,467.2964169381107,424.4805194805195,2.3094462540716614,0.0176600441501103,450.5101123595506,589.6179775280899,1.4314606741573033,0.0053547523427041,225.5710455764075,267.72972972972974,1.1313672922252012,0.0,208.79194630872485,248.4280936454849,3.365771812080537,0.003690036900369,579.1111111111111,427.8518518518519,1.6987654320987655,8,0,0,0.051389609442308526
131,202412,10,0,0.022754491017964,1150.5073529411766,972.7941176470588,5.029411764705882,0.0043859649122807,931.2482394366198,826.4021164021163,3.741197183098592,0.002896451846488,346.56277056277054,484.561403508772,2.2914862914862915,0.0018726591760299,534.2682926829268,429.906191369606,2.544090056285178,0.0078431372549019,485.7233201581028,620.1581027667984,1.434782608695652,0.0376470588235294,829.6639477977161,826.6123778501628,3.484502446982056,0.0300978179082016,628.8429237947123,775.3560371517028,3.474339035769829,0.0277185501066098,1207.6929824561405,334.2105263157895,6.530701754385965,0.0191387559808612,637.2549019607843,873.7864077669902,1.431372549019608,0.0358796296296296,1317.6923076923076,1295.1079136690648,5.149038461538462,0.0043103448275862,552.0833333333334,466.7357512953368,2.8819444444444446,0.0314893617021276,1088.8119507908611,990.7908611599296,6.639718804920914,0.0124434389140271,589.5652173913044,656.0091743119266,2.5892448512585813,0.0045766590389016,448.6712643678161,417.0344827586207,2.839080459770115,0.0067796610169491,601.0842824601367,560.6590909090909,1.6605922551252847,0.0024193548387096,791.6396103896104,778.1272141706925,1.9724025974025967,0.0025,324.6616541353383,355.9398496240602,1.2832080200501252,0.0015290519877675,463.6697247706422,489.20245398773005,3.336391437308869,0.025,418.9084249084249,382.6373626373626,2.21978021978022,0.0060790273556231,430.8557457212714,380.4895960832313,2.0122249388753057,0.0032930845225027,294.7136563876652,377.1806167400881,2.409691629955947,0.012883435582822,387.6463262764632,456.40198511166255,2.2665006226650064,0.0211111111111111,558.915909090909,695.5102040816327,1.4227272727272726,0.0076726342710997,673.8041237113403,412.39948453608247,4.203608247422681,0.0164556962025316,811.5051282051282,616.4341085271318,2.812820512820513,0.0072727272727272,505.9779951100245,368.4878048780488,2.2029339853300733,0.0458477508650519,458.5452898550725,549.038112522686,1.3731884057971016,0.0122950819672131,353.3941908713693,470.7883817427386,4.037344398340249,0.0030911901081916,1582.5723076923075,1192.3125,5.704615384615384,0.0125673249551166,366.3272727272727,401.2363636363637,2.4654545454545453,0.002932551319648,329.77647058823527,448.5882352941176,1.3205882352941176,0.0026737967914438,485.42627345844505,364.8713136729223,1.477211796246649,0.0017793594306049,1615.7142857142858,689.2526690391459,3.003571428571429,0.0098039215686274,728.5707196029776,674.3703703703703,4.399503722084368,8,0,0,0.08450300256462162
132,202412,11,0,0.0720930232558139,3309.0375939849623,1595.4887218045112,4.358395989974937,0.0043936731107205,616.7491166077739,700.1058201058202,2.454063604240283,0.0035161744022503,460.45133991537375,502.7118644067797,2.5839210155148096,0.0081081081081081,1130.961887477314,1179.1636363636364,3.475499092558984,0.02734375,1193.3654618473895,1318.0722891566263,4.650602409638554,0.1174743024963289,2425.8016666666667,1697.2142857142858,5.215,0.0105026256564141,361.0212121212121,385.3110773899848,2.868181818181818,0.0364372469635627,1215.2092050209203,858.2278481012659,6.527196652719665,0.0493273542600896,502.3428571428572,453.0280373831776,1.1142857142857143,0.2146341463414634,3003.5467980295566,2164.812030075188,15.366995073891626,0.0126689189189189,588.3704974271012,794.641638225256,1.6415094339622642,0.0302521008403361,1267.8626086956522,1151.0880829015543,5.193043478260869,0.0184254606365159,767.8997722095672,615.3409090909091,1.9168564920273348,0.0133853876185164,422.197963800905,400.6779661016949,2.002262443438914,0.0287574606619641,957.586592178771,1011.4860335195532,2.480446927374301,0.0144346431435445,1023.8863636363636,872.773246329527,3.413961038961039,0.0037688442211055,1328.015113350126,1293.6363636363635,6.758186397984887,0.022189349112426,609.1117824773414,708.9090909090909,2.392749244712991,0.0179533213644524,649.4343065693431,634.5054945054945,2.7372262773722627,0.0060532687651331,388.57490864799024,525.4567600487211,2.4652862362971986,0.002139037433155,480.258064516129,497.4358974358975,2.255913978494624,0.024639423076923,373.5960591133005,434.9445129469791,2.522167487684729,0.0611169652265542,290.1932584269663,489.1479820627803,1.0449438202247192,0.0249376558603491,685.3112244897959,671.8128205128205,2.716836734693877,0.0575980392156862,1072.0892388451443,985.5154639175256,2.8661417322834644,0.0132530120481927,827.5696821515893,886.0317073170731,1.9168704156479217,0.0167696381288614,1163.6064400715563,1304.4324324324325,5.293381037567084,0.032,601.4876033057851,732.1487603305785,6.979338842975206,0.0416047548291233,1060.8792569659445,1067.142857142857,6.126934984520124,0.1397849462365591,664.7142857142857,430.5,2.039285714285714,0.001466275659824,1401.941348973607,1283.6470588235295,4.32258064516129,0.0067024128686327,322.6972972972973,285.44474393531,1.572972972972973,0.0019083969465648,3019.6946564885498,1699.0804597701149,6.324427480916031,0.0574850299401197,1926.243654822335,1632.5190839694656,5.175126903553299,11,0,0,0.2368214229589679
133,202412,12,0,0.0091012514220705,1460.625287356322,1244.3371559633028,4.147126436781609,0.008713692946058,783.4723154362416,738.0451127819549,1.3758389261744963,0.0061274509803921,621.7305315203955,565.9040590405904,2.012360939431397,0.0119904076738609,1090.2019386106624,1126.482982171799,2.655896607431341,0.0083892617449664,673.1182432432432,647.3898305084746,1.070945945945946,0.0109329446064139,878.6106194690266,832.9307805596466,2.230088495575221,0.0065963060686015,531.8618857901727,541.0053120849933,2.9721115537848606,0.0144144144144144,794.7472527472528,1070.14598540146,4.981684981684982,0.0918727915194346,596.8449612403101,207.65625,2.565891472868217,0.0128205128205128,702.1698113207547,999.7163120567376,2.8985849056603774,0.0069930069930069,532.112676056338,392.018779342723,1.3849765258215962,0.0153491941673062,846.3104524180967,1010.0934579439252,3.2745709828393137,0.0061287027579162,576.3065843621399,590.3285420944559,0.4753086419753086,0.0126916975145425,485.76420150053593,420.8351177730193,2.442658092175777,0.0120481927710843,1220.679187817259,1345.5747711088504,1.6873096446700508,0.0092198581560283,1004.4091559370528,1156.504297994269,2.107296137339056,0.0033898305084745,728.4363636363636,872.579185520362,1.209090909090909,0.0042016806722689,565.7865168539325,584.7887323943662,1.3117977528089888,0.0246710526315789,777.7205387205387,834.527027027027,3.0841750841750843,0.0043572984749455,611.0526315789474,592.0742358078603,2.719298245614035,0.012400354295837,861.1827956989247,540.754039497307,3.0376344086021505,0.0110803324099723,740.1121076233184,527.973124300112,3.236547085201794,0.0110441767068273,399.3805668016194,795.030549898167,1.3846153846153846,0.0067567567567567,761.0361990950227,632.0022727272727,2.0429864253393664,0.0011248593925759,679.1554054054054,666.7567567567568,1.8018018018018016,0.0,778.8013544018058,721.0793650793651,1.8058690744920995,0.0022727272727272,728.2625189681336,650.6079027355623,1.1638846737481032,0.0096711798839458,509.65234375,768.28125,1.98828125,0.0028653295128939,614.301724137931,511.0344827586207,1.8045977011494247,0.0031847133757961,787.6624203821656,751.9230769230769,4.436305732484076,0.0033076074972436,875.5044247787611,962.9203539823008,1.922566371681416,0.0089285714285714,562.1932989690722,524.26735218509,1.2706185567010309,0.009933774834437,779.1973244147157,618.6622073578595,2.468227424749164,0.0024539877300613,651.1960784313726,824.2962962962963,1.963235294117647,8,0,0,0.03457853599977523
134,202412,13,0,0.0134529147982062,575.1337868480725,810.2050113895216,5.106575963718821,0.0077141697117336,782.9125102207686,762.3480753480753,2.6835650040883072,0.0075493612078977,606.4683840749415,588.140350877193,2.048009367681499,0.0172955974842767,724.6837060702875,902.9807692307692,2.378594249201278,0.0031746031746031,317.4203821656051,508.47133757961785,0.9394904458598726,0.0021337126600284,436.199146514936,552.9428571428572,1.6301564722617354,0.018843404808317,717.402390438247,749.2470277410832,3.804780876494024,0.0068965517241379,797.2465277777778,740.2083333333334,2.5625,0.0847457627118644,968.4148148148148,814.8444444444444,2.844444444444445,0.0081206496519721,532.8504672897196,686.6978922716628,2.670560747663552,0.0051470588235294,636.6568047337278,574.3870014771048,2.2781065088757395,0.0053639846743295,566.9830508474577,662.0338983050848,2.9614791987673343,0.0034965034965034,384.2650602409639,472.7927927927928,0.8012048192771084,0.0163934426229508,518.5146316851665,426.5520728008089,2.139253279515641,0.0035052578868302,973.2452261306532,966.6261306532664,2.301507537688442,0.0070274068868587,481.5756718528996,719.0651558073654,1.7637906647807635,0.0044994375703037,365.8939051918736,483.1221719457014,0.984198645598194,0.0051347881899871,512.8682170542636,463.45360824742266,2.397932816537468,0.0229007633587786,401.475,511.875,2.025,0.0350175087543771,614.688796680498,758.0518134715026,2.0767634854771786,0.0058675607711651,817.4747474747475,781.3175675675676,1.664983164983165,0.0078575170246202,1626.4625131995776,1149.0601900739175,5.251319957761352,0.0148809523809523,643.5483870967741,756.4587525150905,1.4193548387096775,0.0042328042328042,338.6263269639066,372.88510638297873,2.237791932059448,0.002127659574468,456.8742004264392,395.82089552238807,1.5863539445628998,0.0,488.1360691144709,732.3849462365591,2.2332613390928726,0.0014398848092152,612.6820809248555,517.3812949640288,1.0303468208092486,0.0,288.0,693.0526315789474,1.3859649122807018,0.00139470013947,519.9916201117319,574.6927374301677,1.7877094972067038,0.0087209302325581,703.6363636363636,744.9853372434018,2.222873900293255,0.0021786492374727,758.6258205689278,569.0196078431372,1.3457330415754925,0.01125,411.6919191919192,296.65316455696205,1.3257575757575757,0.0066555740432612,610.6354515050167,617.3154362416108,1.5451505016722409,0.0061199510403916,722.2487684729064,685.7142857142857,2.9753694581280787,10,0,0,0.032972236226792684
135,202412,14,0,0.005181347150259,497.0857142857143,455.7180156657964,3.168831168831169,0.0108593012275731,665.6469465648855,808.0229226361032,1.9475190839694656,0.0030534351145038,789.9223744292237,530.2927580893682,1.8188736681887367,0.0386847195357833,676.6323232323232,1169.4589178356714,3.981818181818182,0.0038240917782026,389.4384615384615,263.67816091954023,0.9576923076923076,0.0075187969924812,527.4117647058823,506.5406427221172,2.2144212523719164,0.0084104289318755,848.0996621621622,858.5008517887563,3.8885135135135136,0.0090293453724604,461.82648401826486,901.6363636363636,2.2557077625570776,0.0693430656934306,935.9370078740158,632.34375,2.1496062992125986,0.0136986301369863,591.12,563.405572755418,2.6215384615384614,0.0036630036630036,438.9357798165138,488.3977900552486,2.2715596330275227,0.0088105726872246,701.2491103202847,1179.3250444049734,2.7686832740213525,0.0018915510718789,486.7926675094817,317.1212121212121,0.9039190897597976,0.0615471485036702,578.1612515042118,527.6534296028881,2.3441636582430805,0.0012682308180088,1100.0368020304568,820.7878017789072,2.513959390862944,0.0115555555555555,429.845045045045,408.2423698384201,1.5135135135135136,0.0023228803716608,687.9088785046729,1004.2691415313224,2.093457943925233,0.010948905109489,446.6666666666667,494.3382352941176,2.337037037037037,0.0167364016736401,354.3829787234043,448.3404255319149,3.102127659574468,0.0078431372549019,624.9565789473684,664.8284960422163,2.4921052631578946,0.0034642032332563,478.0510440835267,521.8055555555555,2.4872389791183296,0.0039946737683089,1027.2994652406417,1339.4919786096257,4.188502673796791,0.0024213075060532,658.502427184466,850.3398058252427,2.104368932038835,0.0072992700729927,516.3097345132743,554.9560117302053,2.9557522123893807,0.0043668122270742,551.4252199413489,233.35276967930028,2.222873900293255,0.001466275659824,708.7846607669617,749.4736842105264,5.672566371681416,0.0016433853738701,526.0855263157895,391.63097199341024,1.3914473684210529,0.0072115384615384,408.1159420289855,701.0679611650486,2.555555555555556,0.0066334991708126,623.17,428.0267558528428,2.296666666666667,0.0038986354775828,687.9098039215686,714.375,2.164705882352941,0.0104849279161205,396.3994708994709,476.49867374005305,1.843915343915344,0.0052083333333333,534.1618798955614,348.503937007874,2.0678851174934727,0.0054347826086956,384.963503649635,420.6545454545454,1.6167883211678833,0.0,937.5308641975308,790.0819672131148,1.300411522633745,8,0,0,0.04861994854182783
136,202412,15,0,0.0046136101499423,618.6976744186046,531.270207852194,2.8488372093023258,0.0117742590336987,738.2493827160494,768.4823625922887,3.719341563786008,0.0115473441108545,486.0480093676815,602.9370629370629,2.028103044496487,0.0653343581860107,1145.770491803279,982.4752475247524,3.647540983606557,0.0047393364928909,500.3987341772152,429.3630573248408,1.2341772151898731,0.0107913669064748,620.8853410740203,617.1428571428571,2.085631349782293,0.0097911227154047,441.5833333333333,456.5045992115637,3.043650793650793,0.0122377622377622,585.6395759717315,718.2978723404256,2.0176678445229683,0.0,1059.1774193548388,986.3414634146342,2.3870967741935485,0.0142687277051129,487.2463768115942,402.2168674698795,2.577294685990338,0.0104712041884816,378.3987915407855,536.9137670196671,1.4108761329305135,0.005380476556495,766.3523956723338,1067.2024729520865,4.120556414219474,0.0020181634712411,836.0645812310797,762.9179331306991,2.398587285570131,0.1069640418752844,512.8673469387755,483.6048879837067,2.523469387755102,0.0265763418447107,1402.931182795699,1157.2068230277189,3.170967741935484,0.0129310344827586,955.8183139534884,968.396501457726,3.020348837209302,0.0033333333333333,620.1135857461024,837.1875,1.7037861915367485,0.0682095006090134,385.15625,345.0393700787401,2.0572916666666665,0.0430622009569378,1068.1571906354516,1350.6976744186047,4.030100334448161,0.0108303249097472,426.5568300312826,490.0729927007299,2.013555787278415,0.0041771094402673,484.2211055276382,594.3529411764706,1.887772194304857,0.0036649214659685,571.4495798319327,606.1829652996845,2.599789915966386,0.0059405940594059,481.1553784860558,540.7171314741036,2.639442231075697,0.0231092436974789,797.0579399141631,501.6767241379311,3.5343347639484977,0.0075675675675675,639.4239130434783,574.9781659388647,2.476086956521739,0.0033222591362126,540.183628318584,679.8214285714286,1.8097345132743363,0.0100574712643678,493.7656477438137,465.3256150506512,0.9286754002911208,0.0053003533568904,534.8754448398577,661.4893617021277,2.217081850533808,0.0237430167597765,764.9171428571428,629.5702005730659,2.9571428571428573,0.0057553956834532,516.679190751445,594.4347826086956,2.393063583815029,0.0075839653304442,580.9324618736383,793.5229759299781,1.96078431372549,0.01953125,330.4533333333333,350.1587301587302,1.488,0.0033444816053511,368.6868686868687,578.3277591973244,1.4612794612794613,0.0053050397877984,596.1702127659574,640.2673796791444,1.925531914893617,8,0,0,0.054554383784591765
137,202412,16,0,0.0225479143179255,1483.75,1082.4827586206898,5.0532407407407405,0.1342412451361867,3114.9540229885056,2673.290676416819,21.28028293545535,0.0225,704.5649935649935,682.7954256670902,1.821106821106821,0.0278662420382165,1035.950819672131,1040.523731587561,2.724590163934426,0.0050251256281407,644.0505050505051,348.2828282828283,1.585858585858586,0.0202458423716558,877.2222222222222,724.8529411764706,2.8844444444444446,0.011889035667107,665.7757009345794,581.4457831325301,3.60347129506008,0.0211267605633802,1289.5323741007194,914.6762589928056,2.802158273381295,0.024,408.8032786885246,390.0,1.4098360655737705,0.0856832971800433,2276.729857819905,1218.3847980997623,14.040284360189574,0.0416351249053747,1073.8853503184714,1136.1442006269592,4.802547770700637,0.0354716981132075,811.1778471138846,946.0596546310832,7.850234009360374,0.0131578947368421,626.9262295081967,547.6386036960986,1.1772540983606556,0.0388945752302968,500.6641791044776,345.63829787234044,2.7569296375266523,0.0197813638729828,1086.2271762208068,1158.8735387885229,2.780254777070064,0.0138081395348837,892.9674556213017,798.186490455213,2.5606508875739644,0.0257558790593505,847.848623853211,808.3410138248848,2.4220183486238533,0.0168067226890756,1011.896551724138,760.6779661016949,2.336206896551724,0.0419354838709677,848.1342281879195,693.4459459459459,3.916107382550336,0.0220311660397635,670.3044906900328,540.1984564498346,1.868565169769989,0.0337477797513321,495.4411764705882,493.125,1.6966911764705883,0.0198675496688741,1334.7719101123596,956.933408577878,5.340449438202247,0.0285423037716615,741.0062893081761,546.4285714285714,1.6058700209643606,0.0368303571428571,888.5046511627907,825.0415704387991,3.609302325581395,0.0155210643015521,934.0519187358916,923.056179775281,3.2618510158013545,0.0045924225028702,693.1345707656612,1135.451834862385,2.4663573085846866,0.0327272727272727,700.9215686274509,776.4917541229386,1.9064856711915537,0.0225563909774436,502.61538461538464,544.6153846153846,3.796153846153846,0.0201149425287356,1441.0088235294118,885.3157894736842,8.33529411764706,0.0142630744849445,651.1350482315113,517.0418006430868,2.135048231511254,0.0359869138495092,760.1447963800905,670.4524886877828,2.0339366515837103,0.0091743119266055,293.6957671957672,307.6190476190476,1.3227513227513228,0.0149501661129568,1242.7118644067796,1008.9261744966444,4.128813559322034,0.0060975609756097,1009.5331695331696,879.8529411764706,5.285012285012285,1,0,0,0.15460954460711052
138,202412,17,0,0.0083832335329341,630.0145278450364,619.2289156626506,3.312348668280872,0.0538267451640033,885.2180995475113,966.235807860262,1.6669683257918553,0.0104968509447165,381.89635854341736,430.45714285714286,2.060224089635854,0.017163504968383,471.0989010989011,428.0811808118081,2.2014652014652016,0.0,299.1555555555556,387.3333333333333,0.9629629629629628,0.0102120974076983,380.56735340729,351.2241653418124,2.011093502377179,0.0127245508982035,617.4901065449011,460.1510574018127,5.146118721461187,0.0236220472440944,601.124,327.0731707317073,3.712,0.0229357798165137,545.9905660377359,631.9626168224299,0.7924528301886793,0.0221962616822429,368.2857142857143,667.1942446043165,5.142857142857143,0.0250836120401337,910.068493150685,1063.9175257731958,4.207191780821918,0.0236886632825719,668.2876949740034,571.9237435008665,2.8128249566724435,0.006152125279642,367.0866141732283,367.8378378378378,2.1158605174353204,0.0148514851485148,450.7248322147651,364.74916387959865,2.29082774049217,0.0061111111111111,387.4102564102564,403.8565022421525,1.62876254180602,0.0140625,353.7079365079365,423.7958860759493,2.1952380952380954,0.0119617224880382,375.5614457831325,486.86131386861314,1.843373493975904,0.0015151515151515,361.2650602409639,565.1376146788991,1.6746987951807228,0.0259965337954939,297.864768683274,338.220640569395,1.903914590747331,0.0158264947245017,326.0297619047619,338.83194278903454,1.95,0.0106496272630457,262.37068965517244,430.8387096774193,1.762931034482759,0.0178147268408551,305.4479418886199,305.07246376811594,2.548426150121065,0.0226293103448275,505.6194690265487,617.2747252747253,2.606194690265487,0.0102432778489116,335.1291989664083,266.4119170984456,3.142118863049096,0.0234567901234567,383.75634517766497,398.69017632241815,1.807106598984772,0.008443908323281,325.99029126213594,434.0243902439024,2.00242718446602,0.0076660988074957,582.5948717948718,450.0,1.6222222222222222,0.025691699604743,151.46341463414635,246.5587044534413,2.341463414634146,0.0162721893491124,575.8537313432836,873.2727272727273,2.313432835820896,0.0035026269702276,245.3368421052632,324.0845070422535,1.649122807017544,0.0042613636363636,352.0511363636364,388.88252148997134,1.9715909090909087,0.0067842605156037,642.7322404371585,639.4371584699453,2.789617486338798,0.0017667844522968,263.9575971731449,575.3191489361702,4.402826855123675,0.0049382716049382,344.3672456575682,490.4218362282878,2.069478908188586,8,0,0,0.05447653515499262
139,202412,18,0,0.0128354725787631,769.2388758782201,726.1145584725537,5.934426229508197,0.0089628681177976,629.4459809853068,686.3175965665237,1.929991356957649,0.0196211096075778,568.8593103448276,540.0,1.5103448275862068,0.0137812230835486,637.4340949033392,523.2291666666666,2.664323374340949,0.0052264808362369,1363.0,923.916083916084,4.5508771929824565,0.0075131480090157,725.797583081571,705.432473444613,2.6268882175226587,0.0252707581227436,654.8293768545994,703.5798816568048,2.9183976261127595,0.0130597014925373,754.4644194756554,933.2061068702292,3.348314606741573,0.045662100456621,923.4716981132076,872.6213592233009,0.7075471698113207,0.0011976047904191,817.9176755447942,961.5676959619952,6.193704600484262,0.020096463022508,1403.704248366013,1366.65568369028,7.080065359477124,0.0076013513513513,780.7018739352641,918.6734693877552,4.211243611584327,0.0065934065934065,1451.421342134213,1194.5939933259176,7.328932893289329,0.0107991360691144,469.585152838428,510.57096069868993,1.962882096069869,0.0086160473882606,520.4794816414687,571.2786885245902,2.1965442764578835,0.0192878338278931,858.6455505279034,538.8163884673748,2.300150829562594,0.010332950631458,1164.2260273972602,551.0377358490566,5.495433789954338,0.0044247787610619,663.0,816.8955223880597,1.8735294117647057,0.0714285714285714,733.2631578947369,754.9128919860627,2.308771929824561,0.0557087699944842,703.889281507656,820.8806488991888,1.4570082449941106,0.007399577167019,595.2462526766595,559.1949152542373,1.2376873661670236,0.0143626570915619,1315.5582524271845,1258.0315917375456,5.122572815533981,0.0237068965517241,570.9933774834437,422.9139072847682,1.4326710816777042,0.0061804697156983,738.88,800.1980198019802,4.2825,0.0198598130841121,593.8854415274463,506.8571428571428,2.324582338902148,0.0060096153846153,583.3737864077669,740.8192771084338,1.8932038834951457,0.0024350649350649,836.812091503268,676.7260940032415,2.6862745098039214,0.015267175572519,520.2384615384616,737.8125,2.0923076923076924,0.0103244837758112,771.2365269461078,770.5637982195846,2.745508982035928,0.0019685039370078,2918.691056910569,1424.8275862068965,22.43089430894309,0.0049813200498132,1428.0251256281408,1058.3042394014965,8.547738693467336,0.0271317829457364,623.8968253968254,464.1013333333333,1.447089947089947,0.1863442389758179,523.3910034602076,327.98586572438165,2.314878892733564,0.0036855036855036,430.22222222222223,637.2413793103449,1.488888888888889,10,0,0,0.1701924651678275
140,202412,19,0,0.0184757505773672,1073.4953051643192,637.9245283018868,2.42018779342723,0.0097200622083981,686.7478397486253,757.9591836734694,1.1578947368421053,0.0261256253474152,873.2308571428572,758.2440136830103,1.6034285714285714,0.0297666934835076,2902.3828382838283,2359.0,5.836633663366337,0.0015128593040847,697.5903614457832,637.5,1.430722891566265,0.0064981949458483,710.4389534883721,593.1104651162791,1.9578488372093024,0.0258278145695364,732.6016371077762,630.2439024390244,2.572987721691678,0.0102214650766609,754.236301369863,868.6505190311418,2.5753424657534247,0.0136363636363636,1060.4311926605506,632.2222222222222,2.4220183486238533,0.0070671378091872,769.0521327014218,631.7814726840855,2.751184834123223,0.0150943396226415,527.3119266055046,537.5115207373271,1.3837920489296636,0.016220600162206,828.7483443708609,910.64039408867,3.2764900662251657,0.0071077091306724,664.8659340659341,547.9470198675497,0.7065934065934066,0.0357627885921231,615.796052631579,585.9287054409006,2.1522556390977443,0.011025886864813,1438.9339164237124,2271.063829787234,3.2312925170068025,0.0174291938997821,1213.4940828402366,944.5790251107828,1.621301775147929,0.0115667718191377,1226.323467230444,1004.06852248394,2.429175475687104,0.0106382978723404,651.7520215633423,592.4396782841823,1.7735849056603774,0.1167582417582417,1755.4117647058824,1054.3125,3.6006191950464395,0.0519353258206761,808.4558670820353,657.283950617284,4.923156801661475,0.0140969162995594,598.3957219251337,573.763440860215,1.303030303030303,0.0118740320082601,731.3479623824452,656.1755485893417,1.947753396029258,0.0168697282099343,770.0948766603416,727.080459770115,1.459203036053131,0.002219755826859,915.6258351893096,725.1733333333333,1.975501113585746,0.0110741971207087,1035.6532438478748,626.7713004484305,1.8434004474272927,0.0109890109890109,1292.0731707317073,1177.9510022271716,2.2394678492239466,0.007591442374051,944.5347222222222,917.632311977716,2.1597222222222223,0.1310975609756097,550.9473684210526,455.7894736842105,2.6035087719298247,0.0070323488045007,799.3323863636364,855.5932203389831,2.4744318181818183,0.0066225165562913,2217.754325259516,3124.244372990354,19.622837370242216,0.007497656982193,1324.788785046729,978.5496183206106,6.246728971962617,0.0485549132947976,1021.9636803874092,780.1121951219512,2.0314769975786926,0.1941097724230254,692.890365448505,725.78073089701,1.84717607973422,0.0099378881987577,970.7304785894206,685.65,2.408060453400504,1,0,0,0.1618942586395996
141,202412,20,0,0.0389016018306636,2281.725768321513,2088.201438848921,4.891252955082742,0.0154679040989945,1200.0023566378634,954.202670856245,1.1539670070699135,0.0368334249587685,1366.7680826636051,1454.438138479001,1.5017221584385765,0.0128307939053728,1702.5876623376623,1623.121951219512,2.457792207792208,0.0170212765957446,1006.4137931034484,970.782608695652,1.5057471264367817,0.1965923984272608,5056.617021276596,2916.292682926829,9.222585924713584,0.0357142857142857,1468.1372812920592,1195.2291105121294,2.3310901749663526,0.0520134228187919,2879.537102473498,2911.9148936170213,3.0424028268551235,0.0165975103734439,573.1355932203389,577.3025210084033,0.7966101694915254,0.0408401400233372,1671.658536585366,1709.8543689320388,2.5926829268292684,0.0307116104868913,1203.529411764706,1382.3148148148148,1.0743034055727554,0.0215482841181165,1323.85993485342,1162.156862745098,3.780130293159609,0.014697876973326,1242.3841059602648,1163.3628318584072,0.9072847682119204,0.0393283252319929,1255.4333026678933,1311.0579576816926,2.0515179392824288,0.0202830188679245,2491.734238603298,2448.5181644359463,2.976721629485936,0.0302158273381294,2395.378338278932,1978.5504451038576,3.1008902077151337,0.0196463654223968,1773.44,1248.6746987951808,1.704,0.0318066157760814,1422.6771653543308,1472.5263157894738,1.7742782152230971,0.1100412654745529,2112.0743034055727,2025.555555555556,3.820433436532508,0.0799238820171265,2015.876923076923,2051.824817518248,5.123076923076923,0.0263157894736842,1254.2910447761194,1543.9106145251396,0.9440298507462688,0.0171517671517671,1748.0,1850.9936575052848,2.925925925925926,0.0257589696412143,1150.683712121212,1177.0621468926554,1.744318181818182,0.0200892857142857,1405.648401826484,1170.8772727272728,2.404109589041096,0.03429203539823,1439.5092165898618,928.5649202733484,2.152073732718894,0.0172228202368137,1518.7921225382931,1358.0263157894738,1.798687089715536,0.0168123739071956,1657.415868673051,1544.5690834473323,1.4213406292749655,0.0487394957983193,1552.5795053003533,1965.583038869258,2.7208480565371023,0.0437756497948016,2021.1306818181813,1518.3198847262247,2.2443181818181817,0.0605504587155963,8159.897233201581,10560.0,22.276679841897234,0.015625,1718.258426966292,1422.7932960893854,2.0730337078651684,0.0598006644518272,1001.769411764706,1037.9787735849056,1.4729411764705882,0.3524861878453039,1857.7627118644068,1215.8762886597938,2.077966101694915,0.0396039603960396,2055.267175572519,1947.2584856396868,2.763358778625954,0,0,0,0.38217010372629145
142,202412,21,0,0.0145808019441069,1899.578163771712,2055.4411764705883,2.2977667493796528,0.004419445560466,1059.3777239709443,980.4842615012108,1.6343825665859564,0.0195177956371986,1211.824355971897,1163.3255269320844,1.3185011709601873,0.0025641025641025,1440.0804794520548,1571.114922813036,2.097602739726028,0.018978102189781,1906.9732142857144,1567.857142857143,1.074404761904762,0.1363636363636363,2507.38,3165.326633165829,3.305,0.0243224461431549,1390.8987161198288,1406.7140825035565,2.500713266761769,0.0255941499085923,2814.6015037593984,2451.9101123595506,2.9661654135338344,0.0262008733624454,940.1875,709.7297297297297,1.2410714285714286,0.0352112676056338,1806.0,1399.304347826087,2.552941176470588,0.0158353127474267,1135.7624398073835,1252.8387096774193,1.0465489566613162,0.0247229326513214,1110.8586387434557,1248.861646234676,3.0924956369982546,0.0137851809304997,1378.2456140350878,1588.677494199536,0.5263157894736842,0.0185356811862835,1069.468426013195,1265.903500473037,2.2243166823751177,0.0217721518987341,1367.501035196687,1218.8819875776398,1.9006211180124224,0.0263951734539969,2105.586687306501,1979.1627906976744,1.9040247678018576,0.0095419847328244,1869.495164410058,1753.4740882917467,1.8027079303675049,0.0116618075801749,1341.186943620178,1086.3343108504398,1.543026706231454,0.0901162790697674,1483.7942122186496,1912.190476190476,1.7459807073954985,0.0428265524625267,1819.9025755879056,2010.2346368715084,4.118701007838745,0.0157894736842105,1566.167023554604,1668.5897435897436,1.3533190578158458,0.0061349693251533,1866.013513513513,1951.275167785235,3.668918918918919,0.0201834862385321,1675.3464419475656,1836.8539325842696,1.891385767790262,0.0109356014580801,1330.4176904176904,1425.8329238329238,3.373464373464373,0.0351288056206089,1667.7167070217918,1251.5328467153286,1.4455205811138014,0.0047225501770956,1008.9501187648456,1065.4976303317535,1.4489311163895486,0.009874917709019,2134.866047745358,1632.96,1.0915119363395225,0.081174438687392,1679.7744360902257,2335.0375939849623,3.0526315789473686,0.0597439544807965,1294.250755287009,1347.2727272727273,2.02416918429003,0.0585365853658536,3571.0367892976587,4642.071428571428,12.036789297658864,0.0070113935144609,2359.4719298245614,2264.3339253996446,1.868421052631579,0.0202140309155766,848.8474576271186,523.5036496350365,1.0145278450363195,0.1378205128205128,3935.227272727273,4733.649635036496,3.0984848484848486,0.0673234811165845,2526.5052631578947,3601.272084805654,6.049122807017544,0,0,0,0.33460356615551645
143,202412,22,0,0.0093567251461988,961.8456057007126,1499.43661971831,3.0332541567695963,0.0046875,686.4271159874609,628.3490566037735,1.3989028213166144,0.0066740823136818,798.7592385218366,906.3157894736842,1.8465845464725643,0.0031847133757961,1014.6751592356688,873.9423076923077,2.3582802547770703,0.0028901734104046,916.8837209302326,965.2023121387284,0.8488372093023255,0.0202020202020202,2056.480117820324,2559.5876288659792,2.8100147275405005,0.013734466971877,930.058510638298,967.5396825396824,3.3577127659574466,0.0084459459459459,1206.1433447098975,1757.9591836734694,2.6177474402730376,0.0104166666666666,530.0,826.5957446808511,0.7083333333333334,0.0088495575221238,772.9770992366413,833.5549872122762,2.010178117048346,0.0061633281972265,634.9767441860465,832.0,1.013953488372093,0.0049464138499587,896.8026533996683,1238.5430463576158,2.6086235489220564,0.0011154489682097,952.0401337792642,938.4563758389262,0.5696767001114827,0.0089766606822262,748.5925589836661,866.0397830018084,2.253176043557169,0.0100143061516452,686.614051973051,752.4590163934427,2.0173243503368625,0.0087783467446964,1133.5132352941175,1159.3777777777775,1.738235294117647,0.0,1295.4844357976654,1291.3398058252428,1.11284046692607,0.0013037809647979,917.7291666666666,1010.261780104712,1.4765625,0.0466165413533834,806.1198738170347,926.1198738170348,1.5520504731861198,0.0230460921843687,873.8533333333334,705.7846153846153,3.2287179487179487,0.0035971223021582,740.2173913043479,1074.388489208633,1.6684782608695652,0.0066872427983539,1243.9129533678756,1390.6211180124224,3.1678756476683936,0.0141969831410825,865.2517985611511,858.7027027027027,1.5323741007194245,0.0079726651480637,834.0275229357799,896.3540229885058,3.5642201834862384,0.0089686098654708,831.1651583710408,850.8597285067873,1.9298642533936647,0.0022172949002217,549.3333333333334,727.0666666666667,1.6577777777777778,0.0106312292358804,1184.032258064516,1177.2080536912752,1.3763440860215057,0.0121317157712305,780.421052631579,1223.7894736842106,1.6385964912280702,0.0155586987270155,905.3771428571428,856.820809248555,1.9285714285714288,0.0199430199430199,1806.0,2618.4347826086955,2.947521865889213,0.0162454873646209,1326.793738489871,1155.1371115173674,2.6537753222836096,0.0072815533980582,657.2279411764706,613.729268292683,2.125,0.0203389830508474,1666.9655172413793,2286.6666666666665,1.7586206896551724,0.005524861878453,1108.6666666666667,1357.3333333333333,1.4111111111111112,10,0,0,0.0977709413961938
144,202412,23,0,0.0035087719298245,636.1901408450705,915.9154929577464,3.727699530516432,0.0015643332029722,513.9068128425998,698.3228840125391,1.6452623335943617,0.0033538289547233,505.8015695067265,418.1818181818182,1.960762331838565,0.0103668261562998,977.5337620578778,994.9919224555736,3.210610932475884,0.0014450867052023,711.7971014492754,830.2890173410404,0.6115942028985507,0.0072046109510086,968.2005813953488,1495.7391304347825,2.1627906976744184,0.0026298487836949,606.2229551451187,555.494071146245,2.5620052770448547,0.0068376068376068,799.972602739726,1100.3460207612457,2.462328767123288,0.0493273542600896,331.5,289.24528301886795,1.0471698113207548,0.0037593984962406,910.7035175879396,776.3727959697733,3.201005025125628,0.0061302681992337,459.0138674884437,524.8148148148148,1.275808936825886,0.0,466.84615384615387,484.5098039215686,2.412438625204582,0.0027746947835738,684.8596881959911,690.2335928809789,0.5835189309576837,0.0040650406504065,501.9446460980036,649.555757026292,2.456442831215971,0.0042877560743211,700.4277511961723,659.3684210526316,2.349282296650718,0.0123367198838896,817.6970588235295,758.8546255506608,2.2308823529411765,0.0009756097560975,803.0486381322958,944.7058823529412,1.2607003891050583,0.0077821011673151,370.3664921465968,423.289817232376,1.280104712041885,0.0209895052473763,481.6779141104295,779.2660550458716,1.9263803680981595,0.0076142131979695,571.8096212896622,617.5460122699386,2.7778915046059365,0.0081595648232094,621.2797074954296,677.2212065813528,2.257769652650823,0.0025290844714213,819.0567375886525,860.8934010152284,4.101317122593718,0.0143755615453728,986.4014598540144,1196.375227686703,2.0273722627737225,0.0034364261168384,356.79493087557603,397.0183486238532,1.7119815668202765,0.0080367393800229,702.6782407407408,828.1944444444445,2.0347222222222223,0.0010893246187363,416.61873638344224,474.49781659388645,1.392156862745098,0.0053297801465689,933.6934404283802,821.9034852546916,1.2945113788487284,0.0138888888888888,387.8450704225352,907.6056338028168,1.9929577464788728,0.0014164305949008,484.3153409090909,553.2577903682719,1.6335227272727273,0.0028694404591104,591.3074712643678,805.5907780979827,2.2902298850574714,0.0178094390026714,831.0508166969147,1057.8260869565215,1.2994555353901995,0.0072639225181598,837.5476772616137,759.7420924574209,1.3814180929095354,0.0068965517241379,978.5416666666666,1193.9583333333333,3.243055555555556,0.0013586956521739,754.0054495912807,690.9782608695652,1.0190735694822888,8,0,0,0.028519793713421726
145,202412,24,0,0.0275590551181102,1605.5636856368565,1448.3870967741937,2.4471544715447155,0.2012257405515832,10601.85375,9979.319371727748,45.93,0.0278637770897832,1925.2448,1975.1505546751189,1.9312,0.0192307692307692,1421.8786008230452,965.8385093167702,4.063786008230453,0.0098039215686274,2166.5856573705178,1680.4724409448818,0.6852589641434262,0.0146056475170399,1163.6851485148516,1230.777120315582,1.7504950495049505,0.02109375,453.88263665594855,352.3930269413629,3.2186495176848875,0.0238095238095238,2453.584699453552,1439.6774193548388,1.644808743169399,0.054054054054054,832.0571428571428,776.0,1.3714285714285714,0.024390243902439,2390.4693140794225,2076.4664310954063,2.0180505415162453,0.0242483026188166,2227.2763419483103,2583.697813121272,4.795228628230617,0.0168350168350168,2922.8613636363634,2518.623853211009,2.1772727272727272,0.0156361051883439,829.3604651162791,1034.80631276901,0.6482558139534884,0.0155830198817839,1082.8426229508198,855.1145038167939,2.605464480874317,0.0174531351001939,1464.233902759527,1540.0790513833992,1.6425755584756898,0.0249307479224376,1019.203036053131,1240.1512287334594,1.8823529411764703,0.0442477876106194,2228.4607329842934,1370.374331550802,1.2225130890052356,0.0072202166064981,2218.676470588235,2559.928057553957,4.227941176470588,0.0901360544217687,1191.685393258427,897.0895522388059,2.228464419475656,0.0166880616174582,1164.9009126466754,937.9607843137256,2.747066492829205,0.0273483947681331,955.072463768116,521.4356435643564,1.8091787439613527,0.0489164086687306,901.7209908735332,660.5461638491547,3.286831812255541,0.0497109826589595,1001.515892420538,707.2130750605327,1.2518337408312958,0.0582959641255605,2042.2420382165608,2397.53164556962,1.910828025477707,0.0464767616191904,1771.71974522293,1467.5776397515529,2.050955414012739,0.0043290043290043,2030.976811594203,2057.391304347826,2.9478260869565216,0.015228426395939,1503.7305699481865,1306.974358974359,1.2953367875647668,0.0288065843621399,911.072340425532,826.8354430379746,1.4553191489361703,0.0220338983050847,1189.5833333333333,1324.7750865051903,1.65625,0.0056497175141242,1651.5530303030305,959.5454545454544,4.712121212121212,0.0107758620689655,1644.9849462365592,1311.523178807947,2.438709677419354,0.0079155672823219,387.3023872679045,664.2826666666666,1.0795755968169762,0.0190274841437632,1067.3275862068965,1495.8620689655172,2.7974137931034484,0.0042735042735042,1814.0775862068965,1712.3076923076924,6.323275862068965,6,0,0,0.3004571376730777
146,202412,25,0,0.0097087378640776,442.39606741573033,479.66480446927375,1.8370786516853927,0.0770975056689342,997.332003988036,1050.8720930232555,2.382851445663011,0.0093240093240093,538.78125,490.8661417322834,1.615625,0.0127659574468085,773.1317494600432,759.6129032258065,3.680345572354212,0.0076481835564053,310.65,484.8648648648648,0.7653846153846153,0.0049603174603174,377.218253968254,414.2284569138277,1.6904761904761905,0.014162077104642,424.4761904761905,437.239165329053,3.6698412698412697,0.013550135501355,693.7704918032787,638.4530386740331,2.0382513661202184,0.0388349514563106,219.6,221.6326530612245,0.3,0.0129151291512915,239.1078066914498,245.41353383458647,1.1933085501858736,0.0056710775047258,431.6349809885932,506.6920152091255,1.5684410646387832,0.0072639225181598,607.5416666666666,369.0291262135922,2.017156862745098,0.0086517664023071,390.4347826086956,412.2919708029197,0.6594202898550725,0.0075839653304442,520.6303162486369,684.4590163934427,2.877862595419847,0.0058027079303675,468.2373540856031,396.7315175097276,2.504539559014267,0.0580357142857142,337.1883239171375,391.1450381679389,2.160075329566855,0.0093333333333333,591.4054054054054,451.20643431635386,0.9351351351351352,0.0034129692832764,266.9387755102041,655.448275862069,2.4727891156462585,0.0251798561151079,184.39483394833948,290.0369003690037,3.476014760147601,0.0069620253164556,330.17452229299363,533.4948979591836,2.007643312101911,0.014336917562724,186.02941176470588,222.3021582733813,1.5196078431372548,0.0095117311350665,230.550576184379,298.1562099871959,2.265044814340589,0.0189125295508274,393.6930455635492,310.46004842615014,1.669064748201439,0.0156006240249609,205.3132911392405,394.0952380952381,2.310126582278481,0.0251572327044025,147.8248407643312,342.94117647058823,1.93312101910828,0.0042194092827004,749.7264957264957,913.2773109243698,7.74074074074074,0.0069686411149825,299.5811518324607,401.1640211640212,1.3280977312390925,0.0171673819742489,178.95652173913044,211.57894736842104,1.6391304347826088,0.0122164048865619,264.791519434629,603.8162544169611,1.6007067137809188,0.0,276.3440860215054,299.7841726618705,2.4731182795698925,0.0090293453724604,448.2027649769585,441.8918918918919,0.8732718894009217,0.0040650406504065,265.5885558583106,203.3152173913044,1.0381471389645776,0.012847965738758,484.4347826086956,555.0649350649351,1.7826086956521738,0.0043290043290043,288.61038961038963,227.4235807860262,2.0476190476190474,8,0,0,0.07900881402316218
147,202412,26,0,0.028169014084507,976.707729468599,995.6521739130436,2.449275362318841,0.3480536473666993,5519.597,4433.870090634441,19.255,0.0605405405405405,1634.6352128883775,1694.7756041426928,1.8895281933256616,0.0917361637604245,1447.7003367003367,1274.7019867549668,5.585858585858586,0.0366713681241184,1768.5830903790088,1524.8823529411766,2.072886297376093,0.0153396639883126,1288.517087667162,1029.168888888889,2.164933135215453,0.0208197787898503,1031.9946808510638,1054.581673306773,3.82313829787234,0.0184563758389261,1218.7260273972602,1267.1672354948803,2.6301369863013697,0.0191570881226053,348.0078125,404.53125,1.8984375,0.0261780104712041,1282.4193548387098,1123.225806451613,1.811827956989248,0.1349650349650349,2805.261290322581,3246.029173419773,10.92741935483871,0.0279375513557929,828.5320945945946,1027.3096446700508,2.731418918918919,0.0243228302929795,1553.3634311512417,1465.051194539249,1.984198645598194,0.1152892561983471,2048.8308550185875,1973.8028169014085,4.0464684014869885,0.0120060030015007,1471.881993896236,1315.1612903225807,4.377416073245168,0.1048064085447263,1159.3731343283582,1275.827123695976,1.92089552238806,0.0566388115134633,1694.1104536489152,1567.3084479371316,1.5483234714003944,0.0200803212851405,2010.0817438692093,2316.328767123288,5.397820163487738,0.1144067796610169,1417.367412140575,1551.9745222929937,3.884984025559105,0.0382894082545997,1043.8262668045502,1239.4002068252328,2.50258531540848,0.0455740578439964,1423.4065934065934,1327.292817679558,1.8772893772893773,0.0463739516526887,1871.913133402275,1503.2919254658384,5.285418821096174,0.0407079646017699,1655.44014732965,1208.3179297597042,4.565377532228361,0.0864864864864864,1515.585308056872,1817.167848699764,3.161137440758294,0.0674646354733405,1014.9532710280374,1547.1328671328672,1.7079439252336448,0.0112739571589627,1564.6141552511417,1810.3507972665147,3.029680365296804,0.0141318977119784,1972.0901639344263,1469.2223738062755,2.9685792349726774,0.0536912751677852,1219.644128113879,1364.7349823321554,2.295373665480427,0.0480109739368998,1083.7109826589594,928.7931034482758,2.1358381502890174,0.0058309037900874,1543.235294117647,1725.2631578947369,2.3147058823529414,0.0064575645756457,2160.4814126394053,1835.064935064935,1.8531598513011152,0.0291806958473625,639.4027777777778,621.7182448036951,1.1157407407407407,0.0765391014975041,1121.1552346570395,1300.7913669064749,1.7509025270758125,0.0194174757281553,1330.2970297029703,1203.5643564356435,0.8547854785478548,6,0,0,0.33270167093672176
148,202412,27,0,0.0166468489892984,1437.0628019323672,1251.5738498789349,2.915458937198068,0.0173611111111111,1541.0378250591016,1653.8967136150234,2.810086682427108,0.0142935678944474,1151.4013377926422,1173.616071428571,2.100334448160535,0.0467653936087295,1495.3544715447154,1294.9342105263158,6.373983739837398,0.0441595441595441,2113.441791044776,2085.535714285714,4.334328358208955,0.0153061224489795,1296.7370753323487,1245.9243323442136,3.2511078286558344,0.0098103335513407,971.9484126984128,1031.7941952506596,4.048941798941799,0.0101694915254237,1465.5670103092784,1080.8191126279864,2.4673539518900345,0.025089605734767,455.0661764705882,262.5,1.9411764705882355,0.0053475935828877,845.3225806451613,959.3548387096774,2.583333333333333,0.0300075018754688,1216.692426584235,1340.8978328173375,1.5023183925811436,0.0106470106470106,1512.5877483443708,1620.0,4.514900662251655,0.0088642659279778,1631.744966442953,1691.2625698324025,4.718120805369128,0.0377609951132829,1218.1410018552876,1450.5882352941176,2.602968460111317,0.0086705202312138,1317.6537342386032,1621.460564751704,2.6488845780795343,0.0829367777022433,1250.0520059435364,1216.0650887573966,1.8053491827637445,0.0086621751684311,1809.930367504836,1679.1812865497077,2.363636363636364,0.0065019505851755,939.8952879581152,910.6806282722512,1.442408376963351,0.0494186046511627,1066.3963414634147,1135.2147239263804,3.5213414634146343,0.0106221547799696,1029.582395087001,1029.0091930541369,3.240532241555783,0.0222419928825622,984.1090909090908,937.7049180327868,1.9381818181818184,0.0095717884130982,1131.7682926829268,1215.8248472505093,3.352642276422764,0.0301953818827708,1546.612431444241,1730.3119266055046,2.8720292504570386,0.0192307692307692,1216.7724137931034,1236.111111111111,3.786206896551724,0.0128805620608899,963.1900237529692,1498.2938388625591,2.6033254156769594,0.0,1182.0325379609544,1025.3711790393013,6.078091106290673,0.0125578321216126,1773.5656836461126,1457.7272727272727,3.018766756032172,0.0240549828178694,991.6901408450703,1348.5211267605634,2.059859154929577,0.0057142857142857,1077.5919540229886,1049.1379310344828,3.6408045977011496,0.0042372881355932,1448.6940509915014,1057.159090909091,3.988668555240793,0.0035906642728904,2906.416216216216,2495.027027027027,2.0504504504504504,0.010392609699769,818.965034965035,555.3317757009346,1.9137529137529137,0.0141592920353982,901.2996389891696,1017.0,1.3068592057761732,0.0016207455429497,1166.6883116883116,975.974025974026,1.7564935064935066,7,0,0,0.20204868947890164
149,202412,28,0,0.0408921933085501,1498.142118863049,1616.124031007752,3.3772609819121446,0.1324944485566247,3167.359761295823,2863.9624252775407,3.15771526001705,0.017094017094017,1328.2276422764228,1318.3333333333333,2.430894308943089,0.0327731092436974,1498.4756097560976,1292.2357019064125,5.346689895470384,0.0751043115438108,3182.6555891238672,2663.5329341317365,4.858006042296073,0.0226032735775526,1866.9127625201936,1745.4803149606298,8.525040387722132,0.0160390516039051,1145.8345120226309,991.4488636363636,3.603960396039604,0.0252252252252252,1846.029520295203,1845.111111111111,3.966789667896679,0.0134529147982062,1054.209090909091,793.0181818181818,3.463636363636364,0.0117994100294985,1411.2574850299402,1415.178571428571,3.844311377245509,0.2833020637898686,4539.554237288136,5093.956834532374,12.671186440677966,0.0418410041841004,1975.603839441536,1817.2027972027968,4.766143106457243,0.0603400987383433,2534.7010550996483,2681.720930232558,8.072684642438453,0.0214152700186219,1598.280834914611,1825.5916030534352,2.7381404174573056,0.0092213114754098,1313.2448347107438,1229.011387163561,2.088842975206612,0.0557971014492753,1410.0507692307692,1384.3185298621745,2.396923076923077,0.0460288808664259,2301.946969696969,2382.192816635161,3.4204545454545454,0.0176211453744493,2494.670658682635,2158.9253731343283,5.020958083832335,0.0778443113772455,1315.3246753246754,1547.3376623376623,2.448051948051948,0.017051705170517,1338.0775280898877,1211.1705685618729,2.8730337078651687,0.0145077720207253,1245.7263157894736,957.4789915966388,1.863157894736842,0.0424403183023872,1316.3374028856826,1013.8274336283184,2.520532741398446,0.0183150183150183,1463.8878504672898,1291.508379888268,2.22803738317757,0.076300578034682,2018.5552763819096,1687.0473815461346,5.314070351758794,0.042824074074074,1681.240291262136,1852.9156626506024,1.895631067961165,0.0106257378984651,1558.8249400479615,1364.750593824228,8.42925659472422,0.0359435173299101,2595.845744680851,2199.12,2.747340425531915,0.0505415162454873,1897.5,2440.992366412214,3.640151515151515,0.0536231884057971,2006.2644376899696,1552.7777777777778,2.556231003039514,0.0016051364365971,1208.1028938906752,999.5498392282958,1.9485530546623795,0.0017543859649122,2765.4438596491227,2507.7464788732395,2.880701754385965,0.0083932853717026,673.768115942029,602.3801452784504,1.7753623188405796,0.0234657039711191,2850.9963099630995,2263.333333333333,6.785977859778598,0.0124777183600713,1450.830324909747,1412.274368231047,3.137184115523466,7,0,0,0.4409374693732315
150,202412,29,0,0.0657276995305164,2471.670822942644,2445.5696202531644,4.728179551122195,0.0518939393939393,1887.1689351481184,1963.157894736842,3.953562850280224,0.0170893054024255,1391.144781144781,1404.080717488789,1.994388327721661,0.0688037529319781,2059.261744966443,1742.420168067227,4.681208053691275,0.0647887323943662,4048.958083832336,3948.1969696969695,12.050898203592814,0.0308143800440205,2441.036253776435,2386.831562974204,8.173716012084592,0.0234680573663624,1077.350267379679,997.52,3.108288770053476,0.0381426202321724,2152.3972602739727,1964.1666666666667,2.4075342465753424,0.0445544554455445,585.6907216494845,436.25,0.7731958762886598,0.0275229357798165,2127.8605898123324,1838.69918699187,4.436997319034853,0.1706484641638225,2113.477537437604,2530.2605863192184,1.8352745424292845,0.089763779527559,3182.977430555556,3217.758620689656,6.388888888888889,0.0236523652365236,2187.660674157303,2202.3050847457625,2.8191011235955057,0.0424507658643326,1793.3510540788268,1925.3600729261625,3.5591200733272226,0.0188861985472154,1771.738872403561,1918.4039408866995,2.927794263105836,0.0446364290856731,1783.6485671191554,1875.7228915662647,3.73604826546003,0.0255653883972468,2897.0383064516127,3344.6060606060605,3.5625,0.0183006535947712,1640.8488063660477,1791.9786096256685,1.4244031830238726,0.0754437869822485,2481.019108280255,2317.813504823151,3.636942675159236,0.0269192422731804,1867.5372069317025,1676.725025746653,3.6788990825688073,0.0274093722369584,1803.7226277372265,1617.2826086956522,3.684306569343066,0.0257575757575757,2156.8847352024923,2053.354037267081,3.793354101765317,0.0402449693788276,1490.8266423357663,1653.770491803279,3.5072992700729926,0.0304396843291995,2077.986111111112,2285.3271028037384,2.4791666666666665,0.1071428571428571,1989.665083135392,2040.5594405594409,4.612826603325416,0.0218579234972677,1768.1559020044544,2036.1300448430493,1.88641425389755,0.0403973509933774,4368.584827586207,3781.243093922652,10.01793103448276,0.1360123647604327,2394.5607142857143,2860.430107526882,4.967857142857143,0.0802721088435374,1948.0650887573968,1727.396449704142,2.86094674556213,0.0084985835694051,2360.0,2172.893982808023,3.735042735042735,0.0046641791044776,4170.312030075188,3289.9065420560746,6.652255639097745,0.0132689987937273,517.6274509803922,431.5609756097561,1.4485294117647058,0.0245183887915936,1871.3978494623657,1646.978417266187,5.978494623655914,0.0032894736842105,1505.148514851485,1681.1881188118812,2.6534653465346536,9,0,0,0.5312207011332692
151,202412,30,0,0.010752688172043,635.1811594202899,908.5507246376812,2.4927536231884058,0.0165321030372933,625.0421545667448,659.5771339075959,1.3317720530835284,0.0082872928176795,680.3136160714286,522.8476084538376,2.1685267857142856,0.0307570977917981,1354.3709677419354,1705.7142857142858,3.067741935483871,0.0128939828080229,1534.7412790697674,1590.2608695652175,9.796511627906977,0.0095518001469507,917.626112759644,1286.528189910979,2.56973293768546,0.0097783572359843,575.536231884058,643.6578947368421,3.115942028985508,0.0135593220338983,1314.9068965517242,1183.7671232876712,2.810344827586207,0.0407239819004524,976.2924528301888,1066.9811320754718,0.7169811320754716,0.0013315579227696,548.16,606.56,2.328,0.0227963525835866,737.2769953051643,887.2024729520865,2.475743348982786,0.0122249388753056,631.1466227347611,879.9669421487604,2.925864909390445,0.0061111111111111,516.0402684563759,710.5474860335196,0.8064876957494407,0.0210290827740492,904.3622262773724,834.9935897435897,2.653284671532847,0.0062320230105465,1235.561776061776,1352.6904532304725,3.0945945945945947,0.0458069062720225,888.5530973451328,872.4852071005918,2.0117994100294987,0.0068159688412852,1619.5325443786985,983.859649122807,12.579881656804734,0.0129533678756476,581.0526315789474,802.6178010471205,0.9842105263157894,0.0552325581395348,874.7852760736197,920.5555555555557,2.2883435582822087,0.0195390781563126,822.1279426816786,812.0204081632653,3.7748208802456498,0.0100182149362477,803.2720588235294,710.4972375690608,1.90625,0.0080971659919028,840.9805924412666,769.6024464831804,2.519918283963228,0.0237676056338028,788.0522522522523,753.2490974729242,2.1765765765765765,0.0114547537227949,671.4757505773672,1026.260465116279,2.187066974595843,0.0175029171528588,793.74231678487,887.6849642004773,1.983451536643026,0.0043478260869565,699.8782608695652,642.094298245614,1.95,0.002677376171352,864.9205921938088,1016.144578313253,1.5545087483176312,0.0190641247833622,538.7526501766785,911.4487632508834,1.7031802120141342,0.051490514905149,517.9971428571429,657.6,1.6828571428571428,0.0028169014084507,810.0112994350283,775.4237288135594,2.3446327683615817,0.0108695652173913,1925.454044117647,1699.92700729927,7.591911764705882,0.0128956623681125,420.94061757719714,436.8028503562945,1.3040380047505935,0.0017953321364452,664.7482014388489,529.6402877697842,3.769784172661871,0.0,719.8039215686274,782.156862745098,1.1666666666666667,1,0,0,0.07160569822351137
152,202412,31,0,0.0168393782383419,917.84554973822,927.3740053050398,4.976439790575916,0.005389514943655,682.720197044335,478.8768472906404,1.555665024630542,0.0035765379113018,763.810888252149,565.3093525179856,2.094555873925501,0.0060483870967741,1009.1963562753036,681.4634146341464,2.98582995951417,0.001841620626151,649.6951672862454,872.3076923076923,1.0780669144981412,0.0140318054256314,808.2290076335878,774.3396226415094,2.3282442748091605,0.0090771558245083,461.0076569678407,445.1141552511416,2.6186830015313936,0.0287081339712918,846.2068965517242,662.9556650246305,2.4729064039408866,0.0185185185185185,143.32075471698113,118.86792452830188,0.6415094339622641,0.0016638935108153,552.4,525.4,4.84,0.0107913669064748,557.6727272727272,526.3636363636364,1.3945454545454543,0.0059940059940059,685.8897795591182,488.9516129032258,4.370741482965932,0.0042105263157894,649.1678420310296,457.3521126760563,1.1861777150916784,0.018210197710718,703.489904357067,694.0591966173362,2.5217853347502657,0.0087668030391583,851.1083627797409,813.2987012987013,3.0235571260306244,0.0178731009830205,610.6739526411658,683.6727272727272,1.892531876138433,0.0086486486486486,1684.5869565217392,2873.960612691466,14.056521739130435,0.0134453781512605,555.2577319587629,480.0,1.7491408934707904,0.0350877192982456,592.1854545454545,933.6,2.370909090909091,0.0162162162162162,861.1878048780488,852.0293398533007,5.95,0.0058823529411764,840.2863849765258,819.6658711217184,1.8990610328638493,0.0098765432098765,927.4626865671642,962.55,2.468905472636816,0.0192090395480226,789.4444444444445,602.2018348623853,1.2037037037037035,0.0103550295857988,381.4384384384384,486.0625,2.204204204204204,0.0132547864506627,862.4698795180723,756.3905325443787,3.0873493975903616,0.0013495276653171,621.0835579514825,589.2682926829268,2.2398921832884096,0.0056270096463022,560.3883495145631,830.6946688206785,1.1423948220064726,0.0945179584120983,509.8744769874477,549.5,3.99163179916318,0.0488188976377952,562.6744186046511,537.2277227722773,2.581395348837209,0.0017699115044247,1691.3274021352313,999.434628975265,13.252669039145909,0.0042872454448017,1549.4243070362472,1219.4347826086955,6.26226012793177,0.0052287581699346,451.0602094240838,468.7994722955145,2.0654450261780104,0.006198347107438,1035.0,901.2448132780085,3.816666666666667,0.0,1152.55230125523,488.06722689075633,10.874476987447698,10,0,0,0.10044820331898263
153,202501,1,0,0.0144356955380577,565.7211796246648,534.6031746031746,3.831099195710456,0.0072587532023911,600.6188841201716,624.8275862068965,1.5553648068669528,0.0034199726402188,532.8624484181568,366.4109589041096,1.7744154057771664,0.0010373443983402,1031.5841995841995,676.0580912863071,4.528066528066528,0.0088967971530249,673.1505376344086,1018.273381294964,1.086021505376344,0.0088339222614841,635.3001776198935,591.9499105545617,3.5381882770870337,0.0165662650602409,630.5436447166921,432.4961715160797,5.938744257274119,0.0170212765957446,560.1724137931035,587.4782608695652,4.237068965517241,0.0865384615384615,287.5,294.8936170212766,1.6875,0.0091185410334346,357.23926380368096,593.1901840490798,2.6196319018404908,0.0103004291845493,468.4375,627.9722703639515,1.6423611111111112,0.0047528517110266,478.3908045977012,547.6571428571428,2.668582375478928,0.0020935101186322,504.9929873772791,313.22175732217573,0.7868162692847125,0.011066398390342,869.043654822335,857.6146788990826,3.0720812182741115,0.0095238095238095,862.2344280860702,954.1016949152544,1.8221970554926388,0.0327868852459016,926.6672597864768,932.9338103756708,2.4288256227758005,0.0,685.3092783505155,489.3167701863354,3.7938144329896906,0.0063492063492063,605.1104100946372,455.7281553398058,1.889589905362776,0.0279720279720279,770.9352517985611,926.115107913669,2.431654676258993,0.0076515597410241,634.1428571428571,670.2836879432624,2.232142857142857,0.0089686098654708,500.9111617312073,428.7640449438202,2.1480637813211847,0.0024009603841536,610.3498190591074,662.8091236494598,2.1025331724969845,0.003405221339387,639.1704545454545,846.986301369863,2.715909090909091,0.0111731843575419,487.4157303370786,448.08522727272725,2.067415730337079,0.0105263157894736,517.1801801801802,472.9846153846154,1.8588588588588588,0.0,552.3664921465969,488.7958115183246,1.612565445026178,0.0095846645367412,781.5987055016182,736.1093247588425,1.266990291262136,0.0161616161616161,261.1475409836066,368.8888888888889,3.9385245901639343,0.019448946515397,924.0888157894736,830.4318936877077,3.069078947368421,0.0016920473773265,529.956081081081,867.9387755102041,2.560810810810811,0.0042462845010615,1347.7032258064517,1399.661733615222,2.189247311827957,0.0013037809647979,258.14882506527414,314.25587467362925,1.597911227154047,0.0177165354330708,601.6867469879518,698.64,2.289156626506024,0.002079002079002,202.5941422594142,419.7510373443984,2.079497907949791,8,0,0,0.028030140872120857
154,202501,2,0,0.010752688172043,933.4698795180724,808.910411622276,3.508433734939759,0.0158668730650154,599.5094191522763,746.950354609929,1.02276295133438,0.0144927536231884,652.5447338618346,818.3717514124294,1.7610419026047566,0.0065681444991789,615.1285008237232,580.7960199004975,2.5667215815486,0.0058651026392961,845.3176470588236,883.3136094674556,1.988235294117647,0.0060015003750937,630.8355957767723,778.4320241691843,3.340874811463047,0.0284237726098191,666.7682119205298,559.7062750333779,3.0821192052980133,0.0130597014925373,851.1315789473684,848.4410646387832,3.026315789473684,0.0258620689655172,266.5486725663717,233.09734513274336,1.672566371681416,0.0013531799729364,380.4878048780488,366.1788617886179,2.1707317073170733,0.0239341810022438,457.0858895705521,793.7825421133231,1.0168711656441718,0.0082987551867219,582.6013400335008,549.2307692307693,3.251256281407035,0.015819209039548,642.8947368421053,549.1244239631336,0.6864988558352403,0.0122282608695652,1146.202752293578,1048.3776351970669,4.0944954128440365,0.004750593824228,920.76167778837,800.7074569789675,2.2087702573879886,0.0284463894967177,1046.3443609022556,929.0764617691154,1.9609022556390976,0.0067763794772507,767.2163742690059,646.6666666666666,1.871345029239766,0.0053120849933598,677.8249336870026,422.258064516129,1.7082228116710876,0.1192787794729542,451.9748427672956,607.192429022082,2.3050314465408803,0.0433482810164424,1340.1030494216614,1212.5077399380805,7.844374342797056,0.0179372197309417,835.1912568306011,620.2197802197802,1.4408014571948995,0.0124287933713102,688.5594989561587,789.9894625922024,1.8517745302713988,0.0197663971248876,793.8311926605504,870.989010989011,3.963302752293578,0.0022675736961451,654.5124716553288,578.1025056947608,1.9886621315192743,0.0114810562571756,482.7767441860465,488.77030162413,1.8813953488372093,0.0010893246187363,683.6165577342048,572.6746724890829,1.9411764705882355,0.0087073007367716,734.3513513513514,720.7297297297297,1.4486486486486487,0.0070546737213403,493.1914893617021,572.2419928825623,2.826241134751773,0.0057224606580829,872.806358381503,866.4756446991404,1.7369942196531791,0.0031104199066874,3012.983713355049,1920.179640718563,23.335504885993487,0.0018264840182648,936.8241758241758,1127.6051188299816,1.7326007326007329,0.0411899313501144,412.8952380952381,381.4282296650718,0.9023809523809524,0.1525679758308157,765.9074733096086,504.8571428571428,2.284697508896797,0.005,529.1638795986622,509.5973154362416,1.9063545150501675,10,0,0,0.10759962153196811
155,202501,3,0,0.0096385542168674,747.2087378640776,774.1463414634146,2.75,0.0074074074074074,1067.6100628930817,899.9529042386185,1.2374213836477987,0.0187311178247734,1180.0098643649817,1132.408364083641,2.0443896424167693,0.0076923076923076,1285.4396551724135,1218.6936316695353,2.389655172413793,0.0122137404580152,1294.388888888889,1124.2105263157894,1.1203703703703705,0.0082831325301204,829.8525835866261,785.6449165402124,1.9984802431610944,0.025708635464733,1260.860054347826,1081.9407008086253,2.724184782608696,0.0057142857142857,1098.5916030534352,638.5384615384615,2.618320610687023,0.0163265306122449,893.75,602.4793388429752,0.6166666666666667,0.0068493150684931,1080.6593406593406,955.5124653739612,2.478021978021978,0.0180586907449209,997.39663093415,981.9938650306748,1.451761102603369,0.0033250207813798,1055.190635451505,868.4525790349418,3.379598662207358,0.0034266133637921,646.7738231917336,603.2951945080091,0.799081515499426,0.0111059694585839,1876.518309859155,2098.208955223881,3.850704225352113,0.0080402010050251,1197.8591691995948,824.8763931104356,3.366767983789261,0.0441176470588235,1575.9384615384615,1666.1538461538462,3.167692307692308,0.0029382957884427,1154.770588235294,998.976377952756,1.6294117647058823,0.0013698630136986,1032.821428571429,1107.123287671233,1.862637362637363,0.1088435374149659,1170.2752293577985,1117.3170731707316,2.850152905198777,0.0469530469530469,1407.7083333333333,1447.7848101265822,2.665625,0.0062893081761006,1477.106690777577,1579.9638336347198,2.097649186256781,0.0036978341257263,1507.7151965993623,1542.4761904761904,3.541976620616365,0.0074211502782931,1281.635687732342,1607.3684210526317,1.899628252788104,0.0090702947845804,915.9244851258582,952.4622425629292,2.128146453089245,0.0036014405762304,860.3599033816425,923.6538461538462,2.1932367149758454,0.0,805.4855233853007,787.0422222222222,1.9933184855233848,0.0127774041694687,896.2414733969987,1066.4489795918366,1.1773533424283766,0.0017391304347826,782.2996515679442,1076.864111498258,2.526132404181185,0.0072463768115942,947.5160349854228,1131.0526315789473,3.5947521865889214,0.0046801872074883,3388.182098765432,5403.630573248408,3.753086419753086,0.014388489208633,1138.3138686131388,1125.6569343065694,2.2536496350364965,0.0297265160523186,554.2997542997543,476.62591687041567,0.9041769041769042,0.1526717557251908,771.5523465703972,841.9424460431654,2.2382671480144403,0.0049586776859504,578.2724252491695,588.6378737541528,1.777408637873754,10,0,0,0.15975041849931593
156,202501,4,0,0.0214646464646464,1380.1538461538462,1438.4415584415583,3.658974358974359,0.0265346534653465,1187.9569105691055,1034.071661237785,1.6967479674796748,0.014375,1353.7481012658227,1072.8335451080052,3.541772151898734,0.0295169946332737,1387.6666666666667,1435.8165137614678,1.7703703703703704,0.0091324200913242,1268.579754601227,1377.6,1.8251533742331287,0.0190174326465927,1553.808752025932,1429.4685990338164,4.854132901134522,0.0272156315422191,1378.590844062947,974.7625899280577,3.532188841201717,0.0239520958083832,1016.8032786885246,685.469387755102,3.364754098360656,0.032258064516129,1250.1809523809525,1217.942857142857,1.1523809523809525,0.006006006006006,997.4096385542168,698.9090909090909,2.7289156626506026,0.028391167192429,1029.1294498381876,1164.1368078175897,2.06957928802589,0.0128322639780018,889.3130755064457,852.0224719101124,3.885819521178637,0.0077105575326215,951.4797136038186,1049.820359281437,0.6002386634844868,0.0296548371414681,2843.6991062562065,2693.508594539939,6.021847070506455,0.010752688172043,1015.9556756756756,1101.639344262295,1.358918918918919,0.1590909090909091,1342.4301587301588,1164.9140127388534,2.022222222222222,0.0075685903500473,1456.1216730038022,1565.1625239005737,1.0779467680608366,0.0119047619047619,1129.3373493975903,1488.7951807228917,1.460843373493976,0.0703592814371257,1145.7948717948718,1143.106796116505,1.875,0.0173864273696017,1087.8422857142857,864.42417331813,2.056,0.036734693877551,1013.872340425532,927.5949367088608,1.4659574468085106,0.0067076579094466,963.445945945946,898.0427446569179,1.787162162162162,0.0094161958568738,2141.187022900763,2391.3636363636365,3.049618320610687,0.2374301675977653,1301.029411764706,1012.7007299270072,2.188725490196078,0.028673835125448,1272.0048899755502,1142.673267326733,1.9975550122249388,0.0111731843575419,1596.5479876160991,2071.168831168832,7.179566563467493,0.0073677160080375,1232.728744939271,1312.6315789473683,1.0688259109311742,0.0330275229357798,1009.5849056603772,1288.854961832061,3.064150943396226,0.0140845070422535,989.8895899053628,1421.9808306709265,3.2555205047318614,0.001639344262295,935.8,640.4605263157895,2.098360655737705,0.0043975373790677,1320.3439153439151,1452.530973451327,1.6384479717813052,0.0169491525423728,328.1990171990172,780.232098765432,1.0810810810810811,0.0181818181818181,1135.985130111524,930.9963099630996,2.2862453531598512,0.0198915009041591,1076.470588235294,860.6666666666666,2.75,7,0,0,0.17526026303150355
157,202501,5,0,0.0653669724770642,1373.1896551724135,1060.9290953545233,2.605911330049261,0.2705281090289608,5796.510521500458,4573.511450381679,10.443732845379689,0.0762112139357648,1491.3641755634635,1401.1475409836066,2.1281138790035588,0.1007025761124121,1372.314974182444,1494.9562171628722,2.154905335628228,0.0978723404255319,1785.9150943396226,1712.0754716981132,1.7106918238993711,0.0647482014388489,1101.351145038168,974.2325581395348,2.016793893129771,0.0410958904109589,1114.601078167116,890.934065934066,3.991913746630728,0.1101243339253996,1456.6600790513835,1581.048387096774,2.4466403162055337,0.0818181818181818,823.3039215686274,649.07,1.6862745098039216,0.2379935965848452,1024.5454545454545,1420.78125,4.039393939393939,0.2340561224489795,3539.876422764228,3521.774744027304,15.330081300813008,0.1293759512937595,968.017094017094,818.5330948121646,2.576068376068376,0.1002680965147453,1516.4887573964495,1355.654261704682,1.9088757396449705,0.1484698097601323,1750.8299319727892,1996.8349514563104,3.5840621963070944,0.048411497730711,1427.7174139728884,1265.3663793103449,4.269030239833159,0.1677336747759283,1529.4171779141104,1307.3148148148148,1.6917177914110428,0.0885956644674835,1353.5848670756643,1211.9246861924687,1.5501022494887526,0.0949935815147625,2047.272727272728,1876.827195467422,4.832386363636363,0.1361639824304538,1827.2813559322035,1422.3050847457628,2.776271186440678,0.0420679168778509,1252.7215189873418,1233.8853503184714,2.0917721518987342,0.0525854513584574,1123.4944237918216,1087.9558011049724,1.8364312267657992,0.0560794044665012,1077.920168067227,1000.8,2.614495798319328,0.4163969795037756,1500.0275735294117,1738.996282527881,3.084558823529412,0.5968875502008032,1978.5949367088608,1870.1544117647056,3.632911392405063,0.1906906906906907,2470.909090909091,1133.4169278996865,2.890909090909091,0.2376237623762376,3372.9310344827586,4609.565217391304,10.129310344827584,0.1253860407659048,1403.6633663366338,1427.644569816643,1.594059405940594,0.1512195121951219,881.501976284585,1219.182156133829,2.007905138339921,0.1045655375552282,1291.404181184669,1032.5233644859811,2.177700348432056,0.0468085106382978,1054.431952662722,1025.5688622754492,2.032544378698225,0.0019193857965451,1605.2332695984703,1611.8762088974854,1.837476099426386,0.0904198062432723,376.82978723404256,626.4241706161138,1.215130023640662,0.0465116279069767,1421.0416666666667,1405.3846153846157,2.0590277777777777,0.1222076215505913,1455.3323529411764,987.9878048780488,1.4088235294117648,6,0,0,0.46678336932463005
158,202501,6,0,0.135498320268757,2348.2041884816754,2214.6153846153848,2.93717277486911,0.1234380916319576,2132.7244094488187,2162.457337883959,1.636920384951881,0.0472887767969735,1219.3112582781455,901.5873015873016,1.5549668874172184,0.1236146632566069,1813.7209302325584,1616.25,1.6608527131782946,0.1495601173020528,2820.549828178694,2372.80276816609,3.1683848797250858,0.2632895559724828,2536.6484641638226,1966.2162162162165,2.824232081911263,0.0618626784500339,1444.7619738751814,1149.204052098408,3.150943396226415,0.2581168831168831,3118.144104803493,3196.5789473684213,3.3755458515283845,0.1050583657587548,1388.3947368421052,1204.3879310344828,2.649122807017544,0.811875,4257.6,3393.333333333333,4.788571428571428,0.1700921332388377,1810.434782608696,1920.3020134228188,2.6626086956521737,0.1876332622601279,2380.496453900709,2374.0932642487046,5.280141843971631,0.1334422657952069,1957.5,1648.8447204968943,1.6526717557251909,0.2493358633776091,1627.59918200409,1518.18,2.974437627811861,0.1479565442317641,4399.278668310728,4024.162679425837,6.1763255240443895,0.1142208774583963,2601.277586206897,2318.2741116751267,2.6672413793103447,0.0661764705882353,2074.2801822323463,1762.0,3.735763097949886,0.1703511053315994,1569.811320754717,1415.8125,1.69811320754717,0.1572519083969465,2673.688405797101,2622.608695652174,2.7572463768115942,0.0543710021321961,1280.0225225225224,1044.040632054176,2.059684684684685,0.0313901345291479,1451.4232902033273,1080.556586270872,1.576709796672828,0.0948979591836734,1457.471783295711,1100.2027027027027,4.038374717832957,0.4103448275862069,1258.4755381604696,1273.8640776699028,3.620352250489237,0.4773834377174669,2594.4535809018566,2469.946524064171,3.697612732095491,0.3329238329238329,3315.434083601286,3532.758620689656,2.459807073954984,0.509783728115345,3504.4826254826253,4428.110599078341,1.9305019305019304,0.3023385300668151,2514.0129240710826,1902.586750788644,2.9450726978998385,0.4015544041450777,4793.310344827586,8684.347826086956,2.3879310344827585,0.2106109324758842,2704.2076923076925,2957.1428571428573,2.4307692307692306,0.0945121951219512,1247.5510204081634,1133.6,2.445578231292517,0.0162107396149949,2568.46887966805,1944.0490797546013,4.271784232365145,0.0653889515219842,671.6135265700483,727.2289156626506,2.359903381642512,0.0465116279069767,2267.8651685393256,1919.0977443609024,3.310861423220974,0.1873536299765808,2090.7558139534885,1902.857142857143,3.648255813953488,4,0,0,0.644315382576482
159,202501,7,0,0.0563035495716034,2024.1286089238845,2081.230769230769,7.677165354330708,0.0381572824569567,811.1279296875,757.2770853307766,1.720703125,0.0373134328358208,725.1162790697674,673.953488372093,1.9131782945736435,0.027027027027027,904.1333333333332,1099.3333333333333,1.88,0.0867158671586715,784.493927125506,573.8709677419355,1.4129554655870444,0.1216442953020134,1122.421755725191,994.6462715105164,2.9083969465648853,0.0509181969949916,721.2980599647266,623.1578947368421,2.938271604938272,0.0890269151138716,1267.7064220183486,1215.4054054054054,3.256880733944954,0.0606060606060606,1063.592,704.439024390244,5.328,0.2791932059447983,1135.7627118644068,1526.5846153846153,3.516949152542373,0.0698878343399482,676.0594795539033,615.4444444444445,1.2323420074349445,0.0559633027522935,895.4383561643835,588.5328185328185,2.553816046966732,0.0458598726114649,752.3087248322148,930.5179282868526,0.4496644295302013,0.064927857935627,2500.1095406360423,2000.5263157894733,5.982332155477032,0.0537883169462116,1010.6449631449632,853.8686131386861,1.2837837837837838,0.09375,1203.1675675675676,1203.180987202925,3.1171171171171173,0.0273660205245153,864.084705882353,721.6822429906542,1.8352941176470587,0.0834645669291338,759.3103448275862,682.6027397260274,2.193103448275862,0.2587064676616915,1203.0,857.7092511013216,1.790909090909091,0.0458952811893988,1024.7489768076398,915.1816958277254,10.885402455661664,0.0379888268156424,1014.431554524362,966.279069767442,5.2853828306264505,0.0424242424242424,566.2816901408451,526.6011235955057,2.2985915492957747,0.2523206751054852,980.5,959.1891891891892,4.119909502262443,0.1664670658682635,930.7982708933718,1191.054441260745,2.438040345821326,0.1105331599479843,1233.7033898305085,1499.6363636363635,4.27683615819209,0.2505773672055427,1079.547904191617,2037.904761904762,2.619760479041916,0.0746402877697841,758.8998035363458,859.8461538461538,1.1846758349705304,0.0947075208913649,1180.5149700598802,1744.5569620253164,3.497005988023952,0.0826580226904376,1570.583038869258,2009.893992932862,4.438162544169611,0.0444015444015444,448.48582995951415,641.8548387096774,2.639676113360324,0.0246734397677793,733.9850299401197,793.1360946745563,1.6616766467065869,0.0489596083231334,533.7866323907455,504.89690721649487,1.4138817480719794,0.0282828282828282,881.4225941422594,922.0661157024794,2.3640167364016738,0.034438775510204,2160.10290237467,1860.0,10.226912928759894,11,0,0,0.2737906223792903
160,202501,8,0,0.0184956843403205,940.865,960.4545454545456,6.9775,0.0861607142857142,631.3155778894472,735.8555133079848,1.6552763819095475,0.0426784400294334,449.2391975308642,453.9754977029097,2.4104938271604937,0.0160599571734475,320.557734204793,320.60869565217394,2.995642701525054,0.0210727969348659,498.015625,619.0588235294117,1.09375,0.0264783759929391,456.9404332129964,716.9398907103825,2.9097472924187726,0.0215588723051409,612.9135593220338,501.7627118644068,2.549152542372881,0.0295358649789029,879.5689655172414,856.3157894736842,3.0086206896551726,0.0323886639676113,562.425,318.94117647058823,1.3916666666666666,0.0139949109414758,782.3734015345268,528.28125,4.450127877237851,0.0165073848827106,333.5449735449736,637.1681415929204,1.5432098765432098,0.0274822695035461,762.5263157894736,572.8571428571429,2.764065335753176,0.0223785166240409,705.7480314960629,614.0808344198175,0.9146981627296588,0.0239260467645459,554.4493882091213,587.9464285714286,2.3548387096774195,0.0160458452722063,857.3189252336449,682.0905923344948,1.466121495327103,0.0405293631100082,667.9103448275862,640.2413793103449,2.513793103448276,0.0146892655367231,451.8712643678161,548.37528604119,1.3563218390804597,0.0118845500848896,521.8118466898954,620.7457627118644,3.1498257839721253,0.2816691505216095,569.5,474.5578512396695,2.9875,0.0602331606217616,755.8695652173913,862.6573426573426,7.048913043478261,0.0379041248606466,493.410138248848,546.993006993007,1.3548387096774193,0.0150891632373113,410.2228412256267,336.18384401114207,1.8649025069637883,0.1094527363184079,572.0805369127517,732.3214285714286,2.431767337807606,0.0174029451137884,474.2065217391304,341.4754098360656,2.345108695652174,0.0214477211796246,800.5698630136986,650.9589041095891,1.9972602739726024,0.0027137042062415,420.10027100271,836.0655737704918,2.051490514905149,0.0156537753222836,396.7294776119403,422.8142589118199,1.3003731343283582,0.0217864923747276,316.26666666666665,448.3928571428572,2.608888888888889,0.0153061224489795,723.4671280276816,533.3793103448276,1.9273356401384083,0.0097276264591439,403.59375,422.8458498023716,2.4140625,0.0081855388813096,505.3,588.2352941176471,2.208108108108108,0.0610972568578553,568.8324468085107,465.8355437665783,1.4388297872340423,0.028169014084507,427.7178423236514,595.0413223140496,3.178423236514522,0.0178571428571428,1823.368556701031,1125.7068062827225,7.739690721649485,8,0,0,0.07764486578169394
161,202501,9,0,0.0660486674391657,2058.158024691358,1574.8129675810474,8.362962962962962,0.8546730142821348,4038.9140127388537,6640.150375939849,21.659235668789808,0.1602870813397129,799.3705293276108,627.4893617021277,2.479256080114449,0.092511013215859,1018.1359223300972,784.1922330097087,2.9067961165048546,0.1294498381877022,1120.1535580524344,973.7269372693728,1.367041198501873,0.0513022888713496,1009.686046511628,751.9,3.262458471760797,0.1010169491525423,790.0526315789474,657.0045385779123,3.073684210526316,0.0707964601769911,988.209923664122,701.977186311787,3.8587786259541983,0.0459016393442622,492.5442176870748,252.09027777777777,2.523809523809524,0.0976470588235294,976.71875,972.532637075718,4.098958333333333,0.2231046931407942,1092.1335807050093,1145.36312849162,3.220779220779221,0.06858924395947,831.1035058430717,831.2416107382551,3.881469115191986,0.1258465011286681,873.9920948616601,859.367088607595,0.5955204216073782,0.0786115364982133,1560.3914002205072,1606.703786191537,6.739801543550166,0.0452127659574468,954.6973392461198,966.6517357222845,1.6186252771618626,0.1577503429355281,1054.8088235294117,981.1753246753246,1.9183006535947715,0.171113155473781,540.5222222222222,636.1862527716186,1.3244444444444443,0.13290113452188,1644.485294117647,1365.6273764258556,4.639705882352941,0.3165969316596931,1002.9510204081632,838.530612244898,2.293877551020408,0.0718457943925233,904.5944233206592,854.7,4.581749049429658,0.1311053984575835,2740.633663366337,2033.28094302554,7.120792079207921,0.1935975609756097,681.9899244332494,652.5851197982346,2.161209068010076,0.1409774436090225,1080.0633187772926,812.3684210526316,2.0982532751091703,0.2737068965517241,974.83125,827.2881355932203,2.56875,0.1307692307692307,1180.015037593985,1300.7142857142858,2.5789473684210527,0.0489913544668587,1385.0523076923075,1232.608955223881,4.116923076923077,0.036978756884343,845.15522875817,795.5882352941177,1.0310457516339868,0.1306042884990253,544.5739910313902,636.322869955157,4.748878923766816,0.0732436472346786,1007.375,932.1428571428572,2.2211538461538463,0.028169014084507,569.3478260869565,582.1739130434783,2.115942028985508,0.0246252676659528,659.1352549889135,791.7391304347826,1.7960088691796008,0.1254199328107502,220.55384615384617,240.0,1.3102564102564105,0.109375,1577.0428015564205,964.21875,3.8249027237354087,0.0995085995085995,3028.5405405405404,1648.595041322314,5.686486486486486,6,0,0,0.3532880443696653
162,202501,10,0,0.1697099892588614,1250.982005141388,809.84375,2.814910025706941,0.4164640500173671,3511.641443538999,3240.365408038977,3.131548311990687,0.1338432122370937,983.3318649045522,965.929203539823,1.9515418502202644,0.1275285839929639,1760.386503067485,1651.4910536779323,2.6993865030674846,0.3227586206896551,1576.9591836734694,1775.6097560975609,4.318367346938776,0.1724890829694323,976.5553602811952,973.6267605633802,2.289982425307557,0.0898410504492052,1000.348623853211,940.1809954751131,3.1314984709480123,0.2009493670886075,1149.0836653386457,948.4251968503936,3.3904382470119523,0.0177304964539007,1458.697841726619,955.3695652173913,2.9424460431654675,0.3730084348641049,1400.9174311926606,1509.122807017544,4.051987767584098,0.2484429065743944,1474.5251396648046,1425.6830601092895,3.2402234636871508,0.7138823529411765,967.8976109215016,1748.952380952381,4.030716723549488,0.8735414695679596,13514.036437246965,13226.883116883117,9.88663967611336,0.17728285077951,1061.886117136659,890.1405405405405,2.215835140997831,0.1291322314049586,3500.3742550655543,2963.305785123967,5.580452920143028,0.1393258426966292,2824.476439790576,2193.6354166666665,4.37870855148342,0.1501532175689479,1301.483412322275,1126.2439024390244,1.4644549763033174,0.1837037037037037,1816.3636363636365,1372.1739130434785,3.876363636363637,0.2488188976377952,2047.1350210970463,1460.5,3.39662447257384,0.0586166471277842,670.6858573216521,800.8921933085502,2.2052565707133915,0.0810572687224669,669.6737044145873,730.6896551724138,1.4299424184261036,0.3970862906238326,468.7780548628429,449.85221674876846,1.9638403990024933,0.2563510392609699,992.2981366459628,1022.608695652174,2.8840579710144927,0.4134790528233151,2740.4437869822486,3291.6013071895427,3.0532544378698225,0.3450834879406308,2489.5652173913045,1872.797783933518,2.626086956521739,0.1025991792065663,2336.0945121951218,2882.19512195122,2.9115853658536586,0.2039381153305204,1833.0232558139533,1378.6387434554974,2.298747763864043,0.3112903225806451,832.0379146919431,1095.8333333333333,2.7630331753554502,0.287248322147651,2248.9803921568628,1751.9565217391305,2.9411764705882355,0.1286821705426356,521.3678571428571,793.4042553191489,2.432142857142857,0.0450236966824644,1400.351485148515,1365.2238805970148,1.254950495049505,0.1064814814814814,758.5607235142119,551.3818181818182,1.4573643410852712,0.0891840607210626,1566.0,1568.0,2.3,0.2326901248581157,1296.142433234421,1108.495575221239,1.4183976261127595,2,0,0,0.599694406078938
163,202501,11,0,0.0353260869565217,765.7344632768362,931.5168539325842,1.8135593220338984,0.0514742628685657,1968.1510638297875,1590.688935281837,1.4893617021276595,0.0265417642466822,1082.1470113085622,886.9108280254777,2.3311793214862684,0.0747863247863247,1436.579908675799,1642.1495327102805,2.598173515981735,0.1031894934333958,1792.373949579832,1377.75,1.6260504201680672,0.0918264379414732,2280.440265486726,1633.649553571429,3.8075221238938055,0.0340501792114695,791.5563770794824,760.1117318435754,3.621072088724584,0.0736607142857142,1894.4927536231885,1364.1346153846157,3.415458937198068,0.0422535211267605,1451.32,1225.9615384615386,1.3,0.2025139664804469,1415.5102040816328,1854.8339350180504,4.3979591836734695,0.0648148148148148,861.4285714285714,964.1501976284584,1.3333333333333333,0.3379970544918999,1325.2087912087911,1687.027027027027,2.843956043956044,0.3560209424083769,4676.026565464896,4531.6551724137935,0.8349146110056926,0.0536504424778761,1224.2649472450175,1249.2307692307693,3.423212192262602,0.0797619047619047,1574.3324675324675,1065.0,1.748051948051948,0.0783582089552238,1846.373493975904,1831.34693877551,2.0,0.0392584514721919,1743.2574712643675,1789.6412556053813,1.7402298850574711,0.0491452991452991,1419.4594594594594,911.0313901345291,1.1936936936936935,0.0770877944325481,674.5416666666666,1118.2325581395348,1.828703703703704,0.02,926.5116279069769,814.7368421052631,3.0247093023255816,0.0620155038759689,459.7624703087886,450.1408450704225,1.7102137767220902,0.1131687242798353,395.55555555555554,607.5348837209302,1.9876543209876545,0.0966702470461869,997.9097387173396,948.2857142857144,1.7505938242280286,0.0834621329211746,1310.2168284789643,1933.7323943661968,2.2233009708737863,0.1673525377229081,1670.488745980707,2071.2162162162163,2.4212218649517685,0.032051282051282,1013.4917491749176,1186.046511627907,2.726072607260726,0.0979591836734693,1478.1714801444043,1744.355716878403,1.6913357400722022,0.1395833333333333,591.5121951219512,762.9807692307693,2.317073170731707,0.1183970856102003,1743.0276679841895,2446.753246753247,3.399209486166008,0.0715746421267893,795.193832599119,631.1894273127754,1.8854625550660795,0.0088832487309644,1700.197435897436,1761.3299232736572,2.0589743589743588,0.0216010165184243,464.4145077720207,438.8958333333333,1.1398963730569949,0.0309050772626931,1433.6697247706422,1447.6018099547512,2.0458715596330275,0.0765864332603938,1065.0,861.3084112149533,0.9759615384615384,7,0,0,0.2857830758812522
164,202501,12,0,0.0061050061050061,621.9187192118227,522.7941176470588,2.817733990147784,0.0045852438516048,825.7874476987448,819.1785414920369,1.6317991631799162,0.0012143290831815,766.8772782503038,672.7007299270073,2.737545565006075,0.0218778486782133,1706.7970204841713,1862.0149253731345,3.5400372439478587,0.0112359550561797,1032.0194805194806,1231.753246753247,0.9545454545454546,0.0095087163232963,689.5824,729.792,1.7904,0.0376153300212916,862.0872781065088,955.5,2.606508875739645,0.003610108303249,702.4927536231884,534.7826086956521,2.9420289855072466,0.5294117647058824,6075.952380952381,6968.421052631579,4.7936507936507935,0.0268292682926829,717.1428571428571,648.2631578947369,2.1528822055137846,0.0085205267234701,738.8137715179969,775.1326053042121,2.1189358372456963,0.0151878497202238,686.8735818476499,706.7317073170732,2.580226904376013,0.0294811320754717,2004.56865127582,1760.8505467800728,0.8541919805589308,0.0077669902912621,758.1753183153771,694.8387096774194,2.493633692458374,0.0138814735718099,1513.107725788901,1350.5818965517242,3.254624591947769,0.0162790697674418,1234.580188679245,1024.8341232227488,1.8726415094339623,0.0010405827263267,1040.05625,1175.0,1.0833333333333333,0.0014430014430014,741.3793103448276,778.4302325581396,1.9195402298850568,0.0198198198198198,1206.985294117647,849.0441176470588,2.838235294117647,0.0034207525655644,761.2354285714285,680.0687285223368,2.184,0.0157205240174672,678.9304812834224,712.4734982332155,2.9393939393939394,0.0090191657271702,498.3881952326901,637.2862029646523,2.791146424517593,0.0106075216972034,798.482421875,752.6750972762646,1.7734375,0.0060386473429951,793.0583941605839,795.0218446601941,1.7201946472019465,0.003584229390681,958.5918854415274,921.3975903614456,1.60381861575179,0.0024125452352231,800.9759036144578,643.9805825242719,1.7518072289156623,0.0051622418879056,1035.1985185185183,1205.964391691395,1.171851851851852,0.0098425196850393,459.2857142857143,378.4063745019921,1.3531746031746033,0.0077279752704791,731.328125,904.6583850931676,1.6625,0.00625,588.7075471698113,552.6415094339623,3.0817610062893084,0.0020876826722338,848.8361344537815,999.5,1.987394957983193,0.0,375.7566137566138,435.3157894736842,1.9417989417989416,0.0019417475728155,913.125,767.2093023255813,1.80859375,0.0,668.8088642659279,736.0893854748604,1.2077562326869806,10,0,0,0.07473489909533992
165,202501,13,0,0.0048250904704463,535.7118644067797,513.9320388349514,3.910411622276029,0.0047867711053089,494.4194395796848,603.5633187772926,2.063922942206655,0.0040705563093622,380.8176870748299,331.92360163710777,2.895238095238095,0.0093283582089552,751.7947269303202,762.4802259887006,4.587570621468927,0.0051546391752577,643.3391003460208,796.9655172413793,2.2387543252595155,0.0055732484076433,304.6629213483146,328.5623003194888,2.211878009630819,0.0223665223665223,463.1523668639053,495.1104565537555,3.418639053254438,0.0018248175182481,406.1062271062271,525.1094890510949,3.6996336996337,0.0724137931034482,1219.9850746268658,1075.3111111111111,2.8955223880597014,0.0061652281134401,251.19402985074623,510.2970297029703,2.58955223880597,0.0073710073710073,428.3168316831683,568.8118811881188,2.07920792079208,0.0024979184013322,390.02838063439066,401.46911519198665,3.013355592654424,0.0034904013961605,625.7543859649123,565.9440559440559,0.6350877192982456,0.0092355053873781,454.35165975103735,514.0641158221302,2.8775933609958506,0.0064102564102564,577.6895810955962,575.6512378902045,2.041890440386681,0.018735362997658,585.847619047619,635.194577352472,2.2206349206349207,0.0021762785636561,317.5633187772926,578.4313725490196,1.5414847161572052,0.0,566.2264150943396,275.77287066246055,2.6320754716981134,0.0256880733944954,540.484962406015,417.1245283018868,3.87593984962406,0.0035650623885918,224.8939213349225,308.3770883054893,2.2419547079856974,0.0132575757575757,183.67816091954023,216.92307692307693,1.6053639846743295,0.0136904761904761,253.1318016928658,285.1807228915663,2.129383313180169,0.0099502487562189,341.52917505030183,368.1927710843373,2.5311871227364184,0.0099750623441396,519.2392947103275,346.7002518891688,2.433249370277078,0.0047961630695443,691.2313253012048,586.5542168674699,1.4048192771084338,0.0,1030.5217391304348,348.2170542635659,9.217391304347826,0.0038610038610038,434.10869565217394,444.7058823529412,2.046583850931677,0.00836820083682,79.49367088607595,110.88607594936708,1.7341772151898731,0.0075987841945288,338.1926605504587,283.4355828220859,2.015290519877676,0.0033898305084745,337.2857142857143,202.6530612244898,2.622448979591837,0.0138740661686232,448.3930885529157,521.1279826464208,1.2699784017278617,0.0,492.9184210526316,620.9308510638298,1.1631578947368422,0.0038684719535783,414.4186046511628,410.1945525291829,3.1782945736434107,0.0089171974522292,338.15384615384613,275.7216494845361,1.5564102564102564,8,0,0,0.08226719565068008
166,202501,14,0,0.009020618556701,179.04438642297652,246.68393782383416,2.9007832898172325,0.008133971291866,404.2295081967213,364.4015444015444,1.9431051108968176,0.0007610350076103,344.11550151975683,312.6412213740458,1.9787234042553192,0.0067340067340067,540.0316027088036,711.9909502262443,2.853273137697517,0.002061855670103,425.4710743801653,365.45454545454544,1.359504132231405,0.0037558685446009,242.55283018867925,329.03954802259886,2.0962264150943395,0.0171232876712328,445.6147110332749,517.8509532062392,4.0,0.0022371364653243,651.1607142857143,693.2432432432432,3.415178571428572,0.0224215246636771,1895.2752293577985,1690.165137614679,1.036697247706422,0.0026041666666666,164.96083550913838,196.9190600522193,2.8302872062663185,0.0101289134438305,336.4245810055866,263.64312267657994,1.9292364990689013,0.0018885741265344,315.1306818181818,198.3742911153119,2.8125,0.0019880715705765,371.17021276595744,235.3050397877984,0.7167553191489362,0.0040322580645161,507.681712962963,452.4624277456648,2.578703703703704,0.0041866028708133,717.1105769230769,721.3685474189676,2.40625,0.0115146147032772,552.5366726296959,731.5655296229803,2.3989266547406083,0.001187648456057,492.7274881516588,448.926014319809,2.4265402843601898,0.0,287.961937716263,205.97938144329896,2.0484429065743943,0.0061601642710472,509.5950413223141,607.4380165289256,4.082644628099174,0.0013449899125756,282.0965147453083,154.0189445196211,2.1916890080428955,0.0069930069930069,259.672131147541,210.49411764705883,2.918032786885246,0.0055865921787709,163.14606741573033,207.5561797752809,1.800561797752809,0.0167973124300112,300.6522727272727,210.13698630136983,1.65,0.0041608876560332,337.116991643454,252.9247910863509,2.2618384401114207,0.0124309392265193,353.79888268156424,473.2773109243698,2.3268156424581004,0.0,532.5484764542937,422.1157024793389,2.5069252077562325,0.0038350910834132,382.2692307692308,364.97109826589593,1.551923076923077,0.0023201856148491,157.95348837209303,229.11627906976744,2.0232558139534884,0.0052083333333333,519.2727272727273,345.3658536585366,2.7482517482517483,0.0019960079840319,289.44,343.68,2.74,0.0203488372093023,561.8035714285714,420.5325443786982,2.071428571428572,0.0026881720430107,241.57258064516128,400.2567567567568,1.075268817204301,0.0020576131687242,294.0495867768595,284.9382716049383,1.2727272727272727,0.0025873221216041,243.4375,347.4418604651163,1.8515625,8,0,0,0.08534311577180786
167,202501,15,0,0.0089743589743589,235.63824289405684,222.12435233160625,2.434108527131783,0.0075901328273244,371.4856596558317,368.4321223709369,2.14244741873805,0.0007501875468867,190.74436090225564,241.88905547226383,1.6390977443609025,0.0096256684491978,371.9222462203024,395.2483801295896,2.7451403887688985,0.0,332.5425101214575,307.01612903225805,1.0850202429149798,0.0027881040892193,215.06505576208176,201.1962616822429,1.933085501858736,0.0380165289256198,253.18072289156623,407.1355060034305,2.9139414802065406,0.0131291028446389,311.6814159292035,230.13333333333333,3.2787610619469025,0.0436241610738255,587.6180555555555,344.25531914893617,1.8194444444444444,0.0,222.7906976744186,249.3506493506493,3.116279069767442,0.010752688172043,251.95652173913044,378.4782608695652,2.369565217391304,0.0036330608537693,366.8415300546448,141.67883211678833,2.759562841530055,0.0026263952724885,210.82785808147176,232.16358839050133,0.9579500657030224,0.0088202866593164,237.56062291434927,274.77196885428253,2.181312569521691,0.0064516129032258,430.590318772137,446.0684769775679,1.884297520661157,0.0053956834532374,359.2395644283122,533.6756756756756,2.2286751361161525,0.0,475.9314420803783,327.87735849056605,1.364066193853428,0.0051546391752577,301.86851211072667,246.8275862068965,2.408304498269896,0.0062370062370062,427.44166666666666,670.5882352941177,2.5375,0.0013333333333333,153.61930294906165,167.39361702127658,1.9235924932975872,0.0069444444444444,181.12412177985948,183.48027842227376,2.0046838407494145,0.0040871934604904,147.45901639344262,217.72602739726028,1.879781420765028,0.0140997830802603,256.9736842105263,225.6953642384106,1.649122807017544,0.016260162601626,205.3498622589532,360.8236914600551,2.325068870523416,0.0027662517289073,174.3646408839779,564.066852367688,1.9668508287292816,0.0027855153203342,262.6880222841225,432.436974789916,2.105849582172702,0.0009389671361502,246.77966101694915,333.2082551594747,1.2203389830508475,0.0045662100456621,199.8165137614679,340.73394495412845,2.389908256880734,0.0,273.6468531468532,233.9583333333333,1.9475524475524475,0.0019493177387914,246.07003891050584,258.11764705882354,1.9221789883268483,0.0,294.3554913294798,333.62068965517244,1.569364161849711,0.0030534351145038,218.28220858895705,89.35779816513761,0.9202453987730062,0.0142566191446028,344.87603305785126,195.6198347107438,2.177685950413223,0.0,210.8571428571429,205.2467532467533,2.8415584415584414,8,0,0,0.09592688779550462
168,202501,16,0,0.0120772946859903,584.9535452322739,731.0024449877751,3.041564792176039,0.005286701911346,407.3333333333333,537.0122448979591,1.2514332514332511,0.0048455481526347,422.3386114494519,289.3430656934307,1.5651644336175397,0.0,579.8547794117648,600.2193784277879,2.053308823529412,0.0033112582781456,667.953488372093,657.6079734219269,1.069767441860465,0.0086274509803921,755.3164556962025,473.73417721518985,1.9746835443037976,0.0298083747338537,574.9548104956268,517.1806167400881,3.259475218658892,0.0054545454545454,1080.4395604395604,910.07299270073,4.688644688644689,0.0319488817891373,1057.1973684210527,707.2582781456954,2.585526315789474,0.0024479804161566,545.1597051597051,460.88235294117646,3.941031941031941,0.0023310023310023,454.2990654205608,435.7943925233645,1.3566978193146415,0.0024096385542168,615.0933977455717,502.1256038647343,2.28341384863124,0.0040345821325648,439.10034602076126,509.05923344947735,0.7474048442906575,0.0034808552958727,406.4670658682635,373.3532934131737,2.161676646706587,0.0079491255961844,586.4357601713062,551.8976545842218,1.8265524625267664,0.0131987577639751,1006.7507886435332,929.105180533752,3.195583596214511,0.0,342.98319327731093,491.4705882352941,0.592436974789916,0.0154711673699015,360.17045454545456,367.41379310344826,1.880681818181818,0.0319715808170515,756.8827838827839,617.4264705882352,5.007326007326007,0.0073280721533258,258.246013667426,296.7383918459796,1.9829157175398635,0.0166374781085814,306.096256684492,251.8505338078292,1.03921568627451,0.0079320113314447,245.1428571428572,348.28767123287673,1.5234285714285714,0.0087209302325581,472.734375,611.0371819960861,3.208984375,0.0036014405762304,390.7657004830918,434.5673076923077,1.818840579710145,0.0080367393800229,531.4444444444445,504.72222222222223,2.423611111111111,0.0048309178743961,405.4769975786925,455.1824817518248,1.694915254237288,0.0074682598954443,610.8993993993994,367.33031674208144,1.4039039039039038,0.002,493.3064516129032,700.8764940239043,2.943548387096774,0.007716049382716,505.6904024767802,821.625,3.003095975232198,0.0,355.96153846153845,295.0159744408946,2.4743589743589745,0.0052192066805845,784.4811715481171,769.6421052631579,1.405857740585774,0.0028943560057887,210.7826086956522,151.74418604651163,1.0,0.003875968992248,503.3463035019455,542.8015564202335,3.1634241245136185,0.0025510204081632,605.8312020460359,398.3631713554987,1.3273657289002558,8,0,0,0.052624210384210834
169,202501,17,0,0.0036275695284159,554.2173913043479,570.0,2.533816425120773,0.0012804097311139,463.9632478632479,408.2564102564103,1.8102564102564105,0.0025575447570332,539.079283887468,418.8431876606684,2.428388746803069,0.0,457.2881040892193,586.913123844732,2.460966542750929,0.0031948881789137,388.0384615384616,427.5,0.9583333333333334,0.0007836990595611,542.4203125,452.40944881889766,2.4734375,0.0115858073859522,811.2995594713657,772.1052631578947,3.615271659324523,0.0,623.8776978417267,430.96774193548384,2.6906474820143886,0.0826446280991735,678.2612612612612,347.56756756756755,2.18018018018018,0.0024721878862793,414.0594059405941,422.8287841191067,3.497524752475248,0.0007751937984496,323.8139534883721,463.69565217391306,1.4852713178294574,0.0016583747927031,294.5913621262458,343.2624584717608,2.4401993355481726,0.0040183696900114,267.2664359861592,302.4193548387097,0.5178777393310265,0.0034722222222222,634.7462686567164,605.0199203187251,3.3393034825870647,0.0058448459086078,650.6659528907923,498.324439701174,1.825481798715204,0.0078003120124804,591.2393700787402,567.8806907378336,2.037795275590552,0.0,581.2589473684211,853.9240506329114,3.309473684210526,0.0,302.7586206896552,260.22857142857146,2.014367816091954,0.031578947368421,384.8297101449276,350.1050724637681,1.6557971014492754,0.0062642369020501,397.5514874141877,525.4649827784156,1.882151029748284,0.0080142475512021,352.7827648114901,367.4326750448833,2.0754039497307,0.001713306681896,509.24311926605503,535.6164383561644,2.0997706422018347,0.0038797284190106,738.7937743190662,695.0877192982456,3.3385214007782102,0.0012269938650306,422.7758620689655,552.5024509803922,1.938423645320197,0.0,394.5306603773585,288.3835294117647,1.7547169811320755,0.0,506.2953995157385,770.948905109489,1.6876513317191284,0.0044676098287416,418.01197604790417,501.5246636771301,1.1197604790419162,0.0039138943248532,257.18110236220474,511.2941176470589,2.4763779527559056,0.0015105740181268,454.53636363636366,391.9033232628399,2.290909090909091,0.0,612.5,506.0450160771704,1.7788461538461535,0.0084745762711864,496.8311965811966,505.8974358974359,2.4722222222222223,0.0085348506401137,309.647564469914,328.7931034482759,1.2148997134670487,0.0019607843137254,720.9411764705883,633.5433070866142,3.227450980392157,0.0012886597938144,384.1860465116279,446.1340206185567,1.3049095607235142,8,0,0,0.02983756363868406
170,202501,18,0,0.0013986013986013,649.5518207282913,481.6806722689076,2.5014005602240896,0.003709591944886,494.85303514376994,388.7566418703507,1.7784877529286476,0.0025597269624573,368.0840480274442,279.7269624573379,1.6243567753001715,0.0022547914317925,522.7640449438202,879.5454545454545,2.4292134831460674,0.0,319.9024390243902,318.51851851851853,1.646341463414634,0.0,336.43628509719224,505.9528907922912,2.4406047516198703,0.0093196644920782,478.9454887218045,508.2485875706215,2.298872180451128,0.0,896.872037914692,380.28169014084506,6.109004739336493,0.0745614035087719,495.0285714285714,243.3962264150944,1.2285714285714286,0.0,456.7741935483871,255.53398058252424,4.967741935483871,0.0029382957884427,418.3529411764706,389.7637795275591,1.5196078431372548,0.0009746588693957,288.123046875,291.1111111111111,3.22265625,0.0035360678925035,609.1714285714286,567.9266572637517,2.8385714285714285,0.0011614401858304,1062.2415795586528,991.4318975552968,5.18931475029036,0.0064391500321957,503.6036036036036,539.9986945169712,1.3462033462033465,0.016504854368932,482.5846456692913,456.9504950495049,2.356299212598425,0.0010834236186348,537.5683297180043,703.0802603036876,2.1995661605206074,0.0022522522522522,348.868778280543,220.0,1.7782805429864252,0.023094688221709,330.9377990430622,235.79439252336448,1.947368421052632,0.0044345898004434,337.85714285714283,350.4888888888889,1.7827380952380951,0.0061728395061728,364.0445544554456,304.48877805486285,1.881188118811881,0.0055555555555555,347.7511961722488,363.5463258785943,1.8070175438596487,0.0034802784222737,495.4205607476636,560.4640371229698,1.7149532710280373,0.0,396.7524752475247,485.3820598006645,2.825082508250825,0.0015673981191222,615.1504702194358,272.64150943396226,3.134796238244514,0.0,537.6622516556291,490.0990099009901,2.0033112582781456,0.0052219321148825,307.99299474605954,418.3216783216784,1.5341506129597198,0.0048780487804878,201.76470588235293,442.6470588235294,1.7647058823529411,0.0038095238095238,449.8745247148289,343.15384615384613,2.520912547528517,0.0,346.6968325791855,252.7601809954751,2.289592760180996,0.0036945812807881,550.9356435643564,593.6296296296297,3.633663366336634,0.0,365.4466292134832,465.8028169014085,1.0168539325842696,0.0021978021978021,347.84140969163,445.1101321585903,2.590308370044053,0.0047169811320754,245.1428571428572,380.0943396226415,2.3095238095238093,8,0,0,0.05822394202703729
171,202501,19,0,0.4630872483221476,1690.7644927536232,822.4647887323944,2.105072463768116,0.0190013256738842,938.8688230008984,805.3658536585366,1.651392632524708,0.0056818181818181,855.8345221112696,567.8969957081545,1.5263908701854494,0.0357142857142857,973.0739219712526,1190.4742268041236,2.3326488706365502,0.0755033557046979,1779.1474820143883,1553.6263736263736,5.676258992805756,0.3208092485549133,1510.486725663717,705.983606557377,2.725663716814159,0.0251716247139588,847.2711598746082,660.84375,2.231974921630094,0.1859649122807017,3213.0508474576272,1605.5263157894738,16.21186440677966,0.0078431372549019,450.1889763779528,349.04761904761904,1.811023622047244,0.3892617449664429,1136.7192429022082,1589.4375,3.4794952681388014,0.042087542087542,792.2751322751323,789.877408056042,1.9559082892416224,0.1065182829888712,1233.9823008849555,1281.7889087656529,6.307964601769911,0.0520123839009287,851.07421875,893.9449541284404,1.7239583333333333,0.0593654042988741,1008.7867247007616,1129.5538628944505,3.1403699673558214,0.1179245283018868,1020.222884386174,1041.9668246445497,1.6221692491060786,0.032377428307123,1039.9731800766283,850.763358778626,2.875478927203065,0.0088397790055248,1674.7527593818984,1415.2702702702702,4.931567328918322,0.0476190476190476,1119.5876288659797,593.1487889273357,2.2646048109965635,0.0707635009310986,906.9322709163348,845.0806451612904,2.3904382470119523,0.015513897866839,791.843137254902,507.0712401055409,2.0209150326797385,0.0148221343873517,807.710843373494,596.5130260521042,1.7590361445783131,0.0535939470365699,742.7626666666666,531.6111850865512,3.356,0.1649954421148587,728.9277899343545,950.9803921568628,1.7833698030634573,0.0629820051413881,1153.5671232876712,978.4945054945056,2.515068493150685,0.1963882618510158,1016.4804469273744,1067.2881355932204,2.083798882681564,0.0511140235910878,685.8484848484849,809.4182825484764,2.4297520661157024,0.1936997319034852,1640.299668874172,1229.1485809682804,4.288079470198675,0.1539961013645224,1147.4654377880183,1329.400921658986,3.8617511520737327,0.226878612716763,1318.115671641791,1309.2134831460671,5.242537313432836,0.2946428571428571,610.4347826086956,597.6173285198556,2.2355072463768115,0.0058343057176196,1976.5477855477848,1827.943262411348,5.916083916083916,0.0195488721804511,458.5876923076923,417.5932721712538,1.3692307692307693,0.0346420323325635,2519.956730769231,1609.7142857142858,12.721153846153848,0.4785340314136125,3160.70325203252,1206.190476190476,28.47560975609756,11,0,0,0.31921157981023063
172,202501,20,0,0.0595099183197199,1572.9290953545233,1619.8488664987406,5.73838630806846,0.0529363110008271,1088.6553819444443,1039.7715289982425,2.0546875,0.0282663316582914,994.576379974326,947.03125,2.840821566110398,0.0591304347826086,1799.2351851851852,2047.5276752767527,2.7537037037037035,0.0531914893617021,1553.0064935064936,1389.142857142857,2.720779220779221,0.1086637298091042,1399.8949044585988,1476.9078498293516,2.3630573248407645,0.0268551236749116,728.3352685050799,675.2616279069767,2.191582002902757,0.1053511705685618,1480.2985074626863,986.0674157303372,4.6940298507462686,0.0063291139240506,379.86624203821657,202.31210191082803,2.745222929936306,0.0712616822429906,1516.390977443609,1409.3939393939395,2.50125313283208,0.2780612244897959,1015.32319391635,1166.7326732673268,2.2319391634980987,0.0376904570970328,1139.2,1134.7,2.7333333333333334,0.0256813417190775,1001.5844017094016,1110.8775731310943,0.9529914529914528,0.0456292026897214,1629.4572864321608,2036.673387096774,3.527638190954774,0.0326831839746968,1118.9814612868047,1130.1307189542483,2.592148309705561,0.0718475073313783,1301.4833597464342,1448.7874015748032,2.169572107765452,0.124765478424015,1586.305376344086,1426.7948717948718,2.752688172043011,0.0258751902587519,1923.864406779661,877.0434782608696,2.694915254237288,0.0960264900662251,1041.3818181818183,1037.490774907749,2.88,0.022982062780269,927.6924829157176,777.4335260115607,3.569476082004556,0.0116487455197132,3050.162162162162,2491.7518248175184,5.54054054054054,0.0272525027808676,774.2531356898518,879.0137614678899,2.290763968072976,0.0273843248347497,1056.9320388349515,1164.9320388349515,2.0485436893203883,0.0416666666666666,1206.4409638554216,1284.1162227602906,2.057831325301205,0.0363223609534619,1331.3317647058825,1138.160377358491,2.051764705882353,0.0216346153846153,1566.165853658537,1250.049504950495,2.768292682926829,0.0161527165932452,1221.7563527653217,1121.6691505216097,1.850523168908819,0.0509433962264151,646.9645669291339,689.6385542168674,2.578740157480315,0.0434153400868306,1057.845921450151,1371.8181818181818,2.096676737160121,0.0606060606060606,991.5384615384615,871.7532467532468,2.358974358974359,0.0042417815482502,1499.9182795698923,1327.9746835443038,3.382795698924731,0.0447368421052631,499.978021978022,292.21546961325964,0.9642857142857144,0.0384615384615384,2165.344129554656,1869.01185770751,1.7489878542510122,0.0917992656058751,1124.6031746031747,1379.6703296703297,1.4867724867724867,7,0,0,0.16601188125604405
173,202501,21,0,0.0935960591133004,774.0652173913044,564.7826086956521,4.130434782608695,0.2880741337630942,729.5636978579481,674.6590909090909,2.6234498308906424,0.0934579439252336,544.1637519872814,319.4620253164557,1.6947535771065183,0.0829068577277379,1746.6371681415928,1840.675675675676,5.765486725663717,0.4287878787878788,1654.48087431694,1368.8659793814434,4.983606557377049,0.0358126721763085,891.8409090909091,731.3429118773946,2.606060606060606,0.0364406779661016,500.2975352112676,693.7434094903339,2.329225352112676,0.0822784810126582,989.2785388127854,1036.388888888889,2.643835616438356,0.0362903225806451,412.31666666666666,286.2857142857143,1.8833333333333333,0.2227027027027027,851.2820512820513,932.445652173913,2.712250712250712,0.9967186218211648,20184.0,0.0,1.4,0.2258579409417398,1595.3542510121458,893.4453781512605,4.502024291497976,0.3371665133394664,3026.645429362881,3084.534075104312,2.8213296398891967,0.0772243984331281,820.2189781021898,697.3639661426844,2.3965936739659366,0.0583090379008746,1006.4153275648948,1275.8560794044663,2.407911001236094,0.1222397476340694,1378.0650994575046,1167.4607142857142,2.853526220614828,0.2661668228678538,1199.8730964467004,963.7017994858612,3.451776649746193,0.1126482213438735,1344.797619047619,1624.263959390863,3.1904761904761907,0.224390243902439,697.8151260504202,935.3974895397488,3.4243697478991595,0.0358350236646382,543.2819074333801,307.0687237026648,2.015427769985975,0.0408878504672897,427.2058823529412,268.03874092009687,1.928921568627451,0.1430317848410758,519.0299572039943,387.73181169757487,2.007132667617689,0.0867293625914315,596.0,561.5945330296128,1.6482758620689657,0.1527415143603133,1233.565749235474,981.8012422360248,3.110091743119266,0.3222222222222222,1117.74043715847,1512.950819672131,2.360655737704918,0.0698630136986301,1027.094674556213,1300.9853372434018,2.094674556213018,0.089,1527.3435294117646,999.506172839506,4.524705882352941,0.2430426716141001,938.529411764706,1114.1176470588234,2.2401960784313726,0.1123778501628664,969.439114391144,807.5912408759124,3.830258302583026,0.0542635658914728,430.1234567901234,250.77551020408163,1.851851851851852,0.0199081163859111,1769.2625,1227.1875,9.540625,0.0903141361256544,908.9337175792508,606.0344827586207,1.1988472622478386,0.0502008032128514,967.0588235294116,643.4723404255319,2.2478991596638656,0.1312272174969623,628.5,529.6901408450705,1.3611111111111112,6,0,0,0.41953508013761764
174,202501,22,0,0.125150421179302,848.8977900552486,781.972602739726,3.604972375690608,0.1775501493811353,585.9708939708939,526.259067357513,1.509355509355509,0.0615604867573371,597.9754601226994,461.4264036418816,2.211656441717792,0.0456802383316782,1061.0460251046024,1000.7453416149068,2.518828451882845,0.5055710306406686,1472.553672316384,1412.0224719101125,3.135593220338983,0.0495049504950495,746.6950757575758,838.7121212121212,2.185606060606061,0.0223509933774834,378.1114864864865,514.125636672326,1.802364864864865,0.1209677419354838,631.0599078341014,638.6301369863014,3.216589861751152,0.0200803212851405,395.9590163934426,225.7377049180328,1.7295081967213115,0.27170582226762,1065.3698630136987,1025.5172413793102,2.2794520547945205,0.7410377358490566,1828.2,2361.2048192771085,1.2433333333333334,0.3439836845683208,1557.663179916318,907.0225872689938,3.292887029288703,0.4097831102907245,4065.687203791469,4068.668730650155,2.3270142180094786,0.0653212958045671,598.84834663626,547.8142695356738,3.009122006841505,0.0435793143521208,1217.7747858017135,1416.1881785283474,2.2129742962056302,0.0795819935691318,1155.8429319371728,1473.2517482517485,1.9179755671902268,0.1178451178451178,1324.706940874036,1420.352644836272,4.277634961439588,0.0750853242320819,596.8656716417911,702.9197080291971,1.8955223880597007,0.1254681647940075,1119.656652360515,885.8974358974359,2.579399141630901,0.0164690382081686,589.364247311828,484.40587449933247,2.349462365591398,0.0209059233449477,644.1050119331742,654.622641509434,1.6730310262529833,0.1196840826245443,444.0495867768595,577.1784232365145,2.6942148760330578,0.0922619047619047,640.8315098468271,459.6943231441048,1.8446389496717723,0.1266490765171504,893.660606060606,1186.5361445783133,2.3424242424242423,0.5075966850828729,776.4173669467787,1100.8988764044943,2.022408963585434,0.0741721854304635,549.42,835.9340974212034,1.8485714285714283,0.1120976692563818,1381.2372881355932,1070.5426356589148,3.1501210653753025,0.2320754716981132,663.8235294117648,732.7093596059113,3.264705882352941,0.1347962382445141,1090.608695652174,1288.695652173913,2.460144927536232,0.0865724381625441,554.2286821705426,375.0579150579151,2.503875968992248,0.0105740181268882,1497.7576687116564,1453.495440729483,3.4693251533742333,0.0301837270341207,1085.421195652174,818.1536388140162,2.0081521739130435,0.0231092436974789,866.0869565217391,538.2127659574468,1.4391304347826086,0.1179302045728038,1004.054794520548,817.5,1.7452054794520548,11,0,0,0.3574329161213754
175,202501,23,0,0.0344418052256532,868.009828009828,511.3300492610837,2.329238329238329,0.0507511165245635,655.1006884681583,612.8571428571429,1.8450946643717727,0.0057434588385449,447.81105398457584,440.7692307692308,1.7467866323907455,0.016,898.695652173913,844.5405405405405,2.157608695652174,0.2669491525423729,1641.8339622641508,1820.3149606299207,3.683018867924528,0.0205371248025276,766.4352750809062,626.1414790996785,2.01294498381877,0.0127028934368383,374.6324786324786,442.12338593974175,2.0455840455840457,0.0704225352112676,1415.038167938931,1074.360902255639,3.469465648854962,0.0463576158940397,650.0,265.84722222222223,4.375,0.0897727272727272,560.648379052369,681.9,3.4064837905236907,0.3118279569892473,1611.8255159474672,1267.9429735234216,2.793621013133208,0.1040756914119359,986.4029363784664,1132.0388349514562,2.903752039151713,0.0778751933986591,923.6083521444696,1091.5742793791574,0.8216704288939052,0.0244399185336048,534.9109947643979,719.5629552549427,2.3769633507853403,0.0232804232804232,1009.65,843.0453563714902,1.4967391304347826,0.0257575757575757,1152.597200622084,1119.1197511664077,2.0653188180404354,0.0077348066298342,3213.833333333333,2315.625,7.551111111111111,0.015174506828528,522.0828220858896,775.7275541795666,3.7208588957055215,0.03971119133574,626.0981132075472,602.2471910112359,2.973584905660377,0.0075362318840579,518.0667447306791,552.8671328671329,2.208430913348946,0.00853889943074,1709.1362763915547,1571.679389312977,4.08637236084453,0.0293427230046948,403.5835351089588,568.5507246376811,1.6138014527845037,0.0175267770204479,675.9445544554455,758.2142857142857,2.815841584158416,0.0123304562268803,790.281795511222,886.35,2.887780548628429,0.3259842519685039,605.8411214953271,675.1401869158879,2.3738317757009346,0.0277427490542244,715.6380208333334,768.953488372093,1.9921875,0.0287648054145516,1465.572898799314,1463.0442477876106,2.156089193825043,0.176043557168784,565.0089285714286,843.9130434782609,1.7723214285714286,0.0455212922173274,739.2874617737003,921.9195046439628,2.0458715596330275,0.0584518167456556,527.3939393939394,398.9297658862876,1.9494949494949487,0.0114226375908618,2124.970588235294,2005.2100840336127,6.6155462184873945,0.0171730515191545,444.7096774193548,392.7016129032258,1.6236559139784943,0.0137524557956778,636.0,581.1904761904761,3.916,0.0515337423312883,963.4375,865.4498714652956,1.4947916666666667,1,0,0,0.17257462344913677
176,202501,24,0,0.0144057623049219,513.3980582524272,550.2689486552567,3.650485436893204,0.009090909090909,335.7970253718285,441.151832460733,1.4391951006124235,0.0013513513513513,390.9298245614035,386.7842605156038,1.7179487179487178,0.0035682426404995,1093.8458781362008,1297.996422182469,2.295698924731183,0.0489731437598736,1088.7368421052631,1093.489932885906,2.5625,0.0117647058823529,582.6941362916007,648.7440381558029,1.7606973058637083,0.0086330935251798,379.1793002915452,360.60693641618496,2.217201166180758,0.031523642732049,836.863309352518,778.6909090909091,3.25179856115108,0.051660516605166,827.9069767441861,585.9140625,3.6589147286821695,0.0277777777777777,437.86600496277913,411.1940298507463,3.4292803970223327,0.0191540303272146,354.91027732463294,679.577922077922,1.4437194127243067,0.0379746835443038,785.1677631578947,627.4342105263158,2.9276315789473686,0.0096411355115158,593.2247557003258,586.0991379310345,0.7947882736156352,0.0097435897435897,500.3316062176166,559.6894409937888,2.6590673575129533,0.001592356687898,911.998937300744,758.3265957446808,1.4750265674814027,0.0084033613445378,1105.6358024691358,1001.1692307692308,1.7700617283950617,0.0021598272138228,1198.4847161572052,1273.1330472103004,3.3471615720524017,0.0030721966205837,350.4382716049383,302.03076923076924,1.9135802469135803,0.0234657039711191,535.3,536.4575645756457,2.562962962962963,0.0052662375658279,469.1141176470588,421.2,2.010588235294118,0.002868068833652,466.4367816091954,521.1132437619962,2.842911877394636,0.0065750149432157,403.0120481927711,325.1682692307692,1.8156626506024096,0.0164569215876089,507.2834645669291,467.9527559055118,1.56496062992126,0.0037037037037037,485.3267326732673,457.8362282878412,2.631188118811881,0.1088794926004228,625.7092198581561,887.1428571428571,1.8747044917257685,0.0038119440914866,564.0710659898477,781.0717948717949,1.718274111675127,0.0061491160645657,889.4003067484663,986.2090483619344,2.21319018404908,0.0633663366336633,309.40677966101697,488.8607594936709,1.6483050847457628,0.0193164933135215,659.8358662613982,765.4984894259819,2.5379939209726445,0.0181219110378912,326.1304347826087,302.22222222222223,2.1438127090301005,0.0144478844169246,1275.0566037735848,1091.4225941422594,4.343815513626835,0.0013531799729364,578.6775067750677,442.2140921409214,1.6449864498644986,0.00390625,481.1764705882353,201.64705882352945,1.4823529411764709,0.0051020408163265,556.0824742268042,725.3571428571429,1.6881443298969072,8,0,0,0.04820963040930726
177,202501,25,0,0.0055020632737276,313.85595567867034,394.4751381215469,2.349030470914128,0.0041322314049586,423.8692946058091,436.92946058091286,1.6597510373443984,0.0023715415019762,637.6629570747218,532.9857819905213,2.1875993640699525,0.0043525571273122,713.3013100436681,691.3785557986871,3.2401746724890828,0.0039840637450199,262.716,480.48,1.012,0.0,270.5371549893843,303.0379746835443,1.5881104033970277,0.0064279155188246,700.7518518518518,541.1070110701107,1.8592592592592592,0.0069605568445475,205.11627906976744,129.85915492957747,3.1069767441860465,0.0465116279069767,614.7886178861788,336.5853658536585,3.7154471544715446,0.0048701298701298,347.05882352941177,425.8631921824104,2.019607843137255,0.0057692307692307,487.9226305609285,545.4545454545455,1.992263056092844,0.0018867924528301,357.0056818181818,302.2641509433962,2.475378787878788,0.0007017543859649,389.9154929577465,307.05882352941177,0.447887323943662,0.0045792787635947,2240.8241379310343,2163.245109321059,5.472413793103448,0.0031545741324921,535.904282115869,426.7175572519084,2.212846347607053,0.0148975791433892,562.3981132075472,485.5681818181818,2.154716981132076,0.003257328990228,717.3311546840958,911.2418300653596,4.762527233115469,0.0043010752688172,718.1818181818181,225.2586206896552,1.744588744588745,0.0218340611353711,286.71875,458.57142857142856,2.2232142857142856,0.009332376166547,693.5658465991316,665.2249637155297,3.5065123010130246,0.0024242424242424,510.363196125908,606.7317073170732,3.929782082324455,0.003076923076923,585.4883720930233,446.2672811059908,2.089922480620155,0.0022857142857142,996.6590389016018,871.3761467889908,1.7734553775743709,0.0079617834394904,389.61538461538464,381.1768488745981,2.0096153846153846,0.0122887864823348,315.375,186.31578947368425,1.996875,0.0,534.1074918566775,631.1612903225806,1.736156351791531,0.0017167381974248,432.2881646655232,459.0,1.842195540308748,0.0165484633569739,228.17307692307693,180.8653846153846,1.9182692307692308,0.0055658627087198,466.9333333333333,456.3157894736842,2.4703703703703703,0.0042735042735042,777.2188841201717,741.8884120171674,3.9742489270386265,0.0047169811320754,319.9952718676123,398.4798099762471,1.342789598108747,0.0,515.8010471204188,601.421052631579,1.1047120418848169,0.0044150110375275,289.6,247.9646017699115,2.0044444444444443,0.002283105022831,173.6697247706422,182.46575342465752,1.4036697247706422,8,0,0,0.10292376849224427
178,202501,26,0,0.0048661800486618,441.5672371638142,387.13936430317847,3.259168704156479,0.0025052192066805,585.1355648535565,557.035175879397,2.7523012552301256,0.0018105009052504,727.7342995169082,490.3874092009685,2.5591787439613527,0.0017953321364452,495.81227436823104,790.8602150537635,2.216606498194946,0.0015455950540958,451.6055900621118,648.7037037037037,1.105590062111801,0.0039184952978056,587.8456692913386,650.0723270440252,2.0204724409448818,0.0056980056980056,237.81831187410583,444.9641319942611,2.3862660944206007,0.0088809946714031,930.3225806451612,710.1075268817204,4.387096774193548,0.0185185185185185,306.1214953271028,163.42857142857142,3.5514018691588785,0.0012437810945273,266.6334164588529,432.9850746268657,2.408977556109725,0.007656967840735,429.3663060278207,536.1171032357473,3.2550231839258115,0.001592356687898,620.3630573248407,471.75718849840257,3.272292993630573,0.0016059957173447,398.64919786096254,410.7741935483871,0.6994652406417112,0.0029282576866764,612.85,589.0909090909091,2.909803921568628,0.0005396654074473,451.3015184381779,549.8709677419355,1.4739696312364423,0.0142535633908477,358.79969650986345,394.4427480916031,1.7298937784522004,0.0061412487205731,348.70721649484534,429.2592592592592,1.962886597938144,0.0028368794326241,601.6949152542373,450.77363896848135,2.9717514124293785,0.0228471001757469,355.1223021582734,385.6834532374101,2.287769784172662,0.0039458850056369,1044.0498301245752,770.4977375565611,8.10079275198188,0.000886524822695,648.8967971530249,587.2566371681415,2.3558718861209966,0.008455467869222,296.26274065685163,439.1095890410959,1.924122310305776,0.0018993352326685,502.8874045801527,516.0910815939279,1.133587786259542,0.0058616647127784,386.0992907801418,467.5764705882353,2.264775413711584,0.0081018518518518,375.9441860465116,276.53395784543324,1.818604651162791,0.0082449941107184,538.7957244655582,387.9239904988124,3.4441805225653206,0.0021802325581395,322.2256186317322,468.6297376093294,1.2882096069868996,0.0059523809523809,278.16733067729086,441.12,1.7848605577689245,0.0075528700906344,251.0244648318043,359.09090909090907,1.905198776758409,0.0077399380804953,559.315625,389.9065420560748,3.103125,0.0060422960725075,592.623217922607,750.0,1.5763747454175152,0.0013477088948787,499.0351351351352,460.2264150943397,1.818918918918919,0.0,232.2170542635659,594.140625,2.802325581395349,0.0,324.1322314049587,189.5264623955432,2.046831955922865,8,0,0,0.06836828656280258
179,202501,27,0,0.0095693779904306,392.4903381642512,429.1304347826087,3.108695652173913,0.0017482517482517,258.6961471103328,277.56567425569176,1.936077057793345,0.002710027100271,453.3342391304348,396.2771739130435,2.8559782608695654,0.0063636363636363,437.8597449908925,479.4485294117647,2.750455373406193,0.003338898163606,288.11073825503354,184.0133779264214,1.070469798657718,0.000796178343949,403.3658146964856,593.9904610492846,2.511182108626198,0.0057971014492753,274.11143695014664,230.43478260869568,2.1788856304985336,0.0018248175182481,485.05494505494505,664.1605839416059,3.483516483516484,0.0115830115830115,744.3515625,523.59375,3.2421875,0.0049079754601227,502.16748768472905,413.4814814814815,3.6379310344827593,0.0105177993527508,337.68352365415984,385.1803278688525,2.1484502446982057,0.0074074074074074,721.379767827529,610.6467661691543,5.247097844112769,0.0016638935108153,417.8690344062153,397.5083426028921,2.1820199778024416,0.0046607975142413,395.7570385818561,468.22429906542055,2.7799791449426485,0.0117208311134789,527.5774193548388,348.7783783783784,2.8021505376344087,0.0124127230411171,630.9247648902822,344.16377952755903,2.920062695924765,0.001081081081081,389.2234273318872,523.5421166306695,1.6095444685466378,0.0061349693251533,285.1851851851852,360.0,2.950617283950617,0.0200364298724954,289.5167286245353,392.1189591078067,3.2862453531598512,0.0047086521483225,376.2927981109799,541.2085308056872,2.5832349468713107,0.0028708133971291,204.8275862068965,481.84615384615387,1.8946360153256705,0.0077751196172248,250.51995163240628,348.82211538461536,2.1136638452237,0.0079051383399209,325.203187250996,317.0916334661355,1.249003984063745,0.0025062656641604,443.31328320802,316.7758186397985,1.8696741854636592,0.0,368.0263157894737,244.8571428571429,2.2057416267942584,0.0,339.0104166666667,702.6356589147287,2.0416666666666665,0.003785011355034,295.1826484018265,378.7556904400607,1.6986301369863013,0.0063025210084033,200.33898305084745,380.75949367088606,2.343220338983051,0.0044977511244377,485.8648648648648,707.3111782477341,3.24024024024024,0.0017094017094017,392.4657534246575,348.4931506849315,2.6678082191780823,0.0031612223393045,354.2805907172996,477.83898305084745,1.5485232067510548,0.0012738853503184,463.4580152671756,199.4884910485933,2.1806615776081424,0.0076481835564053,429.034749034749,459.6923076923077,2.0193050193050195,0.0,242.6020408163265,216.6751918158568,2.875,8,0,0,0.03692787612317394
180,202501,28,0,0.0064184852374839,328.2979274611399,368.35051546391753,3.9922279792746114,0.0024026910139356,393.8948891031823,473.4744947064485,3.1060752169720347,0.0022761760242792,265.22003034901365,332.469512195122,2.4628224582701064,0.0065359477124183,421.05263157894734,501.05263157894734,3.5921052631578947,0.0117878192534381,240.87301587301587,194.10358565737053,1.488095238095238,0.0037209302325581,281.9831460674157,356.20111731843576,2.226591760299625,0.0034602076124567,200.41391304347823,358.96013864818025,2.1356521739130434,0.0044742729306487,350.82142857142856,186.2443438914027,3.205357142857143,0.0465116279069767,669.6666666666666,647.4227642276422,1.3983739837398377,0.0,251.0077519379845,212.0103092783505,2.764857881136951,0.0054945054945054,296.1672794117647,227.380073800738,1.900735294117647,0.005607476635514,219.86817325800376,208.93058161350845,2.2015065913371,0.0037243947858473,373.7655860349127,333.3997509339975,0.8092269326683291,0.0103448275862068,259.23344947735194,238.53658536585365,2.2578397212543555,0.0077658303464755,327.68028846153845,220.6031363088058,2.6478365384615383,0.0044014084507042,458.6230088495576,461.4593639575972,2.2389380530973453,0.0023557126030624,137.14622641509433,307.2340425531915,1.0636792452830188,0.0,295.0853242320819,234.1216216216216,3.750853242320819,0.0160642570281124,121.71428571428572,188.81632653061223,2.7387755102040816,0.0046791443850267,162.26506024096386,180.0808625336927,2.0963855421686746,0.0092699884125144,210.84112149532712,195.45667447306792,1.6518691588785046,0.0055826936496859,84.9438202247191,112.9312762973352,1.9620786516853927,0.012290502793296,176.9683972911964,168.16326530612244,1.347629796839729,0.00139470013947,265.2486033519553,278.0,2.089385474860335,0.0,160.11049723756906,192.4309392265193,2.1740331491712706,0.0,191.6462395543176,211.1602209944752,1.949860724233984,0.0065481758652946,185.0338983050848,207.00564971751413,1.9246704331450093,0.0091954022988505,140.83333333333334,156.0,2.259259259259259,0.0034904013961605,372.4,319.5104895104895,2.336842105263158,0.002,230.84337349397592,298.8,2.0843373493975905,0.0101302460202604,239.80938416422288,385.1895043731778,1.3401759530791788,0.001386962552011,413.3130193905817,366.6852367688022,1.4127423822714682,0.0161943319838056,175.30864197530863,160.0,1.9259259259259256,0.0,466.75324675324674,271.875,4.093506493506493,8,0,0,0.11379175110895012
181,202501,29,0,0.0076530612244897,464.1974358974359,321.0309278350516,5.323076923076923,0.0610153702841173,1349.31256181998,1216.7164179104475,9.06429277942631,0.0118694362017804,519.0996978851964,373.7014925373134,5.744712990936556,0.0072840790842872,283.3613445378151,253.43096234309624,2.3781512605042017,0.0077821011673151,452.0705882352941,608.4705882352941,1.407843137254902,0.0270758122743682,372.48059149722735,316.7858472998138,3.0924214417744915,0.0347394540942928,1316.2871794871794,1202.0618556701031,8.218803418803418,0.0196936542669584,464.6905829596412,344.53333333333336,3.695067264573991,0.0,551.4379562043796,370.948905109489,1.4233576642335766,0.1780821917808219,205.8595988538682,207.97843665768195,3.510028653295129,0.0265721877767936,572.4590163934427,605.5872727272728,4.347905282331512,0.0196428571428571,500.907441016334,339.26873857404024,1.8602540834845736,0.0080147965474722,352.77915632754343,246.6500622665006,0.8461538461538461,0.0072022160664819,200.15625,232.2321428571429,2.630580357142857,0.0167630057803468,407.3001172332943,246.2264150943396,1.7327080890973037,0.0144557823129251,355.93934142114387,343.8144329896907,2.410745233968804,0.0116959064327485,355.49295774647885,317.8997613365155,1.0375586854460097,0.018363939899833,601.0238907849829,435.2542372881356,3.1945392491467577,0.0180360721442885,141.11020408163265,73.71428571428571,2.363265306122449,0.0079155672823219,278.375,238.4042553191489,1.8085106382978724,0.0080831408775981,123.64485981308412,122.08816705336427,1.6355140186915889,0.0182063385030343,341.2602739726028,335.78512396694214,2.4452054794520546,0.0204301075268817,272.3788546255507,343.45733041575494,1.497797356828194,0.0094850948509485,434.9535519125683,276.7260273972603,2.199453551912568,0.0175202156334231,288.82191780821915,245.43956043956044,1.6821917808219178,0.0148648648648648,451.8,283.8269230769231,2.2575342465753425,0.033958891867739,267.19926199261994,235.8812615955473,1.4760147601476017,0.0290178571428571,388.6111111111111,115.61643835616438,5.666666666666667,0.0135823429541595,686.3667820069204,483.4931506849315,4.0588235294117645,0.0113421550094517,309.87404580152673,374.0229885057472,1.8549618320610688,0.0,411.0140449438202,347.72334293948126,1.4747191011235956,0.0053763440860215,629.9322493224932,350.0485175202156,2.6612466124661247,0.0081799591002045,112.34567901234568,709.0909090909091,2.20164609053498,0.0155239327296248,656.5354330708661,379.10526315789474,3.454068241469816,8,0,0,0.13698074033882335
182,202501,30,0,0.0284360189573459,438.9390243902439,648.0,3.3073170731707315,0.1455938697318007,1557.6182310469314,1286.3636363636365,4.334837545126354,0.0246679316888045,508.9246753246753,585.5440414507772,2.275324675324675,0.0272647317502198,427.1739130434783,474.58483754512633,2.1394927536231885,0.0483870967741935,551.5491525423729,525.7627118644068,2.372881355932204,0.1486676016830294,464.9538714991763,488.5568369028007,2.212520593080725,0.0351617440225035,640.8513119533528,356.6763848396501,3.511661807580175,0.0373665480427046,657.6431226765799,448.4558823529412,3.546468401486989,0.0897959183673469,803.1696428571429,1017.8378378378378,1.1964285714285714,0.6242920075519195,355.9744408945687,565.9859154929577,2.428115015974441,0.0564705882352941,829.1362126245847,769.9168053244592,3.933554817275748,0.078927773641102,525.9594155844156,715.5555555555555,2.887987012987013,0.0428494911622924,452.7578475336323,417.1173184357542,0.757847533632287,0.0395395395395395,511.3875,506.9655891553702,4.79375,0.0515729757607013,630.2106986899563,554.7562296858072,2.467248908296943,0.0263554216867469,262.5193199381762,242.97213622291025,2.064914992272025,0.0190274841437632,613.1666666666666,591.244635193133,0.974025974025974,0.0167938931297709,1010.7407407407408,1120.6875,4.237654320987654,0.0793103448275862,236.61654135338347,205.9701492537313,3.236842105263158,0.0162696106914584,326.8402860548272,376.08899297423886,2.268176400476758,0.0131702728127939,372.9389312977099,381.4857142857143,1.799618320610687,0.0595647193585337,455.5817073170732,384.6715328467153,3.4,0.0972097209720972,464.3426294820717,500.11976047904193,2.99402390438247,0.070754716981132,782.3765903307888,671.9341772151898,3.61323155216285,0.09375,354.41706161137444,478.99761336515513,2.682464454976304,0.01171875,1242.2736842105264,671.240105540897,7.2894736842105265,0.0269662921348314,398.9046153846154,470.8474576271187,1.3507692307692307,0.0935672514619883,352.3076923076923,409.09090909090907,2.7264957264957266,0.0509461426491994,459.3201219512195,411.8518518518519,2.0,0.0165562913907284,488.3288590604027,373.7837837837838,2.295302013422819,0.2991137370753323,350.33474576271186,367.2955974842768,1.0169491525423728,0.0198675496688741,5487.51304347826,4900.640186915888,22.1608695652174,0.011605415860735,447.890625,484.4705882352941,2.0859375,0.0314465408805031,298.28125,346.47668393782385,1.65625,1,0,0,0.20390885956751892
183,202501,31,0,0.0084541062801932,1047.1289537712896,930.2926829268292,5.194647201946472,0.0179563916203505,453.0781928757602,422.8272251308901,2.200695047784535,0.0033806626098715,337.5615696887686,360.2448979591837,1.611637347767253,0.0133809099018733,506.2224231464738,415.76853526220617,2.1772151898734178,0.0255183413078149,589.3071895424837,698.5573770491803,3.689542483660131,0.0580357142857142,645.6041009463722,653.9240506329114,2.908517350157729,0.0237068965517241,727.830383480826,536.2995594713657,4.747787610619469,0.0418848167539267,1323.2992700729926,1643.7818181818182,6.087591240875913,0.1167315175097276,800.4070796460177,682.1052631578947,1.3982300884955752,0.2418300653594771,1549.5843520782396,942.1339950372208,9.009779951100244,0.0144810941271118,407.15686274509807,403.5562805872757,1.96078431372549,0.0783269961977186,748.980198019802,610.1980198019802,4.061056105610561,0.0232809962100703,720.7325194228634,718.5382059800664,2.462819089900111,0.0142348754448398,433.17731958762886,546.0061919504644,2.0721649484536084,0.032591826176927,842.0374331550802,848.0855614973262,5.114438502673797,0.0124320124320124,718.0837282780411,660.7131661442006,4.486571879936809,0.0010649627263045,513.7420042643923,525.9275053304904,1.7057569296375266,0.0166414523449319,456.2962962962963,394.7852760736196,2.188271604938272,0.0442477876106194,844.2222222222222,919.7777777777778,4.588888888888889,0.0117577895355673,381.9477434679335,581.9785458879619,1.7280285035629457,0.0160528800755429,334.5977011494253,357.6923076923077,1.2720306513409962,0.0213776722090261,959.1990291262136,778.1067961165048,4.692961165048544,0.04688995215311,569.1947791164658,475.90361445783134,1.6224899598393574,0.0203836930455635,705.9213759213759,714.8268292682927,3.017199017199017,0.0299194476409666,676.9214285714286,630.6950354609929,3.7904761904761903,0.0012771392081736,536.5038167938932,736.1953727506427,2.4478371501272265,0.0097232610321615,542.1393939393939,531.0542168674699,1.5424242424242425,0.0167364016736401,417.9574468085106,418.7234042553192,5.723404255319149,0.0119760479041916,509.6666666666667,438.54545454545456,3.4363636363636365,0.0050251256281407,408.0808080808081,334.54545454545456,2.04040404040404,0.0913415794481446,479.50943396226415,565.8577405857741,1.9937106918239,0.0040214477211796,4300.682926829269,4290.48128342246,3.804878048780488,0.0115606936416184,940.3891050583658,626.71875,5.128404669260701,0.0051216389244558,655.2185089974294,593.8144329896908,5.57840616966581,1,0,0,0.15689331369395165
184,202502,1,0,0.0041095890410958,654.1239669421487,523.5164835164835,2.225895316804408,0.0153139356814701,492.448132780083,478.6943005181347,1.4937759336099583,0.0023622047244094,270.7068145800317,255.56603773584905,1.9841521394611727,0.0139186295503211,447.7673913043478,461.2581344902386,3.85,0.0116959064327485,336.0590551181102,325.37549407114625,1.248031496062992,0.0255885363357216,453.5105042016807,627.4789915966387,2.014705882352941,0.0226039783001808,604.5724907063197,684.7513812154696,3.258364312267658,0.0548245614035087,905.2777777777778,561.7674418604652,2.875,0.1651785714285714,826.9354838709677,446.8085106382979,1.2688172043010753,0.1244635193133047,300.0,560.7166123778502,2.0098360655737704,0.0170293282876064,330.17274472168907,432.5096525096525,1.7044145873320538,0.0652557319223985,450.6792452830189,385.245283018868,2.6188679245283017,0.0166320166320166,373.35643564356434,477.8932584269663,0.5261669024045261,0.0039772727272727,693.8132118451025,701.8971428571429,3.920273348519362,0.0117501546072974,496.3453865336658,510.0753768844221,2.438902743142145,0.0065666041275797,526.7528301886792,660.5671077504726,1.7773584905660378,0.0021551724137931,467.0215982721383,475.72354211663065,2.639308855291577,0.0126849894291754,117.16738197424893,89.23076923076923,1.1373390557939915,0.0110375275938189,162.58928571428572,244.82142857142856,2.2455357142857144,0.0163236337828246,532.4452449567723,356.0115606936416,3.0172910662824206,0.0095923261390887,407.82608695652175,417.0873786407767,1.8768115942028984,0.0219530658591975,914.6976744186046,831.468315301391,4.844961240310077,0.0213004484304932,764.9589977220957,845.1152073732719,4.002277904328018,0.0217391304347826,369.3123028391168,532.85303514377,2.3438485804416405,0.0359281437125748,479.171875,411.2962962962963,1.90625,0.0,408.375,333.5238095238095,2.0384615384615383,0.0042808219178082,550.9468267581475,536.7931034482758,2.319039451114923,0.0,244.8341232227488,587.7725118483412,2.1943127962085307,0.0092764378478664,574.5092936802974,444.6792452830189,1.951672862453532,0.0021321961620469,390.96153846153845,596.1538461538462,1.6538461538461535,0.0082063305978898,418.0189125295509,497.1631205673759,1.3286052009456264,0.0026490066225165,1927.8832891246684,1683.351063829787,1.7374005305039788,0.0108225108225108,228.1578947368421,268.5589519650655,1.6929824561403508,0.009009009009009,263.9449541284404,434.5945945945946,0.8256880733944955,8,0,0,0.08340216240136034
185,202502,2,0,0.0181598062953995,804.9407407407407,1096.4039408866995,4.348148148148148,0.0112079701120797,405.1528127623845,454.0050377833753,1.214945424013434,0.0155875299760191,627.4060975609756,540.4379562043796,1.424390243902439,0.0071620411817367,793.9711711711711,841.5162454873646,3.3585585585585584,0.0154798761609907,448.1072555205048,604.7021943573668,3.230283911671924,0.0123934934159566,876.7308294209703,632.0754716981132,5.691705790297339,0.1012145748987854,2085.3824404761904,1681.7272727272727,4.325892857142857,0.0089766606822262,450.2173913043478,397.1739130434783,2.369565217391304,0.0353535353535353,1375.2291666666667,751.578947368421,1.0520833333333333,0.0392857142857142,1591.6336633663366,742.3325062034739,4.599009900990099,0.0069230769230769,427.360248447205,810.2318392581144,1.3322981366459627,0.024199843871975,484.2683706070288,450.6730769230769,2.880191693290735,0.0071664829106945,466.9623059866962,443.3592880978865,0.6108647450110865,0.0117359413202934,775.1,558.9910979228487,2.4148514851485148,0.0158730158730158,545.4090909090909,568.8461538461538,1.9090909090909087,0.0546528803545051,762.1138845553822,683.6619718309859,2.555382215288612,0.0051229508196721,491.7092783505155,482.0987654320988,1.092783505154639,0.0167832167832167,474.0677966101695,497.87965616045847,1.0423728813559323,0.1789940828402366,550.3971119133574,440.0719424460432,1.88086642599278,0.1038622129436325,1209.1073512252042,1140.139534883721,5.460910151691949,0.0499139414802065,606.2068965517242,829.1500904159132,2.633393829401089,0.0124333925399644,2329.6786570743407,1494.0287769784172,6.105515587529976,0.0067632850241545,1021.4610894941634,1052.568093385214,2.92023346303502,0.0070011668611435,398.8117647058824,304.36619718309856,1.9811764705882355,0.0238907849829351,515.4060324825986,612.9274004683841,2.099767981438516,0.0082449941107184,322.7814726840855,579.1923990498813,2.370546318289786,0.0058055152394775,489.6637426900585,528.3673469387755,1.2105263157894737,0.0059642147117296,357.84,410.4,2.22,0.0046224961479198,701.772585669782,594.0923076923077,2.205607476635514,0.0031645569620253,755.5796178343949,783.7974683544304,1.8312101910828025,0.0020325203252032,800.8938775510204,778.6585365853658,3.059183673469388,0.0544041450777202,697.3753424657534,515.3424657534247,1.556164383561644,0.055045871559633,558.6046511627907,1107.7821011673152,2.63953488372093,0.0041265474552957,799.934065934066,722.1666666666666,4.3489010989010985,10,0,0,0.1451731600556352
186,202502,3,0,0.0107913669064748,530.4635922330098,645.0363196125908,2.245145631067961,0.0078158923143725,465.9055944055944,490.35933391761614,1.167832167832168,0.0214046822742474,712.7803547066849,870.4931506849315,1.5743519781718964,0.0277280858676207,1139.90625,1112.0441988950276,3.536764705882353,0.0066555740432612,1129.6006711409395,1092.2408026755852,3.654362416107383,0.0203921568627451,510.1330128205128,638.304,2.6826923076923075,0.1903536977491961,1411.3818770226535,1280.1248049921996,4.228155339805825,0.0072727272727272,396.043956043956,376.4835164835165,3.142857142857143,0.1119691119691119,466.6608695652174,345.39130434782606,0.7043478260869566,0.0513418903150525,816.4127764127765,518.128078817734,3.3415233415233416,0.0081037277147487,520.4582651391162,553.5073409461664,2.900163666121113,0.0146460537021969,520.8774834437086,500.2635914332784,2.647350993377484,0.0049889135254988,384.375,469.1212458286985,0.5881696428571429,0.0125720272393923,863.9140127388536,742.7147401908802,2.394904458598726,0.0069185737094199,767.7545551982851,800.7073954983923,2.960342979635584,0.0584319526627218,814.4326018808778,887.6220472440945,2.152037617554859,0.0032362459546925,593.1753246753246,855.5844155844156,1.5281385281385282,0.0136986301369863,396.55384615384617,524.7678018575851,1.1692307692307693,0.2140762463343108,744.2425373134329,678.1343283582089,2.08955223880597,0.1442812172088142,1113.940389294404,1138.3683559950557,3.7992700729927007,0.0561694290976058,1040.701754385965,1115.859375,2.423001949317739,0.0090614886731391,2211.037958115184,1599.5827900912648,8.129581151832461,0.0169830169830169,1129.9858012170384,1152.7087576374745,1.945233265720081,0.007380073800738,484.6460396039604,358.8089330024814,1.9504950495049505,0.0288683602771362,400.25178147268406,246.1428571428572,1.7529691211401426,0.0038363171355498,484.7589743589744,418.53470437018,1.5794871794871794,0.0075700227100681,742.3007633587787,664.7560975609756,3.712977099236641,0.0063291139240506,200.08474576271183,254.04255319148936,1.7584745762711864,0.0015105740181268,576.0181268882175,566.3636363636364,1.797583081570997,0.0052539404553415,1925.5105633802816,1894.647887323944,3.848591549295776,0.0041972717733473,984.0905263157896,1076.7088607594935,3.181052631578948,0.0493046776232617,502.1984126984127,284.59893048128345,1.3227513227513228,0.0944055944055944,680.6100386100386,461.9305019305019,3.9536679536679538,0.0038119440914866,343.31632653061223,317.6020408163265,1.5127551020408163,10,0,0,0.1870457973252002
187,202502,4,0,0.0089974293059125,297.0,339.2248062015504,3.3854166666666665,0.0038498556304138,246.09266409266408,324.77756286266924,2.22972972972973,0.0068027210884353,514.0591805766312,456.3664122137404,2.104704097116844,0.0043243243243243,200.9891540130152,319.8239130434783,1.9067245119305856,0.0019801980198019,583.8452380952381,750.952380952381,1.218253968253968,0.0119485294117647,166.2998137802607,355.7620817843866,2.0335195530726256,0.0747126436781609,758.0818505338078,566.8672566371681,5.983985765124555,0.0217864923747276,174.8,264.6428571428572,3.2133333333333334,0.1456953642384106,1680.891472868217,1492.5581395348838,2.449612403100775,0.03375,606.6839378238342,453.48837209302326,3.813471502590674,0.0082191780821917,343.0939226519337,430.1657458563536,1.423572744014733,0.0111627906976744,213.3333333333333,184.06015037593983,2.6741996233521657,0.0031036623215394,415.2179327521793,377.85803237858033,0.6724782067247821,0.0057803468208092,468.7310826542491,471.219512195122,3.8242142025611177,0.0047562425683709,527.7780429594272,390.0717703349282,2.0978520286396183,0.0087412587412587,246.61199294532628,297.9012345679012,2.1393298059964727,0.0011737089201877,282.38028169014086,284.6117647058824,1.0751173708920188,0.0016949152542372,367.1672354948806,313.3783783783784,1.180887372013652,0.054054054054054,206.44897959183675,312.2448979591837,2.559183673469388,0.038809831824062,338.5685483870968,371.8867924528302,3.099462365591398,0.0104287369640787,291.5492957746479,254.57943925233644,2.4812206572769955,0.0063649222065063,896.7705382436261,722.9184549356223,7.0354107648725215,0.0308030803080308,637.6742081447964,442.9612756264237,2.2828054298642533,0.0041493775933609,240.85,280.5,2.6972222222222224,0.0120967741935483,258.0327868852459,304.8780487804878,1.7950819672131149,0.0040983606557377,328.0911602209945,392.1934604904632,2.350828729281768,0.0046948356807511,237.16981132075472,231.0566037735849,1.330188679245283,0.0159817351598173,55.27777777777778,101.02325581395348,2.685185185185185,0.0,317.86713286713285,154.55830388692578,2.2202797202797204,0.0039682539682539,343.132530120482,478.102766798419,2.240963855421686,0.0130624092888243,363.46176470588233,259.5882352941176,3.15,0.0126050420168067,701.2379603399434,453.71022727272725,2.7875354107648724,0.0240963855421686,133.82716049382717,255.80246913580248,1.4526748971193415,0.0039011703511053,311.12271540469976,316.2924281984334,3.3211488250652743,8,0,0,0.14128327068200686
188,202502,5,0,0.0241730279898218,498.17847769028873,226.78756476683927,1.7191601049868763,0.0183529411764705,832.4390009606147,512.9693779904306,6.940441882804995,0.0096296296296296,534.7219730941704,323.3532934131737,1.5440956651718984,0.0144927536231884,319.581589958159,445.0632911392405,3.00418410041841,0.0077519379844961,558.4824902723735,493.88235294117646,1.3346303501945525,0.0208711433756805,349.8165137614679,377.7284644194757,1.4128440366972477,0.0597738287560581,707.4674657534247,798.6206896551724,3.743150684931507,0.0775681341719077,512.803738317757,221.41592920353983,2.696261682242991,0.0410447761194029,932.5736434108528,873.28125,1.2403100775193798,0.0673194614443084,385.98930481283423,244.48453608247425,2.3529411764705883,0.0106856634016028,382.33812949640287,438.8108108108109,2.0899280575539567,0.0196428571428571,289.9221014492754,282.85714285714283,3.090579710144928,0.0091687041564792,324.8888888888889,349.5684340320592,0.8753086419753087,0.0256270447110141,1225.6510590858418,991.685393258427,3.99108138238573,0.0180758017492711,653.3903301886793,518.3253588516747,3.251179245283019,0.0280135823429541,459.8105263157895,434.0869565217391,4.821052631578947,0.0035087719298245,360.98130841121497,438.2547169811321,1.3714953271028036,0.0117252931323283,156.40677966101694,234.3050847457627,1.471186440677966,0.0485436893203883,242.50819672131144,173.41463414634146,2.28688524590164,0.0066050198150594,562.2276964047936,466.2948207171315,3.4766977363515315,0.0182648401826484,399.5804195804196,314.8955916473318,3.3496503496503496,0.0135226504394861,522.4350205198358,413.1593406593407,2.9069767441860463,0.0319488817891373,1046.9013157894738,880.3973509933775,6.296052631578948,0.0253333333333333,381.14207650273227,375.45205479452056,3.510928961748634,0.0107816711590296,440.1626016260163,296.3835616438356,2.826558265582656,0.0083798882681564,550.9915254237288,874.0449438202247,5.206214689265536,0.0127272727272727,209.27573529411765,354.2435424354244,1.3400735294117647,0.0202702702702702,123.33333333333331,145.75342465753425,2.217592592592593,0.0154109589041095,404.12280701754383,438.2068965517241,2.112280701754386,0.0297397769516728,631.4942528735633,484.13793103448273,3.333333333333333,0.004231311706629,300.4478873239437,371.1111111111111,1.4140845070422534,0.0070028011204481,777.1076487252125,419.20786516853934,2.586402266288952,0.0143737166324435,119.49579831932772,221.1570247933884,0.8991596638655462,0.0257731958762886,373.6,292.9133858267717,0.9333333333333332,8,0,0,0.1318013896262874
189,202502,6,0,0.0889145496535796,3357.2775,2965.912596401028,4.8025,0.0246815286624203,643.4873469387755,767.9510204081632,1.666938775510204,0.013189448441247,774.0414129110841,661.8266666666667,2.1218026796589524,0.0228471001757469,1055.0578661844484,782.4686940966011,4.23508137432188,0.0238473767885532,677.1307189542483,702.8571428571429,0.7189542483660131,0.1262626262626262,2409.418181818182,2276.633663366337,3.9074380165289258,0.043175487465181,1093.0768115942028,962.9824561403508,3.411594202898551,0.3478260869565217,2009.9224137931035,1543.7614678899083,3.9094827586206895,0.0437956204379562,566.6769230769231,202.72727272727272,1.2230769230769232,0.2598652550529355,3490.381679389313,2722.978723404255,3.1475826972010177,0.0162361623616236,755.1351351351351,861.5892053973014,2.840840840840841,0.0573394495412844,872.4738562091503,761.5458937198067,3.6437908496732025,0.0199784017278617,843.9691289966923,834.5814977973569,1.4388092613009922,0.0425837320574162,885.5050100200401,919.0229312063808,4.652304609218437,0.0654582074521651,1064.2510869565217,1000.0,3.115217391304348,0.0336906584992343,1285.0664556962026,1278.6666666666667,2.325949367088608,0.0124095139607032,889.4063157894736,827.75,1.1010526315789473,0.0208044382801664,550.8169014084507,498.46153846153845,1.323943661971831,0.0866666666666666,711.304347826087,761.25,2.710144927536232,0.0683491062039958,1187.3585972850678,1154.054054054054,4.53393665158371,0.0183727034120734,939.6064400715564,788.3126110124334,3.518783542039356,0.0278884462151394,2406.909730363423,1599.578947368421,7.868698710433764,0.0675067506750675,977.7906976744188,915.4615384615385,1.9573643410852712,0.0218140068886337,951.497641509434,876.0233644859813,4.893867924528302,0.0886075949367088,954.7285382830628,1162.1709006928406,2.640371229698376,0.0320366132723112,615.830985915493,987.3285714285714,3.0023474178403755,0.0763840224246671,864.7245053272451,983.4190620272316,1.1278538812785388,0.0596153846153846,736.3414634146342,663.9506172839506,2.365853658536585,0.0542168674698795,981.2523659305994,971.1897106109324,2.1041009463722395,0.1,1464.1146496815286,1380.5696202531649,4.6847133757961785,0.0,1125.7356076759063,1196.75,1.35181236673774,0.0140306122448979,726.3798449612403,436.4559585492228,1.6847545219638242,0.0470809792843691,1897.03125,1486.56,3.609375,0.1514806378132118,1879.73474801061,1517.1195652173913,2.976127320954907,11,0,0,0.22710078164936787
190,202502,7,0,0.009557945041816,535.2415458937198,566.3132530120482,3.3067632850241546,0.0105218855218855,565.7906382978723,525.0510204081633,3.2893617021276595,0.0095057034220532,554.4705882352941,306.4532650448143,1.9002557544757035,0.0071556350626118,364.9964093357271,368.8969258589512,1.8617594254937164,0.0048,681.076677316294,499.22330097087377,3.5175718849840254,0.0077579519006982,465.60342146189737,468.5849056603773,2.488335925349922,0.0150429799426934,538.4810495626822,563.0769230769231,2.998542274052478,0.0154109589041095,566.0487804878048,243.75,3.8710801393728222,0.0081967213114754,734.5867768595041,584.1322314049587,1.2148760330578512,0.0157384987893462,878.6240786240786,622.7586206896551,4.339066339066339,0.0097833682739343,498.4810126582278,549.5184135977337,3.261603375527426,0.0016420361247947,472.6371100164204,395.8813838550247,2.348111658456486,0.0043620501635768,415.0657894736842,358.2932166301969,0.8442982456140351,0.0064741035856573,780.8408408408409,524.8192771084338,3.991991991991992,0.0068241469816272,361.9195767195767,371.40443505807815,1.346031746031746,0.0261194029850746,385.9631901840491,467.7794793261869,1.909509202453988,0.0031380753138075,288.39495798319325,494.8427672955975,1.2941176470588236,0.0,280.1694915254237,303.22946175637395,1.268361581920904,0.0586264656616415,174.19354838709677,221.13074204947,1.275985663082437,0.0129358830146231,675.0216647662486,718.8382687927107,2.629418472063854,0.0422413793103448,1064.568345323741,912.4324324324324,3.9820143884892087,0.006845407872219,777.7162629757786,701.258581235698,2.98961937716263,0.0106589147286821,969.193359375,1090.844793713163,3.298828125,0.015063731170336,277.1320754716981,288.69718309859155,1.8867924528301887,0.0011587485515643,220.92807424593968,420.8352668213457,1.4037122969837588,0.0011574074074074,245.4826789838337,269.86046511627904,1.9653579676674364,0.0021978021978021,494.3303964757709,446.6960352422908,4.1071953010279,0.0078895463510848,249.52380952380952,229.72111553784865,2.813492063492064,0.0044247787610619,699.3412462908012,511.42011834319527,1.816023738872404,0.0063391442155309,1438.7699680511182,1907.9617834394903,5.747603833865814,0.0041493775933609,419.9665970772443,577.5467775467775,1.432150313152401,0.0091383812010443,535.915567282322,399.4184210526316,1.3350923482849604,0.0333333333333333,265.25096525096524,397.41444866920153,1.223938223938224,0.0,478.29896907216494,453.1619537275064,2.7938144329896906,8,0,0,0.09279826004688885
191,202502,8,0,0.166243654822335,1294.4171779141104,1009.4864048338368,1.656441717791411,0.0167173252279635,431.9034907597536,447.3009307135471,1.7926078028747434,0.0180109631949882,681.3099041533546,492.61146496815286,1.9936102236421724,0.0096982758620689,1482.5788336933044,1484.078947368421,3.14902807775378,0.037328094302554,467.7368421052632,760.2469135802469,1.1497975708502024,0.2077431539187913,1498.4031413612563,696.7614879649891,2.337696335078534,0.0110395584176632,464.2968460111317,426.3805970149254,2.820037105751392,0.2229038854805726,1242.6947368421052,649.578947368421,2.4368421052631577,0.0873362445414847,281.11538461538464,298.2857142857143,0.8173076923076923,0.2045454545454545,855.4770318021201,254.7292418772564,9.780918727915196,0.0080572963294538,346.72661870503595,625.4347826086956,1.7571942446043165,0.0422794117647058,375.1603053435114,425.6756756756757,3.8091603053435112,0.0090592334494773,334.55728429985857,464.05594405594405,1.113154172560113,0.0332409972299169,626.794959908362,527.9587155963303,4.146620847651776,0.049757281553398,1105.5680100755667,879.4818652849741,2.677581863979849,0.0200956937799043,862.0622568093386,454.9411764705882,2.0505836575875485,0.004439511653718,856.4759825327511,656.7198177676538,1.6572052401746724,0.0064377682403433,426.2608695652174,88.58369098712447,0.7260869565217392,0.0912778904665314,462.3273542600897,351.2,2.336322869955157,0.012292118582791,619.650655021834,367.6877761413844,2.5633187772925763,0.0132530120481927,421.0243902439024,436.8704156479218,2.4804878048780488,0.01,516.6511627906976,327.2897196261682,2.7085271317829456,0.048087431693989,560.4206896551724,868.7614678899082,1.8114942528735631,0.015552099533437,354.8238993710692,409.5238095238095,2.6761006289308176,0.1044349070100143,896.0987261146497,645.3846153846154,4.003184713375796,0.0110410094637223,440.6752411575563,235.0632911392405,2.704180064308681,0.0317324185248713,477.2062937062937,486.24775583482943,2.185314685314685,0.1218487394957983,202.21153846153845,859.1428571428571,2.5913461538461537,0.1064189189189189,777.2209737827716,642.5954198473282,5.771535580524344,0.2508090614886731,555.0,420.0,2.306034482758621,0.0024479804161566,1031.2192771084335,934.65,2.243373493975904,0.0182767624020887,326.42021276595744,387.8484042553192,0.7446808510638298,0.0268292682926829,1232.642487046632,1383.7864077669904,5.409326424870466,0.1263157894736842,927.6717171717172,578.1566820276498,11.702020202020202,8,0,0,0.16951814895466932
192,202502,9,0,0.1156069364161849,867.3177083333334,1116.0629921259842,4.75,0.0145797598627787,640.0401396160559,599.6354166666666,2.259162303664921,0.0134357005758157,582.1144343302991,637.1021992238034,2.192457737321196,0.0069513406156901,619.7590361445783,554.2231075697212,1.9759036144578312,0.020033388981636,605.3161512027491,903.8513513513514,1.3298969072164948,0.1822358346094946,1722.4208695652171,1804.624746450304,2.92,0.0082768999247554,586.8202416918429,518.5975609756098,3.22809667673716,0.0998248686514886,1477.1472868217054,950.390625,2.9728682170542635,0.1100478468899521,432.258064516129,361.2903225806452,0.3333333333333333,0.0969267139479905,1356.4736842105262,1004.375,2.7342105263157896,0.0114472608340147,546.0907590759076,627.9601990049752,1.7508250825082508,0.0365079365079365,640.4758735440931,558.2055464926591,2.5041597337770383,0.0051413881748071,625.1288659793814,462.7461139896373,1.0541237113402062,0.0283441074092491,574.5605749486652,538.0408163265306,2.705338809034908,0.0211382113821138,1031.1133557800224,913.1803278688524,2.427609427609428,0.021043771043771,783.244827586207,921.6123499142368,2.156896551724138,0.0042553191489361,742.8995633187773,904.6443514644352,0.9978165938864628,0.0066225165562913,621.8543046357615,514.8322147651006,2.529801324503312,0.0659340659340659,299.53125,683.1496062992126,2.30859375,0.0097323600973236,700.3847102342787,569.4492044063647,3.86806411837238,0.0029126213592233,644.296875,498.6407766990291,2.083984375,0.0171253822629969,445.11801242236027,487.1820448877805,2.3975155279503104,0.0228215767634854,657.5744680851063,513.9300847457627,1.6382978723404256,0.0089743589743589,560.561038961039,883.520618556701,2.374025974025974,0.062200956937799,511.9309462915601,480.1526717557252,1.8874680306905367,0.0193298969072164,450.4195250659631,422.3507853403141,1.8073878627968336,0.0223592906707787,662.3710191082803,745.78125,1.25,0.0993914807302231,352.3981900452489,514.170403587444,2.1085972850678734,0.0938897168405365,662.1688741721854,699.8039215686274,1.7615894039735098,0.1272189349112426,709.9829931972789,431.9594594594595,3.2312925170068025,0.0010799136069114,772.9582417582418,1062.3829787234042,1.065934065934066,0.0230978260869565,415.4162011173185,503.4875346260388,0.6368715083798883,0.0205761316872428,1030.2857142857142,1141.0389610389611,1.453061224489796,0.0798898071625344,577.2173913043479,680.8049535603715,1.3014492753623188,8,0,0,0.0559543208148352
193,202502,10,0,0.0071770334928229,596.3588516746412,527.7669902912621,2.471291866028708,0.0101095197978096,927.096170212766,795.8297872340426,2.574468085106383,0.0075853350189633,765.6488549618321,530.8928571428571,2.969465648854962,0.0009025270758122,409.3188405797101,492.4324324324325,2.148550724637681,0.0048465266558966,557.3061889250814,537.4757281553398,1.4397394136807815,0.0046911649726348,398.3055118110236,382.3824451410658,2.7433070866141733,0.0100864553314121,445.1953352769679,456.1046511627907,2.6443148688046647,0.0154109589041095,618.2698961937716,521.1188811188811,3.217993079584775,0.0625,131.53333333333333,116.0,0.4952380952380952,0.016867469879518,890.9046454767727,505.5036855036855,3.466992665036675,0.0100401606425702,1163.891008174387,1362.4429530201342,4.049046321525886,0.0097879282218597,443.6529605263158,549.5049504950495,4.050986842105263,0.0016260162601626,471.9164859002169,444.7173913043478,0.8199566160520607,0.0064452156668319,578.2285429141716,507.9081836327345,2.812375249500998,0.0115243583027763,569.1479915433404,470.05313496280553,1.754756871035941,0.0139103554868624,596.215625,661.9056603773585,1.671875,0.0010604453870625,467.9063829787234,379.5762711864407,1.1617021276595745,0.0,548.6685552407932,518.1818181818181,3.152974504249292,0.0226086956521739,502.7659574468085,559.7142857142857,1.4148936170212767,0.0100840336134453,521.0079185520362,625.0056625141563,2.428733031674208,0.0044802867383512,638.4172661870504,649.5135135135135,1.9532374100719423,0.0101809954751131,604.4622425629291,604.6575342465753,2.4874141876430205,0.0114613180515759,467.4661508704062,563.1660231660231,2.413926499032882,0.0035460992907801,440.8758949880668,682.0377358490566,2.2863961813842484,0.0023364485981308,326.0093896713615,305.32710280373834,1.375586854460094,0.0,515.863425925926,462.71889400921657,1.8935185185185184,0.0066225165562913,562.1991084695394,642.7178729689808,1.4695393759286777,0.0019801980198019,357.8656126482214,723.3466135458167,3.2450592885375493,0.0,481.4821428571428,430.86053412462905,2.148809523809524,0.0031746031746031,460.4603174603175,326.0702875399361,2.2634920634920634,0.0031282586027111,629.5890985324947,742.1711899791231,1.7106918238993711,0.0107671601615074,391.93766937669375,431.6393442622951,0.7750677506775068,0.0131826741996233,478.40304182509504,410.8045977011494,0.9961977186311788,0.0025510204081632,555.9387755102041,698.0,4.0,8,0,0,0.031764524535500716
194,202502,11,0,0.0293742017879948,343.10526315789474,369.1578947368421,2.957894736842105,0.020388809862494,894.224154589372,501.1251212415131,3.905314009661836,0.0104868913857677,630.0349013657057,521.6012084592145,3.3975720789074355,0.0107642626480086,634.9653679653679,721.9693654266958,2.415584415584416,0.0217821782178217,710.641129032258,634.1463414634146,1.8991935483870968,0.0912220309810671,686.211320754717,292.33269961977186,1.6943396226415095,0.00520381613183,404.8353765323993,337.3958333333333,1.9527145359019265,0.0346320346320346,516.9230769230769,652.8,3.1538461538461537,0.0343347639484978,384.4424778761062,348.50892857142856,0.6460176991150443,0.4073741007194245,1748.9213836477988,1693.3724340175952,4.30503144654088,0.0322862129144851,1765.9430604982206,1886.54478976234,10.416370106761564,0.0634057971014492,768.8766859344894,666.2912621359224,4.184971098265896,0.0411203814064362,918.7080745341616,490.5970149253731,3.8496894409937887,0.0245573957738435,1631.9528301886792,1437.7674418604652,4.692216981132075,0.026439482961222,907.7671068427372,505.92233009708735,3.04561824729892,0.0491942324003392,644.8024911032029,371.6994633273703,2.604982206405694,0.0059171597633136,557.0781990521327,501.8181818181818,1.4881516587677726,0.0050420168067226,1546.6756756756756,1356.2837837837835,8.91891891891892,0.0260521042084168,742.3086419753087,711.1111111111111,2.9794238683127574,0.0126162018592297,758.7286096256685,378.7550744248985,3.397058823529412,0.0023282887077997,475.5348837209302,464.5433255269321,2.6023255813953488,0.0280437756497948,568.0168776371308,355.6901408450704,2.4430379746835444,0.0710553814002089,831.1011235955057,577.027027027027,2.155056179775281,0.0410396716826265,992.4957264957264,694.6457142857142,3.891737891737892,0.0481283422459893,622.5295774647888,413.109243697479,2.4309859154929576,0.0312925170068027,1045.1704545454545,791.8166666666667,3.551136363636364,0.0974358974358974,691.3327032136106,558.6717267552182,3.381852551984877,0.0497737556561085,1078.8461538461538,1714.5283018867924,6.322115384615385,0.0163339382940108,1280.5390334572492,1158.901098901099,2.587360594795539,0.0290135396518375,1099.2390438247012,396.0956175298805,4.641434262948208,0.0130434782608695,582.0584795321637,555.5752212389381,1.7514619883040936,0.0057224606580829,577.3314121037464,595.5172413793103,0.9221902017291066,0.0262626262626262,192.19917012448133,242.4896265560166,2.3526970954356847,0.0455696202531645,288.6096256684492,248.68421052631567,1.5240641711229947,1,0,0,0.14215973668204174
195,202502,12,0,0.041147132169576,1596.650130548303,1115.440414507772,4.689295039164491,0.0357142857142857,1661.5266159695818,1144.7248576850095,5.916349809885932,0.0229226361031518,1028.9238653001464,781.4977973568282,2.9062957540263543,0.0604288499025341,1615.9832635983264,1494.6913580246917,4.066945606694561,0.0279232111692844,1158.7158273381294,984.7956989247313,1.9460431654676256,0.0744,935.3868739205528,1050.9342560553632,2.2607944732297063,0.0041459369817578,715.757525083612,718.016583747927,2.0635451505016724,0.0545808966861598,1312.3360655737704,517.8423236514523,2.7254098360655736,0.048582995951417,341.7118644067797,312.3076923076923,0.9661016949152542,0.329867674858223,2944.577656675749,2481.0526315789475,3.678474114441417,0.0481327800829875,1202.1089630931458,990.1038062283736,3.688927943760984,0.0580700256191289,1199.820976491863,998.5090909090908,4.198915009041591,0.0253987005316007,1993.4344660194167,1542.639225181598,5.348300970873787,0.1655963302752293,1405.360745614035,1351.819184123484,4.918859649122807,0.0707188778492109,4202.228070175439,2853.6363636363635,6.432330827067669,0.0303541315345699,1561.961199294533,1339.3481989708405,3.058201058201058,0.0066298342541436,1024.341463414634,727.6339285714286,2.0997782705099777,0.1784232365145228,1126.3979933110368,908.7457627118644,3.8963210702341136,0.0323275862068965,1808.571428571429,1294.4,6.151785714285714,0.0078740157480314,948.6002656042496,608.2213438735178,4.548472775564409,0.0033112582781456,848.1879194630873,611.8421052631579,2.102908277404922,0.0459546925566343,680.0271370420625,553.270013568521,3.424694708276798,0.0957966764418377,870.2327586206897,734.1865509761388,1.4418103448275863,0.1314217443249701,1416.375690607735,1315.0684931506848,4.643646408839779,0.0631313131313131,1566.104838709677,1028.108108108108,3.70967741935484,0.0302593659942363,1761.3088235294117,1526.4684684684685,3.694117647058824,0.0491935483870967,1214.9032258064517,827.1864406779661,2.942275042444822,0.0310421286031042,966.818181818182,856.5898617511521,4.736363636363636,0.0225694444444444,1582.542553191489,1029.6085409252669,5.843971631205674,0.0274223034734917,938.955223880597,886.5909090909091,3.485074626865672,0.0133982947624847,1435.1827160493826,1347.5555555555557,1.851851851851852,0.0056179775280898,906.42776203966,779.4816901408451,1.8923512747875355,0.0040983606557377,698.75,1068.780487804878,1.25,0.050314465408805,791.7460317460317,838.8859416445623,1.0714285714285714,3,0,0,0.2064518392699134
196,202502,13,0,0.0391061452513966,1802.8627906976744,1799.5813953488373,3.581395348837209,0.0159844054580896,1277.8719172633257,1307.0244672454617,1.9952267303102624,0.0368921185019564,1412.6915017462163,1458.6805555555557,2.230500582072177,0.0121212121212121,1550.9070175438596,1589.3169877408056,2.457894736842105,0.022284122562674,2263.036931818182,1928.571428571429,6.238636363636363,0.0428769017980636,1640.5670995670996,1856.1794500723588,3.6046176046176046,0.1754822650902302,1960.542113323124,2356.875,4.261868300153139,0.0448,2056.87,1615.1515151515152,5.236666666666666,0.0392156862745098,647.1967213114754,265.8536585365854,1.1639344262295082,0.1376050420168067,3776.222760290557,2876.029411764706,4.651331719128329,0.0268700072621641,1584.8584202682564,1480.986547085202,2.856929955290611,0.0493736182756079,2083.498447204969,1821.176470588236,5.515527950310559,0.0200927357032457,1678.0736842105264,1796.1554621848738,2.3221052631578947,0.0455788514129443,1488.8515325670498,1654.0,3.089080459770115,0.0388915896937287,1889.7656731757447,1909.883466135458,2.170606372045221,0.0371929824561403,2032.665223665224,2003.59351988218,2.339105339105339,0.0142585551330798,2435.9115384615384,2380.6189555125725,2.626923076923077,0.018348623853211,1469.840425531915,1358.28418230563,2.702127659574468,0.2473684210526315,1690.993031358885,1794.1052631578948,2.581881533101045,0.1377952755905512,2194.1689497716893,2154.178082191781,5.141552511415525,0.0525345622119815,6703.250478011472,4612.39603960396,5.789674952198853,0.0323660714285714,3095.448275862069,2679.236111111112,4.936781609195402,0.0513976555455365,2096.2694497153702,2073.6,2.954459203036053,0.032008830022075,1781.104783599089,1257.2009132420092,2.375854214123007,0.0398322851153039,1914.753812636165,1222.1881838074398,1.8845315904139432,0.0133630289532293,1537.9596412556054,1632.8181818181818,2.004484304932735,0.0155945419103313,2752.618733509235,1932.2060766182296,4.74934036939314,0.0394973070017953,1756.8059701492537,1742.247191011236,6.123134328358209,0.0384087791495198,1577.7806267806268,1357.8857142857144,3.8062678062678064,0.0231839258114374,2399.04761904762,2143.3438485804418,5.311111111111111,0.0074280408542246,3262.1420560747665,2034.6067415730336,5.267289719626168,0.2610364683301343,1432.800518134715,1234.375,2.935233160621762,0.1132075471698113,2067.3498233215546,1911.6725978647687,3.148409893992933,0.0127877237851662,1329.170984455959,1245.5440414507773,3.474093264248705,0,0,0,0.518567715369102
197,202502,14,0,0.0169491525423728,850.3080459770115,829.6551724137931,2.689655172413793,0.010958904109589,1015.838351822504,987.3201581027668,2.269413629160064,0.0163288288288288,1545.091533180778,1373.6769759450171,4.060640732265446,0.007805724197745,1894.8365553602807,1624.695652173913,3.342706502636204,0.0084626234132581,1236.6239316239316,1198.8068181818182,1.5042735042735045,0.0441276306856754,989.1628895184136,1000.8547008547008,2.2889518413597734,0.0622884224779959,1779.271816881259,1784.2565597667638,3.1502145922746783,0.0083892617449664,774.5084745762712,598.581081081081,3.91864406779661,0.0213523131672597,1059.7173913043478,784.8175182481751,2.217391304347826,0.1586978636826042,3673.772946859903,2919.6610169491523,10.309178743961352,0.0167029774872912,895.9111111111112,761.7967599410898,1.835555555555556,0.034353995519044,798.4074650077761,730.3384615384615,2.49144634525661,0.010325245224574,1417.3657262277952,1520.5,0.7826541274817137,0.0290806754221388,1223.242277992278,1120.9671179883946,4.136100386100386,0.0199610516066212,1650.5741106719368,1961.2387612387613,3.5800395256917,0.0650032829940906,1186.235294117647,1091.1549295774648,1.938375350140056,0.0114068441064638,966.3326923076924,747.9230769230769,2.357692307692308,0.013262599469496,1081.2938005390836,1038.6595174262734,1.8274932614555257,0.0453020134228187,1875.0528169014085,1656.6315789473683,9.338028169014084,0.0193444384739387,1103.249176728869,1070.9409190371991,3.0164654226125136,0.0158465387823186,1432.490662139219,1448.7309644670052,3.2580645161290325,0.0138592750533049,1228.7635574837311,1188.2327586206898,2.6616052060737525,0.0355555555555555,1355.3100917431193,1248.7777777777778,3.0972477064220185,0.0313174946004319,1281.316258351893,911.2120535714286,2.33184855233853,0.0327004219409282,1185.9104803493449,733.9869281045752,1.8384279475982528,0.0097932535364526,1352.1956043956045,796.0879120879121,2.241758241758242,0.0032362459546925,1240.9948051948052,851.1428571428571,1.648051948051948,0.0236363636363636,543.3820224719101,850.2222222222222,2.460674157303371,0.0237762237762237,917.3495702005732,754.8997134670487,1.650429799426934,0.0045180722891566,1455.045317220544,1233.2727272727273,5.120845921450151,0.0152877697841726,1302.7710622710622,1229.2896174863388,2.1849816849816848,0.0205562273276904,948.0123762376238,962.3645320197044,1.0024752475247525,0.0224525043177892,727.578947368421,928.3985765124556,0.9578947368421052,0.0025510204081632,923.0179028132992,836.9309462915601,0.7416879795396419,7,0,0,0.19136995966288972
198,202502,15,0,0.0217669654289372,1273.2992125984251,1195.9268929503917,2.979002624671916,0.0350287907869481,1657.3756194251737,1280.4790419161675,3.6709613478691776,0.01161995898838,970.1132596685082,932.983379501385,2.4198895027624308,0.0263157894736842,1837.2328482328485,1556.008316008316,2.7962577962577964,0.0359820089955022,1749.7009345794393,1215.27950310559,3.682242990654206,0.1011583011583011,2195.435168738899,998.9351081530782,3.568383658969805,0.0212765957446808,1094.9772727272727,893.0449826989619,2.667832167832168,0.0449438202247191,1394.5703125,1417.7952755905512,3.81640625,0.0195121951219512,559.83,604.1584158415842,0.76,0.1856209150326797,1340.064308681672,924.4230769230768,4.514469453376206,0.0224719101123595,1051.8947368421052,892.4064171122994,2.7912280701754386,0.0625,1216.7783783783784,1301.5555555555557,4.43963963963964,0.0266579973992197,2168.902144772118,2414.700399467377,4.368632707774799,0.0439500813890396,3811.372593431483,3725.3924914675767,9.973952434881086,0.0350262697022767,2408.560770156438,1962.992700729927,4.421179302045728,0.1804910418049104,1739.4424342105262,1367.177033492823,2.7664473684210527,0.0092336103416435,1673.3111111111111,1653.9962476547842,1.6944444444444444,0.0299065420560747,1367.4418604651162,1144.1379310344828,2.36046511627907,0.0641247833622183,1600.889705882353,1326.4925373134329,5.783088235294118,0.0164581961816984,1199.7970627503337,804.0,2.3057409879839788,0.0247578040904198,962.7814569536424,783.4437086092715,1.8918322295805736,0.0233177881412391,926.6030013642564,826.5757162346521,2.38881309686221,0.0174717368961973,1704.9333333333334,1434.0756302521008,3.05,0.024045261669024,2405.947521865889,1884.380403458213,10.559766763848396,0.0592783505154639,2164.4093406593406,1042.622950819672,5.604395604395604,0.0087463556851311,2246.3254437869823,1376.491228070175,5.6982248520710055,0.0207182320441988,1596.7134831460671,1513.8526912181303,2.532303370786517,0.0389344262295082,921.012658227848,1117.7586206896551,3.9957805907172994,0.019298245614035,1712.236559139785,1177.3142857142857,7.372759856630824,0.0592334494773519,836.2361623616237,571.8959107806692,3.664206642066421,0.0092250922509225,1862.4778597785976,1320.3383458646615,1.4760147601476017,0.0168612191958495,635.269129287599,728.3931398416887,1.0184696569920844,0.009861932938856,2321.1967871485945,2054.229249011857,2.4578313253012047,0.0083857442348008,1146.3291139240507,1153.2203389830509,2.016877637130801,7,0,0,0.29948025175116577
199,202502,16,0,0.2418032786885245,5010.4486486486485,3429.4054054054054,4.335135135135135,0.0590961761297798,1509.0131362889983,1484.5320197044334,1.8234811165845648,0.0236220472440944,1167.394219653179,875.820895522388,2.1583815028901734,0.0494296577946768,2139.36,1956.6,2.258,0.136986301369863,4668.888178913738,4405.552050473186,5.511182108626199,0.4190365641323273,4823.0546875,6837.914110429448,5.1796875,0.0182215743440233,1197.348148148148,945.2678571428572,3.462222222222222,0.3081395348837209,4877.235537190083,3438.4615384615386,13.223140495867767,0.0047393364928909,131.58490566037736,133.84615384615384,0.6037735849056604,0.4662731871838111,4824.345047923322,4331.25,12.466453674121404,0.0740474478792235,1851.1214953271028,1550.5263157894738,2.032710280373832,0.266839378238342,3226.1666666666665,3355.56338028169,4.051418439716312,0.0837182448036951,3645.2424623115576,3588.0910240202275,2.090452261306533,0.0975824175824175,2084.5779727095514,2029.243427458617,3.2309941520467835,0.1664423508299685,3332.380540540541,3020.514469453376,2.0302702702702704,0.0984908657664813,4192.443082311734,3716.808510638298,6.066549912434326,0.0241090146750524,4310.306866952789,4355.612903225807,2.171673819742489,0.0459459459459459,1517.142857142857,1504.8137535816618,1.985994397759104,0.0542907180385289,2856.0,2951.555555555556,2.259259259259259,0.0210759844703272,1203.6526674233826,953.9592760180996,2.32349602724177,0.0094097519247219,1353.1778929188256,1257.2020725388602,2.5958549222797926,0.0690721649484536,986.0840707964602,749.5343680709534,2.932522123893805,0.1876006441223832,1626.7265469061877,1542.992125984252,2.998003992015968,0.0739030023094688,2139.309045226131,2535.7524752475247,2.6256281407035176,0.2851746931067044,3614.51871657754,4314.830287206266,3.3475935828877006,0.0996784565916398,2165.7304964539007,2162.019184652278,2.0094562647754137,0.1552911709455228,4801.660208643815,4130.530973451328,3.0476900149031296,0.3154172560113154,3368.829875518672,3721.481481481481,9.481327800829876,0.2628205128205128,3330.252595155709,3040.4895104895104,8.470588235294118,0.2373271889400921,1155.090909090909,1393.55421686747,2.0575757575757576,0.0041753653444676,6399.165605095542,5255.900621118012,4.7600849256900215,0.0259067357512953,789.2533333333333,670.7480106100796,1.3733333333333333,0.0286885245901639,5175.792531120332,3419.742489270386,8.734439834024895,0.4696969696969697,8709.746987951807,4752.1991701244815,44.15261044176707,5,0,0,0.7920190157103044
200,202502,17,0,0.094054054054054,3330.9881235154394,2830.5035971223024,4.073634204275535,0.0342044581091468,1215.5111464968154,1250.6443914081146,1.1472929936305734,0.012914093206064,1321.251415628539,1023.0857142857144,2.4224235560588903,0.0679933665008291,2071.9429590017826,2243.2326820603907,3.007130124777184,0.0533515731874145,2958.495677233429,2554.782608695652,2.717579250720461,0.1997518610421836,3144.2450229709034,3648.602825745683,6.04594180704441,0.0194986072423398,908.2883522727273,766.6193181818181,2.960227272727273,0.1754916792738275,2699.911439114391,2142.700729927007,3.4317343173431736,0.1393442622950819,278.9047619047619,184.0,1.847619047619048,0.2598652550529355,2515.937984496124,2331.675392670157,3.839793281653747,0.0337886412652767,1112.767857142857,1416.875,1.3050595238095235,0.1067892503536067,2021.083067092652,1787.8492935635793,2.6070287539936103,0.0375825292026409,1739.5116279069769,1928.8514225500528,0.5496828752642706,0.0624421831637372,2098.9653465346537,2138.171091445428,6.19009900990099,0.0641762452107279,2455.472336065574,2607.914110429448,1.6844262295081966,0.1297124600638977,2688.6720351390923,3074.4035346097203,2.052708638360176,0.0108481262327416,2277.755060728745,2408.2514734774068,1.2469635627530364,0.0247395833333333,1316.6310160427809,1354.08,1.4411764705882353,0.040133779264214,1929.555555555556,2024.6853146853148,2.0,0.0176659528907922,1045.3093681917212,757.6226826608506,2.4836601307189543,0.0141196013289036,1249.054054054054,1212.90756302521,2.2635135135135136,0.0326933056564608,959.085744908896,906.4446831364124,2.401929260450161,0.0667823070251517,1847.8407407407408,1636.5671641791046,2.0462962962962963,0.0652406417112299,1598.6947608200455,1622.344827586207,1.7015945330296127,0.1335282651072124,2118.6183035714284,1850.0680272108843,1.7790178571428572,0.0143805309734513,1615.024886877828,1480.356347438753,2.158371040723982,0.0725,2851.3328822733424,2257.44966442953,2.159675236806496,0.1225490196078431,1573.097014925373,1747.360594795539,3.264925373134328,0.0881542699724518,2067.987987987988,1748.3890577507598,2.5165165165165164,0.1258191349934469,1094.37125748503,996.5765765765766,2.874251497005988,0.0046210720887245,3253.020408163265,2744.163568773234,1.3358070500927643,0.0135635018495684,940.8054862842891,850.7869674185464,2.0174563591022445,0.0169491525423728,2416.0919540229884,2156.32183908046,1.3333333333333333,0.2640086206896552,4352.758112094395,3907.848837209304,5.79646017699115,5,0,0,0.4494677505057679
201,202502,18,0,0.0174621653084982,1074.0668257756563,902.6823529411764,2.663484486873508,0.2011285771866183,1581.1459781529295,1373.2307692307693,2.9950347567030784,0.0399492707672796,867.0291390728477,811.3754940711462,2.1827814569536423,0.0613026819923371,1849.8319672131147,1787.0731707317073,2.1311475409836067,0.0147540983606557,1511.8566666666666,1378.8039867109635,2.1733333333333333,0.0351008215085885,972.7391304347826,1366.7546296296296,2.513975155279504,0.0197941409342834,783.2197092084007,591.9547657512117,2.444264943457189,0.0227272727272727,1138.03861003861,990.3501945525292,3.3667953667953667,0.0851063829787234,766.7943925233645,528.8888888888889,3.588785046728972,0.0820809248554913,1026.9346733668342,844.5454545454545,2.226130653266332,0.0530546623794212,1465.6615905245346,1515.229982964225,5.722504230118443,0.0561139028475711,957.6666666666666,685.0714285714286,2.2839506172839505,0.0280741156653565,1247.4525462962963,1079.3079584775087,0.8171296296296297,0.0534311157674175,1909.8810572687223,2015.773081201335,4.398678414096916,0.016347237880496,1247.811858608894,1451.6820276497697,1.2200684150513113,0.1326042378673957,1057.8465189873418,1396.1067503924646,1.9240506329113924,0.0225641025641025,1267.368972746331,1238.0672268907565,2.052410901467505,0.0303907380607814,1386.8498498498498,1337.804154302671,3.750750750750751,0.0455373406193078,1239.618320610687,1134.503816793893,2.519083969465649,0.0085003035822707,843.8056234718827,665.7423312883435,3.068459657701712,0.0302439024390243,597.0967741935484,541.8072289156627,1.8971774193548387,0.1285714285714285,757.2539489671932,527.7669902912621,2.030376670716889,0.0463968410661401,1183.2448132780082,958.0165289256198,1.553941908713693,0.2351648351648351,1591.3393393393394,1032.495867768595,2.5135135135135136,0.0317460317460317,1372.0025316455697,993.3165829145728,1.860759493670886,0.0028368794326241,1955.5258620689656,2015.323943661972,2.327586206896552,0.0150602409638554,1131.8475609756097,961.1963190184048,1.2926829268292683,0.0279441117764471,762.5409836065573,730.3703703703703,1.7991803278688523,0.0140625,1118.8603174603174,1128.0379746835442,1.9523809523809523,0.0303541315345699,664.3379790940767,524.5833333333334,1.6794425087108014,0.0065934065934065,1479.1017699115043,1199.3362831858408,2.247787610619469,0.0253671562082777,479.8743169398907,518.6071428571429,0.9316939890710384,0.0,1523.025830258303,1239.5604395604396,1.4760147601476017,0.0499375780274656,2016.7362924281983,1693.809523809524,5.511749347258486,1,0,0,0.16143970165659138
202,202502,19,0,0.0466200466200466,814.2330097087379,720.0,2.745145631067961,0.1580976863753213,2797.742299794661,2759.515640766902,3.663244353182752,0.0333543108873505,1127.6274509803925,832.5291828793775,1.741176470588235,0.0513761467889908,1393.7837837837835,1580.813953488372,2.017374517374517,0.0670926517571885,1475.5445205479452,1348.3561643835617,3.462328767123288,0.0573108008817046,756.2445482866044,819.9687987519501,1.9003115264797508,0.0256211180124223,706.7611464968153,565.0717703349283,4.880573248407643,0.1188811188811188,987.9801587301588,676.9047619047619,3.123015873015873,0.0174672489082969,393.7787610619469,374.44642857142856,0.8053097345132744,0.3358419567262464,3002.093023255814,1425.414364640884,4.34593023255814,0.0612244897959183,1528.2229965156794,1594.4791666666667,2.552264808362369,0.3743351063829787,1404.9004237288136,974.9680170575692,2.9533898305084745,0.0564159292035398,1348.6131301289563,1170.1758499413834,2.720984759671747,0.0474006116207951,1714.730686695279,1791.803628601921,2.3165236051502145,0.0327956989247311,1215.6960893854748,1292.3230088495577,2.55195530726257,0.059347181008902,1078.2295597484276,937.5,1.9056603773584904,0.0381836945304437,1728.5117270788912,1755.680345572354,7.571428571428571,0.0570107858243451,1300.456026058632,1213.770491803279,2.846905537459284,0.0660550458715596,748.9411764705883,989.527559055118,2.4,0.0263803680981595,716.7765151515151,746.566037735849,1.8093434343434345,0.0329896907216494,760.8102345415779,712.0682302771855,1.6567164179104477,0.1821003621314019,723.8022813688212,529.9242424242424,3.1926489226869457,0.0798076923076923,1301.63125,1088.427672955975,1.5708333333333333,0.1840490797546012,1635.404011461318,2181.2943037974683,4.693409742120344,0.1050808314087759,1171.3461538461538,825.974025974026,2.423076923076923,0.0058224163027656,1477.442857142857,1562.162162162162,2.511428571428572,0.126855600539811,1178.0371517027863,983.1481481481482,4.286377708978328,0.0946745562130177,764.6086956521739,836.8558951965066,2.0130434782608697,0.0845771144278607,1075.2593984962407,1162.237762237762,5.086466165413534,0.0503355704697986,647.9577464788732,431.06382978723406,2.408450704225352,0.0055741360089186,1678.9865168539325,1407.5167785234898,4.206741573033708,0.0133155792276964,356.6378378378378,299.55525606469,1.1243243243243244,0.0163043478260869,1093.4065934065934,661.1111111111111,1.3223443223443223,0.0934131736526946,1310.9283819628647,1072.421052631579,1.530503978779841,7,0,0,0.24251292554651638
203,202502,20,0,0.0472008781558726,1444.5665137614678,943.1944444444443,7.137614678899083,0.0298681148176881,1410.6964573268922,1460.969023034154,1.7262479871175522,0.0154021677124928,893.2361111111111,821.3445475638051,1.78125,0.0204778156996587,1067.8504347826088,1077.8010471204188,1.826086956521739,0.0571827057182705,1439.151335311573,1298.7610619469026,1.5905044510385755,0.0496894409937888,1762.9941690962098,1334.672937771346,2.1545189504373177,0.0159833217512161,712.5912305516266,631.4809590973201,2.1881188118811883,0.0652866242038216,2166.469387755102,1643.5494880546075,3.561224489795918,0.0484581497797356,389.75,181.9537037037037,1.0648148148148149,0.2350096711798839,3107.425427872861,2408.324607329843,8.158924205378973,0.019047619047619,987.5675675675676,981.3967310549776,1.527027027027027,0.3225426721600942,2374.9668411867365,2523.63321799308,3.137870855148342,0.0279755849440488,1159.769150052466,1300.5219206680586,1.098635886673662,0.0181905217807563,1044.000975609756,1165.204678362573,3.071219512195122,0.0364333652924257,1152.5484515484516,1137.9187314172448,1.426573426573427,0.0417256011315417,1565.7307692307693,1315.139911634757,2.1153846153846154,0.0096246390760346,1269.16796875,1210.3288201160542,1.880859375,0.0380577427821522,1468.5326086956522,1356.657534246575,2.5815217391304346,0.0583190394511149,1032.7007299270074,1065.8181818181818,1.813868613138686,0.0125751776927282,871.9578246392897,912.2651933701658,2.2286348501664817,0.009393680614859,969.4939759036145,1085.2849740932645,2.1394148020654047,0.096163428001993,719.7353914002205,739.0518191841235,1.8103638368246968,0.0694444444444444,1368.1194029850749,1370.0373134328358,3.776119402985074,0.0710441334768568,1572.632794457275,1512.6651162790697,2.0184757505773674,0.0877901109989909,1250.5631929046565,1024.9006622516556,1.6851441241685143,0.0173010380622837,892.4848484848485,1183.5390070921983,1.68997668997669,0.0643939393939393,1409.9837398373984,1053.0645161290322,1.5853658536585369,0.032015065913371,890.5511811023622,912.0,2.015748031496063,0.0421511627906976,1475.111111111111,1403.6593059936909,3.0584795321637426,0.0238450074515648,1180.5076452599387,1031.5243902439024,3.4464831804281344,0.0138632162661737,1817.930841121496,1249.8496240601503,2.110280373831776,0.015228426395939,275.1958762886598,248.81443298969072,0.7448453608247423,0.0087108013937282,1870.939929328622,1540.6993006993007,5.095406360424028,0.042027194066749,2577.753846153846,1516.2077922077922,16.866666666666667,11,0,0,0.2273261466125318
204,202502,21,0,0.0045454545454545,497.0432801822324,587.0938215102975,2.164009111617312,0.0066562255285826,792.9282334384858,1093.806146572104,1.556782334384858,0.0028200789622109,507.8937853107345,470.3510758776897,2.07909604519774,0.0034453057708871,507.91334488734833,519.6948275862069,2.145580589254766,0.0157819225251076,877.9622093023256,622.4561403508771,1.0436046511627908,0.0248790601243953,826.9547383309759,812.2159090909091,2.4625176803394626,0.0104602510460251,476.3700564971752,525.3164556962025,3.0338983050847457,0.0392156862745098,767.7993197278912,600.204081632653,3.510204081632653,0.0,199.57258064516128,70.64516129032258,1.217741935483871,0.0884279475982532,821.294964028777,820.9090909090909,6.323741007194244,0.0129963898916967,638.1259150805271,667.1052631578947,1.767203513909224,0.0344569288389513,965.2570093457944,927.3570324574962,2.7554517133956384,0.0103145951521402,600.5031315240084,804.6618106139438,0.7171189979123174,0.0089243776420854,754.2807183364839,816.5636882129278,2.639886578449905,0.0083170254403131,706.360591133005,889.8616600790514,1.4039408866995071,0.0125698324022346,969.6732673267328,1014.2871287128712,3.1782178217821784,0.0056925996204933,952.2285714285714,947.9541108986616,1.6990476190476191,0.0157273918741808,578.9839572192514,656.8169761273209,2.5962566844919786,0.0103092783505154,557.0833333333334,508.5416666666667,1.8194444444444444,0.0053995680345572,465.82646420824295,411.2608695652174,1.9533622559652928,0.0008410428931875,370.82630691399663,505.61344537815125,1.2934232715008431,0.02,421.8083961248655,463.40836012861735,2.5532831001076426,0.0231729055258467,426.7509090909091,752.3076923076923,2.44,0.0122086570477247,751.1191011235956,559.3101123595505,2.107865168539326,0.009656652360515,549.1843817787419,526.6233766233767,2.134490238611713,0.0,702.2317880794702,497.1618625277162,1.7373068432671082,0.0052287581699346,617.915900131406,585.6504599211564,1.1681997371879107,0.011090573012939,302.6966292134832,392.23880597014926,2.348314606741573,0.0128571428571428,899.0606936416185,649.2173913043479,2.679190751445087,0.007396449704142,456.51488095238096,487.5223880597015,2.0892857142857144,0.0027173913043478,823.9872727272727,971.7604355716878,1.949090909090909,0.0049689440993788,429.9825,413.26683291770576,0.74,0.0017543859649122,1529.0349650349651,1145.3003533568904,2.090909090909091,0.0077419354838709,539.2167101827677,626.580310880829,1.0783289817232375,8,0,0,0.011544542907798272
205,202502,22,0,0.0064599483204134,1150.0261096605743,1028.5492227979275,2.5718015665796345,0.00774068698597,530.1890838206627,586.4780487804878,1.2241715399610136,0.004118050789293,413.8674033149171,424.7042640990371,1.6146408839779005,0.0061099796334012,434.0740740740741,583.469387755102,2.730452674897119,0.0015527950310559,786.5669781931464,817.8260869565217,0.9781931464174456,0.0104754230459307,447.17915309446255,751.7589576547231,1.845276872964169,0.0128095644748078,485.8489583333333,406.7586206896552,2.864583333333333,0.0174081237911025,700.5669291338583,375.5905511811024,2.956692913385827,0.0339805825242718,466.3333333333333,502.36,0.8686868686868687,0.0621301775147929,803.1645569620254,666.0377358490566,5.810126582278481,0.0086132644272179,590.0847750865051,759.5811518324607,4.0190311418685125,0.0107047279214986,659.0036101083033,524.4324324324324,2.362815884476534,0.0091743119266055,596.5727513227513,456.1111111111111,0.75,0.0052219321148825,386.5991605456453,614.4327731092437,2.3273871983210914,0.0058685446009389,630.5594817432274,572.4437869822485,1.729093050647821,0.0039370078740157,778.5276461295418,780.2848101265823,1.9589257503949449,0.0018399264029438,498.0387453874539,670.4972375690608,1.3431734317343174,0.0056285178236397,466.7680608365019,848.9887640449438,2.8783269961977185,0.0266429840142095,388.3516483516484,328.58181818181816,2.347985347985348,0.005893909626719,430.3910761154856,469.12698412698415,2.368766404199475,0.0043478260869565,407.3894967177243,483.2679738562092,1.1859956236323852,0.0074173971679028,293.76558265582656,364.4141689373297,1.9579945799458,0.0132113821138211,449.3971193415638,593.319587628866,2.286008230452675,0.0070821529745042,482.78,685.2051282051282,1.871428571428572,0.0302631578947368,446.6666666666667,520.1086956521739,1.8102981029810297,0.0014347202295552,408.2832369942197,450.51142857142855,1.9913294797687864,0.0020935101186322,439.1159217877095,536.0504201680673,1.3114525139664803,0.0063291139240506,350.1531914893617,356.6949152542373,1.8170212765957447,0.0017605633802816,558.4035087719299,530.4255319148937,2.473684210526316,0.0036764705882352,263.9114391143912,309.9630996309963,2.8265682656826567,0.0127157129881925,512.5688073394496,686.1254612546126,1.5045871559633028,0.0051679586563307,501.5025906735751,617.1875,1.7720207253886011,0.0,707.3929961089494,753.2307692307693,3.0739299610894943,0.0,303.3476394849785,216.7826086956522,0.8755364806866953,8,0,0,0.02418438938609424
206,202502,23,0,0.008073817762399,527.2291666666666,731.6355140186915,2.872685185185185,0.0047188360204482,585.753164556962,779.3843725335438,1.6748417721518989,0.0022586109542631,444.54864253393663,441.608154020385,1.737556561085973,0.0062001771479185,624.0498220640569,725.6785714285714,2.119217081850534,0.0028612303290414,636.7528735632184,730.6590257879656,1.410919540229885,0.0064608758076094,664.1215629522432,526.3203463203463,1.6468885672937772,0.0083740404745289,698.6230661040788,653.0704225352113,3.4472573839662446,0.0033898305084745,482.6530612244898,537.3469387755102,2.6054421768707483,0.0209424083769633,344.41052631578947,320.8695652173913,0.8842105263157894,0.0170523751522533,668.8888888888889,479.2537313432836,3.5037037037037035,0.0080822924320352,483.1157270029673,840.4437869822485,3.3531157270029674,0.0153022188217291,600.0653188180404,827.9813664596273,2.6951788491446345,0.0057351407716371,556.9811320754717,427.6180482686254,0.6593291404612159,0.0070224719101123,426.5661625708885,521.7121354656632,2.4867674858223063,0.0034982508745627,608.3128772635815,530.16,1.5060362173038229,0.0077903682719546,627.9529243937233,529.2857142857143,1.6062767475035664,0.0009487666034155,509.753320683112,586.425855513308,1.3757115749525617,0.0026737967914438,474.5888594164456,484.7154471544715,1.920424403183024,0.0418760469011725,455.7073170731707,429.6842105263158,1.627177700348432,0.0070308274743104,401.9912472647703,540.1952277657267,1.7538293216630196,0.0067396798652064,325.40439932318105,373.4693877551021,1.5380710659898478,0.0116279069767441,380.5549626467449,492.60450160771705,1.7225186766275349,0.0063868613138686,304.1497227356747,515.5839416058394,3.388170055452865,0.0089186176142697,649.3896396396397,489.9752808988764,1.7522522522522523,0.0043907793633369,531.6740088105727,493.9072847682119,1.7004405286343611,0.0,412.3520179372197,338.9592760180996,1.6681614349775784,0.0052015604681404,595.9162303664922,634.2297650130548,1.4646596858638743,0.0092421441774491,487.36059479553904,685.3932584269663,1.9814126394052043,0.0088888888888888,552.3622754491018,525.6716417910447,2.2335329341317367,0.0014858841010401,335.1220238095238,475.0,1.7172619047619049,0.0135623869801084,715.194495412844,660.1098901098901,2.014678899082569,0.0063856960408684,770.159383033419,1038.9588688946014,0.9023136246786632,0.0052264808362369,557.2027972027972,530.1052631578947,3.185314685314685,0.0014265335235378,577.4785100286533,498.8034188034188,1.2979942693409745,8,0,0,0.02166795116203324
207,202502,24,0,0.0022675736961451,282.27272727272725,514.0909090909091,3.0795454545454546,0.0282324058919803,856.1747899159664,791.1898734177215,4.745378151260504,0.0091631032376298,455.319803198032,511.13473423980224,1.8696186961869616,0.0,514.0120898100173,645.1826086956522,2.4369602763385148,0.0044117647058823,667.3887240356083,594.3529411764706,2.483679525222552,0.0155586987270155,573.8187050359712,602.0659971305596,2.643165467625899,0.0169252468265162,867.8715728715729,642.8815977175464,4.344877344877345,0.02,679.9322033898305,941.5699658703072,3.074576271186441,0.0232558139534883,437.1333333333333,472.57142857142856,0.9809523809523808,0.0513112884834663,714.0865384615385,472.0673076923077,3.7884615384615374,0.009672619047619,458.2882882882883,387.0676691729323,1.578078078078078,0.0235383447228549,588.7383177570093,681.9875776397515,2.9953271028037385,0.0072954663887441,491.6352201257862,543.9116719242902,0.5083857442348009,0.0052910052910052,518.3678606001936,560.1739130434783,2.4646660212971927,0.0024691358024691,512.8073122529644,507.6190476190476,1.6788537549407114,0.0162889518413597,478.9439655172414,434.97835497835496,1.863505747126437,0.0097370983446932,1113.7367387033398,1374.5669291338584,8.24361493123772,0.0041899441340782,386.2921348314607,386.3865546218488,0.9691011235955056,0.0348432055749128,626.8592057761733,498.8447653429603,1.7148014440433212,0.0061281337047353,292.5128779395297,442.8956228956229,1.5498320268757,0.0025884383088869,291.7850953206239,345.0777202072539,1.490467937608319,0.0142543859649122,375.61735261401554,371.412680756396,2.774193548387097,0.0200729927007299,294.4040968342644,272.0670391061453,2.340782122905028,0.0236753100338218,648.7175925925926,625.241935483871,2.053240740740741,0.0165745856353591,419.4943820224719,203.86516853932585,1.8741573033707863,0.0,471.993006993007,642.1232558139535,1.2331002331002332,0.0006761325219743,572.7710027100271,717.6486486486486,2.8401084010840107,0.018796992481203,309.67432950191574,441.8390804597701,2.348659003831417,0.0142450142450142,421.40579710144925,279.0778097982709,1.9275362318840576,0.0015600624024961,309.5625,234.75,2.103125,0.0073327222731439,735.8407407407408,917.9005524861878,3.3981481481481484,0.0117801047120418,597.5238095238095,754.2705570291777,0.8333333333333334,0.0052083333333333,450.0,305.8536585365854,2.825174825174825,0.0038560411311053,504.58762886597935,546.9767441860465,1.657216494845361,8,0,0,0.06488819967617965
208,202502,25,0,0.0094228504122497,508.1264916467781,466.7772511848341,2.7589498806682577,0.007801743919229,449.9399815327793,429.34198331788696,1.1532779316712836,0.0068917987594762,320.4019471488178,394.4875346260388,1.9360222531293465,0.0050150451354062,203.87878787878788,239.1549295774648,2.1818181818181817,0.0104347826086956,285.9788732394366,321.4736842105263,1.8133802816901408,0.0138568129330254,363.1833855799373,433.9035769828927,1.8573667711598747,0.0176706827309236,518.5466448445172,772.3529411764706,3.0032733224222588,0.0153256704980842,467.6264591439689,440.0778210116732,2.8443579766536966,0.0088888888888888,380.1428571428572,229.1891891891892,1.25,0.031363088057901,563.1578947368421,555.2970297029703,3.947368421052632,0.0165073848827106,338.94179894179894,243.0796460176991,3.562610229276896,0.0148083623693379,514.9823008849557,492.2968197879858,3.207079646017699,0.0040650406504065,193.2558139534884,362.0350877192983,0.5011627906976744,0.0038084874863982,404.655737704918,391.6375545851528,2.601092896174863,0.0016872890888638,299.8391451068616,286.65914221218964,1.3340832395950506,0.0102766798418972,384.9504,472.2488038277512,1.904,0.0,503.0404255319149,627.9661016949152,1.6574468085106382,0.0110584518167456,83.84615384615384,144.84076433121018,1.2243589743589745,0.0270793036750483,247.99203187250995,279.2857142857143,1.98804780876494,0.0107731305449936,476.8058748403576,356.45244215938305,3.1251596424010217,0.0074468085106382,304.51612903225805,421.02564102564105,2.249462365591398,0.0190114068441064,254.22680412371133,303.65284974093265,2.5141752577319587,0.0205338809034907,288.45188284518827,220.58823529411765,3.085774058577406,0.0013717421124828,103.51648351648352,325.7142857142857,1.978021978021978,0.0141388174807197,244.2297650130548,246.71875,1.4099216710182767,0.0013661202185792,221.7890410958904,422.2950819672131,1.473972602739726,0.0015974440894568,404.8089171974522,473.9228295819936,2.487261146496816,0.0087719298245614,168.58407079646017,364.2477876106194,1.6814159292035398,0.0080128205128205,297.475884244373,152.53246753246754,1.9131832797427653,0.0037174721189591,432.8501872659176,421.5613382899628,3.644194756554307,0.0102739726027397,554.8735632183908,578.0555555555555,3.3448275862068964,0.0027434842249657,656.5467032967033,442.4793388429752,0.9862637362637364,0.0036697247706422,215.42435424354244,269.11764705882354,2.291512915129151,0.0051546391752577,251.06493506493507,353.95348837209303,1.025974025974026,8,0,0,0.07565574807336373
209,202502,26,0,0.013126491646778,398.1301204819277,378.05825242718447,2.819277108433735,0.01318781264211,511.7140221402214,434.03314917127074,1.8025830258302584,0.0032010243277848,257.1272493573265,253.4017971758665,2.390745501285347,0.003770028275212,281.7391304347826,434.6590909090909,1.7429111531190926,0.0050675675675675,458.2372881355933,537.3469387755102,1.0915254237288134,0.0068965517241379,384.1309707241911,444.57496136012367,1.930662557781201,0.0078740157480314,461.4142857142857,516.0952380952381,2.293650793650793,0.0237659963436928,402.247191011236,280.8988764044944,3.235955056179775,0.0187793427230046,536.622641509434,452.621359223301,1.6320754716981132,0.0122399020807833,609.1851851851852,590.1492537313433,3.8,0.0092127303182579,197.3898305084745,405.3288364249578,1.5779661016949154,0.0121212121212121,264.05944055944053,444.46397188049207,2.7867132867132867,0.0017391304347826,325.5244755244755,358.5416666666667,0.4125874125874126,0.0052083333333333,365.1985370950888,482.2665267576076,2.4639498432601883,0.0075757575757575,400.2918032786885,409.4232861806311,2.3540983606557377,0.0101404056162246,478.0141509433962,582.609794628752,2.1179245283018866,0.0,495.7127659574468,499.9469214437368,0.9148936170212766,0.0078616352201257,333.7974683544304,245.3333333333333,1.0917721518987342,0.0171755725190839,991.4147286821706,719.2996108949417,11.0968992248062,0.0031172069825436,406.0213032581453,268.3895131086142,2.3045112781954886,0.0031746031746031,740.1273885350319,852.6114649681529,6.067940552016985,0.014860681114551,213.17380352644835,223.06148055207024,2.036523929471033,0.0141843971631205,245.1851851851852,223.9835728952772,2.318930041152264,0.0026385224274406,286.07142857142856,288.57142857142856,1.9814814814814807,0.0088050314465408,314.27848101265823,303.3587786259542,2.789873417721519,0.0,216.45576407506704,406.2661290322581,1.8203753351206435,0.005380476556495,317.34621329211745,346.3678516228748,1.2982998454404946,0.0128205128205128,327.53246753246754,302.5974025974026,5.216450216450217,0.0095541401273885,480.8705501618123,301.7252396166134,2.142394822006473,0.0035211267605633,408.32042253521126,393.82978723404256,2.1338028169014085,0.0110619469026548,390.015625,704.5291479820628,1.2053571428571428,0.0069832402234636,505.957627118644,376.6386554621849,1.0677966101694916,0.0037174721189591,143.28358208955223,163.88059701492537,2.298507462686567,0.0025806451612903,247.30569948186528,269.4573643410853,1.266839378238342,8,0,0,0.10279626505847461
210,202502,27,0,0.009009009009009,399.421768707483,393.2118451025057,2.7142857142857144,0.0023501762632197,689.4406912804399,693.1083202511774,1.4988216810683426,0.0033840947546531,519.2726244343892,514.5186862967157,1.97737556561086,0.0042955326460481,404.4567474048443,377.1428571428572,2.309688581314879,0.0028818443804034,716.9826589595376,833.4104046242775,1.0664739884393064,0.0084388185654008,562.7266288951841,693.3238636363636,3.1147308781869687,0.0104166666666666,311.2991573033708,328.2748948106592,1.9480337078651688,0.0293159609120521,698.4141414141415,770.3678929765887,4.548821548821548,0.0107913669064748,381.89130434782606,295.1824817518248,1.7173913043478262,0.0436781609195402,689.6402877697842,460.48192771084337,3.669064748201439,0.0057929036929761,490.8454810495627,640.5240174672489,1.5787172011661808,0.0211960635881907,895.0663580246913,915.6279069767442,3.623456790123457,0.007759958613554,508.0668058455115,434.875,0.9352818371607516,0.0074626865671641,272.4167450611477,399.6619718309859,2.19379115710254,0.0073637702503681,585.8298714144412,535.0148367952522,2.160237388724036,0.0042194092827004,707.638418079096,698.3898305084746,3.655367231638418,0.0,535.7206165703276,630.1158301158301,1.8458574181117533,0.0013071895424836,498.0156657963447,483.1496062992126,2.028720626631854,0.0186757215619694,484.9826989619377,626.7820069204153,2.4186851211072664,0.0059363194819212,405.0173913043478,461.062906724512,1.667391304347826,0.0025445292620865,660.3050847457627,799.7610921501706,2.3491525423728814,0.0132205182443151,233.96145610278373,386.137339055794,1.7869379014989293,0.0145719489981785,332.0517560073937,520.4029574861368,1.990757855822551,0.0066592674805771,439.2058165548098,589.4196428571429,2.0380313199105147,0.0127388535031847,474.7161290322581,491.741935483871,2.468817204301075,0.0011049723756906,309.0840707964602,424.3805309734513,1.9292035398230087,0.0085078534031413,670.6349206349206,600.6324110671936,1.6243386243386244,0.0129390018484288,242.47191011235955,427.6404494382023,3.5655430711610485,0.0154711673699015,475.3285714285714,533.8285714285714,2.597142857142857,0.0044510385756676,462.9850746268657,506.07142857142856,2.701492537313433,0.0018552875695732,787.2625698324023,804.0445269016698,1.4059590316573556,0.0097799511002444,624.762962962963,539.6592592592592,1.1950617283950618,0.0018018018018018,629.0252707581227,537.1841155234657,4.003610108303249,0.0102695763799743,373.2124352331607,502.2857142857143,1.5518134715025906,8,0,0,0.03175781759888929
211,202502,28,0,0.0034168564920273,361.2077625570776,453.2265446224257,2.141552511415525,0.0023594180102241,511.7277032359905,430.5826771653543,2.568271507498027,0.0022675736961451,256.3859250851305,276.5870307167236,1.4699205448354142,0.0034364261168384,520.8227194492255,585.4922279792746,2.216867469879518,0.0057306590257879,645.7241379310345,577.2832369942197,0.9080459770114944,0.0083798882681564,434.47960618846696,556.0789844851904,1.7707454289732771,0.0035087719298245,465.16101694915255,376.5168539325843,2.998587570621469,0.0099833610648918,784.1212121212121,566.7785234899329,3.265993265993266,0.0175438596491228,1093.8407079646015,955.6486486486486,1.1858407079646018,0.0299539170506912,1825.1208530805688,1200.2857142857142,11.59478672985782,0.005050505050505,243.8316400580552,471.82608695652175,0.7706821480406386,0.0046153846153846,387.6387596899225,466.4098613251156,2.235658914728682,0.0036534446764091,359.24528301886795,544.0837696335078,0.5283018867924528,0.0083837913367489,302.72582159624415,255.3947368421053,1.6816901408450704,0.0049067713444553,616.7996051332675,543.0738916256157,2.5834155972359327,0.0021082220660576,583.6802816901409,721.5211267605633,1.9577464788732395,0.0029041626331074,461.1976744186047,618.7937743190662,1.4786821705426356,0.0,337.0822281167109,384.12698412698415,1.023872679045093,0.0170648464163822,291.90625,352.7083333333333,1.4652777777777777,0.0010917030567685,371.3566739606127,419.1484716157205,1.852297592997812,0.0025337837837837,291.8781725888325,290.33898305084745,0.8917089678510999,0.0042712226374799,268.068669527897,270.2893890675241,2.188841201716738,0.0117011701170117,266.7436363636364,302.4087591240876,2.067272727272728,0.0055005500550055,481.83222958057394,596.270509977827,1.3554083885209711,0.007534983853606,307.4186550976139,299.0889370932755,1.6073752711496747,0.0,505.17903930131007,782.3580786026201,3.058951965065502,0.0033068783068783,344.56233421750665,254.4223107569721,0.9907161803713528,0.0037383177570093,205.26315789473685,356.6292134831461,1.1541353383458646,0.0100143061516452,532.1152737752161,472.8695652173913,2.170028818443804,0.0,311.0,407.3873873873874,1.7597597597597598,0.0,617.8066914498141,944.0,1.804832713754647,0.0037783375314861,581.6075949367089,600.1515151515151,1.539240506329114,0.0,213.94160583941607,480.0,2.1824817518248176,0.0038809831824062,414.23376623376623,360.6233766233766,1.1506493506493507,8,0,0,0.08402393162950328
212,202503,1,0,0.006631299734748,474.5,555.2,4.660427807486631,0.0072850898494414,459.0732421875,544.4705882352941,1.2197265625,0.0054607508532423,540.7760989010989,421.06995884773664,2.4423076923076925,0.0060422960725075,299.2668024439919,440.6854838709677,2.1079429735234214,0.0,501.6677215189873,535.632911392405,1.2563291139240509,0.0057565789473684,408.70646766169153,597.8217821782179,1.7429519071310116,0.0152027027027027,1155.7979452054794,1162.680412371134,6.642123287671233,0.0,489.6809338521401,268.8372093023256,3.914396887159533,0.0097087378640776,532.8118811881188,258.05825242718447,0.8415841584158416,0.0062597809076682,339.3690851735016,501.6981132075472,3.583596214511041,0.0034423407917383,387.1034482758621,526.1937716262976,0.8689655172413793,0.0026954177897574,555.4847396768403,492.36889692585896,3.1023339317773786,0.0013192612137203,367.3910171730515,332.5759577278732,0.8348745046235139,0.0078003120124804,499.5199161425576,571.8238993710692,1.856394129979036,0.0029515938606847,624.0850059031877,576.6270783847981,1.7072018890200709,0.0118858954041204,625.1143317230274,889.0814696485623,2.035426731078905,0.0027752081406105,639.9832713754647,958.5555555555557,1.496282527881041,0.0,251.5471698113208,239.3333333333333,0.8452830188679246,0.0231316725978647,538.6861313868613,360.0,1.6423357664233578,0.0046052631578947,276.03810775295665,334.7074468085106,1.8318002628120893,0.0032644178454842,259.29978118161927,473.0718954248366,0.7702407002188184,0.0047329276538201,462.3673469387755,350.39348710990504,2.2108843537414966,0.0071868583162217,404.504132231405,521.2422360248447,1.7479338842975207,0.0112201963534361,265.57670454545456,423.5325779036827,1.7642045454545454,0.0160213618157543,555.4471544715448,469.4021739130435,1.5176151761517616,0.0014409221902017,294.2724637681159,404.4827586206897,1.536231884057971,0.0028328611898017,438.1276595744681,586.7709815078236,1.0184397163120569,0.0147368421052631,458.46153846153845,773.3333333333334,1.7735042735042734,0.0017699115044247,1128.848591549296,733.5,4.0,0.0018248175182481,580.2919708029198,453.4065934065934,1.7335766423357664,0.010204081632653,643.4794007490636,703.2270168855534,1.807116104868914,0.0053120849933598,419.144385026738,389.76,0.7352941176470589,0.002004008016032,406.6935483870968,246.24,2.971774193548387,0.0021598272138228,372.6724137931034,329.4782608695652,1.5517241379310345,8,0,0,0.05069052731390111
213,202503,2,0,0.0034762456546929,433.0719257540603,372.5874125874126,2.1461716937354987,0.016380655226209,1182.4758128469468,1105.0277557494053,4.030134813639968,0.0022598870056497,559.1155152887882,506.3646659116648,2.4949037372593432,0.0044130626654898,491.1504424778761,475.417406749556,2.217699115044248,0.0,733.0730994152046,781.9241982507289,0.8859649122807017,0.0085470085470085,754.5466284074605,707.4604316546763,2.7058823529411766,0.0028070175438596,337.27949438202245,300.5923836389281,1.9648876404494384,0.0167785234899328,585.7864406779661,478.7628865979381,3.7389830508474575,0.0,316.71,393.4020618556701,0.47,0.0286396181384248,1162.5,1029.4581280788177,5.473039215686274,0.0101670297748729,530.5865102639297,629.0748898678414,2.2639296187683287,0.0054263565891472,785.33125,515.1788491446346,2.503125,0.0036572622779519,602.1353620146905,678.3018867924528,0.70199370409234,0.0051740357478833,480.514691943128,425.0377358490566,2.018957345971564,0.0108910891089108,567.8844221105528,564.9451645064805,1.4472361809045229,0.0148095909732016,780.5235378031384,703.0172413793103,2.0955777460770326,0.0038167938931297,595.3212237093691,838.848368522073,1.7323135755258126,0.0026560424966799,947.1767810026386,640.483870967742,1.316622691292876,0.0171526586620926,578.6759581881533,661.8881118881119,1.5156794425087108,0.0032626427406199,489.5109409190372,524.5919477693145,2.8971553610503284,0.003392705682782,733.6734693877551,753.2197614991483,3.0935374149659864,0.0063761955366631,517.5240128068303,489.0032154340836,3.046958377801494,0.0073394495412844,636.0223048327138,618.0882352941177,2.0687732342007434,0.0088691796008869,372.7354260089686,543.0736607142857,1.6233183856502242,0.0162337662337662,624.2505494505494,664.3612334801762,1.5296703296703296,0.0,410.7091722595079,499.6436525612472,1.5906040268456376,0.0059366754617414,548.5258964143426,590.053050397878,1.1394422310756973,0.0018726591760299,440.4494382022472,550.375939849624,1.6629213483146068,0.0101302460202604,546.3970588235294,562.5290697674419,1.8676470588235288,0.0131578947368421,584.7151335311572,528.6390532544378,3.4183976261127595,0.003734827264239,548.3245778611632,741.2359550561798,2.172607879924953,0.0052840158520475,556.4734042553191,579.1989389920425,0.5824468085106383,0.0036563071297989,382.6373626373626,394.4117647058824,1.7435897435897436,0.0014245014245014,556.2857142857143,732.4786324786324,1.3885714285714286,8,0,0,0.024390717507808857
214,202503,3,0,0.0113250283125707,522.487414187643,394.1284403669725,3.377574370709382,0.020935960591133,657.3656903765691,577.2100840336135,2.181589958158996,0.0103595368677635,623.2472324723248,662.5893958076449,2.3308733087330875,0.000871839581517,515.6869565217391,275.3975481611208,1.9721739130434783,0.0196374622356495,339.4938271604938,371.6307692307692,0.7839506172839507,0.0213371266002844,830.7190684133916,903.309143686502,2.002911208151383,0.0063649222065063,399.85612535612535,375.1066856330014,2.595441595441596,0.0,505.0169491525424,476.1224489795918,3.233898305084746,0.0454545454545454,1196.5619047619048,978.8571428571428,4.266666666666667,0.0154761904761904,449.4915254237288,423.4782608695652,3.721549636803874,0.0059127864005912,919.2284866468842,861.8181818181819,2.6186943620178043,0.0061823802163833,475.6510903426792,615.8385093167702,2.437694704049844,0.0068027210884353,328.519535374868,485.4889589905363,0.4963041182682154,0.0116845180136319,1048.9626352015732,1105.7650542941758,5.636184857423795,0.0122609122118685,604.9404761904761,575.7256461232604,1.5257936507936507,0.0529573590096286,651.1175616835994,735.2616279069767,1.660377358490566,0.0078740157480314,419.2842942345925,603.6831683168317,0.8648111332007953,0.0082758620689655,654.6518105849582,622.0,1.2785515320334262,0.0195729537366548,805.5434782608696,554.8363636363637,1.0833333333333333,0.0027932960893854,469.8073908174692,449.1928251121077,1.7323628219484883,0.0111016225448334,532.5259515570934,682.9655172413793,2.110726643598616,0.0044198895027624,505.8379578246393,424.26193118756936,3.2685904550499445,0.0102707749766573,720.5671077504726,745.4237288135594,4.601134215500945,0.0089988751406074,852.9477272727273,749.2154195011337,1.8909090909090909,0.025081788440567,548.0606741573034,611.7594654788419,1.7550561797752808,0.0998959417273673,606.7175925925926,470.2101616628176,1.6087962962962965,0.0047978067169294,903.878954607978,705.1862068965518,0.9202200825309492,0.0126050420168067,3761.982978723405,4940.425531914893,12.4,0.0157819225251076,423.2865497076023,626.1627906976744,2.008771929824561,0.0,550.621875,580.1869158878504,1.721875,0.0205032618825722,632.175572519084,792.7514231499051,1.501908396946565,0.0052631578947368,460.065963060686,423.9787798408488,1.279683377308707,0.0054249547920434,470.8695652173913,456.1313868613138,3.315217391304348,0.0012886597938144,381.08527131782944,414.58762886597935,1.682170542635659,8,0,0,0.08454630913287065
215,202503,4,0,0.013126491646778,564.3853658536585,568.0575539568346,3.048780487804878,0.5196581196581197,7151.220547945206,4161.2444444444445,32.06301369863014,0.0895819508958195,852.4198250728863,722.536443148688,2.2361516034985423,0.1037735849056603,1777.1612903225807,696.4948453608248,5.634408602150538,0.0569948186528497,890.4432234432235,1027.032967032967,1.4945054945054943,0.0155400155400155,585.5388272583201,609.9056603773585,2.277337559429477,0.021617293835068,382.9310344827586,403.7520391517129,2.927750410509032,0.022944550669216,655.546875,554.3529411764706,3.35546875,0.0714285714285714,1610.4326923076924,1224.2788461538462,3.019230769230769,0.0467625899280575,1216.3358778625957,1003.731343283582,6.124681933842239,0.1630094043887147,1407.622641509434,1626.4684014869888,5.483018867924528,0.055366269165247,555.5635062611807,745.6363636363636,2.636851520572451,0.0448354143019296,1183.0202140309157,797.6722090261283,5.29013079667063,0.0386710239651416,890.0681044267877,1026.8552036199094,4.465380249716231,0.0130090497737556,685.5388127853881,824.1196777905639,2.9463470319634704,0.099197665937272,750.5762987012987,644.297253634895,2.008116883116883,0.150749063670412,645.5572687224669,1080.6622516556292,2.541850220264317,0.0726351351351351,3764.222222222222,4413.763440860215,38.1037037037037,0.1055555555555555,730.3941908713693,586.1157024793389,2.7427385892116183,0.0255427841634738,669.8696219035202,451.6205533596838,2.146023468057366,0.027114967462039,646.5771812080537,656.6666666666666,2.149888143176734,0.0711678832116788,534.488188976378,443.05882352941177,1.867454068241469,0.0588832487309644,555.93147751606,870.0,2.9978586723768736,0.1383248730964467,1441.9852071005917,808.6803519061583,6.609467455621302,0.0872235872235872,630.3260869565217,493.12,2.2010869565217392,0.0117474302496328,995.1686746987951,901.0557184750731,2.8795180722891565,0.0203915171288743,684.5771144278607,589.1638795986622,1.507462686567164,0.0509554140127388,497.0669642857143,352.7354260089686,2.0267857142857144,0.0209339774557165,578.5181518151816,500.8524590163934,2.6633663366336635,0.0075614366729678,620.3816793893129,644.9429657794677,1.8511450381679388,0.0059880239520958,429.54086538461536,671.5942028985507,1.7307692307692308,0.0366492146596858,418.44565217391306,367.1983695652174,1.2608695652173914,0.040590405904059,797.9310344827586,598.8416988416989,5.498084291187739,0.036848792884371,674.4063324538258,639.8944591029024,1.1134564643799472,6,0,0,0.28087096156865166
216,202503,5,0,0.0997706422018348,2459.4508816120906,1300.2061855670104,4.564231738035264,0.1064377682403433,998.910609037328,856.296992481203,1.4273084479371316,0.0344827586206896,857.8764629388817,588.171206225681,2.158647594278284,0.2945736434108527,3738.4913793103447,4309.372197309417,4.676724137931035,0.0377049180327868,1501.912457912458,1223.3793103448277,3.414141414141414,0.0913742690058479,1175.385852090032,1221.0628019323672,3.2057877813504825,0.008654602675059,422.0919175911252,291.4149443561208,1.8874801901743263,0.1174496644295302,2875.154716981132,2408.2758620689656,15.867924528301886,0.0627615062761506,180.7142857142857,144.10714285714286,1.2678571428571428,0.3056849953401677,2586.0158311345645,1801.8032786885249,11.649076517150396,0.0506230529595015,870.2463054187192,1063.8688524590164,1.3152709359605912,0.2586793737236215,1341.018450184502,1179.3784277879342,5.092250922509225,0.0389538119087367,1076.3325608342989,1065.486111111111,1.8076477404403244,0.1216089803554724,815.7870074547391,709.9041533546326,2.523961661341853,0.056338028169014,1211.8947976878612,1325.199543899658,2.6254335260115607,0.0474397590361445,1395.095087163233,1152.8817034700317,2.14580031695721,0.0193965517241379,1080.4593406593406,1149.2307692307693,3.424175824175824,0.0465465465465465,698.8125,1015.4285714285714,1.10625,0.0646950092421441,1073.7349397590365,1039.6108949416343,2.244979919678715,0.0268292682926829,799.9005037783376,630.4488778054863,3.1738035264483626,0.0161812297734627,587.2368421052631,506.4473684210527,2.162280701754386,0.048170731707317,612.5096525096525,434.6173469387755,3.0656370656370657,0.0955951265229615,670.4564315352698,712.7950310559006,3.107883817427386,0.1950162513542795,1049.632707774799,881.7459459459459,2.412868632707774,0.1509229098805646,1337.7853535353536,830.8860103626943,2.6818181818181817,0.0247093023255813,1699.233918128655,2826.93009118541,6.880116959064328,0.0548048048048048,1118.7955625990492,1048.1847133757965,2.602218700475436,0.0848126232741617,1318.9396551724135,954.5689655172414,6.961206896551724,0.0392464678178963,1031.798045602606,1118.360655737705,5.14657980456026,0.1443932411674347,729.0215053763441,753.6690647482014,2.727598566308244,0.0033821871476888,1275.054298642534,1346.606334841629,4.339366515837104,0.0308724832214765,368.3977900552486,168.98055555555555,0.7209944751381215,0.005893909626719,3134.88,1786.875,12.068,0.1483198146002317,3200.299191374663,2282.6373626373625,20.87601078167116,11,0,0,0.35671073945135423
217,202503,6,0,0.0124858115777525,734.0114155251141,822.7777777777778,6.824200913242009,0.0135606354126307,632.8620961386919,597.556773688332,1.0788022064617808,0.0552871712292002,991.4072810011376,888.4903518728718,4.1956769055745164,0.021630615640599,755.5932203389831,857.5085324232082,2.211864406779661,0.004054054054054,421.6802168021681,409.2391304347826,1.3848238482384825,0.019203413940256,746.676811594203,753.0914368650218,3.5478260869565217,0.0122950819672131,474.3656509695291,361.8232044198895,1.9861495844875343,0.017799352750809,953.039603960396,613.8157894736842,4.557755775577558,0.0165975103734439,535.3865546218487,368.64406779661016,1.1596638655462186,0.0361305361305361,1094.3478260869565,1060.8232445520582,5.647342995169082,0.0185053380782918,448.9146164978292,635.0581395348837,0.950795947901592,0.0123647604327666,572.3661971830986,518.8732394366198,2.995305164319249,0.0020736132711249,536.0747663551402,499.0852390852391,0.7019730010384216,0.0137701804368471,602.3513513513514,729.6253602305476,2.41023166023166,0.0064575645756457,782.0931966449208,813.6355226641998,1.6328052190121156,0.0779907468605419,747.153735632184,797.4248927038626,2.1982758620689653,0.0152526215443279,762.3017408123791,709.8837209302326,2.518375241779497,0.0,612.5658536585366,520.1492537313433,1.421951219512195,0.0641399416909621,510.0529595015576,658.3177570093458,1.526479750778816,0.0163415919873484,712.1788008565311,668.3690987124463,3.4197002141327624,0.0210970464135021,1226.59793814433,945.0519031141868,3.90893470790378,0.0109546165884194,499.70338983050846,478.5504201680672,2.6588983050847457,0.0122989593188268,658.3193116634799,558.7504798464491,3.147227533460803,0.0072765072765072,608.1171548117155,445.1719077568134,1.4853556485355648,0.0052083333333333,594.3382045929019,611.8487394957983,1.7849686847599164,0.0021574973031283,532.7934782608696,659.9698924731183,1.6478260869565218,0.0071614583333333,577.3718791064389,558.4554973821989,0.9671484888304862,0.0089766606822262,817.1739130434783,1141.9565217391305,6.365942028985507,0.0069832402234636,845.9463276836158,682.5210084033613,3.689265536723164,0.0029761904761904,1855.1834319526629,1076.9277108433737,13.988165680473372,0.0090991810737033,609.9137614678899,646.2132352941177,2.7137614678899085,0.0218446601941747,296.0024813895782,288.8089330024814,0.7890818858560794,0.0796019900497512,786.8709677419355,885.8695652173913,3.623655913978496,0.0241730279898218,1068.44908616188,622.5,7.493472584856397,8,0,0,0.09176242960798109
218,202503,7,0,0.010250569476082,842.0437788018434,751.0344827586207,2.552995391705069,0.0096525096525096,744.3798751950078,648.58924395947,2.514040561622465,0.0357142857142857,2124.1802911534155,1904.5444319460069,5.35498320268757,0.0025210084033613,882.2508417508418,794.0640809443507,2.04040404040404,0.0053908355795148,731.5962059620596,710.0813008130082,0.6395663956639567,0.0189873417721519,1893.6134094151207,1571.2391930835736,7.477888730385164,0.0185567010309278,586.8466947960619,583.5983263598326,2.3375527426160336,0.0049916805324459,748.0936454849499,760.5351170568562,3.729096989966555,0.0376569037656903,770.4347826086956,688.2782608695652,0.8869565217391304,0.0234192037470726,1540.5288461538462,1152.0574162679425,8.701923076923077,0.0163468372423596,697.163531114327,918.7012987012988,1.4515195369030391,0.0107941403238242,736.2056074766355,826.9890795631825,2.32398753894081,0.0025987525987525,428.00834202294055,567.75,0.5422314911366006,0.0116713352007469,1119.2507068803015,1089.5454545454545,3.599434495758718,0.0018239854081167,1618.8371454711803,1547.7372262773722,2.637694419030192,0.0396988364134154,1068.1022727272727,851.931330472103,2.1818181818181817,0.002909796314258,580.7665369649806,597.5486381322958,1.0894941634241244,0.0048661800486618,526.9117647058823,611.560975609756,1.5637254901960784,0.0258751902587519,1129.084375,929.33125,1.54375,0.0147446024223275,595.187165775401,786.7307692307693,1.6577540106951871,0.0042553191489361,725.4358974358975,715.7948717948718,1.9230769230769231,0.0078575170246202,626.1668426610348,661.4572333685322,1.7159450897571278,0.0073868882733148,762.4118738404453,886.7910447761194,2.9461966604823746,0.0072239422084623,862.4178794178794,1051.7775467775468,2.193347193347193,0.0051599587203302,984.3513513513514,607.0807453416149,1.471933471933472,0.001068376068376,853.9,805.2903225806451,1.6148936170212769,0.0045543266102797,675.7441253263707,514.5549738219895,1.9530026109660568,0.0106951871657754,495.4347826086956,972.6881720430108,1.4891304347826086,0.0055325034578146,620.8072625698323,600.831024930748,2.022346368715084,0.002932551319648,753.5294117647059,931.4117647058824,1.7176470588235293,0.0064161319890009,839.097966728281,946.4088397790056,1.1423290203327172,0.016867469879518,744.9680589680589,520.5354523227384,1.1867321867321867,0.0451388888888888,868.3636363636364,803.1272727272727,1.6981818181818182,0.0064350064350064,2247.74025974026,1440.6201550387598,7.405194805194805,1,0,0,0.08625371396547399
219,202503,8,0,0.0040927694406548,490.6849315068493,553.6438356164383,4.8931506849315065,0.0739827373612823,2563.5403011514613,2191.887900355872,8.87333923826395,0.0088028169014084,584.5184743742551,839.7176470588236,2.1513706793802148,0.000943396226415,484.21252371916506,451.2406015037594,3.38899430740038,0.0063211125158027,1143.2722646310433,681.8320610687023,6.262086513994911,0.008382229673093,569.6355932203389,562.9629005059022,3.26271186440678,0.0090386195562859,386.6827242524917,385.43046357615896,3.0514950166112955,0.0182481751824817,1058.5666666666666,510.8955223880597,5.033333333333333,0.0266666666666666,383.11009174311926,209.8454545454545,2.477064220183486,0.0104166666666666,785.7657657657658,714.3975903614457,2.0870870870870872,0.023462783171521,1274.8013245033112,1127.0646766169154,6.2135761589403975,0.0024958402662229,597.68,703.0717863105175,2.7416666666666667,0.0077021822849807,532.140625,504.2159383033419,1.79296875,0.0094246031746031,587.8078078078078,585.4509018036072,3.073073073073073,0.0030911901081916,894.5030991735537,807.9214064115822,2.90599173553719,0.0194704049844236,546.9585987261147,351.7131537242472,2.918789808917197,0.0132860938883968,814.9910554561717,1157.6216216216217,4.78175313059034,0.0144,1083.7857142857142,963.7012987012988,3.909090909090909,0.0252525252525252,642.048275862069,637.993079584775,2.3482758620689657,0.0070967741935483,406.9090909090909,359.6879063719116,2.103896103896104,0.001088139281828,311.5835140997831,391.7724288840263,1.1800433839479392,0.0215686274509803,269.008,293.09236947791163,2.365333333333333,0.0161453077699293,414.74743326488704,445.8196721311475,4.728952772073922,0.0309023485784919,944.9488491048594,1241.2213740458014,2.731457800511509,0.0092272202998846,775.939534883721,745.5944055944055,2.765116279069768,0.0025380710659898,820.6405063291139,737.4552429667519,2.5493670886075948,0.0091923834537097,622.0132450331126,500.5305039787799,2.196026490066225,0.0215264187866927,401.2048192771084,546.9322709163347,2.835341365461848,0.0032733224222585,443.921568627451,817.0297029702971,3.343137254901961,0.0017035775127768,432.6962457337884,422.2525597269624,1.8532423208191129,0.0017467248908296,557.2534965034965,648.0210157618213,2.547202797202797,0.0095693779904306,460.0481927710844,481.2227602905569,1.1879518072289157,0.0059523809523809,520.2380952380952,385.30120481927713,6.821428571428571,0.0,788.3408071748879,516.322869955157,1.8699551569506727,8,0,0,0.06265183501174887
220,202503,9,0,0.0355097365406643,934.0760095011876,894.8693586698337,4.634204275534442,0.0222049084534476,957.8092209856916,863.3386581469648,2.9721780604133547,0.0101713062098501,550.3322510822511,560.0432432432433,2.075757575757576,0.0073170731707317,945.0769230769232,907.5737704918032,4.448445171849428,0.0155440414507772,1599.5931758530185,1399.9472295514513,7.826771653543307,0.0057265569076592,1053.5605187319884,783.1079136690647,4.955331412103747,0.0095108695652173,647.4986263736264,450.4931506849315,5.763736263736264,0.0131362889983579,947.6966666666668,533.421926910299,6.16,0.0093023255813953,201.53703703703704,81.14285714285714,3.851851851851852,0.0012391573729863,973.8118811881188,720.2985074626865,5.816831683168317,0.0257839721254355,868.068669527897,942.7467811158798,4.28898426323319,0.001547987616099,888.1757387247278,927.0788253477588,3.087091757387247,0.0086382113821138,1058.3446502057614,1039.1828396322778,3.0,0.010658016682113,488.01973684210526,637.5910364145658,2.656015037593985,0.0045641259698767,589.5809698078682,628.1801470588235,2.683440073193047,0.0143638850889192,1066.1936376210235,765.3760445682451,4.500691562932227,0.0037278657968313,2024.0449438202247,2097.196261682243,10.99063670411985,0.0025773195876288,859.3298969072165,1007.8756476683938,5.025773195876289,0.0298953662182361,866.7692307692307,746.1111111111111,3.889230769230769,0.0048648648648648,556.0912052117263,486.9782608695652,3.495114006514658,0.0068201193520886,463.3734939759036,689.486301369863,1.5215146299483648,0.0128,361.1663066954644,475.9783783783784,2.8855291576673867,0.0090991810737033,570.0609981515712,598.3576642335767,4.133086876155268,0.0092307692307692,795.6316872427983,850.875,3.316872427983539,0.0151975683890577,1012.5430327868852,751.2396694214876,6.051229508196721,0.0042462845010615,746.0535331905782,604.8407643312102,4.265524625267666,0.0057070386810399,1689.923664122137,1257.7749360613811,7.790076335877862,0.016453382084095,940.0664206642066,1013.4831460674158,4.206642066420664,0.0055865921787709,925.4410112359552,791.4606741573034,4.25,0.0057971014492753,397.1929824561403,538.6046511627907,2.611111111111111,0.0070484581497797,2009.7513321492008,1663.404255319149,6.156305506216697,0.0049566294919454,417.405,567.3449131513647,0.6925,0.0111317254174397,1115.4135338345864,863.1460674157304,5.327067669172933,0.0053908355795148,918.9130434782608,696.8108108108108,3.9565217391304346,1,0,0,0.12199723049627065
221,202503,10,0,0.0091533180778032,684.6712962962963,525.6221198156682,3.1319444444444446,0.0084713130535232,623.8720930232558,719.2996108949417,1.0651162790697677,0.012534059945504,604.8136714443219,549.414364640884,1.703417861080485,0.0048504446240905,720.9902755267423,656.28664495114,2.047001620745543,0.0120481927710843,1096.2255434782608,1068.972972972973,2.8994565217391304,0.0035587188612099,930.6461318051576,921.880341880342,1.7578796561604584,0.0047716428084526,474.28669410150894,304.2681258549932,1.9218106995884767,0.0049833887043189,861.3023255813954,655.5704697986578,3.5514950166112955,0.0480349344978165,483.0550458715596,473.9449541284404,0.8440366972477065,0.001194743130227,803.9140811455848,550.0719424460432,3.486873508353222,0.0035893754486719,353.94812680115274,489.3371757925072,1.19164265129683,0.0161166538756715,982.0155763239876,1204.03125,3.546728971962617,0.0035569105691056,676.8369011213048,814.8367346938776,1.7757390417940877,0.0078341013824884,322.1477695167286,377.8272980501393,1.503717472118959,0.0054869684499314,429.77184912603497,588.9705882352941,1.2888684452621897,0.0123626373626373,717.8180555555556,638.3565459610028,1.647222222222222,0.0086872586872586,1409.4522417153996,1404.2801556420234,5.491228070175438,0.0024509803921568,566.3054187192118,767.2058823529412,1.061576354679803,0.0121028744326777,444.8742331288344,399.8165137614679,1.2576687116564418,0.0047293746715712,324.181626187962,355.6916578669483,1.3759239704329462,0.0025273799494524,296.9594594594595,421.3175675675676,1.7364864864864864,0.0031413612565445,283.3333333333333,331.2,1.3825995807127882,0.010091743119266,364.22222222222223,459.18367346938777,2.338888888888889,0.0031023784901758,585.1958333333333,486.5309917355372,1.6145833333333333,0.022517911975435,670.3778705636744,582.3529411764706,1.9331941544885176,0.0042283298097251,430.4458598726115,521.4012738853503,1.3524416135881103,0.0026109660574412,1078.7984293193715,877.0680628272252,4.356020942408377,0.0125,565.7454545454545,631.726618705036,2.487272727272728,0.011049723756906,604.7170868347339,748.0779944289693,2.117647058823529,0.0043290043290043,283.41329479768785,265.4651162790698,1.682080924855491,0.0037071362372567,1622.5121495327105,1520.3333333333333,5.755140186915888,0.0048840048840048,276.11764705882354,208.8992628992629,1.4730392156862746,0.0110294117647058,885.0557620817843,903.7918215613385,2.884758364312268,0.0050314465408805,955.5949367088608,973.939393939394,1.759493670886076,8,0,0,0.05690224723112269
222,202503,11,0,0.0047562425683709,270.9352517985611,258.42857142857144,2.760191846522782,0.0056383407168747,395.40113452188007,462.65587044534414,1.2406807131280388,0.0035046728971962,747.0340375586854,608.07962529274,3.771126760563381,0.0072859744990892,385.6764168190128,311.6022099447514,2.2998171846435103,0.0088495575221238,179.8720238095238,329.2857142857143,1.0238095238095235,0.0075585789871504,314.30687022900764,381.2082066869301,2.145038167938931,0.009090909090909,361.0581929555896,399.2977099236641,2.670750382848392,0.0193321616871704,562.6272401433691,510.752688172043,3.254480286738352,0.0,273.32758620689657,314.48275862068965,0.853448275862069,0.0495391705069124,389.126213592233,279.6610169491525,2.8567961165048543,0.0023715415019762,240.1907790143084,294.4075829383886,1.1128775834658189,0.0056224899598393,272.8158319870759,312.9886914378029,2.583198707592892,0.0065681444991789,294.6416758544653,453.5022026431718,0.5622932745314223,0.0020523345305284,242.7170781893004,312.2096608427544,2.289094650205761,0.0087762067284251,470.3032384690873,424.2603550295858,2.093228655544652,0.0080527086383601,380.60088365243007,335.2366863905325,1.759941089837997,0.0089730807577268,358.2696177062374,397.30382293762574,0.8450704225352113,0.0106241699867197,257.8552278820375,370.3225806451613,1.021447721179625,0.0245098039215686,348.3612040133779,530.738255033557,1.4882943143812708,0.0100354191263282,505.8820023837902,426.2291169451074,3.168057210965435,0.0019980019980019,231.48,344.3687374749499,3.182,0.0082938388625592,227.61336515513128,311.9138755980861,1.850835322195704,0.0158102766798418,344.2168674698795,239.15662650602408,2.070281124497992,0.0046620046620046,312.26635514018693,430.4225352112676,1.4906542056074767,0.0103567318757192,254.5767441860465,342.8372093023256,1.5023255813953489,0.0011574074074074,306.338747099768,296.94444444444446,1.3665893271461718,0.0007496251874062,313.359820089955,225.40540540540545,1.3868065967016492,0.0077071290944123,338.988326848249,441.1627906976744,1.206225680933852,0.0014947683109118,294.8686567164179,292.7927927927928,1.853731343283582,0.004885993485342,687.5409836065573,709.4117647058823,4.865573770491803,0.0021505376344086,262.5,360.9051724137931,1.4655172413793105,0.0051150895140664,372.0514138817481,303.172236503856,1.012853470437018,0.0038910505836575,255.05882352941177,533.2295719844358,1.0470588235294118,0.0012642225031605,314.88607594936707,278.43037974683546,1.0936708860759494,8,0,0,0.05514300928070459
223,202503,12,0,0.0081871345029239,427.8541176470589,485.3900709219858,2.287058823529412,0.011204481792717,536.9457489878542,512.0873786407767,2.2,0.010332950631458,677.8524970963996,673.0011587485516,2.4111498257839723,0.0042992261392949,378.4006908462867,399.0673575129534,2.369602763385146,0.0072254335260115,354.54651162790697,371.5451895043732,0.752906976744186,0.0037397157816005,211.61169415292355,364.69172932330827,1.424287856071964,0.0081360946745562,415.8837555886736,594.179104477612,2.7138599105812222,0.008695652173913,779.5122807017544,428.6315789473685,2.592982456140351,0.0,1895.920634920635,1580.5079365079366,0.8333333333333334,0.0144578313253012,392.0487804878049,301.1764705882353,2.8804878048780487,0.0030651340996168,413.17972350230417,549.876923076923,1.5791090629800306,0.0119236883942766,472.48470209339774,517.427652733119,2.045088566827697,0.0016474464579901,250.77092511013217,340.02197802197804,0.5781938325991189,0.009327442317133,252.64158415841584,420.8333333333333,1.5821782178217825,0.0018894662257912,521.3611374407583,461.2287334593573,2.38957345971564,0.0078796561604584,246.30057803468208,245.36796536796533,1.6676300578034682,0.0040201005025125,302.31451612903226,644.2424242424242,0.9153225806451613,0.0,502.03753351206433,414.8525469168901,1.2546916890080428,0.0569230769230769,319.1530944625407,340.7843137254902,0.986970684039088,0.027840909090909,884.9040935672515,623.9719626168225,3.237426900584796,0.00484496124031,464.7953216374269,485.6031128404669,2.2358674463937622,0.0087565674255691,1530.9799054373525,1063.8028169014085,4.455082742316785,0.0117531831537708,492.0238095238095,604.990099009901,2.5357142857142856,0.0089686098654708,294.06108597285066,300.53846153846155,1.9230769230769231,0.0122358175750834,190.1711711711712,194.32432432432432,1.6193693693693694,0.0,338.289592760181,316.0180995475113,1.3009049773755657,0.0064377682403433,270.9928057553957,258.4149855907781,1.2402877697841728,0.0038167938931297,243.4351145038168,288.0,2.572519083969466,0.0014641288433382,424.4985337243402,663.6950146627566,2.3548387096774195,0.0063593004769475,777.6996805111821,674.6153846153846,2.8594249201277955,0.0020942408376963,185.53459119496856,225.7563025210084,0.989517819706499,0.0038809831824062,274.9818181818182,259.6363636363636,1.0,0.0038535645472061,218.22393822393823,320.4651162790698,1.498069498069498,0.0,262.38578680203045,233.75634517766497,1.0862944162436547,8,0,0,0.08983630878966453
224,202503,13,0,0.0102974828375286,627.1736111111111,724.4341801385681,2.3819444444444446,0.012677679600461,840.1236391912909,856.588785046729,1.9237947122861587,0.0141304347826086,1411.5870044052865,1475.826710816777,3.952643171806167,0.008,495.9967689822294,595.7487922705315,2.7463651050080777,0.0013210039630118,669.2592592592592,593.015873015873,0.9656084656084656,0.0049857549857549,445.9570200573066,280.9442060085837,1.174785100286533,0.0147551978537894,717.3042291950886,620.1358695652174,2.5470668485675305,0.0032840722495894,854.6600660066007,628.6184210526316,2.6303630363036303,0.0353356890459364,1275.5839416058395,1025.9558823529412,1.8248175182481752,0.0059665871121718,654.5192307692307,676.2589928057554,3.418269230769231,0.0064285714285714,526.0143884892086,726.551724137931,1.3942446043165468,0.0183206106870229,381.4867807153966,515.8320373250389,2.56298600311042,0.0055471507816439,468.4263959390863,553.1914893617021,0.9441624365482234,0.0073529411764705,459.73425925925926,653.3333333333334,1.9407407407407409,0.0036363636363636,582.9123287671233,616.9553327256153,1.7835616438356163,0.0129781420765027,680.4792243767313,701.5767634854772,1.443213296398892,0.0019138755980861,338.3429118773946,572.130518234165,1.293103448275862,0.0012048192771084,692.0987951807228,682.463768115942,1.1975903614457832,0.1238223418573351,533.6932515337423,690.4615384615385,0.98159509202454,0.0317708333333333,1213.1621911922664,1143.75,4.203007518796992,0.0076142131979695,2419.7610921501705,1962.930153321976,3.953924914675768,0.0088819226750261,940.2739726027396,1025.6962025316457,2.546891464699684,0.0156106519742883,824.3283582089553,684.6268656716418,3.57089552238806,0.0061538461538461,533.1030927835052,421.456611570248,1.8082474226804124,0.0212981744421906,414.0869565217391,306.597510373444,1.575569358178054,0.0021551724137931,531.5280172413793,482.7272727272728,1.3728448275862069,0.0026058631921824,639.6078431372549,782.7415143603133,2.500653594771242,0.0161290322580645,438.54545454545456,472.55474452554745,2.7163636363636363,0.0083217753120665,495.97206703910615,391.93277310924367,2.184357541899441,0.0014513788098693,1072.5,1037.093023255814,4.165697674418604,0.0063463281958295,483.3114754098361,526.8372943327239,1.3916211293260474,0.0347222222222222,274.35971223021585,342.5035971223021,1.2470023980815348,0.0127041742286751,827.8228782287823,1168.3516483516485,1.3431734317343174,0.0050441361916771,317.6649746192893,240.0,0.7309644670050761,10,0,0,0.08235815916384193
225,202503,14,0,0.0114025085518814,490.0783410138249,506.46651270207855,2.7995391705069124,0.341541413495363,1055.9698443579766,1193.831231813773,4.248054474708171,0.0579399141630901,1170.6996587030717,1027.0410490307868,2.9897610921501707,0.0338582677165354,969.0114379084968,787.7073170731708,4.351307189542483,0.033722438391699,899.3833780160858,1101.9354838709678,1.1072386058981234,0.0147783251231527,515.8660968660969,606.1031518624642,1.7236467236467237,0.0074880871341048,731.5315068493151,651.1813186813187,2.4383561643835616,0.0148026315789473,488.0267558528428,359.8,2.859531772575251,0.0068728522336769,762.4375,555.0,1.4513888888888888,0.0451911935110081,610.2189781021898,432.20338983050846,3.683698296836983,0.0666666666666666,898.486646884273,861.044776119403,2.078635014836795,0.0338855421686747,621.7503900156006,570.9345794392524,4.015600624024961,0.0185836263184329,587.766393442623,506.87116564417175,1.214139344262295,0.0565866908103214,829.8861244019139,882.4302213666988,3.336842105263158,0.0173674588665447,858.1987000928505,905.703634669152,2.522748375116063,0.0779639175257732,563.9386331938633,523.6134453781513,1.7852161785216178,0.0426716141001855,479.43520309477753,614.7961165048544,0.781431334622824,0.0294117647058823,683.8481012658228,781.8136020151134,1.9113924050632911,0.0870185449358059,732.4528301886793,538.695652173913,2.10062893081761,0.0239209568382735,1134.673796791444,1195.7961783439491,3.419251336898396,0.0183028286189683,1058.5135135135135,1067.5510204081634,3.5320945945945947,0.0365667851701371,1485.8262711864406,1303.189926547744,4.314618644067797,0.0449339207048458,646.3106617647059,608.1111111111111,2.761029411764706,0.1100658513640639,846.1353065539112,843.169133192389,3.496828752642706,0.0337078651685393,550.253164556962,454.3220338983051,2.833333333333333,0.0099778270509977,1369.829977628635,1170.4035874439462,8.63758389261745,0.0077922077922077,617.4901960784314,618.8728702490171,1.376470588235294,0.0230905861456483,471.8681318681319,568.8086642599278,2.230769230769231,0.0309973045822102,676.304469273743,501.9390581717452,3.170391061452514,0.0029455081001472,1464.035294117647,1296.320474777448,3.4705882352941178,0.0073193046660567,429.2472324723247,467.292817679558,1.3025830258302582,0.0402843601895734,537.0965346534654,569.9679802955665,0.8910891089108911,0.0443262411347517,607.9037037037037,683.8661710037175,2.185185185185185,0.0113350125944584,421.83673469387753,312.67175572519085,0.8775510204081632,10,0,0,0.13199809145066677
226,202503,15,0,0.1136950904392764,5488.479651162791,2944.561403508772,7.52906976744186,0.0330820770519263,1966.9705117085864,1865.0865051903115,2.785776235906331,0.0097254004576659,1141.8034682080925,974.6882217090068,3.116763005780347,0.0382608695652173,1421.971119133574,1384.7826086956522,4.314079422382672,0.0287769784172661,2163.091133004926,2263.960396039604,3.7413793103448274,0.0256198347107438,1300.955631399317,1164.8903878583474,2.9402730375426622,0.0096540627514078,1051.6406504065042,789.6428571428571,4.009756097560976,0.0268817204301075,1861.2967032967035,1400.2222222222222,2.765567765567765,0.0357142857142857,396.36567164179104,253.6764705882353,1.6492537313432836,0.044862518089725,1466.2839879154078,1380.9118541033436,3.096676737160121,0.0775795190069821,2245.915966386555,2522.222222222222,5.573109243697479,0.065625,1486.8456375838923,1514.8,3.624161073825504,0.0890292935094773,2530.791718946048,2408.727503168568,7.316185696361355,0.075208913649025,1076.454271356784,1240.2577733199598,2.6733668341708543,0.0137638962413975,4088.702150537634,3333.504823151125,4.26236559139785,0.050735294117647,1760.3947368421052,1654.5116279069769,3.4195046439628483,0.0026572187776793,1427.8267857142855,1402.5795053003533,2.2410714285714284,0.0211480362537764,1484.953560371517,1166.953846153846,3.455108359133127,0.0345394736842105,1713.2448979591836,1517.8156996587031,3.251700680272109,0.0194968553459119,1026.5511508951406,1024.092664092664,1.9526854219948848,0.0083594566353187,889.7684210526315,958.6075949367088,2.463157894736842,0.0817073170731707,1000.5298013245032,1008.2556591211718,2.4596026490066225,0.0616822429906542,1189.003984063745,1066.3745019920318,5.223107569721115,0.0427135678391959,3627.737532808399,3816.220472440945,11.412073490813649,0.0209059233449477,1839.428571428572,1686.099290780142,2.914285714285714,0.0025380710659898,1938.748091603053,2025.9338422391857,3.312977099236641,0.0209790209790209,1637.966189856957,1648.3268482490273,2.725617685305592,0.0345489443378119,1406.7729083665338,1557.6190476190477,3.0717131474103585,0.0111287758346581,1829.8658146964856,992.0388349514564,4.533546325878595,0.0017182130584192,1244.6724137931035,1114.639175257732,3.3655172413793104,0.0307820299500831,1744.9399656946828,1730.4123711340203,1.5506003430531732,0.0077419354838709,921.4559585492228,966.2950391644908,1.2253886010362691,0.0277777777777777,1141.2244897959183,893.8775510204082,4.546938775510204,0.0,1274.2857142857142,785.1502145922747,2.783549783549784,7,0,0,0.4151999761367897
227,202503,16,0,0.0745762711864406,3989.046454767726,2710.9756097560976,3.7114914425427874,0.0502879078694817,1724.942649434572,1541.504854368932,1.4660743134087235,0.0312997347480106,1617.8455640744796,1380.3285870755751,1.6637458926615554,0.0304731355252606,1877.702479338843,1728.0794701986756,2.15702479338843,0.2684869169510808,5277.955974842767,6093.415384615385,8.11320754716981,0.1117886178861788,2756.046367851623,2629.0662650602408,4.183925811437404,0.0498670212765957,1653.2150837988827,1158.2608695652175,3.621508379888268,0.1167192429022082,3739.200704225352,3933.0434782608695,5.654929577464789,0.0150375939849624,539.6060606060606,333.2307692307692,1.7045454545454546,0.1590413943355119,3943.886597938144,2797.5,8.695876288659793,0.0946585530764029,2119.6071428571427,2481.589205397301,2.7797619047619047,0.1666666666666666,2895.172185430464,3187.208121827411,3.468543046357616,0.0961817303044949,3234.475374732334,3689.1666666666665,2.395074946466809,0.0420091324200913,1581.0306513409962,1683.6432637571158,2.46455938697318,0.058252427184466,2711.986829727188,2602.7450980392155,2.3010348071495765,0.0585432266848196,3224.852387843705,2694.884393063584,3.9218523878437046,0.037109375,5225.8234126984125,4719.336099585063,6.619047619047619,0.0718635809987819,1801.7142857142856,1631.7771883289124,1.6155844155844157,0.1,2736.8903225806453,2603.726688102894,1.7096774193548387,0.0970632155301144,1829.9911504424776,1613.4725274725274,1.907079646017699,0.0248927038626609,1849.6755319148936,1809.020979020979,2.48581560283688,0.0445168295331161,3185.2636363636366,2146.090909090909,5.939772727272727,0.1043405676126878,1670.112359550562,1577.699443413729,5.191011235955056,0.046,2396.6863157894736,2297.9123173277662,2.1389473684210527,0.2554922701383238,2871.8451327433627,2509.503239740821,2.519911504424779,0.0726538849646821,2111.543478260869,1959.1960784313728,2.217391304347826,0.0770252324037184,5290.398852223816,4487.965367965368,5.1018651362984215,0.2389649923896499,2710.0,2902.2580645161293,5.384920634920635,0.2177419354838709,3202.70796460177,3192.197058823529,5.775811209439528,0.1050531914893617,1698.7380952380952,1541.4836795252224,1.699404761904762,0.009794319294809,7225.82421875,6852.024048096192,15.595703125,0.0945330296127562,388.9621212121212,400.0827067669173,0.9090909090909092,0.0575139146567718,6849.9604743083,3809.4117647058815,18.47826086956522,0.0854922279792746,3517.840909090909,2945.254237288136,6.5,9,0,0,0.7805850610604612
228,202503,17,0,0.0203619909502262,1060.8505747126435,1009.2807424593968,5.00919540229885,0.0217391304347826,890.3138173302108,1050.747663551402,1.4028103044496487,0.0231930960086299,1163.5044150110375,1141.7237569060774,2.2428256070640176,0.023144453312051,901.5122349102774,1092.667757774141,2.267536704730832,0.0726114649681528,1352.6630434782608,1675.0,1.1684782608695652,0.0422730422730422,1164.7919655667145,1258.2481751824816,2.618364418938307,0.0221327967806841,877.7276478679505,678.5499316005472,3.887207702888584,0.0419354838709677,2041.830508474576,1720.5351170568565,3.315254237288136,0.0357142857142857,546.7919463087248,316.4054054054054,1.691275167785235,0.0763187429854096,1401.5942028985507,1333.3496332518337,2.9613526570048307,0.0302178496134926,781.5584415584416,1050.7423580786026,1.002886002886003,0.0586924219910846,916.6874003189791,904.21875,2.6874003189792663,0.038728897715988,1039.3769470404984,1048.4892086330935,0.9376947040498442,0.0232240437158469,1042.1425908667288,1137.5932835820895,2.583410997204101,0.0210008936550491,1127.4315693430658,1104.054794520548,2.091240875912409,0.0337154416722859,1106.888888888889,1340.061711079944,2.2916666666666665,0.0185546875,1463.6181818181817,1341.1196078431371,2.529292929292929,0.0296912114014251,932.4444444444443,1074.9029126213593,1.0790123456790124,0.0583090379008746,1014.8416149068324,1207.5925925925926,1.8416149068322984,0.0247422680412371,1235.649419218585,1263.5555555555557,3.599788806758184,0.0175585284280936,1918.4745762711864,1790.974358974359,3.840677966101695,0.0176623376623376,1507.1443624868282,1417.9617834394903,4.859852476290833,0.0385304659498207,1302.089552238806,982.7932960893854,6.561567164179104,0.0123076923076923,814.1387163561077,1053.99375,2.652173913043478,0.0465587044534413,1087.2926315789473,1202.5695931477517,2.0231578947368423,0.0094736842105263,1018.3262260127932,1034.6101694915253,1.5415778251599148,0.0153256704980842,1304.8634590377112,1433.9456662354464,1.3706111833550063,0.1056910569105691,1410.4379562043796,1632.608695652174,2.222627737226277,0.0495314591700133,732.7655367231638,815.7303370786517,2.2655367231638417,0.0501392757660167,1527.8211143695014,1276.8914956011731,7.794721407624634,0.0036429872495446,1337.5962962962965,1570.072202166065,2.477777777777778,0.0520951302378255,1224.571428571429,1211.357314148681,0.9857142857142858,0.0433996383363472,1531.4716981132076,1718.8636363636365,3.275471698113208,0.04406364749082,1207.46192893401,888.6821705426356,2.241116751269036,10,0,0,0.14312792306335986
229,202503,18,0,0.004750593824228,617.5263157894736,520.8571428571429,3.129186602870813,0.0285148514851485,1013.3800978792822,1089.6332518337408,2.092169657422512,0.072666294019005,1143.8140096618358,1028.158844765343,7.705314009661835,0.0089605734767025,739.5298372513562,735.1898734177215,2.1573236889692584,0.0014598540145985,339.9649122807017,615.2631578947369,1.154970760233918,0.0037965072133637,466.219512195122,510.2743902439024,2.582317073170732,0.0038022813688212,388.85496183206106,306.0458015267176,2.331297709923664,0.0071047957371225,675.2142857142857,417.4193548387097,3.903571428571429,0.0250783699059561,730.7402597402597,510.95541401273886,2.2857142857142856,0.0156062424969987,494.8166259168704,399.2700729927007,2.806845965770171,0.0316358024691358,593.0143540669857,557.1019108280254,1.6411483253588517,0.0056179775280898,449.9661290322581,376.5751211631664,2.411290322580645,0.0065970313358988,384.7566371681416,363.7873754152824,0.4435840707964602,0.0150943396226415,1574.2374179431072,1537.458926615553,9.7253829321663,0.0039215686274509,589.6568338249754,443.9408866995074,1.353982300884956,0.1390306122448979,504.2085798816568,469.0504451038576,1.7440828402366864,0.008,396.0965794768612,410.1818181818182,0.682092555331992,0.0,572.741935483871,441.3368983957219,1.1021505376344083,0.0637636080870917,275.43189368770766,265.5149501661129,1.4219269102990033,0.0228471001757469,651.8862275449102,597.4789915966387,2.1149700598802395,0.0079920079920079,584.1532258064516,677.0221327967807,1.8850806451612905,0.0112893642305407,605.0602409638554,551.8705035971223,2.193975903614458,0.019723865877712,1223.1843687374749,1040.4848484848485,6.529058116232465,0.0139049826187717,423.5801886792453,251.38173302107728,1.858490566037736,0.0069044879171461,379.0719257540603,601.8055555555555,1.7215777262180971,0.0011467889908256,394.8073394495413,541.2413793103449,1.0825688073394495,0.0022338049143708,386.3283582089553,333.85074626865674,0.8253731343283582,0.0038535645472061,319.4671814671815,441.86046511627904,1.8687258687258688,0.0133928571428571,280.85585585585585,203.0909090909091,1.996996996996997,0.0032948929159802,499.54276315789474,748.704318936877,2.0953947368421053,0.0115546218487394,267.78980891719743,361.6595744680851,1.3736730360934182,0.018796992481203,845.2378516624041,520.1020408163265,1.2813299232736572,0.0242537313432835,435.1145038167939,302.98850574712645,1.1106870229007633,0.0037831021437578,537.5634517766498,503.4848484848485,2.6319796954314723,8,0,0,0.09150568645463275
230,202503,19,0,0.0128504672897196,830.4964539007092,707.0616113744076,2.936170212765957,0.0841373986877653,1701.5741989881956,1604.139848357203,3.5008431703204046,0.0332207207207207,886.6239813736903,808.6713286713286,2.128055878928987,0.3037884203002144,1488.365503080082,1750.3490759753593,3.681724845995893,0.017094017094017,539.2398843930636,637.6744186046511,1.3526011560693645,0.0237918215613382,872.6524390243902,620.365296803653,1.8719512195121952,0.007868383404864,531.2301013024602,505.1724137931034,3.26917510853835,0.0256410256410256,537.0629370629371,215.49295774647888,5.730769230769231,0.003125,454.30817610062894,438.0,2.477987421383648,0.0376914016489988,943.2116788321168,818.128078817734,4.428223844282239,0.0468870099923136,823.864734299517,583.4248788368336,1.7793880837359095,0.0261697065820777,749.5114006514658,651.7915309446254,2.1221498371335503,0.0152256661228928,660.929203539823,502.8886438809261,0.6272123893805309,0.1456982274102896,776.3431174089069,732.085020242915,2.998987854251012,0.0338983050847457,3644.923,3200.924623115578,15.903,0.0691525423728813,707.433770014556,766.7055393586006,1.8107714701601163,0.0099601593625498,657.58953722334,507.4044265593561,0.9396378269617708,0.1279620853080568,906.6847826086956,733.8586956521739,1.8668478260869563,0.0405405405405405,1651.914893617021,1620.629370629371,9.620567375886525,0.0130533484676503,544.4965357967667,445.2920962199313,1.6963048498845266,0.0077896786757546,543.4251968503937,428.9236790606653,2.133858267716536,0.0378619153674833,764.3387470997679,707.9445727482679,5.005800464037123,0.0498120300751879,659.0513833992095,432.48514851485146,2.031620553359684,0.0997854077253218,1013.3166666666668,921.021479713604,4.511904761904762,0.0292524377031419,1552.1830357142858,974.5982142857144,6.435267857142857,0.0198135198135198,1128.9476190476191,1238.479809976247,3.197619047619048,0.0099928622412562,433.4870317002882,459.82683982683983,0.8717579250720461,0.0262172284644194,417.0114942528736,464.2471042471042,1.5019157088122606,0.0201149425287356,604.6988304093567,716.2941176470588,2.482456140350877,0.0,588.6687306501548,637.3374613003095,1.6408668730650156,0.0020491803278688,559.0819672131148,594.9382716049382,1.2540983606557377,0.01625,567.1142131979695,500.8371501272264,1.2791878172588833,0.0056710775047258,509.4296577946768,472.9277566539924,3.4486692015209126,0.0369913686806411,786.9053708439898,639.2307692307693,1.258312020460358,3,0,0,0.20082769757134356
231,202503,20,0,0.0213243546576879,1377.2752293577985,1538.9449541284405,5.408256880733945,0.0065764023210831,904.5151987529229,852.9338521400779,1.61730319563523,0.0081081081081081,707.9640522875817,667.5899672846238,2.224400871459695,0.0331230283911671,849.2771474878444,1148.6699507389162,1.8508914100486225,0.0013210039630118,882.8703703703703,919.3650793650794,1.8174603174603168,0.0254957507082152,961.177068214804,926.3755458515284,2.6574746008708274,0.01657824933687,719.1590296495957,586.5587044534414,3.8274932614555257,0.0049180327868852,705.3960396039604,525.1973684210526,3.9207920792079207,0.0743801652892562,1144.107142857143,776.2321428571429,3.169642857142857,0.0187793427230046,1600.2386634844868,1483.1654676258993,8.513126491646778,0.0044182621502209,705.0887573964498,784.3491124260355,1.5502958579881656,0.0061823802163833,925.0979782270608,919.2223950233282,3.3592534992223952,0.0055387713997985,682.2786220871327,675.5465587044534,1.3444782168186424,0.0186958504331965,545.422469823584,652.6325581395349,2.0204271123491178,0.0097951914514692,1440.3857271906052,1359.6956132497762,2.0749774164408312,0.0161182001343183,724.703146374829,770.4359673024524,2.3187414500684,0.0018957345971563,838.4421252371917,828.93536121673,1.74573055028463,0.0216867469879518,856.2162162162163,567.7037037037037,1.5626535626535627,0.0441826215022091,741.1076923076923,914.074074074074,1.716923076923077,0.0219052470708099,570.9510416666667,518.25,1.8302083333333328,0.0033783783783783,410.25380710659897,524.1086587436333,1.0964467005076142,0.0082219938335046,527.8134715025907,710.9222797927462,1.9181347150259067,0.0199095022624434,626.2509225092251,576.8207024029575,3.0129151291512914,0.00625,610.496855345912,736.8092243186583,1.981132075471698,0.0071138211382113,824.1844262295082,855.8282208588957,2.26844262295082,0.0032502708559046,924.6160520607376,917.6318082788672,1.5140997830802605,0.00834938985228,861.1168831168832,743.4108527131783,1.8623376623376624,0.0159574468085106,708.9928057553957,1623.4657039711192,5.758992805755396,0.0201612903225806,1002.521978021978,994.3561643835616,2.585164835164836,0.0027932960893854,337.3960674157304,358.659217877095,1.9325842696629207,0.0018264840182648,1040.14598540146,961.7614678899082,2.343065693430657,0.0144578313253012,534.5623471882641,652.2224938875306,0.9511002444987776,0.0108303249097472,3027.4725274725274,1256.0727272727272,7.732600732600733,0.015,916.4885496183206,882.8354430379746,2.867684478371501,8,0,0,0.05151665337392819
232,202503,21,0,0.0112866817155756,1131.3972602739725,952.191780821918,3.136986301369863,0.0058229813664596,612.7310398749023,707.2683307332293,1.2408131352619234,0.0103429504627109,448.8171806167401,553.3846153846154,1.9845814977973568,0.0024232633279483,429.52998379254456,402.13592233009706,1.6952998379254458,0.0,650.3280839895014,767.335092348285,0.84251968503937,0.0134751773049645,946.45558739255,967.3593073593072,2.5573065902578795,0.013531799729364,748.1304945054945,762.082191780822,3.315934065934066,0.0114942528735632,1051.7056856187291,1148.7128712871288,3.749163879598662,0.0368852459016393,809.9655172413793,745.5798319327731,1.293103448275862,0.0047449584816132,652.2673031026253,664.8571428571429,2.9021479713603817,0.0044247787610619,396.301775147929,587.9821958456973,1.0414201183431953,0.0031055900621118,599.626168224299,660.4672897196261,2.5514018691588785,0.0045408678102926,539.4243654822335,625.6275303643724,0.4446700507614213,0.0051282051282051,471.7687265917603,602.8142589118199,2.682584269662921,0.0017841213202497,628.3758928571428,673.2021466905188,2.561607142857143,0.0148048452220726,699.5320600272852,719.015047879617,1.5170532060027284,0.0019120458891013,701.0763358778626,1062.6923076923076,1.1927480916030535,0.0122399020807833,561.5880893300248,486.0891089108911,1.2133995037220844,0.0149253731343283,587.8181818181819,638.7272727272727,3.806060606060606,0.007265179034769,539.0522466039707,588.2635983263598,1.6489028213166144,0.0050335570469798,588.6677908937605,576.0202360876897,1.2023608768971332,0.0087764584408879,497.3305526590198,438.35587929240376,2.1418143899895723,0.0152466367713004,798.0762250453721,592.5411334552102,4.157894736842105,0.0113519091847265,630.6617954070981,562.2964509394573,1.7244258872651357,0.0050709939148073,523.0654396728016,498.4146341463415,1.6687116564417177,0.0042780748663101,587.203426124197,717.6724137931035,1.488222698072805,0.0006455777921239,688.796895213454,745.3161290322581,1.2483829236739974,0.0106951871657754,304.6159420289855,551.3978494623656,1.8768115942028984,0.0054495912806539,595.4931506849315,744.4931506849315,1.8821917808219173,0.005610098176718,490.7718309859154,492.3728813559322,1.6,0.0080862533692722,909.9132007233272,966.098003629764,1.8227848101265824,0.0098039215686274,684.4678217821782,732.0123762376238,0.5346534653465347,0.0073260073260073,1165.461254612546,1054.981549815498,4.623616236162362,0.005050505050505,3125.3299492385786,2424.6700507614214,4.345177664974619,8,0,0,0.03253647792312897
233,202503,22,0,0.0093582887700534,515.609756097561,479.8387096774193,3.3631436314363143,0.0025817555938037,476.7851596203624,476.427955133736,1.2528041415012945,0.0062785388127853,787.8140068886338,856.8275862068965,2.2916188289322617,0.0061565523306948,824.2539964476022,701.1640211640212,3.882770870337478,0.002436053593179,570.8731707317073,725.281173594132,1.1219512195121952,0.0042444821731748,463.22222222222223,553.3673469387755,1.7401709401709402,0.0209140201394268,420.0047543581617,805.8767772511849,2.491283676703645,0.0054744525547445,537.1532846715329,489.0774907749077,4.664233576642336,0.0292682926829268,911.19,598.7878787878788,2.74,0.0029761904761904,627.5820895522388,612.7164179104477,2.283582089552239,0.0085034013605442,488.1303602058319,573.9622641509434,1.214408233276158,0.0058187863674147,623.9598662207358,664.5150501672241,2.0618729096989967,0.0042501517911353,367.9120879120879,424.6041412911084,0.6043956043956044,0.003475670307845,485.6683266932271,544.7856430707876,2.185258964143426,0.005050505050505,463.589847715736,584.1015228426396,2.244670050761421,0.0117474302496328,561.0982142857143,606.4094955489614,1.5907738095238095,0.0008818342151675,470.4885361552029,894.5936395759717,1.250440917107584,0.0016155088852988,672.6213592233009,321.1650485436893,0.8964401294498382,0.024,246.0983606557377,409.1803278688525,1.521311475409836,0.0105590062111801,388.7766624843162,500.20100502512565,1.5984943538268508,0.0010548523206751,279.4503171247357,387.72151898734177,1.1733615221987317,0.0019342359767891,504.26356589147287,359.6124031007752,1.900516795865633,0.0009832841691248,551.434184675835,640.9467455621302,3.569744597249509,0.0076923076923076,486.3814432989691,430.0854922279793,1.5438144329896908,0.0109769484083424,441.9512195121951,404.26666666666665,1.3481152993348116,0.0012738853503184,434.54452926208654,298.46547314578004,1.5648854961832062,0.0063131313131313,505.8555133079848,599.9235668789809,1.1419518377693283,0.0117416829745596,203.0952380952381,451.54150197628456,1.75,0.0015748031496062,359.7507886435331,477.3501577287066,1.7444794952681388,0.0032626427406199,572.1437908496732,421.1803278688525,1.5784313725490196,0.0067226890756302,646.835593220339,680.8783783783783,1.4915254237288136,0.0012594458438287,553.7934508816121,524.9368686868687,0.5994962216624685,0.0159362549800796,397.7368421052632,313.60323886639674,1.9554655870445343,0.0020964360587002,292.65822784810126,350.2092050209205,1.080168776371308,8,0,0,0.022947753490094813
234,202503,23,0,0.006936416184971,608.5221445221446,650.9302325581396,4.228438228438228,0.0027667984189723,570.418253968254,547.790973871734,1.877777777777777,0.0100671140939597,581.0925507900678,726.6515837104073,1.7133182844243793,0.0256204963971176,904.095394736842,543.2512315270936,4.425986842105263,0.0051282051282051,603.259067357513,700.7692307692307,1.0466321243523315,0.0043541364296081,657.5510204081633,657.1137026239068,1.6807580174927117,0.0103092783505154,995.6329639889196,881.2813370473538,4.700831024930748,0.0198675496688741,868.6127946127946,599.7966101694915,2.757575757575758,0.0,963.9716981132076,699.4285714285714,0.4339622641509434,0.009840098400984,868.2178217821782,608.8279301745636,3.287128712871287,0.0051132213294375,677.7352941176471,696.158357771261,2.163235294117647,0.0015612802498048,510.7245696400626,615.28125,2.3114241001564944,0.0030581039755351,603.2339121552604,727.9836233367452,1.114402451481103,0.0227589410125406,559.1963775023833,527.0900473933649,2.938036224976168,0.0076645626690712,806.3711433756806,821.3284804367607,3.9446460980036298,0.0121539500337609,501.33469945355193,400.8864569083447,1.866120218579235,0.0027497708524289,572.6666666666666,720.9908256880734,1.5469613259668509,0.0091623036649214,1187.8100263852243,889.3650793650794,9.562005277044856,0.0137195121951219,765.5555555555555,889.5975232198142,5.487654320987654,0.0069817400644468,395.74054054054056,561.1688311688312,1.6032432432432433,0.0110076206604572,496.74657534246575,826.1301369863014,1.36986301369863,0.0075228371843095,508.12095032397406,485.47231270358304,1.7764578833693303,0.0117860380779691,694.3394833948339,460.948905109489,2.507380073800738,0.0041623309053069,1137.4905660377358,730.875,8.354297693920335,0.008080808080808,945.1219512195122,1069.9591836734694,3.863821138211382,0.0,581.7467811158798,565.0746268656717,2.160944206008584,0.0025268477574226,651.4367088607595,467.5285171102661,1.4493670886075949,0.0036630036630036,365.2080291970803,438.6666666666667,1.872262773722628,0.012396694214876,592.0779944289693,597.1508379888268,3.384401114206128,0.0014306151645207,365.3610315186247,554.785100286533,1.7593123209169057,0.011265164644714,996.6140350877192,899.6847635726795,2.136842105263158,0.0012755102040816,745.5230769230769,983.2061068702292,0.5205128205128206,0.0127272727272727,836.2361623616237,477.3529411764706,1.6051660516605166,0.0,539.1891891891892,481.9618528610354,0.9324324324324323,8,0,0,0.08655442578844963
235,202503,24,0,0.010158013544018,845.3439635535308,845.2054794520548,4.070615034168565,0.0058343057176196,559.7237871674491,603.8497652582159,2.251173708920188,0.0043668122270742,589.0581140350877,519.6699561403509,2.0723684210526314,0.0097165991902834,687.763458401305,580.6213114754098,3.5889070146818924,0.0039577836411609,997.9391534391534,905.0928381962864,3.936507936507936,0.0106990014265335,1432.8530259365994,1229.87012987013,6.795389048991354,0.0101351351351351,495.5361527967258,439.672131147541,3.1637107776261937,0.0149750415973377,1260.0,948.8513513513514,4.162162162162162,0.0583333333333333,1398.4778761061948,1121.9469026548672,3.079646017699115,0.0210772833723653,1081.578947368421,1038.9473684210527,4.19377990430622,0.0029542097488921,584.5333333333333,760.5333333333333,2.4044444444444446,0.0123076923076923,742.4470404984423,860.9345794392524,2.9299065420560746,0.0035389282103134,1018.7634517766496,1119.2494929006086,2.3532994923857866,0.0138248847926267,573.978484565014,575.2380952380952,2.122544434050514,0.0120320855614973,798.9250902527076,828.3678990081154,2.5812274368231045,0.0027359781121751,780.4115226337449,697.5308641975308,2.2647462277091908,0.0019230769230769,884.4903474903475,948.9230769230768,3.189189189189189,0.0073891625615763,630.1492537313433,567.3267326732673,2.3507462686567164,0.0192023633677991,530.1027190332326,712.072072072072,2.054380664652568,0.0067885117493472,229.5781741867786,552.6448893572182,1.3095487932843652,0.0067114093959731,535.7432432432432,655.1351351351351,0.8125,0.0041666666666666,316.8475991649269,364.2138364779874,1.2828810020876826,0.0082342177493138,525.9042357274401,582.2550831792976,2.43646408839779,0.0073298429319371,668.7906976744187,745.218947368421,2.7843551797040167,0.0111336032388663,675.2151639344262,604.9079754601227,1.9754098360655736,0.0,677.0879828326181,531.2633832976445,1.976394849785408,0.0038709677419354,1155.0972762645915,1005.0970245795602,1.9974059662775616,0.0107334525939177,480.8079710144928,720.8664259927798,1.7246376811594204,0.0081855388813096,482.04683195592287,577.7472527472528,2.5289256198347108,0.0042016806722689,336.67605633802816,356.96629213483146,1.4028169014084506,0.0332749562171628,1180.867513611615,1150.9584086799275,2.411978221415608,0.0026041666666666,556.5078125,506.8586387434555,0.8177083333333334,0.0127970749542961,1154.6125461254612,940.817843866171,3.616236162361624,0.0037831021437578,806.7341772151899,771.493670886076,1.9493670886075949,8,0,0,0.042269673552131515
236,202503,25,0,0.0058616647127784,496.7825059101655,481.2705882352941,3.0685579196217496,0.005225080385852,970.375,1077.9595141700404,5.774193548387097,0.0086157380815623,619.8511627906977,502.933025404157,1.7244186046511627,0.0036003600360036,595.6756756756756,387.0652173913044,2.1135135135135137,0.0043478260869565,558.304347826087,453.3333333333333,1.298550724637681,0.0038372985418265,457.4475308641975,349.5692307692308,2.2453703703703702,0.007183908045977,385.1509433962264,411.3419913419913,1.81422351233672,0.0089605734767025,379.27797833935017,163.47826086956522,3.433212996389892,0.0717299578059071,653.4818181818182,366.54545454545456,2.827272727272727,0.009685230024213,612.3529411764706,638.3414634146342,2.605392156862745,0.0096930533117932,439.187908496732,523.5830618892509,1.841503267973856,0.0064360418342719,487.09886547811993,333.49514563106794,2.5688816855753647,0.0060373216245883,462.9139072847682,372.7292817679558,0.6501103752759382,0.0050994390617032,303.5533880903491,387.8812691914022,2.0236139630390144,0.0028708133971291,500.1677852348993,546.5129682997118,1.9434324065196549,0.0064748201438848,570.8031837916063,444.4347826086956,1.8248914616497829,0.0009900990099009,803.2400793650794,1410.6534653465346,2.5396825396825395,0.0026954177897574,637.5202156334232,362.6016260162602,2.452830188679245,0.0112721417069243,457.0358306188925,498.371335504886,1.996742671009772,0.0034822983168891,281.9511059371362,317.06293706293707,1.6519208381839348,0.0009950248756218,215.72709163346613,257.68924302788844,0.5976095617529881,0.0069565217391304,285.4035087719298,239.020979020979,2.467836257309941,0.0029615004935834,340.9624505928854,254.16666666666663,2.114624505928853,0.0059101654846335,653.1686460807601,398.1428571428572,2.4156769596199523,0.0044345898004434,438.7082405345212,337.1492204899777,2.1358574610244987,0.0,642.6550925925926,379.9071925754061,1.4560185185185186,0.003690036900369,423.6444444444445,366.0444444444444,1.357037037037037,0.0038387715930902,441.94594594594594,391.1538461538461,1.416988416988417,0.0,447.88461538461536,306.7857142857143,1.801775147928994,0.0015552099533437,664.1121495327103,526.7289719626168,1.707165109034268,0.0080645161290322,517.6422764227642,607.6829268292682,3.644308943089431,0.0026246719160104,464.2178477690289,415.3588390501319,0.9002624671916011,0.0149253731343283,555.6818181818181,245.9090909090909,3.2045454545454546,0.0025252525252525,560.3544303797469,303.0379746835443,1.4354430379746836,8,0,0,0.04907433861466726
237,202503,26,0,0.0069930069930069,455.2037470725995,395.54117647058825,3.159250585480094,0.0044534412955465,727.1554109031733,665.9512195121952,2.129373474369406,0.0113571834185122,370.0379310344828,454.7187141216992,1.486206896551724,0.0017331022530329,358.35243055555554,448.75,1.6979166666666667,0.0056497175141242,379.3011363636364,388.29545454545456,1.2613636363636365,0.0037735849056603,439.5658093797277,402.65705614567526,1.5627836611195158,0.0219702338766832,875.3323657474601,920.1447178002894,5.013062409288825,0.0121317157712305,652.6573426573426,335.49295774647885,3.1713286713286712,0.0484581497797356,947.824074074074,601.6666666666666,3.305555555555556,0.0072289156626506,491.1864406779661,339.2700729927007,3.0048426150121066,0.0023790642347343,344.06995230524643,554.0222575516693,2.901430842607313,0.0016142050040355,496.5242718446602,403.3279483037157,2.411003236245955,0.0043691971600218,386.92535675082325,526.4473684210526,0.7716794731064764,0.0063976377952755,411.5855588526212,358.8690476190476,1.967359050445104,0.004614674665436,467.7708719851577,502.6320667284523,1.923933209647496,0.0056777856635912,489.4728571428572,538.2025677603424,1.6442857142857144,0.0069033530571992,425.7242063492063,392.6838966202784,1.3948412698412698,0.0,365.1576086956522,529.4021739130435,1.5733695652173914,0.037037037037037,257.88461538461536,352.5,2.352564102564102,0.022982062780269,340.6169724770642,582.9161882893226,1.817660550458716,0.0049115913555992,240.71146245059288,475.6213017751479,1.1462450592885376,0.0051694428489373,1394.322505800464,807.3103448275862,4.776102088167053,0.0155490767735665,284.8816568047337,396.99604743083006,2.3155818540433923,0.001150747986191,424.9447004608295,329.4447004608295,1.8202764976958523,0.0043103448275862,370.1298701298701,407.4025974025974,1.5692640692640694,0.0022727272727272,272.50456621004565,492.1295454545455,1.4269406392694064,0.0042462845010615,317.1914893617021,305.8119658119658,1.2,0.0056710775047258,310.90909090909093,446.3358778625954,1.7386363636363635,0.0029027576197387,392.4052478134111,477.7325581395349,2.0699708454810497,0.0061162079510703,481.84615384615387,628.0615384615385,1.5015384615384617,0.0187932739861523,296.66599597585514,376.8484848484849,1.392354124748491,0.0039840637450199,514.2586666666666,502.72,1.4293333333333331,0.0075901328273244,511.0344827586207,568.6259541984733,2.042145593869732,0.0012674271229404,385.4314720812183,236.8020304568528,1.3477157360406091,8,0,0,0.03992500481782313
238,202503,27,0,0.0045454545454545,744.3835616438356,771.3698630136986,4.751141552511416,0.0249615975422427,624.1457840819543,693.4015748031496,2.215130023640662,0.0027233115468409,342.1744820065431,377.00218818380745,1.4841875681570338,0.005595523581135,444.1658615136876,457.17495987158907,2.2995169082125604,0.0105124835742444,369.3351063829787,598.8859416445623,0.9069148936170212,0.0057183702644746,603.1551724137931,625.294964028777,2.0948275862068964,0.0073825503355704,534.4776725304465,632.8378378378378,2.480378890392422,0.0016611295681063,569.9003322259136,459.0,4.568106312292358,0.017391304347826,906.8407079646016,802.8318584070796,0.7345132743362832,0.0011961722488038,671.7703349282297,708.6330935251799,3.6818181818181817,0.0404542228530872,404.2899408284024,436.42011834319527,2.411242603550296,0.001556420233463,491.1591263650546,404.018691588785,2.3806552262090483,0.0055387713997985,474.5344129554656,512.887537993921,0.5668016194331984,0.0091743119266055,524.368177613321,623.6329935125116,1.7983348751156336,0.0008944543828264,617.3413978494624,423.2200357781753,1.6738351254480286,0.0040567951318458,538.6141304347826,368.14111261872455,1.638586956521739,0.0202764976958525,1217.4952919020716,1093.872180451128,6.890772128060264,0.0037406483790523,507.2319201995013,639.7989949748744,1.5336658354114714,0.0193740685543964,372.9483282674772,465.41033434650456,2.325227963525836,0.0107747562852745,452.7385892116183,501.8464730290456,2.240663900414938,0.0016820857863751,361.1111111111111,501.1467116357504,1.4814814814814814,0.0056613484302624,593.6091003102379,589.4300518134716,3.1489141675284387,0.010091743119266,344.13197026022306,368.3179297597042,2.29182156133829,0.015511892450879,435.9432773109244,433.9915966386554,2.1281512605042017,0.0071065989847715,487.439672801636,366.13496932515335,1.7975460122699387,0.0,470.765864332604,543.6681222707424,1.7461706783369804,0.0070876288659793,300.85603112840465,325.1688311688312,0.914396887159533,0.0071428571428571,260.09712230215825,291.15107913669067,1.971223021582733,0.0013623978201634,529.0958904109589,544.4021739130435,1.832876712328767,0.0013966480446927,426.4677871148459,458.8826815642458,1.2857142857142858,0.0325704225352112,581.9963570127504,479.6727272727273,1.493624772313297,0.0012562814070351,647.9022556390977,489.54545454545456,1.9423558897243107,0.0108695652173913,581.7582417582418,815.1648351648352,1.8168498168498168,0.0025188916876574,465.6060606060606,350.7575757575757,1.2474747474747474,8,0,0,0.02651105056089542
239,202503,28,0,0.0135287485907553,847.865296803653,657.9405034324943,2.817351598173516,0.040137614678899,702.1815286624204,682.3266932270916,2.0238853503184715,0.0092592592592592,684.0297029702971,611.1428571428571,1.5126512651265127,0.0207336523125996,960.1178396072012,822.3987034035656,5.366612111292962,0.0052083333333333,668.7225130890052,729.2670157068063,0.7879581151832461,0.0091678420310296,696.3929078014185,519.6857142857143,2.946099290780142,0.0068027210884353,411.8285322359396,496.2517099863201,2.982167352537723,0.0016778523489932,420.0,729.8327759197324,3.043918918918919,0.0084745762711864,403.2586206896552,245.364406779661,0.75,0.0187134502923976,632.36276849642,474.1428571428572,4.102625298329356,0.0538243626062322,1240.1793721973097,1228.8755622188903,6.174887892376682,0.0015552099533437,697.8164852255054,708.6739469578783,2.0062208398133747,0.0045385779122541,516.9979716024341,418.2388663967611,0.5750507099391481,0.0196167883211678,524.193488372093,603.3519553072625,2.067906976744186,0.0084182543198936,1917.720142602496,1574.6774193548388,6.268270944741533,0.0108181203515889,790.5034106412005,949.4794520547944,2.0804911323328787,0.0152091254752851,732.0732177263969,678.3365570599614,1.0635838150289016,0.0012484394506866,700.65,838.2,1.69,0.0191740412979351,1054.1506024096386,1501.981981981982,2.3704819277108435,0.0098547717842323,357.4591194968553,485.4659685863874,1.7054507337526206,0.0033755274261603,430.9644670050761,679.9322033898305,1.3401015228426396,0.0072314049586776,541.0010427528675,600.3115264797508,2.091762252346194,0.0170556552962298,387.6,515.6697247706422,2.2854545454545456,0.0093071354705274,781.7745302713987,740.1670146137787,2.6659707724425887,0.0110441767068273,642.5963488843813,667.9268292682926,2.1926977687626774,0.0021299254526091,769.6361702127659,778.8436830835118,1.4382978723404256,0.0076972418216805,514.4631306597671,520.8527131782946,0.9728331177231564,0.010752688172043,488.7272727272728,508.59205776173286,1.8145454545454545,0.0094722598105548,537.5342465753424,498.9645776566758,1.904109589041096,0.0070126227208976,696.0734463276837,483.89830508474574,1.807909604519774,0.0211640211640211,612.5513513513514,695.4594594594595,1.6126126126126126,0.0158924205378973,399.7636815920398,353.5732009925558,1.0472636815920398,0.01985559566787,663.9852398523985,486.1764705882353,3.4464944649446494,0.0062972292191435,780.4580152671756,595.9090909090909,2.692111959287532,8,0,0,0.04825931087359003
240,202503,29,0,0.0093959731543624,1246.3478260869565,634.0540540540541,9.138586956521738,0.0385429902583651,777.4201235657546,727.7572559366755,2.998234774933804,0.0068532267275842,763.5523590333717,713.2413793103449,2.013808975834292,0.0294117647058823,812.0257826887661,698.6813186813187,3.1068139963167587,0.002436053593179,864.2116788321168,694.5588235294117,1.4574209245742094,0.0025359256128486,750.7877758913413,674.1116751269036,2.1765704584040746,0.0015698587127158,363.7165354330709,442.6059654631083,2.4236220472440944,0.0018315018315018,1452.1648351648353,840.2205882352941,4.201465201465202,0.0434782608695652,476.6363636363636,472.77777777777777,1.323232323232323,0.0044182621502209,1142.7218934911243,645.9763313609468,3.07396449704142,0.0236686390532544,480.9358752166378,570.5190311418685,1.824956672443674,0.0025083612040133,659.8996655518395,687.1260504201681,2.252508361204013,0.0048721071863581,541.6217870257038,505.4100367197062,0.7246022031823746,0.0104373757455268,991.4387550200804,936.4221105527638,4.946787148594377,0.0111392405063291,688.6786079836234,724.8565573770492,2.0204708290685773,0.0175054704595186,704.4213649851632,490.4309063893016,1.629080118694362,0.0053475935828877,1107.5179856115108,1263.428571428571,5.071942446043166,0.004885993485342,426.0983606557377,564.9019607843137,1.1770491803278689,0.0129449838187702,623.0196078431372,831.5131578947369,1.630718954248366,0.0105067985166872,387.2044887780549,421.8773466833542,1.8927680798004989,0.002127659574468,454.5415778251599,527.3347547974414,1.4818763326226012,0.0031989763275751,550.6017925736236,454.05405405405406,2.057618437900128,0.0087463556851311,331.5909980430528,452.770137524558,2.847358121330724,0.0077519379844961,677.148051948052,607.5195822454308,2.348051948051948,0.0066152149944873,724.0514541387024,538.6784140969163,1.834451901565996,0.0,771.3540051679587,744.1538461538462,2.751937984496124,0.0037807183364839,621.9216182048041,659.3164556962025,1.338811630847029,0.009765625,564.901185770751,590.7874015748032,1.5770750988142292,0.00920245398773,664.276923076923,632.1495327102804,1.8,0.001639344262295,480.39473684210526,782.5573770491803,1.9144736842105263,0.0208159866777685,826.3180272108843,1110.3061224489795,2.7993197278911564,0.0064102564102564,652.3933161953728,512.3678756476684,1.7737789203084833,0.0078740157480314,595.7312252964427,479.2828685258964,3.33201581027668,0.002092050209205,1051.2605042016808,695.3974895397489,4.319327731092437,8,0,0,0.03280830543664237
241,202503,30,0,0.0383663366336633,2797.214285714286,2167.4805194805194,5.471938775510204,0.114275009366804,1831.147083685545,1503.9627434377646,7.008453085376162,0.0230078563411896,1180.360599078341,1050.1718213058418,2.8859447004608296,0.0618971061093247,2271.149405772496,1756.712802768166,4.247877758913413,0.1419975932611311,3085.38,2871.5702479338843,7.08,0.080338266384778,2496.3784615384616,1439.2519083969466,3.249230769230769,0.0082474226804123,1095.0747922437672,914.3134535367544,3.0581717451523547,0.0572831423895253,2901.706896551724,1839.44055944056,3.582758620689656,0.0523809523809523,367.41,156.4848484848485,0.41,0.0758459743290548,2168.832487309645,1815.3768844221104,2.4289340101522843,0.0498945888966971,1584.2666666666669,1539.4387001477105,2.442962962962963,0.0441736481340441,1639.5732484076434,1513.77990430622,3.173566878980892,0.037943085371942,1725.426501035197,1595.6503642039545,2.491718426501035,0.0931593159315931,1920.185443668993,1766.3833992094862,4.3399800598205385,0.0392873458200091,3111.1746931067046,2703.1609195402298,8.220018885741265,0.0364618501012829,2624.057422969188,1996.4936886395512,4.917366946778712,0.0407747196738022,5121.248953974896,5051.922246220302,25.19665271966528,0.0487483530961791,1366.2952646239555,1311.7355371900826,1.8802228412256268,0.0674486803519061,2824.93670886076,2732.4375,11.50632911392405,0.0326831839746968,1306.2361262241568,1152.4454148471616,2.461371055495104,0.0094745908699397,1579.3414211438476,1284.607329842932,2.9878682842287696,0.0436590436590436,2985.244831338411,1919.6091205211728,5.498367791077258,0.060931899641577,947.0655105973024,929.0359168241966,2.934489402697495,0.0348101265822784,1912.90590809628,1503.6659388646287,5.2319474835886215,0.1022304832713754,4145.2515463917525,2350.10395010395,20.23711340206185,0.0130010834236186,2205.438325991189,2077.5207877461708,5.616740088105727,0.0186855670103092,3428.87714663144,2814.5169712793736,6.364597093791281,0.2845849802371542,1785.6190476190477,2108.8888888888887,2.4761904761904763,0.143018018018018,1956.976501305483,1719.047619047619,3.569190600522193,0.0213371266002844,1360.640579710145,1346.938775510204,2.0608695652173914,0.0176908752327746,5453.1178707224335,4656.294896030246,21.039923954372625,0.0357142857142857,917.253846153846,850.6870229007634,1.5435897435897437,0.0279232111692844,2619.8478260869565,1985.1245551601423,6.706521739130435,0.038821954484605,1750.7402234636872,1159.8333333333333,4.572625698324022,9,0,0,0.5444325964227555
242,202503,31,0,0.1364175563463819,3816.527173913044,2622.1666666666665,11.315217391304348,0.0562951692658805,1556.0226171243942,1376.138374899437,1.617124394184168,0.0154100165107319,994.2544642857144,1059.171332586786,2.359375,0.0294117647058823,1716.227495908347,1557.7377049180327,2.3960720130932898,0.2258823529411764,5183.960960960961,4652.307692307692,4.858858858858859,0.1479013990672884,3525.0890625,2884.225352112676,3.8984375,0.0187667560321715,1130.5558583106267,775.972602739726,2.7861035422343323,0.2250755287009063,3183.515625,2897.0428015564203,8.453125,0.0458715596330275,753.0096153846154,625.9615384615385,1.2403846153846154,0.26321036889332,3279.349593495935,3112.5405405405404,12.840108401084011,0.0609929078014184,1966.3842662632376,1872.579185520362,2.534039334341906,0.199585635359116,2625.649152542373,2331.669595782074,3.9745762711864407,0.1267738883632923,4115.498378378378,3965.4071661237786,5.341621621621622,0.0446131941148552,1771.65873015873,1793.1522388059702,7.873015873015873,0.0794254330376003,1847.3737373737367,1488.165137614679,2.266299357208448,0.0818242790073776,2443.7818448023427,2043.061224489796,2.5183016105417275,0.0325972660357518,5022.833702882484,4869.594882729211,6.2682926829268295,0.0528255528255528,1748.6387434554974,1663.8046272493573,3.141361256544503,0.0746054519368723,1663.28173374613,1532.0496894409937,1.6253869969040249,0.0283505154639175,1474.3642172523962,1256.384778012685,3.9148029818956336,0.0093856655290102,1402.0998278829604,1433.0689655172414,3.5920826161790016,0.0464535464535464,1662.319749216301,1130.2941176470588,4.03030303030303,0.1043859649122807,1387.5,1041.5717092337918,5.2890625,0.0590631364562118,2168.698481561822,2059.0302375809933,2.8177874186550977,0.2273476112026359,2842.769230769231,2533.7531914893616,2.4786324786324787,0.092079207920792,1730.011013215859,1734.0388768898488,1.7599118942731278,0.0465901417960837,5092.744318181818,4238.728813559322,3.984375,0.2644873699851411,3454.0963855421687,3916.829268292683,13.82730923694779,0.1956756756756756,2149.243902439024,3300.16,5.417344173441735,0.1564039408866995,2042.9420289855072,1962.0,7.788405797101449,0.022,5752.739307535641,5160.0,5.570264765784114,0.0452322738386308,1148.043701799486,968.1326530612243,2.1491002570694087,0.058,2970.6329113924053,2875.128205128205,14.80168776371308,0.2342135476463834,2877.454545454545,2656.379821958457,19.49090909090909,5,0,0,0.7620430562216955
243,202504,1,0,0.0768277571251549,762.9755434782609,562.1220159151194,3.777173913043478,0.0212254705646776,871.8879803761242,839.3120393120394,2.642681929681112,0.0262707024557395,958.0223004694836,758.4056271981243,4.293427230046948,0.0294117647058823,941.6058394160584,745.1756007393716,3.793795620437957,0.0643356643356643,1289.240356083086,1172.8915662650602,3.27893175074184,0.0573343261355175,638.5738993710692,603.5238095238095,2.3647798742138364,0.0149359886201991,486.5629522431259,494.6974063400576,3.600578871201158,0.0738255033557047,1127.3381818181815,1041.0108303249096,3.352727272727273,0.1008403361344537,942.373831775701,560.7476635514018,1.2990654205607477,0.0807381776239907,746.4661654135339,703.7185929648241,2.588972431077694,0.0227450980392156,547.4641148325359,780.0,2.9138755980861246,0.0634184068058778,774.0435510887772,795.0488599348535,2.6867671691792294,0.0607476635514018,962.1648106904232,921.4050493962678,1.0824053452115814,0.0306716023268112,1414.412213740458,1014.67903930131,9.410032715376229,0.0365910143584993,999.5984630163304,932.0500481231952,2.7473583093179634,0.0793010752688172,705.4832605531295,704.4509516837481,1.880640465793304,0.0151057401812688,1191.1905737704917,1553.265306122449,1.588114754098361,0.0257801899592944,531.8105849582173,677.2144846796657,1.4233983286908078,0.054628224582701,724.9903536977492,626.5384615384615,3.260450160771704,0.0098265895953757,785.4481955762515,662.8103044496487,3.590221187427241,0.0136852394916911,1003.2142857142856,674.019801980198,3.892857142857143,0.0240825688073394,606.0634547591069,529.3537015276146,4.151586368977673,0.0458624127617148,645.2192066805845,652.7196652719665,4.649269311064718,0.032,511.2329411764706,511.563981042654,2.1788235294117646,0.0881763527054108,610.1315789473684,626.431718061674,1.9583333333333333,0.0251716247139588,837.7552447552448,477.5886524822695,5.081585081585081,0.0191625266146203,1142.0869565217392,1421.1849710982658,8.630434782608695,0.0744680851063829,795.7471264367816,823.2183908045977,2.5977011494252875,0.0456323337679269,637.6548913043479,696.7582417582418,1.9809782608695647,0.1057827926657263,960.1898734177216,625.6603773584906,6.439873417721519,0.0084299262381454,712.8166311300639,1073.135593220339,2.3347547974413647,0.0133511348464619,446.5189189189189,260.0081300813008,1.0135135135135136,0.0283018867924528,1101.8823529411766,970.6153846153846,3.376470588235294,0.1146953405017921,819.516129032258,739.5121951219512,1.3709677419354838,1,0,0,0.14174038392175015
244,202504,2,0,0.0789149198520345,1203.467741935484,800.32,4.405913978494624,0.1209372637944066,3330.587734241908,2729.427083333333,12.256388415672912,0.0284414106939704,1553.8165887850466,1399.0140845070423,5.15303738317757,0.1371428571428571,2295.2685714285712,2191.253759398496,6.514285714285714,0.0841248303934871,2067.682492581602,1559.112426035503,4.70919881305638,0.0603384841795437,1085.8582677165357,1090.6542056074766,2.1826771653543307,0.0248051027639971,913.3056768558952,831.2046444121916,3.283842794759825,0.0457516339869281,1979.795221843004,1071.340206185567,2.9215017064846416,0.0598290598290598,688.2181818181818,598.3636363636364,1.3272727272727274,0.1038812785388127,1639.1326530612246,1438.320610687023,4.209183673469388,0.0437405731523378,1592.9952681388013,1452.1135646687696,3.2129337539432177,0.0658404337722695,1444.0082236842106,1592.5083612040137,5.28125,0.0406761753829899,1165.2277227722773,931.7530319735392,2.295929592959296,0.3923052664774519,1261.2879417879417,1082.8901554404144,3.4251559251559254,0.1172222222222222,8303.026634382566,5613.577981651376,13.548426150121063,0.0356363636363636,2575.2190332326286,1971.2349397590365,11.922960725075528,0.0459540459540459,1531.458158995816,1436.9811320754718,2.485355648535565,0.1726954492415402,1652.5280898876404,1686.2889518413597,3.353932584269663,0.1208267090620031,2719.0510948905107,2533.1182795698924,8.514598540145986,0.0318080357142857,1117.0957324106114,745.5069124423964,3.820069204152249,0.0242718446601941,1260.8333333333333,1010.1796407185628,4.940476190476191,0.1019467213114754,989.0721649484536,714.2727272727273,3.211912943871707,0.2417061611374407,1095.6576200417535,802.952182952183,5.622129436325679,0.1212458286985539,2139.535433070866,2039.090464547677,10.31496062992126,0.0853788687299893,2379.710144927536,1620.9480812641084,6.333333333333333,0.0457746478873239,2361.0669975186106,2899.9024390243903,6.116625310173697,0.0393103448275862,1466.8103448275865,1171.506456241033,2.94683908045977,0.1042735042735042,1311.9847328244275,1639.6946564885495,4.026717557251908,0.0326530612244898,1434.902857142857,1256.842105263158,3.357142857142857,0.0197869101978691,1049.5327102803735,921.1764705882352,3.4890965732087227,0.0159235668789808,1011.5301724137933,957.537796976242,2.1961206896551726,0.0323450134770889,708.5861111111111,513.608938547486,1.7361111111111112,0.0311355311355311,1274.5454545454545,743.0943396226415,3.0568181818181817,0.0901339829476248,1560.9549071618037,1159.945945945946,2.1007957559681696,3,0,0,0.3892825847348631
245,202504,3,0,0.0519323671497584,935.2608695652174,866.0406091370559,6.751918158567775,0.1632363378282469,1798.4611443210931,1498.2813816343723,3.5798462852263024,0.0432692307692307,1232.907158836689,1073.7792642140469,4.656599552572707,0.0646153846153846,1031.4484451718497,860.3305785123966,2.711947626841244,0.056338028169014,1811.7018970189704,1448.1521739130435,3.3441734417344176,0.0564242012236573,1394.325681492109,1101.273516642547,3.606886657101865,0.0269736842105263,917.3685636856368,904.6153846153846,2.4579945799458,0.0985074626865671,1223.1229235880398,972.4752475247524,6.465116279069767,0.0166666666666666,699.9830508474577,558.8135593220339,0.8728813559322034,0.1349628055260361,1824.4117647058824,1314.9753694581282,4.502450980392157,0.0649717514124293,1307.0196671709532,1265.2488687782804,3.363086232980333,0.1154121863799283,1388.2761437908496,1105.3697749196142,3.7826797385620914,0.0452533202164289,1360.8838643371018,1218.8429752066115,2.469681397738952,0.1532392026578073,2429.3277886497062,1976.047197640118,4.728962818003914,0.0594015185350602,1812.959024390244,1701.09158186864,2.9385365853658536,0.0728218465539661,1247.682892906815,1237.4257425742574,3.753824756606398,0.0579981290926099,1638.593253968254,2134.3538767395626,3.1746031746031744,0.0455665024630541,1539.7943444730076,1377.5129533678758,2.311053984575836,0.0910364145658263,1149.039755351682,1609.3788819875776,1.908256880733945,0.0338383838383838,861.4472309299896,905.2092050209204,2.636363636363636,0.0214876033057851,1349.035532994924,1191.602023608769,5.617597292724196,0.1829929137140475,764.6326530612245,692.8163265306123,2.369387755102041,0.2311178247734139,1495.984251968504,1286.8235294117646,3.517716535433071,0.093167701863354,3179.8819599109133,3914.608899297424,12.57683741648107,0.0753623188405797,1677.926530612245,1589.935760171306,3.2387755102040816,0.0185387131952017,1471.0,1302.351230425056,2.150110375275938,0.0176879343019583,1312.5964010282776,1125.4826254826255,1.5719794344473008,0.1114649681528662,1031.0613718411553,1204.4839857651243,3.2129963898916967,0.042079207920792,1184.9923076923078,1260.625,2.6923076923076925,0.0222531293463143,904.0509915014164,748.6285714285714,2.8243626062322944,0.0120147874306839,1171.8616822429906,1086.8539325842696,2.547663551401869,0.0290037831021437,494.3082901554404,525.0520833333334,1.5259067357512954,0.039076376554174,1885.5149253731345,1340.4395604395604,7.626865671641791,0.0292620865139949,1135.421052631579,941.3577023498694,4.502631578947368,7,0,0,0.2414833586738777
246,202504,4,0,0.02460024600246,571.178391959799,588.7594936708861,2.020100502512563,0.0667433831990794,2706.949794238684,1962.4137931034484,9.820576131687243,0.0093048713738368,1204.5870044052865,1033.9024390243903,3.013215859030837,0.0182684670373312,1067.6012965964344,953.6995153473345,3.304700162074554,0.0168612191958495,1485.820580474934,1178.9445910290235,2.5171503957783643,0.0090403337969401,661.5997210599721,702.1186440677966,2.4797768479776847,0.0054458815520762,711.9437585733882,761.8852459016393,1.9931412894375853,0.032983508245877,1161.3084112149534,1361.851851851852,3.3738317757009346,0.0350877192982456,169.28440366972478,90.27027027027027,1.3027522935779816,0.0137614678899082,1202.9302325581396,905.0232558139536,4.051162790697674,0.0260680666183924,1452.6923076923076,1033.8116591928251,2.9334319526627217,0.0256603773584905,1226.390357698289,1053.7962962962963,3.161741835147745,0.012569130216189,1043.394495412844,993.997965412004,1.801223241590214,0.0222652468538238,2053.497522299306,1502.670623145401,7.004955401387512,0.0147965474722564,1160.4708333333333,1176.6917293233082,3.408333333333333,0.0414746543778801,774.1381668946649,627.3931034482758,2.4186046511627906,0.0110998990918264,1379.977412731006,1338.133874239351,2.537987679671458,0.0074257425742574,1568.55,1223.2835820895525,4.03,0.0245664739884393,1433.3709198813056,1085.680473372781,4.943620178041543,0.0077559462254395,979.9635416666666,898.1856100104276,2.9625,0.0058626465661641,3130.118043844857,2756.7676767676767,4.134907251264756,0.040737148399612,979.5929292929292,870.1214574898786,2.308080808080808,0.0698529411764705,885.4772277227722,988.0374753451676,3.091089108910891,0.0443101711983887,1509.602536997886,1525.9663865546215,5.118393234672304,0.0202117420596727,2006.848722986248,1394.6168958742633,7.159135559921414,0.0010526315789473,2369.685534591195,2460.966101694916,14.20754716981132,0.0101522842639593,1450.8951406649617,1067.120822622108,2.0690537084398977,0.0471380471380471,974.0925266903914,1050.5263157894738,2.409252669039146,0.0212234706616729,925.9158163265306,710.0510204081633,2.885204081632653,0.0028169014084507,1146.4225352112676,964.5892351274788,2.4591549295774646,0.0222634508348794,1737.142857142857,1166.4272211720229,2.725714285714285,0.0267639902676399,989.4775,845.85,2.0,0.0233812949640287,645.3874538745388,798.0882352941177,2.014760147601476,0.015,893.9440203562341,973.6708860759494,2.1908396946564888,7,0,0,0.1868004178165672
247,202504,5,0,0.0205761316872428,1225.0640668523677,1038.7605633802816,5.857938718662953,0.3026467203682393,4540.881906825569,3263.2625698324023,6.580715059588299,0.060128429655575,907.8802992518704,893.9851485148515,2.9825436408977555,0.0306306306306306,1061.5642458100558,1116.8460111317254,3.340782122905028,0.0567200986436498,1565.9402597402598,1386.0,1.7402597402597402,0.015625,817.003355704698,683.9600665557405,2.8758389261744965,0.0146379044684129,572.666144200627,398.003120124805,2.9184952978056424,0.0511182108626198,1137.922558922559,1086.2626262626263,3.1481481481481484,0.0255102040816326,676.8247422680413,555.3191489361702,1.288659793814433,0.0364145658263305,1096.5697674418604,925.1162790697674,4.718023255813954,0.1309341500765696,2240.035523978685,2625.8391608391607,4.0284191829484906,0.0453020134228187,1386.7411971830986,1054.1052631578948,2.9119718309859155,0.0184523809523809,1280.0729040097206,1428.0145278450364,1.5419198055893073,0.0318809776833156,904.5176211453744,834.0262582056893,3.4284140969162995,0.0235131396957123,1095.7865911237016,1010.2549575070822,2.440982058545798,0.0342565597667638,1024.4009077155824,745.3012048192771,2.972768532526475,0.0678733031674208,1551.419417475728,1846.6019417475727,2.584466019417476,0.0398671096345514,1913.5640138408305,1453.9100346020762,4.27681660899654,0.040880503144654,850.5245901639345,1149.049180327869,2.301639344262295,0.0222634508348794,635.9518987341772,563.5145385587864,2.175949367088608,0.0149094781682641,839.0909090909091,1056.1555075593951,3.272727272727273,0.0865051903114186,577.4715549936789,420.4539722572509,2.147914032869785,0.0591286307053941,655.0,616.4966740576497,2.5285087719298245,0.0809768637532133,3631.5266106442577,3168.268156424581,21.03921568627451,0.0526315789473684,1335.5553191489362,1672.274678111588,3.1106382978723404,0.0238095238095238,1413.5681233933162,1594.3076923076924,4.4524421593830334,0.0120865139949109,1299.1741935483872,1204.6272493573265,1.9212903225806448,0.070110701107011,930.1394422310756,1036.8379446640315,3.1115537848605577,0.0290697674418604,1012.089552238806,674.9549549549549,3.2507462686567163,0.0081967213114754,788.046204620462,700.9271523178808,1.907590759075908,0.0135256988277727,1245.915596330275,1237.9234972677596,2.108256880733945,0.0248138957816377,511.1497461928934,480.0,1.0634517766497462,0.0079207920792079,1042.32,728.8446215139443,3.228,0.0102880658436214,980.9128630705394,793.0,1.2116182572614107,6,0,0,0.21415704856662832
248,202504,6,0,0.0188679245283018,692.9335038363172,835.8354755784062,2.363171355498721,0.0402366863905325,1347.2875,1161.508515815085,3.2941666666666665,0.0246085011185682,857.2297142857143,927.8941311852705,1.7737142857142858,0.0071942446043165,952.1027287319422,710.5008077544427,2.5698234349919744,0.0826140567200986,2106.118598382749,2055.7640750670244,2.4932614555256065,0.0217543859649122,855.3008595988539,704.3103448275862,2.808022922636104,0.0176510522742701,476.4019337016575,379.7510373443984,3.422651933701657,0.0148809523809523,1207.1114457831325,1065.4545454545455,3.283132530120482,0.0379146919431279,554.9313725490196,410.2079207920792,0.9509803921568628,0.0410958904109589,1323.723150357995,1022.4228028503564,5.384248210023866,0.0679809653297076,1452.069970845481,1400.14598540146,3.846938775510204,0.0524425287356321,1545.1424242424243,1200.7283763277694,2.690909090909091,0.1811989100817438,4325.886338797815,4569.864864864865,17.15191256830601,0.0162561576354679,713.2607823470411,690.536,2.340020060180541,0.0095002065262288,1252.8220551378447,1120.9159034138218,3.0693400167084377,0.0095238095238095,1166.7105624142662,850.4814305364512,3.5665294924554183,0.0228353948620361,1307.02140077821,1355.0877192982457,1.7704280155642025,0.0359897172236503,1360.212765957447,1271.8716577540106,2.9680851063829787,0.0564971751412429,1433.1736526946108,1310.6586826347304,2.0179640718562872,0.0138814735718099,805.6399132321042,823.6540540540541,2.6995661605206074,0.0084388185654008,815.0596252129471,932.0408163265306,3.0255536626916526,0.0288065843621399,654.7936507936508,616.288441145281,1.838095238095238,0.0356798457087753,900.9076305220884,654.0239043824702,2.2951807228915664,0.0162932790224032,1686.2556701030928,1807.392931392932,4.624742268041237,0.0555555555555555,1572.7365384615384,1521.4700193423598,2.6865384615384613,0.0051867219917012,1336.6939203354298,1144.454356846473,2.0251572327044025,0.0093867334167709,1388.3544303797469,1265.5989911727618,2.140506329113924,0.0570934256055363,1192.7737226277372,1444.2066420664207,2.452554744525548,0.031210986267166,1084.3488372093022,853.1105398457584,3.3359173126614987,0.0084745762711864,801.0626780626781,1074.871794871795,1.911680911680912,0.0179856115107913,1495.5063985374773,1253.7247706422015,2.223034734917733,0.0117340286831812,587.7989417989418,526.7368421052631,0.783068783068783,0.0285204991087344,758.4615384615385,458.38235294117646,1.9267399267399268,0.0269922879177377,1032.4137931034484,832.578947368421,1.9893899204244032,7,0,0,0.1820845905515147
249,202504,7,0,0.0485436893203883,2675.860050890585,1849.4117647058824,5.1679389312977095,0.0055379746835443,876.6666666666666,814.2583732057416,2.346825396825397,0.0113821138211382,505.9934210526316,547.7631578947369,1.6754385964912282,0.011801730920535,1104.8966613672496,826.7942583732057,2.422893481717011,0.0283505154639175,1885.989417989418,1697.0744680851064,3.611111111111111,0.0241379310344827,906.3734087694484,902.8813559322034,2.644978783592645,0.0140562248995983,556.7462686567164,550.8423913043479,4.012211668928087,0.0250737463126843,1595.4545454545455,1249.667673716012,3.9696969696969697,0.0544871794871794,1166.2905405405406,875.3265306122449,2.2635135135135136,0.0552486187845303,1587.5524475524476,1417.605633802817,4.31934731934732,0.0145560407569141,934.5132743362832,1000.3846153846154,3.3171091445427727,0.0409057706355003,1712.8252279635258,1781.1297709923665,4.738601823708207,0.068359375,2257.02025586354,2512.453608247423,3.909381663113008,0.0170648464163822,465.2524752475247,553.2405566600397,2.26039603960396,0.0062163282221301,1199.0875729774812,948.0900750625522,3.45954962468724,0.0087542087542087,1237.7706919945726,1247.9183673469388,2.4396200814111264,0.0081218274111675,1210.6755646817248,1316.3265306122448,2.7186858316221767,0.0160098522167487,954.95,891.4285714285714,3.5825,0.0257879656160458,808.8352941176471,984.8823529411764,2.8088235294117645,0.0062047569803516,480.28229166666665,566.1954261954262,2.4375,0.0066334991708126,426.2103505843072,484.5075125208681,1.747913188647746,0.0161209068010075,634.9591836734694,593.7718396711202,2.477551020408163,0.0279922779922779,437.4155069582505,263.92857142857144,2.210735586481113,0.0061287027579162,1079.7300613496932,934.0929752066116,3.29243353783231,0.046382189239332,1326.0818713450292,1273.3980582524273,2.9005847953216373,0.0041450777202072,740.7588357588357,729.625,2.139293139293139,0.0095785440613026,1543.9588688946014,1278.8602846054334,6.111825192802057,0.053781512605042,690.1067615658363,872.1276595744681,3.5516014234875444,0.0311332503113325,991.275064267352,1380.9254498714654,3.426735218508997,0.0151098901098901,665.5,613.5376044568245,2.0083798882681565,0.0256645279560036,1434.5442561205273,1435.93984962406,2.994350282485876,0.0126903553299492,358.7474226804124,321.38461538461536,0.8144329896907216,0.01985559566787,720.6617647058823,572.5461254612546,2.1948529411764706,0.006265664160401,785.6060606060606,695.0629722921915,1.6035353535353536,11,0,0,0.10513429638485661
250,202504,8,0,0.0104031209362808,1160.5104712041884,757.0448548812665,6.709424083769633,0.0049504950495049,473.5,374.5273631840796,1.345771144278607,0.0054844606946983,336.120245398773,418.0905752753978,1.7766871165644171,0.0027958993476234,388.89925373134326,332.4719101123595,2.404850746268657,0.0325925925925925,857.5153374233129,1010.8256880733944,2.0061349693251533,0.0242468772961058,975.1204819277108,829.3373493975904,3.066265060240964,0.0114204139900071,691.4833574529667,617.8962536023055,4.140376266280753,0.0294117647058823,1291.888178913738,1001.0828025477708,4.485623003194888,0.0288461538461538,812.2105263157895,733.5099337748344,2.5,0.033603707995365,964.7596153846154,745.4066985645933,4.038461538461538,0.0166270783847981,638.7211538461538,530.2912621359224,2.206730769230769,0.0228198859005704,577.0250417362271,619.3,2.8747913188647747,0.0112866817155756,678.0342857142857,899.3842645381984,0.7245714285714285,0.0223404255319148,462.4466230936819,425.0869565217391,2.074074074074074,0.003668042182485,571.1059907834101,407.4816176470589,2.2110599078341013,0.0072463768115942,952.7444933920704,749.6081277213352,2.174743024963289,0.0194730813287514,3592.477958236659,2815.058823529412,25.378190255220417,0.0081190798376184,423.9130434782609,505.972602739726,1.2065217391304348,0.0361990950226244,431.09375,467.9623824451411,2.190625,0.0144592249855407,398.57142857142856,430.7294117647059,1.64519906323185,0.0079920079920079,428.6573146292585,347.6113360323887,1.7254509018036073,0.0161569532602423,378.5211267605634,363.1652989449004,2.1384976525821595,0.0323590814196242,433.4773218142549,423.2327586206897,2.3196544276457884,0.0067114093959731,521.5427927927927,478.1081081081081,2.259009009009009,0.0395299145299145,695.4988864142539,494.1333333333333,1.9910913140311803,0.0011574074074074,473.69515011547344,362.5116279069768,1.926096997690531,0.0146627565982404,1132.7462686567164,877.7448071216617,3.0507462686567166,0.2052401746724891,553.7956204379562,635.7352941176471,2.1715328467153285,0.0242587601078167,1265.5165745856357,1388.7845303867402,2.0662983425414363,0.015625,384.57142857142856,326.85714285714283,2.419047619047619,0.0268456375838926,3022.5925925925926,3274.931506849315,16.72685185185185,0.0042372881355932,527.968660968661,665.4237288135594,0.945868945868946,0.0148148148148148,1150.827067669173,528.2706766917294,2.5338345864661656,0.012453300124533,2055.190476190476,1369.1878172588831,10.463659147869674,11,0,0,0.16012335093572982
251,202504,9,0,0.0116883116883116,504.0710526315789,472.1259842519685,5.997368421052632,0.0052996331023236,539.0671031096563,467.6354679802956,1.323240589198036,0.0065554231227651,354.5478468899521,396.7509025270758,2.0083732057416266,0.0044682752457551,590.2531418312387,459.5332136445242,2.2800718132854576,0.0103244837758112,546.735119047619,751.5223880597015,1.9166666666666667,0.0043321299638989,345.4393063583815,558.0786026200873,2.1358381502890174,0.0028880866425992,376.7246376811594,322.31548480463096,3.0159420289855072,0.0196969696969696,655.2,720.0,3.910769230769231,0.0507246376811594,542.7938931297709,322.44274809160305,1.900763358778626,0.0083234244946492,465.6801909307876,606.9397590361446,3.916467780429594,0.0061919504643962,364.23197492163007,448.6996904024768,1.9811912225705328,0.0047619047619047,585.2105263157895,462.488038277512,2.601275917065391,0.0045223289994347,434.8136363636364,324.51759364358685,1.1056818181818182,0.0089098532494758,318.43220338983053,380.0031678986272,3.215042372881356,0.001759014951627,625.2257495590829,444.9823943661972,2.634920634920635,0.0043988269794721,641.5537555228277,417.5257731958763,1.8041237113402064,0.0033707865168539,671.447963800905,519.1011235955057,1.8665158371040724,0.0067024128686327,237.42627345844505,512.2826086956521,1.1662198391420913,0.0170278637770897,233.5646687697161,578.6792452830189,2.0662460567823344,0.0028620492272467,340.5843857634902,350.83811710677384,2.21699196326062,0.0107317073170731,309.390099009901,545.893909626719,1.996039603960396,0.0050195203569436,426.2767154105737,320.44692737430165,2.0978627671541057,0.0302398331595411,286.63870967741934,233.80645161290323,2.849462365591398,0.0032858707557502,244.74505494505493,283.6967032967033,2.731868131868132,0.008762322015334,383.7885462555066,502.3503325942351,2.73568281938326,0.0,248.4582392776524,537.4243792325057,2.0,0.0080527086383601,504.5132743362832,581.4771048744461,1.672566371681416,0.0275862068965517,237.0212765957447,246.80851063829783,4.9361702127659575,0.0109289617486338,426.292817679558,499.060773480663,2.781767955801105,0.0030581039755351,819.5705521472393,769.6932515337423,6.309815950920245,0.0341296928327645,508.77777777777777,539.7183098591549,1.9219858156028369,0.0111265646731571,567.4676056338028,527.1910112359551,0.943661971830986,0.0018484288354898,380.22222222222223,425.3333333333333,3.988888888888889,0.0049937578027465,369.02,538.9420654911838,1.8375,8,0,0,0.07807209741617027
252,202504,10,0,0.0037593984962406,644.6231155778894,660.7556675062972,4.668341708542713,0.0051607780865422,590.1678657074341,596.0318725099602,1.394084732214229,0.0065861690450054,685.6545253863135,650.1769911504425,2.374172185430464,0.0024115755627009,676.6666666666666,387.7741935483871,2.843800322061192,0.0082417582417582,1148.3444444444444,752.817679558011,2.1222222222222222,0.0066622251832111,834.3651006711409,827.2117962466488,1.7570469798657715,0.0098489822718319,669.8567639257294,647.0291777188329,4.037135278514588,0.0115440115440115,859.7647058823529,652.3478260869565,2.6205882352941177,0.0226537216828478,1135.6688741721855,995.7615894039736,2.9403973509933774,0.0136830102622576,852.3897911832946,742.3963133640553,4.614849187935035,0.008695652173913,587.1240875912408,443.89458272327965,1.7824817518248175,0.0045011252813203,937.4108761329304,1256.1203007518798,5.235649546827794,0.0421319796954314,2219.8875,1950.2265372168283,14.472916666666666,0.0064484126984126,384.53646353646354,515.8682634730538,2.4135864135864136,0.0070892410341951,836.3142375737152,604.4396984924623,3.408593091828138,0.007554945054945,803.8640776699029,664.2058011049724,2.601941747572816,0.005086469989827,1116.032719836401,722.9447852760736,2.061349693251534,0.0012345679012345,617.8217821782179,528.4444444444445,1.2821782178217822,0.0422535211267605,772.9120234604105,803.1858407079646,2.835777126099707,0.0178026449643947,634.880829015544,577.5155279503106,2.0186528497409326,0.0066006600660066,695.0415973377703,828.1592039800995,1.697171381031614,0.0025265285497726,711.309403437816,904.751269035533,1.998988877654196,0.0283479960899315,640.8870967741935,766.6265060240963,2.725806451612903,0.012807881773399,1210.296812749004,1168.046,8.729083665338646,0.0185728250244379,740.9041916167664,805.4075546719682,2.7345309381237524,0.0073917634635691,747.4712153518124,509.5541401273885,2.4285714285714284,0.008248730964467,975.3470437017996,690.4968152866242,2.0167095115681235,0.0118443316412859,828.7731958762887,733.7201365187714,4.670103092783505,0.0076530612244897,1274.3341902313623,620.9768637532134,7.308483290488432,0.0027855153203342,2198.212290502793,1903.91061452514,6.027932960893855,0.009765625,769.6055226824458,715.6213017751479,1.7830374753451677,0.0204603580562659,658.1174934725849,524.3342036553524,1.0130548302872062,0.046551724137931,886.5703971119134,799.3478260869565,3.2093862815884475,0.0124378109452736,482.7204030226701,463.2241813602015,2.3602015113350125,1,0,0,0.17666762771554723
253,202504,11,0,0.0075093867334167,465.8463476070529,575.1515151515151,3.256926952141058,0.0047468354430379,473.3534551231136,481.00238663484487,1.932486100079428,0.0103938730853391,657.1259668508287,725.9568584070796,2.0497237569060776,0.0040420371867421,582.0195439739414,622.4271844660194,2.478827361563518,0.0307898259705488,1176.090909090909,897.6731301939058,3.760330578512397,0.0105610561056105,721.844207723036,785.2139037433155,3.324900133155792,0.0081026333558406,618.3833560709413,566.3315217391304,2.5320600272851297,0.010204081632653,1719.9472140762464,1721.1834319526629,3.56891495601173,0.0785714285714285,1229.4806201550389,1022.1162790697674,2.302325581395349,0.0422222222222222,1161.8937644341802,755.9440559440559,3.625866050808314,0.0179597701149425,498.6237188872621,677.9824561403509,1.670571010248902,0.007396449704142,1423.2748885586925,1501.6143497757848,4.659732540861813,0.0735735735735735,1109.6849615806805,1128.957446808511,1.2952799121844127,0.0069410014873574,461.1206380857428,570.66,2.372881355932204,0.0095793419408579,617.1872376154492,451.9460825610784,2.8488664987405543,0.0083275503122831,668.6316526610644,761.3706293706293,2.715686274509804,0.0052029136316337,1067.6359832635983,1075.2301255230125,2.5,0.003731343283582,631.2,663.291770573566,1.7275,0.0256776034236804,414.36950146627566,508.2456140350877,2.129032258064516,0.009297520661157,594.4316996871742,768.4880083420229,1.6558915537017729,0.0024711696869851,762.6732673267327,859.3388429752066,1.896039603960396,0.0050479555779909,720.4878048780488,793.4954407294833,2.1189024390243905,0.0223300970873786,723.077380952381,634.1153081510935,2.1587301587301586,0.0098716683119447,583.0019960079841,666.9203187250996,3.25748502994012,0.0151209677419354,490.8609406952965,444.7131147540984,2.519427402862985,0.0062370062370062,432.3590814196242,582.6415094339623,1.5762004175365345,0.0044699872286079,1081.1523687580025,852.0308483290488,3.860435339308579,0.0133779264214046,793.9762711864407,943.728813559322,5.63728813559322,0.0190355329949238,1012.4728682170544,965.5958549222798,3.116279069767442,0.0112517580872011,1900.5681818181813,1598.1196581196582,6.107954545454546,0.0370018975332068,1007.2200392927308,808.8142292490119,2.834970530451866,0.0186170212765957,1087.0650406504064,1256.7479674796748,1.2168021680216805,0.0401396160558464,640.9386281588447,607.4725274725274,2.606498194945849,0.0050125313283208,695.6675062972292,506.1460957178841,1.8463476070528968,1,0,0,0.09280337436031472
254,202504,12,0,0.011049723756906,597.8277777777778,633.0337078651686,6.144444444444445,0.0041997200186654,460.85393258426967,535.7091932457786,1.908239700374532,0.0012722646310432,297.1224489795918,396.7175572519084,1.923469387755102,0.0028328611898017,474.876660341556,468.3175803402647,2.5825426944971537,0.0027548209366391,588.1019283746557,505.0969529085872,1.3415977961432506,0.0172932330827067,627.071975497703,885.2293577981651,4.765696784073507,0.0039525691699604,355.1112877583466,480.09508716323296,2.640699523052464,0.0129449838187702,900.3960396039604,753.4201954397394,3.0693069306930694,0.0050251256281407,660.42,490.8877551020408,1.6,0.0072150072150072,566.1627906976744,564.9418604651163,2.61046511627907,0.0121739130434782,331.5845070422535,465.4225352112676,1.4841549295774648,0.0111492281303602,478.1542461005199,488.2291666666667,3.0051993067590987,0.0156838143036386,506.5473145780051,506.0736975857688,0.7135549872122762,0.0094919039642657,266.1898305084746,273.4758155230596,2.209039548022599,0.0038113387327298,530.0754536771728,434.1954022988506,2.5873925501432664,0.006269592476489,629.5504731861199,674.0268138801262,2.159305993690852,0.0041067761806981,757.3490759753594,689.4409937888199,3.13347022587269,0.0032948929159802,551.6831683168317,436.0927152317881,0.8250825082508251,0.005281690140845,308.2978723404256,357.45583038869256,2.0106382978723403,0.0069488313329121,371.43583227446,360.3821656050956,2.235069885641677,0.0032608695652173,256.9934640522876,394.1921397379913,1.930283224400872,0.0031645569620253,299.7712833545108,244.11167512690355,2.2858958068614994,0.009009009009009,352.80542986425337,386.027397260274,2.683257918552036,0.0012853470437017,294.4329896907216,224.0668380462725,2.5721649484536084,0.0108303249097472,369.0731707317073,517.1359223300971,2.017073170731708,0.0013003901170351,296.99477806788514,332.212987012987,1.9947780678851168,0.0039473684210526,522.8797886393659,585.5746367239102,1.5284015852047557,0.0158730158730158,600.7258064516129,762.0967741935484,4.939516129032258,0.0060331825037707,811.6454545454545,801.3373860182371,2.9606060606060605,0.0050933786078098,286.2798634812287,323.7542662116041,2.8293515358361776,0.011964107676969,590.5987903225806,601.3333333333334,1.7137096774193548,0.0065189048239895,425.5549738219895,393.0736842105263,1.3324607329842932,0.0,1068.3333333333333,861.1764705882352,4.242063492063492,0.0080971659919028,304.8979591836735,483.4285714285714,1.0448979591836736,8,0,0,0.04864019272933873
255,202504,13,0,0.0037831021437578,439.39141414141415,425.48223350253807,6.588383838383838,0.0091197462331482,785.0304243394716,835.248,1.4923939151321055,0.002804262478968,718.5973003374578,616.6704161979752,2.3847019122609674,0.0040290088638195,419.7697262479872,367.7073170731707,2.718196457326892,0.0026212319790301,466.3210526315789,402.0472440944882,0.881578947368421,0.0100603621730382,1243.249322493225,1036.0975609756097,3.234417344173442,0.0040567951318458,638.6902173913044,621.248303934871,2.760869565217391,0.0260869565217391,896.25,759.4642857142857,3.8452380952380953,0.0388349514563106,1105.24,683.8775510204082,1.25,0.013953488372093,750.7764705882353,725.3900709219859,2.64,0.0049435028248587,492.6808510638298,639.0340909090909,1.1829787234042553,0.0015060240963855,595.8493975903615,696.0725075528701,2.891566265060241,0.0046728971962616,595.2925809822361,598.625,0.7586206896551724,0.0099700897308075,880.8459214501511,1027.97583081571,3.3293051359516617,0.0046354825115887,735.2215619694397,672.5168918918919,2.761460101867572,0.0096551724137931,754.3375174337517,578.8873435326843,2.99442119944212,0.0040485829959514,507.3095723014257,718.052738336714,1.1568228105906313,0.0074349442379182,630.9725685785536,498.0,1.172069825436409,0.0130813953488372,520.0588235294117,572.7433628318585,1.373529411764706,0.001592356687898,533.7446808510638,536.7481402763018,2.58936170212766,0.0049059689288634,476.25,579.0147783251232,2.8026315789473686,0.0056965302951838,457.25,479.75,2.171875,0.0177514792899408,532.0080482897384,434.30861723446895,2.9074446680080483,0.0049067713444553,487.7165354330709,812.1343873517786,2.295275590551181,0.0128205128205128,643.6946107784431,562.56,2.6067864271457086,0.0,535.2382892057027,678.4897959183673,1.4806517311608962,0.0024891101431238,606.0598503740648,796.7041198501872,1.0249376558603491,0.0139616055846422,423.77031802120143,652.3404255319149,3.4063604240282683,0.0038461538461538,276.50515463917526,490.1799485861183,2.347938144329897,0.0082530949105914,528.5290858725762,634.0,2.5512465373961217,0.000956937799043,476.56538461538463,633.8931297709923,1.771153846153846,0.0013698630136986,283.5302197802198,325.47945205479454,0.9203296703296704,0.0017985611510791,638.4172661870504,1055.5234657039712,2.9532374100719423,0.0116580310880829,656.2303664921466,586.1417322834645,1.7853403141361257,8,0,0,0.029488636587043926
256,202504,14,0,0.0025348542458808,463.9037974683544,509.234693877551,5.972151898734177,0.0098270440251572,705.0475812846947,676.2162162162163,1.577319587628866,0.0038610038610038,480.1594684385382,618.936877076412,3.078626799557032,0.0016233766233766,959.315960912052,769.6753246753246,5.236156351791531,0.0,465.7178082191781,441.2054794520548,1.2876712328767124,0.0059132720105124,467.223249669749,472.8571428571428,2.174372523117569,0.0105820105820105,487.6,361.6085790884719,2.3146666666666667,0.0160349854227405,806.5281899109792,556.6863905325444,3.851632047477745,0.0043668122270742,522.1228070175439,352.63157894736844,1.043859649122807,0.0256696428571428,1096.788990825688,816.6590389016018,5.10091743119266,0.0108616944243301,365.19823788546256,486.4817518248176,1.7459618208516887,0.008817046289493,765.2526002971769,1021.8639053254436,2.5646359583952454,0.007161125319693,501.3888888888889,485.1393188854489,0.9516460905349794,0.0055193176116407,499.75,485.09090909090907,2.8316532258064515,0.0020964360587002,509.41561712846345,426.5525651808242,2.478589420654912,0.0026845637583892,461.7106325706594,376.7967698519515,2.2099596231493943,0.0021097046413502,481.5254237288136,587.5949367088608,1.36864406779661,0.0085679314565483,512.4565756823821,606.6339066339067,1.2754342431761787,0.0300429184549356,500.94674556213016,531.5294117647059,3.43491124260355,0.006198347107438,448.5981308411215,395.7752341311135,2.9397715472481827,0.0041084634346754,742.339373970346,676.8595041322315,3.1663920922570017,0.0020345879959308,447.2716174974568,396.4044943820225,2.4018311291963377,0.0079365079365079,378.2665330661322,407.5449101796408,2.400801603206413,0.0098039215686274,501.8336633663366,522.059405940594,2.479207920792079,0.0099502487562189,728.1086519114688,620.2409638554217,3.3843058350100605,0.0041580041580041,491.06471816283926,539.874739039666,2.3089770354906056,0.0012650221378874,363.574144486692,544.253164556962,1.276299112801014,0.0016835016835016,698.0677966101695,1182.0805369127518,5.233898305084746,0.008816120906801,553.3502538071066,564.1221374045801,3.3045685279187818,0.0042016806722689,587.830985915493,440.561797752809,3.0309859154929577,0.0,515.469184890656,546.3095238095239,1.234592445328032,0.0081521739130434,361.6958904109589,492.0,0.7945205479452054,0.0123456790123456,306.85714285714283,614.5714285714286,2.771428571428572,0.0122399020807833,409.4554455445544,451.2655086848635,1.376237623762376,8,0,0,0.04022237896997105
257,202504,15,0,0.0208333333333333,969.818181818182,621.2464589235127,3.752840909090909,0.0061601642710472,415.3995037220844,450.7184145334434,2.0388751033912325,0.0085417937766931,414.3546798029557,385.75645756457567,2.6564039408867,0.0122525918944392,436.88212927756655,373.7931034482759,3.1330798479087454,0.006125574272588,528.1907692307692,453.14814814814815,1.7415384615384617,0.0085106382978723,472.2187050359712,514.0540540540541,3.241726618705036,0.0077628793225123,396.4102564102564,396.3068181818182,2.5811965811965814,0.0247678018575851,764.2405063291139,764.3312101910828,5.417721518987341,0.0350877192982456,596.0545454545454,210.54545454545453,1.6272727272727272,0.0308924485125858,562.6950354609929,533.9150943396227,6.3451536643026,0.012028869286287,279.48136142625606,320.2926829268293,2.26904376012966,0.0142021720969089,561.3739424703891,484.8896434634975,3.4094754653130286,0.0083752093802345,276.97860360360363,356.8243243243243,1.2218468468468469,0.0048727666486193,297.7854030501089,218.80434782608697,2.284313725490196,0.0115580212667591,292.6448598130841,357.8089887640449,2.5981308411214954,0.0102941176470588,418.06835066864784,346.5378900445765,3.3090638930163445,0.0011123470522803,360.93541202672606,528.5077951002227,1.398663697104677,0.002680965147453,328.8709677419355,438.7096774193548,2.204301075268817,0.027027027027027,391.016339869281,275.29411764705884,3.0163398692810457,0.0126582278481012,382.64335664335664,599.7902097902098,2.5303030303030303,0.0050454086781029,268.78542510121457,362.5609756097561,1.7935222672064777,0.0121037463976945,428.0607476635514,346.013986013986,2.2710280373831777,0.020234291799787,375.2212581344903,300.1307189542484,2.8177874186550977,0.0044247787610619,299.97333333333336,319.1688888888889,2.3666666666666667,0.0078651685393258,425.3061224489796,349.00452488687785,2.3514739229024944,0.0022727272727272,276.7340909090909,466.4383561643836,2.047727272727273,0.0095098756400877,377.2821270310192,367.0901033973413,1.6144756277695715,0.0109289617486338,399.4852941176471,363.09963099630994,4.452205882352941,0.0081855388813096,850.5068870523417,1089.7252747252746,6.090909090909091,0.0078247261345852,470.69085173501577,462.20820189274446,2.309148264984227,0.0024813895781637,541.7636815920398,574.179104477612,1.5621890547263682,0.0126582278481012,374.55965909090907,412.8,0.6022727272727273,0.0018281535648994,587.6923076923077,535.6043956043956,5.527472527472527,0.002466091245376,747.4752475247525,649.4814814814815,2.1782178217821784,8,0,0,0.0530494037407333
258,202504,16,0,0.0122783083219645,502.8650137741047,477.34072022160666,4.454545454545454,0.0044861337683523,549.4484451718495,635.3404429860542,2.5409165302782326,0.0041766109785202,606.2889688249401,602.443113772455,2.4244604316546763,0.0089365504915102,504.98916967509024,539.4594594594595,3.935018050541516,0.0118518518518518,414.3063063063063,574.311377245509,1.0990990990990992,0.0048916841369671,520.8277310924369,572.2816901408451,2.869747899159664,0.01,484.9493487698987,455.8273381294964,2.806078147612156,0.003076923076923,833.5185185185185,499.6296296296296,4.888888888888889,0.0197368421052631,1199.4666666666667,720.0,4.173333333333333,0.0196759259259259,694.0235294117647,519.526066350711,2.24,0.0054730258014073,252.8503937007874,335.4160125588697,2.179527559055118,0.0032414910858995,447.609756097561,386.4390243902439,2.879674796747968,0.0044198895027624,311.4650388457269,362.4639289678136,0.9034406215316316,0.0078988941548183,1519.8289054197662,1302.8207847295864,10.32518597236982,0.0070083223828296,513.1156222418358,361.37566137566137,2.3503971756398943,0.0142857142857142,392.7840579710145,409.0434782608696,1.827536231884058,0.0022573363431151,329.18552036199094,702.0814479638009,1.1470588235294117,0.0092838196286472,394.7872340425532,524.3126684636119,1.4707446808510638,0.0175159235668789,250.32467532467533,228.54368932038835,2.6948051948051948,0.0051020408163265,453.3961187214612,558.6348122866895,2.7294520547945207,0.0029673590504451,473.0952380952381,402.2619047619048,2.4503968253968256,0.0039040713887339,594.074074074074,511.70949720670393,3.217732884399551,0.0200633579725448,696.7062634989201,328.258064516129,4.06695464362851,0.0032432432432432,413.8004338394794,470.6290672451193,2.2537960954446854,0.0054525627044711,471.9912472647703,255.69230769230768,2.336980306345733,0.0011173184357541,452.11633109619686,741.8791946308725,1.6689038031319912,0.0064794816414686,420.2608695652174,470.3478260869565,1.0507246376811594,0.0088183421516754,210.2127659574468,276.2142857142857,2.698581560283688,0.0,329.3081081081081,482.25201072386056,2.256756756756757,0.0061349693251533,408.60493827160496,391.6666666666667,2.719135802469136,0.0036014405762304,270.02168674698794,386.89156626506025,1.5518072289156626,0.00697350069735,396.6478873239437,242.6890756302521,1.0394366197183098,0.0109289617486338,355.36764705882354,544.4280442804428,2.8125,0.0024539877300613,1617.9411764705883,1319.2592592592594,5.198529411764706,8,0,0,0.08843254613341334
259,202504,17,0,0.0256739409499358,2886.364116094987,1796.2105263157894,6.860158311345646,0.0051241623965313,704.4829500396511,721.1401425178148,1.7771609833465505,0.011608623548922,951.100558659218,933.8633818589026,3.7173184357541897,0.008058017727639,1631.0603588907015,1322.233009708738,8.64274061990212,0.0068493150684931,885.9419889502763,718.8429752066115,0.7845303867403315,0.002588996763754,623.1441558441559,557.3540856031128,2.8324675324675326,0.008569545154911,711.0756972111553,655.7656458055925,2.3426294820717133,0.0171673819742489,1338.4883720930231,915.3935860058308,5.601744186046512,0.0980392156862745,866.6131386861314,673.9424460431654,2.204379562043796,0.0045454545454545,510.5479452054794,480.13698630136986,2.5662100456621006,0.0036363636363636,549.4736842105264,597.5510204081633,3.394736842105264,0.0015360983102918,599.2727272727273,472.9953917050691,2.99075500770416,0.0045778229908443,584.7071428571429,549.7645854657113,0.8122448979591836,0.0099403578528827,2092.6696787148594,1944.7590361445784,9.474899598393574,0.0033347228011671,765.2410041841005,697.3244147157191,4.296234309623431,0.0093395597064709,560.1534320323015,491.3787061994609,1.6083445491251682,0.0031120331950207,614.5726141078839,843.5615866388309,0.8547717842323651,0.0024271844660194,699.5121951219512,809.5631067961165,1.7170731707317073,0.0275761973875181,610.2208955223881,531.7611940298508,3.337313432835821,0.0126710593005575,817.7842535787321,1031.6907216494844,3.0971370143149284,0.0065897858319604,1102.4252491694351,994.6688741721854,3.807308970099668,0.0070210631895687,867.839393939394,742.969696969697,2.888888888888889,0.0129611166500498,1467.1373737373738,1196.6060606060605,8.866666666666667,0.0049164208456243,697.7845849802371,643.5158102766799,3.397233201581028,0.008780487804878,600.7559055118111,589.8425196850394,2.076771653543307,0.0020986358866736,634.6484210526315,650.546218487395,1.8294736842105264,0.0024984384759525,577.9224030037547,715.6390977443609,1.0175219023779725,0.0050847457627118,411.8668941979522,462.4489795918368,2.2832764505119454,0.0099875156054931,454.8413098236776,402.7272727272728,2.070528967254408,0.0027359781121751,935.3424657534248,698.5714285714286,3.293150684931507,0.0176125244618395,718.5129740518962,1014.751491053678,1.5688622754491015,0.0091863517060367,592.2671957671957,430.3448275862069,0.8201058201058201,0.0053003533568904,903.191489361702,537.0106761565836,2.8297872340425534,0.003690036900369,608.7407407407408,520.0,1.7950617283950616,1,0,0,0.12433945654742651
260,202504,18,0,0.0359897172236503,2497.869680851064,1340.855614973262,5.99468085106383,0.0129158512720156,1126.6196513470682,1031.8039682539682,5.169572107765451,0.0330623306233062,1324.793721973094,1307.219730941704,4.428251121076233,0.0327214684756584,1130.2956810631229,1119.2459016393443,3.287375415282392,0.0013623978201634,860.9891008174387,883.9344262295082,2.068119891008174,0.0038659793814432,667.1716129032258,629.5719844357976,2.696774193548387,0.0138705416116248,729.3404825737265,970.843373493976,2.3753351206434314,0.0087336244541484,1065.941348973607,813.5294117647059,5.067448680351906,0.0350318471337579,322.887417218543,265.6578947368421,2.271523178807947,0.0022675736961451,665.8503401360545,592.3462414578588,4.208616780045351,0.0129776496034607,635.3868613138686,679.9122807017544,2.051094890510949,0.0098784194528875,613.3623853211009,772.326656394453,2.785932721712538,0.0056122448979591,497.4969135802469,458.6898669396111,0.9691358024691358,0.0213675213675213,6532.572826086956,5164.464912280701,7.156521739130435,0.00875,680.8712121212121,762.367758186398,3.0521885521885523,0.191869918699187,718.3793565683646,692.2953020134228,2.3659517426273458,0.0124869927159209,545.2294736842106,777.2151898734177,1.2484210526315789,0.0073982737361282,831.6417910447761,957.9156327543424,2.45771144278607,0.0361271676300578,853.5718562874251,679.6396396396397,5.398203592814372,0.0153061224489795,891.8497409326425,1058.6735751295337,4.049740932642487,0.0241157556270096,944.6534653465346,1042.1052631578948,4.633663366336633,0.0114942528735632,1017.5075987841946,962.9061553985872,2.7436676798378925,0.0265486725663716,1123.6341463414635,1461.0843373493976,3.2459349593495936,0.0371782650142993,1002.449504950495,1059.918811881188,3.887128712871287,0.0059820538384845,802.3313253012049,756.6733466933867,2.3413654618473894,0.0010604453870625,1252.7505285412262,1214.968017057569,2.317124735729387,0.0037453183520599,480.4516938519448,724.2803504380475,1.0351317440401506,0.0016778523489932,772.6195286195286,732.48322147651,2.61952861952862,0.010062893081761,871.2664974619289,680.0,2.598984771573604,0.0,964.6422535211268,1194.2535211267605,3.3464788732394366,0.0048780487804878,607.972602739726,716.4636542239685,1.655577299412916,0.0128040973111395,630.6857142857143,602.020725388601,1.722077922077922,0.0157342657342657,724.468085106383,395.4448398576512,3.4432624113475176,0.0061274509803921,574.2222222222222,544.2857142857143,1.854320987654321,1,0,0,0.15683145057900627
261,202504,19,0,0.017094017094017,284.5217391304348,358.4347826086956,2.3246376811594205,0.0623598026020637,2242.37990430622,1551.6746411483257,7.4985645933014355,0.0057397959183673,836.6564102564103,747.8074454428755,4.9051282051282055,0.0148148148148148,745.9398496240601,640.827067669173,3.2838345864661656,0.0096286107290233,683.6694444444445,701.6666666666666,1.1111111111111112,0.0028776978417266,577.94500723589,592.4028776978417,2.329956584659913,0.0046403712296983,365.6635658914728,456.9158878504673,2.8790697674418606,0.0176,505.14332247557,734.657980456026,5.469055374592834,0.0096618357487922,290.15533980582524,392.9411764705882,1.174757281553398,0.0028490028490028,452.22857142857146,455.1428571428572,2.6742857142857144,0.0369098712446351,528.0427046263345,488.0357142857143,2.784697508896797,0.0043177892918825,583.5885416666666,669.8786828422877,2.805555555555556,0.0122473974280465,680.5204460966543,725.8064516129032,1.3172242874845106,0.0072747621712367,1019.1254237288136,735.8605174353206,4.205649717514124,0.0038240917782026,600.0710172744722,616.8138195777351,3.697696737044146,0.0158371040723981,419.17151607963245,538.6196319018405,2.531393568147014,0.0071428571428571,507.0657084188912,641.8518518518518,1.457905544147844,0.0032679738562091,662.9605263157895,678.8235294117648,3.526315789473684,0.019927536231884,467.2185185185185,418.450184501845,3.022222222222222,0.0130272952853598,480.2261306532664,681.433962264151,2.257537688442211,0.0054406964091403,530.6986899563319,626.3157894736842,1.683406113537118,0.0125,502.52844500632114,474.1444866920152,2.723135271807838,0.0111358574610244,509.48089887640447,601.0835214446953,2.950561797752809,0.0234567901234567,665.8880407124682,918.7663316582916,2.0661577608142494,0.0096153846153846,596.5596107055961,988.910411622276,2.788321167883212,0.0052083333333333,944.7643979057592,953.717277486911,4.400523560209424,0.004524886877828,446.44993498049416,563.5019455252918,1.270481144343303,0.0099009900990099,601.9123505976096,607.710843373494,2.928286852589641,0.0045180722891566,426.3716012084592,400.7272727272728,2.897280966767372,0.0034071550255536,632.5597269624574,529.3150684931506,2.273037542662116,0.0,433.8016194331984,530.8722109533469,1.5951417004048585,0.0040431266846361,240.6135135135135,272.6829268292683,0.9405405405405406,0.0094517958412098,803.6781609195402,422.0532319391635,5.498084291187739,0.0,274.97975708502025,355.1417004048583,1.5384615384615383,8,0,0,0.04374612721125937
262,202504,20,0,0.1652892561983471,5297.084985835694,3206.9491525423728,9.51558073654391,0.0178571428571428,1563.1544058205336,1505.2342487883684,3.455941794664511,0.009024252679075,610.9407744874716,700.5460750853242,2.2915717539863327,0.0200803212851405,601.2817589576547,518.4158415841584,4.389250814332248,0.0077319587628865,960.5636363636364,916.2077922077922,2.5116883116883115,0.0117647058823529,768.978835978836,793.4126984126984,2.1706349206349205,0.0087306917394224,629.2010869565217,592.7837837837837,3.2581521739130435,0.0073313782991202,682.1622418879056,494.02366863905326,2.9882005899705013,0.0047393364928909,554.8018867924528,198.46153846153845,1.028301886792453,0.0342075256556442,534.1843971631206,556.1320754716982,2.756501182033097,0.013268156424581,1321.6925246826515,1436.1647727272727,9.20592383638928,0.0100463678516228,732.6112852664577,832.4416796267496,2.2586206896551726,0.0076374745417515,727.8205128205128,710.5133470225873,0.8123076923076923,0.0215792054928886,530.7703109327983,519.559118236473,2.608826479438315,0.0086617583369424,1218.713787085515,1145.354330708661,6.882198952879581,0.0101078167115902,723.5994550408719,518.0408163265306,1.874659400544959,0.0110998990918264,949.2638036809816,936.7820773930754,1.8159509202453987,0.0086526576019777,1059.0074441687343,1001.8045112781956,3.905707196029777,0.0133136094674556,430.05988023952096,498.9189189189189,2.652694610778444,0.0068637803590285,519.0298189563365,585.7324840764331,1.845580404685836,0.0024711696869851,464.2314049586777,533.2673267326733,2.0942148760330577,0.0082687338501291,599.3117831074036,433.125,2.042752867570386,0.0246305418719211,495.7505070993915,479.4346076458753,2.7322515212981746,0.0136852394916911,1034.1742574257426,894.7619047619048,4.631683168316831,0.0177165354330708,659.7604790419161,574.2857142857143,2.2255489021956087,0.0010309278350515,1122.1514522821576,1090.1026694045174,4.325726141078838,0.0108958837772397,763.108935128519,997.0134638922888,1.2141982864137086,0.0052724077328646,527.1725352112676,548.2978723404256,2.7816901408450705,0.0063694267515923,848.5897435897435,778.3076923076923,2.123076923076923,0.0014025245441795,714.1011235955057,715.1123595505618,2.0898876404494384,0.005708848715509,695.7696737044146,1037.9770992366412,1.7197696737044146,0.0108695652173913,405.5769230769231,321.42857142857144,0.7692307692307693,0.0105448154657293,370.6382978723405,312.8113879003559,1.872340425531915,0.0012853470437017,511.4652956298201,337.7319587628866,2.341902313624679,1,0,0,0.087255324447026
263,202504,21,0,0.0879396984924623,3363.5674931129474,1930.578512396694,5.415977961432507,0.0074480595844766,949.1350710900474,1071.7061611374409,1.273301737756714,0.0066042927903137,940.9180509413068,596.3414634146342,2.246954595791805,0.0176565008025682,631.5833333333334,392.4509803921569,3.183006535947712,0.0054495912806539,949.2884615384615,997.0491803278688,2.1236263736263736,0.0090556274256144,674.6302083333334,751.3350785340314,1.8072916666666667,0.0033112582781456,545.3738441215323,623.2620320855615,2.844121532364597,0.0058394160583941,903.1858407079646,784.561403508772,2.3244837758112094,0.0425531914893617,931.9490445859872,809.2405063291139,2.9426751592356686,0.0146067415730337,882.1917808219179,773.0296127562642,4.333333333333333,0.0293486041517537,2775.110456553756,3923.2200886262926,10.083946980854195,0.0045696877380045,729.2889908256881,893.4762633996937,2.486238532110092,0.0105793450881612,864.9795918367347,998.8414634146342,0.7591836734693878,0.0148441365660564,622.7144288577155,584.8932527693858,2.55811623246493,0.0054530201342281,782.3840947546531,777.8805719091673,4.031302876480542,0.0079893475366178,684.885752688172,725.8713136729223,2.610215053763441,0.0094936708860759,936.025641025641,1074.6496815286623,1.8824786324786325,0.0122249388753056,1056.2686567164178,1059.0147783251232,2.129353233830846,0.0263157894736842,1028.443113772455,878.6746987951807,2.2335329341317367,0.0107637109174782,741.9254658385094,789.8340248962655,1.957556935817805,0.009771986970684,696.9078947368421,801.1184210526316,2.0953947368421053,0.0045662100456621,901.1608961303464,766.1020408163265,2.09979633401222,0.0216110019646365,523.4939759036145,517.5903614457832,2.325301204819277,0.0078585461689587,1121.0752475247525,1221.6237623762377,2.79009900990099,0.0158730158730158,655.9778672032193,538.060606060606,2.808853118712274,0.0072239422084623,724.7722567287784,976.4070981210856,1.5320910973084887,0.0031625553447185,1190.1015228426395,1370.7868020304568,1.7055837563451777,0.0082644628099173,950.1672240802676,1014.4186046511628,3.0535117056856187,0.0063211125158027,621.7868020304569,626.3265306122449,2.7766497461928936,0.0041551246537396,970.7214484679664,916.8333333333334,1.910863509749304,0.0136319376825705,1099.8376237623763,1118.6220472440946,1.976237623762376,0.014627659574468,342.9189189189189,342.3719676549865,0.6756756756756757,0.0088028169014084,405.6428571428572,337.3144876325088,1.7,0.004920049200492,762.2222222222222,693.2673267326733,1.3506172839506172,1,0,0,0.10958408868534208
264,202504,22,0,0.0218878248974008,569.4189944134079,470.25210084033614,3.8854748603351954,0.0053542009884678,396.7219917012448,388.3140495867768,2.639834024896265,0.0025173064820641,279.98358585858585,284.7919293820933,2.4318181818181817,0.0084507042253521,259.4318181818182,324.3181818181818,3.1553030303030303,0.0031796502384737,352.9649681528662,418.4664536741214,1.4522292993630572,0.0041811846689895,479.6886395511921,453.5195530726257,3.7784011220196354,0.0049088359046283,260.8330975954738,234.35393258426967,2.5346534653465347,0.0084317032040472,812.542372881356,654.2662116040956,3.5728813559322035,0.0249307479224376,398.17045454545456,244.23295454545453,3.125,0.0,494.07582938388623,422.8235294117647,3.7748815165876777,0.0089430894308943,341.7647058823529,471.5980230642504,3.599673202614379,0.003392705682782,602.4863945578231,578.6371379897786,4.113945578231292,0.0005589714924538,301.3422818791946,395.1006711409396,0.9686800894854586,0.0236432025792584,428.25412541254127,439.75770925110135,3.1232123212321232,0.0018752930145335,407.5941893158388,410.54896421845575,2.5117150890346767,0.0110537951363301,256.5877976190476,263.55223880597015,1.6220238095238095,0.0011560693641618,285.54524361948955,451.0392609699769,1.34338747099768,0.0081081081081081,233.80434782608697,355.40983606557376,2.010869565217391,0.0049916805324459,334.7157190635451,193.0434782608696,2.25752508361204,0.0017472335468841,231.23831775700936,297.2027972027972,2.308411214953271,0.0020449897750511,369.05102040816325,460.2469135802469,2.512244897959184,0.0152801358234295,247.180667433832,257.6349024110218,2.4096662830840048,0.0183585313174946,197.7092511013216,428.967032967033,2.4757709251101323,0.0121412803532008,357.21380846325167,383.08744394618833,2.2293986636971046,0.0057603686635944,360.9744779582367,273.19444444444446,1.5266821345707655,0.0022805017103762,278.4782608695652,257.8082191780822,1.9725400457665905,0.0038197097020626,323.7423312883436,456.80981595092027,1.2561349693251531,0.0092592592592592,378.20973782771534,384.8507462686568,2.213483146067416,0.0027624309392265,498.4530386740332,505.3333333333333,3.607734806629834,0.0031948881789137,232.30128205128204,220.0,2.2403846153846154,0.0097680097680097,322.1330049261084,357.3333333333333,2.1330049261083746,0.0067204301075268,576.1978319783198,585.5837837837838,1.0785907859078592,0.0036496350364963,301.9852941176471,211.0948905109489,4.705882352941177,0.0024630541871921,204.0,185.77777777777777,1.3703703703703705,8,0,0,0.09933873247393377
265,202504,23,0,0.0123456790123456,983.2777777777778,710.8333333333334,5.294444444444444,0.0122000813338755,3227.1479046836484,3035.901815181518,8.271980279375514,0.0067943174799258,905.7269326683293,825.9305210918114,3.201995012468828,0.0008928571428571,420.7513416815742,415.82142857142856,3.123434704830053,0.0093603744149766,965.6540880503144,874.2586750788644,1.949685534591195,0.0027855153203342,603.560669456067,583.048951048951,2.193863319386332,0.0062543432939541,554.786013986014,496.1118881118881,2.8083916083916085,0.0048701298701298,974.9019607843136,621.371335504886,3.189542483660131,0.0121951219512195,867.0081967213115,711.8264462809917,1.278688524590164,0.0047003525264394,869.5754716981132,1028.085106382979,4.695754716981132,0.012539184952978,1523.7380952380952,1530.3809523809523,5.1,0.0,696.4630541871921,657.6276771004942,3.4630541871921183,0.0022014309301045,733.6784140969163,723.0497237569061,2.0319383259911894,0.0117208311134789,966.85313174946,753.8299246501615,4.411447084233261,0.0017644464049404,467.52566371681417,395.7987643424536,2.4584070796460176,0.008695652173913,479.9284671532847,433.7042459736457,2.22043795620438,0.0022857142857142,727.2768878718535,628.0733944954128,1.768878718535469,0.0066401062416998,827.52,1118.7667560321715,3.058666666666667,0.0049668874172185,681.5813953488372,727.9933333333333,2.079734219269103,0.0062393647192285,645.1029748283753,617.8359908883826,3.5034324942791764,0.0069790628115653,479.5190380761523,491.4688128772636,2.476953907815631,0.0113821138211382,709.3846153846154,626.4551422319474,3.0142857142857142,0.0064516129032258,664.4251626898048,662.3326133909287,2.7093275488069413,0.0075839653304442,1070.4684095860566,1452.7352297592995,4.037037037037037,0.0088202866593164,568.8155555555555,472.5167037861916,2.051111111111111,0.0,1201.581081081081,1078.108108108108,3.259009009009009,0.0022658610271903,630.7272727272727,636.7624810892587,1.7272727272727273,0.0018214936247723,622.9090909090909,718.4615384615385,3.883636363636364,0.004054054054054,651.2010869565217,672.8455284552846,2.255434782608696,0.0045871559633027,614.0276073619632,499.2953846153846,3.0460122699386503,0.0100376411543287,635.1221374045801,642.5757575757576,1.8244274809160304,0.0093333333333333,759.2129380053908,821.4516129032259,1.8005390835579516,0.0055147058823529,427.1111111111111,271.21771217712177,1.9851851851851847,0.0024691358024691,553.6633663366337,453.5643564356436,2.047029702970297,1,0,0,0.04726694026918199
266,202504,24,0,0.0258732212160414,2401.180371352785,1608.5106382978724,5.6710875331564985,0.2593346911065852,3768.3886861313854,3172.8729281767955,7.241788321167883,0.039075399009356,1175.211251435132,1134.4457142857143,2.524684270952928,0.0168946098149637,1111.6907894736842,943.9739413680782,4.197368421052632,0.0303030303030303,1203.9943181818182,1084.2613636363635,1.3892045454545454,0.0110533159947984,625.0118577075099,583.3070866141733,2.354413702239789,0.019570707070707,1073.7615979381444,806.3320463320464,2.259020618556701,0.0163690476190476,1055.090909090909,943.3232628398792,3.33939393939394,0.0544747081712062,1366.5409836065571,821.1570247933885,3.7459016393442623,0.0236220472440944,1106.6206896551723,954.7344110854503,4.797701149425287,0.0741777466759972,1311.662632375189,1572.870090634441,5.953101361573374,0.0099009900990099,965.4067796610168,781.2903225806451,3.5824345146379044,0.017008504252126,987.0948012232416,854.2682926829268,3.1488277268093783,0.0167004048582995,3912.409230769231,3756.602272727273,19.214358974358973,0.0075853350189633,747.6762956669498,773.8879456706281,2.2489379779099403,0.0733712839974699,762.1174863387978,780.4092769440655,2.043715846994536,0.0610997963340122,948.3441558441558,746.4782608695652,1.300865800865801,0.0087829360100376,1788.0962025316455,1684.4050632911392,8.063291139240507,0.0784313725490196,885.0455927051672,874.6504559270517,1.674772036474164,0.0223010643689812,970.8509316770186,1042.6168224299065,2.900621118012422,0.0213289581624282,1044.2617449664428,1041.8090452261306,2.716442953020134,0.0239141044411908,1319.2792792792793,984.3356643356644,3.287287287287288,0.0297619047619047,1252.9918032786886,1072.2857142857142,3.239754098360656,0.069094304388422,1029.5472837022132,1290.72,3.4527162977867203,0.0204280155642023,1153.1988071570577,1257.9761904761904,3.606361829025845,0.0021881838074398,1206.0394736842106,1164.2105263157894,4.0548245614035086,0.0057729313662604,723.483870967742,824.5935483870968,1.456774193548387,0.016638935108153,948.0,893.1081081081081,3.5966101694915253,0.0175,798.3807106598985,865.4081632653061,2.3857868020304567,0.0,1184.9689265536724,1257.094017094017,2.884180790960452,0.0121457489878542,762.4651639344262,742.0081967213115,1.5922131147540983,0.0428015564202334,410.4567567567568,301.7934782608696,1.4567567567567568,0.0449050086355785,641.7391304347826,525.0541516245487,1.2028985507246377,0.0207823960880195,825.0374064837905,522.75,1.628428927680798,1,0,0,0.19284065280734297
267,202504,25,0,0.0171503957783641,2100.48128342246,1029.2183288409703,3.609625668449198,0.0132553606237816,1301.70206022187,1246.0520094562648,4.202060221870047,0.010022271714922,1029.3734533183351,865.7142857142857,2.9021372328458943,0.0082034454470877,1056.201331114809,1145.2302631578948,3.725457570715474,0.0056022408963585,603.0,545.7464788732394,1.2056338028169014,0.005177993527508,793.712987012987,737.9061277705346,2.864935064935065,0.0082908163265306,573.3354755784062,668.4169884169884,3.005141388174807,0.0058823529411764,1003.6686390532544,532.3668639053254,5.571005917159764,0.0041493775933609,698.0333333333333,472.0,0.9666666666666668,0.0033783783783783,775.530474040632,648.4615384615385,4.232505643340858,0.0093659942363112,791.528384279476,955.029069767442,2.9170305676855897,0.0068702290076335,809.213190184049,795.346687211094,3.743865030674847,0.0035264483627204,1152.8614762386248,1340.9302325581396,3.665318503538928,0.0109945027486256,2918.432896064581,2525.2226720647773,8.022199798183653,0.008347245409015,1497.9300758213983,1144.0874684608916,3.951979780960405,0.0460440985732814,831.5986394557823,761.4130434782609,2.2680272108843536,0.0074309978768577,652.568669527897,646.4392324093817,1.371244635193133,0.0036630036630036,945.4411764705884,1253.529411764706,2.303921568627451,0.0432276657060518,732.5060240963855,1093.3734939759036,2.4789156626506026,0.0137195121951219,776.16271884655,907.8556701030928,3.167868177136972,0.0129554655870445,1133.8032786885246,838.9162561576354,2.5639344262295083,0.0078431372549019,952.0553359683796,748.3399209486166,2.6729249011857705,0.0099403578528827,962.4048096192384,991.02615694165,3.004008016032064,0.0029469548133595,981.238188976378,914.6745562130176,4.2047244094488185,0.0079681274900398,1226.486973947896,1056.82092555332,4.294589178356714,0.0020811654526534,1130.033264033264,1258.1548117154812,2.827442827442828,0.0082539682539682,756.7519181585677,707.8461538461538,1.5792838874680306,0.0066666666666666,827.070707070707,1084.8160535117056,4.074074074074074,0.0050125313283208,779.3115577889447,670.0,3.268844221105528,0.0014005602240896,874.8876404494382,848.5714285714286,3.539325842696629,0.0050813008130081,1342.3721881390593,1305.3061224489795,3.625766871165644,0.0105401844532279,308.79466666666667,300.9574468085106,0.9146666666666666,0.0017921146953405,439.35483870967744,312.0863309352518,2.132616487455197,0.004920049200492,617.2704714640198,723.3990147783251,1.5384615384615383,1,0,0,0.08966655499516285
268,202504,26,0,0.1136671177266576,6800.289634146341,3735.229357798165,12.451219512195122,0.0078996282527881,1128.3180112570356,981.3283442469598,4.065666041275797,0.0051880674448767,623.7624020887729,656.09375,2.849869451697128,0.0019029495718363,820.6514285714286,649.9236641221374,3.9447619047619047,0.0099715099715099,545.4207492795389,544.1379310344828,1.1902017291066282,0.0124269005847953,1074.2943786982248,732.6222222222223,6.32396449704142,0.0022421524663677,654.8125937031484,408.2335329341317,2.67616191904048,0.0101180438448566,1353.061224489796,1071.1945392491468,5.380952380952381,0.0344827586206896,680.3303571428571,444.1071428571428,0.6428571428571429,0.0252808988764044,883.6994219653179,845.1724137931035,3.7803468208092488,0.0096575943810359,509.2526690391459,700.9187279151944,1.5444839857651245,0.008695652173913,724.5149384885765,700.9807355516638,3.249560632688928,0.0055452865064695,610.6257744733581,803.4200743494424,1.1685254027261462,0.0096317280453257,1486.5715922107674,1384.3222857142855,8.269186712485682,0.0122873345935727,733.4856596558318,595.5747126436781,2.374760994263862,0.0149371069182389,914.0953895071542,939.4214743589744,2.6359300476947536,0.002171552660152,711.1111111111111,958.1739130434784,1.0152505446623097,0.0,427.7227722772277,514.6534653465346,1.693069306930693,0.0184842883548983,455.3207547169811,604.5112781954887,2.049056603773585,0.0031113876789047,783.6928838951311,748.314606741573,3.3820224719101124,0.0054644808743169,664.4736842105264,738.1057268722467,2.550438596491228,0.002473716759431,780.8188585607941,727.2862453531599,2.7878411910669976,0.0168728908886389,615.0341685649203,443.0344827586207,3.0250569476082005,0.0012484394506866,479.6766917293233,463.9152119700749,2.992481203007519,0.0171358629130966,624.15,377.71712158808936,2.4175,0.0012919896640826,695.1030927835052,590.025974025974,3.59278350515464,0.0054682159945317,745.2892561983471,780.5761316872428,0.96831955922865,0.0281124497991967,533.595041322314,1086.6942148760331,5.293388429752066,0.0089686098654708,600.4444444444445,1256.1818181818182,4.0,0.0367278797996661,806.1038062283737,897.0833333333334,2.972318339100346,0.006514657980456,730.0131004366813,826.0831509846827,1.224890829694323,0.0027855153203342,607.2562674094708,554.2857142857143,1.4791086350974931,0.0115606936416184,1779.2217898832685,1546.875,12.101167315175095,0.0101010101010101,809.8775510204082,819.4285714285714,6.673469387755102,11,0,0,0.11525144463387638
269,202504,27,0,0.079900124843945,2868.509485094851,1147.3369565217392,13.628726287262872,0.0074832611264277,614.0507936507937,707.8095238095239,1.7142857142857142,0.0056433408577878,630.9557823129252,635.3181818181819,3.450113378684807,0.0047923322683706,572.696,457.8743961352657,4.584,0.0052287581699346,488.8421052631579,561.1023622047244,1.2842105263157897,0.0091563113145846,701.5462962962963,716.205533596838,3.42989417989418,0.0064641241111829,582.9556135770235,531.0505836575876,3.143603133159269,0.003003003003003,904.8795180722892,528.9759036144578,3.0,0.0090497737556561,432.6363636363636,257.6146788990825,1.2181818181818185,0.0160734787600459,877.5700934579439,758.8811188811189,3.3200934579439254,0.0077084793272599,523.6671368124119,689.1937765205092,2.002820874471086,0.0038284839203675,640.554012345679,888.6064318529862,2.625,0.0039980009995002,494.21643286573146,594.7537688442211,0.6132264529058116,0.0138476755687438,747.3711133400201,845.1153460381144,4.451354062186559,0.0083647009619406,717.5734797297297,698.3150800336985,2.038006756756757,0.0134138162307176,599.5923913043479,457.6326530612245,1.7201086956521738,0.0010570824524312,762.0382165605096,874.4303797468355,1.2632696390658174,0.0024539877300613,494.8894348894349,544.1379310344828,1.87960687960688,0.0162721893491124,481.0810810810811,732.4698795180723,2.003003003003003,0.0124740124740124,601.5947368421052,738.0,2.551578947368421,0.0064777327935222,624.6655791190865,793.0944625407166,3.068515497553018,0.010157440325038,752.766393442623,681.3977389516958,2.3125,0.0178394449950445,627.2348178137652,554.9698189134809,3.591093117408907,0.0049261083743842,464.9171597633136,578.1709741550695,2.289940828402367,0.0049115913555992,605.3149606299213,592.5148514851485,1.7736220472440944,0.0,611.0453608247423,597.3006134969326,1.9835051546391755,0.0049261083743842,590.9517923362175,725.2788104089219,1.3201483312731768,0.0034722222222222,370.0,494.68531468531467,3.013888888888889,0.011378002528445,746.6470588235294,840.306905370844,2.312020460358056,0.0098314606741573,627.9545454545455,610.7082152974505,2.667613636363636,0.0175267770204479,683.9305555555555,735.6831683168317,1.4107142857142858,0.0052493438320209,812.8544973544973,827.3052631578947,0.8148148148148148,0.0071301247771836,1013.1182795698924,604.1007194244604,4.329749103942652,0.0038412291933418,684.9230769230769,506.1340206185567,1.823076923076923,8,0,0,0.039602702016640734
270,202504,28,0,0.273972602739726,6086.274447949527,3539.435736677116,38.22082018927445,0.007069913589945,736.8599683544304,733.7183544303797,2.628955696202532,0.0056022408963585,749.1431792559189,686.2837837837837,2.7508455467869224,0.0129764801297648,1408.2758620689656,1074.7697368421052,9.617405582922824,0.0167364016736401,631.070821529745,639.0340909090909,1.954674220963173,0.014454664914586,715.0877659574468,507.3529411764706,2.3404255319148937,0.0012787723785166,784.9117647058823,549.6923076923077,3.0971867007672635,0.0044709388971684,1083.4131736526947,829.7604790419161,3.2634730538922154,0.0064724919093851,668.9281045751634,393.1168831168831,3.3006535947712417,0.0190796857463524,813.7155963302753,783.2876712328767,3.373853211009174,0.0136887608069164,604.2441520467836,660.8759124087592,3.5497076023391814,0.009984639016897,501.639751552795,657.6744186046511,2.4937888198757765,0.014,570.4802431610942,516.7918781725888,1.4387031408308004,0.0269475747182753,958.1237424547284,878.866935483871,3.573440643863179,0.0129924559932942,634.3251273344652,687.4256584536959,3.1256366723259763,0.0121130551816958,775.5510204081633,628.81309686221,1.7959183673469388,0.0107411385606874,662.1369565217391,807.0715835140998,1.7891304347826087,0.002460024600246,542.3762376237623,676.3636363636364,1.5024752475247525,0.022189349112426,489.0694864048338,439.8181818181818,2.3202416918429005,0.0092402464065708,482.8134715025907,576.1243523316062,3.051813471502591,0.0081037277147487,364.6345840130506,457.2176759410802,1.830342577487765,0.0059820538384845,350.0200400801603,477.4698795180723,2.096192384769539,0.032069970845481,525.2510040160643,643.3734939759037,2.8112449799196786,0.0069651741293532,353.28,418.0722891566265,2.91,0.0379377431906614,599.2226720647774,438.9090909090909,3.730769230769231,0.0010438413361169,806.663179916318,688.5594989561587,7.912133891213389,0.0160565189466923,568.1151832460733,625.859375,2.844240837696335,0.0231023102310231,525.5593220338983,567.8787878787879,3.5864406779661016,0.0354523227383863,676.779746835443,625.8883248730964,2.5316455696202533,0.0028011204481792,625.8202247191011,757.9213483146067,2.5168539325842696,0.0052083333333333,525.7515789473684,659.5,1.6652631578947368,0.0150684931506849,587.6055555555556,735.3760445682451,1.5027777777777778,0.010752688172043,880.8695652173913,477.82608695652175,4.648550724637682,0.011002444987775,515.9012345679013,339.8019801980198,4.3012345679012345,8,0,0,0.13565964098171335
271,202504,29,0,0.0481430536451169,1415.4212034383954,805.1895043731779,4.785100286532951,0.0078157136980666,626.0389718076285,451.8905472636816,4.000829187396351,0.010691823899371,365.9312977099237,521.4739517153748,3.3969465648854964,0.0057306590257879,487.6111111111111,498.2658959537573,5.126436781609195,0.012718600953895,365.43408360128615,359.4193548387097,1.3440514469453375,0.0028591851322373,458.158273381295,422.0571428571429,2.697841726618705,0.0097765363128491,446.5254237288136,403.1830985915493,3.367231638418079,0.0119047619047619,444.5635738831615,524.8965517241379,3.910652920962199,0.0068493150684931,598.7241379310345,307.0344827586207,2.0689655172413794,0.0011848341232227,621.2351543942993,457.39336492890993,3.802850356294537,0.005700325732899,356.4648117839607,462.78688524590166,2.148936170212766,0.0160880609652836,616.2650602409639,412.6678141135973,2.7056798623063685,0.0033557046979865,323.83838383838383,342.3569023569024,1.2132435465768798,0.0109349371241115,872.5088495575221,618.6187845303867,4.179203539823009,0.0042392840320301,468.25425330812857,407.04545454545456,2.6909262759924384,0.01861504095309,650.9665653495441,467.54545454545456,4.35258358662614,0.0034965034965034,205.72833723653395,354.25233644859816,1.1428571428571428,0.0053908355795148,252.35772357723576,483.5772357723577,2.16260162601626,0.0199667221297836,205.9047619047619,181.22033898305085,2.595238095238096,0.0040768782760629,304.0046838407494,539.7196261682243,2.9473067915690865,0.0071065989847715,315.33742331288346,423.1901840490797,1.6339468302658486,0.0096481271282633,291.6151202749141,289.8165137614679,2.445589919816724,0.0205405405405405,303.17180616740086,309.95575221238937,3.143171806167401,0.0175824175824175,325.5659955257271,621.3422818791946,3.100671140939597,0.0147392290249433,617.557603686636,464.5517241379311,4.921658986175115,0.0034168564920273,904.5606407322656,611.2328767123288,7.981693363844394,0.0046367851622874,423.6391912908243,476.1860465116279,1.0948678071539657,0.0129390018484288,306.29213483146066,417.3033707865168,4.352059925093633,0.0176390773405698,546.2908587257617,448.099173553719,2.789473684210526,0.0063795853269537,226.6881028938907,280.96153846153845,2.440514469453376,0.0,433.9708994708995,593.2978723404256,0.9497354497354498,0.0095238095238095,378.2246575342466,233.8842975206612,1.578082191780822,0.0091240875912408,1404.3956043956043,508.22222222222223,5.402930402930403,0.004920049200492,459.6534653465346,334.6666666666667,2.195544554455445,8,0,0,0.0793518622416447
272,202504,30,0,0.0797297297297297,5504.793413173653,2389.625360230548,21.61676646706587,0.5076157911097295,7069.977243994943,5390.61790668348,46.93931731984829,0.0899344848123883,1112.9645669291338,1156.2924281984335,2.721784776902888,0.0413983440662373,835.2692307692307,826.8965517241379,4.1,0.061633281972265,844.0888157894736,900.983606557377,1.5394736842105263,0.0163934426229508,872.7034383954154,694.3988269794721,2.2779369627507164,0.0213058419243986,642.3098591549295,512.0168067226891,2.566197183098592,0.0243111831442463,879.2691029900333,661.594684385382,3.338870431893688,0.0038461538461538,576.3692307692307,510.6976744186047,1.4153846153846157,0.0587570621468926,980.3365384615385,608.6330935251799,3.9038461538461537,0.1074870274277242,1314.717607973422,1241.56146179402,3.4003322259136213,0.0289855072463768,825.4126455906822,993.1239669421489,2.770382695507488,0.032626427406199,647.1022471910112,653.9932508436445,1.0786516853932584,0.0261472785485592,1236.5722100656455,1126.1031833150385,5.170678336980306,0.0123839009287925,752.4530831099196,698.5098743267505,2.8596961572832886,0.0423728813559322,718.7201767304861,742.5110782865584,2.057437407952872,0.1037433155080213,637.7511961722488,921.4285714285714,1.0502392344497609,0.0462585034013605,1513.5593220338983,1471.815561959654,4.161016949152542,0.1134969325153374,738.6319444444445,647.7931034482758,2.2256944444444446,0.0259009009009009,834.7763615295481,934.6712802768166,3.428736964078795,0.0210420841683366,747.172131147541,852.0245398773006,3.096311475409836,0.0525210084033613,641.9900332225914,406.61487236404,2.9235880398671097,0.0800405268490375,945.0660792951542,623.2599118942732,3.3237885462555066,0.1018518518518518,1714.1029748283752,1115.2614678899083,9.105263157894736,0.0428571428571428,707.6146788990826,599.448275862069,2.603211009174312,0.0128205128205128,878.6525821596244,1344.3444180522563,2.6455399061032865,0.0138674884437596,1129.1079812206572,1022.2464898595944,1.2190923317683882,0.0409982174688057,626.8888888888889,470.14925373134326,2.107407407407408,0.033068783068783,1091.021978021978,700.3814713896458,2.565934065934066,0.0063091482649842,630.0,518.5987261146497,3.392405063291139,0.0082758620689655,614.6685082872929,866.0504201680673,1.3453038674033149,0.0492021276595744,337.4257703081233,366.536312849162,0.9635854341736696,0.0556492411467116,602.3741007194244,361.2765957446808,2.284172661870504,0.0438489646772229,670.1278772378516,494.6192893401016,0.7979539641943734,6,0,0,0.2711305503662841
273,202505,1,0,0.3771839671120247,7220.766447368421,4652.980132450331,6.7993421052631575,0.0551090700344431,1322.0,1424.297253634895,2.160844841592201,0.0129870129870129,714.4450800915332,956.9107551487414,2.608695652173913,0.0121457489878542,1073.0180032733224,911.4285714285714,3.9525368248772494,0.0110803324099723,1064.150417827298,1193.4084507042253,1.5682451253481895,0.0323218997361477,777.0450204638472,629.9809264305177,2.2646657571623465,0.0133079847908745,464.7840616966581,408.83183568677794,2.205655526992288,0.0105421686746987,648.109756097561,777.0820668693009,2.359756097560976,0.0329670329670329,438.2121212121212,295.09090909090907,1.143939393939394,0.0472008781558726,715.7339449541284,826.25,4.486238532110092,0.0232394366197183,890.8695652173913,1092.2238163558106,3.027536231884058,0.0220532319391634,1066.4696734059098,1088.8646967340592,2.807153965785381,0.0114656031904287,708.2542885973764,683.891129032258,1.4641775983854692,0.0272771553823672,839.8158158158158,740.7915831663327,4.7607607607607605,0.0196160267111853,1310.2502134927413,1092.6825127334466,5.4047822374039285,0.0219123505976095,871.0949796472185,774.945652173913,3.5834464043419265,0.0209481808158765,1220.34009009009,971.891891891892,1.3896396396396395,0.016726403823178,976.5617433414044,1233.219512195122,3.2978208232445523,0.0517985611510791,739.2960725075528,1018.3536585365854,3.86404833836858,0.0273631840796019,521.7914110429448,671.668372569089,3.0245398773006134,0.005718954248366,602.2734761120264,621.8360655737705,1.5337726523887971,0.0210887690044139,503.4337349397591,631.8,2.5592369477911645,0.0473429951690821,446.4097363083165,446.4097363083165,3.105476673427992,0.0272638753651411,835.9519038076153,986.04,4.104208416833667,0.0526315789473684,1160.7781885397412,1393.6920222634508,4.282809611829944,0.0063694267515923,662.4989384288747,867.483870967742,2.1380042462845013,0.0285343709468223,818.1382978723404,1041.876675603217,1.675531914893617,0.0330578512396694,740.8873720136519,1091.917808219178,4.747440273037543,0.0267965895249695,1042.303258145363,1033.65,3.338345864661654,0.0014326647564469,718.1088825214899,639.6551724137931,2.3982808022922635,0.0215749730312837,918.664459161148,958.0176211453744,2.492273730684327,0.0147453083109919,266.3885869565217,225.9400544959128,0.8260869565217391,0.0286195286195286,864.8780487804878,463.44827586206895,2.048780487804878,0.0086741016109045,575.25,594.15,2.25,11,0,0,0.11470380622210796
274,202505,2,0,0.0732919254658385,4131.917333333334,2593.2614555256064,5.1546666666666665,0.2411684782608695,4313.652951699463,3451.3978494623657,11.0,0.0457048458149779,1309.8900462962963,1245.914844649022,3.3391203703703702,0.0240384615384615,1184.3162251655629,812.128664495114,5.758278145695364,0.0654205607476635,1585.5257142857142,1018.4571428571428,2.857142857142857,0.0145118733509234,894.2205882352941,719.5174262734585,2.644385026737968,0.0139152435167615,779.8860435339309,504.4473007712082,3.709346991037132,0.0190615835777126,1259.1017964071857,985.2537313432836,3.931137724550898,0.02,722.8934426229508,426.3414634146341,1.3360655737704918,0.0475675675675675,1400.544217687075,919.7727272727273,5.954648526077097,0.3401506996770721,2888.991974317817,3770.646766169154,7.852327447833066,0.0264550264550264,1480.185758513932,1293.738317757009,4.267801857585139,0.0577200577200577,1952.6181262729124,2061.678607983624,8.921588594704684,0.016320474777448,873.0030150753769,810.3018108651911,3.1035175879396983,0.0136872666943177,1288.457527333894,808.0067283431455,3.328847771236333,0.0344155844155844,1270.2695417789755,934.469798657718,3.2816711590296497,0.1121031746031746,1484.131696428571,863.3557046979865,2.5044642857142856,0.0188442211055276,2539.4601542416453,2312.954081632653,8.79948586118252,0.0676056338028169,1283.7831325301204,980.181818181818,2.8674698795180724,0.0226814516129032,963.5958762886598,845.8204334365325,3.1762886597938143,0.0089795918367346,861.8881578947369,896.1386138613861,1.6924342105263157,0.0814376706096451,886.6268656716418,609.2899408284023,2.599004975124378,0.0610902255639097,668.64,836.7535070140281,3.102,0.071907957813998,2331.260869565217,2180.2123711340205,9.784679089026914,0.0527325023969319,1905.3367346938776,1446.6265060240964,4.993877551020408,0.0114583333333333,1592.7362869198312,1639.098947368421,3.0970464135021096,0.0261479591836734,1401.0,1185.9973924380704,2.1355263157894737,0.0234113712374581,1639.5876288659797,1456.382252559727,5.580756013745704,0.0157766990291262,1193.8669950738915,638.9629629629629,3.0541871921182264,0.0057061340941512,1226.2285714285715,957.4063400576368,3.0228571428571427,0.0173160173160173,1394.9052863436125,1169.603524229075,2.462555066079295,0.0479192938209331,530.5198938992042,642.3809523809524,0.6657824933687002,0.0480928689883913,1174.8327526132405,703.0662020905924,3.797909407665505,0.020910209102091,1043.4723618090452,896.5326633165829,3.64070351758794,6,0,0,0.3454444989564547
275,202505,3,0,0.2002503128911139,3569.05900621118,1531.0410094637225,9.599378881987578,0.0249192431933548,838.9583333333334,848.6849574266793,2.367424242424242,0.0125412541254125,614.0147058823529,489.9465240641711,2.340909090909091,0.0087976539589442,662.2396856581532,450.53465346534654,3.5579567779960706,0.0128388017118402,1113.7884057971014,905.7060518731988,2.895652173913044,0.0406441717791411,1513.2432,1248.88178913738,7.8448,0.014792899408284,400.93383458646616,394.0029985007496,2.369924812030076,0.0477001703577512,1317.0106761565837,1346.546762589928,4.387900355871886,0.0284360189573459,352.8932038834951,89.33333333333333,1.2135922330097086,0.053133514986376,1793.810888252149,1418.323699421965,5.747851002865329,0.1336405529953917,935.4642857142856,853.2042253521126,1.8410714285714285,0.1214802896218825,2228.978102189781,2663.4926470588234,5.4726277372262775,0.034813925570228,1608.9739130434782,1855.6662515566625,8.562732919254659,0.0264937993235625,464.8178654292344,360.8913294797688,2.6345707656612527,0.0162757300143609,755.7892682926829,670.1941747572815,3.144390243902439,0.0143312101910828,1439.05,1147.8640776699028,2.1354838709677417,0.0266666666666666,1100.3844393592678,776.9931662870159,2.9725400457665905,0.0193861066235864,1046.950819672131,523.1125827814569,3.088524590163934,0.0519713261648745,563.5735849056604,541.8181818181819,2.569811320754717,0.0176937156802928,761.3192546583851,761.7391304347826,3.0608695652173914,0.0066666666666666,717.0403587443947,720.0,3.68609865470852,0.0271247739602169,609.0370370370371,493.8805970149254,3.6432098765432097,0.0507011866235167,600.4090909090909,375.0,2.5977272727272727,0.0291970802919708,787.0628140703518,1116.2625,5.547738693467337,0.0615384615384615,1118.4,868.8549618320611,3.175,0.0116429495472186,714.1653543307086,949.6579634464752,2.6981627296587924,0.0435078178110129,1107.942857142857,1045.968882602546,2.0342857142857143,0.0162271805273833,867.1604938271605,1353.2231404958677,5.5473251028806585,0.0212765957446808,1591.3982558139537,1707.7456647398844,5.101744186046512,0.0087108013937282,726.9187279151944,798.2517482517483,3.7703180212014136,0.0061124694376528,884.2309582309582,858.1773399014778,1.975429975429976,0.0150684931506849,159.45555555555555,287.79944289693594,0.7527777777777778,0.0345454545454545,1440.0,736.2406015037594,8.116981132075471,0.0138888888888888,881.4717741935484,578.7951807228916,2.669354838709677,11,0,0,0.24256507064793786
276,202505,4,0,0.2685082872928176,6543.635542168675,3576.909090909091,6.340361445783133,0.0067406819984139,923.4289137380192,817.6376695929769,1.823482428115016,0.0267045454545454,1249.4042056074766,1177.806301050175,5.174065420560748,0.0071656050955414,773.7996794871794,727.9935794542536,2.719551282051282,0.0299479166666666,1506.4596774193549,1302.3056300268097,1.6720430107526882,0.0450928381962864,2371.4549237170595,1825.6189151599444,5.8613037447988905,0.0057877813504823,707.361038961039,610.2061855670103,2.657142857142857,0.0223214285714285,2175.779816513761,1492.3636363636365,4.17125382262997,0.0048309178743961,711.1923076923077,525.5294117647059,1.7115384615384617,0.0516853932584269,1734.4549763033176,1756.0663507109005,5.798578199052133,0.0171232876712328,1091.6592489568843,1314.63687150838,1.5785813630041725,0.0585618977020014,1443.4785373608904,1489.0483619344773,2.7742448330683627,0.0143777887952404,1421.4084507042253,1605.4527162977868,1.4255533199195172,0.0340527577937649,1251.7398212512412,1094.0019860973189,5.297914597815293,0.0134284515316827,993.8304940374788,855.4970263381479,3.3168654173764907,0.0106382978723404,1308.437583892617,1330.820995962315,3.3838926174496646,0.0100558659217877,2595.9686098654706,3459.818181818182,5.65695067264574,0.0096153846153846,815.8837772397094,972.5547445255474,1.9854721549636805,0.0233576642335766,928.4760479041915,1158.089552238806,2.655688622754491,0.0140041493775933,910.4842105263158,1000.0630914826498,2.841052631578948,0.001639344262295,1023.152709359606,1059.2118226600985,3.3858784893267653,0.0101677681748856,737.9012345679013,830.4615384615385,2.2777777777777777,0.0471607314725697,697.5303643724696,613.6693548387096,3.257085020242915,0.0162523900573613,1022.4796116504856,1325.3696498054476,3.198058252427185,0.0451781059947871,1226.7741347905285,1212.9818181818182,3.551912568306011,0.0101010101010101,953.2560975609756,942.1782786885246,2.1686991869918697,0.0250941028858218,1902.9011553273428,1844.9806451612903,3.4326059050064184,0.0840197693574958,1647.741935483871,2084.187725631769,5.519713261648746,0.0414691943127962,1581.3226600985222,1528.0719602977667,3.667487684729064,0.0465753424657534,959.5561959654178,1479.1977077363897,2.956772334293948,0.0075512405609492,2961.825327510917,2835.714285714286,5.593886462882096,0.0367847411444141,242.71388101983004,191.8700564971752,0.5807365439093485,0.0254237288135593,2222.826989619377,1344.5454545454545,6.384083044982699,0.0142118863049095,1508.125,1348.9709762532982,4.927083333333333,11,0,0,0.24667379384869137
277,202505,5,0,0.3152762730227519,6536.425396825397,3010.2208201892745,11.282539682539683,0.0846441947565543,2582.179655455291,2074.089795918367,5.364232977850698,0.0221833041447752,1337.6562874251497,1125.384523809524,3.267065868263473,0.0136436597110754,1025.445705024311,894.6078431372549,3.434359805510535,0.0318559556786703,1660.103151862464,1597.8857142857144,1.521489971346705,0.0747422680412371,2785.7768479776846,2179.443671766342,3.079497907949791,0.0083014048531289,770.6033376123235,641.3178294573644,2.1707317073170733,0.06,2721.768292682927,2230.3636363636365,4.25,0.0,683.2857142857143,498.0252100840336,1.4285714285714286,0.2234533702677747,3458.764845605701,3243.0,11.700712589073634,0.0371408549404344,1589.9120234604106,1762.1098265895953,5.288856304985337,0.0694645441389291,1412.4760432766616,1501.3145539906104,3.010819165378671,0.0149402390438247,1471.1567239635997,1508.3427704752276,1.2912032355915066,0.024793388429752,2100.320679320679,1735.8805970149251,5.581418581418581,0.035383996783273,1197.0656691604322,1088.979933110368,3.427265170407315,0.0245847176079734,1739.5720164609054,1276.2381596752368,3.0973936899862826,0.036214953271028,1829.9004854368927,2074.285714285714,2.657766990291262,0.0181598062953995,2677.5742574257424,3178.083538083538,7.735148514851486,0.0536723163841807,1310.8179104477613,1446.6268656716418,2.4716417910447763,0.0188295165394402,910.2484472049688,1034.095634095634,3.1625258799171845,0.0041288191577208,1575.820895522388,1487.0646766169154,3.82089552238806,0.0276699029126213,755.4870775347913,711.8154463390171,2.106361829025845,0.0961015412511332,868.92,716.7967806841046,2.966,0.0438931297709923,1436.2445328031808,1376.6092184368738,3.05765407554672,0.0761812921890067,1999.1464435146445,1509.5,3.194560669456067,0.0092213114754098,1470.6507276507275,1410.1234567901236,2.3264033264033266,0.0815709969788519,1755.8513157894736,1558.5,3.103947368421053,0.071656050955414,2451.3698630136987,2863.298969072165,8.513698630136986,0.0246609124537607,2155.984924623116,2472.5190839694656,6.314070351758794,0.0457697642163661,1081.391304347826,1028.0466472303208,2.5159420289855072,0.0,1969.4340909090909,2278.374717832957,3.856818181818182,0.0476190476190476,172.80789473684212,231.31578947368425,0.9526315789473684,0.0272108843537414,2516.438596491228,1405.0871080139373,3.592982456140351,0.2055974165769644,6110.315363881402,4816.348773841962,22.474393530997304,5,0,0,0.47995013726005253
278,202505,6,0,0.2920143027413587,6706.690476190476,3405.2,7.302721088435374,0.4112179487179487,6721.369936034115,5477.486095661847,23.391257995735607,0.0636942675159235,1519.1702997275204,1538.4782608695652,4.167574931880109,0.0395584176632934,913.868068833652,933.6276391554702,2.808795411089866,0.0703125,1346.8322147651006,1465.858585858586,1.942953020134228,0.0754583921015514,2575.029007633588,1834.939024390244,5.798473282442748,0.0104166666666666,1051.176966292135,825.6100981767181,2.355337078651685,0.0726978998384491,2221.048951048951,1462.9166666666667,5.653846153846154,0.0669456066945606,531.6306306306307,557.1428571428571,1.09009009009009,0.1197478991596638,1529.2124105011933,1519.9045346062053,5.0381861575179,0.1826265389876881,3119.0183639399,2565.0251677852348,11.719532554257096,0.0618792971734148,1414.785016286645,1481.042345276873,4.061889250814332,0.0331161780673181,1306.1486486486488,1334.1097424412094,1.326576576576577,0.0399137001078748,2149.780269058296,1988.8513513513512,6.006726457399103,0.0364493996569468,834.9311885612153,733.1382978723404,2.122430741733691,0.0505780346820809,1401.968229954614,1105.543644716692,3.178517397881997,0.1471571906354515,1368.9182058047493,1614.7150259067355,3.2189973614775726,0.0473537604456824,1988.4457478005863,1919.3002915451896,8.193548387096774,0.0706260032102728,1102.5590277777778,1017.7319587628866,2.986111111111111,0.0315366972477064,1251.6113744075828,1317.2307692307693,3.791469194312796,0.0315040650406504,1896.729559748428,1981.0084033613448,3.658280922431866,0.0756123535676251,1055.0,1119.8394495412845,2.497685185185185,0.0925553319919517,1179.8761061946902,1203.3333333333333,2.7765486725663715,0.1118077324973876,1680.1777251184835,1553.9953271028037,3.409952606635071,0.116156282998944,1688.5727923627685,1332.488038277512,3.947494033412888,0.0136208853575482,1320.9654377880183,1352.8275862068965,2.5023041474654377,0.0405727923627685,1536.5829145728644,1682.7586206896551,2.038525963149078,0.0578661844484629,981.9847328244276,988.2625482625484,3.866412213740458,0.0361757105943152,1286.6363636363635,1232.9032258064517,4.839572192513369,0.1176470588235294,1257.6,1568.0,2.8666666666666667,0.00625,1212.5394321766562,1710.846394984326,2.1293375394321767,0.0456989247311828,510.2338028169014,589.3521126760563,0.9887323943661972,0.0330275229357798,3943.802281368821,2773.409090909091,17.15209125475285,0.1291428571428571,3675.509138381201,2698.7335092348285,7.639686684073107,6,0,0,0.45190203036189314
279,202505,7,0,0.1917808219178082,760.7661538461539,824.074074074074,2.815384615384616,0.040192926045016,884.8691983122363,878.1047381546134,3.292827004219409,0.0142579390797148,487.5190538764783,514.7368421052631,2.9855453350854138,0.0086430423509075,566.9144851657941,623.3101045296168,3.155322862129145,0.011182108626198,643.8585209003215,561.6233766233767,2.0257234726688105,0.0147275405007363,540.8313432835821,799.9401197604791,3.0850746268656715,0.0068166325835037,388.9259259259259,393.2967032967033,3.353909465020576,0.01669449081803,934.8648648648648,507.6450511945392,3.435810810810811,0.0289256198347107,349.4406779661017,326.9145299145299,1.0338983050847457,0.0288248337028824,566.0869565217391,629.1116173120729,2.2311212814645307,0.0478359908883826,726.2200956937799,1137.2248803827752,3.566188197767145,0.0221518987341772,838.0933977455717,638.1463414634146,2.998389694041868,0.0092491838955386,624.6052631578947,661.4521452145215,2.0734649122807016,0.0174418604651162,1194.9870689655172,939.8925886143932,5.102370689655173,0.0111253744116388,586.848615916955,434.0259740259741,2.2491349480968856,0.0231046931407942,566.1792592592593,657.787610619469,2.0844444444444443,0.0169270833333333,985.445623342175,631.7460317460317,3.8090185676392574,0.0196850393700787,696.984126984127,676.0975609756098,3.1693121693121693,0.0276422764227642,522.95,524.496644295302,2.803333333333333,0.0090191657271702,413.3788395904437,463.27645051194537,2.037542662116041,0.0040281973816717,243.90243902439025,353.48088531187125,1.103658536585366,0.0171122994652406,318.34602829162134,436.3873775843308,2.002176278563656,0.0374115267947421,357.9746835443038,538.1171548117155,1.9177215189873416,0.0170757737459978,537.3528138528138,764.6710239651416,3.54978354978355,0.0134680134680134,480.9567198177676,527.4545454545455,2.6765375854214124,0.0031948881789137,586.0831556503198,630.3211991434689,3.3837953091684434,0.0078431372549019,829.1074249605056,987.9113924050632,7.292259083728278,0.0074487895716946,466.0674157303371,409.1729323308271,2.535580524344569,0.0103092783505154,679.9636363636364,638.8511749347258,2.296103896103896,0.0016025641025641,348.2692307692308,664.823151125402,2.121794871794872,0.0031897926634768,469.1961414790997,402.61146496815286,2.627009646302251,0.006765899864682,464.8038147138965,206.15803814713897,1.040871934604905,0.0074211502782931,531.4606741573034,525.0,2.647940074906367,0.0150187734668335,758.7786259541984,730.3553299492386,3.460559796437659,8,0,0,0.0487820739799687
280,202505,8,0,0.1007281553398058,3020.483870967742,1553.658536585366,8.379032258064516,0.0120481927710843,642.3867403314918,714.3905882352941,2.299921073401737,0.005871990604815,533.1603773584906,544.5443786982248,3.056603773584906,0.0153256704980842,593.075117370892,521.702786377709,3.032863849765258,0.019471488178025,1273.210826210826,1185.4237288135594,1.7635327635327636,0.0248322147651006,1003.9944827586208,734.5879120879121,3.1544827586206896,0.0093052109181141,629.9248120300751,515.0688360450563,2.971177944862156,0.0195195195195195,1075.753846153846,932.1951219512196,3.8430769230769233,0.0232558139534883,1496.3877551020407,910.9795918367348,5.73469387755102,0.0737279335410176,1911.121076233184,1531.0762331838564,6.910313901345291,0.0154820548909218,727.9583931133429,817.8632478632478,2.226685796269728,0.2001282873636946,3320.6084243369733,2807.920792079208,18.726989079563182,0.0173160173160173,898.2941176470588,884.3988269794721,2.434313725490196,0.0146986771190592,323.44234592445326,424.3512437810945,2.4324055666003974,0.0142334282228548,770.8596201486375,616.7188788128607,2.8216350123864573,0.0104031209362808,1057.7279894875164,591.484888304862,1.9080157687253607,0.0084745762711864,1105.330900243309,1106.3235294117646,2.7153284671532845,0.0269636576787807,882.689156626506,949.8795180722892,2.667469879518072,0.0217706821480406,698.75,719.112426035503,2.619047619047619,0.0065097646469704,452.6612903225807,440.9274193548387,1.814516129032258,0.0056864337936636,420.0977198697069,465.8360655737705,0.9218241042345277,0.0271170313986679,359.47162426614483,392.8445747800587,1.8150684931506849,0.0548837209302325,389.1732283464567,373.66141732283467,2.3602362204724407,0.0125,1045.920233463035,1275.187134502924,4.961089494163424,0.0616246498599439,976.376,931.6039603960396,3.168,0.0040691759918616,732.5664621676891,789.3061224489796,1.8936605316973416,0.0275817831943553,2239.022457067372,2211.620553359684,11.241743725231176,0.0132450331125827,876.8456375838927,1030.8724832214766,2.946308724832215,0.008443908323281,1416.6642335766423,1092.7007299270074,4.9464720194647205,0.0014388489208633,475.1724137931034,622.1965317919075,1.885057471264368,0.0104651162790697,1216.3443396226414,1080.1405152224825,3.233490566037736,0.014647137150466,496.4582210242588,373.0081300813008,0.6442048517520216,0.0035460992907801,1959.139784946237,941.5547703180212,3.698924731182796,0.0112219451371571,1696.6666666666667,1140.0,2.1237373737373737,11,0,0,0.17873662287592518
281,202505,9,0,0.2732300884955752,6945.661585365854,3300.3647416413373,11.210365853658535,0.0116234017822549,811.5340642129992,887.4725274725274,2.062646828504307,0.004697592483852,760.5731132075472,581.7945690672964,1.793632075471698,0.0101010101010101,494.6938775510204,457.5824175824176,2.938775510204082,0.0290055248618784,1435.3675213675217,1056.9886363636365,4.327635327635328,0.0288397048960429,2105.8744827586206,1549.2946058091286,4.76551724137931,0.0087609511889862,667.4861111111111,581.1363636363636,2.2323232323232323,0.0276967930029154,2101.9760479041915,1216.936936936937,6.961077844311378,0.0159362549800796,945.2845528455284,984.6774193548388,1.0731707317073171,0.0502673796791443,1363.8202247191011,1510.428893905192,3.865168539325843,0.0176429075511644,975.1506456241032,1256.1151079136691,2.5251076040172165,0.1618421052631579,1780.4871382636657,1777.085889570552,3.6237942122186495,0.011611030478955,902.18359375,1106.6732090284593,1.205078125,0.0185094982951777,410.8621031746032,460.8738828202582,2.429563492063492,0.0141414141414141,763.3040983606558,801.983606557377,2.3868852459016394,0.0122818358112475,887.1771653543307,907.5195822454308,1.9763779527559056,0.0131736526946107,1207.126213592233,1122.0873786407767,2.771844660194174,0.0095923261390887,1510.0,1310.6796116504854,2.6497584541062804,0.0438472418670438,574.6952662721893,638.3431952662722,2.2810650887573964,0.0085901970692268,498.551269035533,675.10747185261,2.0944162436548224,0.0,650.3448275862069,818.1996726677578,0.7257799671592775,0.0210023866348448,885.0877192982456,865.5804878048781,1.8567251461988303,0.0410065237651444,510.5242718446602,534.2801556420234,2.0349514563106794,0.0214152700186219,1215.5542857142857,1191.0950570342206,2.9104761904761904,0.0811059907834101,1119.3227091633466,1053.6969696969695,2.440239043824701,0.0020181634712411,679.5951417004048,554.9090909090909,1.864372469635628,0.0163185378590078,2566.8253968253966,2862.02396804261,10.154761904761903,0.0165837479270315,763.581081081081,808.2828282828283,3.314189189189189,0.0292740046838407,1394.1658653846157,1419.951573849879,3.3485576923076925,0.0057887120115774,651.9298245614035,906.0869565217392,2.456140350877193,0.008235294117647,1208.3466981132076,1442.0047732696898,2.332547169811321,0.0093582887700534,382.6756756756757,604.5283018867924,0.8189189189189189,0.0209059233449477,1993.8790035587188,1336.0142348754448,3.04982206405694,0.0112781954887218,1387.4809160305344,1271.2121212121212,2.946564885496183,11,0,0,0.2138904314200455
282,202505,10,0,0.0971014492753623,692.349358974359,860.2572347266881,3.051282051282051,0.002660753880266,423.6234458259325,521.7275155832591,1.854351687388988,0.0089470061940812,249.06648199445985,288.88579387186627,1.988919667590028,0.0057306590257879,394.7001934235977,260.7251908396947,4.1353965183752415,0.0014326647564469,825.8534482758621,906.189111747851,4.841954022988506,0.0153721682847896,571.4909688013137,570.9868421052631,3.916256157635468,0.0065837600585223,334.93657817109147,297.2647058823529,2.62094395280236,0.0017953321364452,687.6258992805756,696.4748201438849,4.503597122302159,0.0186046511627906,646.7547169811321,248.2952380952381,1.009433962264151,0.0173564753004005,347.479674796748,452.0435967302452,1.91869918699187,0.0068259385665529,441.5463917525773,493.29896907216494,1.845360824742268,0.0122807017543859,871.2964285714286,679.8233215547704,2.7928571428571427,0.0042194092827004,781.0157194679565,631.3454545454546,3.3035066505441355,0.0108820160366552,224.05909617612977,276.0416666666667,2.836616454229432,0.005,506.34885844748857,554.0950639853747,2.179908675799086,0.0086206896551724,518.3201892744479,470.9667194928685,2.050473186119874,0.0036540803897685,788.9705882352941,842.780487804878,2.897058823529412,0.0063795853269537,518.9032258064516,553.035143769968,2.7516129032258063,0.0128676470588235,401.0408921933085,474.8507462686568,1.8921933085501856,0.0048929663608562,358.44636251541306,323.8235294117647,1.8002466091245375,0.0,231.5604395604396,422.5165562913907,1.0923076923076922,0.0067073170731707,273.7539975399754,239.77941176470588,2.103321033210332,0.0252469813391877,303.7752808988764,360.0,2.534831460674157,0.0072115384615384,552.7415458937198,735.1043689320388,5.260869565217392,0.0341047503045067,596.390977443609,497.66497461928935,2.2681704260651627,0.002466091245376,346.82758620689657,460.64516129032256,1.679802955665025,0.005057803468208,1008.2096069868996,1075.8260869565215,4.119359534206696,0.0062370062370062,381.3389121338912,826.1924686192468,1.6820083682008369,0.002840909090909,316.27840909090907,412.9714285714286,2.207386363636364,0.0105448154657293,189.1814946619217,170.85106382978722,2.01423487544484,0.0130039011703511,884.5567282321899,725.5263157894736,2.79155672823219,0.0041095890410958,251.72602739726028,254.7513812154696,0.9917808219178084,0.0038240917782026,628.6153846153846,343.67816091954023,1.9923076923076923,0.0046948356807511,358.29383886255926,818.8732394366198,1.1184834123222749,8,0,0,0.05719321052269977
283,202505,11,0,0.0992167101827676,3695.9302325581393,1423.0057803468208,9.505813953488373,0.0062794348508634,803.7415019762846,689.4080505130229,1.834782608695652,0.0101311084624553,516.0,528.8086642599278,1.651807228915663,0.0038255547054322,747.439024390244,821.795665634675,3.448170731707317,0.0092348284960422,1627.672,1575.3191489361702,4.602666666666667,0.0062240663900414,767.606397774687,742.9805013927577,2.1001390820584143,0.0056854074542008,587.0076433121019,688.2889733840304,2.782165605095541,0.0045180722891566,679.0332326283988,636.0,4.120845921450151,0.0047846889952153,849.2190476190476,336.6990291262136,1.9428571428571428,0.0045146726862302,951.0,933.393665158371,2.643181818181818,0.0089531680440771,745.9527121001391,762.25,1.5577190542420027,0.0223826714801444,823.8161764705883,815.4302670623146,4.879411764705883,0.0053372149442018,2336.418786692759,2214.5719844357977,6.309197651663405,0.0093549975381585,910.889552238806,989.0168818272095,5.355223880597015,0.0057471264367816,635.2097440132122,601.2386457473162,2.56317093311313,0.0205523442517662,1002.9960578186596,1033.6649214659683,1.5348226018396849,0.0023724792408066,1083.4668246445497,947.3985680190932,3.5023696682464456,0.0036057692307692,809.0602409638554,657.3913043478261,2.0072289156626506,0.0256045519203413,652.6315789473684,898.2507288629738,1.6198830409356726,0.0123520329387545,622.3995837669095,749.4363256784968,2.368366285119667,0.0032414910858995,641.1400651465798,803.8636363636364,1.9039087947882736,0.0110552763819095,705.4416243654822,683.3774160732452,2.5461928934010154,0.0145067698259187,978.3070866141732,1084.358121330724,5.675196850393701,0.008411214953271,822.2919020715631,1072.754716981132,3.3860640301318266,0.0249520153550863,855.5029585798817,808.6444007858546,1.9566074950690333,0.0019880715705765,726.3652694610779,648.3101391650099,2.3273453093812377,0.0044529262086513,1677.69820971867,1536.2452107279694,4.173913043478261,0.0137221269296741,670.625,667.1080139372822,2.677083333333333,0.0107270560190703,665.5373493975903,746.0240963855422,2.5831325301204817,0.0014619883040935,557.2434017595308,616.3157894736842,2.5425219941348973,0.003452243958573,1407.76267281106,1282.638888888889,2.850230414746544,0.0155148095909732,605.8395415472779,442.6934097421204,0.4641833810888252,0.0175438596491228,657.8571428571429,499.5,2.325,0.0042016806722689,1028.403361344538,757.1186440677966,1.781512605042017,1,0,0,0.11771485936159098
284,202505,12,0,0.1005221932114882,2164.25,1145.391304347826,3.779069767441861,0.0058456742010911,637.0478056426332,686.2588235294118,1.4592476489028212,0.0064935064935064,623.1107142857143,555.5160142348755,2.0892857142857144,0.00234375,672.5859375,553.2810047095761,3.3671875,0.025,1204.6353276353277,1286.6666666666667,2.202279202279202,0.0143835616438356,1109.9233983286908,960.733703190014,3.211699164345404,0.0168329177057356,717.5279187817259,713.5361216730038,3.021573604060914,0.0237037037037037,1346.4437689969604,978.7272727272727,4.808510638297872,0.0118343195266272,451.4011976047904,233.5329341317365,3.4491017964071857,0.0216684723726977,925.683628318584,802.4833702882484,3.838495575221239,0.0093056549749463,586.2337662337662,719.8263386396527,1.6002886002886003,0.0320466132556445,1268.5722891566263,1100.3007518796992,5.125,0.0068292682926829,962.5343811394893,1060.6090373280942,3.350687622789784,0.0131964809384164,483.8216055500495,560.3287128712872,2.616451932606541,0.0085574572127139,545.5838815789474,649.4494658997535,2.9514802631578947,0.0130378096479791,730.442536327609,751.3870541611625,1.9788639365918097,0.0077922077922077,1888.6335078534032,1711.0994764397906,5.5863874345549736,0.003610108303249,713.6231884057971,906.231884057971,1.6376811594202898,0.0381355932203389,572.4193548387096,632.2941176470588,2.129032258064516,0.0248508946322067,782.2344546381244,780.0,3.102956167176351,0.0081234768480909,678.7561374795417,813.2459016393443,2.3960720130932898,0.0098280098280098,1261.7244796828545,1022.3260437375744,3.851337958374629,0.0255924170616113,578.2135922330098,683.5087719298245,4.238834951456311,0.0122641509433962,746.906309751434,745.1583969465648,3.038240917782027,0.0179461615154536,703.6924643584522,619.3117408906883,3.018329938900204,0.0040281973816717,500.22222222222223,649.4331983805668,1.6646464646464647,0.0091264667535853,1106.6052631578948,1150.0263157894738,3.513157894736842,0.1535211267605633,810.0,711.0299003322259,2.046666666666667,0.0060459492140266,850.7834549878346,958.8661800486618,3.231143552311436,0.0115440115440115,1063.2732558139537,1135.6011730205278,3.732558139534884,0.001187648456057,1673.797619047619,1642.6603325415676,11.038095238095238,0.0052631578947368,223.07407407407408,154.44444444444446,0.8121693121693122,0.0176991150442477,948.519855595668,900.0,2.234657039711191,0.0100125156445556,960.7575757575758,883.746835443038,2.5656565656565657,10,0,0,0.07883255670618416
285,202505,13,0,0.0977653631284916,1110.4276923076925,540.5607476635514,6.446153846153846,0.0073710073710073,386.6446826051113,570.2725020644095,1.4220939818631493,0.0104031209362808,367.93307086614175,374.2894736842105,2.631233595800525,0.0026714158504007,414.9371633752244,344.9733570159858,3.5493716337522443,0.0,572.6983606557377,510.2950819672131,1.8950819672131147,0.0090634441087613,432.42009132420094,358.35114503816794,2.2617960426179606,0.0047912388774811,369.8559670781893,386.5655172413793,2.957475994513032,0.0102915951972555,1010.4166666666666,559.7231833910034,3.9722222222222223,0.0160642570281124,1199.885245901639,956.6747967479674,1.836065573770492,0.0289532293986636,1406.2068965517242,1009.0160183066362,6.282758620689656,0.0047885075818036,278.8121990369181,300.86538461538464,2.446227929373997,0.0088,769.8132045088566,653.7864077669902,3.9388083735909833,0.0075675675675675,422.0892274211099,396.1832061068702,1.1371055495103373,0.0082191780821917,220.7179203539823,245.0386313465784,2.047566371681416,0.0069991251093613,465.505291005291,382.5,2.895943562610229,0.0022404779686333,482.75748502994014,513.2335329341317,2.455089820359281,0.0106241699867197,538.6091644204852,459.7860962566845,2.506738544474393,0.0107095046854083,326.1788617886179,564.3243243243244,1.1300813008130082,0.0449438202247191,338.77852348993287,495.1515151515151,2.2751677852348995,0.003452243958573,512.6882217090069,369.4226327944573,2.773672055427252,0.013091641490433,246.35437881873727,297.5460122699387,2.2688391038696536,0.011640798226164,384.80898876404495,546.4501679731243,2.752808988764045,0.0360453141091658,395.2564102564103,440.0,2.801282051282051,0.0076838638858397,357.8048780487805,492.8962472406181,2.809312638580931,0.0057537399309551,496.2314814814815,581.3888888888889,3.4722222222222223,0.0010940919037199,244.81359649122808,393.6105032822757,1.5,0.0064153969526864,455.1290322580645,485.0403877221325,2.17258064516129,0.0037878787878787,414.7528517110266,639.2395437262358,4.973384030418251,0.0092348284960422,750.0904255319149,763.36,5.579787234042553,0.0049019607843137,672.0756578947369,547.8688524590164,3.6414473684210527,0.0,500.050505050505,747.2909698996656,2.269360269360269,0.0125173852573018,298.3774647887324,229.69014084507043,1.6,0.0146252285191956,1161.6974169741698,816.4925373134329,1.811808118081181,0.0050568900126422,475.2791878172589,401.2213740458016,3.1294416243654823,8,0,0,0.06714983590745416
286,202505,14,0,0.1760840998685939,7079.777777777777,3672.307692307693,24.06031746031746,0.013098649201801,766.5431893687708,873.4548467274234,1.8230897009966776,0.0097339390006489,743.587385019711,669.4117647058823,3.1800262812089355,0.0102301790281329,1275.7079037800688,650.7772020725389,6.9106529209622,0.0032102728731942,774.4258064516129,683.5369774919615,1.1,0.0284879474068663,1197.3013493253372,877.3755656108598,2.3583208395802098,0.0033670033670033,778.6084010840109,518.5714285714286,3.5365853658536586,0.011705685618729,1985.929054054054,909.3559322033898,6.5608108108108105,0.0544747081712062,1252.9754098360656,892.1074380165289,1.5819672131147542,0.0868167202572347,2155.3411764705884,1469.227166276347,6.823529411764706,0.0125195618153364,681.1708860759494,645.5238095238095,1.9272151898734176,0.0275590551181102,1112.0485436893205,937.1474878444084,3.7540453074433655,0.0113452188006482,715.32056892779,616.9650655021834,1.4934354485776806,0.0151597184623714,2297.1489594742607,2428.079470198676,13.35815991237678,0.0173434856175972,974.2025862068964,752.8116938950989,3.660344827586207,0.0550070521861777,1158.061011904762,1093.562874251497,2.540178571428572,0.0053262316910785,1184.3887399463806,1152.8342245989304,2.3270777479892764,0.0079575596816976,684.5744680851063,772.9032258064516,1.1329787234042554,0.0208667736757624,634.3137254901961,503.6842105263158,2.0098039215686274,0.0078431372549019,647.5441176470588,823.021420518602,2.5463800904977374,0.0079522862823061,726.8537074148296,576.4328657314629,1.8496993987975952,0.0133689839572192,704.3648208469056,748.961038961039,2.565689467969598,0.0406917599186164,656.0297872340426,713.1501057082453,3.4638297872340424,0.0203644158628081,870.0131578947369,777.1244541484716,3.1535087719298245,0.0435255712731229,1306.5,862.4145785876993,2.825,0.0021436227224008,786.6301075268817,817.8476394849786,1.5182795698924731,0.0255417956656346,1097.2380952380952,1196.470588235294,1.7571428571428571,0.0273722627737226,727.6404494382023,735.1127819548872,6.02621722846442,0.0219072164948453,1926.4564643799472,1748.2105263157894,10.089709762532982,0.0449612403100775,605.8441558441558,507.27272727272725,2.639610389610389,0.0,1163.6474358974358,1208.0254777070063,1.9102564102564104,0.0080753701211305,211.0108695652174,90.2059620596206,1.7934782608695652,0.011090573012939,2031.4200743494423,1423.533834586466,7.048327137546468,0.1713961407491487,5119.945054945055,4056.229508196721,19.47252747252747,11,0,0,0.29442852222726157
287,202505,15,0,0.2222222222222222,6122.236760124611,3670.4024767801857,5.554517133956386,0.0139426800929512,991.3697875688434,1081.4588235294118,2.646734854445319,0.0100354191263282,966.6551724137933,949.5215311004785,3.3590963139120094,0.046875,2724.124223602485,2591.9623233908947,11.951863354037268,0.0069444444444444,908.4649859943978,790.5586592178771,0.9971988795518208,0.0547588005215123,2074.0055248618783,1629.3388429752067,3.600828729281768,0.0182998819362455,1146.2079806529623,794.9282296650717,4.238210399032648,0.029585798816568,1779.2682926829268,1221.9512195121952,5.963414634146342,0.0034965034965034,1116.1608391608393,732.2535211267606,0.993006993006993,0.0744570837642192,1077.7232142857142,1066.8456375838923,3.305803571428572,0.0182841068917018,909.7994269340974,1100.888252148997,1.8911174785100289,0.0297532656023222,974.4707646176912,1090.2089552238806,2.376311844077961,0.0164648910411622,874.4458661417323,897.576354679803,1.0836614173228347,0.1025526197939991,936.2747252747253,902.1535393818544,3.367632367632368,0.0311720698254364,2129.0161977834614,2129.3264248704663,6.774083546462063,0.0258064516129032,1289.2214854111403,1037.857142857143,2.485411140583554,0.0108958837772397,1005.5487804878048,1266.3390663390664,1.4780487804878049,0.0269953051643192,1036.8115942028985,1229.4939759036145,1.6980676328502415,0.0190895741556534,1914.6966966966968,1403.2835820895525,5.387387387387387,0.0096300050684237,842.5255623721881,1001.8032786885246,2.8220858895705523,0.0080321285140562,797.1844660194175,858.0875202593193,3.1084142394822005,0.0211742059672762,786.6666666666666,858.7610619469026,2.191740412979351,0.0464684014869888,724.093567251462,623.5087719298245,2.608187134502924,0.0235849056603773,963.8665377176015,825.7548262548263,3.655705996131528,0.0387890255439924,1020.6205533596838,1314.235294117647,2.430830039525692,0.008080808080808,904.8940936863544,782.4439918533604,2.0224032586558045,0.0150130548302872,1057.082228116711,1013.1655629139073,1.339522546419098,0.0148760330578512,627.3648648648649,755.6,2.6722972972972974,0.0221962616822429,1185.3365155131264,1208.1818181818182,2.60381861575179,0.0593103448275862,1080.701754385965,971.6470588235294,3.1374269005847952,0.0059952038369304,1300.8072289156626,1625.2173913043478,2.0650602409638554,0.0066401062416998,269.0614973262032,199.41176470588235,0.786096256684492,0.0160427807486631,4798.596363636364,2934.5848375451264,7.843636363636364,0.0565583634175691,2658.3673469387754,2315.3571428571427,2.9285714285714284,11,0,0,0.2187445777222855
288,202505,16,0,0.2775175644028103,6655.12987012987,4015.533980582524,11.11038961038961,0.045781309118426,1902.595425867508,1848.0382775119613,3.678233438485804,0.0171699230313795,1307.1807228915663,832.4096385542168,2.427710843373494,0.0454545454545454,3587.1070287539937,2637.255520504732,8.646964856230031,0.0387275242047026,2040.066091954023,1501.5561959654178,1.7155172413793105,0.1476014760147601,3270.7004341534007,2941.5539568345325,5.952243125904486,0.0129107981220657,986.5666666666668,746.7220902612827,3.398809523809524,0.4367301231802911,5085.36,4777.470355731225,15.016,0.0212765957446808,836.6258992805756,801.021897810219,0.841726618705036,0.3341625207296849,4246.403940886699,3525.491183879093,7.958128078817734,0.0414364640883977,1680.0,1732.4028776978416,2.715728715728716,0.1265993265993266,1677.6676923076925,2003.740340030912,3.5984615384615384,0.0665742024965325,1865.2203557312253,1913.0883813306853,1.6462450592885376,0.1193505923650724,1146.0458624127616,962.3306772908368,2.766699900299103,0.067196819085487,2515.393861892583,2840.4092071611253,6.927536231884058,0.0255402750491159,2132.64064602961,2022.3624161073824,2.2261103633916552,0.038231780167264,1886.5223880597016,1464.119106699752,1.7985074626865671,0.0594965675057208,1666.881067961165,1493.560975609756,2.735436893203884,0.0632183908045977,2570.490740740741,2636.3414634146343,6.283950617283951,0.0200904068307383,1270.3179487179486,1035.799180327869,2.364102564102564,0.0048740861088545,1282.0098039215686,1137.4551386623166,2.7745098039215685,0.0609699769053117,1151.2204724409448,831.5634218289085,2.249015748031496,0.1435684647302904,982.6744186046512,797.1356589147287,2.2674418604651163,0.0734618916437098,2708.55467196819,1811.3517786561265,11.23061630218688,0.196354598177299,3028.6293995859214,2116.7556468172484,6.354037267080745,0.0328031809145129,1773.7131147540983,1932.742268041237,4.307377049180328,0.0826972010178117,2216.333333333333,2220.831024930748,3.5194444444444444,0.0667726550079491,3301.2162162162163,3307.6288659793813,11.50337837837838,0.0699300699300699,2280.5413533834585,2400.0,5.293233082706767,0.1889020070838252,1416.7696793002915,1033.6046511627908,2.446064139941691,0.0,2071.743718592965,1605.9701492537313,1.5,0.0379901960784313,517.9720101781171,434.9591836734694,1.0559796437659033,0.0331491712707182,2729.312977099237,3056.9239543726235,4.782442748091603,0.3966005665722379,7906.603125,6247.335423197492,12.83125,5,0,0,0.6376484861947042
289,202505,17,0,0.1265822784810126,694.6964856230032,1079.4155844155844,2.7667731629392973,0.244874715261959,1151.0101419878297,1074.137587238285,4.344827586206897,0.0287868403015764,757.4725738396625,727.3937677053824,2.5428973277074545,0.0624450307827616,1142.9493433395871,1263.827392120075,3.6772983114446527,0.0868983957219251,1026.6988304093568,1034.0762463343108,0.9298245614035088,0.0903747244673034,1280.7665056360709,1298.995137763371,3.9565217391304346,0.0224867724867724,968.3630229419704,805.8073270013568,4.286099865047233,0.2238805970149253,2704.090909090909,3440.390625,3.871212121212121,0.0111524163568773,533.4469696969697,237.7611940298508,0.75,0.2720739219712526,1583.1161473087818,1867.584269662921,2.1161473087818696,0.0731112916328188,920.2094240837696,853.3098591549295,2.387434554973822,0.1396054628224582,1217.8049645390072,1154.2105263157894,3.0141843971631204,0.1016574585635359,1101.2068965517242,1006.8796068796069,2.981527093596059,0.0606226105953031,983.0244755244756,1049.860788863109,7.17016317016317,0.0390070921985815,999.2277777777778,1155.2757352941176,2.488888888888889,0.0321346595256312,861.4604430379746,913.175355450237,2.2056962025316458,0.0426035502958579,652.9850746268656,884.9631449631449,1.0199004975124375,0.0361067503924646,867.2549019607843,723.1168831168832,1.9836601307189543,0.0879310344827586,899.5187969924812,882.6615969581749,2.218045112781955,0.0241837968561064,786.111801242236,643.9060568603214,2.68944099378882,0.0290948275862068,893.2150776053215,846.4,3.447893569844789,0.0712656784492588,708.923645320197,500.1958384332925,3.185960591133005,0.1158415841584158,604.1425389755011,567.2972972972973,2.3028953229398663,0.0796359499431171,1040.1851851851852,1120.09900990099,3.083950617283951,0.1439153439153439,1214.4471744471743,1061.1940298507463,2.1867321867321867,0.0206561360874848,980.1464019851117,927.9900744416874,2.074441687344913,0.0409604519774011,1136.123348017621,1199.3796159527326,1.5330396475770924,0.032258064516129,571.8828451882845,1308.7966804979253,1.598326359832636,0.0398351648351648,798.4067796610169,1084.3478260869565,3.042372881355932,0.1038338658146964,974.6808510638298,562.5806451612904,7.542553191489362,0.0127713920817369,749.7054263565891,916.7875647668394,1.0258397932816536,0.02710027100271,149.72423398328692,191.1058495821727,0.766016713091922,0.02803738317757,865.0574712643678,972.046332046332,5.2298850574712645,0.1710794297352342,1137.910447761194,1095.1456310679612,2.069651741293532,11,0,0,0.1986492808780147
290,202505,18,0,0.0349162011173184,2517.763848396501,1229.8275862068965,3.3440233236151604,0.1206453978731206,2835.532284768212,2399.9495798319326,12.6432119205298,0.0149432157800358,1403.8051157125458,1428.1015719467955,3.490864799025579,0.0298507462686567,1522.7009202453987,1037.2222222222222,5.733128834355829,0.023076923076923,1448.958115183246,1459.7368421052631,1.1204188481675392,0.0279255319148936,1110.5068493150684,767.7868852459017,4.63972602739726,0.0077197149643705,1257.7230215827335,1031.6129032258063,3.4928057553956835,0.0489208633093525,910.7272727272727,1272.870090634441,3.863636363636364,0.0038461538461538,573.4263565891473,257.5076923076923,0.6744186046511628,0.0422077922077922,1014.0136054421768,890.9459459459459,1.63718820861678,0.038152610441767,1224.0167364016736,1251.0833333333333,2.3612273361227336,0.0392576730906495,1173.585185185185,1316.154992548435,2.6281481481481483,0.0380281690140845,1490.6999022482894,1686.140350877193,1.8533724340175952,0.0124812780828756,3502.072727272727,3591.2024291497974,12.342424242424242,0.0158407798537774,991.7109826589596,950.1485148514852,2.709331131296449,0.0702604482132041,720.7767624020888,625.7477243172951,1.9425587467362924,0.0334101382488479,707.8171021377672,999.7607655502392,1.0831353919239906,0.0109356014580801,1619.3464373464374,1460.04914004914,3.0098280098280097,0.0300859598853868,1443.197640117994,881.5384615384615,2.3480825958702063,0.012973533990659,990.503144654088,1024.5569620253164,3.59538784067086,0.0112812248186946,1167.6019575856444,1126.905537459283,2.5938009787928222,0.0375308641975308,1169.722507708119,1012.8073770491804,2.313463514902364,0.0303030303030303,1182.9055118110236,1191.5116279069769,3.5,0.0265811182401466,1388.1033834586467,1540.933962264151,4.74812030075188,0.0353817504655493,1059.3185328185327,1257.5675675675675,2.847490347490348,0.0019900497512437,1671.2309236947792,1438.0079207920792,5.27710843373494,0.0127388535031847,1015.1225806451612,1011.2516129032258,1.3148387096774194,0.015358361774744,840.2076124567474,909.5833333333334,1.546712802768166,0.0107015457788347,1118.1518072289157,824.6043165467626,2.055421686746988,0.0342857142857142,990.5325443786984,1010.0591715976332,2.36094674556213,0.0023557126030624,961.510588235294,826.7772511848341,1.2117647058823529,0.0193637621023513,278.23661971830984,283.22033898305085,0.9549295774647888,0.0174216027874564,828.0851063829788,611.4893617021277,2.379432624113475,0.027434842249657,907.0588235294116,710.2840909090909,3.3641456582633054,7,0,0,0.18811414358172884
291,202505,19,0,0.0157819225251076,810.4606413994169,386.5889212827988,3.157434402332361,0.0749906261717285,2374.235294117647,2094.111021721641,6.205882352941177,0.0095693779904306,1172.8313253012047,1198.547215496368,3.153012048192771,0.0177195685670261,1358.396551724138,1269.513343799058,7.993730407523511,0.0155586987270155,707.8612716763006,563.8285714285714,0.7138728323699421,0.0075239398084815,665.6170798898072,618.7034482758621,3.4146005509641872,0.0147405660377358,1072.234730538922,840.7894736842105,4.277844311377246,0.008955223880597,743.0211480362537,518.5585585585585,3.105740181268882,0.033033033033033,813.5493827160494,577.875,1.808641975308642,0.0183585313174946,1123.7444933920706,898.6813186813187,3.1894273127753303,0.0254057868736767,1070.6222865412446,1096.608695652174,2.341534008683068,0.007380073800738,962.235119047619,1155.0668647845469,2.486607142857143,0.0068159688412852,673.3529411764706,722.2352941176471,0.9147058823529411,0.01416015625,1622.927722772277,1727.1248761149652,4.648514851485149,0.0032666394446712,1161.7682227682228,1099.327868852459,3.7624897624897615,0.024234693877551,650.2702349869452,622.4607329842931,1.748041775456919,0.0228091236494597,772.6108374384237,1008.2352941176472,0.916256157635468,0.0190023752969121,1208.2409638554218,1109.3430656934306,2.8289156626506022,0.047752808988764,922.905325443787,1273.4117647058824,2.576923076923077,0.0201005025125628,861.9917864476386,709.9795081967213,2.1560574948665296,0.0056910569105691,790.5882352941177,913.9443535188216,2.1486928104575163,0.0146484375,995.217391304348,747.2564612326044,2.2203557312252964,0.0265654648956356,962.7961165048544,789.3933463796477,3.1766990291262136,0.0866141732283464,1827.7323135755253,1660.662188099808,8.74187380497132,0.0136585365853658,983.296442687747,625.4257425742575,2.460474308300395,0.005181347150259,2637.6348547717844,1575.9414225941423,18.278008298755186,0.0039421813403416,743.11345646438,653.2717678100264,1.0065963060686016,0.0049833887043189,582.9431438127091,669.6,1.8026755852842808,0.0048661800486618,699.9683698296838,566.8304668304668,2.416058394160584,0.0100430416068866,789.3913043478261,834.0869565217391,2.034782608695652,0.0061199510403916,757.3891625615763,985.5665024630542,1.2561576354679802,0.0263852242744063,265.23848238482384,177.67750677506774,0.7425474254742548,0.0226480836236933,686.4516129032259,645.9574468085107,2.272401433691756,0.0075093867334167,945.0454545454544,630.9471032745591,2.919191919191919,1,0,0,0.13850031277760289
292,202505,20,0,0.0319148936170212,1427.8238993710693,760.6269592476489,7.757861635220125,0.0133874239350912,886.2905349794239,920.1150369761708,1.8650205761316871,0.0104234527687296,691.5886990801577,698.0738786279684,2.1484888304862024,0.0201224846894138,1984.392857142857,1697.678571428571,7.935714285714286,0.0161550888529886,717.360655737705,501.9078947368421,0.7344262295081967,0.0220750551876379,698.1654135338346,721.4457831325301,2.598496240601504,0.0168539325842696,757.5939086294417,523.151207115629,3.488578680203046,0.010204081632653,852.1232876712329,627.1034482758621,3.1678082191780823,0.0136518771331058,844.0694444444445,800.2758620689655,1.5069444444444444,0.0212290502793296,846.7123287671233,1126.027397260274,2.221461187214612,0.0126883425852498,651.5248796147672,796.2057877813505,2.5874799357945424,0.0236220472440944,919.7064516129032,1000.6451612903226,3.390322580645161,0.0102591792656587,891.0262008733624,766.3249727371865,1.0895196506550218,0.075,608.5033185840708,744.1584158415842,2.445796460176992,0.0093582887700534,3071.0627802690583,2417.1119133574007,11.538116591928253,0.0095588235294117,791.5289747399703,977.893175074184,1.7934621099554235,0.0107816711590296,847.7698630136987,677.560975609756,0.947945205479452,0.012,1014.6486486486486,818.9757412398922,1.8567567567567569,0.0402576489533011,2065.2953020134228,2354.496644295302,8.476510067114093,0.0114155251141552,552.2687427912341,610.1271676300578,2.1833910034602075,0.0010235414534288,548.993839835729,784.5398773006135,2.433264887063655,0.0769230769230769,659.3952967525196,550.8603351955308,2.328107502799552,0.0247678018575851,565.9175475687103,433.728813559322,2.5158562367864694,0.0628445424476295,2182.677647058824,2055.044705882353,8.887058823529411,0.0244444444444444,1318.7671232876712,1026.6818181818182,4.929223744292237,0.0087912087912087,1038.1880530973451,1614.6666666666667,2.146017699115044,0.0135566188197767,640.4935483870968,520.7455429497569,1.1822580645161291,0.0223463687150838,591.7557251908397,865.5513307984791,2.740458015267176,0.0066050198150594,1070.176,789.5490716180371,2.298666666666666,0.006482982171799,539.5602605863193,740.3921568627451,2.3583061889250816,0.0081967213114754,637.6910299003322,1051.9736842105262,0.8006644518272426,0.0258152173913043,256.709497206704,129.77437325905294,0.8798882681564246,0.0055045871559633,528.3088235294117,366.44444444444446,1.838235294117647,0.0186799501867995,988.146835443038,723.2061068702291,3.6354430379746834,1,0,0,0.13338411265628247
293,202505,21,0,0.0297176820208023,2003.6758409785928,882.6993865030674,8.18960244648318,0.0057353543629659,634.236798679868,802.3703703703703,1.9323432343234324,0.0077720207253886,626.9515706806283,688.046875,1.9018324607329844,0.0050847457627118,624.2436115843271,602.129471890971,3.2487223168654173,0.0063694267515923,587.0192926045016,678.4025559105431,1.720257234726688,0.0036764705882352,1507.744837758112,1021.6838995568684,2.466076696165192,0.0062266500622665,643.0075187969925,542.3308270676691,2.6027568922305764,0.005,1257.7852348993288,1333.6454849498327,3.3087248322147653,0.0070175438596491,716.6808510638298,288.5211267605634,1.127659574468085,0.0067643742953776,953.4841628959276,1078.3599088838268,4.66289592760181,0.0102685624012638,723.9109697933227,744.9038461538462,2.338632750397456,0.0128102481985588,969.6369529983792,783.7987012987013,2.6677471636953,0.0070232306861156,502.12581344902384,629.0829694323144,1.1540130151843817,0.0189374013677012,529.4154175588865,587.3039742212675,2.71948608137045,0.0068172134639965,1074.2082262210797,1166.8041237113405,3.805484147386461,0.0145243282498184,744.8367647058824,749.069423929099,3.0897058823529413,0.0079893475366178,391.0080862533693,561.0160427807486,1.4851752021563345,0.0258732212160414,1633.6507936507935,1616.8,2.0846560846560847,0.0241935483870967,1655.7740863787376,956.6447368421052,7.926910299003322,0.0122086570477247,510.3400900900901,610.6950672645739,1.9009009009009008,0.0,631.8562874251497,835.4027504911592,2.516966067864272,0.0106837606837606,678.5367965367965,630.323275862069,2.7305194805194803,0.0171543895055499,483.0864197530864,697.5,2.366255144032922,0.0053418803418803,732.1437768240344,834.4516129032259,4.412017167381975,0.0119565217391304,817.280701754386,525.8278145695364,2.6973684210526314,0.0041928721174004,608.0593220338983,509.3723849372385,1.6398305084745763,0.0085470085470085,802.2535211267606,945.1177394034536,1.5805946791862284,0.0056390977443609,832.0754716981132,1114.090909090909,4.1471698113207545,0.0026075619295958,621.107049608355,605.0261780104712,3.0809399477806787,0.0063492063492063,701.6389776357828,744.1533546325878,1.8881789137380192,0.0108191653786707,584.40625,811.5,1.44375,0.002770083102493,468.10277777777776,294.06944444444446,0.8944444444444445,0.0161870503597122,1505.6521739130435,824.280442804428,3.4057971014492754,0.0049937578027465,606.3316582914573,705.8646616541354,1.5175879396984924,1,0,0,0.0704477381580828
294,202505,22,0,0.0563186813186813,3951.140762463343,2274.089595375722,7.865102639296188,0.0239089184060721,1373.5388802488335,1396.5629860031104,4.55443234836703,0.0089073634204275,759.1918465227818,737.9712574850299,1.9832134292565948,0.0109809663250366,974.378698224852,994.3111111111112,3.100591715976331,0.0042372881355932,945.5524079320112,762.6136363636364,1.2861189801699715,0.0184453227931488,1954.989247311828,1534.5844504021447,5.90994623655914,0.0086755349913244,831.6954492415402,596.8494749124854,2.885647607934656,0.0451339915373765,1820.353982300885,1517.5739644970415,3.967551622418879,0.0305084745762711,1059.576388888889,1013.2394366197184,1.6180555555555556,0.0171673819742489,1013.6980306345732,997.3856209150326,3.814004376367615,0.0181932245922208,718.7676508344031,746.0305343511451,1.5417201540436456,0.0109011627906976,765.6441176470588,1130.4845814977973,3.113235294117647,0.0091390091390091,701.7315175097276,815.8139534883721,1.050583657587549,0.0117647058823529,709.964795432921,617.3879885605338,2.68791627021884,0.010408326661329,841.7258718572588,962.1307506053269,2.2879156528791564,0.0201892744479495,900.0875160875161,922.8865979381444,2.0862290862290864,0.0173267326732673,1289.6259351620947,1922.595419847328,7.054862842892768,0.0153301886792452,1120.431654676259,1188.9473684210527,1.525179856115108,0.0271428571428571,942.6275659824048,1034.8235294117646,1.9589442815249267,0.0115115115115115,721.175580221998,758.5365853658536,1.8012108980827446,0.0123051681706316,792.3383084577115,1148.0865224625625,1.7330016583747927,0.0131964809384164,876.1904761904761,728.9614243323442,2.638888888888889,0.0293847566574839,653.9265536723163,689.4296577946768,2.613935969868173,0.0073732718894009,939.896103896104,922.639405204461,2.7087198515769946,0.034327009936766,1174.929104477612,780.4502814258911,2.4813432835820897,0.0087378640776699,863.91796875,745.2121807465619,1.95703125,0.0077021822849807,1102.3346303501946,901.3935483870968,1.251621271076524,0.0507936507936507,782.0066889632106,955.5852842809364,3.05685618729097,0.0097297297297297,726.2026143790849,668.0021881838074,2.4880174291939,0.0203193033381712,1171.610119047619,1036.6371681415928,1.8244047619047616,0.0264105642256902,1084.8648648648648,1323.4158415841584,2.4766584766584767,0.0375,788.4817708333334,626.4170984455959,2.8984375,0.0053003533568904,887.1428571428571,537.8798586572439,2.164285714285714,0.011002444987775,1628.8444444444444,1253.7623762376238,5.720987654320988,11,0,0,0.10017675103828683
295,202505,23,0,0.011379800853485,824.3638968481375,768.7283236994219,3.727793696275072,0.0076687116564417,612.829853054911,810.8571428571429,1.7563805104408352,0.0029922202274087,543.8223289315727,557.5030012004802,1.6782713085234091,0.005181347150259,548.8161434977578,729.8666666666667,2.0687593423019432,0.0028490028490028,743.8285714285714,801.2571428571429,0.9942857142857144,0.0079628400796284,1054.5060240963855,767.807486631016,4.270414993306559,0.0045977011494252,802.4503464203233,670.6697459584295,2.484988452655889,0.0146627565982404,885.2225519287833,634.3880597014926,3.679525222551929,0.0398671096345514,840.9586206896552,542.0833333333334,1.7517241379310344,0.007534983853606,732.077922077922,683.7391304347826,3.1818181818181817,0.0150375939849624,981.9567979669632,1393.2993630573249,1.9047013977128333,0.0079883805374001,650.3065693430657,601.6740088105727,2.6364963503649634,0.0043227665706051,664.9748792270532,670.2890173410404,0.7526570048309179,0.0089201877934272,594.9895635673624,651.5421002838222,2.8282732447817835,0.0043929712460063,717.8394863563403,770.906174819567,2.0176565008025684,0.0112711333750782,782.0455696202532,644.8669201520912,1.637974683544304,0.0087719298245614,746.7007672634271,828.9,1.6726342710997442,0.0071090047393364,633.4916864608076,666.3309352517986,1.149643705463183,0.0213068181818181,554.8115942028985,431.86046511627904,1.936231884057971,0.0115519839276745,841.9746192893401,1114.6693794506612,2.286294416243655,0.0097323600973236,678.0,823.2078559738134,2.0,0.005389514943655,828.9675516224189,756.3079960513327,2.4444444444444446,0.0180831826401446,740.5147058823529,378.70848708487085,2.397058823529412,0.0027472527472527,558.7150735294117,610.4587155963303,1.9154411764705883,0.0127970749542961,747.0,786.0,1.7944444444444445,0.0018993352326685,596.6133333333333,511.7110266159696,1.847619047619048,0.0044444444444444,686.5561224489796,720.3826530612245,1.003826530612245,0.0241545893719806,559.009900990099,625.5445544554456,1.957095709570957,0.003257328990228,739.8930131004366,541.4347826086956,2.447598253275109,0.0129496402877697,865.8892128279883,866.064139941691,1.9912536443148687,0.0123762376237623,1201.8090452261306,1175.7,3.457286432160804,0.0128205128205128,873.4352331606218,912.953125,1.1424870466321244,0.0086805555555555,717.0731707317074,449.5774647887324,4.289198606271777,0.0036945812807881,470.4950495049505,392.8888888888889,1.6014851485148516,8,0,0,0.022982363792898086
296,202505,24,0,0.0189274447949526,4520.709677419355,1949.0384615384608,3.706451612903226,0.0112262521588946,1153.9259581881531,1098.598949211909,2.611498257839721,0.0117474302496328,821.4020771513353,883.0252976190476,2.299703264094956,0.0154545454545454,872.1706864564007,728.4926470588235,2.5862708719851577,0.0027285129604365,749.6639344262295,705.5342465753424,1.674863387978142,0.0103668261562998,781.4483870967742,838.9371980676328,3.0951612903225807,0.0223097112860892,795.6693548387096,742.3592493297588,2.4045698924731185,0.0035335689045936,738.5106382978723,619.7872340425532,3.471631205673759,0.0354609929078014,694.7352941176471,717.7941176470588,1.1029411764705883,0.0065104166666666,696.3779527559055,757.696335078534,4.183727034120735,0.0124031007751937,711.2539184952979,1011.6981132075472,1.996865203761756,0.0025773195876288,532.7061855670103,561.0362694300518,4.0687285223367695,0.0041128084606345,641.13074204947,628.0851063829788,1.243816254416961,0.010359869138495,4152.557755775578,3810.993377483444,16.697469746974697,0.0041977611940298,795.6280373831776,703.887323943662,2.667289719626168,0.1238159675236806,661.3292117465224,565.0925925925926,2.021638330757342,0.008505467800729,784.1911764705883,695.0,1.5245098039215683,0.0015797788309636,857.3333333333334,938.0441640378548,1.8,0.0248226950354609,507.76,673.5272727272727,1.6872727272727273,0.0109823062843197,737.4740099009902,780.369003690037,2.36509900990099,0.025695931477516,779.4725274725274,723.2967032967033,2.1164835164835165,0.0042347247428917,843.4348355663825,695.6363636363636,3.850182704019488,0.0052410901467505,1089.3319327731092,1127.4418604651162,3.277310924369748,0.0232558139534883,880.3914081145584,1043.5154394299288,2.978520286396181,0.0101809954751131,648.302752293578,765.375854214123,2.06651376146789,0.003562945368171,1131.0287081339711,1633.194774346793,2.8086124401913874,0.0060524546065904,1218.8362652232747,1136.021650879567,8.396481732070365,0.0080645161290322,496.3414634146341,710.2439024390244,2.5121951219512195,0.0038461538461538,508.2321428571428,647.8441558441558,1.844387755102041,0.0036563071297989,594.6544117647059,694.945054945055,2.238970588235294,0.0063775510204081,753.276923076923,850.9511568123394,1.3307692307692307,0.01171875,675.1635883905013,557.2105263157895,0.9050131926121372,0.0342342342342342,585.6179775280899,495.3903345724907,4.247191011235955,0.0068181818181818,420.2752293577981,333.4246575342466,1.5779816513761469,1,0,0,0.13346948385953683
297,202505,25,0,0.0103550295857988,1227.125748502994,873.6716417910447,3.4850299401197606,0.0195921631347461,1811.2530612244896,1604.6943765281171,7.532244897959184,0.0138067061143984,1047.2323097463284,894.4873501997337,2.5981308411214954,0.0059171597633136,831.8456375838927,904.9655172413792,2.827181208053691,0.0014367816091954,797.7413793103449,655.6772334293948,2.1954022988505746,0.0061728395061728,650.9504643962848,568.5046728971963,1.952012383900929,0.0098948670377241,661.14125,583.5955056179776,2.86625,0.0101694915254237,869.1836734693877,663.9310344827586,2.8741496598639458,0.0074906367041198,803.3030303030303,497.593984962406,0.5833333333333334,0.009501187648456,654.976076555024,467.3076923076923,2.160287081339713,0.0076495132127955,1097.0464135021098,688.5754189944134,1.918424753867792,0.0053763440860215,636.2727272727273,591.0835913312693,2.7457627118644066,0.0077864293659621,697.979797979798,719.3281075027995,2.3905723905723906,0.0090225563909774,3954.5495951417006,3757.856420626896,6.788461538461538,0.0018527095877721,837.260018639329,695.6561922365989,2.397949673811743,0.0415175375805297,852.3910447761194,606.5470852017937,2.083582089552239,0.010948905109489,596.4619164619164,851.3793103448276,1.7542997542997545,0.002805049088359,897.8028169014085,861.2359550561798,1.3380281690140845,0.034313725490196,774.1016949152543,661.0135135135135,2.057627118644068,0.0155350978135788,844.1451990632319,694.4457409568262,2.477751756440281,0.0054298642533936,688.3576642335767,816.6969147005444,1.9635036496350364,0.0098493626882966,1060.701754385965,1040.7962529274005,2.453801169590643,0.0091185410334346,1364.0781893004116,872.3170731707318,2.98559670781893,0.0143442622950819,1374.2676348547718,1395.7458333333334,9.149377593360995,0.016260162601626,808.5773195876288,712.4223602484471,2.404123711340206,0.0,1661.2924107142858,1600.584269662921,5.435267857142857,0.0082135523613963,1674.6928374655647,1861.6597510373444,9.544077134986226,0.0,465.4761904761905,809.047619047619,1.746031746031746,0.0012033694344163,667.4563106796116,523.0622009569378,2.179611650485437,0.0034246575342465,784.3298969072165,686.1855670103092,2.027491408934708,0.0086419753086419,809.0249376558603,752.0895522388059,1.9251870324189528,0.0134048257372654,384.4266304347826,302.3858695652174,1.388586956521739,0.0274914089347079,1329.1166077738517,1026.996466431095,1.9257950530035333,0.0030211480362537,474.7432024169185,414.3465045592705,1.063444108761329,1,0,0,0.13946855851313322
298,202505,26,0,0.0114942528735632,633.7412790697674,367.6744186046512,3.625,0.1826755151938526,4827.415891800507,4544.229904926534,14.338968723584108,0.0514619883040935,1407.6212871287128,1664.8894348894348,2.518564356435644,0.0181818181818181,1239.7578008915305,842.3929098966026,2.4413075780089155,0.0244897959183673,1715.6629213483145,1474.5706371191136,2.193820224719101,0.006,668.9356568364611,442.8724832214765,2.096514745308311,0.0256996002284408,850.6976470588236,857.3130841121496,3.263529411764706,0.023391812865497,1178.2634730538923,598.9221556886228,3.712574850299401,0.0517799352750809,620.8503401360545,790.8219178082192,1.2244897959183674,0.0117899249732047,665.4663774403471,312.88503253796097,2.433839479392625,0.1145038167938931,3461.8216644649933,3722.237017310253,12.030383091149274,0.008714596949891,755.483870967742,572.3279648609077,3.887096774193549,0.0195052331113225,1129.204280155642,1036.6698935140369,1.5826848249027237,0.0201573254670599,5249.260612043436,4429.65306122449,12.957551826258635,0.005595523581135,1134.8348106365834,859.8716920609463,2.5253827558420627,0.1341396371632765,797.0318066157761,681.8250950570342,1.5814249363867685,0.1014492753623188,1152.5373134328358,1032.920792079208,1.992537313432836,0.0150753768844221,4839.74025974026,2694.285714285714,25.53506493506493,0.0740242261103634,954.0697674418604,784.7093023255813,1.694767441860465,0.0352182539682539,1184.9075975359342,1167.7445932028836,2.85523613963039,0.023538961038961,1308.4615384615386,1688.0330578512396,2.306020066889632,0.0160975609756097,1489.2644135188866,1379.169139465875,2.5049701789264414,0.0193014705882352,1375.4015009380862,1426.8539325842696,2.5422138836772983,0.0428954423592493,1547.9514925373137,1553.6,2.746268656716418,0.0192307692307692,1178.4925093632958,895.5307262569833,2.8408239700374533,0.0218009478672985,1698.5941747572815,1577.2920696324952,2.067961165048544,0.0069620253164556,1614.1538461538462,1784.5627376425855,5.719230769230769,0.0229508196721311,805.0536912751678,943.6912751677852,1.9395973154362416,0.0065430752453653,889.6359649122807,765.8901098901099,1.9912280701754383,0.0058823529411764,1397.4424778761063,1309.8516320474778,3.1710914454277286,0.0061652281134401,847.2952853598015,585.7071960297767,1.8982630272952847,0.0347938144329896,286.6090425531915,230.3485254691689,0.4148936170212766,0.029059829059829,729.7183098591549,467.9577464788732,1.3626760563380282,0.0073529411764705,910.64039408867,652.2772277227723,2.896551724137931,6,0,0,0.35640094376210907
299,202505,27,0,0.0196374622356495,611.2269938650306,369.1021671826625,3.4079754601226995,0.0531419705197827,1165.2307692307693,1313.3766233766237,2.5930521091811416,0.0222222222222222,964.1647211413748,1207.1781534460338,1.7833981841763944,0.0159128978224455,1207.6027397260275,1093.0964467005076,3.23972602739726,0.0125,1157.8233438485804,889.1428571428571,2.309148264984227,0.0050541516245487,645.3467048710602,523.0588235294117,1.7879656160458453,0.0237107291049199,692.2629674306394,615.7701711491443,1.739445114595899,0.0248344370860927,1114.5762711864406,503.265306122449,3.488135593220339,0.085173501577287,391.8344827586207,340.86206896551727,1.2413793103448276,0.0130010834236186,828.8839285714286,636.8034557235421,3.674107142857143,0.0408441116405718,1137.627118644068,1325.3067047075606,2.278248587570621,0.0120845921450151,890.4336419753087,934.818181818182,4.183641975308642,0.017444843509492,2549.1875,2396.3560209424086,7.13125,0.0163072067332982,4097.561081081081,3462.4645502645503,10.148108108108108,0.0043047783039173,754.8446937014668,547.5909878682842,2.59879206212252,0.1141781681304893,665.3966244725739,536.8330955777461,1.70182841068917,0.0411840411840411,636.6129032258065,619.9463806970509,2.379032258064516,0.0026666666666666,1166.9129287598944,2049.430894308943,2.424802110817942,0.0445468509984639,874.3546325878594,645.4368932038835,1.5591054313099042,0.0194986072423398,738.7713310580205,836.6628830874007,2.1888509670079634,0.0300096805421103,731.64,833.0677290836653,1.674,0.0053937432578209,715.1510869565218,712.3376623376623,1.5619565217391305,0.0167487684729064,928.5657370517928,1306.2096774193549,2.749003984063745,0.0178759200841219,1038.2089552238806,1177.4193548387098,2.722814498933902,0.0404448938321536,795.0962343096235,713.6305732484077,2.577405857740586,0.0061919504643962,1155.0289256198348,1248.4551148225469,2.1859504132231407,0.0076045627376425,2003.196347031964,2246.111111111112,17.555555555555557,0.011090573012939,707.6404494382023,708.5820895522388,1.1610486891385767,0.0126582278481012,1105.270588235294,624.1108545034642,5.094117647058823,0.0032840722495894,874.8514851485148,700.0657894736842,1.867986798679868,0.0032310177705977,950.2912621359224,779.2207792207793,1.6731391585760518,0.0191780821917808,351.0111731843575,347.9329608938547,1.7150837988826817,0.0088809946714031,1301.6727272727271,512.8621908127209,1.210909090909091,0.003680981595092,599.106699751861,663.6674816625917,1.1910669975186103,1,0,0,0.16040457606088432
300,202505,28,0,0.0045801526717557,467.85276073619633,460.4907975460123,6.190184049079755,0.0151636073423782,1370.5020275750203,1377.5708502024293,3.0875912408759123,0.0146964856230031,783.5097276264592,770.4163424124514,2.85473411154345,0.0065897858319604,593.3443708609271,491.7607973421927,2.9834437086092715,0.0048076923076923,679.9614147909967,806.516129032258,1.7909967845659165,0.0058565153733528,619.8718703976436,476.2886597938144,2.571428571428572,0.0079365079365079,666.8386699507389,568.7822878228782,3.2204433497536944,0.006578947368421,1042.450331125828,704.9006622516556,3.0993377483443707,0.0172413793103448,680.9020979020979,456.76056338028167,1.3846153846153846,0.0067039106145251,1205.123595505618,982.2972972972972,5.552808988764045,0.0527018012008005,2930.9704641350213,3002.877291960508,8.068917018284107,0.0101641907740422,766.7582938388625,651.8483412322275,4.693522906793049,0.0136054421768707,979.7024442082892,846.4194915254237,1.689691817215728,0.0096202531645569,2201.813715455476,1781.1287027579162,6.542476970317298,0.0033684210526315,545.0236686390532,540.9121621621622,3.180896027049873,0.0210526315789473,595.0172166427546,368.5100286532952,4.628407460545193,0.0107238605898123,902.1138211382114,911.869918699187,4.311653116531165,0.0091984231274638,1404.4535809018569,2539.416445623342,4.312997347480106,0.0219092331768388,792.5352564102565,727.0926517571885,5.57051282051282,0.0127494456762749,602.3063063063063,550.8846584546473,2.346846846846846,0.0039138943248532,475.8904109589041,597.9881656804733,2.690802348336595,0.007454739084132,599.0987124463519,454.5064377682404,2.5547210300429186,0.0184108527131782,513.4792079207921,685.7657480314961,2.1861386138613863,0.0052083333333333,841.6548117154812,904.1509433962264,2.407949790794979,0.0073221757322175,649.1368421052632,505.5696202531645,2.6294736842105264,0.0020181634712411,1091.913131313131,891.497975708502,6.147474747474748,0.0106788710907704,740.1851851851852,756.2403697996918,3.0339506172839505,0.0091240875912408,407.4264705882353,693.6531365313654,3.169117647058824,0.0035377358490566,531.5579196217494,692.1327014218009,2.5319148936170213,0.0048701298701298,674.4155844155844,623.016393442623,2.487012987012987,0.0140845070422535,728.4349206349207,805.1428571428571,2.0285714285714285,0.011142061281337,1095.6525423728813,944.6629213483146,1.7598870056497176,0.0125673249551166,598.4782608695652,899.1240875912408,2.0615942028985508,0.0049443757725587,537.0223325062035,648.5074626865671,1.4813895781637718,1,0,0,0.13587152947881198
301,202505,29,0,0.0276243093922651,2600.3426966292136,1373.448275862069,6.938202247191011,0.009534706331045,937.7173745173744,810.0460829493088,3.795366795366796,0.0065515187611673,726.9027611044418,644.9101796407185,2.248499399759904,0.0014684287812041,582.6876832844575,371.4159292035398,2.096774193548387,0.0027855153203342,731.0614525139665,891.7877094972067,2.6675977653631286,0.0059920106524633,845.3572377158034,635.5945945945946,1.8565737051792828,0.0101180438448566,674.0452488687782,582.212086659065,2.656108597285068,0.0029498525073746,770.1785714285714,574.7647058823529,4.026785714285714,0.0385852090032154,788.7986577181208,497.2,2.48993288590604,0.0031982942430703,578.6177105831533,665.7203389830509,3.254859611231101,0.0050062578222778,807.8140703517588,1043.1989924433249,2.1658291457286434,0.0021489971346704,803.0697674418604,915.6595744680852,3.296511627906977,0.0047801147227533,926.8910318225652,960.1148325358852,1.6239151398264224,0.0079699953117674,1328.014177693762,1233.788279773157,3.1587901701323253,0.0039920159680638,653.097678142514,648.0096308186196,1.9719775820656524,0.02460024600246,546.5866834170854,522.2278481012659,1.940954773869347,0.0024721878862793,582.3703703703703,777.4626865671642,2.051851851851852,0.0058754406580493,784.113475177305,749.5035460992908,2.359338061465721,0.0214592274678111,721.0695652173913,623.1858407079646,2.017391304347826,0.0139511709018435,605.1678463094034,666.969696969697,2.129423660262892,0.0073230268510984,759.7708674304419,840.1970443349753,2.7937806873977085,0.0082684824902723,606.7220039292731,565.5044074436827,2.3605108055009825,0.0091996320147194,462.4768946395564,773.2835820895523,2.144177449168207,0.0045913682277318,591.3284403669725,586.530612244898,2.379816513761468,0.0164083865086599,551.5738007380074,533.1843575418994,1.92619926199262,0.0048543689320388,494.3046875,620.5847953216374,1.470703125,0.0032258064516129,1410.038709677419,1313.844155844156,4.535483870967742,0.0132013201320132,475.1839464882944,681.0702341137123,1.6354515050167224,0.0031678986272439,536.5522388059702,551.6210526315789,2.810234541577825,0.0029585798816568,649.0746268656717,735.3982300884956,1.982089552238806,0.0048840048840048,732.2702702702703,703.8235294117648,2.6855036855036856,0.0159574468085106,322.7061994609164,322.9268292682927,0.6954177897574124,0.0052083333333333,553.8297872340426,525.360824742268,2.602836879432624,0.0061050061050061,498.3703703703704,462.2493887530562,1.365432098765432,8,0,0,0.041248344604800535
302,202505,30,0,0.0352609308885754,905.0233918128656,541.9298245614035,4.286549707602339,0.0129672006102212,1413.195366795367,1118.4222737819025,2.9297297297297296,0.0113568439928272,769.2278787878788,787.5271411338963,2.455757575757576,0.0052750565184626,775.1450381679389,441.4736842105263,2.132824427480916,0.0340136054421768,1288.3757062146892,988.1460674157304,5.288135593220339,0.0257766027759418,1256.0530612244895,829.9323410013532,4.238095238095238,0.005181347150259,639.5168018539977,473.6184971098266,2.3603707995365006,0.0276564774381368,907.365269461078,835.1497005988024,3.916167664670658,0.015,810.4020100502513,666.8410256410257,4.442211055276382,0.1708920187793427,2891.0045045045044,2196.355353075171,21.24774774774775,0.0139152435167615,1351.4296675191815,1254.2857142857142,2.8414322250639388,0.140983606557377,1376.1432926829268,1266.97247706422,3.964939024390244,0.0305451127819548,1542.5485436893205,1535.4307841239108,4.5446601941747575,0.022865142323845,1555.4837786259543,1626.4818355640534,9.188931297709924,0.0142970611596505,887.216935483871,700.0,3.2185483870967744,0.0302843016069221,1173.4417413572344,732.258883248731,2.361075544174136,0.0220858895705521,1100.9022556390978,982.0100502512564,2.6416040100250626,0.0235294117647058,1351.159420289855,1843.5576923076924,2.746376811594203,0.0501392757660167,1249.4823529411765,938.421052631579,2.4823529411764707,0.0170682730923694,657.6869918699186,713.8398357289527,3.47459349593496,0.0097799511002444,937.796052631579,978.978583196046,2.008223684210526,0.0184555609519184,602.603550295858,451.16186693147966,2.086785009861933,0.0373001776198934,559.9630314232902,560.0,2.45101663585952,0.0208900999091734,1035.756052141527,802.8280961182994,2.886405959031657,0.0597539543057996,1579.2048417132216,964.6153846153846,3.0186219739292364,0.0197926484448633,916.0752895752896,758.735632183908,1.795366795366795,0.0466998754669987,2373.632333767927,2302.6178010471203,10.285528031290744,0.0147299509001636,2794.144736842105,3078.724832214765,13.717105263157896,0.0066666666666666,1288.9618834080718,2138.5714285714284,5.9058295964125564,0.0029282576866764,741.4662756598241,683.6470588235294,2.4134897360703813,0.0146520146520146,1575.0940594059407,950.0248138957816,3.254950495049505,0.0144356955380577,507.648,571.1808510638298,0.8053333333333333,0.0069930069930069,850.3521126760563,984.7183098591548,4.626760563380282,0.0268620268620268,785.8942065491184,501.45,2.863979848866499,11,0,0,0.25282503629894715
303,202505,31,0,0.0080515297906602,626.4935064935065,534.3506493506494,4.37987012987013,0.0030368763557483,686.3310165073849,762.2144725370532,1.5291051259774109,0.0034293552812071,585.1801925722145,594.3801652892562,3.103163686382393,0.0017857142857142,414.7311827956989,293.35714285714283,2.921146953405018,0.0106666666666666,1271.339622641509,2149.9730458221024,1.6253369272237197,0.0078554595443833,997.3212025316456,962.56735340729,5.47626582278481,0.0110533159947984,646.6727989487516,534.1578947368421,2.290407358738502,0.0187393526405451,955.4006968641116,902.4913494809688,3.926829268292683,0.007168458781362,710.3260869565217,454.1007194244604,0.8188405797101449,0.0245795601552393,574.6276595744681,631.4285714285714,2.180851063829788,0.011441647597254,583.9137134052388,627.8207109737249,1.1124807395993837,0.016849199663016,699.4168096054889,619.7260273972603,2.7358490566037736,0.0063583815028901,796.2624854819977,861.048951048951,0.7979094076655052,0.0042105263157894,451.40360169491527,464.55696202531647,2.593220338983051,0.0035133948177426,660.3298153034301,630.9540636042403,2.415127528583993,0.0059925093632958,726.0855855855856,522.2087745839636,2.057057057057057,0.006150061500615,1429.7394540942928,1732.148148148148,4.213399503722084,0.0015527950310559,758.944099378882,661.1214953271028,4.136645962732919,0.0192307692307692,692.8825622775801,635.7857142857143,1.8790035587188607,0.011377245508982,721.973203410475,495.5421686746988,2.946406820950061,0.0064864864864864,523.304347826087,488.8888888888889,1.617391304347826,0.0065320665083135,530.8091236494598,397.9285714285714,2.0252100840336134,0.0062111801242236,337.5933609958506,299.4979079497908,2.570539419087137,0.0034682080924855,705.1136890951276,772.2018561484919,1.691415313225058,0.0172972972972972,852.7246696035243,689.6703296703297,1.9889867841409687,0.0113765642775881,567.5711009174312,952.9330254041572,1.779816513761468,0.0131233595800524,1355.563829787234,1647.606382978723,2.800531914893617,0.0275049115913556,1200.0120967741937,1467.2064777327937,7.05241935483871,0.0012690355329949,869.3587786259542,1140.1522842639597,2.8346055979643765,0.0053285968028419,470.3571428571428,694.9285714285714,1.985714285714285,0.0173053152039555,1376.176322418136,1227.1356783919598,2.884130982367758,0.0053547523427041,330.7681940700809,541.2849462365591,0.5094339622641509,0.0037243947858473,750.223880597015,733.4831460674158,3.123134328358209,0.0045871559633027,556.8663594470046,536.6820276497696,1.2534562211981566,8,0,0,0.0610643831998694
304,202506,1,0,0.0071428571428571,722.0571428571428,638.9565217391304,4.474285714285714,0.0103806228373702,1313.269680436477,1365.5925639039503,3.579890880748246,0.0042527339003645,1056.2897310513447,924.190012180268,4.215158924205379,0.0051020408163265,756.8476052249637,670.4733727810651,2.065312046444122,0.02734375,961.9946524064172,843.3780160857909,0.7272727272727273,0.010738255033557,631.8979865771812,484.0329218106996,2.5704697986577183,0.0062965082999427,904.8487297921478,907.3793103448276,2.704387990762125,0.0132939438700147,991.178247734139,881.1275964391691,3.800604229607251,0.0273037542662116,1398.9722222222222,845.0283687943263,2.020833333333333,0.0032786885245901,848.1718061674009,625.2838427947598,3.3105726872246697,0.0128518971848225,754.6782178217821,902.2360248447204,1.9443069306930687,0.0028756290438533,703.8644314868804,857.1184022824536,3.2317784256559765,0.0038149737720553,714.2884615384615,655.6530028598665,0.6653846153846154,0.0056497175141242,2160.1764150943395,2294.1977186311788,9.831132075471698,0.0036246476037051,573.9327390599676,475.741935483871,2.315235008103728,0.0169491525423728,606.1844783715013,516.5384615384615,1.61323155216285,0.008363201911589,1000.3052884615385,1065.5072463768115,5.2548076923076925,0.0117785630153121,838.7112171837708,857.7142857142857,1.1026252983293556,0.0198863636363636,745.7636887608069,821.8075801749271,1.5014409221902016,0.0139318885448916,920.48167539267,992.573221757322,1.9350785340314136,0.0016313213703099,896.7699836867863,1103.1751227495909,1.815660685154976,0.007587253414264,926.7006109979634,871.530612244898,2.028513238289205,0.0091240875912408,949.9075785582256,936.8807339449542,3.593345656192237,0.0072727272727272,641.8218181818182,634.5664206642066,1.6363636363636365,0.0145454545454545,926.6648351648352,686.9888475836432,1.8406593406593408,0.0028625954198473,824.8176583493282,912.1374045801526,1.437619961612284,0.0081607030759573,759.6713021491782,712.6235741444867,1.1403286978508218,0.0086505190311418,577.212543554007,830.5594405594405,1.529616724738676,0.0128068303094983,649.4509803921569,589.31330472103,1.89760348583878,0.0089153046062407,843.2335329341317,816.2162162162163,1.748502994011976,0.0141010575793184,1238.2642857142855,1665.107398568019,3.5166666666666666,0.0153203342618384,759.1581920903955,632.9745042492918,1.887005649717514,0.0085763293310463,1084.225352112676,637.5510204081633,5.200704225352113,0.0040927694406548,516.9613259668508,638.804347826087,1.4806629834254144,1,0,0,0.09653601915829313
305,202506,2,0,0.0130057803468208,734.0994152046784,468.5630498533724,4.216374269005848,0.0106911034746086,789.665637065637,827.3148148148148,2.073359073359073,0.0059952038369304,942.6012048192772,824.4202898550725,5.703614457831326,0.0014970059880239,1197.1724137931035,836.0419790104947,7.118440779610195,0.0383036935704514,1044.1714285714286,945.2124645892352,2.145714285714286,0.0061475409836065,825.3705234159779,533.4979423868313,2.0853994490358128,0.0091901206203331,721.6875,559.0940766550523,2.896990740740741,0.0147492625368731,1459.4011976047905,669.3413173652694,2.7934131736526946,0.0352564102564102,985.8675496688742,503.06,2.622516556291391,0.014054054054054,910.3947368421052,847.6315789473684,2.6776315789473686,0.0226557583385777,658.0670103092783,836.6023166023166,1.402061855670103,0.0116788321167883,773.3737075332349,829.7193500738553,2.805022156573117,0.0062380038387715,882.2779922779923,837.9710144927536,0.9372586872586872,0.0110957004160887,1988.929906542056,1753.7511693171189,5.836448598130841,0.0051730998806207,724.6672,857.472,1.9872,0.013215859030837,835.3802816901408,662.0470139771284,1.6261203585147248,0.0141242937853107,4092.328611898017,5199.826086956522,31.94900849858357,0.0023952095808383,516.4903846153846,554.9640287769785,1.2956730769230769,0.0128755364806866,772.0,691.304347826087,2.07536231884058,0.0090270812437311,824.5420466058764,634.8230535894843,2.4589665653495443,0.0041562759767248,1402.4373956594325,974.9248747913188,11.924874791318866,0.005389514943655,658.0473372781065,557.007874015748,2.4023668639053253,0.0209090909090909,1001.5981481481482,855.195530726257,3.401851851851852,0.0082041932543299,571.3522935779816,508.61878453038673,2.01651376146789,0.028105167724388,1066.3233644859813,664.5810055865921,3.181308411214953,0.0114068441064638,975.7942307692308,761.5384615384615,2.225,0.0039138943248532,970.615989515072,931.1780104712042,2.563564875491481,0.2459016393442623,825.551839464883,689.8996655518395,2.05685618729097,0.0236051502145922,589.665934065934,647.0285714285715,2.2967032967032965,0.0130624092888243,555.9470588235295,502.9411764705882,2.223529411764706,0.0327272727272727,2977.8525,3232.462311557789,16.4675,0.0228426395939086,244.2935064935065,216.15584415584416,1.0467532467532468,0.0070298769771528,1191.4893617021276,941.13074204947,1.99290780141844,0.0195360195360195,852.2693266832918,673.2835820895523,1.600997506234414,1,0,0,0.1991841767634286
306,202506,3,0,0.0078247261345852,320.820189274448,313.4384858044164,2.580441640378549,0.0164,1332.1550324675325,870.4156479217604,10.965097402597404,0.0039395929087327,1027.4763157894736,710.0132100396302,4.668421052631579,0.0034188034188034,878.527397260274,874.8453608247422,3.1232876712328768,0.0047393364928909,472.1333333333333,525.3333333333334,2.6666666666666665,0.0060331825037707,394.27272727272725,401.1246200607903,1.6454545454545455,0.0086794792312461,942.075,706.3329161451815,3.4725,0.0068376068376068,508.9655172413793,217.9381443298969,3.3551724137931034,0.065340909090909,1433.1707317073171,956.060606060606,3.073170731707317,0.0033975084937712,458.8154897494305,282.85714285714283,3.287015945330296,0.0155257586450247,576.4131994261119,759.2836676217765,2.835007173601148,0.006294256490952,500.8858954041205,547.5949367088608,2.977812995245642,0.003183023872679,375.8767268862912,393.7739872068231,1.7417640807651436,0.0127032520325203,1458.5896907216495,1151.03802672148,5.11340206185567,0.0038776389487289,938.9283246977548,808.2842287694974,3.189119170984456,0.021291696238467,574.4269175108539,342.0348837209302,1.8842257597684515,0.002820874471086,996.5475504322768,1272.0,2.0576368876080693,0.0053475935828877,652.4193548387096,442.9032258064516,1.5618279569892473,0.0356589147286821,825.604501607717,740.0643086816721,3.755627009646304,0.010783200908059,780.4128440366973,930.5166475315727,5.485091743119266,0.0081053698074974,1211.0655737704917,1219.18533604888,4.059426229508197,0.011332973556395,721.706783369803,543.8562091503268,3.072210065645514,0.02002002002002,633.9183673469388,507.85276073619633,3.316326530612245,0.0084033613445378,498.103813559322,471.625,2.538135593220339,0.0095541401273885,521.6830835117773,474.20600858369096,2.646680942184154,0.0020725388601036,1905.2458333333327,1833.5879917184263,13.04375,0.004698512137823,600.2825745682889,402.0189274447949,3.050235478806908,0.0579964850615114,473.2835820895522,516.4925373134329,2.0970149253731343,0.0143198090692124,559.4890510948906,368.6746987951808,2.2141119221411194,0.0049833887043189,901.8,658.1939799331103,3.97,0.0080515297906602,532.4025974025974,469.87012987012986,1.4642857142857142,0.017379679144385,491.82065217391306,243.92370572207085,1.8070652173913044,0.016453382084095,499.7047970479705,470.7865168539326,1.5571955719557196,0.0024844720496894,434.17910447761193,329.32668329177056,1.2935323383084578,1,0,0,0.09190449813946899
307,202506,4,0,0.0076452599388379,635.7654320987655,416.3076923076923,2.469135802469136,0.0068825910931174,507.5861788617886,486.181520850368,2.7829268292682925,0.0071521456436931,475.7631578947368,529.6740547588005,3.0157894736842104,0.007258064516129,566.4172077922078,487.8048780487805,2.139610389610389,0.0,573.3918495297805,495.2866242038217,1.768025078369906,0.0022304832713754,352.73848439821694,363.4080717488789,1.7964338781575038,0.0151975683890577,774.6242274412855,552.1331689272503,3.168108776266996,0.0165016501650165,465.45454545454544,335.5183946488294,3.34006734006734,0.028169014084507,1000.6264367816092,839.6491228070175,2.925287356321839,0.0,497.2747747747748,501.7194570135746,3.824324324324324,0.0090466249130132,670.632911392405,558.1767180925666,3.2334739803094235,0.0023696682464454,668.5578446909667,682.6898734177215,3.12202852614897,0.0021141649048625,655.5471898197243,691.936507936508,2.2873806998939554,0.0095429432446007,1169.794923857868,896.2664640324215,7.482233502538071,0.0042052144659377,709.112331081081,550.0337837837837,3.3572635135135136,0.0231904427266338,482.0143884892086,578.5035971223022,2.0992805755395683,0.0081632653061224,945.0410958904108,837.6923076923077,4.991780821917808,0.0,401.44,455.2278820375335,2.808,0.0109890109890109,441.4190476190476,405.3333333333333,3.7174603174603176,0.011142061281337,495.5580608793687,436.2162162162162,2.225479143179256,0.0147492625368731,376.5060240963856,429.7619047619048,2.042168674698796,0.0059139784946236,447.9567567567568,470.64935064935065,2.610810810810811,0.0069169960474308,560.5577689243028,482.2266401590457,2.810756972111554,0.0073298429319371,357.6835443037975,504.9198312236287,1.873417721518988,0.0041797283176593,484.8595387840671,438.0252100840336,2.138364779874214,0.0,866.2767676767677,813.8181818181819,6.656565656565657,0.0076863950807071,551.2732919254659,615.3941267387944,3.656832298136646,0.0091743119266055,345.83025830258305,347.0631970260223,1.7712177121771218,0.0035928143712574,641.7679425837321,688.4057971014493,2.6578947368421053,0.0032894736842105,485.5263157894737,272.7814569536424,2.171052631578948,0.015220700152207,904.374613003096,702.9629629629629,2.773993808049536,0.0149051490514905,380.6629834254144,391.75616438356167,0.9447513812154696,0.0073260073260073,433.2841328413284,877.859778597786,2.029520295202952,0.0,528.6567164179105,493.5483870967742,2.4477611940298507,8,0,0,0.053430581897901286
308,202506,5,0,0.0112201963534361,736.7070422535211,825.4285714285714,3.738028169014085,0.0084683357879234,1052.3338312173264,946.7895125553914,2.386109036594473,0.0188205771643663,1243.014157014157,1108.970775095299,2.166023166023166,0.0154494382022471,923.1954350927248,750.4707560627675,1.911554921540656,0.0137931034482758,759.2072829131653,740.1117318435754,2.042016806722689,0.0142857142857142,746.8699609882965,473.671562082777,2.8062418725617686,0.0152505446623093,1254.6281628162817,969.944382647386,2.3784378437843783,0.0098730606488011,1182.1714285714286,1186.875,3.52,0.0138504155124653,1217.7640449438202,688.0955056179776,3.629213483146068,0.0061919504643962,989.2436974789916,727.2689938398357,4.760504201680672,0.0075,737.4120603015075,737.7272727272727,1.4095477386934674,0.0205479452054794,1214.371104815864,1332.6795580110495,4.3201133144475925,0.0201499531396438,652.1468330134358,775.9961868446139,1.3502879078694818,0.008566275924256,3717.40523465704,3343.1714023831346,10.25451263537906,0.0172479877347642,780.9921996879875,791.4048361934477,3.248829953198128,0.0457831325301204,923.0454545454544,647.5,2.4532828282828283,0.0164556962025316,617.6812339331619,599.2268041237113,1.5141388174807198,0.0139372822299651,877.5355450236967,957.0491803278688,1.3933649289099526,0.040391676866585,927.158163265306,848.7244897959183,2.5510204081632653,0.0171990171990172,1296.0839160839162,1249.2492492492493,2.914085914085914,0.011120615911035,2979.828473413379,2173.298429319372,10.265866209262436,0.0153846153846153,1148.2272282076397,1251.0613437195716,2.3829578844270323,0.0346921075455333,1212.642857142857,1075.768535262206,2.7517857142857145,0.0168589174800354,922.6301615798924,922.540834845735,2.050269299820467,0.0345140781108083,866.5318352059925,701.2854442344045,2.237827715355805,0.0028790786948176,1446.6435452793835,1269.0,3.0,0.0171428571428571,1118.223938223938,1351.5175097276265,3.1943371943371943,0.0062893081761006,717.160883280757,1019.6190476190476,1.413249211356467,0.0031712473572938,980.7340425531914,920.0422832980972,2.374468085106383,0.0321637426900584,1180.851063829787,1415.855855855856,2.945288753799392,0.0084951456310679,907.242053789731,597.0588235294117,1.6772616136919316,0.067938021454112,429.4705882352941,360.8925831202046,0.8644501278772379,0.0254237288135593,675.9042553191489,585.2559726962457,3.00354609929078,0.0706836616454229,693.15,555.0746268656717,3.225,1,0,0,0.16981791755483255
309,202506,6,0,0.040787623066104,1985.6803519061584,1484.8680351906155,8.346041055718475,0.0273224043715847,1563.4673668417104,1458.0403889304414,4.13503375843961,0.0131332082551594,1381.2010113780025,1033.4942820838628,2.662452591656132,0.0437196391394864,1236.889534883721,756.8695652173913,2.456395348837209,0.0329670329670329,1325.4488636363635,1033.125,1.1846590909090908,0.0959071472205253,1901.1455525606468,1704.2276422764228,7.071428571428571,0.017146017699115,1033.7682789651294,835.0675675675676,3.7784026996625424,0.125,1844.2857142857144,1954.2857142857144,3.6666666666666665,0.0154798761609907,1861.329192546584,1321.2929936305732,3.5527950310559007,0.195013357079252,1616.9471365638767,1565.4666666666667,4.330396475770925,0.0213299874529485,1173.7355584082156,1131.5492957746478,4.388960205391528,0.0649867374005305,1419.857142857143,1422.588904694168,3.9094766619519095,0.045538178472861,1022.5260617760616,1017.8633301251205,1.4517374517374515,0.0259683098591549,2707.272892112421,2347.0810810810813,6.873073436083409,0.0590175953079178,1232.6708268330733,1066.9260700389104,3.365054602184088,0.04406364749082,1389.2809278350514,1338.1679389312976,2.681701030927835,0.0102695763799743,1073.5324675324675,959.0673575129532,1.303896103896104,0.0186046511627906,1114.7517730496454,1056.769596199525,1.6973995271867612,0.0380368098159509,1099.1878172588831,1431.076923076923,2.0406091370558377,0.0157790927021696,1255.133,1116.144578313253,3.702,0.0058823529411764,1558.7755102040817,1399.6638655462184,2.998299319727891,0.041025641025641,960.4655674102812,847.6608187134503,2.472356935014549,0.0867469879518072,893.884007029877,941.024647887324,3.022847100175747,0.0492227979274611,1498.3037974683543,1629.3339416058395,4.775768535262206,0.056007226738934,1843.0095969289828,1175.1526717557251,2.8771593090211134,0.0122295390404515,1366.2996183206108,1396.7205323193916,2.7022900763358777,0.0623109497882637,1295.798969072165,1105.4263565891472,1.777061855670103,0.0047095761381475,1330.632911392405,1579.0566037735848,2.6455696202531644,0.0033222591362126,1871.877232142857,2651.882743362832,6.200892857142857,0.1553030303030303,1247.3611940298508,1017.125748502994,3.2597014925373133,0.02203182374541,1166.925,1098.4962406015038,2.06,0.0305343511450381,750.9528795811518,494.6842105263158,0.7591623036649214,0.0262697022767075,1299.4964028776978,1809.928057553957,4.935251798561152,0.3066666666666666,2967.4520547945203,2381.4876033057853,5.402739726027397,7,0,0,0.2569067758415804
310,202506,7,0,0.0095693779904306,640.2330097087379,797.3076923076923,5.786407766990291,0.0137931034482758,1132.1635168447,1119.0939044481054,2.8685291700903863,0.0100358422939068,974.4391304347826,966.9464544138928,2.092753623188406,0.0050590219224283,641.4601018675721,743.756345177665,2.8879456706281834,0.008871989860583,1201.5677749360614,1236.5217391304348,1.4910485933503836,0.0292983808789514,1261.8920634920637,1013.8950715421304,4.06984126984127,0.0129950495049504,634.0982367758187,685.2434456928839,2.2858942065491186,0.0293159609120521,1041.8729096989966,926.6666666666666,4.277591973244147,0.0028818443804034,685.8612716763006,504.2774566473988,2.132947976878613,0.0519323671497584,879.6428571428571,833.7404580152672,2.7755102040816326,0.0098934550989345,647.926267281106,730.5230769230769,1.5284178187403994,0.0246343341031562,910.6037735849056,961.9017432646592,2.9874213836477987,0.0158910329171396,1777.3179190751446,1777.6294591484466,5.144508670520231,0.0156326331216414,799.7300796812749,759.5845697329377,3.0657370517928286,0.0161290322580645,1200.2969018932874,1135.484429065744,3.809810671256455,0.0197802197802197,989.5508982035929,802.8358208955224,1.7934131736526946,0.0025220680958385,1171.5164556962025,936.5151515151516,1.4556962025316456,0.017725258493353,625.3012048192771,632.2522522522522,1.5783132530120485,0.0318181818181818,783.4811320754717,893.6448598130842,2.09748427672956,0.009501187648456,902.7845968712396,797.2759856630825,2.9037304452466906,0.0068571428571428,903.8709677419356,491.5862068965517,2.271889400921659,0.0123094958968347,674.4827586206897,520.0236966824644,2.32461355529132,0.0209523809523809,595.6976744186046,609.4921875,2.742248062015504,0.011853448275862,1137.0589519650655,1055.0522875816994,2.2860262008733625,0.0315040650406504,1105.4423480083858,866.8487394957983,2.257861635220126,0.0162689804772234,1093.267543859649,1053.7915742793791,2.5701754385964914,0.0148331273176761,1065.93984962406,1194.7989949748744,1.431077694235589,0.0075471698113207,684.7727272727273,761.2213740458016,1.9166666666666667,0.010204081632653,735.9718670076726,814.9090909090909,2.734015345268542,0.1521418020679468,724.9616724738676,809.2682926829268,2.8885017421602788,0.0087719298245614,976.4835443037974,805.4545454545455,1.9670886075949368,0.0091027308192457,607.2073490813648,708.8188976377953,1.4540682414698165,0.0112994350282485,3237.735849056604,3447.923076923077,8.818867924528302,0.0202839756592292,2072.099173553719,2124.3983402489625,13.396694214876034,11,0,0,0.10795669747850267
311,202506,8,0,0.0350140056022409,851.3659942363113,675.438596491228,3.729106628242075,0.1761693410720382,2348.370554177006,1843.455149501661,11.07940446650124,0.0241884150222788,1279.2712975098295,1139.7662337662337,2.233289646133682,0.032258064516129,1836.223922114048,1464.4660194174758,3.312934631432545,0.0306905370843989,1838.5936675461744,1390.2902374670184,2.5620052770448547,0.0423076923076923,1908.38770053476,1900.7774798927608,2.550802139037433,0.0210993892282065,1034.9092970521542,888.8989784335981,2.517006802721089,0.0139664804469273,1124.0677966101696,1085.284090909091,3.194915254237288,0.0059523809523809,814.1529411764706,507.8048780487805,1.0941176470588236,0.1213818860877684,2565.285412262157,2222.5641025641025,6.987315010570825,0.0386029411764705,1370.3053435114505,1233.7931034482758,2.89058524173028,0.0270819228165199,1036.8720445062586,1111.2534818941504,3.671766342141864,0.0551632833186231,1662.9209302325582,1846.266416510319,2.918139534883721,0.0578158458244111,1767.22131147541,1486.6061705989111,4.6429872495446265,0.0511170011359333,2794.6597444089457,2551.244019138756,7.794728434504792,0.03862660944206,1429.4891719745224,1341.455938697318,2.699363057324841,0.046875,1101.571788413098,1284.8484848484848,1.491183879093199,0.0347721822541966,1537.1072319201994,1286.138613861386,1.7955112219451372,0.0625814863102998,1897.588888888889,1833.7604456824515,5.027777777777778,0.0278058645096056,1067.638629283489,1115.375,2.7383177570093458,0.018596787827557,1152.9533678756477,1403.6082474226805,2.390328151986183,0.0312652662432828,1112.0,1007.190332326284,2.2303030303030305,0.0576131687242798,832.8169014084507,821.0745233968804,2.795774647887324,0.0406222990492653,1717.929347826087,1576.953405017921,2.3043478260869565,0.045004500450045,1971.4320754716985,1689.9435028248588,2.6641509433962263,0.036697247706422,1884.374760994264,1432.9411764705883,2.839388145315488,0.0294117647058823,1597.9444444444443,1515.4646840148698,3.3123456790123456,0.0084033613445378,1659.457627118644,2236.4745762711864,5.040677966101695,0.0149892933618843,1329.5217391304348,1751.8695652173913,3.495652173913044,0.0975274725274725,1163.4250764525991,1136.5454545454545,2.850152905198777,0.0084951456310679,1258.0802919708028,1224.8275862068965,1.489051094890511,0.0601503759398496,489.96,390.72,2.3546666666666667,0.030716723549488,2228.7544483985766,1621.2543554006968,2.893238434163701,0.0707964601769911,1292.6975476839236,1232.608695652174,2.209809264305177,7,0,0,0.21396454819167454
312,202506,9,0,0.0171673819742489,902.5302593659942,474.52941176470586,2.7406340057636887,0.0593883357041251,1794.8595292331056,1731.6415662650602,3.757782839787396,0.011860174781523,1314.455919395466,1158.93536121673,2.654911838790932,0.0083857442348008,1164.5070422535211,975.5712270803948,3.123943661971831,0.0096286107290233,1608.4497206703911,1217.0718232044198,4.944134078212291,0.0169712793733681,1978.3245033112585,1422.7430093209057,3.866225165562914,0.0102205486820871,907.767895878525,806.2745098039215,2.03470715835141,0.0098314606741573,1438.2857142857142,1659.2112676056338,3.76,0.0299727520435967,945.5449438202248,669.5955056179776,1.9606741573033708,0.032064128256513,1553.5,1370.3703703703704,3.560416666666667,0.0781990521327014,2658.0,3441.958762886598,3.955128205128205,0.0102389078498293,1534.8428372739916,1722.106703146375,3.2294853963838666,0.0140018066847335,1975.648029330889,1961.098901098901,3.231897341888176,0.0241333918385256,934.978397839784,946.7385444743936,2.195319531953196,0.0145038167938931,1389.9860465116278,1331.859907120743,3.0565891472868216,0.018799272286234,1265.0518518518518,1088.9108910891089,2.508641975308642,0.0303413400758533,959.1279373368146,1205.78125,1.8720626631853785,0.0186915887850467,1638.428571428571,1787.571428571429,2.1357142857142857,0.0439024390243902,1417.5913705583755,1713.2307692307693,2.733502538071066,0.0244140625,1194.302,1090.3406813627255,2.322,0.0093062605752961,1556.7291311754684,1714.7260273972602,2.705281090289608,0.0236518448438978,1261.7424975798644,1031.4645974781763,2.213939980638916,0.0212224108658743,994.681660899654,895.2,2.0484429065743943,0.0229479258605472,2313.810035842294,2543.162112932605,9.664874551971328,0.0235934664246823,1540.539741219963,1291.8504672897195,2.913123844731978,0.0109289617486338,1405.0073529411766,1367.5867158671588,2.0661764705882355,0.0120025268477574,1755.0383631713555,1528.618925831202,2.9872122762148337,0.0109204368174727,1164.2271293375395,1179.3690851735016,2.659305993690852,0.0117899249732047,1510.7320261437908,1057.5809935205184,2.213507625272331,0.0249632892804698,1560.3614457831325,1582.0481927710844,1.993975903614457,0.0149439601494396,1297.9974811083125,892.3857868020305,1.8564231738035264,0.0417721518987341,544.8620689655172,411.4736842105263,1.3103448275862069,0.0364238410596026,2177.9166666666665,1404.2857142857142,5.395833333333333,0.0181378476420798,1500.7425742574258,1481.9117647058824,4.876237623762377,7,0,0,0.2308274015052577
313,202506,10,0,0.0290964777947932,1161.050156739812,1018.095238095238,4.545454545454546,0.0112185686653771,1447.1435257410296,1491.7111459968603,3.5351014040561624,0.0088495575221238,1011.7242798353908,973.9504814305365,2.12482853223594,0.0173364854215918,776.8488745980708,714.9616,2.54983922829582,0.0235849056603773,1760.0064308681672,1570.8387096774193,3.5659163987138265,0.0222541277817659,1805.302496328928,1456.6519823788549,2.7474302496328926,0.0144843568945538,797.9208972845337,781.4754098360655,2.9693034238488782,0.0207667731629392,2021.1650485436887,1815.1973684210527,4.080906148867314,0.0386740331491712,924.456647398844,742.3085714285714,2.0115606936416186,0.008686210640608,1380.5274725274726,1478.2532751091703,3.595604395604396,0.034366576819407,1796.258426966292,1701.5533980582525,5.678370786516854,0.0037509377344336,1395.6015037593984,1242.8054298642537,3.5789473684210527,0.0070493454179254,2006.565349544073,2058.761421319797,7.015197568389058,0.0139691714836223,1035.652981427175,964.505859375,4.813294232649072,0.0012610340479192,1010.6305625524768,931.6962025316456,2.8782535684298907,0.0145833333333333,915.351617440225,729.1525423728814,1.939521800281294,0.0099573257467994,1332.5273775216135,1205.1575931232092,4.319884726224784,0.0051020408163265,1384.296675191816,1444.0102827763496,3.237851662404092,0.0314207650273224,826.3098591549295,1057.457627118644,2.3380281690140845,0.011001100110011,936.9487750556792,829.3333333333334,2.698218262806236,0.0093457943925233,862.2315789473685,963.6325678496868,1.7578947368421052,0.0157397691500524,1025.8911419423694,620.3833865814696,2.3383137673425827,0.0147465437788018,768.4485981308411,786.0674157303371,2.611214953271028,0.0253292806484295,1064.0395833333334,1011.0373443983402,2.177083333333333,0.0106269925611052,1374.5901287553647,1171.741935483871,1.888412017167382,0.0020304568527918,888.4093686354379,805.8536585365854,1.523421588594705,0.0045871559633027,1425.6221198156682,1252.5345622119817,3.897081413210445,0.0052264808362369,747.578947368421,813.3566433566433,2.849122807017544,0.0071428571428571,1049.9493975903615,1125.107398568019,2.4433734939759035,0.0353130016051364,927.2,967.5747508305648,1.81,0.0187207488299532,1560.0830670926518,1470.5696202531649,3.680511182108626,0.0236220472440944,370.0748663101604,326.5945945945946,1.53475935828877,0.0037174721189591,1651.5555555555557,1281.654135338346,4.107407407407408,0.0831381733021077,3433.0102040816328,3152.531969309463,8.563775510204081,11,0,0,0.13175204140671648
314,202506,11,0,0.0151285930408472,696.9230769230769,399.3865030674847,2.0492307692307694,0.2630691399662732,3927.649398704903,3090.217391304348,6.042553191489362,0.0452729693741677,1325.1476323119778,1307.0949720670392,1.834261838440112,0.0204390613171839,1037.013931888545,940.0,2.637770897832817,0.0629921259842519,2461.0033444816054,2779.662162162162,16.94314381270903,0.0098730606488011,794.9957325746799,617.2895863052781,2.1066856330014225,0.0155979202772963,1067.9438596491227,921.696113074205,3.2923976608187133,0.0172955974842767,644.951768488746,439.6815286624204,3.562700964630225,0.0492307692307692,912.2207792207791,955.3612903225808,1.0,0.0171673819742489,1225.2287581699347,787.4835886214443,4.647058823529412,0.1356037151702786,2813.047210300429,2960.3156384505023,7.494992846924178,0.0125832716506291,793.0450450450451,666.7365269461078,3.066066066066066,0.0224550898203592,952.267620020429,1010.3877551020408,1.080694586312564,0.0226415094339622,1706.7608069164264,1736.6188166828322,5.300672430355427,0.0101874490627546,1058.1711934156378,886.4085667215816,3.109465020576132,0.0542328042328042,689.0531468531468,698.8531468531469,1.8,0.06703146374829,1115.2325581395348,1124.9112426035504,4.343023255813954,0.0274509803921568,1953.178861788618,1727.84,9.940379403794038,0.050131926121372,867.8504155124654,909.8607242339832,2.770083102493075,0.0211267605633802,861.0210409745293,963.2522123893804,2.2137320044296787,0.0364891518737672,706.4754098360655,856.0736196319018,1.653688524590164,0.0298047276464542,1111.207627118644,941.3771186440678,2.2722457627118646,0.0358102059086839,724.0148698884758,923.9332096474952,3.1022304832713754,0.0643274853801169,1405.150313152401,1351.060291060291,2.400835073068893,0.0230125523012552,978.503198294243,840.7741935483871,2.6908315565031984,0.0090452261306532,1223.836032388664,1332.8943089430895,1.508097165991903,0.0141158989598811,1336.3141993957704,1101.7443609022555,3.066465256797583,0.0304568527918781,1080.2083333333333,842.5263157894736,2.2916666666666665,0.011806375442739,883.6610978520287,853.6363636363636,2.3198090692124107,0.0016638935108153,881.0,845.6,1.91,0.0202492211838006,1111.7981072555206,914.0384615384615,3.324921135646688,0.0273794002607561,597.6666666666666,704.1176470588235,1.4381720430107527,0.0266429840142095,716.2773722627737,462.7007299270073,1.8394160583941608,0.0234278668310727,913.2151898734176,682.2166246851385,2.1645569620253164,6,0,0,0.21010766794387048
315,202506,12,0,0.0281293952180028,714.7398843930636,723.1304347826087,2.5953757225433525,0.0646428571428571,2001.3607932875668,2052.0183486238534,2.6712433257055683,0.0229956494717215,1296.31974522293,1225.9212198221094,2.170700636942675,0.008891928864569,1328.298755186722,1178.2644628099174,3.340248962655602,0.0478199718706047,1858.934911242604,1514.867256637168,4.636094674556213,0.0167202572347266,2065.1866840731072,1376.124508519004,3.852480417754569,0.0135574837310195,1074.5848017621145,885.3787047200879,4.240088105726873,0.0223776223776223,1250.1724137931035,1192.4786324786326,3.770114942528736,0.0338028169014084,1069.656976744186,816.8421052631579,0.8255813953488372,0.034729315628192,1678.2203389830509,1346.6384778012684,4.3474576271186445,0.1776905829596412,4324.5901639344265,3900.081632653061,6.560109289617486,0.1916873449131513,2403.2870229007635,2720.2098765432097,6.129770992366412,0.0356016223524109,1803.9098513011152,2358.9473684210525,5.588289962825279,0.0215574131104267,2012.4274120829573,1801.9910313901344,8.84761045987376,0.0153374233128834,1534.2751363990646,1436.4980544747082,2.9392049883086515,0.0331525015069318,1224.4007490636704,774.4234122042341,1.8514357053682893,0.066420664206642,1157.9840848806366,892.6178010471205,1.986737400530504,0.0186263096623981,1737.7304964539007,2497.428571428572,3.059101654846336,0.041871921182266,1117.569587628866,1033.5384615384614,3.381443298969072,0.0228488089450656,1060.2726368159204,1109.0149253731342,1.7611940298507462,0.0111111111111111,1153.3218588640275,1234.5833333333333,2.1652323580034425,0.0333803479078514,1092.0817120622569,959.591439688716,2.3511673151750974,0.0288135593220339,1022.9268292682926,896.9580419580419,2.651567944250872,0.0291777188328912,1511.5956284153006,1462.6830601092895,2.051001821493625,0.0620567375886524,1703.5673624288424,1230.6214689265537,2.0284629981024667,0.0176908752327746,1872.7817836812144,1634.5397727272727,1.8462998102466792,0.0258511979823455,1484.320827943079,1216.2435233160622,2.4890038809831823,0.0250783699059561,1258.252427184466,1454.185303514377,1.802588996763754,0.0277777777777777,1115.1978021978025,926.5054945054944,1.9626373626373623,0.0060514372163388,1005.0909090909092,1019.4495412844036,2.533333333333333,0.0226700251889168,1311.6279069767445,1099.1259640102828,1.7571059431524547,0.0292326431181485,886.1275,525.7934508816121,2.235,0.0171821305841924,780.0,620.7692307692307,3.9335664335664338,0.0256410256410256,844.2105263157895,1320.3007518796992,1.2305764411027569,7,0,0,0.2872081245766578
316,202506,13,0,0.0401721664275466,821.5671641791045,673.1137724550898,2.5044776119402985,0.0201244054152945,1507.7005988023952,1528.6140089418775,2.319610778443114,0.0167389956602603,1419.8876262626263,1174.4471032745591,1.6148989898989898,0.0181691125087351,1136.75,1074.6382978723404,3.64,0.0323488045007032,1742.0869565217392,1126.530612244898,3.1681159420289857,0.0315258511979823,1001.7627118644068,1012.1976592977892,2.123859191655802,0.0155412647374062,799.1556039173014,659.9346405228758,3.5538628944504898,0.0400552486187845,1488.103448275862,1381.3832853025935,3.876436781609196,0.0220994475138121,659.8870056497175,645.7627118644068,0.7796610169491526,0.1512915129151291,2980.950323974082,2128.621444201313,13.72354211663067,0.0713853599516031,2619.74126778784,2417.244094488189,8.983182406209574,0.1568505889646621,2249.6478454680537,2200.0,4.053491827637444,0.0435555555555555,1605.078431372549,1941.4246068455127,4.299719887955182,0.0186418109187749,1954.3745487364624,2013.640072529465,9.836642599277978,0.0129870129870129,1672.7680372381692,1178.4092664092664,3.1318851823118696,0.0472813238770685,1151.0635118306352,979.5797280593324,2.125778331257784,0.0326370757180156,1978.3914209115285,1519.5652173913045,2.6193029490616624,0.0219399538106235,1350.9905660377358,1150.6382978723404,2.9504716981132075,0.040391676866585,828.9795918367347,935.969387755102,1.895408163265306,0.014720314033366,1042.8123138033764,1037.5624375624377,1.8182720953326712,0.015228426395939,843.3046471600688,933.138936535163,1.82960413080895,0.0231678486997635,943.899613899614,685.8058252427185,2.395752895752896,0.0425531914893617,898.7713310580205,699.0410958904109,2.8088737201365186,0.023070097604259,2092.1503623188405,1537.2677595628415,7.820652173913044,0.0364298724954462,1554.1092278719398,1141.1385199240988,3.928436911487759,0.0313059033989266,1784.354898336414,1313.2472324723246,2.11460258780037,0.0355140186915887,1531.550387596899,1344.9612403100775,2.923772609819121,0.0235109717868338,1952.58785942492,2705.8064516129034,4.757188498402556,0.0194594594594594,1607.0973451327434,1809.362637362637,4.2234513274336285,0.0146412884333821,1058.107142857143,1210.5044510385758,1.7648809523809523,0.0038809831824062,1344.8062015503876,1027.8328981723237,3.310077519379845,0.0124688279301745,743.183879093199,489.4177215189873,0.836272040302267,0.0173310225303292,1011.7021276595744,729.0526315789474,2.092198581560284,0.0147420147420147,1198.65,1103.8805970149251,1.1925,7,0,0,0.31211688843204777
317,202506,14,0,0.0219780219780219,945.144694533762,872.8846153846154,1.977491961414791,0.0290489454834858,1525.4481632653062,1542.5185185185185,3.466122448979592,0.0086145010768126,1252.5608695652174,988.0463096960926,1.6492753623188403,0.0072057646116893,1179.9483037156704,714.3961352657005,4.405492730210016,0.0342639593908629,2141.684210526316,1754.645669291339,3.4263157894736844,0.0270067516879219,1214.8163580246917,781.0169491525423,2.3981481481481484,0.0368389780154486,1486.9975308641976,1517.3859432799013,4.517283950617284,0.0375586854460093,1861.8810289389069,1764.4736842105262,3.459807073954984,0.0177514792899408,903.855421686747,709.2469879518072,0.8493975903614458,0.1350737797956867,2468.64,1921.297157622739,6.8933333333333335,0.0368188512518409,3091.6129032258063,3064.018264840183,10.24116743471582,0.0303490136570561,1459.0266875981165,1658.471138845554,3.598116169544741,0.0480821177741761,2340.0392376681616,2187.655172413793,11.167040358744394,0.012071463061323,1645.1303921568629,1837.1929824561405,7.9676470588235295,0.0097914005959982,1288.9475945017182,1192.8227194492254,3.457044673539519,0.0149041873669268,1175.6585014409222,851.4985590778098,3.0086455331412103,0.0025380710659898,1819.1326530612248,1718.2233502538072,3.224489795918368,0.0160583941605839,1404.925816023739,1200.0,1.946587537091988,0.0287878787878787,1256.5046728971963,1428.64375,1.825545171339564,0.0118483412322274,989.6322115384615,749.6411483253588,1.8353365384615383,0.0167785234899328,704.8979591836735,751.3698630136986,2.297052154195012,0.0157159487776484,794.1637010676156,701.3915094339623,1.9691577698695133,0.0250671441360787,890.4220183486239,792.0220588235294,2.330275229357798,0.01931330472103,1599.7685589519651,1693.157894736842,4.093886462882096,0.0324543610547667,1642.6582278481012,1155.875,3.4831223628691985,0.015233949945593,1650.65859030837,1543.370288248337,3.449339207048458,0.0163636363636363,2050.714285714286,1812.9469790382243,5.2844827586206895,0.0166666666666666,1381.811320754717,1628.345864661654,2.550943396226415,0.0075662042875157,1384.0076335877864,1475.4314720812183,3.150127226463104,0.0088495575221238,782.1428571428571,635.3571428571429,1.6392857142857142,0.0063775510204081,2047.4123711340203,1435.703324808184,3.453608247422681,0.0077220077220077,566.5751295336787,488.2597402597403,0.7616580310880829,0.0074906367041198,1276.2406015037593,1076.8181818181818,4.590225563909774,0.0079051383399209,1224.7619047619048,1155.36,1.7698412698412698,7,0,0,0.28151797164686165
318,202506,15,0,0.0243553008595988,1039.8245614035088,977.1681415929204,2.7660818713450293,0.1864919354838709,4312.812036273702,3802.549668874172,10.426215993404782,0.0561160151324085,1824.365951742628,1484.1011984021304,2.190348525469169,0.0354752342704149,1672.3670360110802,1404.116828929068,3.2797783933518008,0.0752269779507133,2544.775280898876,1723.1932773109245,1.601123595505618,0.0274509803921568,1586.4502688172042,1264.8387096774193,2.21505376344086,0.0271739130434782,1238.659574468085,1079.3979933110368,2.724524076147816,0.021067415730337,2552.1613832853027,1623.942857142857,3.602305475504323,0.0310880829015544,680.063829787234,696.1290322580645,1.75531914893617,0.120640904806786,2582.553191489362,2158.5745140388767,4.923404255319149,0.3205521472392638,4663.793904208998,4288.78125,14.288824383164004,0.0816326530612244,2153.6676217765043,2805.538020086083,3.9727793696275073,0.0784743533537922,1751.9308357348702,2316.6446748350613,1.403458213256484,0.0289145907473309,2621.190476190476,2624.546287809349,10.86996336996337,0.0220162224797219,1505.2704203013482,1398.127458693942,3.0547184773988896,0.072599531615925,1572.3001261034049,1395.6257901390643,2.566204287515763,0.1213872832369942,2046.125654450262,1739.5238095238096,2.518324607329843,0.031210986267166,3492.435233160622,3360.6153846153848,15.256476683937825,0.1032338308457711,1519.9637883008356,1623.812154696133,1.298050139275766,0.022051282051282,1280.5398322851154,1087.6180482686254,2.4633123689727463,0.0348639455782312,1417.9225352112676,1487.1957671957673,1.971830985915493,0.0507906085289889,1596.895161290323,1177.128412537917,2.180443548387097,0.0575657894736842,1514.098245614035,1357.8125,3.0298245614035086,0.0613656006914433,1986.2994454713487,1791.845871559633,2.1792975970425137,0.0669642857142857,1994.04206500956,1384.5977011494251,3.544933078393881,0.0150801131008482,1898.3899613899607,1794.876660341556,1.5945945945945943,0.037037037037037,2378.984771573604,2072.7067669172934,3.269035532994924,0.0685358255451713,1892.2147651006712,1884.2,4.305369127516778,0.0283224400871459,1958.1995515695064,1905.3363228699552,4.585201793721973,0.0167938931297709,1722.6222910216718,1655.140186915888,3.3777089783281733,0.008827238335435,2542.8426395939086,1964.3877551020407,1.6472081218274113,0.0456852791878172,998.0986666666666,887.6816976127321,1.2506666666666666,0.0587248322147651,1989.928057553957,1296.042402826855,2.946043165467626,0.0371845949535192,1663.801652892562,1456.7403314917126,2.515151515151515,6,0,0,0.5056450610483805
319,202506,16,0,0.0259259259259259,851.4795918367347,715.3148614609572,3.147959183673469,0.0528219971056439,1464.5856269113149,1542.2748091603053,1.4755351681957187,0.0400246305418719,1327.9948914431673,1336.005154639175,1.61941251596424,0.0192175703500343,1725.3435754189943,1280.849929873773,9.269553072625698,0.058252427184466,1389.0532544378698,1334.0762463343108,1.896449704142012,0.0226977950713359,820.4834437086092,775.8510638297872,2.029139072847682,0.0271565495207667,1045.101750547046,996.538882803943,3.6214442013129102,0.0320781032078103,1901.217391304348,1440.6876790830945,3.2869565217391306,0.0149625935162094,593.7638190954774,609.4438775510204,1.5226130653266332,0.0588822355289421,1784.1437632135307,1135.787234042553,2.9978858350951376,0.1677089255258669,2005.775248933144,2695.427069645204,4.523470839260313,0.1233140655105973,2623.456366237482,2854.4144144144143,4.187410586552217,0.0303978542691104,1441.6081330868765,1599.4664213431463,1.3521256931608132,0.0197281893906181,1238.2327663384065,1466.4343163538874,3.4986571172784244,0.01076095311299,1230.6905132192846,1204.5186335403728,2.680404354587869,0.0332739156268568,1046.5006150061502,931.8783783783784,1.7945879458794587,0.0571791613722998,1037.9514824797843,741.832884097035,2.1563342318059298,0.0197674418604651,1468.5849056603774,1751.312649164678,1.2995283018867925,0.0676959619952494,989.3877551020408,1083.5114503816794,1.8673469387755104,0.0225822287677957,1039.3781344032095,1309.1348088531188,2.279839518555667,0.022127659574468,1400.414507772021,1255.6842105263158,2.4162348877374784,0.0181124880838894,1411.4007782101166,1194.7674418604652,2.801556420233463,0.051639344262295,1324.4559585492227,1167.3079584775087,3.138169257340242,0.0466724286949006,1357.7267759562842,1267.985559566787,3.3278688524590163,0.0552092609082813,1289.4586466165413,1096.1058601134216,2.981203007518797,0.0289592760180995,1485.1053604436229,1067.951127819549,1.66728280961183,0.0421313506815365,1565.9067357512954,1164.5736434108528,2.2007772020725387,0.0219092331768388,1270.1597444089457,1886.1538461538464,5.747603833865814,0.0208791208791208,2030.9865168539325,1827.1748878923768,3.339325842696629,0.0102790014684287,1598.5207100591715,1808.928571428572,3.121301775147929,0.0115532734274711,1592.8682170542636,1089.869451697128,2.4160206718346253,0.0366624525916561,834.4633507853404,526.2921052631579,1.4712041884816751,0.0173310225303292,881.0526315789474,728.5106382978723,3.747368421052632,0.0196078431372549,912.6,922.2,0.81,7,0,0,0.27623425833128434
320,202506,17,0,0.0207253886010362,586.9656992084433,751.3527851458886,3.3773087071240107,0.0209523809523809,1578.7880434782608,1619.0171606864274,2.43555900621118,0.0294511378848728,1573.526170798898,1828.5911602209944,2.1942148760330578,0.0308166409861325,1287.56050955414,1201.428571428571,2.4426751592356686,0.0127795527156549,1851.290322580645,1412.5324675324675,2.183870967741936,0.0527397260273972,1799.0852601156068,1320.1736613603473,5.057803468208093,0.0227143668370244,1328.4361948955916,1186.6589057043072,2.975638051044084,0.0250783699059561,1254.8407643312105,1156.1688311688313,3.640127388535032,0.0344827586206896,657.3435897435897,1101.015228426396,2.8615384615384616,0.1067193675889328,1775.521064301552,1520.794701986755,3.048780487804878,0.0303438975050573,1481.731843575419,1498.9196675900278,1.9706703910614525,0.0942079553384508,2000.3864353312304,1904.7289156626507,4.253943217665615,0.0240313879352623,2147.735470941884,2120.9274193548385,3.4529058116232463,0.0332176499752107,5855.423312883436,5451.143004115226,17.79038854805726,0.0136363636363636,1312.2865497076025,1394.6218487394958,2.41186299081036,0.1774101540216771,1211.4335180055402,1084.6666666666667,2.3698060941828256,0.0154929577464788,994.7277936962752,1416.0,1.8853868194842407,0.0088495575221238,1406.844387755102,1324.7448979591836,1.6785714285714286,0.059445178335535,1093.3521126760563,1210.420168067227,3.4338028169014083,0.0290322580645161,1235.1333333333334,1298.6754966887418,1.9822222222222223,0.0245148110316649,1118.1473684210523,1323.75,1.8968421052631577,0.0360824742268041,1234.3222698072805,1205.0,2.5492505353319057,0.0384271671134941,1789.5722222222223,1485.8955223880596,3.466666666666667,0.0494450050454086,1906.963906581741,1796.4331210191085,8.13375796178344,0.0301768990634755,1698.5586353944564,1481.7278617710583,2.692963752665245,0.0122324159021406,2221.1404958677685,2020.8247422680413,7.363636363636363,0.027961736571008,1723.4081325301204,1809.680365296804,5.876506024096385,0.0086505190311418,1341.2631578947369,1555.625,3.635087719298246,0.0035502958579881,1829.799522673031,1575.886524822695,3.510739856801909,0.0596546310832025,982.47491638796,1298.6,1.6588628762541806,0.007716049382716,1321.8691588785048,993.9130434782608,2.006230529595016,0.006765899864682,806.9157608695652,499.672131147541,0.8206521739130435,0.0444839857651245,2531.111111111112,1359.7752808988764,4.777777777777778,0.0995316159250585,4407.012953367876,3385.691906005222,13.593264248704664,7,0,0,0.32905737791274703
321,202506,18,0,0.0337922403003754,2366.612987012987,2484.8062015503874,3.9532467532467535,0.0184473481936971,1394.948275862069,1451.6901408450703,2.635579937304075,0.0113864701942397,1075.1058344640437,1254.8849797023004,1.344640434192673,0.0134028294862248,1370.3782148260211,1315.933734939759,2.5007564296520424,0.0406885758998435,1698.8961038961038,1630.426229508197,2.2857142857142856,0.1253998720409469,1426.0625909752548,1582.8529411764705,2.550218340611354,0.0107893242475865,1188.8323765786452,995.2009184845006,3.227324913892078,0.1723163841807909,1323.6860068259386,1157.2013651877132,4.69283276450512,0.0081743869209809,915.065934065934,640.510989010989,1.39010989010989,0.2199630314232902,2883.396226415094,2274.5714285714284,14.066037735849056,0.0173564753004005,1125.6948228882834,956.260162601626,1.8119891008174387,0.0324909747292418,1326.2089552238806,1497.8507462686566,3.531343283582089,0.0316455696202531,2005.524193548387,2053.420260782347,3.891129032258065,0.11199331383201,1119.4901222953904,1053.728813559322,2.65098777046096,0.0691024622716441,3591.719178082192,3115.765306122449,6.190068493150685,0.0237264480111653,2842.2954545454545,2076.345323741007,5.717329545454546,0.014367816091954,1395.6521739130435,1210.733137829912,2.07536231884058,0.0811764705882353,1297.9028132992328,1125.3846153846157,1.370843989769821,0.0373961218836565,2374.92795389049,2395.862068965517,8.538904899135447,0.0260361317747077,890.5338427947598,785.7579062159215,1.4246724890829694,0.01001001001001,892.3170731707318,1159.195171026157,1.339430894308943,0.0292307692307692,956.6420274551216,775.3699788583509,1.8268215417106648,0.0950819672131147,801.5144927536232,902.5,2.2282608695652173,0.0289710289710289,2171.3162217659137,1610.437113402062,5.028747433264887,0.0570264765784114,2563.1739130434785,1510.0429184549355,8.491304347826087,0.0574929311969839,1632.166,1753.394,3.854,0.0392017106200997,1512.5705794947994,1357.5111111111112,1.9806835066864783,0.0232142857142857,2093.4065934065934,2572.116788321168,10.787545787545788,0.0163934426229508,1645.5059382422803,1611.353221957041,3.743467933491688,0.1598360655737705,1237.5974025974026,875.9609120521172,2.0064935064935066,0.0363372093023255,1567.2727272727273,1294.5945945945946,1.7606060606060605,0.0150273224043715,602.8722222222223,370.47091412742384,1.2055555555555555,0.0270793036750483,2811.155378486056,2330.0,5.49402390438247,0.1532349602724177,3232.5540897097626,2649.6457765667574,4.327176781002638,3,0,0,0.3943777152438652
322,202506,19,0,0.1859185918591859,4986.367292225201,3994.4959128065393,9.402144772117962,0.0202205882352941,1582.0443942814145,1670.5688622754492,1.7494356659142212,0.0144563167818981,1143.9590268886045,1116.7471410419314,1.3457106274007682,0.0221179624664879,1309.3461538461538,1322.626538987688,2.858516483516484,0.0363128491620111,2376.683908045977,1785.0877192982457,3.6695402298850577,0.1599773883550028,2084.747978436658,2062.1774193548385,3.141509433962264,0.0172692930383162,957.6501650165015,807.2368421052631,2.9295929592959298,0.2991656734207389,3351.0,3407.083333333333,20.26333333333333,0.0191256830601092,959.6666666666666,894.927374301676,0.95,0.3035274815422477,2858.823529411765,2518.443396226415,12.776470588235297,0.0305676855895196,1467.3007712082265,1734.1237113402062,2.7249357326478147,0.0790513833992094,1661.4878397711016,1743.1759656652362,3.1816881258941345,0.0486725663716814,1794.5687732342008,2133.7988826815645,1.8410780669144984,0.0507185122569738,1034.649420160571,1218.3466666666666,2.008028545941124,0.0698099415204678,1947.2533438237608,1654.5211930926216,3.113296616837136,0.0176656151419558,2094.2331606217617,2110.394904458599,3.300518134715026,0.0105401844532279,1596.64,1668.9893617021276,2.6826666666666665,0.0314606741573033,1304.3146853146852,1155.1039260969976,2.296037296037296,0.0396530359355638,2190.558139534884,1998.2474226804125,1.8527131782945736,0.0214424951267056,1100.2507462686567,1041.617148554337,1.882587064676617,0.0135938827527612,963.6082474226804,951.1917098445596,1.2079037800687284,0.0395716945996275,1300.142718446602,962.5769603097772,1.9320388349514563,0.1433905899925317,1017.9094076655052,694.9738219895288,2.43205574912892,0.0461270670147954,1612.576923076923,2037.1636363636364,2.075091575091576,0.1508333333333333,1824.5445544554448,1589.7665369649806,2.407920792079208,0.0428051001821493,1863.277566539924,1525.9180952380952,1.38212927756654,0.1107854630715123,2867.296442687747,2386.622691292876,2.8840579710144927,0.0646153846153846,2915.7597402597403,3123.4,8.386363636363637,0.0311804008908685,2454.771689497717,2849.1666666666665,9.88812785388128,0.2389791183294663,1087.5,750.5487804878048,1.7378048780487805,0.0088383838383838,2111.908396946565,2225.816326530612,2.287531806615776,0.0378973105134474,327.73857868020303,234.50381679389312,1.076142131979695,0.0328185328185328,4544.972440944882,3259.433198380567,20.58267716535433,0.4700089525514772,5317.905723905724,4539.050847457627,17.367003367003367,5,0,0,0.515905975398967
323,202506,20,0,0.0458937198067632,2190.579081632653,1604.1708542713568,2.895408163265306,0.0190267105744603,823.5373692077728,956.783320923306,1.5231689088191331,0.0161190328580285,919.9773013871376,967.8589420654912,1.5573770491803278,0.0198358413132694,1091.129707112971,881.0614525139665,3.6331938633193865,0.0308555399719495,1553.9306358381502,1502.4347826086955,4.76878612716763,0.0435582822085889,1186.6407643312102,1259.6124031007753,3.0165605095541403,0.0224,1032.8238512035011,980.7616974972796,4.591903719912473,0.0784844384303112,1917.6716417910447,1564.6820809248554,2.928358208955224,0.0408719346049046,1976.0056497175144,1717.4914285714283,2.988700564971752,0.0805168986083499,1194.1935483870968,1400.0869565217392,3.838709677419355,0.0255610972568578,795.0652173913044,1135.0832266325224,1.6764705882352942,0.0284745762711864,800.4058577405858,845.1117318435754,2.782426778242678,0.0511463844797178,1026.927374301676,1239.4619666048238,0.7150837988826816,0.0233480176211453,828.8420107719928,1065.0951949229377,1.9524236983842007,0.0274539300488905,1114.5031007751938,1022.6388888888888,2.448062015503876,0.0373719107896323,1511.7829360100377,1224.45,1.8732747804266,0.0286458333333333,1277.1657754010696,1379.516129032258,2.307486631016043,0.0219399538106235,642.0283018867924,801.418439716312,1.0047169811320755,0.0742924528301886,983.7201017811705,1189.438775510204,1.9643765903307888,0.0254030288226673,857.3537074148296,756.2286860581745,1.6412825651302605,0.0195578231292517,498.397212543554,712.6424870466321,1.3013937282229966,0.0195891065456282,971.5945683802132,755.6121449559256,2.678952473326868,0.0440456769983686,1123.1918505942276,1144.3224699828477,6.373514431239389,0.0159151193633952,1012.3620071684588,1110.4864864864865,2.1577060931899643,0.0654288240495137,1394.663516068053,1402.840909090909,1.9640831758034027,0.0045829514207149,922.3512014787432,1042.194495412844,1.423290203327172,0.0352422907488986,1988.125,2073.019607843137,3.6875,0.0261136712749615,1014.3037974683544,1296.0377358490566,1.7151898734177216,0.0236305048335123,1295.5651214128036,1577.1052631578948,1.955849889624724,0.0837837837837837,790.2617647058823,705.4437869822485,1.326470588235294,0.0051282051282051,1378.3033419023136,1639.3798449612402,5.069408740359897,0.028395061728395,692.7353689567431,591.1802030456853,1.4376590330788803,0.0109090909090909,1196.4312267657992,1505.4545454545455,2.3308550185873607,0.115874855156431,1656.6315789473683,1822.2454308093995,2.744736842105264,11,0,0,0.14808496955175088
324,202506,21,0,0.1339285714285714,3442.4222873900294,1975.384615384616,5.592375366568915,0.0056887444128403,774.9755700325733,868.8925348646432,1.5822475570032573,0.0078966259870782,536.1461649782923,639.7684515195369,1.1606367583212736,0.0166799046862589,784.608064516129,736.3106796116505,2.685483870967742,0.0114358322744599,872.5449871465296,1278.508997429306,1.7403598971722365,0.0115440115440115,554.4597364568082,855.2838427947598,1.9604685212298685,0.0066465256797583,1169.1142162818956,1174.7137637028015,3.490886998784933,0.0095846645367412,924.9201277955272,1090.944625407166,2.8722044728434506,0.0261627906976744,1520.491017964072,1394.392857142857,2.1497005988023954,0.0328867235079171,827.7581863979849,688.4130982367758,2.6926952141057936,0.0171385991058122,523.4545454545455,891.2594840667679,1.1787878787878787,0.0061967467079783,777.2043681747269,904.018691588785,2.594383775351014,0.0092592592592592,886.5198237885462,931.8111964873764,1.879955947136564,0.0087167070217917,886.156188605108,1050.3206997084549,2.364440078585462,0.0139652983495556,964.9021459227469,1172.1888412017167,2.358798283261802,0.028954802259887,805.5726744186046,933.6244541484716,1.6729651162790695,0.0112359550561797,926.2784810126582,869.9244332493703,1.5772151898734177,0.0044510385756676,668.955223880597,630.5357142857143,0.9552238805970148,0.0077639751552795,529.4670846394985,680.4375,1.2539184952978055,0.0035545023696682,636.8687350835322,598.0094786729858,1.6515513126491648,0.019036954087346,399.0888382687927,752.6773455377574,1.2391799544419135,0.001174398120963,674.4876325088339,665.4929577464789,1.809187279151944,0.0241935483870967,1138.1813186813188,1209.7237569060774,3.1684981684981683,0.004381161007667,604.6578947368421,747.1523178807947,1.3596491228070176,0.014388489208633,773.6054279749478,732.125,1.649269311064718,0.001098901098901,758.9230769230769,715.3744493392071,1.2857142857142858,0.0107719928186714,904.8609431680774,1094.3825665859565,1.275695284159613,0.0165745856353591,700.6741573033707,745.6179775280899,1.400749063670412,0.0112640801001251,815.7113924050633,1487.392405063291,2.2278481012658227,0.0259515570934256,829.9644128113879,731.2765957446809,1.4412811387900355,0.0025062656641604,902.2670025188916,992.9323308270676,0.9496221662468514,0.0099750623441396,690.4962216624685,613.6700251889168,2.136020151133501,0.011090573012939,570.0,681.5730337078652,2.07089552238806,0.0234375,814.183266932271,776.144578313253,1.0836653386454185,8,0,0,0.05696857315479553
325,202506,22,0,0.05115712545676,2805.872122762148,2708.969072164949,3.501278772378517,0.0213156927600147,1126.001507159005,1219.4011976047905,1.9140919366993216,0.0083655083655083,850.7116883116884,970.088197146563,1.594805194805195,0.0287049399198931,1014.8085399449036,839.2908093278463,2.520661157024793,0.0211640211640211,1306.6666666666667,1235.741239892183,2.4065040650406506,0.0120788302606484,1626.9137709137708,1466.949806949807,4.073359073359073,0.0098901098901098,1063.2283813747229,995.9333333333332,2.4212860310421287,0.0197461212976022,1029.0434782608695,1182.857142857143,3.684057971014493,0.0116279069767441,743.719298245614,617.7514792899408,1.3859649122807018,0.0284552845528455,1744.0,1888.235294117647,2.55625,0.0143480973175296,856.425855513308,1061.9469026548672,2.85297845373891,0.0340367597004765,1035.265162200282,1166.281690140845,2.94358251057828,0.0379803395889186,935.5204460966544,1212.2562674094709,1.0855018587360594,0.016873889875666,1690.8792792792792,2038.3152173913045,9.654954954954954,0.0192826841496336,1349.627358490566,1442.9740361919748,1.7429245283018868,0.0251225490196078,1610.1972361809046,1544.377358490566,1.5866834170854272,0.013801756587202,1190.5102040816328,1460.4060913705584,2.308673469387755,0.0108173076923076,1338.7864077669904,1058.978102189781,2.487864077669903,0.0135135135135135,1199.175824175824,1455.4098360655737,1.184065934065934,0.0096348884381338,823.1329243353783,794.0923076923077,2.109406952965235,0.0051903114186851,809.008695652174,982.2260869565216,1.12,0.0162962962962962,974.4658634538152,758.9759036144578,2.211847389558233,0.0291666666666666,1087.0086355785838,832.5204778156997,2.678756476683938,0.0096660808435852,1211.728241563055,1123.164893617021,1.6287744227353464,0.0237877401646843,1570.856074766355,1352.142857142857,1.874766355140187,0.0082796688132474,1004.4574074074076,945.0557620817845,1.1944444444444444,0.0199155099577549,1559.111111111111,1370.933660933661,3.269135802469136,0.0099009900990099,1146.6,1161.2,1.12,0.0022002200220022,1394.0570175438595,1353.1263858093128,1.7280701754385963,0.065155807365439,784.9546827794562,691.3677811550152,1.7280966767371602,0.0049443757725587,1387.4626865671642,1222.0347394540945,1.4850746268656716,0.0065703022339027,349.16137566137564,413.4920634920635,0.4867724867724867,0.0226086956521739,3064.0714285714284,2794.0425531914893,5.689285714285714,0.100250626566416,4112.349862258953,3389.239436619718,15.137741046831955,11,0,0,0.1798668514244528
326,202506,23,0,0.0110837438423645,1005.9127182044888,961.044776119403,3.481296758104738,0.0193713450292397,1002.0857568978374,1226.1102831594635,1.865026099925429,0.012453300124533,1084.612090680101,797.4242424242424,1.778337531486146,0.0129781420765027,1087.1450276243097,882.9292649098475,4.726519337016574,0.0264623955431754,1175.2257142857145,1745.67335243553,6.32,0.0131661442006269,768.8777070063694,969.5817490494296,2.327388535031848,0.006970509383378,848.8964401294498,686.9837837837838,3.789644012944984,0.0128388017118402,1184.7398843930637,1129.421965317919,2.3179190751445087,0.0,1233.334862385321,1053.9861751152073,2.1559633027522938,0.0439121756487025,1047.991631799163,1106.25,2.7364016736401675,0.0125078173858661,726.3822784810127,722.2053231939163,3.0139240506329115,0.007591442374051,806.9416666666667,1039.6378830083563,2.8375,0.0117381489841986,827.9196347031964,893.144424131627,0.982648401826484,0.0171202809482001,941.7242614145032,947.1167557932264,3.69740376007162,0.0030876109610189,1005.6176470588236,1185.453137103021,2.196594427244582,0.0174909529553679,1139.068796068796,1054.3067484662577,1.452088452088452,0.0131406044678055,689.92,735.7978723404256,1.576,0.0046403712296983,954.8251748251748,1144.7552447552448,1.5314685314685317,0.0175658720200752,801.6913265306123,1100.409207161125,1.403061224489796,0.0127263827704356,788.1377601585729,866.1309523809524,2.076313181367691,0.005181347150259,763.8062283737024,766.3066202090592,2.0397923875432524,0.0038498556304138,760.6189555125725,686.5830115830116,2.3945841392649903,0.011864406779661,594.3698630136986,512.8865979381443,2.470890410958904,0.0245183887915936,936.165170556553,956.660682226212,2.023339317773788,0.0100640439158279,905.7911275415896,735.5268022181147,2.014787430683919,0.0018181818181818,1116.9271402550091,1188.1967213114754,2.808743169398907,0.0082226438962681,875.5102040816327,957.6275510204082,0.9642857142857144,0.0108359133126934,1017.9310344827586,1107.0,1.4608150470219436,0.0032362459546925,1059.0759219088936,1180.8207343412528,1.8004338394793926,0.0044117647058823,864.0857988165681,802.3008849557522,2.0798816568047336,0.0,1056.982097186701,1028.0,2.312020460358056,0.0130378096479791,440.5250659630607,417.6190476190476,0.9102902374670184,0.0052356020942408,723.578947368421,931.578947368421,3.364912280701754,0.014723926380368,844.5,851.0173697270471,1.405,1,0,0,0.03061387756229228
327,202506,24,0,0.0128369704749679,799.140625,655.4805194805194,3.083333333333333,0.0141816788041395,968.8945736434108,1060.9984399375976,1.6325581395348838,0.0200400801603206,704.1020408163265,804.0983606557377,2.097959183673469,0.0054095826893353,1001.9435736677116,962.9583975346688,2.5595611285266457,0.0095389507154213,823.0607028753993,765.6774193548387,2.661341853035144,0.0107889413351314,872.2738419618529,820.0272851296044,2.67574931880109,0.0057240984544934,685.2295271049596,640.4827586206897,3.176470588235294,0.0172955974842767,1263.43949044586,1291.2540192926044,2.5095541401273884,0.0347222222222222,538.7403846153846,491.5311004784689,1.9038461538461533,0.0181623931623931,1130.698689956332,730.2819956616052,2.360262008733625,0.0141987829614604,822.4109589041096,902.39010989011,5.810958904109589,0.0169491525423728,1305.3592814371257,1356.3963963963963,2.567365269461078,0.0034791252485089,710.4885343968095,750.2994011976048,1.646061814556331,0.0211366838891498,2350.9269932756965,2068.574304889741,8.25552353506244,0.0103605470368835,1454.7278056951425,1304.2211055276382,4.771356783919598,0.0256930358350236,1019.2437673130194,1009.26842837274,3.540166204986149,0.0084388185654008,806.1538461538462,720.5084745762712,1.1851851851851851,0.0100755667506297,1160.1015228426395,1074.030612244898,3.794416243654823,0.0288461538461538,943.5225988700564,1239.4334277620396,2.370056497175141,0.0210469508904479,693.5761589403974,735.1321585903083,2.4304635761589406,0.0072538860103626,631.2605042016806,713.7759336099585,1.953781512605042,0.0095087163232963,611.9616204690832,553.7033084311632,2.6727078891258,0.0163487738419618,823.6162361623616,822.0332717190388,3.1051660516605164,0.0030959752321981,1054.254132231405,1115.545643153527,2.673553719008265,0.0104493207941483,896.8354430379746,565.3699788583509,2.282700421940928,0.0050352467270896,978.3529411764706,975.6929292929292,1.6997971602434077,0.0029828486204325,716.8609865470852,592.4550898203593,1.2944693572496264,0.006908462867012,843.9721254355401,1037.9166666666667,1.7665505226480835,0.0047337278106508,1012.5214285714286,919.9524940617578,1.7404761904761905,0.011400651465798,644.1217105263158,712.8712871287129,1.993421052631579,0.0105580693815987,620.1219512195122,424.0243902439024,1.2896341463414631,0.0132275132275132,627.6737967914438,392.8817204301075,1.2513368983957218,0.0214669051878354,407.9120879120879,808.4671532846716,3.241758241758242,0.0086206896551724,778.4800995024875,559.2059553349876,2.470149253731343,1,0,0,0.05845706780663529
328,202506,25,0,0.0503685503685503,2239.9667519181585,1796.230366492147,6.289002557544757,0.1365113759479956,2599.2991596638653,2159.9367194004994,8.351260504201681,0.0226817878585723,1042.561475409836,837.5443383356071,1.755464480874317,0.0271260997067448,1800.4916792738277,1574.5045045045044,3.918305597579425,0.0405616224648986,1746.416129032258,1216.72131147541,4.354838709677419,0.0458360232408005,1607.767253044655,1048.9039242219214,2.78213802435724,0.0107709750566893,954.7060849598164,697.7574370709382,3.215843857634902,0.0370942812982998,1525.3035143769969,1595.8064516129032,4.047923322683706,0.0,1054.6722222222222,974.9608938547486,1.2666666666666666,0.1522988505747126,2335.704697986577,1666.3013698630136,6.299776286353468,0.029042904290429,1057.9076086956522,1080.8979591836735,2.9307065217391304,0.1943532501641497,3021.7811501597444,2824.6921797005,13.65335463258786,0.0260314341846758,1400.084592145015,1104.121212121212,2.176233635448137,0.0455159981973862,2566.507068803016,2396.9356669820245,9.998114985862394,0.0253725332259363,2175.1890999174234,2238.163771712159,7.870355078447564,0.0381781647689216,1892.1456582633048,1655.3185595567868,2.3669467787114846,0.0558583106267029,1379.948275862069,1229.9130434782608,4.293103448275862,0.0327868852459016,1479.4195250659632,1464.4329896907216,4.319261213720317,0.0576671035386631,1614.4217877094973,1511.1357340720222,1.9273743016759777,0.0224239188467698,1246.327868852459,776.6834061135371,1.8404371584699453,0.0090817356205852,679.2244897959183,820.2439024390244,0.8877551020408163,0.0483870967741935,1135.148936170213,866.3291139240506,3.710638297872341,0.0684121621621621,983.9110707803992,845.3260869565217,2.415607985480944,0.0616438356164383,1746.3590814196243,1149.875,3.498956158663883,0.068068068068068,2218.855291576674,1402.179487179487,6.08207343412527,0.0040241448692152,1399.7651821862348,1119.0725806451612,1.6983805668016194,0.047752808988764,1879.5208333333333,1316.343567251462,6.668154761904762,0.0318791946308724,1679.7909407665504,1750.551724137931,8.153310104529616,0.0249702734839476,2803.193704600484,2842.7027027027025,13.380145278450364,0.0374414976599064,1227.1844660194174,840.974025974026,2.482200647249191,0.0014903129657228,1768.679640718563,1383.928571428571,5.559880239520958,0.0255754475703324,560.8236842105263,377.5890052356021,1.1526315789473685,0.0163043478260869,2127.018382352941,2136.309963099631,6.941176470588236,0.1969196919691969,3125.453804347826,2873.038674033149,5.326086956521739,7,0,0,0.35955086181752316
329,202506,26,0,0.0874439461883408,3383.471882640587,2290.222222222222,4.74083129584352,0.0856538597109622,1850.5746153846155,1801.3910355486862,3.1307692307692307,0.0401978973407544,1845.4424320827943,1691.6302952503208,6.829236739974127,0.0563195808775376,2619.6826923076924,1711.2201963534362,6.369505494505495,0.0693877551020408,2141.5789473684213,1181.7543859649122,5.0321637426900585,0.0848946135831381,2013.6125319693087,1626.299615877081,2.473145780051151,0.0257648953301127,1077.630650496141,947.7092511013216,3.109151047409041,0.211706102117061,3417.443396226415,2981.5238095238096,4.084905660377358,0.024793388429752,827.1629213483146,652.8409090909091,1.3202247191011236,0.2872253864930838,4351.038724373576,3044.0732265446222,22.55353075170843,0.2051139521956642,3671.58864265928,3566.340395480226,16.191135734072024,0.2094430992736077,1979.0435458786933,2222.533936651584,3.8164852255054433,0.0475770925110132,1571.7222222222222,1733.1792975970425,3.387962962962963,0.0924574209245742,1403.633512544803,1227.4866310160428,3.810931899641577,0.0513803680981595,2637.407137064072,2400.628525382756,5.262773722627737,0.0485142510612492,2585.2363405336723,1790.4859335038363,3.9682337992376113,0.0947242206235011,1788.351063829787,1580.5804749340368,2.492021276595745,0.0362573099415204,2205.4676258992804,1874.8894348894348,6.232613908872902,0.0941176470588235,1904.5792207792208,1713.974025974026,3.47012987012987,0.0353853611245758,1332.281124497992,1083.74245472837,2.466867469879518,0.011168384879725,1195.7291666666667,1073.4260869565217,2.201388888888889,0.0585253456221198,1215.483870967742,985.2352941176472,1.7996089931573802,0.1051817478731631,968.4006908462868,685.4325259515571,2.005181347150259,0.0682210708117443,2036.986988847584,1549.3918669131235,2.200743494423792,0.1121739130434782,2542.9882121807464,1862.34375,3.8919449901768175,0.0508788159111933,2006.516765285996,1624.5086705202311,6.201183431952662,0.068860450944546,1832.913385826772,1490.443864229765,2.938320209973753,0.050632911392405,2686.843853820598,2780.4682274247493,14.817275747508306,0.0492170022371364,2757.7334905660377,3594.0845070422533,3.974056603773585,0.1103633916554508,1491.6355421686746,1601.033434650456,3.882530120481928,0.0064102564102564,2112.558139534884,1320.9278350515465,2.7881136950904395,0.0368098159509202,812.670918367347,697.9898218829517,1.2270408163265305,0.0350262697022767,2285.514705882353,1730.3225806451612,4.536764705882353,0.2515923566878981,3050.6112676056337,2292.6857142857143,6.273239436619718,5,0,0,0.6089865401061778
330,202506,27,0,0.1664841182913472,4036.633952254642,2912.1875,2.429708222811671,0.0724741163870046,2182.724827056111,2232.3515805705474,2.3981552651806304,0.0376078914919852,1441.637997432606,1438.618925831202,1.7201540436456997,0.0530557421087978,1851.6733238231093,1688.2087447108604,3.630527817403709,0.1464052287581699,2265.784615384616,1741.4634146341464,2.335384615384615,0.1123209169054441,1928.139534883721,1756.4903225806452,1.9237726098191208,0.0254102699841185,1400.2228260869565,1168.6644951140065,2.709782608695652,0.1487179487179487,3662.522522522522,3137.945619335348,3.4534534534534536,0.0130208333333333,901.7736842105264,811.4285714285714,1.194736842105263,0.3568147013782542,3521.615201900237,4210.023866348449,3.201900237529691,0.1080760095011876,1689.5380434782608,1726.0574412532635,1.8342391304347827,0.2144144144144144,3371.854103343465,3489.4153846153845,3.407294832826748,0.3398058252427184,3723.186895810956,3059.4982078853045,17.705692803437163,0.1045958795562599,1078.4677276746245,1145.3144375553588,3.5384615384615383,0.0705440900562851,2504.890879478827,2456.9735788630906,3.55700325732899,0.032398753894081,2659.2966321243525,2251.80537772087,4.1567357512953365,0.0718015665796344,2260.168067226891,2439.830508474576,2.756302521008404,0.0391705069124423,1668.173076923077,1639.6650717703349,1.2403846153846154,0.1089449541284403,1760.5629820051413,1946.443298969072,2.4061696658097684,0.0420899854862119,1235.759109311741,1234.233870967742,3.47165991902834,0.0257510729613733,1257.037037037037,1286.0915492957747,2.121693121693122,0.0840488025305015,1101.28078817734,1006.1264822134387,1.7448275862068965,0.1490593342981186,791.5178268251274,831.3117546848382,2.4855687606112054,0.0786914235190097,3007.998058252427,2999.265654648957,7.170873786407767,0.1694630872483221,2506.028397565923,2229.0543259557344,2.9553752535496955,0.0794759825327511,2213.798113207547,2285.4961832061067,4.320754716981132,0.0869833436150524,2789.592391304348,2742.5,2.900815217391304,0.1225997045790251,1985.9419795221845,1878.5382059800663,4.924914675767918,0.0709534368070953,2533.083932853717,2879.57244655582,3.645083932853717,0.1742892459826946,1388.4744744744744,1094.5074626865671,1.7867867867867868,0.0079470198675496,2836.331550802139,2526.72,3.323529411764706,0.0688448074679113,837.2781954887218,465.6265664160401,0.8922305764411027,0.0425138632162661,3810.9302325581393,2083.846153846154,2.248062015503876,0.1890380313199105,3615.164835164835,2390.1939058171747,1.815934065934066,5,0,0,0.5868988361704077
331,202506,28,0,0.1854460093896713,3063.4383954154728,2768.695652173913,2.687679083094556,0.0765924189136381,1476.6909398814564,1424.517766497462,1.9017781541066887,0.0446808510638297,1188.6622023809523,966.7555555555556,2.055059523809524,0.1110294117647058,1247.2277227722773,1129.6517412935325,3.98019801980198,0.1410105757931845,1826.8292682926829,1778.2872928176796,2.804878048780488,0.1195581546458739,2109.835516739447,1655.1197604790418,3.695778748180495,0.0406360424028268,935.769987699877,746.9105392156863,2.68019680196802,0.1802575107296137,1700.2758620689656,1788.5512367491167,4.727586206896552,0.0371428571428571,1444.297619047619,1426.508875739645,2.880952380952381,0.2834170854271357,2524.022346368716,2124.0,4.606145251396648,0.0811965811965812,1195.839753466872,1269.4539781591263,2.3651771956856704,0.1874573960463531,2316.219798657718,2203.489932885906,3.7634228187919465,0.4363406408094435,3643.176948051948,4327.656033287101,2.061688311688312,0.0740574506283662,972.0601357904948,1043.0232558139537,3.449078564500485,0.098328025477707,1373.3383392226149,1599.4527802294792,2.967314487632509,0.0399703923019985,2009.6543778801845,1936.5325077399384,2.3471582181259603,0.065989847715736,2692.9891304347825,2778.913043478261,5.959239130434782,0.0374812593703148,1136.273291925466,1111.6875,1.2111801242236024,0.1299589603283173,1302.375,1447.7848101265822,2.271875,0.0380339379754242,959.1963636363636,1004.2490842490844,2.055757575757576,0.0585048754062838,840.6880733944954,1045.635103926097,1.621559633027523,0.0756816917084028,739.1797346200241,639.375,1.967430639324488,0.1180327868852459,792.619926199262,695.3932584269663,2.6937269372693726,0.072289156626506,1939.2400932400933,2341.291866028708,6.389277389277389,0.1856502242152466,2154.559210526316,1580.1769911504423,2.699561403508772,0.0296377607025246,1451.231981981982,1428.5454545454545,2.716216216216216,0.0710059171597633,2258.4790874524715,2264.3277848911653,5.082382762991128,0.1855345911949685,2035.632183908046,2204.3579766536964,3.6206896551724137,0.1192771084337349,2207.260869565217,1929.9173553719008,6.747282608695652,0.214992927864215,874.7482014388489,854.2960288808664,2.158273381294964,0.0077821011673151,1758.90625,1697.3228346456692,2.5807291666666665,0.0333745364647713,847.625641025641,981.7525510204082,0.982051282051282,0.0199203187250996,2228.016194331984,1868.3265306122448,4.862348178137652,0.1666666666666666,1198.1896551724135,1571.8454935622317,1.9094827586206893,5,0,0,0.46904040996752094
332,202506,29,0,0.0400943396226415,2182.0197044334977,1404.8529411764705,3.689655172413793,0.0259547645532072,1543.8655462184877,1485.5235204855842,2.4446142093200915,0.0104166666666666,1061.161842105263,946.1052631578948,2.3223684210526314,0.0249110320284697,1739.4098837209303,1474.6627565982403,2.9113372093023258,0.0489130434782608,2419.82905982906,2409.1117478510027,6.823361823361823,0.0423412204234122,1531.5176010430248,1525.9143968871597,3.57496740547588,0.0188679245283018,903.7945823927764,894.4897959183673,2.259593679458239,0.0393811533052039,1905.621301775148,1450.2608695652175,3.627218934911242,0.0122324159021406,568.5644171779142,483.35625,1.0613496932515338,0.1349353049907578,2618.763326226013,2548.394004282656,6.912579957356077,0.02905874921036,1971.8181818181813,2483.93741851369,3.442857142857143,0.1256476683937823,2120.508902077152,2643.639053254438,3.722551928783383,0.0904669260700389,2538.6363636363635,2348.562367864693,2.484848484848485,0.0235602094240837,1806.5348837209303,1730.25,4.506261180679785,0.0309957380860131,1838.001596169194,1735.576923076923,4.022346368715084,0.0282337491792514,1598.391891891892,1263.4054054054054,1.6432432432432431,0.0257069408740359,1908.5340314136129,2446.436170212766,2.986910994764398,0.017412935323383,1410.1515151515152,1366.2944162436547,1.702020202020202,0.0559895833333333,1289.5027624309391,1470.4132231404958,2.4640883977900554,0.0251669234720082,960.7966280295047,997.744994731296,2.1001053740779767,0.0189982728842832,981.493827160494,1031.3884007029876,2.068783068783069,0.0282317979197622,749.3279022403259,697.7142857142857,2.0885947046843176,0.0358974358974358,821.4311270125223,668.6467486818981,2.273703041144901,0.0272232304900181,1755.2292051756008,1660.1129943502824,3.695009242144178,0.0602189781021897,2068.7021276595747,1576.0233918128654,2.800773694390716,0.0188146754468485,2169.577437858509,2282.423076923077,4.319311663479923,0.0483675937122128,2736.594663278272,2516.721728081321,5.523506988564168,0.0712025316455696,1732.013651877133,2165.5102040816328,2.0955631399317407,0.0348432055749128,1944.7769784172665,1773.9082125603866,2.628297362110312,0.0537010159651669,985.2300613496932,786.4417177914111,2.214723926380368,0.0025316455696202,2382.619647355164,2183.3248081841434,4.473551637279597,0.0327455919395466,419.5688311688312,467.7806788511749,0.5688311688311688,0.0308747855917667,1629.3950177935942,1913.2394366197184,5.192170818505338,0.0484927916120576,1852.4175824175825,1807.1270718232045,2.087912087912088,7,0,0,0.32033421835558473
333,202506,30,0,0.1875693673695893,5169.29679144385,2774.5810055865923,21.032085561497325,0.0388848129126925,2051.9045072574486,1724.2562929061785,5.954163483575249,0.0088945362134688,1116.553846153846,1307.6153846153843,2.566666666666667,0.0173661360347322,1178.3505154639174,1045.537555228277,3.390279823269514,0.0587392550143266,1498.3435582822085,1437.4622356495468,3.3496932515337425,0.0920654149000605,1919.1386666666667,2021.415220293725,3.696,0.0092240911557243,742.3271130625686,685.4426229508197,2.3655323819978045,0.2632911392405063,3761.3513513513512,4457.202797202797,22.652027027027028,0.0184757505773672,606.5047169811321,497.36619718309856,2.2641509433962264,0.2235915492957746,1946.9525959367943,1746.0136674259682,4.45372460496614,0.0377595972309628,2049.973821989529,2104.392156862745,6.740837696335079,0.0802968960863697,1863.3770250368188,2255.7017543859647,2.7569955817378498,0.0402010050251256,993.7106918238994,1140.7531380753137,1.876310272536688,0.031786941580756,1027.1719858156027,1036.891651865009,4.450354609929078,0.0547021356313225,1554.6597609561752,1481.4511041009464,3.1705179282868525,0.0167560321715817,1585.6438356164383,1138.2089552238806,2.646575342465753,0.047556142668428,1828.3240223463688,1460.1652892561983,3.022346368715084,0.0073260073260073,1295.0246305418718,1061.7199017199018,3.7807881773399017,0.0593939393939393,925.0515463917526,926.7525773195875,2.288659793814433,0.0091696383087111,1024.8247422680413,992.4923076923076,2.439175257731959,0.0155440414507772,770.6643356643357,895.5633802816901,2.0402097902097904,0.0363722248464808,767.5882352941177,744.4705882352941,2.230392156862745,0.0922098569157392,1059.276707530648,949.8073555166376,2.436077057793345,0.0436363636363636,1646.3257142857142,1340.2561669829222,3.876190476190476,0.0742481203007518,1736.0061224489796,1220.6060606060605,2.897959183673469,0.0085066162570888,1349.0895238095238,1011.526717557252,2.796190476190476,0.0598877105427323,2009.482071713148,1523.315649867374,2.2908366533864544,0.0461538461538461,1108.258064516129,1067.4193548387098,3.587096774193548,0.0422039859320046,2273.356796116505,1759.9037037037035,3.2766990291262137,0.1564102564102564,901.829268292683,708.0,2.1707317073170733,0.0039473684210526,1873.563829787234,2238.6666666666665,3.109042553191489,0.0213567839195979,949.8871794871797,694.2570694087403,2.315384615384616,0.029520295202952,3591.492537313433,2916.046511627907,4.992537313432836,0.3719332679097154,4289.0215384615385,3372.9523809523807,17.473846153846154,5,0,0,0.40176065153357365
334,202507,1,0,0.2462871287128712,4432.666666666667,3503.619047619048,4.64625850340136,0.0255979857322702,1241.5307692307692,1089.9479166666667,2.182051282051282,0.0186206896551724,1189.4572230014026,1305.4647887323945,2.455820476858345,0.028380634390651,1330.0494880546075,1095.0519031141869,2.056313993174061,0.064569536423841,1932.720848056537,1390.0,2.049469964664311,0.1724137931034483,2235.8601286173634,2081.5447284345046,4.430868167202572,0.0121107266435986,1069.189976689977,890.9473684210526,2.385780885780886,0.2564516129032258,3092.1238938053098,3321.7021276595747,3.8053097345132745,0.0104166666666666,1003.9947368421052,745.6894736842105,1.2894736842105263,0.3417231364956437,3091.4985163204747,2698.775510204081,4.738872403560831,0.0320557491289198,1513.9066091954023,1278.9610389610389,2.380747126436781,0.1089978054133138,2049.3382352941176,2250.3960396039606,4.380718954248366,0.0649838882921589,1216.470588235294,1735.8810068649886,4.033448673587082,0.0584741891274554,1821.1407624633432,2260.562620423892,5.33822091886608,0.059051724137931,1514.25956284153,1468.258064516129,1.669398907103825,0.0325581395348837,1649.2145161290323,1249.6815286624203,1.9,0.0150829562594268,1669.879518072289,1290.2803738317757,2.322289156626506,0.0339869281045751,1535.5795148247978,1340.2173913043478,1.5525606469002695,0.0680272108843537,1554.828488372093,1350.791788856305,1.688953488372093,0.0239554317548746,1394.5233751425314,1424.9828571428573,2.354618015963512,0.0101123595505617,3204.8988505747125,3480.858744394619,4.829885057471264,0.0497903563941299,1306.6618784530388,1268.0616740088103,2.214364640883978,0.1072925398155909,1304.1804511278197,1208.878048780488,3.046992481203008,0.0529157667386609,1664.0478359908884,1627.62100456621,3.6492027334851938,0.1134361233480176,1768.2185929648242,1407.5675675675675,2.442211055276382,0.0382165605095541,1496.8590308370044,1293.4225663716811,1.7444933920704846,0.1266187050359712,1940.130856219709,1550.7226890756303,1.7851373182552503,0.0738137082601054,3300.679245283018,4118.015267175572,5.664150943396226,0.0643776824034334,3416.015243902439,2776.564417177914,3.75,0.2081632653061224,1231.373287671233,1243.8620689655172,2.222602739726028,0.0079617834394904,1898.445859872612,1288.1553398058252,2.315286624203821,0.0720496894409937,598.6058981233244,380.5347593582888,0.8552278820375335,0.0434782608695652,3412.5594713656387,2913.7021276595747,5.4493392070484585,0.3667054714784633,2732.0,3232.202166064982,4.378277153558052,5,0,0,0.5014680051584413
335,202507,2,0,0.0523186682520808,2321.1754385964914,2225.879396984925,4.18546365914787,0.0121425773599686,1284.8308181096108,1423.7054631828978,3.057982525814138,0.0136705399863294,1558.6421636615812,1537.3351800554017,4.0943134535367545,0.0054474708171206,915.9843505477309,677.0892018779343,2.325508607198748,0.0190174326465927,1491.923076923077,1182.8013029315962,3.8205128205128207,0.0507246376811594,1433.7830832196453,1168.8983050847455,2.4556616643929057,0.0096700796359499,659.9816091954023,543.5132032146957,3.082758620689656,0.0544323483670295,1292.8,1203.3116883116884,3.066666666666667,0.0286532951289398,885.0760233918129,573.5714285714286,1.327485380116959,0.0837589376915219,1755.591517857143,1948.195991091314,2.578125,0.0176870748299319,1047.0,1046.6022099447514,1.6388888888888888,0.0373900293255132,1110.584992343032,1193.1818181818182,3.405819295558959,0.0139335476956055,878.4891774891775,677.6200873362445,0.8766233766233766,0.0186703096539162,947.4939870490286,961.2849162011172,2.4246068455134133,0.0123825789923142,1169.4430929626412,988.7607573149742,1.5855777584708948,0.0164520743919885,941.005772005772,972.2287390029326,1.6204906204906204,0.0157593123209169,2285.24269005848,2064.1739130434785,5.213450292397661,0.0117493472584856,1418.2105263157894,1417.4005305039789,2.1,0.0199733688415446,1159.6747967479675,1105.8310626702996,1.6449864498644986,0.0173818576860401,942.5840707964602,940.9060773480664,2.319690265486725,0.0049261083743842,1860.239520958084,2019.607072691552,4.796407185628743,0.0208768267223382,988.8583599574016,1060.8537886872998,2.3152289669861554,0.0283436669619132,805.8907103825137,896.7153284671533,3.0091074681238617,0.0163265306122449,1155.245867768595,1187.75,1.5743801652892562,0.0300518134715025,1068.9131355932204,1043.0172413793102,1.5826271186440677,0.0080889787664307,1234.0488798370673,1039.2244897959183,1.6374745417515275,0.0226628895184136,1764.2639296187683,1559.054441260745,4.681818181818182,0.0358974358974358,997.2857142857144,1451.8309859154929,1.3428571428571427,0.0198019801980198,1236.1147959183672,1519.35,2.5,0.04251968503937,974.029605263158,914.407894736842,2.039473684210526,0.002820874471086,1726.1073446327684,1702.7762039660056,5.064971751412429,0.0224274406332453,562.2864864864865,325.87601078167114,0.9891891891891892,0.0110091743119266,1568.301886792453,1690.948905109489,5.139622641509434,0.0649509803921568,1912.6067708333333,2374.036939313984,2.364583333333333,7,0,0,0.1417584418465685
336,202507,3,0,0.0903686087990487,3621.758530183727,2801.5625,4.364829396325459,0.0123456790123456,1867.484410646388,1644.543396226415,3.098859315589354,0.0114285714285714,1196.3706563706564,1033.1538461538462,2.212355212355212,0.0101670297748729,995.0716374269006,808.4536082474227,2.201754385964912,0.0146842878120411,2010.4302670623144,1430.4790419161675,3.086053412462908,0.0358716173694147,2193.6153846153848,1775.686274509804,3.840938722294655,0.0082372322899505,831.6674033149171,637.8246392896781,2.991160220994475,0.0229885057471264,1480.5043988269797,1796.6371681415928,4.392961876832844,0.0084033613445378,677.5698324022346,665.12,1.100558659217877,0.0412371134020618,1463.1263383297644,1358.358531317495,2.7002141327623126,0.0238709677419354,2122.980132450331,2500.527704485488,4.614569536423841,0.0183745583038869,1119.9495677233429,1269.2374100719423,3.4452449567723344,0.0083116883116883,901.375,955.5742887249736,0.8291666666666667,0.0166083916083916,901.2914438502672,950.997340425532,2.5668449197860963,0.0179547228727556,1210.7344497607655,1127.7337559429477,2.066188197767145,0.0152621101526211,1403.746955345061,1107.6241610738257,1.449255751014885,0.017379679144385,2400.685082872928,3180.643431635389,6.505524861878453,0.0096269554753309,1754.963680387409,1938.439024390244,5.663438256658596,0.0304182509505703,1118.6535433070867,1328.125,1.4855643044619422,0.0135746606334841,1120.906788247214,852.0615384615385,2.005065856129686,0.0043936731107205,1849.4339285714289,2037.5916230366493,3.869642857142857,0.0150778210116731,1146.568338249754,1015.4166666666666,2.699115044247788,0.0368466152527849,743.6631205673759,595.7142857142857,2.547872340425532,0.0156826568265682,1498.9924812030076,1148.8168224299066,1.9078947368421053,0.034715525554484,1517.7290836653387,1099.4789579158316,1.705179282868526,0.0048355899419729,1250.1660231660233,992.9941291585128,1.6332046332046333,0.0233311730395333,2161.043824701196,2506.233421750663,3.3877822045152723,0.0191387559808612,1407.9478827361563,1323.3116883116884,1.986970684039088,0.0138888888888888,1053.0374707259953,1206.4941176470588,2.262295081967213,0.0916666666666666,918.8990825688072,890.2752293577981,1.902140672782875,0.0012722646310432,1963.590792838875,1854.060913705584,3.8721227621483374,0.0173697270471464,888.6717171717172,720.2171717171717,0.8939393939393939,0.0076481835564053,2291.953307392996,2426.106870229008,6.381322957198444,0.1668711656441718,3089.5058479532163,2874.1246290801187,3.649122807017544,7,0,0,0.2324956229927786
337,202507,4,0,0.0378378378378378,877.7094972067039,797.7966101694915,2.5083798882681565,0.0068661108386463,791.6206896551724,705.2673267326733,2.4374384236453204,0.0043898156277436,406.2814159292036,373.81370826010544,1.4849557522123893,0.0044483985765124,754.3562386980109,705.3498233215548,2.354430379746836,0.0111524163568773,510.1030534351145,534.6666666666666,4.583969465648855,0.0160901045856798,792.3360655737705,882.4796084828711,1.79672131147541,0.0060687795010114,410.393487109905,438.1546811397558,2.5359565807327,0.0125448028673835,831.768953068592,484.3795620437956,2.7689530685920576,0.0,556.9805194805194,538.1366459627329,0.8116883116883117,0.0144927536231884,627.0558510638298,597.741935483871,2.9601063829787235,0.0140032948929159,471.2334437086093,483.2377740303541,1.6688741721854303,0.0074418604651162,635.350553505535,611.0857142857143,2.645756457564576,0.0030693677102516,504.81458590852907,579.8282208588957,0.826946847960445,0.0085298544907175,654.0594758064516,602.560975609756,6.127016129032258,0.0096722192369693,1181.9024651661307,1229.4725274725274,4.360128617363344,0.0167197452229299,724.0518638573744,573.7864077669902,1.760129659643436,0.0096153846153846,719.8534201954398,1009.774919614148,4.635179153094462,0.0077279752704791,649.6875,915.27950310559,2.93125,0.0218855218855218,394.020618556701,377.5862068965517,2.2989690721649483,0.0090380890897353,397.4419817470665,450.078125,1.9739243807040416,0.0081112398609501,391.31220657277,568.8837209302326,1.6009389671361502,0.0013097576948264,506.9620418848168,520.3679369250985,2.304973821989529,0.0082051282051282,331.17043121149896,464.0,3.4127310061601643,0.0024242424242424,422.2135922330097,629.051094890511,1.5922330097087378,0.0153664302600472,992.0799031476996,763.4285714285714,1.757869249394673,0.0012376237623762,599.8467336683417,756.0,1.7035175879396984,0.0089068825910931,881.9245901639345,992.0521172638436,4.304918032786885,0.0151187904967602,424.5132743362832,620.0869565217391,1.982300884955752,0.0041666666666666,779.4957983193277,832.8083333333333,2.481792717086835,0.05,445.506072874494,349.0688259109312,1.6558704453441295,0.0205278592375366,1162.0029850746268,880.3603603603603,3.077611940298508,0.0055944055944055,610.1657303370787,370.2788732394366,0.8342696629213483,0.0,958.1828358208955,1026.2222222222222,1.0970149253731345,0.0241134751773049,1097.5689149560117,996.1383285302594,2.313782991202346,8,0,0,0.02684638664673278
338,202507,5,0,0.0106241699867197,1052.9432432432432,964.8,2.975675675675676,0.0012422360248447,914.0876757650952,844.3890274314215,2.161290322580645,0.0022172949002217,677.0532544378698,516.6765578635014,1.3417159763313609,0.0101608806096528,947.8517887563884,922.9896907216496,3.148211243611584,0.0026525198938992,757.6992084432718,683.6461126005362,2.24802110817942,0.0072674418604651,683.6802325581396,844.4247787610619,1.8430232558139528,0.007883565797453,546.5366748166259,557.4572127139364,2.3080684596577017,0.00814332247557,764.025974025974,594.4186046511628,2.6298701298701297,0.0260115606936416,329.56470588235294,297.8443113772455,1.6,0.0,580.3775510204082,521.4795918367347,2.9183673469387754,0.0053435114503816,687.8207109737249,623.9634146341464,1.3817619783616693,0.0024958402662229,597.7622259696459,493.960396039604,3.42495784148398,0.0017241379310344,579.4246260069045,561.7741935483871,0.8170310701956272,0.0063357972544878,1716.1203904555314,2183.4260416666666,8.34056399132321,0.0033396946564885,722.709708737864,913.8243626062324,2.274757281553398,0.0361090641120117,538.0669710806698,456.9585253456221,1.5281582952815829,0.0,951.0515463917526,877.8461538461538,4.469072164948454,0.0015503875968992,692.6934984520124,726.5420560747664,3.7585139318885448,0.0233281493001555,603.7854889589905,510.4823151125402,1.6277602523659307,0.0097442143727162,730.9090909090909,853.3004926108374,2.0466830466830466,0.0149769585253456,438.27906976744185,435.2470588235294,1.4790697674418605,0.0012217470983506,701.2585784313726,583.7362637362637,2.4338235294117645,0.0056285178236397,577.0093457943925,600.9142857142857,2.770093457943925,0.0089485458612975,656.896860986547,721.9136363636363,1.446188340807175,0.0064864864864864,859.7251082251082,971.5536105032822,2.5454545454545454,0.0011402508551881,719.7013574660633,816.7718894009216,1.8552036199095023,0.0037878787878787,1242.5435056746533,1163.6942675159237,2.9848675914249685,0.0057251908396946,880.5969581749049,1014.8837209302326,2.365019011406844,0.0,758.4535519125683,498.0978260869565,2.0245901639344264,0.0161290322580645,485.3309090909091,430.948905109489,1.767272727272727,0.0075949367088607,894.0281329923274,745.4961832061068,3.39386189258312,0.0077319587628865,596.1584415584416,479.8441558441559,0.7818181818181819,0.0055452865064695,563.0597014925373,576.8888888888889,2.83955223880597,0.0019841269841269,489.2857142857143,736.4940239043825,0.9761904761904762,8,0,0,0.03409195063393433
339,202507,6,0,0.0302677532013969,1087.158273381295,952.5,3.3477218225419665,0.0097451274362818,1406.9436834094367,1326.4043674698796,3.2207001522070016,0.0124146492861576,1164.749063670412,977.4683544303796,1.770287141073658,0.0217687074829931,1434.2068965517242,1369.4726507713883,2.074482758620689,0.0013513513513513,1295.6954177897574,1070.2173913043478,1.601078167115903,0.0081047381546134,1197.6708385481852,1104.090909090909,2.5682102628285355,0.0141689373297002,1044.072607260726,860.9333333333333,2.5654565456545653,0.0027662517289073,1078.991643454039,1096.7403314917126,3.247910863509749,0.0090361445783132,574.0121212121212,506.3414634146341,0.8303030303030303,0.0135699373695198,1859.7663157894733,1656.893617021277,3.898947368421053,0.0094043887147335,1047.873417721519,986.8101265822784,1.4037974683544303,0.0048510048510048,1239.2973720608577,1407.938288920056,3.6099585062240656,0.0040871934604904,733.606392694064,897.103825136612,0.9799086757990868,0.0570273911091154,2015.4675072744908,2583.639850327409,6.33462657613967,0.0085644371941272,3533.809210526316,3286.716049382716,4.800986842105263,0.0694117647058823,1402.7436868686868,1023.7215189873418,1.883838383838384,0.0128534704370179,2442.6728232189976,3680.822622107969,6.804749340369393,0.019047619047619,1110.6537530266344,1042.3357664233577,2.1041162227602905,0.0414993306559571,1492.8531073446327,1449.1160220994475,3.172316384180791,0.0151057401812688,951.985728848114,954.4,1.983690112130479,0.0095986038394415,1289.94708994709,1164.2957746478874,2.7195767195767195,0.0124440019910403,1110.9056224899598,759.5951417004048,2.165662650602409,0.0125944584382871,912.8644939965694,804.283305227656,2.9245283018867925,0.0140350877192982,1473.1850533807828,1350.4804270462637,1.9501779359430604,0.015843429636533,1538.5833333333333,1310.4545454545455,2.263257575757576,0.0037735849056603,1396.6973684210527,1070.6106870229007,2.3533834586466167,0.0068069306930693,1622.348692403487,1457.8054862842894,2.712328767123288,0.0304975922953451,1292.9801324503312,1239.5364238410596,2.1456953642384105,0.0022988505747126,1369.0114678899083,1132.712962962963,3.325688073394496,0.0060150375939849,960.0,950.0,1.8398791540785493,0.0061050061050061,1949.4430693069307,1858.6829268292684,3.272277227722772,0.0280254777070063,512.1181102362204,410.17539267015707,0.7139107611548556,0.0121317157712305,1067.1013986013986,1029.718309859155,4.122377622377623,0.0054495912806539,1197.1835616438357,1248.986301369863,2.649315068493151,7,0,0,0.1725374184688504
340,202507,7,0,0.0315420560747663,2769.4460431654675,2146.2888349514565,5.249400479616307,0.0152529761904761,2550.3989401968206,2482.579185520362,3.847085541256624,0.0081863979848866,1661.0305732484076,1347.5620253164557,2.6369426751592355,0.006276150627615,1222.3468531468532,1202.769014084507,2.967832167832168,0.0056899004267425,1556.21776504298,1158.0,1.484240687679083,0.015518311607697,1574.3813131313132,1621.5113350125944,3.1742424242424243,0.0084700899947061,935.5607675906184,1011.8502673796792,3.1162046908315566,0.0138888888888888,1754.915254237288,1559.8314606741574,3.6864406779661016,0.0155440414507772,941.7105263157896,679.2526315789473,1.4473684210526316,0.0220356768100734,1524.0256959314777,1403.6129032258063,3.2141327623126337,0.0139064475347661,1320.771208226221,1509.590792838875,1.93573264781491,0.0103092783505154,931.1097222222222,1155.25,2.709722222222222,0.007226738934056,873.4363636363636,1138.1420765027322,0.7836363636363637,0.0251845419018671,1843.0143884892088,1920.7819947043247,5.407374100719425,0.0104772991850989,2067.184663536776,1911.0377358490568,2.9295774647887325,0.0366430260047281,1494.0552825552825,1430.735294117647,2.3402948402948405,0.0117493472584856,1263.0,1116.923076923077,1.2473684210526317,0.0138568129330254,1459.0654205607475,1235.2112676056338,1.7757009345794392,0.0358024691358024,1471.670918367347,1746.7866323907456,1.673469387755102,0.0166912125675012,1128.408,916.5702891326022,2.154,0.00871839581517,1103.8846153846157,1035.716814159292,1.9912587412587408,0.0181818181818181,1181.64453125,819.7470817120623,2.3046875,0.0198675496688741,1001.7099494097808,837.6649746192893,2.300168634064081,0.007497656982193,2536.8464491362765,3443.4907063197024,3.9923224568138194,0.0176415970287836,1690.1902071563088,1533.1309297912717,2.6195856873822976,0.0027777777777777,1777.173184357542,1522.5555555555557,1.9348230912476725,0.0166240409207161,1762.488341968912,1572.4543080939948,2.1139896373056994,0.0093457943925233,1490.0313479623824,1684.3533123028392,2.156739811912226,0.0044893378226711,1366.5955056179776,1112.2714932126696,2.3303370786516853,0.052112676056338,1281.029761904762,1007.7151335311572,2.318452380952381,0.0101910828025477,1255.5321336760926,1189.9484536082475,1.3239074550128536,0.0249017038007863,952.247311827957,903.548387096774,0.6290322580645161,0.0127041742286751,2288.538461538461,2008.7822878228783,4.857142857142857,0.060122699386503,2325.038560411311,1989.2307692307693,5.611825192802057,7,0,0,0.1559803472198491
341,202507,8,0,0.1119221411192214,3509.476712328767,1965.3698630136987,5.268493150684932,0.156786271450858,2099.7690892364303,2304.390697674419,3.7010119595216193,0.0282369146005509,1354.565585331453,1359.6581196581196,1.6544428772919606,0.022029897718332,1513.87922705314,1221.6077170418007,2.0837359098228663,0.0299212598425196,1688.8235294117646,1439.032258064516,1.7581699346405228,0.0679094540612516,1900.591104734577,1598.2361308677098,3.648493543758967,0.0158371040723981,963.97583429229,835.5223880597015,2.5120828538550057,0.139751552795031,2688.7025089605736,3416.9454545454546,5.49820788530466,0.0136239782016348,595.2265193370166,427.6243093922652,1.3922651933701655,0.1659751037344398,2509.002538071066,2459.414634146341,5.050761421319797,0.0524523160762942,2535.0609929078014,3061.661807580175,3.858156028368794,0.043859649122807,1244.3525835866262,1213.2,2.811550151975684,0.0203171456888007,994.7076612903226,930.4568527918782,0.9818548387096774,0.0325047801147227,2352.411411411412,2458.934634146341,6.101101101101101,0.0385720147722609,1717.675744680851,1546.695205479452,2.568510638297872,0.0621242484969939,1740.954480796586,1389.243937232525,2.042674253200569,0.0577716643741403,1328.7976539589442,1305.3488372093022,1.4604105571847508,0.0284605433376455,1864.8746666666664,1208.2978723404256,3.2,0.0692410119840213,1742.8189655172414,1399.145299145299,3.074712643678161,0.0244964616222101,1174.592841163311,1046.033407572383,1.7919463087248322,0.0208986415882967,1008.7286324786324,988.4008528784648,1.643162393162393,0.0390828556539864,1218.715995647443,968.2378378378378,2.186071817192601,0.0594315245478036,1076.7001828153566,1053.02752293578,2.603290676416819,0.055327868852459,1516.2860262008733,1553.5344827586207,2.687772925764192,0.0721003134796238,1714.6984126984128,1032.8859060402683,1.963718820861678,0.0148148148148148,2011.1223175965663,1540.1182795698924,2.609442060085837,0.0455904334828101,1528.9578783151326,1249.811320754717,1.642745709828393,0.0360824742268041,2753.726618705036,2985.7950530035337,5.003597122302159,0.0192554557124518,2033.979002624672,2183.968668407311,2.606299212598425,0.1493598862019914,1348.375415282392,1194.3434343434344,1.7541528239202655,0.0136986301369863,1253.5705521472394,972.6708074534162,1.861963190184049,0.0250990752972258,442.5702702702703,493.0434782608696,0.7945945945945946,0.034274193548387,3066.190082644628,2534.93670886076,12.425619834710744,0.1844059405940594,2510.5558912386705,2114.634146341464,7.20845921450151,5,0,0,0.32454330107685847
342,202507,9,0,0.0760095011876484,2588.840206185567,1779.076923076923,3.729381443298969,0.07421875,2135.2,2307.3223140495866,3.038793103448276,0.0245231607629427,1154.7866108786611,1355.6643356643356,1.496513249651325,0.0183767228177641,1378.1751937984495,1033.8461538461538,3.150387596899225,0.0368,1707.2393442622952,1116.1616161616162,2.6491803278688524,0.0839297332465842,2344.4880785413743,1678.0143884892086,3.514726507713885,0.0130016958733747,1033.4692482915718,746.8202764976959,3.815489749430524,0.1415662650602409,2502.608391608392,2720.492957746479,4.416083916083916,0.0137362637362637,990.0842696629212,636.6795580110497,2.207865168539326,0.1880781089414183,2188.14824120603,2725.2551020408164,4.417085427135678,0.0969899665551839,3073.461194029851,3873.970588235294,3.407462686567164,0.1246355685131195,1970.3613861386136,2088.6050420168067,4.772277227722772,0.0251130085384229,1408.7151702786375,1418.20987654321,1.739938080495356,0.0259917920656634,986.9263059701492,1072.8383458646615,2.380597014925373,0.0277554304102976,1572.492549668874,1333.2009925558314,2.8493377483443707,0.0243079000675219,1353.020718232044,1201.0818307905686,2.4972375690607733,0.0423131170662905,1326.0408163265306,1486.071428571429,2.1895043731778427,0.0184940554821664,2920.1344086021504,3113.207547169812,5.647849462365591,0.0446780551905387,1444.7534246575342,1264.1436464088397,2.4904109589041097,0.0178958785249457,1052.5472527472527,968.2574916759156,1.7835164835164836,0.0113753877973112,974.425576519916,954.9895615866388,1.4234800838574424,0.0355120946989191,1070.050901378579,793.984962406015,2.1601272534464475,0.0488013698630137,846.8888888888889,843.1971066907776,2.982078853046595,0.034587995930824,1748.2536687631027,1276.5254237288136,1.893081761006289,0.0712074303405572,1822.2850779510024,1259.2017738359202,2.1447661469933186,0.0199800199800199,1673.5436105476674,1494.520491803279,1.488843813387424,0.071583514099783,2446.664050235479,2454.899536321484,5.8995290423861855,0.0325342465753424,2754.0213523131674,3215.0704225352115,4.661921708185053,0.0283140283140283,2544.3941018766754,2864.293193717277,3.064343163538874,0.1318051575931232,1211.8157894736842,707.0860927152318,2.0164473684210527,0.0092592592592592,1635.427672955975,1240.0,2.462264150943396,0.0252844500632111,705.625,682.1705426356589,1.0130208333333333,0.036964980544747,1935.75,1592.7490039840638,4.487704918032787,0.1089351285189718,1383.6974789915969,1303.66576819407,3.226890756302521,7,0,0,0.3483191788844213
343,202507,10,0,0.041049030786773,1558.1214285714286,1266.6983372921616,3.169047619047619,0.0215613382899628,1434.5535307517084,1564.1977186311788,1.6461655277145026,0.0267175572519083,1500.6522309711286,1510.234375,1.872703412073491,0.0465601111883252,1687.007299270073,1835.8951965065503,3.0335766423357664,0.0156472261735419,1559.507204610951,1156.8695652173913,2.141210374639769,0.0319018404907975,2344.420854271357,1779.5140664961637,4.110552763819095,0.0231681034482758,1212.085620197585,1162.549889135255,3.420417124039517,0.0358620689655172,1558.448275862069,1538.2905982905984,4.091954022988506,0.0136986301369863,928.8729281767957,813.5977653631285,1.1878453038674033,0.058058058058058,1775.341101694915,2114.072494669509,3.7309322033898304,0.0396226415094339,1398.6534391534392,1227.0038910505837,1.902116402116402,0.0697986577181208,1728.7721335268504,1887.2883787661408,3.756168359941945,0.0195810564663023,1355.041782729805,1682.5650557620818,2.4493964716805943,0.1538144329896907,4413.047711781889,4638.8136585365855,8.446932814021421,0.0300044782803403,1914.601886792453,1271.6636528028932,5.009433962264151,0.125,1663.84335839599,1611.354037267081,2.1679197994987467,0.0330368487928843,1759.3246073298428,1667.6517150395778,4.274869109947644,0.0500568828213879,1218.848920863309,1299.9043062200958,1.4244604316546765,0.0672478206724782,1492.307486631016,1598.88,2.9732620320855614,0.0265095729013254,1277.0926485397783,1264.909090909091,1.852970795568983,0.0297619047619047,1357.3165217391304,1413.0742049469964,2.2156521739130435,0.0264042246759481,1306.7844488188975,1272.4505928853755,2.1496062992125986,0.0485762144053601,1308.4305799648507,1944.3192239858904,3.0720562390158173,0.0449735449735449,1499.2316176470588,1387.6623376623377,2.369485294117647,0.0355472404115996,1525.6038461538462,1121.33072407045,2.4096153846153845,0.009765625,1542.6608187134502,1330.8922155688622,1.7914230019493178,0.0303221730890713,1705.6740547588006,1681.640625,4.728813559322034,0.0356037151702786,1252.190476190476,1210.7142857142858,2.038095238095238,0.0211345939933259,1795.7220956719818,1912.5170068027207,3.1161731207289294,0.0282317979197622,1377.4311926605506,1377.9816513761468,2.1009174311926606,0.0051480051480051,1672.2461139896373,1450.077519379845,4.515544041450777,0.0303398058252427,742.225,561.9548872180451,1.2375,0.0208695652173913,2956.744680851064,2617.7935943060497,7.219858156028369,0.0463980463980464,1274.8622448979593,1514.7429305912597,1.3137755102040816,7,0,0,0.2648289971447093
344,202507,11,0,0.0279394644935972,1156.8995215311004,905.0359712230216,5.514354066985646,0.0163873370577281,1293.110182370821,1272.0452830188678,1.838145896656535,0.0223499361430395,1317.201037613489,1306.0263157894738,1.9831387808041503,0.0535966149506347,1987.3550295857988,1809.9099099099096,4.0517751479289945,0.0170697012802275,1456.188571428571,1046.217008797654,2.197142857142857,0.0099626400996264,2157.189937106918,1503.698113207547,3.1245283018867926,0.0251605995717344,1081.6846747519294,904.72647702407,3.2403528114663724,0.0125348189415041,1988.969014084507,1224.2372881355932,3.7267605633802816,0.040650406504065,715.3238636363636,409.8876404494382,1.1420454545454546,0.0219435736677116,1671.025641025641,1308.4615384615386,3.856837606837607,0.0159033078880407,1200.9443725743854,1329.922480620155,2.608020698576973,0.0170765027322404,1238.807799442897,1260.9153952843274,3.286908077994429,0.0316949931097841,2333.6285444234404,2815.714285714286,4.397920604914934,0.1383855024711696,2808.566091954023,2664.3053435114502,10.743295019157088,0.0131810193321616,2436.8073476702507,2540.920353982301,6.291218637992832,0.1081823174080175,1590.399506781751,1128.718327183272,2.7743526510480887,0.0328083989501312,1706.0655737704917,1639.0835579514826,1.901639344262295,0.0245901639344262,1307.398568019093,1110.144927536232,2.0262529832935563,0.059322033898305,1571.60411311054,1850.1030927835047,4.406169665809768,0.0251603354711396,1225.9808080808082,892.5152129817444,2.2545454545454544,0.0240549828178694,1083.06338028169,1218.843309859155,2.23943661971831,0.0121832358674463,1251.8354679802956,931.5415019762846,2.5004926108374383,0.0305785123966942,1196.190800681431,1171.6382252559729,3.669505962521295,0.031578947368421,1442.8686131386862,1316.546762589928,2.187956204379562,0.0217391304347826,1514.627413127413,1003.5203094777564,2.4054054054054053,0.0094517958412098,1526.7820267686425,1430.2857142857142,2.497131931166348,0.0159846547314578,1643.67100130039,1521.428571428571,2.551365409622887,0.0351681957186544,1573.142857142857,1236.26582278481,3.1746031746031744,0.0155728587319243,1503.9681818181818,1381.2134831460671,2.6818181818181817,0.0135135135135135,1234.8036253776436,1277.8527607361964,2.274924471299093,0.0114795918367346,1315.8367875647668,1362.879177377892,2.626943005181347,0.0284653465346534,759.5408163265306,695.1119592875318,0.7908163265306123,0.0291595197255574,904.1514084507044,1110.0,4.602112676056338,0.0124378109452736,1242.75,1333.0964467005076,3.295,7,0,0,0.19981115550398942
345,202507,12,0,0.061038961038961,2973.662087912088,2276.1559888579386,4.0989010989010985,0.2376811594202898,2002.516304347826,2384.3648208469053,5.631521739130434,0.05519244734931,1515.923195084485,1470.9630769230769,2.241167434715822,0.025910931174089,1161.385123966942,1011.1705685618728,2.7735537190082646,0.0419847328244274,1623.654255319149,1332.572944297082,2.292553191489361,0.0567474048442906,1772.8084795321638,2200.0294550810013,3.66374269005848,0.0329144225014961,1019.0705445544554,984.8019801980198,2.5507425742574257,0.0531914893617021,2141.0223642172523,1734.5806451612902,3.3099041533546325,0.0226628895184136,717.9356725146199,647.2241379310345,1.0292397660818713,0.1328413284132841,2687.468023255814,3088.5872576177285,6.52906976744186,0.0565217391304347,1381.1981566820275,1146.2672811059908,2.523809523809524,0.045141545524101,1858.393987341772,2475.194805194805,3.5221518987341773,0.0556167400881057,1708.4841735052755,1741.461716937355,1.4490035169988276,0.05807962529274,1313.814,1042.373887240356,3.324,0.0365535248041775,1780.2908762420957,1674.4715447154472,2.6892502258355915,0.0714285714285714,2238.566121842496,1878.556701030928,3.396731054977712,0.0760095011876484,1913.369897959184,1652.020725388601,2.8316326530612246,0.0269841269841269,1536.641891891892,1149.4637223974764,3.3885135135135136,0.0829756795422031,1413.43653250774,1277.7358490566037,2.306501547987616,0.0264105642256902,945.7296296296296,781.551724137931,2.202469135802469,0.0391937290033594,1100.2093023255811,746.7757009345794,1.7302325581395348,0.0311581422692533,995.254854368932,718.1796116504854,2.2075242718446604,0.0484581497797356,829.0460405156538,871.3966480446927,2.6556169429097607,0.0528052805280528,1566.1445221445222,1283.2060185185185,2.648018648018648,0.0696721311475409,1763.730512249443,1612.2875816993464,3.868596881959911,0.0134529147982062,1731.9454545454546,1575.7954545454545,2.652272727272728,0.0523497917906008,2168.35536159601,1982.082174462705,3.076059850374065,0.0444839857651245,2355.375464684015,2233.8805970149256,5.728624535315985,0.0297297297297297,2810.131506849315,3568.895184135977,7.734246575342466,0.1089108910891089,1399.7047970479705,823.4944237918215,2.177121771217712,0.003671970624235,1572.2567901234568,1322.640586797066,2.8049382716049385,0.0164348925410872,543.0359897172236,624.7532133676093,0.8508997429305912,0.0457142857142857,2639.600790513834,2268.1451612903224,8.41897233201581,0.0295275590551181,1120.8097165991903,1437.560975609756,4.651821862348178,7,0,0,0.3382936092674943
346,202507,13,0,0.1613285883748517,3804.053977272728,2934.0845070422533,11.971590909090908,0.180066691367173,3226.230980751604,3050.0,2.638863428047663,0.0439560439560439,1789.485829959514,1660.4065040650407,1.9703103913630229,0.03099173553719,1653.3418803418804,1520.936170212766,2.6538461538461537,0.0576407506702412,2548.441926345609,2232.1714285714284,2.507082152974504,0.0921544209215442,3193.876526458616,3113.176144244105,3.1872455902306647,0.0261011419249592,1002.984427141268,1084.57399103139,2.619577308120133,0.0601092896174863,2292.3362573099416,2083.872832369942,4.4678362573099415,0.035820895522388,1125.5031055900622,814.4444444444445,1.5714285714285714,0.1921229586935638,3010.647754137116,2875.693779904306,4.91016548463357,0.1043854231006794,3094.76551724138,3432.9103448275864,3.0248275862068965,0.0653638814016172,2045.406340057637,2254.285714285714,3.664265129682997,0.0384615384615384,1769.5945437441203,2021.4689265536724,1.4430856067732831,0.0546471600688468,1465.3038321167885,1482.83378746594,4.221715328467154,0.0399209486166007,1825.1384995877988,1742.4177631578948,2.525144270403957,0.0558282208588957,2205.1376623376623,1983.433029908973,2.3701298701298703,0.0904645476772616,2464.812834224599,2839.297297297297,3.4224598930481283,0.0208333333333333,3864.198952879581,4273.621621621622,6.217277486910994,0.0805626598465473,2060.896935933148,1985.8333333333333,2.3036211699164344,0.0315361139369277,1568.2510416666669,1360.3601694915253,2.7291666666666665,0.0168888888888888,1565.0252707581228,1818.1521739130435,2.0974729241877257,0.0345337937839171,1479.515306122449,1208.863868986694,2.356122448979592,0.0587275693311582,1133.1649305555557,1228.7543252595156,2.6197916666666665,0.0467784642541924,2245.677777777778,2202.32962962963,3.783333333333333,0.0810564663023679,2390.3473053892217,1864.4881889763776,3.1776447105788423,0.0433579335793357,2165.8814531548755,1882.412451361868,2.35755258126195,0.040583386176284,2339.240915208614,2307.116883116883,3.164199192462988,0.0807754442649434,3848.943859649122,4317.2535211267605,3.16140350877193,0.0492170022371364,1992.383886255924,2424.4532710280373,3.0,0.1430481283422459,1440.629283489097,1480.6875,2.205607476635514,0.0354430379746835,2165.4073107049608,2150.65963060686,3.1096605744125325,0.0539152759948652,838.6994535519126,849.5417789757413,0.6939890710382514,0.0504672897196261,3846.7738095238096,2831.25,6.813492063492063,0.1327319587628866,3689.912536443149,3187.2727272727275,2.9620991253644315,5,0,0,0.5267074065530649
347,202507,14,0,0.2892670157068063,2537.444029850746,4545.818181818182,4.768656716417911,0.0463898241676019,2390.140378548896,2108.5714285714284,2.768927444794953,0.0179833012202954,1648.689700130378,1501.181102362205,2.043024771838331,0.020293911826452,1713.049786628734,1715.8120516499282,2.795163584637269,0.0565770862800565,2950.7611940298507,2317.0481927710844,3.292537313432836,0.1523809523809524,2222.254931714719,1931.449704142012,3.200303490136571,0.0091250670960815,1281.3477321814255,1086.6521739130435,3.2645788336933044,0.1685714285714285,3544.5841924398624,2890.9278350515465,5.707903780068729,0.0163043478260869,1411.032967032967,1096.45,1.6043956043956045,0.2479079497907949,3205.9390581717453,3000.8379888268155,4.382271468144045,0.0556609740670461,2784.581989247312,3004.485981308412,3.625,0.0728021978021978,1966.2577319587629,2066.3785394932934,3.6170839469808542,0.0391799544419134,1653.3232514177694,1891.7982873453848,1.0103969754253308,0.0506437768240343,2072.792760180996,2182.6558265582657,5.7891402714932125,0.0593448940269749,1531.5270491803278,1537.0515970515971,2.805737704918033,0.0415866922584772,2462.327540106952,2305.52,2.340909090909091,0.0374592833876221,3559.80204778157,3704.295302013423,6.313993174061434,0.0213017751479289,2324.855769230769,1821.7518248175184,2.2115384615384617,0.0444993819530284,1928.4690721649488,1946.7714285714285,2.0309278350515463,0.0181086519114688,1426.1207778915043,1149.8461538461538,2.122824974411464,0.0153429602888086,1369.9636363636364,1557.8927911275416,2.2054545454545456,0.0316243411595591,1425.4257425742574,984.9851632047478,2.3227722772277226,0.0894117647058823,1249.9296740994855,1101.6487889273355,3.065180102915952,0.0457456541628545,1940.299424184261,1846.436781609196,2.332053742802304,0.1313131313131313,2352.494623655914,1490.8939708939708,2.29247311827957,0.0544464609800363,2075.799235181644,1681.957610789981,1.902485659655832,0.0772727272727272,2759.327272727273,2749.461756373937,3.2013986013986013,0.1938461538461538,3064.680608365019,4842.068965517241,4.806083650190114,0.0915411355735805,2515.295,2488.091145833333,3.575,0.2071078431372549,1320.3738317757009,1195.5828220858896,1.83177570093458,0.0103550295857988,3488.6454545454544,3107.9646017699115,8.057575757575757,0.0378510378510378,766.9088607594937,645.3435114503817,0.9139240506329114,0.0525059665871121,3819.6548223350255,3966.0,9.203045685279188,0.3878562577447336,2237.7438016528927,3209.5238095238096,6.210743801652892,5,0,0,0.5391006041499976
348,202507,15,0,0.1905339805825242,1938.8579881656808,2001.5197568389056,3.476331360946745,0.0242774566473988,1271.999211356467,1226.7365506329113,2.555205047318612,0.0219028062970568,933.26507713885,737.0949720670391,2.2861150070126226,0.019047619047619,1285.959216965742,1310.465489566613,4.944535073409462,0.0378548895899053,1532.3841059602648,1340.064935064935,2.884105960264901,0.065174456879526,1618.2380952380952,1668.271954674221,2.4761904761904763,0.0162647223780145,737.6004566210046,618.7243735763097,2.646118721461187,0.0717488789237668,1718.4466019417475,1680.1923076923076,3.326860841423948,0.0241286863270777,952.3956043956044,883.5164835164835,1.1813186813186811,0.1208677685950413,1735.4530516431926,1962.917647058824,4.448356807511737,0.0399728997289972,982.2903682719548,936.9620253164557,1.9915014164305949,0.0655858511422255,2234.4384858044164,3009.8422712933752,4.684542586750789,0.0263812842210054,1197.563971340839,1402.0633299284984,1.795291709314227,0.0291396854764107,849.3085714285714,843.9466158245948,3.8247619047619046,0.0263808738664468,1240.6266891891892,1162.818336162988,2.5489864864864864,0.0320381731424676,1363.6274509803925,1166.8130311614732,2.238095238095238,0.0205278592375366,1791.5645645645643,1547.4626865671642,4.942942942942943,0.013977128335451,1455.7731958762886,1349.8453608247423,2.0747422680412373,0.0633245382585752,762.542372881356,966.9101123595506,1.997175141242938,0.0154015401540154,801.6177130044844,989.7995545657016,2.161434977578476,0.0198952879581151,716.2899786780383,908.865096359743,1.6737739872068231,0.0251046025104602,868.2540192926045,674.2427497314716,2.0107181136120045,0.0371024734982332,1016.6422018348624,1016.9174311926604,3.4165137614678898,0.0175257731958762,1084.3333333333333,1051.638655462185,2.8218029350104823,0.0588235294117647,1283.5704845814978,1090.316742081448,3.0,0.0142566191446028,975.5752577319588,895.6521739130435,1.9298969072164949,0.0445103857566765,1579.9561815336465,1585.4237288135594,4.895148669796557,0.0613598673300165,1326.1590106007068,1353.4982332155478,2.823321554770318,0.0554187192118226,1899.5,2488.5271317829456,3.205263157894737,0.0738461538461538,861.7821782178218,766.9565217391304,2.066006600660066,0.0066006600660066,1868.4180602006688,1649.7029702970297,3.698996655518395,0.023076923076923,534.6745406824147,378.4251968503937,0.9291338582677166,0.0222222222222222,2378.609195402299,2830.561797752809,3.957854406130268,0.097799511002445,1533.1367292225202,2008.6027397260275,1.6916890080428957,11,0,0,0.21500638374255043
349,202507,16,0,0.1389221556886227,2669.540389972145,2285.1666666666665,6.133704735376044,0.0147802411513029,1340.0213438735177,1349.1955835962144,1.858498023715415,0.0230508474576271,1214.6426592797784,1021.7524339360224,2.314404432132964,0.0217228464419475,1673.047112462006,1622.962962962963,3.588145896656535,0.0144,1047.7301587301588,1108.7043189368771,2.307936507936508,0.074315514993481,1818.6774647887323,1534.4788732394366,3.5014084507042256,0.0079230333899264,949.5108323831242,901.2328767123288,3.661345496009122,0.0834575260804769,1879.8076923076924,1612.8712871287128,4.932692307692308,0.0241935483870967,753.9285714285714,632.5966850828729,1.6043956043956045,0.1855345911949685,2074.646907216495,1902.879177377892,5.585051546391752,0.0141414141414141,957.93707250342,992.905866302865,1.8768809849521204,0.0427846265409717,1259.876524390244,1390.6626506024097,3.2515243902439024,0.0194610778443113,981.7604060913706,1206.061224489796,1.481218274111675,0.0919639020197679,2964.2412155745487,2595.4990566037736,9.54795821462488,0.0451476793248945,2810.871591908531,2670.905861456484,4.807387862796833,0.0570469798657718,1449.7453505007154,1426.657223796034,3.619456366237482,0.0159883720930232,2005.0234604105567,2239.464285714286,5.319648093841642,0.0324594257178526,1290.5360824742268,1085.5813953488373,1.963917525773196,0.0492021276595744,1810.5196629213483,2117.0473537604457,4.036516853932584,0.0130010834236186,1039.5462555066078,1032.9321663019691,2.4229074889867843,0.0194274028629856,1014.0964360587002,1037.3029045643154,2.1215932914046123,0.0345352971051295,980.8847780126848,742.2408376963351,2.402748414376321,0.0710108604845446,1123.431899641577,1042.0,3.4301075268817205,0.0367722165474974,1202.173076923077,1301.3094736842106,3.055555555555556,0.0509761388286334,1957.461716937355,1357.972972972973,4.1809744779582365,0.0569744597249508,1765.2666666666669,1399.0375,4.258333333333334,0.057347670250896,2090.559090909091,1888.12213740458,3.006060606060606,0.0501858736059479,1457.4015748031495,1874.941634241245,3.2992125984251968,0.0257731958762886,2478.167101827676,2841.71581769437,4.266318537859008,0.106259097525473,1027.6514657980456,776.8729641693811,2.022801302931596,0.0015503875968992,1360.0925925925926,1146.75,2.978395061728395,0.0258064516129032,327.96560846560845,317.16180371352783,0.9788359788359788,0.0189753320683111,2183.6,1657.5875486381324,4.1,0.228944246737841,2238.191222570533,1630.8761329305137,4.269592476489028,7,0,0,0.2711111253196149
350,202507,17,0,0.0615212527964205,2514.9336492891,2110.6474820143885,2.286729857819905,0.0118870728083209,1017.1347891566264,1588.108108108108,1.7146084337349397,0.0108211330362826,936.520618556701,766.1953727506427,2.4420103092783507,0.0068823124569855,691.4096551724137,650.3899721448468,2.24,0.0141442715700141,1059.1184971098266,972.6495726495726,2.2947976878612715,0.028083028083028,1134.123287671233,1245.171102661597,3.347447073474471,0.0225201072386058,899.2223439211391,818.7692307692307,2.865279299014239,0.0258152173913043,1801.521126760564,1472.9834254143643,4.72112676056338,0.0439024390243902,739.1989795918367,470.2040816326531,2.0357142857142856,0.0765407554671968,1169.4218415417558,1321.5584415584417,3.036402569593148,0.0164348925410872,813.5384615384615,869.1494845360825,1.7384615384615385,0.0123203285420944,1149.9722222222222,1130.8713692946058,3.768055555555556,0.0164083865086599,743.7683720930232,964.8753462603878,1.2223255813953489,0.0255754475703324,852.7831431079894,968.8404533565824,4.827919227392449,0.014391287436795,1311.4057279236276,1164.6202036021923,3.727923627684964,0.0157004830917874,1002.3390663390664,1007.4264705882352,2.192874692874693,0.0092105263157894,998.24,1203.968253968254,2.789333333333333,0.0104895104895104,1173.7011764705885,1175.2358490566037,1.76,0.0485436893203883,768.3969465648855,779.8465473145781,2.3536895674300253,0.013320177602368,1023.7894736842104,977.8247734138972,1.913604766633565,0.0061242344706911,1657.3070175438595,1568.4805653710248,3.9192982456140353,0.0256166982922201,1057.5728155339805,916.93359375,2.549514563106796,0.0324189526184538,706.2439862542956,715.5670103092783,2.8676975945017182,0.0159716060337178,1006.6666666666666,959.1480144404331,2.383783783783784,0.0193905817174515,1533.6067415730338,1049.4318181818182,2.715355805243446,0.003770028275212,855.7721280602636,1087.855513307985,2.613935969868173,0.0292652552926525,1035.996153846154,990.9627727856226,1.5576923076923077,0.0396946564885496,948.5714285714286,1164.2675159235669,2.7015873015873018,0.0198019801980198,1502.378132118451,1505.4446902654868,2.6013667425968108,0.0474820143884892,1263.8066465256798,948.3987915407856,2.1601208459214503,0.0063938618925831,1186.4103896103895,1300.408163265306,1.6103896103896105,0.0253623188405797,831.4665012406948,733.5148514851485,0.7741935483870968,0.0107719928186714,1985.362637362637,2100.2158273381297,4.0,0.0661057692307692,891.9083969465648,1230.3125,1.3715012722646311,1,0,0,0.09569461474366392
351,202507,18,0,0.0139860139860139,1125.669811320755,960.1421800947868,3.0660377358490565,0.0092867756315007,999.2794891059352,1125.8982035928143,1.5627347858752818,0.0119949494949494,764.876923076923,742.3949044585987,1.87948717948718,0.0,910.605413105413,734.5147679324895,2.952991452991453,0.0125874125874125,1126.7881355932204,858.2386363636364,2.1242937853107344,0.0117067159581022,895.5105853051059,816.5543071161048,1.9290161892901616,0.0138077535847052,840.3617710583153,750.8700322234157,3.693304535637149,0.0164835164835164,1146.5348189415042,1106.218487394958,3.4735376044568245,0.0414507772020725,845.0913978494624,860.070652173913,1.3763440860215057,0.0497967479674796,1643.3047210300429,1401.1087420042645,5.448497854077253,0.0126502213788741,965.344473007712,970.6513409961684,2.802056555269923,0.0095302927161334,845.5322359396433,1075.702479338843,3.091906721536352,0.0095802919708029,1292.0983455882354,1444.1551246537397,2.875,0.0134724033029117,1137.8879082082965,1324.3799472295514,7.133274492497794,0.006963249516441,1123.687159533074,897.6599063962559,2.877821011673152,0.0226190476190476,1035.2582216808769,835.7612667478685,1.6248477466504263,0.0104031209362808,988.8126649076518,748.1151832460733,1.6992084432717678,0.0046893317702227,1111.8732394366198,894.8936170212766,1.4413145539906105,0.0375757575757575,931.9623115577888,903.6363636363636,1.8743718592964824,0.0127513487003433,905.5833333333334,808.8358208955224,2.258928571428572,0.0128755364806866,660.2083333333334,734.4250871080139,2.623263888888889,0.0081809432146294,764.8837209302326,697.9591836734694,2.318798449612403,0.0206953642384105,884.7986577181208,808.1090289608177,3.4194630872483223,0.0054102795311091,1000.5191956124314,1141.0089928057555,3.449725776965265,0.0159325210871602,1256.9022988505749,1026.590909090909,2.8084291187739465,0.001860465116279,820.0934579439253,777.8736059479554,2.011214953271028,0.0095846645367412,1227.2759948652115,990.272373540856,2.7997432605905006,0.0062402496099844,835.6466876971609,676.3125,3.0252365930599368,0.0044742729306487,1267.3191011235956,1097.258426966292,3.447191011235955,0.0132939438700147,715.3682634730538,770.1197604790419,2.1077844311377247,0.0223325062034739,1317.113924050633,961.9847328244276,1.810126582278481,0.0148148148148148,848.58,666.3316582914573,0.8375,0.0189328743545611,938.8111888111888,910.9859154929576,2.797202797202797,0.0086206896551724,1075.8415841584158,1345.286783042394,1.698019801980198,1,0,0,0.05008429252354252
352,202507,19,0,0.0166028097062579,788.4155844155844,789.974025974026,4.296103896103896,0.0077204388459975,791.7954360228199,1134.2222222222222,1.6731866340668298,0.0123277737490935,967.2375366568916,800.3823529411765,1.85483870967742,0.0048387096774193,1183.2249190938512,1013.474025974026,3.226537216828479,0.015228426395939,911.077519379845,751.46529562982,1.7209302325581397,0.0097357440890125,967.7223001402524,947.4205344585092,2.653576437587658,0.0131657690005984,766.0060532687652,774.0947752126367,3.457627118644068,0.0383480825958702,1381.1865443425077,1526.5846153846153,4.535168195718654,0.0212765957446808,882.2445652173913,629.3478260869565,1.6956521739130437,0.0728554641598119,1688.0710659898475,1276.1012658227849,4.631979695431472,0.0102714600146735,478.3136094674557,475.4531946508173,1.3047337278106508,0.0030816640986132,1032.9147286821706,1090.0770416024654,3.066666666666667,0.0071389346512904,879.8893805309734,862.566371681416,1.646017699115044,0.0289990645463049,813.515972894482,763.3509108341323,4.929332042594385,0.0086994345367551,2889.0878734622142,2665.7668711656443,5.15817223198594,0.0153631284916201,1133.8925035360678,875.8463726884779,2.1584158415841586,0.0111248454882571,897.3,1023.45,1.5825,0.0526315789473684,630.2822822822823,505.94594594594594,1.2042042042042045,0.0268562401263823,1587.843137254902,1631.6129032258063,3.133986928104575,0.0146713615023474,749.8064516129032,669.6912114014252,2.002389486260454,0.0090805902383654,522.0981735159818,654.6206896551724,1.6940639269406392,0.005938242280285,786.7470023980816,763.0714285714286,2.3609112709832134,0.0141718334809566,612.258064516129,565.4054054054054,2.7311827956989245,0.0054764512595837,1041.6600441501105,1117.8461538461538,2.79028697571744,0.0250260688216892,1295.2029914529917,1313.7044967880086,3.0854700854700856,0.0086767895878524,862.7943107221007,884.9015317286652,2.6455142231947484,0.0077844311377245,1001.1499395405078,1109.2771084337348,1.770253929866989,0.0146520146520146,1363.5555555555557,1821.716417910448,4.5814814814814815,0.0,1142.467362924282,1149.5170603674542,3.5822454308094,0.0035778175313059,862.8237410071943,880.2150537634409,2.021582733812949,0.0141176470588235,751.8210023866349,625.7756563245823,1.4033412887828165,0.0125,917.520304568528,956.2121212121212,0.7106598984771574,0.0108892921960072,1642.2226277372265,1290.7749077490776,5.894160583941606,0.0230326295585412,701.3385826771654,765.8823529411765,2.8188976377952755,1,0,0,0.12222918281866291
353,202507,20,0,0.0339976553341148,2635.4490291262136,2042.766990291262,3.718446601941748,0.008955223880597,1038.950263752826,1248.668171557562,1.7784476262245668,0.0065487884741322,828.4124668435013,741.9397116644823,1.4946949602122015,0.0048143053645116,884.9147180192572,984.4166666666666,2.5900962861072903,0.0188679245283018,1299.5482093663911,1588.6027397260275,2.9201101928374658,0.0289855072463768,1109.7337662337663,1299.8443579766538,3.448051948051948,0.0667022411953041,1618.6984126984128,1710.865051903114,2.695011337868481,0.0082191780821917,1201.3296398891966,1150.578512396694,3.89196675900277,0.0424528301886792,1741.2525252525252,1648.7692307692307,2.9646464646464645,0.0177453027139874,1428.3516949152545,1407.6332622601278,2.875,0.0095177664974619,773.5549872122762,841.4634146341464,1.4616368286445012,0.0048076923076923,1053.1144827586206,1218.729281767956,3.128275862068965,0.0059306569343065,751.1639194139194,1014.2594296228152,1.413003663003663,0.015625,760.9037952338923,846.4493392070484,3.1332744924977933,0.012890625,1575.8613312202854,1387.0671936758893,4.134706814580031,0.0165745856353591,1367.5305105853051,1020.7509386733416,2.053549190535492,0.008871989860583,945.1278772378516,1067.2634271099744,1.6930946291560105,0.0,957.799511002445,867.192118226601,1.3838630806845966,0.058898847631242,995.054347826087,1305.2861035422343,3.073369565217391,0.0228194726166328,1057.4470954356846,987.4766355140188,1.7230290456431536,0.0131118881118881,723.636524822695,1015.008849557522,1.648936170212766,0.0090225563909774,1125.8451417004048,982.5682507583416,2.3917004048582995,0.0117746005046257,739.4444444444445,771.3559322033898,2.967521367521368,0.0079858030168589,1021.4572953736656,1025.071942446043,1.9377224199288257,0.029520295202952,1807.986717267552,1397.6,3.9943074003795065,0.0056338028169014,869.8462998102467,850.9398496240601,2.250474383301708,0.0150281778334376,1515.2676056338028,1694.5454545454545,3.230473751600512,0.0210016155088853,1223.3663366336634,1403.1683168316831,2.537953795379538,0.0134831460674157,1103.5804988662132,1062.0137299771168,2.3900226757369616,0.0887656033287101,1148.085106382979,1143.2926829268292,2.6048632218844983,0.0148883374689826,982.219696969697,1056.6331658291458,1.9343434343434345,0.0222222222222222,584.4572192513369,292.620320855615,0.7192513368983957,0.0185873605947955,1335.2272727272727,1336.1363636363635,5.659090909090909,0.020242914979757,1725.6198347107438,1940.495867768595,4.129476584022038,11,0,0,0.12554598096413672
354,202507,21,0,0.0139860139860139,658.7966903073286,834.8936170212766,2.475177304964539,0.0107248520710059,972.865871833085,1062.940735183796,1.801043219076006,0.0094398993077407,811.3096446700507,846.8702290076336,2.444162436548224,0.006276150627615,1137.727910238429,1139.4101123595506,3.611500701262272,0.002840909090909,1414.2393162393162,1229.059829059829,2.2934472934472936,0.0105328376703841,916.5598503740648,883.3207547169811,2.082294264339152,0.0636743215031315,1588.631221719457,1476.7912087912089,2.693438914027149,0.0151724137931034,1257.9775280898875,1833.6871508379888,3.99438202247191,0.0532407407407407,2295.755980861244,2269.405,2.9617224880382773,0.0031512605042016,1288.235294117647,1227.1458773784354,2.2857142857142856,0.006953223767383,1071.9872773536897,917.3503184713376,1.4134860050890583,0.0068587105624142,976.2517289073304,1293.5172413793102,3.034578146611341,0.0059578368469294,2247.7161410018552,2708.9092575618697,3.8979591836734695,0.0116782006920415,748.3677758318739,969.9212598425196,3.2530647985989494,0.0061728395061728,1020.2633617350892,976.1089494163424,3.268009295120062,0.0173341303048416,799.8126520681266,823.9416058394161,1.5936739659367396,0.015625,971.4285714285714,1330.4761904761904,2.923280423280424,0.0058616647127784,1156.9411764705883,979.4326241134752,1.5788235294117647,0.0514354066985645,860.3282828282828,721.2090680100756,1.805555555555556,0.0235178833904948,889.4969818913481,831.8918918918919,2.193158953722334,0.0156521739130434,491.3884007029877,655.3108348134991,1.6449912126537785,0.0087336244541484,1216.0588235294117,975.7184750733138,2.804901960784313,0.0183180682764363,897.3648648648649,964.190800681431,2.949324324324324,0.0152466367713004,1252.740875912409,1300.8854545454546,3.720802919708029,0.0148423005565862,1303.9583333333333,1066.0674157303372,2.265151515151515,0.0037383177570093,1031.8292682926829,1042.6153846153843,2.365853658536585,0.0077319587628865,1496.68093385214,1605.0195058517556,2.442282749675746,0.0154559505409582,709.5534591194969,796.3636363636364,1.7924528301886793,0.0033594624860022,1238.883668903803,1036.2528216704288,2.1968680089485457,0.0147275405007363,885.4925373134329,994.8502994011976,1.8029850746268656,0.0173697270471464,1363.9974747474748,1182.5757575757575,2.141414141414141,0.0165394402035623,730.930412371134,579.8987012987013,0.7835051546391752,0.0222984562607204,950.277192982456,875.3684210526316,1.5789473684210529,0.0037128712871287,734.2928039702233,937.910447761194,0.9280397022332506,1,0,0,0.09810366452887864
355,202507,22,0,0.0255164034021871,860.272952853598,746.3157894736842,2.600496277915633,0.0096487842531841,1022.042768273717,1144.125,1.7690513219284605,0.0163934426229508,1032.5783633841886,843.6717663421418,2.056865464632455,0.005503144654088,1228.372239747634,1184.025356576862,2.847003154574133,0.0063694267515923,2229.519230769231,2348.846153846154,5.990384615384615,0.0066844919786096,811.0712365591398,745.5525606469002,1.961021505376344,0.0130016958733747,1007.1481056257176,979.7485714285714,3.4615384615384617,0.0151975683890577,1990.5389408099688,1624.7706422018348,2.38006230529595,0.0133689839572192,934.217391304348,909.081081081081,1.5978260869565215,0.0043859649122807,1080.4615384615386,832.4503311258278,2.841758241758242,0.0096885813148788,831.3921568627451,698.9121338912134,2.070028011204482,0.0036710719530102,1082.5360824742268,1374.3362831858408,3.5493372606774667,0.004,1359.8158158158158,1492.2658610271903,1.19019019019019,0.010521281683405,2164.7926356589146,2010.9980713596915,7.702519379844961,0.0016743407283382,990.642378559464,969.9748110831234,2.840033500837521,0.0450391644908616,866.0163265306122,862.9945054945055,1.7591836734693878,0.0085714285714285,1943.7385057471265,2567.514450867052,4.548850574712644,0.0076238881829733,771.8251928020566,707.295918367347,1.7352185089974292,0.0827943078913324,940.9014084507044,971.6949152542372,1.9408450704225355,0.021630615640599,895.7752553916005,1123.9637599094,2.6367763904653803,0.0219895287958115,750.3239740820734,736.1783439490446,1.8077753779697625,0.0106269925611052,1091.388829215897,768.0128893662728,2.877551020408163,0.0090661831368993,1081.9254545454546,1153.2965009208103,2.6545454545454548,0.0103950103950103,1159.0531914893618,1584.6473029045644,3.529787234042553,0.0107874865156418,977.9782135076252,865.938864628821,2.206971677559913,0.0030800821355236,937.9569672131148,902.8571428571428,1.836065573770492,0.0112443778110944,1987.123475609756,1975.384615384616,6.785060975609756,0.027072758037225,1253.7282229965156,1012.9166666666666,2.278745644599303,0.0097799511002444,1035.21921182266,743.019801980198,2.4088669950738915,0.008130081300813,1049.5081967213114,708.3934426229508,1.819672131147541,0.0126182965299684,2212.6569579288025,2687.88643533123,5.197411003236246,0.0144927536231884,695.56,558.3378016085791,1.5626666666666666,0.0072463768115942,1387.7445255474452,1126.4233576642337,2.5291970802919708,0.0111248454882571,795.6716417910447,711.8592964824121,1.3606965174129353,7,0,0,0.1512248793491987
356,202507,23,0,0.0192076830732292,365.5696821515892,331.3235294117647,3.102689486552568,0.0066096423017107,851.4984326018808,922.9867083659108,1.8268025078369905,0.0088315217391304,838.9684499314129,711.5342465753424,1.954732510288066,0.0075075075075075,1657.096036585366,1579.7297297297298,6.135670731707317,0.0126984126984126,907.483870967742,948.4615384615385,5.119354838709677,0.0019749835418038,599.5763157894737,517.6984126984127,2.1894736842105265,0.0134831460674157,810.3310502283105,844.2272727272727,2.780821917808219,0.0045385779122541,673.9577039274925,866.605504587156,2.607250755287009,0.0,1091.4308510638298,1131.9354838709678,1.7606382978723405,0.0032679738562091,665.764192139738,664.3326039387308,2.906113537117904,0.0060565275908479,598.6141304347826,671.336032388664,1.6358695652173914,0.002939015429831,603.0103092783505,667.1681415929204,3.138438880706922,0.0025075225677031,758.2354124748491,859.2964824120603,1.7887323943661972,0.0100410771337288,1832.369926199262,1752.221198156682,6.999077490774908,0.0028524857375713,860.8161764705883,891.4636140637776,2.833333333333333,0.0275229357798165,701.6819407008086,568.7061994609164,1.9609164420485168,0.0127478753541076,1081.2680115273774,1275.0857142857142,4.492795389048991,0.0076824583866837,757.4807197943445,830.0518134715026,1.5347043701799483,0.0393184796854521,824.7792915531335,915.4098360655738,2.177111716621253,0.0172879524581307,663.1783369803063,796.243093922652,2.168490153172866,0.0072164948453608,659.7849686847599,833.801652892562,1.7160751565762005,0.0114942528735632,714.9904661016949,775.506329113924,2.1610169491525424,0.0106761565836298,625.6039426523297,759.85559566787,2.460573476702509,0.0070921985815602,623.887983706721,701.2269938650306,1.7515274949083504,0.0095846645367412,718.8433476394849,669.4396551724138,2.296137339055794,0.0,928.9282868525896,663.0,1.695219123505976,0.0095447870778267,1318.0311572700298,1180.6222222222225,5.289317507418398,0.0235294117647058,760.4123711340206,861.7241379310345,2.013745704467354,0.0012239902080783,739.1564792176039,677.5429975429976,2.860635696821516,0.0048231511254019,786.5806451612904,670.2912621359224,2.1161290322580646,0.006006006006006,703.4545454545455,657.6506024096385,2.5484848484848484,0.0169934640522875,404.0744680851064,340.5531914893617,0.4680851063829787,0.0105820105820105,826.1637010676156,784.0714285714286,3.469750889679715,0.0024691358024691,597.0297029702971,635.3465346534654,1.047029702970297,1,0,0,0.057352376689719375
357,202507,24,0,0.0275229357798165,946.4600938967136,662.8436018957347,4.061032863849765,0.0070684523809523,1011.3716216216216,1125.1907255048616,1.8445945945945943,0.0121250797702616,1016.9277419354838,811.3583441138421,1.790967741935484,0.0097697138869504,1490.832630098453,1305.593220338983,2.909985935302391,0.0028490028490028,1212.1306818181818,928.2758620689656,3.8494318181818175,0.006777572396796,902.0767326732672,715.4477611940298,2.226485148514852,0.0118089103596349,1111.2097297297298,1062.183406113537,3.6032432432432433,0.0027624309392265,1538.0,1256.8508287292818,3.230555555555556,0.032258064516129,1168.1381215469614,736.4245810055866,1.3314917127071824,0.0093555093555093,947.2619542619544,843.1779661016949,3.717255717255717,0.0094876660341555,1103.2247765006389,983.9080459770116,2.6168582375478926,0.0048242591316333,823.5783633841886,962.1576763485476,3.065187239944521,0.0041171088746569,760.2079116835326,843.1926605504588,1.5390984360625577,0.0496974935177182,2368.8012879484822,2900.1825539568345,8.71021159153634,0.0071971211515393,2953.882209585702,3288.402555910543,5.2875710804224205,0.044522554188635,1170.4290953545233,952.841328413284,2.286063569682152,0.0115089514066496,967.5773195876288,951.7402597402596,1.7293814432989691,0.0173611111111111,1084.573113207547,959.435294117647,1.724056603773585,0.0410447761194029,1569.9450261780105,1858.3033419023136,3.662303664921466,0.0257406508013598,1031.5830845771145,808.3516483516484,2.4139303482587064,0.0052083333333333,1160.9059233449475,996.9230769230768,1.848432055749129,0.0154664088931851,1212.8049019607845,1102.3008849557525,2.5558823529411763,0.0177664974619289,1055.617495711835,896.4705882352941,2.8867924528301887,0.0098126672613737,1008.7184115523464,991.5107913669063,1.8176895306859209,0.0084745762711864,1208.9259962049337,949.0494296577948,2.3529411764705883,0.0028517110266159,1695.944971537002,1243.103448275862,3.269449715370019,0.0095057034220532,984.8593350383632,1159.8975672215108,2.024296675191816,0.0109717868338558,1107.268987341772,1076.952380952381,2.240506329113924,0.0022172949002217,1083.4644444444446,1105.7333333333331,2.4,0.003030303030303,1001.61094224924,852.5835866261398,2.328267477203648,0.0124688279301745,980.1486146095718,862.4810126582279,1.8211586901763224,0.0127226463104325,646.4470284237726,416.9820051413882,0.8785529715762274,0.0137221269296741,919.2299651567944,768.75,5.2508710801393725,0.0074074074074074,824.2183622828784,672.1197007481297,1.9727047146401984,1,0,0,0.13256681718839258
358,202507,25,0,0.0793465577596266,3451.9897959183672,3017.078085642317,6.061224489795919,0.0210876803551609,1371.8881330309905,1335.3136810279668,1.5918367346938775,0.0165394402035623,1269.1058064516128,1104.669260700389,1.7406451612903229,0.0161971830985915,1360.505763688761,1297.6187766714083,2.7247838616714697,0.0197461212976022,2175.95988538682,1681.21387283237,3.659025787965616,0.0487053020961775,2519.841902313625,2257.6470588235293,4.401028277634961,0.0180275715800636,1177.8178879310344,1227.7922077922078,3.5226293103448274,0.0460081190798376,2708.057142857143,2888.61971830986,5.948571428571428,0.0129870129870129,766.3245614035088,677.6315789473684,3.0657894736842106,0.0902636916835699,2216.828828828829,2409.933774834437,4.405405405405405,0.0642722117202268,2265.006684491979,2909.3080054274083,3.355614973262032,0.0209742895805142,1461.597796143251,1684.1733703190014,2.9917355371900825,0.0180913613749434,1177.5849403122131,1292.4953789279114,1.258953168044077,0.033722438391699,1511.945340501792,1712.9133154602323,6.896057347670251,0.0287686996547756,3032.622924901186,2656.574585635359,3.682213438735178,0.0391566265060241,1696.6286072772898,1444.5112781954888,2.3036386449184443,0.0170827858081471,1682.016,1466.7024128686328,1.5386666666666666,0.0816993464052287,1390.6132075471698,1379.1408114558471,1.4764150943396226,0.07248322147651,3657.9156626506015,4702.061281337047,3.9126506024096384,0.0266798418972332,1341.685110663984,1217.950819672131,1.888329979879276,0.0157480314960629,1339.4116607773851,1382.361359570662,1.7367491166077738,0.0216867469879518,1490.3466796875,1111.0735586481114,2.283203125,0.0508064516129032,844.9575551782683,752.0408163265306,2.460101867572156,0.02775290957923,1871.9595588235293,1457.7121771217712,2.0,0.0417853751187084,2222.072434607646,1894.3359375,3.3078470824949697,0.0113100848256361,1860.225,1617.7277882797732,1.6,0.0248407643312101,1911.3289817232376,1565.0980392156862,1.9843342036553524,0.0156739811912225,2017.9552715654952,1986.6666666666667,3.4696485623003195,0.0124293785310734,2165.664367816092,1949.521640091116,3.3747126436781607,0.112,1410.179640718563,1033.1927710843374,2.335329341317365,0.0037926675094816,1872.527918781726,1448.0710659898475,1.878172588832488,0.0291616038882138,583.0501253132832,451.2025,0.6491228070175439,0.0212765957446808,3184.74297188755,2933.229571984436,9.791164658634536,0.2128174123337363,2726.395061728395,3878.532110091743,5.311728395061729,5,0,0,0.39739437285405876
359,202507,26,0,0.0154043645699614,1251.989501312336,1210.880829015544,4.412073490813648,0.0117982099267697,1297.3617719442166,1315.388429752066,2.567678424938474,0.0123816460305899,874.6858407079646,898.9380530973451,1.491150442477876,0.0130187144019528,1089.727422003284,1065.294701986755,2.671592775041051,0.0102171136653895,754.7279792746114,959.0745501285348,1.266839378238342,0.0173611111111111,747.8087201125176,1020.8522727272727,2.292545710267229,0.0190136660724896,803.6391251518834,809.1304347826087,4.989064398541919,0.0271084337349397,1079.6319018404909,1188.75,2.273006134969325,0.0291005291005291,1194.3967391304348,1105.5027322404371,1.173913043478261,0.0342717258261933,870.9923664122138,1179.6969696969695,2.541984732824428,0.0397058823529411,1076.3769470404984,1011.144578313253,2.981308411214953,0.0145929339477726,975.4617784711388,1259.3457943925234,2.931357254290172,0.009933774834437,812.0446927374302,819.6440489432703,1.0346368715083798,0.0176948828311812,1014.3606237816764,1314.670233463035,3.842105263157895,0.0154838709677419,1589.4335664335665,1487.2663755458516,4.686188811188811,0.0259831460674157,1323.4460431654677,1265.5895953757226,2.3309352517985613,0.0136138613861386,919.793450881612,817.2,1.6624685138539044,0.0692090395480226,992.9909365558912,1095.7317073170732,1.498489425981873,0.0367412140575079,1189.5266666666666,1296.039603960396,3.066666666666667,0.0165680473372781,795.3033573141487,830.072463768116,2.087529976019185,0.0092165898617511,954.9584295612008,875.9718969555036,1.76905311778291,0.0124040165386887,752.3041916167665,724.3727598566309,2.360479041916168,0.0150976909413854,574.3698384201077,570.8695652173913,2.7522441651705565,0.0099009900990099,935.7246696035244,914.0896860986549,2.079295154185022,0.0271966527196652,1097.9442060085837,1058.0172413793102,2.6051502145922747,0.014115092290988,1195.373068432671,1168.8791208791208,2.1677704194260485,0.0078549848942598,1135.8771289537713,1157.4878048780488,1.289537712895377,0.0183823529411764,995.820895522388,1288.872180451128,2.1082089552238807,0.0156046814044213,1027.002652519894,1089.4736842105262,2.3580901856763927,0.0511945392491467,967.741935483871,908.8808664259928,1.982078853046595,0.0072115384615384,1127.285024154589,1075.631067961165,1.3309178743961352,0.0115681233933161,972.9532467532468,698.28125,0.7766233766233767,0.0151802656546489,752.6901960784314,1063.409090909091,3.1019607843137256,0.0583657587548638,1081.97510373444,1342.2222222222222,1.7634854771784232,1,0,0,0.057570263937951616
360,202507,27,0,0.1843640606767794,5944.863247863248,4003.620689655173,6.188034188034188,0.0209267563527653,1473.6368501529053,1458.3384146341464,1.3585626911314983,0.0222513089005235,1282.5773333333334,1124.032258064516,1.653333333333333,0.029757785467128,1973.5625899280576,2033.3790664780763,3.7798561151079135,0.043010752688172,2233.0083798882683,1692.542372881356,2.1033519553072626,0.1078553615960099,2688.427972027972,2518.575418994413,4.918881118881119,0.0274636510500807,919.0849889624724,967.6666666666666,2.8940397350993377,0.1301369863013698,3187.798742138365,2626.7507886435333,5.918238993710692,0.031700288184438,1128.5119047619048,1077.142857142857,1.113095238095238,0.316356513222331,3636.759643916914,3861.939058171745,5.445103857566766,0.0341988600379987,1365.5519053876478,1459.0052356020942,2.512483574244415,0.0756756756756756,1927.399711399712,2732.8888888888887,3.197691197691197,0.0390022675736961,1300.4953007518798,1642.691943127962,1.0404135338345866,0.047962648556876,1075.1843971631206,1144.57399103139,2.101950354609929,0.0430191630817364,2388.18399339934,2463.6437246963565,3.342409240924092,0.0234177215189873,1810.310299869622,1913.041237113402,2.366362451108214,0.0267022696929239,1635.8490566037735,1709.832402234637,2.1455525606469004,0.0303398058252427,1640.2010050251256,1384.1895261845386,1.9170854271356783,0.0554821664464993,1755.8687150837989,1583.6974789915969,2.298882681564246,0.0234215885947046,1168.1210855949896,1245.8125,1.7724425887265136,0.011353711790393,1042.122123893805,1333.1216931216932,1.647787610619469,0.0318471337579617,1155.014155712841,1098.3586626139818,2.379170879676441,0.0641025641025641,1074.2564102564102,996.433962264151,3.3965811965811965,0.0333033303330333,1559.5439252336448,1414.17439703154,1.8654205607476635,0.1171328671328671,1983.3446215139445,1558.818897637795,2.7051792828685257,0.1228956228956228,1799.3153846153846,1481.9214559386974,1.4057692307692309,0.0815450643776824,2245.2343541944074,2232.449799196788,2.4940079893475366,0.1153846153846153,2600.6478260869567,4487.478260869565,5.021739130434782,0.0423728813559322,2938.3142144638405,3133.089743589744,3.740648379052369,0.1417322834645669,1177.3180428134556,981.2844036697248,1.929663608562691,0.0065019505851755,2064.9028871391074,2122.5587467362925,2.745406824146982,0.0221642764015645,600.096,434.016,1.0933333333333333,0.0298804780876494,3074.9755102040817,2286.9421487603304,6.155102040816327,0.2349081364829396,2933.208904109589,1910.5154639175253,3.3767123287671232,5,0,0,0.4123843991231295
361,202507,28,0,0.1005780346820809,3724.915384615385,2590.0515463917527,2.743589743589744,0.0144230769230769,1094.6828721017202,1289.4126506024097,1.1600598354525056,0.0145661811272957,1328.65,1359.819587628866,2.0435897435897434,0.0328441649196366,1784.6191860465117,1673.103448275862,3.120639534883721,0.0198300283286118,1704.1040462427743,1207.6300578034682,1.393063583815029,0.04143475572047,1602.3157894736842,1826.9260700389104,3.245186136071887,0.0153601694915254,906.4827586206897,1094.6294307196565,2.7866379310344827,0.0438356164383561,1612.387283236994,1795.7386363636365,2.6416184971098264,0.022284122562674,882.6420454545455,700.8,1.3465909090909092,0.0909090909090909,1795.235682819383,1984.0358744394616,2.1519823788546257,0.0138713745271122,1029.3367346938776,1016.0769230769232,1.3762755102040816,0.0318428184281842,1471.6553672316384,1734.4244105409157,3.7401129943502816,0.0213055303717135,1242.7298050139275,1466.6728280961183,1.5208913649025069,0.0376068376068376,1005.867374005305,1210.4371097234612,2.2758620689655173,0.0485509973654497,2603.054054054054,2568.4251968503936,4.72972972972973,0.0400508582326764,2623.06711409396,3252.392156862745,3.283221476510067,0.0251989389920424,1367.2131147540983,1227.6422764227643,1.1229508196721312,0.0266203703703703,1144.8,1161.201923076923,1.2188235294117646,0.0538555691554467,1743.550649350649,2102.01030927835,3.031168831168831,0.0188025729836714,1065.0645161290322,1114.4500504540867,2.106854838709677,0.0148731408573928,955.8056537102474,999.2142857142856,1.9452296819787984,0.0096711798839458,1032.5268292682929,977.3607038123168,2.1463414634146343,0.0289975144987572,775.8833619210977,663.7691001697793,2.457975986277873,0.0117328519855595,1290.616788321168,1263.071297989031,1.5492700729927007,0.0440366972477064,1845.8003838771592,2020.998080614204,3.4932821497120923,0.0102135561745589,1472.157894736842,1414.6067415730338,1.5206766917293233,0.0218368657675016,1544.751968503937,1661.5505913272011,1.620734908136483,0.0395136778115501,1686.435331230284,2202.285714285714,2.1640378548895898,0.0211817168338907,1445.1343963553531,1385.7949886104784,2.052391799544419,0.0247093023255813,1083.563798219585,1054.670658682635,2.2818991097922847,0.0038560411311053,1725.5244215938303,1569.0155440414508,1.519280205655527,0.0234278668310727,795.1742424242424,415.42676767676767,1.1464646464646464,0.0157342657342657,835.9469964664311,1402.2857142857142,3.621908127208481,0.043050430504305,1248.4910485933503,1336.7441860465117,1.3836317135549872,7,0,0,0.20732818919017137
362,202507,29,0,0.0349819059107358,1595.2636815920398,1628.5929648241206,3.343283582089552,0.0069417662938681,856.6105508145849,915.613530326594,1.7207137315748642,0.0116918844566712,714.8591352859136,589.9166666666666,2.0516039051603907,0.0118110236220472,880.1332263242375,742.4050632911392,3.120385232744783,0.0110584518167456,883.6012861736334,771.6190476190476,3.057877813504823,0.0053333333333333,689.5368139223561,759.3825503355705,2.140562248995984,0.0186335403726708,737.213133640553,765.1724137931035,2.850230414746544,0.015267175572519,1119.6296296296296,916.2616822429908,3.098765432098765,0.0079365079365079,1143.0588235294117,866.1702127659574,1.304812834224599,0.0065502183406113,1160.967032967033,1041.89010989011,3.173626373626373,0.0137457044673539,691.1578947368421,643.5904628330995,1.951523545706371,0.0161172161172161,2104.807462686568,2712.748885586924,4.717910447761194,0.0050301810865191,951.5714285714286,1077.5782038345103,4.343465045592705,0.0190786412284783,1684.5261655566128,1585.949858088931,6.633682207421503,0.0108153078202995,956.7683235046336,992.6952141057934,2.3277169334456613,0.0281312793034159,884.0802213001383,984.8076923076924,1.9681881051175656,0.0208623087621696,597.0940170940171,809.4050991501416,2.0883190883190883,0.0076530612244897,890.1285347043702,705.3470437017995,1.372750642673522,0.0466666666666666,688.7234636871508,629.4117647058823,1.810055865921788,0.018102029621503,750.3030303030303,745.8954393770856,2.3490460157126822,0.0074074074074074,552.1587982832618,806.3135593220339,2.006437768240344,0.0111761575306013,721.6181229773463,719.1621911922664,2.7831715210355985,0.023851590106007,834.2753623188406,657.2875226039783,3.355072463768116,0.0072388831437435,761.7255717255717,762.2129436325679,2.989604989604989,0.0182012847965738,741.2299349240781,757.8947368421053,2.3101952277657265,0.0040774719673802,836.2061224489796,720.9856262833675,1.9326530612244897,0.0075528700906344,1345.0700152207,1182.0091324200914,5.514459665144597,0.0120481927710843,741.8181818181819,723.125,1.7972027972027973,0.0098039215686274,876.2469135802469,876.3275434243176,2.693827160493828,0.0082236842105263,671.7218543046357,734.9501661129568,2.294701986754967,0.1315068493150684,956.2295597484276,948.7974683544304,2.018867924528302,0.016638935108153,906.8006430868168,742.0714285714286,1.5980707395498392,0.019298245614035,550.9247311827957,588.0,2.684587813620072,0.0098159509202454,559.4029850746268,762.3703703703703,1.5049751243781095,1,0,0,0.07957298188914519
363,202507,30,0,0.034688995215311,2194.2213930348257,1496.5925925925926,4.1840796019900495,0.0093494351382937,1041.7279874213837,1234.7915027537372,1.6218553459119496,0.0122532334921715,996.2976680384088,968.393351800554,2.1550068587105624,0.0120481927710843,1054.7223926380368,1065.069696969697,3.4478527607361964,0.0047846889952153,870.4792332268371,649.967845659164,1.571884984025559,0.0156555772994129,906.9221635883904,983.6484687083888,2.33245382585752,0.0145985401459854,826.5313568985176,742.1412300683371,3.5553021664766247,0.014947683109118,796.1818181818181,921.5197568389058,3.403030303030303,0.0039215686274509,740.3622047244095,652.9133858267717,3.590551181102362,0.0259740259740259,1193.6283185840707,1175.892857142857,2.995575221238938,0.0080321285140562,784.9728260869565,850.3753351206434,2.224184782608696,0.0131195335276967,1000.6307237813884,954.7710487444608,3.927621861152142,0.0065065065065065,709.8088531187122,652.1897073662967,1.607645875251509,0.0344364937388193,913.2541589648798,923.5097493036212,4.255083179297597,0.0118367346938775,2344.181968569065,2087.1724422442244,5.71298593879239,0.0141034251175285,1153.455782312925,1007.2305593451568,2.1809523809523808,0.0099573257467994,876.9230769230769,863.4782608695652,1.4615384615384617,0.0126262626262626,800.6632653061224,720.9230769230769,1.405612244897959,0.0445026178010471,1298.4657534246576,1198.027397260274,3.1890410958904107,0.0214822771213748,980.632967032967,893.5526315789474,2.527472527472528,0.0031446540880503,576.3025210084033,675.0315789473684,2.006302521008404,0.0126050420168067,1255.7176220806791,787.1002132196162,3.3343949044585988,0.0303555941023417,873.2258064516129,920.5714285714286,3.304659498207885,0.0111675126903553,1174.1823770491803,1006.5432098765432,2.114754098360656,0.0181430096051227,1347.2745098039215,846.5075921908893,1.9368191721132897,0.0049950049950049,1226.3393574297188,1118.55421686747,2.323293172690763,0.0103244837758112,1210.4619970193742,1216.3636363636365,2.9493293591654246,0.0185497470489038,624.7422680412371,968.8659793814433,1.8762886597938144,0.007361963190184,892.8740740740741,1007.821782178218,1.9703703703703703,0.0624048706240487,1069.7402597402595,1268.7662337662337,2.905844155844156,0.0560344827586206,661.4115853658536,613.8601823708207,1.3841463414634143,0.0125523012552301,1647.3045977011495,1596.3333333333333,1.1695402298850577,0.0163934426229508,1409.263940520446,1301.6236162361624,4.137546468401487,0.0898203592814371,1963.2612137203168,2243.6220472440946,4.712401055408971,1,0,0,0.09344509568857007
364,202507,31,0,0.2340168878166465,3506.815286624204,4102.242990654206,5.579617834394904,0.0280793710220891,1888.9382716049383,2073.4153846153845,3.2098765432098766,0.0141935483870967,1799.5395778364116,1599.522077922078,2.3430079155672825,0.0217391304347826,1472.2374100719423,1393.8,3.9266187050359713,0.0447330447330447,2527.843373493976,2298.7272727272725,2.1506024096385543,0.1573316551290119,2711.1608497723823,2187.705882352941,4.268588770864947,0.0168112798264642,1428.3454345434543,1338.2522123893805,3.731573157315732,0.1973875181422351,4278.417857142857,4388.791208791209,4.275,0.0201793721973094,1008.7990867579908,949.5871559633028,2.6484018264840183,0.3100303951367781,3371.6955223880595,3584.393063583815,6.28955223880597,0.0263496143958868,2021.729907773386,1886.904761904762,2.6482213438735176,0.0527036276522929,1726.0566037735848,1892.8057553956835,4.626995645863571,0.0507069722086786,2775.1261352169527,3208.305439330544,3.923309788092836,0.0436285097192224,2450.63300270514,2344.398190045249,5.569882777276826,0.0448395825280247,1933.8338709677416,1717.5792038992688,3.679838709677419,0.031786395422759,1787.0725593667546,1436.0,2.4775725593667546,0.0252996005326231,1872.098092643052,1568.2191780821918,1.8555858310626705,0.029103608847497,1908.8305489260144,1450.2650602409635,1.5894988066825777,0.0418781725888324,2562.375,2345.2242744063324,3.3085106382978724,0.0121273370389085,1677.0152439024391,1464.4078269824922,2.588414634146341,0.0114739629302736,1798.6053571428572,1784.678571428571,2.655357142857143,0.0332383665716999,1909.015670910872,1537.8916256157636,2.722820763956905,0.0937746256895193,1323.5034722222222,1395.1411149825783,3.5850694444444446,0.0485792850595783,2524.925925925926,2412.342857142857,2.875243664717349,0.1171662125340599,2200.0493827160494,1630.1234567901236,2.569958847736625,0.0917347865576748,2256.544,1646.144,2.442,0.0867052023121387,2302.7865168539324,2271.042253521127,5.092696629213483,0.073076923076923,4519.745901639344,6233.44537815126,3.610655737704918,0.0542168674698795,2494.559796437659,2220.30612244898,3.493638676844784,0.1876574307304785,1993.703703703704,1866.728971962617,2.521604938271605,0.010958904109589,1831.854748603352,1536.098901098901,2.078212290502793,0.0273972602739726,1247.8766066838043,854.3877551020408,1.1568123393316196,0.0137299771167048,2097.796208530806,1623.0,3.322274881516588,0.3492647058823529,4155.93984962406,3859.471698113208,3.962406015037594,5,0,0,0.5294723732251116
365,202508,1,0,0.0563218390804597,2943.836185819071,2266.6019417475727,2.679706601466993,0.0317812269031781,1700.2073170731708,1915.8256880733943,2.9717987804878048,0.025965801139962,1459.5168393782385,1385.8746736292428,2.1476683937823835,0.0286913925822253,1439.893371757925,1124.2651296829972,3.3429394812680115,0.0634696755994358,1869.8802395209584,1703.8181818181818,1.5449101796407183,0.0559655596555965,1499.7141025641026,1486.6490066225165,2.901282051282051,0.0304302203567681,1230.0747562296858,1095.502702702703,3.731310942578548,0.0823211875843454,2486.068656716418,2090.608695652174,2.644776119402985,0.0184757505773672,1010.6103286384975,872.1320754716982,1.887323943661972,0.1178781925343811,1720.5831485587582,1915.8389261744967,3.649667405764967,0.0385587863463969,1379.6076115485564,1351.0671936758893,2.229658792650919,0.1163879598662207,2725.0663650075417,3386.261398176292,4.589743589743589,0.139917695473251,2066.0207877461708,2124.446742502585,1.7439824945295406,0.024390243902439,2111.9865591397847,2179.626334519573,6.874551971326165,0.0311787072243346,1560.9669811320755,1473.0094043887148,3.4544025157232703,0.0359975594874923,1646.229695431472,1693.1060606060605,2.0393401015228427,0.0430809399477806,1896.0,1807.7685950413224,3.0108108108108107,0.0304806565064478,1558.2566585956415,1522.608695652174,2.067796610169492,0.0787589498806682,1391.6883116883116,1786.8217054263566,2.036363636363636,0.0277365032194155,1239.3001017293998,1138.8979591836735,2.264496439471007,0.0210896309314587,1405.7142857142858,1736.9675090252708,2.119642857142857,0.0328415040456925,1584.6019607843136,1373.8339920948615,2.76078431372549,0.0529270248596631,1073.4823529411765,916.4846416382252,2.910924369747899,0.0327272727272727,1537.5178236397749,1542.2598870056495,2.707317073170732,0.0815217391304347,1432.520792079208,1316.935166994106,2.106930693069307,0.033271719038817,1780.1768060836505,1436.4173076923078,2.4657794676806084,0.0249671484888304,1917.715249662618,1930.255720053836,2.838056680161943,0.0424528301886792,1932.8859060402683,2404.823151125402,2.3926174496644297,0.0347923681257014,1630.4055944055945,2313.737819025522,3.3076923076923075,0.0432276657060518,1997.6576576576576,1959.154078549849,2.255255255255255,0.0284605433376455,1591.7842105263155,1366.7385444743936,3.2421052631578946,0.0624263839811543,1304.345088161209,969.5513784461152,1.022670025188917,0.0298245614035087,1029.7921146953406,1199.3430656934306,2.763440860215054,0.0770186335403726,1292.6612903225807,1740.1617250673855,1.7123655913978495,7,0,0,0.3287764714475234
366,202508,2,0,0.0678617157490397,3675.876712328767,3119.8347107438017,8.189041095890412,0.0174725721251523,1364.3182565789473,1563.3702163061564,2.4942434210526314,0.0116448326055312,1200.568281938326,1009.3648449039882,1.960352422907489,0.0161681487469684,847.7970540098199,990.6930693069309,3.3911620294599016,0.0128369704749679,1538.025974025974,1452.34375,2.74025974025974,0.0147161878065872,1136.5516265912306,1310.0429184549355,2.01980198019802,0.0202622169249106,1264.7936893203882,1225.2439024390244,3.9648058252427183,0.0228310502283105,1375.0093167701864,1572.75,2.472049689440994,0.0097087378640776,801.2128712871287,872.6213592233009,2.0594059405940595,0.039360393603936,1014.5641025641024,1065.4219948849104,2.382051282051282,0.0269482884195193,1132.781763826607,1162.128935532234,3.597907324364724,0.0372907153729071,1163.3152866242035,1485.5886970172685,3.888535031847134,0.0466666666666666,1234.720657276995,1072.4305555555557,2.196009389671361,0.0172239108409321,2434.441640378549,2926.9565217391305,8.770767613038906,0.0141448778396913,992.342584562012,1088.7881429816914,2.630529054640069,0.0918097754293262,1057.708092485549,878.1259150805271,2.179190751445087,0.0199252801992528,1384.7328244274809,1386.243654822335,2.096692111959288,0.0090497737556561,1251.559633027523,1245.8181818181818,3.070336391437309,0.0356612184249628,1009.3159509202454,843.7151702786377,3.3588957055214723,0.0124851367419738,1154.0432172869148,1094.0579710144928,2.2148859543817525,0.0262257696693272,913.953488372093,1006.4150943396228,1.825581395348837,0.0176470588235294,1329.5323741007194,961.9377990430622,2.7661870503597124,0.0268096514745308,1076.788990825688,888.75,3.559633027522936,0.0185589519650655,1016.2694877505568,894.6511111111112,2.3585746102449887,0.0435684647302904,1166.680345572354,1092.2875816993464,2.136069114470842,0.0098039215686274,1259.8577680525163,1318.5398230088497,2.087527352297593,0.0132450331125827,1357.2857142857142,1331.4878048780488,2.744810744810745,0.029038112522686,990.4477611940298,1065.6179775280898,2.044776119402985,0.0211640211640211,1304.2065217391305,1407.9032258064517,2.092391304347826,0.0159857904085257,1199.2815884476531,1463.1768953068593,2.2021660649819497,0.0084951456310679,1331.7450980392157,1279.6577017114914,2.073529411764706,0.0103092783505154,915.7467362924282,874.8623376623376,1.0861618798955617,0.0253623188405797,813.3283582089553,1438.888888888889,2.425373134328358,0.0309477756286266,1169.94,1140.2390438247012,2.968,7,0,0,0.15422455688587355
367,202508,3,0,0.0164319248826291,1158.8761904761905,1315.8373205741627,3.669047619047619,0.0695452808559419,2453.16306156406,2578.734793187348,3.377703826955075,0.0123939986953685,1129.5970937912814,1007.7146631439896,1.6340819022457067,0.0068446269678302,777.2910344827586,760.1652892561983,3.103448275862069,0.0122448979591836,1440.654794520548,1280.4432132963989,3.495890410958904,0.0075566750629722,981.2030456852792,883.1725888324873,2.6890862944162435,0.0173629951166576,1136.9437086092714,949.4585635359116,3.7560706401766,0.0082304526748971,1154.0389972144849,1164.89010989011,2.350974930362117,0.0305810397553516,597.6375,543.4394904458599,0.9125,0.0105708245243128,997.8397435897436,953.8461538461538,3.5384615384615383,0.0165184243964421,861.7616580310881,1015.90206185567,1.5790155440414508,0.0130136986301369,914.1858529819694,1470.75,3.61997226074896,0.0201096892138939,1161.444547996272,1355.0140056022408,2.797763280521901,0.0126970227670753,970.8017699115044,1069.493333333333,2.7787610619469025,0.0098347757671125,982.232724384432,996.9634340222576,3.324066719618745,0.0142326732673267,1008.7069182389936,1083.0075187969924,2.055345911949685,0.0204081632653061,1452.2124352331607,1271.151832460733,2.494818652849741,0.0061881188118811,1315.5334987593053,1483.65,1.5235732009925558,0.0453955901426718,915.311475409836,1095.7297297297298,1.8333333333333333,0.0138532580810672,946.3997923156802,841.6892596454641,1.983385254413292,0.0026431718061674,1007.0442477876106,1073.4391534391534,1.654867256637168,0.014014014014014,1226.65415821501,1055.6097560975609,3.0446247464503045,0.0100925147182506,962.820819112628,968.2233502538072,2.7030716723549486,0.0168888888888888,1402.4039497307,1094.207650273224,2.617594254937164,0.0167753960857409,1146.7962264150945,933.8285714285714,2.035849056603773,0.0047438330170777,1048.3161904761905,860.2671755725191,1.7657142857142858,0.0142679900744416,1672.1597484276729,1636.0201511335013,4.587421383647799,0.0336538461538461,989.0066225165564,1067.8405315614618,1.9172185430463573,0.008073817762399,969.5126436781608,884.3294117647059,2.0620689655172413,0.0089820359281437,1163.3493975903614,963.6363636363636,2.575301204819277,0.0136645962732919,1463.057934508816,1278.1360201511336,1.848866498740554,0.0204603580562659,571.5863874345549,490.3177083333333,0.9267015706806284,0.0189328743545611,1100.7394366197184,818.3916083916084,2.841549295774648,0.0148648648648648,713.9010989010989,626.9589041095891,1.8131868131868127,1,0,0,0.0716757103445842
368,202508,4,0,0.0128805620608899,588.7801418439716,525.1428571428571,2.6430260047281324,0.0349521707137601,1691.9437162683114,2021.266968325792,1.7039321511179646,0.0108211330362826,978.3658536585366,1013.8064516129032,1.350449293966624,0.0055983205038488,778.7425742574258,813.6974789915967,2.71004243281471,0.017094017094017,1325.2063953488373,978.3815028901736,2.386627906976744,0.0092592592592592,772.4177997527812,709.2788944723618,2.447466007416564,0.0208659363588941,836.2542553191489,931.08537886873,3.4680851063829787,0.0164383561643835,901.173184357542,990.6666666666666,2.835195530726257,0.0220385674931129,912.0898876404494,866.1016949152543,1.0449438202247192,0.0103412616339193,835.4140127388536,613.7037037037037,2.356687898089172,0.0208596713021491,1248.062015503876,1352.3612903225803,2.52842377260982,0.0107889413351314,1007.1830601092896,1328.9795918367347,3.28688524590164,0.0059360730593607,811.2933088909258,957.6243093922652,2.164986251145738,0.0126086956521739,784.0834064969272,854.0459363957597,2.473222124670764,0.0050524679362611,1113.1833073322932,1182.6760563380285,3.077223088923557,0.0084643288996372,773.5054678007291,958.2007343941248,2.111786148238153,0.0118421052631578,1012.9787234042552,1080.16,2.311170212765957,0.005889281507656,1251.933962264151,1151.428571428571,2.02122641509434,0.046060606060606,645.5276381909548,717.3778920308483,1.615577889447236,0.0104477611940298,883.9489489489489,705.2121212121212,1.6376376376376376,0.0105540897097625,1289.0656028368794,1249.51871657754,2.00531914893617,0.0053501945525291,974.9716242661448,1033.4897360703812,2.1996086105675148,0.0108786610878661,719.2774957698815,758.1725888324873,2.6362098138747885,0.008984725965858,934.6721014492754,1120.508166969147,1.6014492753623188,0.0231696014828544,933.5738636363636,720.0,1.8049242424242424,0.0018744142455482,1061.8815789473683,873.9962476547843,1.56390977443609,0.0072607260726072,1813.384,1895.6498673740048,4.242666666666667,0.0094043887147335,665.506329113924,635.8860759493671,1.3291139240506329,0.0089285714285714,967.4090909090908,885.5357142857143,2.184090909090909,0.0073855243722304,916.25,985.3571428571428,1.9821428571428568,0.0076726342710997,1036.413881748072,840.4651162790698,2.13624678663239,0.015228426395939,623.9123711340206,413.2886597938144,0.729381443298969,0.0103270223752151,964.7622377622378,859.9307958477509,2.013986013986014,0.0171358629130966,562.5935162094763,365.82089552238807,1.812967581047381,1,0,0,0.0681798051284781
369,202508,5,0,0.0182260024301336,811.0518518518519,517.5186104218362,3.488888888888889,0.005189620758483,814.8395849960095,908.280871670702,1.675977653631285,0.0051736881005173,595.7678571428571,547.7448071216617,1.4895833333333333,0.0016077170418006,526.395498392283,498.0967741935484,3.197749196141479,0.0034662045060658,703.4265734265734,618.2698961937716,2.265734265734266,0.0061728395061728,702.1809392265193,666.8689655172413,2.3908839779005526,0.0228963938179736,653.9988262910798,701.2631578947369,3.1889671361502345,0.0062305295950155,571.875,580.188679245283,3.775,0.0221606648199446,628.9542857142857,542.6966292134831,1.4057142857142857,0.0022002200220022,704.643956043956,721.4601769911504,3.487912087912088,0.0066079295154185,411.314623338257,646.1538461538462,2.259970457902511,0.0014914243102162,719.5066864784546,798.7387387387388,4.845468053491827,0.0020429009193054,471.8640081799591,601.5368852459017,2.071574642126789,0.0099502487562189,550.5513078470825,715.2168674698795,2.6036217303822937,0.001685630004214,687.4426644182125,748.8081149619611,2.836424957841484,0.0083217753120665,499.2885154061625,391.6787709497207,2.030812324929972,0.0014409221902017,693.6416184971098,1078.4438040345822,2.569364161849711,0.0,527.5280898876405,478.6629526462396,1.5140449438202248,0.0232919254658385,558.9171974522293,489.3333333333333,2.429936305732484,0.0123318385650224,504.6013667425968,577.262443438914,1.7619589977220955,0.0056947608200455,336.4678899082569,407.2311212814645,1.3371559633027523,0.0077864293659621,519.7225950782998,482.8314606741573,2.046979865771812,0.005560704355885,498.2284644194757,640.9795918367347,2.715355805243446,0.0010604453870625,319.90384615384613,344.7805907172996,1.98931623931624,0.0068493150684931,463.4434180138568,367.5514874141877,2.3741339491916857,0.0,515.1991434689508,607.0751072961374,1.7237687366167025,0.0089869281045751,940.3671096345516,1318.6252045826511,3.3289036544850497,0.0056179775280898,426.33962264150944,508.42105263157896,2.128301886792453,0.0064184852374839,713.9484536082474,720.0,2.414948453608248,0.0050590219224283,408.8135593220339,390.5084745762712,1.6338983050847458,0.010016694490818,525.8585858585859,563.3108108108108,2.4006734006734005,0.0067385444743935,733.8351351351351,571.0408719346049,0.8783783783783784,0.0054945054945054,299.63235294117646,398.9667896678967,1.6838235294117647,0.0061425061425061,541.3685503685504,463.5820895522388,3.9066339066339055,8,0,0,0.012742420365689844
370,202508,6,0,0.0404907975460122,1875.519280205656,1271.9083969465648,3.0668380462724936,0.0077653149266609,747.4088927637315,824.4405897658282,1.6625980819529207,0.0133124510571652,604.1867088607595,503.88535031847135,1.514240506329114,0.0086614173228346,1096.7483974358977,958.472440944882,3.3365384615384617,0.0125899280575539,679.3163636363637,467.73722627737226,2.0109090909090908,0.0068681318681318,648.7317744154058,509.2906815020862,2.1114167812929847,0.027538726333907,1039.2282352941177,1040.3076923076924,4.461176470588235,0.0105740181268882,812.9603658536586,646.0550458715596,3.1219512195121952,0.0282485875706214,1286.8488372093022,1045.1162790697674,1.9534883720930232,0.0077348066298342,735.5188470066519,713.1543624161073,3.507760532150776,0.0355072463768115,1189.922734026746,1774.012158054711,1.8410104011887072,0.0024311183144246,620.9705400981996,765.3870967741935,4.746317512274959,0.0056730273336771,377.4423676012461,522.0932642487047,1.3727933541017654,0.0323529411764705,1473.1424272818456,2124.257932446264,4.110330992978937,0.0067355186349348,1242.3164556962026,1339.4755877034358,3.107594936708861,0.0483221476510067,596.4160789844852,503.6107193229901,2.294781382228491,0.0165662650602409,756.0,685.2439024390244,2.99076923076923,0.0073855243722304,959.4507462686568,669.9703264094956,1.0865671641791044,0.0549777117384844,476.2264150943397,457.5471698113208,2.2641509433962264,0.0333518621456364,930.697004608295,877.5430539609644,1.9078341013824884,0.0190156599552572,652.9655963302753,516.5986394557823,1.651376146788991,0.0129504504504504,1063.0422857142858,939.3621867881548,2.232,0.0119156736938588,851.1449814126394,665.4444444444445,2.579925650557621,0.0064585575888051,580.3882863340564,638.7012987012987,2.134490238611713,0.0161476355247981,826.8196721311475,577.0422535211268,2.414519906323185,0.0043057050592034,656.0583153347732,482.987012987013,2.1447084233261338,0.0082918739635157,1068.0403361344538,1024.792013311148,3.4453781512605044,0.0147058823529411,595.092936802974,649.6629213483146,2.951672862453532,0.0077720207253886,1179.9947780678851,1027.6762402088773,3.8067885117493474,0.005181347150259,792.9031141868512,755.7491289198606,1.972318339100346,0.0116666666666666,709.2779661016949,434.6979865771812,2.142372881355932,0.013089005235602,573.9255319148937,448.57142857142856,1.069148936170213,0.0216998191681736,516.0885608856089,412.22222222222223,1.900369003690037,0.014760147601476,584.5964912280701,834.776119402985,1.5538847117794483,10,0,0,0.036590675747591894
371,202508,7,0,0.0333333333333333,807.6357142857142,772.1615201900238,2.697619047619048,0.006963249516441,716.734216679657,872.5233644859813,1.2735775526110678,0.0104234527687296,868.3214756258235,1024.421052631579,1.4242424242424243,0.017943409247757,1385.6442577030812,1548.5754583921016,3.081232492997199,0.0132547864506627,1179.360119047619,1478.622754491018,5.104166666666667,0.0111179740580605,790.708229426434,701.0012515644555,1.8678304239401493,0.0114192495921696,930.4846153846154,1063.876651982379,2.964835164835165,0.0120320855614973,658.8555858310626,969.032258064516,2.329700272479564,0.0165289256198347,1421.810055865922,928.9887640449438,2.2737430167597767,0.0092307692307692,1212.7780082987551,1089.793388429752,2.7904564315352696,0.0279220779220779,940.712365591398,965.4183266932272,1.4516129032258065,0.0096087851750171,897.2105263157895,830.0970873786408,4.371191135734072,0.0124884366327474,626.8765201122544,778.8742964352721,1.4424695977549111,0.0291741472172351,1251.4068901303538,1535.9182736455464,2.2523277467411544,0.0059148264984227,1281.9017571884983,1258.014184397163,2.090255591054313,0.0435294117647058,713.640146878825,695.8220024721879,1.7282741738066096,0.0201072386058981,1178.824175824176,1755.2043596730246,4.741758241758242,0.0012391573729863,914.2945544554456,871.044776119403,0.9257425742574258,0.0565552699228791,842.4523160762943,946.1035422343324,2.092643051771117,0.0224550898203592,735.0612244897959,705.1685393258427,1.470408163265306,0.0167400881057268,650.2150537634409,709.7849462365591,1.460573476702509,0.0084830339321357,898.3899497487437,698.7701612903226,1.4050251256281407,0.023972602739726,776.3891797556719,627.3015873015873,2.3664921465968587,0.0080789946140035,783.1423423423423,905.4545454545456,2.027027027027027,0.0143815915627996,832.6259689922481,613.4765625,2.38953488372093,0.0057636887608069,1097.6846153846154,925.0485436893204,1.990384615384616,0.0052840158520475,1316.7436918990704,999.8406374501992,2.2284196547144752,0.0131362889983579,736.4,840.7973421926911,3.2533333333333334,0.006787330316742,971.4421768707484,888.466819221968,2.5328798185941044,0.0015384615384615,825.5889570552147,809.907120743034,2.576687116564417,0.0038709677419354,1373.640826873385,1358.025974025974,3.8811369509043927,0.0115681233933161,209.1357702349869,189.4818652849741,0.6109660574412533,0.0173611111111111,577.6170212765958,829.2253521126761,1.49645390070922,0.0208588957055214,761.516290726817,820.0,1.0300751879699248,1,0,0,0.06310325467030808
372,202508,8,0,0.0153301886792452,1093.2144578313253,771.8571428571429,2.5903614457831323,0.006938775510204,815.2584085315833,768.6326194398682,1.1493027071369974,0.0028089887640449,535.0942334739804,562.8490832157969,1.3572433192686355,0.0035486160397444,1005.6594827586208,943.728813559322,2.9166666666666665,0.0030211480362537,845.2707692307692,1253.1940298507463,4.227692307692307,0.0049844236760124,808.8140703517588,742.0973782771536,2.10678391959799,0.0092744135297326,666.6154696132596,792.5795828759605,2.5425414364640884,0.0092838196286472,746.2420212765958,819.2991913746631,2.2047872340425534,0.0317460317460317,977.9239130434784,642.6483516483516,1.8967391304347827,0.003125,1060.4029227557412,773.0962343096235,2.6492693110647183,0.0123537061118335,727.1842105263158,936.99604743083,1.325,0.0074906367041198,620.5338345864661,648.6363636363636,3.8210526315789473,0.0036934441366574,571.6468952734012,580.259499536608,1.3438368860055607,0.0059037238873751,996.4945255474452,1183.9734675205857,2.2664233576642334,0.002755905511811,740.0,963.4542586750788,1.5217391304347827,0.0204572803850782,775.5313653136532,757.1779141104295,1.845018450184502,0.0068965517241379,1266.8333333333333,1546.3333333333333,2.208333333333333,0.0025,623.4,558.391959798995,0.9775,0.0227272727272727,764.1847826086956,780.3305785123966,1.5407608695652173,0.009090909090909,656.1524390243902,585.9509202453987,1.6626016260162602,0.0044722719141323,782.1543985637343,1057.769784172662,1.644524236983842,0.0074626865671641,702.789,657.8291457286432,1.685,0.0126582278481012,559.3877551020408,493.9175257731959,2.5289115646258504,0.002770083102493,719.9481481481481,928.8888888888888,2.001851851851852,0.0176643768400392,654.7410358565737,515.1102204408818,1.6334661354581674,0.0,621.4670542635658,576.6903846153846,1.310077519379845,0.0048143053645116,1788.7140864714086,1908.0,5.0139470013947,0.0115702479338842,715.1677852348994,832.4,1.7885906040268456,0.0102857142857142,639.3433179723502,540.4166666666666,2.096774193548387,0.0061162079510703,666.9938650306749,762.0370370370371,1.834355828220859,0.0103761348897535,1269.7853403141362,1476.5354330708662,2.162303664921466,0.010204081632653,354.73264781491,260.4651162790698,0.8560411311053985,0.0035273368606701,704.9505300353356,868.5106382978723,1.696113074204947,0.0074257425742574,562.8358208955224,836.7,1.2462686567164178,8,0,0,0.047540980452145276
373,202508,9,0,0.0309278350515463,3261.906914893617,2424.574468085106,3.140957446808511,0.0064220183486238,779.0268022181147,920.3136531365312,1.5508317929759703,0.0033444816053511,583.1895973154362,604.8322147651006,1.2281879194630871,0.0025273799494524,1452.2457912457912,1336.8813559322034,4.880471380471381,0.002932551319648,905.470588235294,792.0,1.7882352941176471,0.010548523206751,1047.7354196301565,886.5340909090909,2.254623044096728,0.0103975535168195,751.7928483353884,706.8401486988847,2.6004932182490754,0.0121028744326777,713.3742331288344,989.908256880734,2.361963190184049,0.018970189701897,1207.1333333333334,1128.131868131868,1.4388888888888889,0.0167958656330749,801.3942558746736,1035.079365079365,2.2637075718015667,0.0131885182311869,935.5698587127158,973.1338582677164,1.315541601255887,0.0084942084942084,888.383775351014,1295.832037325039,3.0842433697347893,0.0039840637450199,648.1651376146789,626.9248291571754,1.1089449541284404,0.0174912543728135,1398.5178389398573,1222.638578680203,4.99388379204893,0.0040322580645161,1168.446251129178,1143.763440860215,3.639566395663957,0.0167760758570386,975.7381656804732,949.215773809524,1.698224852071006,0.0041322314049586,3154.414364640884,3049.030470914128,9.685082872928175,0.0034782608695652,894.486013986014,886.2020905923345,1.062937062937063,0.0205831903945111,807.0629370629371,869.4736842105264,2.2762237762237763,0.0141277641277641,657.8790523690773,762.2166874221668,1.703241895261845,0.0060975609756097,697.956204379562,646.039603960396,1.6520681265206814,0.0049382716049382,856.1739130434783,755.4646840148699,1.7043478260869565,0.011090573012939,638.0597014925373,697.5280898876405,2.4757462686567164,0.0036674816625916,695.8704156479217,803.0541871921182,1.4963325183374083,0.0188457008244994,966.9397590361446,911.0526315789474,2.2144578313253014,0.0,718.1014851485148,903.2598039215686,1.603960396039604,0.0080321285140562,1307.778677462888,1212.3886639676114,2.3468286099865048,0.0133843212237093,753.9346153846154,704.53125,1.926923076923077,0.0094722598105548,793.0735694822888,842.1369863013699,2.362397820163488,0.0096153846153846,911.0891472868216,893.9299610894942,3.5775193798449614,0.0094086021505376,1287.391304347826,1486.6666666666667,3.616847826086957,0.0114795918367346,438.6253229974161,513.3943298969073,0.599483204134367,0.0055658627087198,617.1940298507462,706.1194029850747,1.958955223880597,0.0099800399201596,880.1693548387096,1243.7903225806451,1.0161290322580645,1,0,0,0.1020404987188166
374,202508,10,0,0.0106132075471698,931.2476190476192,845.1551312649165,3.066666666666667,0.0050038491147036,1261.7219209914797,1346.049459041731,1.6390395042602637,0.009861932938856,1414.5245033112585,1219.8934753661783,2.728476821192053,0.0076388888888888,1583.9342657342656,1497.3949579831933,2.8867132867132868,0.0043795620437956,1070.2941176470588,1011.578947368421,2.0794117647058825,0.0062227753578095,1109.147315855181,1176.5577889447236,3.0799001248439453,0.0124728850325379,977.8172866520788,820.4189636163176,2.5481400437636763,0.0187416331994645,1474.258855585831,1749.8360655737704,3.4141689373297,0.0186915887850467,884.7261146496816,725.506329113924,1.5286624203821657,0.0156576200417536,1025.9659574468085,886.9344608879493,2.802127659574468,0.0169050715214564,1049.425165562914,1048.5336856010567,1.3973509933774837,0.0190346702923181,963.6260387811634,1427.3509015256589,3.5235457063711912,0.00604370060437,820.6327102803739,918.0898876404494,1.4411214953271028,0.0241635687732342,3153.964593301436,2961.668246445497,7.806698564593302,0.0047543581616481,2267.4729299363057,2215.2229299363057,3.705414012738853,0.0619883040935672,1044.2734082397003,983.4620174346202,1.8264669163545568,0.0081521739130434,1210.4918032786886,1208.901098901099,2.5956284153005464,0.0101651842439644,1283.6641221374043,1001.1917098445596,1.1577608142493638,0.025065963060686,1720.2384823848238,1622.918918918919,2.2710027100271004,0.010188487009679,1123.3600823045267,1048.300720906282,2.2602880658436213,0.0122270742358078,1024.468085106383,1306.2433862433863,1.953900709219858,0.0060240963855421,1096.2747474747475,910.4848484848484,1.804040404040404,0.0119760479041916,1142.9166666666667,1222.566493955095,2.421875,0.0089285714285714,1102.456678700361,995.2877697841726,1.6317689530685922,0.0163776493256262,1524.0389105058366,1089.7041420118344,1.7178988326848248,0.004840271055179,1500.9980620155038,1344.59765625,3.304263565891473,0.0084087968952134,1867.7879581151835,1702.3146944083226,2.426701570680628,0.0225442834138486,1146.3576158940398,1146.885245901639,2.7152317880794703,0.0069444444444444,1037.1302325581396,1098.9556074766356,1.965116279069768,0.0046153846153846,1233.8482972136223,1164.074074074074,2.071207430340557,0.0063694267515923,1297.3161953727506,937.9028132992328,2.4190231362467864,0.023841059602649,389.2880434782609,396.5853658536585,0.8152173913043478,0.0189328743545611,1109.2631578947369,1095.157894736842,2.5543859649122806,0.0122282608695652,880.3305785123966,871.1538461538462,1.4573002754820936,7,0,0,0.12161285665319421
375,202508,11,0,0.0047058823529411,494.6549295774648,527.8571428571429,2.1784037558685445,0.0097323600973236,1010.5373256767842,1098.5936222403925,1.7178014766201806,0.00557880055788,721.6323943661972,566.3966480446927,1.5295774647887324,0.0028169014084507,1057.4591549295774,844.5042492917847,2.573239436619718,0.001531393568147,932.6892307692308,908.8073394495412,1.876923076923077,0.0061842918985776,635.2933168316831,756.7959949937422,1.8787128712871288,0.0070194384449244,727.2380434782609,714.9075081610446,2.085869565217392,0.0080645161290322,951.869918699187,1088.1300813008131,2.680216802168021,0.0059171597633136,834.9112426035502,628.3892215568862,1.2485207100591715,0.0091930541368743,845.93125,820.530612244898,3.6104166666666666,0.0084306095979247,779.3089960886571,782.5984251968504,2.3859191655801824,0.0067516879219804,1268.8639143730886,1801.880597014925,5.081039755351682,0.0019120458891013,654.2679425837321,531.3135186960691,1.355023923444976,0.0130395683453237,834.434940855323,877.1085766423357,2.311191992720655,0.0023575638506876,1048.0297339593114,1270.325138778747,2.507824726134585,0.0091240875912408,789.5544675642595,769.35960591133,1.8555691554467564,0.0070323488045007,1035.7073863636365,1094.406779661017,1.5767045454545454,0.0025094102885821,972.4242424242424,833.6842105263158,1.2601010101010102,0.017379679144385,732.3288043478261,844.0871934604904,2.9184782608695654,0.0141057934508816,673.2992849846783,692.6993865030674,1.4106230847803882,0.0072992700729927,693.0054644808744,961.669758812616,1.2987249544626591,0.0030105368790767,794.734879032258,740.3819095477387,1.3034274193548387,0.0093856655290102,650.5490533562822,739.7586206896551,1.8967297762478488,0.0109689213893967,812.4288354898337,816.7060998151571,1.4768946395563771,0.0088669950738916,850.0990099009902,641.3173652694611,1.689108910891089,0.0019305019305019,967.9591439688716,982.6692307692308,1.6867704280155642,0.0055517002081887,993.9761904761904,1055.6328233657855,2.900560224089636,0.0099009900990099,717.0099667774086,649.9665551839465,2.9335548172757475,0.0046674445740956,986.5118483412324,1074.292343387471,3.822274881516588,0.0091463414634146,902.2153846153848,869.3538461538461,1.3507692307692307,0.0026702269692923,859.260053619303,778.0748663101605,1.3699731903485255,0.0183968462549277,447.475935828877,311.9034852546917,0.7299465240641712,0.0069565217391304,850.7836879432624,580.6920415224913,2.2624113475177303,0.0012391573729863,633.4987593052109,553.3995037220843,1.2307692307692308,1,0,0,0.05426894576733832
376,202508,12,0,0.0236612702366127,1265.453846153846,660.0,4.446153846153846,0.0034617048896581,1328.7899305555557,1237.2198088618593,3.258680555555556,0.0087370929308975,754.2247191011236,472.608,2.346709470304976,0.0125733445096395,1066.8549747048903,924.0,2.48566610455312,0.0037383177570093,727.2452830188679,429.4029850746269,2.0113207547169814,0.0062456627342123,1016.8027972027973,845.2719665271967,2.377622377622377,0.0076380728554641,871.138625592417,962.8402366863904,2.287914691943128,0.0047021943573667,1250.5956112852664,1096.7088607594935,3.6927899686520376,0.0776119402985074,744.3181818181819,739.741935483871,0.8246753246753247,0.0087431693989071,832.1854304635762,769.9559471365639,3.3112582781456954,0.00817843866171,940.461997019374,881.9004524886877,2.321907600596125,0.0105263157894736,1067.469721767594,1077.2504091653027,4.337152209492635,0.006423982869379,549.0419806243273,535.663430420712,1.8858988159311088,0.0969529085872576,656.0901639344262,630.2448979591836,2.3401639344262297,0.0111392405063291,3191.167868177137,3347.8411405295315,7.143151390319258,0.0072411296162201,1135.865889212828,921.8102189781022,3.21865889212828,0.010703363914373,850.3703703703703,960.9287925696594,2.385802469135802,0.0285714285714285,999.0029411764706,777.3529411764706,2.585294117647059,0.020066889632107,3141.305555555556,3245.4362416107383,6.319444444444445,0.0097926267281105,510.8125,495.859649122807,2.0034722222222223,0.0081585081585081,544.9411764705883,556.3380281690141,1.291764705882353,0.0118443316412859,644.5342465753424,596.0958904109589,2.019406392694064,0.0253521126760563,867.1804222648752,775.5899419729207,2.18426103646833,0.0130861504907306,803.9955752212389,794.3046357615895,2.18141592920354,0.0097680097680097,1821.0,1132.3529411764705,2.86848635235732,0.0044198895027624,1158.9312638580932,695.3333333333334,1.835920177383592,0.0095073465859982,707.5898778359511,644.7120418848167,2.356020942408377,0.0094696969696969,596.5384615384615,569.2015209125475,1.8038461538461537,0.0,1043.458885941645,882.8116710875331,2.9840848806366047,0.0052173913043478,635.8741258741259,451.8881118881119,1.8846153846153848,0.0090415913200723,670.3906810035842,481.1152416356877,1.6021505376344083,0.0039164490861618,245.14173228346456,199.3193717277487,1.141732283464567,0.003690036900369,569.5735294117648,413.955223880597,2.856617647058824,0.0100250626566416,661.8451776649746,1042.7272727272727,1.6548223350253808,1,0,0,0.09684659480407676
377,202508,13,0,0.1159793814432989,3984.96783625731,3909.941860465117,4.385964912280702,0.0104393214441061,1046.306948109059,916.2390158172232,3.262093227792436,0.0071656050955414,765.0128824476651,799.9361022364217,2.344605475040258,0.0162074554294975,1013.9049180327868,987.206953642384,2.295081967213114,0.0208728652751423,1044.6923076923076,1118.4375,1.5923076923076922,0.0910987482614742,1664.707390648567,1184.254658385093,3.38763197586727,0.0145942790426152,771.707345971564,795.0710900473933,2.909952606635071,0.069423929098966,1956.3470031545744,1536.996805111821,3.365930599369085,0.1304347826086956,1130.725,808.5,1.79375,0.1790254237288135,1528.7844155844157,1791.8461538461538,4.205194805194806,0.0224475018102824,1213.770491803279,1237.6435935198822,2.746646795827124,0.0372771474878444,973.8605042016808,1075.2445193929177,3.5025210084033613,0.0139935414424111,825.2467248908297,934.4541484716156,1.6168122270742358,0.0305232558139534,916.1932270916336,878.6278836509529,2.4302788844621515,0.037134119702927,1314.551692589204,1326.3186318631865,1.845379688929552,0.0191599115696389,1272.8830584707646,1275.4683734939758,2.391304347826087,0.017001545595054,1255.4043209876545,1415.0,1.8333333333333333,0.0204379562043795,1066.220238095238,1019.4626865671642,3.077380952380953,0.0253968253968253,863.6482084690554,1087.42671009772,1.736156351791531,0.0125858123569794,736.4982578397213,596.6705202312139,2.067363530778165,0.0071005917159763,497.0698795180723,603.6792452830189,2.016867469879518,0.0375408052230685,876.535593220339,647.1719457013575,2.2497175141242938,0.0730633802816901,495.5977229601518,757.4790874524715,2.757115749525617,0.0246085011185682,1073.76376146789,1203.7155963302753,2.426605504587156,0.0661057692307692,1148.1246753246753,1204.7448979591836,2.3064935064935064,0.0617801047120418,1112.3392461197338,806.0224719101124,1.7671840354767183,0.0327022375215146,1177.5635062611807,1368.212389380531,2.590339892665474,0.037037037037037,2098.608695652174,2912.521008403361,3.0478260869565217,0.0161507402422611,1734.8958904109588,1963.603825136612,3.3589041095890413,0.1104294478527607,742.8865979381443,587.5432525951558,2.013745704467354,0.0093984962406015,1656.803846153846,1778.426966292135,1.9961538461538464,0.0104849279161205,505.4973544973545,313.84615384615387,0.7592592592592593,0.0084566596194503,4721.46186440678,3422.317596566524,8.182203389830509,0.2103274559193954,4059.635220125786,2719.6116504854367,3.814465408805032,11,0,0,0.1998171232597613
378,202508,14,0,0.032,2956.644705882353,2276.303317535545,4.432941176470588,0.0062329567588624,847.8659874608151,893.4117647058823,1.4365203761755485,0.0065963060686015,789.1620185922975,593.1474103585657,1.7569721115537849,0.0070671378091872,1018.68,969.4468085106384,2.47,0.0167938931297709,1226.3944099378882,1180.4347826086955,2.0062111801242235,0.0198511166253101,1723.5573979591836,1773.391959798995,4.571428571428571,0.0055309734513274,1050.2319644839067,882.9431438127091,3.5338512763596004,0.0105540897097625,1780.475935828877,1817.393617021277,4.957219251336898,0.0,1180.27807486631,991.5957446808512,1.7165775401069518,0.0503080082135523,2100.836559139785,2237.217391304348,3.055913978494624,0.0141843971631205,979.6479057591624,866.9803921568628,2.486910994764398,0.0104239054899235,1208.1802816901409,1329.4957983193278,3.484507042253521,0.0071976967370441,727.2736943907157,849.8550724637681,0.8858800773694391,0.0149931849159472,1368.4239028944912,1849.3892433910669,6.465919701213819,0.0081839438815276,1320.739952718676,1225.1567398119123,2.566587864460205,0.0170419963481436,1292.1604938271605,1058.6832298136646,1.6987654320987655,0.0081521739130434,1844.2326869806093,1644.7154471544716,2.443213296398892,0.00125,809.0274314214464,774.7236180904523,1.119700748129676,0.0283400809716599,850.6371191135734,779.1643454038997,1.6759002770083102,0.0040733197556008,686.3977619532045,636.382322713258,2.0874872838250256,0.0090744101633393,835.9562841530054,980.4419889502764,1.7049180327868851,0.009930486593843,771.9221556886228,708.266129032258,1.903193612774451,0.0234375,971.2442477876108,890.6785714285714,3.654867256637168,0.0027522935779816,1033.9284403669724,935.8671586715868,1.8844036697247704,0.0223517978620019,1289.0357852882703,933.8767395626244,1.6003976143141152,0.0038572806171648,1104.2774566473988,862.1789883268483,1.5452793834296723,0.0179045092838196,1706.3606998654104,1442.1951219512196,2.4495289367429343,0.018363939899833,1810.0976430976432,2372.9896907216494,4.747474747474747,0.0092378752886836,1698.2877030162413,1471.7564402810303,2.593967517401392,0.0399408284023668,856.4307692307692,791.6666666666666,2.107692307692308,0.0053191489361702,1606.4506666666666,1404.7721179624664,2.381333333333333,0.0088607594936708,674.4782608695652,634.5918367346939,0.8823529411764706,0.0090252707581227,2671.910780669145,2587.285714285714,4.862453531598513,0.0369913686806411,2062.984615384616,2331.5601023017903,3.264102564102564,11,0,0,0.14554308821259088
379,202508,15,0,0.0199530516431924,1363.1193317422435,749.2788461538462,2.5656324582338903,0.0032989690721649,631.4681555004136,651.1092715231788,1.4441687344913152,0.0028109627547434,761.0874471086037,563.4929577464789,1.5007052186177716,0.0036310820624546,1237.966374269006,1195.9970930232555,3.1871345029239766,0.0062597809076682,1379.621451104101,1028.4905660377358,2.145110410094637,0.0075140889167188,1011.0974683544304,936.5283018867924,1.7025316455696202,0.0077476480354178,1348.9096989966556,1137.924107142857,4.162764771460424,0.0026315789473684,1162.7368421052631,1335.7142857142858,2.086842105263158,0.0169971671388102,1241.7068965517242,1019.6531791907514,1.637931034482759,0.0146904512067156,1202.7261146496814,880.6410256410256,2.64968152866242,0.0072655217965653,1084.281914893617,1117.1504660452729,2.668882978723404,0.004601226993865,1243.3087557603687,1507.3261205564145,3.4608294930875574,0.008252427184466,1517.1373517786562,2166.226964112512,3.1294466403162056,0.0157303370786516,1445.6749084249084,1513.58014571949,4.974358974358975,0.0031695721077654,1191.7484126984127,1245.6210191082805,3.1809523809523808,0.0136476426799007,1099.820351758794,835.3337531486146,1.6457286432160805,0.0083333333333333,794.9579831932773,1151.428571428571,1.156862745098039,0.0025940337224383,817.5,921.5064935064936,1.7916666666666667,0.0229419703103913,822.0498614958449,729.2561983471074,2.0027700831024933,0.0087134802665299,731.3872296601442,657.2585669781931,1.898043254376931,0.0053763440860215,903.7974683544304,867.5763016157989,2.3273056057866186,0.0095238095238095,866.5,841.7073170731708,2.216733870967742,0.0179333902647309,807.1816608996539,727.8671328671329,2.401384083044982,0.002803738317757,825.4101123595506,787.0750469043152,1.5730337078651686,0.0101112234580384,972.5357873210634,657.3061224489796,1.6748466257668713,0.0009699321047526,1172.363813229572,978.1937984496124,1.6011673151750974,0.0110957004160887,1339.8225352112677,1628.04469273743,3.0,0.0149750415973377,623.5135135135135,591.6891891891892,2.121621621621621,0.0023391812865497,1092.076923076923,909.4787735849056,2.783216783216784,0.010719754977029,991.9411764705884,973.9318885448916,1.743034055727554,0.0082530949105914,1216.2576177285318,1144.6666666666667,1.6897506925207757,0.0038610038610038,495.4871134020619,397.1502590673575,0.6855670103092784,0.0052264808362369,754.6421052631579,1127.6223776223776,3.5298245614035086,0.0061652281134401,1149.2481389578163,1072.258064516129,0.8635235732009926,1,0,0,0.0719567023380362
380,202508,16,0,0.0157687253613666,1149.4513513513514,1035.3562005277045,5.0162162162162165,0.0074142724745134,837.5060690943044,905.4901960784314,1.1979458450046685,0.0067453625632377,751.0289608177172,610.4568527918782,1.3781942078364566,0.027657735522904,2370.6125,2409.026548672566,4.442857142857143,0.0076452599388379,993.4153846153846,1080.7407407407406,3.243076923076923,0.0128663330950679,778.2939481268012,950.0436681222708,2.269452449567724,0.0136561142147734,909.3622641509434,938.7657430730478,3.020125786163522,0.0178837555886736,1202.5377643504532,1538.9634146341464,2.377643504531722,0.0467836257309941,609.3067484662577,701.963190184049,0.9141104294478528,0.0118577075098814,665.1063829787234,734.9197860962566,2.2074468085106385,0.0125293657008613,937.3275316455696,1227.758346581876,1.4414556962025316,0.0125195618153364,972.6957210776544,1083.6133122028525,3.2551505546751187,0.0070880094506792,609.3571428571429,770.9393579072532,0.9678571428571427,0.1417218543046357,1160.2605561277037,1122.4254881808838,3.797116374871267,0.0151120375195414,3022.4524793388427,2135.9219088937093,6.240702479338843,0.0098410295230885,1154.9520123839009,1107.2809667673716,2.106811145510836,0.0096551724137931,698.3798882681564,776.8333333333334,1.5223463687150838,0.0436974789915966,785.4929577464789,520.6315789473684,1.943661971830986,0.0129629629629629,902.528735632184,1173.75,4.0344827586206895,0.0130841121495327,823.1378002528445,689.0542244640606,1.8988621997471555,0.0161490683229813,399.9497487437186,437.3604060913706,1.4874371859296482,0.0099009900990099,559.1126408010012,531.4606741573034,2.458072590738423,0.0328947368421052,773.6493256262042,807.7647058823529,2.884393063583815,0.0334158415841584,766.2448979591836,768.3907455012853,1.5816326530612246,0.0138888888888888,1360.9610389610389,1182.4242424242425,2.296103896103896,0.0013227513227513,1251.9490616621983,1192.4607329842931,2.06970509383378,0.0092067988668555,1051.3505007153076,1171.3714285714286,3.236051502145923,0.009765625,505.2755905511811,498.7351778656126,1.68503937007874,0.0,721.9512893982808,909.9718309859156,1.836676217765043,0.00390625,574.6875,427.3228346456693,1.72265625,0.0046153846153846,810.1851851851852,821.2383900928793,1.3333333333333333,0.0065703022339027,461.0848806366048,344.9894459102902,1.2625994694960212,0.0147329650092081,756.9664179104477,1403.8202247191011,4.58955223880597,0.0138067061143984,905.76,1086.0,4.244,1,0,0,0.07726904834817705
381,202508,17,0,0.0508274231678487,3685.343980343981,3078.787878787879,7.262899262899263,0.0066354410616705,1031.455974842767,930.6834249803612,1.9064465408805031,0.01,768.3481182795699,677.4898785425102,1.396505376344086,0.0248051027639971,1332.9812138728323,1088.3333333333333,3.463872832369942,0.0075528700906344,1244.5871559633028,1028.5454545454545,1.7400611620795108,0.0293017456359102,1613.8632258064515,1244.5012787723786,3.28,0.0111296605453533,794.643018018018,701.5748031496063,2.843468468468469,0.0676392572944297,2178.3389355742297,2617.109826589596,3.5434173669467786,0.0189274447949526,509.0576923076923,507.483870967742,0.6602564102564102,0.0809128630705394,2091.822471910112,1926.3945578231287,3.7595505617977527,0.0098231827111984,866.060606060606,842.5498007968127,1.3069828722002634,0.0153096729297146,1032.029702970297,1312.033898305085,2.9066478076379068,0.0105973025048169,803.0769230769231,1019.1820837390458,1.3320350535540408,0.1192106322996375,875.4,837.6373626373627,1.9589041095890407,0.0214132762312633,2693.5331516802908,2941.9501689189187,2.76203451407811,0.0152187698161065,1591.5140306122448,1417.9973992197658,2.20280612244898,0.0108254397834912,1394.7228260869565,1701.3223140495868,2.176630434782609,0.0277777777777777,1008.1865284974092,776.5625,1.16580310880829,0.0165061898211829,1453.4254143646408,1541.8130311614732,1.770718232044199,0.0128336755646817,871.7900207900208,891.0718002081165,1.6247401247401247,0.0062056737588652,743.775,845.5614973262032,1.3053571428571429,0.0110719677906391,933.7985757884028,900.733197556008,2.008138351983724,0.0353833192923336,832.1511423550088,952.9427083333334,2.813708260105448,0.043010752688172,1085.9216417910447,986.7293233082706,1.8526119402985075,0.0281407035175879,1419.0185950413222,1425.2173913043478,1.671487603305785,0.00920245398773,1634.19836400818,1687.9895833333333,2.141104294478528,0.0158520475561426,1723.9851752021564,2236.3636363636365,2.394878706199461,0.0180921052631578,1982.8837209302328,1442.6351351351352,4.189368770764119,0.0035885167464114,1158.5748218527317,1272.6699029126214,2.586698337292161,0.0137195121951219,956.123076923077,769.0062111801242,1.895384615384616,0.0026631158455392,1376.3467741935483,1384.9336870026525,2.2768817204301075,0.0105680317040951,638.5802139037434,478.3946666666667,0.7914438502673797,0.0053380782918149,2072.205035971223,2032.9537366548043,6.5,0.0448979591836734,2524.222535211268,2252.3342939481267,6.132394366197183,11,0,0,0.1643790676653284
382,202508,18,0,0.0454545454545454,1914.565110565111,1689.0291262135922,2.4004914004914006,0.0127572016460905,988.566777963272,966.2447960033304,2.0258764607679467,0.0098522167487684,950.9957627118644,789.1845493562232,1.71045197740113,0.0665691294806144,1464.659375,1044.622641509434,3.4,0.0220472440944881,1019.7402597402596,1049.520766773163,2.1298701298701297,0.0325670498084291,1165.692005242464,1286.968085106383,2.46526867627785,0.0077476480354178,677.8934517203107,705.6053811659193,3.1243063263041067,0.0432503276539973,1508.808864265928,1480.1626016260163,2.6509695290858724,0.0151057401812688,728.1595092024539,908.0981595092024,0.7484662576687117,0.0476683937823834,1648.8260869565215,1526.6666666666667,3.0804347826086955,0.0158520475561426,895.6617647058823,787.7628032345013,2.4959893048128343,0.0245398773006134,949.8647798742138,1232.4528301886792,2.661949685534591,0.0120540019286403,881.9188660801564,1220.6432748538011,1.4164222873900294,0.2115942028985507,1335.3217231897345,1342.672811059908,4.693858845096242,0.0293960448957776,3367.214689265537,3274.865735767992,6.2971751412429375,0.022944550669216,1284.2690288713911,1178.7548638132296,1.7808398950131237,0.0169491525423728,862.2857142857143,1113.64161849711,1.5571428571428572,0.0874704491725768,877.9274611398964,572.1761658031088,1.4844559585492227,0.034375,2740.0651465798046,2316.463022508038,5.0814332247557,0.0193877551020408,921.0904365904366,838.1875,1.7266112266112266,0.0109990834097158,599.1208791208791,833.8086303939963,1.1794871794871795,0.0156565656565656,950.070480081716,736.5773195876288,2.9601634320735446,0.0629139072847682,961.6203866432336,1045.7317939609236,2.5096660808435853,0.0534562211981566,712.1875,955.5728155339806,1.779296875,0.0354535974973931,1634.4978165938865,1041.0706638115632,2.0283842794759823,0.0070850202429149,1214.717791411043,1155.0,1.8548057259713704,0.0161971830985915,1669.5859598853867,1786.008583690987,3.958452722063037,0.0216666666666666,1274.7098976109214,1347.142857142857,4.191126279863481,0.0071856287425149,1076.9614457831326,791.4492753623189,2.891566265060241,0.0138888888888888,951.6149068322982,579.9369085173502,1.670807453416149,0.0028089887640449,948.546218487395,1365.5524079320114,1.588235294117647,0.0196850393700787,361.1229946524064,288.3243967828418,0.9438502673796793,0.0087719298245614,820.9081272084806,637.0212765957447,2.106007067137809,0.0380368098159509,1483.270202020202,1342.7319587628865,4.833333333333333,1,0,0,0.0894473597231018
383,202508,19,0,0.021039603960396,791.689393939394,991.746835443038,1.8611111111111112,0.0087796312554872,938.3447971781304,1178.2740213523132,2.5,0.0096308186195826,490.0631067961165,373.3441558441559,1.4967637540453074,0.0143097643097643,809.2903225806451,803.4020618556701,3.4465195246179965,0.004,1289.883534136546,1469.1566265060242,4.650602409638554,0.015256588072122,567.4606741573034,464.0677966101695,1.6151685393258426,0.0107655502392344,561.7683956574185,567.9272727272727,2.451145958986731,0.0062111801242236,777.9375,855.375,2.290625,0.0380313199105145,957.2242990654206,973.0555555555557,2.537383177570093,0.0119825708061002,835.0776053215078,727.1052631578947,3.035476718403548,0.0145482388973966,704.4339035769829,617.7018633540373,3.724727838258165,0.005700325732899,647.8690671031096,734.655737704918,3.438625204582652,0.0066152149944873,2001.467112597548,2319.1160220994475,5.03901895206243,0.0668329177057356,866.1670235546038,613.3831376734258,2.101713062098501,0.0065543071161048,1082.754752851711,1056.056074766355,3.102661596958175,0.0130057803468208,1134.0689149560117,1177.6315789473683,2.10850439882698,0.0171073094867807,775.2076677316294,918.9968652037618,3.846645367412141,0.007473841554559,832.4324324324324,899.0936555891238,2.6936936936936937,0.0351437699680511,939.671052631579,1191.6,3.0953947368421053,0.009557945041816,516.0048250904705,461.2545235223161,1.646562123039807,0.01323706377858,553.4963325183375,573.9513381995134,1.488997555012225,0.0076023391812865,627.981220657277,554.3431952662722,3.0950704225352115,0.0230991337824831,535.9921104536489,598.1102362204724,2.173570019723866,0.0088300220750551,799.8161434977578,892.8318584070796,2.65695067264574,0.0170523751522533,1046.916049382716,1224.0298507462687,2.592592592592593,0.0,708.7370786516854,646.3877551020408,2.152808988764045,0.0080285459411239,821.2230215827338,830.8273381294964,1.3992805755395683,0.0153256704980842,738.28125,520.6976744186046,2.16796875,0.0054869684499314,777.2817679558011,613.7190082644628,2.0828729281767955,0.0053285968028419,542.3404255319149,485.6115107913669,2.641843971631206,0.0244360902255639,932.96138996139,689.5384615384615,1.8416988416988416,0.0014204545454545,290.03125,276.4102564102564,0.7897727272727273,0.0,562.2794117647059,660.4444444444445,1.2169117647058822,0.0074074074074074,959.3697270471464,730.3241895261846,3.910669975186104,8,0,0,0.061695434089070744
384,202508,20,0,0.0197044334975369,1521.067331670823,1118.126582278481,3.14214463840399,0.0835579514824797,4989.7784431137725,4848.699421965318,3.764471057884232,0.0238284352660841,1221.3802588996764,1184.4844517184945,1.401294498381877,0.0065735414954806,792.3305785123966,677.7798013245033,2.6710743801652894,0.0140845070422535,1001.9512195121952,776.0655737704918,0.9715447154471544,0.0055401662049861,797.9140083217753,624.2517482517483,2.2871012482662967,0.0024968789013732,691.1807980049875,623.6683417085427,2.3329177057356607,0.009009009009009,1518.7272727272727,764.7272727272727,2.893939393939394,0.010443864229765,978.442105263158,719.1534391534392,1.668421052631579,0.013143483023001,1076.4326710816777,764.0625,2.739514348785872,0.0244648318042813,1764.3755942947705,1848.6511627906973,3.743264659270999,0.0073349633251833,850.6229508196722,813.6513157894736,3.963934426229508,0.0038546255506607,1132.2145251396648,1896.9584245076587,3.2525139664804468,0.0136501516683518,680.1243576567317,705.4601226993865,2.3504624871531345,0.0048266783677051,1024.4969108561345,972.5814977973567,2.685789938217123,0.0134943181818181,878.5988538681949,727.3719247467438,2.5630372492836675,0.0185758513931888,1265.8307210031348,1076.190476190476,1.3699059561128526,0.0060882800608828,1444.924012158055,1674.074074074074,3.1702127659574466,0.0269413629160063,914.1747572815534,843.344262295082,1.715210355987055,0.0052785923753665,660.1415094339623,666.3679245283018,1.4174528301886793,0.0060313630880579,557.3529411764706,888.8942307692307,1.536764705882353,0.0189003436426116,548.4615384615385,493.1929824561403,2.215617715617716,0.0245283018867924,779.4288461538462,862.9961089494163,2.3019230769230767,0.0205627705627705,1448.364835164835,1590.2133333333334,2.723076923076923,0.0096385542168674,1261.5652173913045,1126.3235294117646,1.9420289855072463,0.0011273957158962,1162.7239819004526,1323.09009009009,1.753393665158371,0.0103806228373702,779.3420593368237,868.1611208406305,1.469458987783595,0.0115384615384615,692.546511627907,600.234375,2.36046511627907,0.0054570259208731,1004.9071038251366,853.5537190082645,2.4726775956284155,0.0035523978685612,822.2142857142857,700.5693950177936,2.460714285714286,0.0148975791433892,1059.2781954887218,1060.380228136882,1.056390977443609,0.0086083213773314,356.5276967930029,331.1034482758621,0.6530612244897959,0.0074074074074074,2473.7703703703705,1599.248120300752,2.7444444444444445,0.0074074074074074,1444.168734491315,974.8129675810474,1.5632754342431765,1,0,0,0.11162037361346056
385,202508,21,0,0.0114942528735632,1419.013921113689,1021.3986013986014,5.366589327146172,0.0058708414872798,1213.2967640094712,1395.553809897879,2.132596685082873,0.0118499012508229,904.5161725067386,1167.6679841897233,3.964959568733154,0.0014419610670511,584.0794797687861,536.969696969697,3.758670520231214,0.0095238095238095,1047.1410256410256,933.2692307692308,2.7884615384615383,0.0043316831683168,1234.733830845771,1068.0745341614906,2.791044776119403,0.003399433427762,718.4469783352338,579.1836734693877,2.0615735461801594,0.0052562417871222,1361.8567639257294,1456.421052631579,3.119363395225464,0.0,1192.5,1400.7790697674418,1.058139534883721,0.0073068893528183,1006.1957894736842,693.90756302521,3.0126315789473685,0.0066577896138482,901.385752688172,1015.2673796791444,2.836021505376344,0.0069252077562326,1121.2708333333333,1194.873949579832,3.994444444444445,0.0062680810028929,865.7473275024296,1013.0813953488372,1.6277939747327503,0.0090579710144927,491.4794895168642,564.7754353803849,2.0027347310847765,0.0053701572688914,1060.3284502698534,960.1844135802468,2.428681572860447,0.0073937153419593,884.2024691358025,728.0149812734082,1.838271604938272,0.0082644628099173,1356.0642458100558,1359.6132596685084,3.446927374301676,0.0062421972534332,1470.5839598997493,1609.4206549118387,3.263157894736842,0.0082872928176795,612.6666666666666,689.4972067039106,1.5916666666666666,0.0035750766087844,618.0051177072671,540.3357289527721,1.541453428863869,0.0099818511796733,537.7049180327868,635.5350553505535,1.278688524590164,0.0129805292061907,508.00302724520685,399.8580121703854,1.7679112008072655,0.0138888888888888,486.5571177504394,308.57142857142856,2.558875219683656,0.0055299539170506,816.9186691312384,645.3401486988847,1.9297597042513863,0.0060240963855421,827.6217303822938,584.7870182555781,1.845070422535212,0.0019569471624266,825.73828125,825.9448818897638,1.287109375,0.0061601642710472,2345.263812154696,1861.401098901099,4.475138121546961,0.0194805194805194,925.5397350993378,828.476821192053,1.7847682119205297,0.0046674445740956,864.4918032786885,741.830985915493,2.594847775175644,0.003030303030303,887.6363636363636,788.4146341463414,1.8575757575757577,0.0041265474552957,1316.325,1697.3076923076924,5.130555555555556,0.0139664804469273,382.3835227272728,492.20338983050846,0.9545454545454546,0.0070298769771528,1349.085409252669,1118.8732394366198,2.629893238434164,0.0012376237623762,941.3672456575682,715.990099009901,2.163771712158809,1,0,0,0.08933551033881082
386,202508,22,0,0.0162412993039443,798.2682352941176,765.1063829787234,3.854117647058824,0.0057636887608069,937.6119402985074,885.8064516129032,2.453565505804312,0.0083740404745289,879.0607344632768,753.0715287517531,1.9533898305084745,0.0036737692872887,925.354074074074,694.977973568282,5.12,0.0064412238325281,1666.4188311688313,1648.9320388349515,6.003246753246753,0.0050536955148452,979.1855146124524,1030.1269035532996,2.554002541296061,0.0084080717488789,626.3825198637911,489.5945945945946,2.851305334846765,0.001310615989515,1321.5665796344647,1421.4775725593668,2.5169712793733683,0.0030395136778115,478.7926829268293,388.2439024390244,1.1890243902439024,0.0073606729758149,1180.8301486199575,977.1247357293868,3.564755838641189,0.017391304347826,1628.4380952380952,1988.4196185286105,4.336054421768708,0.0060514372163388,880.9924012158054,871.5548780487804,3.98176291793313,0.0023832221163012,776.21776504298,798.9866156787763,1.926456542502388,0.0147982062780269,994.2556869881712,991.5300546448088,3.3794358507734303,0.0027184466019417,934.93006993007,837.4707259953161,2.654234654234654,0.0117283950617283,838.53,677.7528089887641,2.085,0.005641748942172,1732.9714285714283,2338.1408450704225,5.38,0.0,1000.0511508951406,830.3324808184143,2.350383631713555,0.0202702702702702,845.5289256198347,744.8618784530387,2.0991735537190084,0.0066496163682864,587.0637204522096,642.4148606811145,1.957862281603289,0.006323396567299,827.3448275862069,906.8852459016392,1.9945553539019965,0.0075719333669863,788.9888438133875,602.5714285714286,2.6135902636916835,0.0137812230835486,621.8745644599303,718.9492119089317,3.362369337979094,0.0074418604651162,1040.7070895522388,1042.900188323917,2.2686567164179103,0.0240963855421686,898.6275720164609,796.9135802469136,2.4012345679012346,0.0029615004935834,1036.1881188118812,733.7326732673267,1.803960396039604,0.006338028169014,1949.2741477272727,2087.355021216408,4.142045454545454,0.0229508196721311,1191.543624161074,1042.1476510067114,2.25503355704698,0.0058207217694994,1054.6690140845071,749.018691588785,2.727699530516432,0.0,1120.1834862385322,1379.8136645962734,3.892966360856269,0.0110957004160887,1355.7619047619048,1540.4494382022472,5.201680672268908,0.0215343203230148,402.2947658402204,403.1868131868132,0.9917355371900828,0.0104895104895104,910.790780141844,897.4647887323944,3.092198581560284,0.007380073800738,880.997506234414,827.2906403940887,2.0124688279301743,1,0,0,0.1139789536385778
387,202508,23,0,0.0078125,857.2251308900524,948.7894736842104,3.769633507853403,0.0046750818139317,547.1830985915493,769.2293233082706,1.5107981220657276,0.0042625745950554,383.782905982906,360.8233276157805,1.8615384615384616,0.0036463081130355,601.279197080292,521.0642201834862,3.494525547445256,0.0118443316412859,1225.3413793103448,1534.8979591836735,4.672413793103448,0.0058394160583941,1031.6108663729808,1045.6387665198238,1.9309838472834069,0.0026455026455026,469.0317880794702,508.6852589641434,2.576158940397351,0.0060240963855421,1176.0,1221.090909090909,2.8484848484848486,0.0164473684210526,420.751677852349,387.2,0.6241610738255033,0.002680965147453,615.5614973262032,730.8648648648649,2.4197860962566846,0.0135891286970423,703.8325203252033,624.1357027463652,1.4617886178861788,0.0064464141821112,741.3452188006484,912.4675324675324,3.1896272285251217,0.0029673590504451,775.7907253269917,673.015494636472,3.2925089179548155,0.0087051142546245,531.0032967032967,614.8344298245614,2.878021978021978,0.0019617459538989,686.2080471050049,562.5216535433071,2.028459273797841,0.0092236740968485,830.5650154798761,706.0031104199066,1.7724458204334366,0.0028248587570621,2426.892045454545,2354.0677966101694,5.3664772727272725,0.001763668430335,524.3109540636042,566.9257950530035,1.9328621908127208,0.0206378986866791,643.9694656488549,538.8461538461538,1.9809160305343512,0.0070830650354153,790.9504563233377,807.483870967742,2.91264667535854,0.0076045627376425,555.0279187817259,684.6786632390746,1.880710659898477,0.004614370468029,579.2857142857143,490.9018567639257,2.593915343915344,0.0089285714285714,542.2574850299401,421.078313253012,4.167664670658683,0.0038167938931297,741.2327365728901,597.0918367346939,2.112531969309463,0.0153061224489795,943.2,753.7984496124031,1.9246753246753248,0.0013404825737265,690.1340482573727,599.1935483870968,1.4906166219839143,0.0089285714285714,2368.2714932126696,2206.995515695068,4.586726998491704,0.0158102766798418,1066.2096774193549,1154.4,1.189516129032258,0.0028169014084507,759.6101694915254,731.3559322033898,1.926553672316384,0.0097087378640776,577.4117647058823,356.7058823529412,2.3254901960784315,0.00814332247557,1684.7326732673268,1840.0,6.118811881188119,0.0072046109510086,453.43768115942026,450.1860465116279,0.8260869565217391,0.011049723756906,966.7827715355804,1425.111111111111,2.640449438202247,0.009765625,956.6929133858268,970.6719367588933,1.1456692913385826,8,0,0,0.07282902503107325
388,202508,24,0,0.0139211136890951,525.0915492957746,555.8490566037735,3.992957746478873,0.0066302652106084,853.8373919874313,1181.1616954474098,1.9183032207384128,0.007323568575233,861.1782841823057,878.496644295302,2.7386058981233243,0.0035765379113018,880.9314285714286,668.3116883116883,4.668571428571428,0.0031298904538341,997.6962025316456,1184.859813084112,3.132911392405063,0.004953560371517,776.8385093167702,713.2668329177058,3.311801242236025,0.0051078320090805,785.8618721461187,778.7001140250856,3.627853881278539,0.0104166666666666,873.3858267716536,804.3799472295515,3.606299212598425,0.0323624595469255,493.0134228187919,601.2,0.5436241610738255,0.0010626992561105,774.3589743589744,702.9661016949152,3.48931623931624,0.0053475935828877,539.6179624664879,535.2291105121294,1.126005361930295,0.0034674063800277,619.0692520775623,718.2377622377622,3.149584487534626,0.0019166267369429,618.732245681382,612.7377521613832,1.289827255278311,0.0045413260672116,889.1919561243144,892.24043715847,5.736745886654479,0.0038804811796662,873.2932917316692,815.8132295719844,2.278471138845554,0.0117647058823529,757.8533834586466,610.6766917293234,2.4536340852130327,0.0108843537414965,1103.107142857143,1191.0743801652893,4.637362637362638,0.0051480051480051,783.7209302325581,634.6632124352332,1.7571059431524547,0.018970189701897,658.6740331491712,816.2983425414365,2.6878453038674035,0.0118434603501544,838.006230529595,910.1673640167364,2.6064382139148496,0.0053380782918149,1461.9130434782608,1479.3286219081272,4.226449275362318,0.0091047040971168,1044.2415902140672,851.0429447852761,3.27217125382263,0.0060501296456352,776.8021015761822,704.7668393782384,3.688266199649737,0.007380073800738,515.482374768089,617.2067039106146,1.9109461966604824,0.0040281973816717,790.1693548387096,581.1359026369169,2.0725806451612905,0.0,843.310546875,626.2994129158512,1.849609375,0.0078791858174655,778.7082228116711,675.1387054161163,1.486737400530504,0.0194805194805194,626.9306930693069,448.1063122923588,1.7095709570957096,0.0081775700934579,913.488262910798,723.4042553191489,2.422535211267605,0.0030581039755351,1066.9325153374234,1186.7484662576687,2.5092024539877302,0.0013736263736263,924.202216066482,1248.688524590164,4.39612188365651,0.0099431818181818,355.54154727793696,479.13793103448273,0.6876790830945558,0.0070052539404553,1002.4787234042552,990.1052631578948,5.421985815602837,0.0027210884353741,567.2425068119891,442.2950819672131,2.656675749318801,10,0,0,0.038071837734440894
389,202508,25,0,0.0139697322467986,251.21698113207543,502.1276595744681,3.3443396226415096,0.0074288072637226,730.0688796680498,864.65,2.273029045643153,0.0188284518828451,1326.862716763006,1675.3006993006993,4.6531791907514455,0.0053557765876052,650.8832565284179,569.0292758089369,3.809523809523809,0.0016155088852988,653.1850649350649,580.258064516129,5.590909090909091,0.0057989690721649,487.2992227979275,399.455252918288,2.69300518134715,0.0121387283236994,670.9697674418604,606.4310954063604,3.309302325581396,0.0039840637450199,672.8342245989305,845.5851063829788,3.7459893048128334,0.0229885057471264,680.3117647058823,755.4,1.3941176470588237,0.0042689434364994,471.5203426124197,429.3991416309013,3.3511777301927195,0.0122448979591836,523.9752747252747,343.42541436464086,1.3516483516483515,0.0062208398133748,392.7335423197492,655.875,3.3448275862068964,0.0047318611987381,343.62010582010583,416.3924050632912,0.8328042328042328,0.0118775696665143,1629.5336405529954,1399.4248608534324,6.090322580645161,0.0007858546168958,616.9419607843138,748.8643533123028,2.1058823529411765,0.0179257362355953,407.8670143415906,352.02086049543675,2.122555410691004,0.0042553191489361,885.6410256410256,600.3418803418804,2.792022792022792,0.0051679586563307,665.4404145077721,498.59375,1.3031088082901554,0.0438829787234042,669.8333333333334,457.7715877437326,2.580555555555556,0.018450184501845,978.347027027027,1282.5400213447172,3.96,0.0064754856614246,883.0314232902033,886.9418386491557,3.8354898336414047,0.0046583850931677,987.2635416666668,660.809968847352,3.120833333333333,0.0054545454545454,822.0802919708029,872.7472527472528,3.372262773722628,0.0076481835564053,492.9555984555985,340.6,1.9806949806949807,0.0094637223974763,482.16101694915255,258.25531914893617,1.7733050847457628,0.0029702970297029,723.5517928286853,629.5841584158416,1.902390438247012,0.0084865629420084,493.2667617689016,452.3537803138374,1.5007132667617689,0.0135135135135135,374.3835616438356,370.6849315068493,1.6849315068493151,0.003562945368171,518.5837320574162,630.498812351544,2.437799043062201,0.0047393364928909,859.6190476190476,836.5714285714286,3.8190476190476192,0.0042194092827004,554.7102272727273,567.1348314606741,2.988636363636364,0.0211267605633802,425.8477011494253,338.7319884726225,1.089080459770115,0.0221843003412969,635.7612456747405,523.943661971831,4.027681660899654,0.0012376237623762,404.5161290322581,503.9108910891089,1.3200992555831266,10,0,0,0.049829546502757394
390,202508,26,0,0.0225281602002503,313.38461538461536,413.0946291560102,3.2666666666666666,0.0052933392148213,571.9308510638298,598.189884649512,2.1959219858156027,0.0116959064327485,417.32142857142856,433.8151260504202,2.3843537414965987,0.0026525198938992,419.69611307420496,353.80782918149464,3.23321554770318,0.0061475409836065,327.02479338842977,311.358024691358,1.3099173553719008,0.0072254335260115,348.14098837209303,296.06413994169094,2.252906976744186,0.0065061808718282,575.573663624511,456.2368421052632,2.9074315514993483,0.0017921146953405,434.7857142857143,407.87003610108303,3.45,0.027027027027027,624.9135802469136,691.4814814814815,0.6790123456790124,0.0078387458006718,386.0701357466064,263.2432432432432,3.097285067873304,0.0101167315175097,379.94827586206895,305.77287066246055,2.561128526645768,0.0018132366273798,307.69746376811594,337.9234972677596,3.096014492753623,0.0040509259259259,261.2050984936269,190.06993006993008,0.8690614136732329,0.0120945574491478,1651.126984126984,2136.5366120218578,9.312925170068027,0.0036663611365719,420.3810835629017,394.6728110599078,1.857667584940312,0.0397350993377483,277.1413210445468,259.35779816513764,2.3748079877112134,0.0031695721077654,270.81847133757964,413.7142857142857,2.3343949044585988,0.0076804915514592,455.8513931888545,436.53250773993807,1.563467492260062,0.0163666121112929,350.8737541528239,258.4,2.548172757475083,0.0176291793313069,549.3581164807931,471.99011124845487,3.023543990086741,0.0037641154328732,491.2121212121212,472.3115577889447,2.042929292929293,0.0084848484848484,727.3008526187576,678.920245398773,4.104750304506699,0.0041109969167523,598.1909650924025,551.6410788381743,3.482546201232033,0.0067491563554555,334.3477272727273,171.82618510158014,1.893181818181818,0.015056461731493,345.6479591836735,185.49618320610688,1.8137755102040816,0.0034482758620689,631.5655172413793,610.5555555555555,1.7701149425287357,0.0045662100456621,420.091743119266,384.11009174311926,1.4623853211009177,0.0216110019646365,280.2409638554217,348.43373493975906,1.6184738955823292,0.0041958041958041,484.5,489.6067415730337,2.441011235955056,0.009208103130755,482.8782287822878,396.6292134831461,2.099630996309964,0.0038387715930902,382.8725868725869,390.9230769230769,1.4633204633204633,0.0097357440890125,225.45505617977528,148.82022471910113,0.9101123595505618,0.0217785843920145,228.929889298893,287.46268656716416,3.339483394833948,0.0049627791563275,286.7164179104478,417.45,1.3507462686567164,8,0,0,0.07791006237407538
391,202508,27,0,0.0135635018495684,380.3582089552239,472.6130653266332,5.231343283582089,0.0039491004826678,440.9367311072056,514.6643109540636,1.7478031634446398,0.0040225261464199,353.10789049919487,467.0664505672609,1.784219001610306,0.0008539709649871,512.0068610634648,579.557069846678,4.015437392795883,0.004040404040404,230.2834008097166,180.4878048780488,1.0809716599190284,0.0070671378091872,362.44096728307255,276.4102564102564,2.0825035561877665,0.0031746031746031,463.3627075351213,478.856416772554,3.312899106002554,0.010590015128593,281.2844036697248,282.7522935779817,2.856269113149847,0.0126903553299492,522.974358974359,591.9278350515464,2.1384615384615384,0.0098792535675082,322.2172949002217,470.2882483370289,4.722838137472284,0.0068912710566615,356.9397217928903,409.10769230769233,1.5069551777434311,0.0041152263374485,310.7013201320132,535.4304635761589,2.966996699669967,0.0040114613180515,203.3524684270953,233.01038062283737,0.7393800229621125,0.0065822784810126,2250.90368852459,1644.4016227180527,6.875,0.0008818342151675,539.5711759504863,401.33920704845815,1.9920424403183024,0.0296028880866426,268.59732540861813,376.274217585693,1.799405646359584,0.0046875,446.1442006269593,770.0,1.1943573667711598,0.006060606060606,437.6939393939394,566.319018404908,2.5939393939393938,0.0190174326465927,389.126213592233,592.6451612903226,2.0097087378640777,0.0029761904761904,491.0859188544153,531.5412186379929,2.220763723150358,0.008433734939759,346.7647058823529,382.9879518072289,1.4730392156862746,0.0121739130434782,481.2705882352941,560.023419203747,3.034117647058824,0.0127077223851417,528.7351778656126,771.6666666666666,4.231225296442688,0.0044052863436123,347.3002207505519,554.2350332594235,1.9403973509933767,0.0121951219512195,398.24444444444447,296.2962962962963,1.7530864197530864,0.0011185682326621,489.3438202247191,404.0625,1.9617977528089887,0.0070052539404553,416.1971830985916,520.6007067137809,1.056338028169014,0.0077821011673151,380.859375,269.2913385826772,1.71875,0.0027397260273972,357.5780821917808,227.93388429752065,2.2986301369863016,0.0035778175313059,402.1505376344086,424.5323741007194,2.1577060931899643,0.0037174721189591,247.544776119403,424.0298507462687,1.0634328358208955,0.0072150072150072,247.43440233236151,146.7826086956522,0.6180758017492711,0.0055350553505535,320.6666666666667,267.4349442379182,1.7037037037037035,0.0012345679012345,305.1980198019802,373.4814814814815,0.9628712871287128,8,0,0,0.06665700106066064
392,202508,28,0,0.0275545350172215,3248.125890736342,2241.12676056338,4.843230403800475,0.1424581005586592,2212.2413461538463,2455.02254283138,4.278846153846154,0.0198150594451783,843.006729475101,925.4251012145749,1.572005383580081,0.0104633781763826,828.6216216216217,605.8358662613982,3.0285285285285286,0.0177419354838709,592.9411764705883,730.2970297029703,1.5359477124183007,0.0038119440914866,566.0178571428571,580.0255102040817,2.1517857142857144,0.0075757575757575,608.9694117647059,409.6600234466589,2.938823529411765,0.0131578947368421,690.8005319148937,468.7700534759358,3.1968085106382977,0.013477088948787,453.9398907103825,319.6065573770492,2.78688524590164,0.0106609808102345,951.9122055674518,892.1605206073752,3.841541755888651,0.031018206338503,918.7563025210084,880.0,2.372549019607843,0.0127388535031847,879.5769230769231,1108.8311688311687,2.896011396011396,0.0095592140201805,413.4475374732334,367.0247046186896,0.8319057815845824,0.0173278613771089,1439.8085901027075,1667.9889298892988,7.582633053221288,0.0043307086614173,782.9408517350158,792.1332275971452,2.7917981072555205,0.0222081218274111,795.4215938303342,659.2136304062909,2.685089974293059,0.052139037433155,782.0055710306407,727.7142857142857,1.5543175487465182,0.0157273918741808,967.7547683923706,1158.4375,2.517711171662125,0.0442953020134228,673.4831460674158,589.8876404494382,2.348314606741573,0.0089051859612362,746.811320754717,601.8550106609808,2.049266247379455,0.007380073800738,743.5009242144178,858.2803738317757,1.6414048059149722,0.0172151898734177,716.2422997946612,593.2988624612203,2.982546201232033,0.0192131747483989,751.1840148698885,709.438202247191,3.013011152416357,0.0201342281879194,961.1220930232558,975.8893280632412,2.781007751937985,0.0145228215767634,1085.9726890756303,827.3417721518987,2.619747899159664,0.0010131712259371,1096.2168674698796,1007.9508196721312,2.0261044176706826,0.0055904961565338,1108.8062234794909,1315.1396648044692,4.56011315417256,0.0262725779967159,732.1212121212121,680.6756756756756,1.494949494949495,0.0094674556213017,655.9856459330143,593.5560859188544,2.2464114832535884,0.0047393364928909,776.3694267515923,722.2784810126582,2.531847133757962,0.0095759233926128,602.9065934065934,666.1666666666666,2.521978021978022,0.015130674002751,296.0473537604457,187.7310924369748,0.5710306406685237,0.0240549828178694,652.1978798586572,705.6842105263158,3.049469964664311,0.0061957868649318,474.1091811414392,526.6165413533835,1.2084367245657568,1,0,0,0.09118852192043947
393,202508,29,0,0.0127167630057803,781.9156908665105,758.7822014051523,3.02576112412178,0.0542333203277409,1390.8331950207469,1532.2887612797374,2.328630705394191,0.0152116402116402,1168.338255033557,1197.983870967742,2.029530201342282,0.0053231939163498,838.7577160493827,798.6363636363636,4.253086419753086,0.0093896713615023,783.2278481012659,984.03785488959,1.7911392405063291,0.0025690430314707,1552.8567741935483,1138.2262210796914,3.4541935483870967,0.0034582132564841,522.8735498839907,507.47404844290656,3.541763341067285,0.0105680317040951,641.3404825737265,724.6276595744681,2.707774798927614,0.0029154518950437,463.766081871345,409.7076023391813,1.935672514619883,0.0126315789473684,963.7014925373136,1094.3283582089553,3.720682302771855,0.0240480961923847,1230.4904632152588,1179.8624484181569,2.638964577656676,0.0069252077562326,574.7086834733893,773.0833333333334,3.224089635854342,0.0041623309053069,578.1647549530761,509.9685863874345,1.1553701772679874,0.0147982062780269,1216.0873521383076,1317.9781420765028,5.4695177434030935,0.003526645768025,956.9708661417322,948.9238020424197,2.8866141732283466,0.0089743589743589,699.1593264248704,497.984496124031,1.8290155440414508,0.0410958904109589,935.2737752161383,1076.0906515580737,3.3112391930835736,0.0026041666666666,775.8987341772151,929.5956873315364,1.769620253164557,0.0329380764163372,776.25,633.6065573770492,1.4918478260869563,0.007265179034769,639.2039748953974,681.1912225705329,2.036610878661088,0.0035971223021582,633.763440860215,552.9818181818182,1.118279569892473,0.0086558044806517,682.5462012320329,715.5601233299075,3.013347022587269,0.0142857142857142,772.4909747292419,509.7818181818182,3.1805054151624548,0.0139664804469273,764.7126654064273,830.1490566037736,1.8620037807183365,0.0103092783505154,815.776397515528,800.0,1.5838509316770186,0.0009852216748768,912.717391304348,967.9133858267716,1.733201581027668,0.0041322314049586,942.3862068965516,901.9140083217752,2.3144827586206898,0.0214168039538715,552.7702702702703,573.0201342281879,1.537162162162162,0.009313154831199,476.0444964871194,593.066037735849,2.0163934426229506,0.0015384615384615,785.5384615384615,835.3703703703703,1.790769230769231,0.0136798905608755,759.3027777777778,741.1080332409972,2.763888888888889,0.0081743869209809,461.0931506849315,282.4793388429752,0.8082191780821918,0.0087412587412587,337.6241134751773,605.2631578947369,2.4078014184397163,0.0073982737361282,531.6733167082294,507.9207920792079,0.8952618453865336,1,0,0,0.041002102485649616
394,202508,30,0,0.0093333333333333,787.8686327077749,470.9189189189189,3.662198391420912,0.198090692124105,4806.408812729498,5154.785631517961,5.511627906976744,0.0256183745583038,1119.1480144404331,969.1712204007284,1.6805054151624548,0.0161904761904761,653.7311411992263,723.6046511627907,3.326885880077369,0.0331010452961672,796.7142857142857,1085.8909090909092,2.3892857142857142,0.0082150858849887,659.6042296072508,436.1261261261261,1.880664652567976,0.0185312285518188,759.9248956884562,529.282700421941,3.0876216968011128,0.0206896551724137,716.8197879858657,1247.3684210526317,2.8197879858657244,0.022801302931596,497.08,440.4,0.7133333333333334,0.0139860139860139,719.8107344632768,579.3162393162393,2.7033898305084745,0.0285714285714285,956.3575042158516,1169.748743718593,3.548060708263069,0.020971302428256,377.6351351351352,530.2483069977427,2.945945945945946,0.007361963190184,594.679802955665,476.0545905707196,0.9876847290640394,0.0142465753424657,1653.2330743618202,1368.9298440979956,5.877913429522753,0.0054267390231869,857.3998025666338,751.5254237288135,2.7877591312931886,0.0174326465927099,636.9305331179321,330.4347826086956,1.630048465266559,0.0284495021337126,1023.3586005830904,1132.764705882353,3.2740524781341107,0.0037383177570093,1288.3082706766918,1274.3820224719102,2.398496240601504,0.066543438077634,1090.7154150197628,779.7619047619048,1.7312252964426875,0.0171617161716171,725.2908847184987,823.6877523553163,2.121983914209116,0.0269576379974326,394.6937172774869,475.531914893617,1.4842931937172774,0.0188933873144399,735.1349862258953,613.6813186813187,2.5509641873278235,0.0301768990634755,739.1613588110404,755.7917570498915,3.1040339702760087,0.0309677419354838,1145.3803191489362,1056.96,2.5372340425531914,0.0249671484888304,679.5121951219512,443.485254691689,1.978319783197832,0.0097357440890125,1165.9635854341736,1086.0845070422536,2.11484593837535,0.0115473441108545,767.1591263650546,749.1135303265941,2.6318252730109206,0.0308641975308641,622.8205128205128,502.0253164556962,1.4444444444444444,0.0144927536231884,429.66765578635017,345.83090379008746,1.599406528189911,0.0061855670103092,743.360655737705,631.0084033613446,1.913934426229508,0.0101522842639593,900.9724137931034,968.542372881356,2.296551724137931,0.0099431818181818,615.2750716332379,517.4137931034483,0.7220630372492837,0.019927536231884,557.8081180811809,791.3333333333334,1.2140221402214022,0.0118110236220472,400.7142857142857,271.92,0.7658730158730159,1,0,0,0.11297431210633979
395,202508,31,0,0.0141388174807197,753.125,486.4229765013055,2.109375,0.0583845478489903,1659.531396438613,1728.4230055658627,3.294283036551078,0.010797342192691,897.8859060402684,734.6218487394958,2.1493288590604025,0.0104257167680278,530.8965517241379,447.7996422182469,3.981034482758621,0.0171755725190839,1016.953125,1438.6100386100386,2.5625,0.0057553956834532,502.16450216450215,487.4020319303338,1.9292929292929293,0.011042944785276,525.5970149253732,480.9653465346535,2.6082089552238807,0.0112540192926045,579.6774193548387,713.1147540983607,2.0064516129032257,0.0338983050847457,603.3566433566433,898.7323943661971,0.7832167832167832,0.0083732057416267,528.7864077669902,459.568345323741,3.5776699029126213,0.0223248652809853,1274.9529780564264,1185.0,1.6567398119122256,0.0091185410334346,704.6653144016227,479.62886597938143,3.843813387423935,0.0040674026728646,527.2131147540983,488.6511627906977,0.9976580796252928,0.0149793388429752,557.0977917981072,564.163179916318,2.302839116719243,0.0040286481647269,692.7762803234501,628.2194244604317,2.938903863432165,0.0104321907600596,486.68674698795184,507.2891566265061,1.4743975903614457,0.0162962962962962,1560.0,1951.3513513513512,3.43202416918429,0.0032679738562091,1251.5131578947369,1441.5686274509803,5.240131578947368,0.0292207792207792,492.0,477.5838926174497,1.5633333333333332,0.0097264437689969,594.4920440636475,539.4088669950739,2.0966952264381886,0.0129353233830845,648.8709677419355,670.0403225806451,1.4899193548387095,0.0220238095238095,455.4611650485437,540.0,2.203883495145631,0.0101317122593718,394.8024948024948,491.733870967742,2.64033264033264,0.0069204152249134,746.2763466042154,715.0230414746544,1.8032786885245904,0.0128055878928987,643.4433962264151,615.1415094339623,1.7169811320754718,0.0087173100871731,682.632911392405,649.6758104738154,1.9468354430379744,0.003810975609756,568.810975609756,841.6589861751152,1.5396341463414631,0.0463157894736842,441.6740088105727,619.3805309734513,2.017621145374449,0.0054347826086956,505.0406504065041,500.3305785123967,1.8780487804878048,0.009090909090909,689.7810218978102,849.7416974169741,2.6751824817518246,0.0,1026.6246056782334,1771.0153846153846,3.851735015772871,0.0168711656441717,226.6875,176.44859813084113,0.790625,0.0124333925399644,735.3237410071943,607.7697841726618,1.4064748201438848,0.002906976744186,817.6093294460642,618.3673469387755,2.746355685131195,8,0,0,0.040656566006727846
