,YYYYMM,DAY, EWRarr_delay, EWRair_delay, EWRdep_delay, EWRcount, EWRcx, EWRCX_rate,ZFWarr_delay,ZFWair_delay,ZFWdep_delay,ZFWcount,ZFWcx,ZFWCX_rate,ZABarr_delay,ZABair_delay,ZABdep_delay,ZABcount,ZABcx,ZABCX_rate,ZMParr_delay,ZMPair_delay,ZMPdep_delay,ZMPcount,ZMPcx,ZMPCX_rate, TPAarr_delay, TPAair_delay, TPAdep_delay, TPAcount, TPAcx, TPACX_rate,ZBWarr_delay,ZBWair_delay,ZBWdep_delay,ZBWcount,ZBWcx,ZBWCX_rate,ZSEarr_delay,ZSEair_delay,ZSEdep_delay,ZSEcount,ZSEcx,ZSECX_rate, PHLarr_delay, PHLair_delay, PHLdep_delay, PHLcount, PHLcx, PHLCX_rate,ZANarr_delay,ZANair_delay,ZANdep_delay,ZANcount,ZANcx,ZANCX_rate, DCAarr_delay, DCAair_delay, DCAdep_delay, DCAcount, DCAcx, DCACX_rate, IAHarr_delay, IAHair_delay, IAHdep_delay, IAHcount, IAHcx, IAHCX_rate, CLTarr_delay, CLTair_delay, CLTdep_delay, CLTcount, CLTcx, CLTCX_rate, ATLarr_delay, ATLair_delay, ATLdep_delay, ATLcount, ATLcx, ATLCX_rate,ZDVarr_delay,ZDVair_delay,ZDVdep_delay,ZDVcount,ZDVcx,ZDVCX_rate, ORDarr_delay, ORDair_delay, ORDdep_delay, ORDcount, ORDcx, ORDCX_rate,ZOBarr_delay,ZOBair_delay,ZOBdep_delay,ZOBcount,ZOBcx,ZOBCX_rate, MIAarr_delay, MIAair_delay, MIAdep_delay, MIAcount, MIAcx, MIACX_rate, AUSarr_delay, AUSair_delay, AUSdep_delay, AUScount, AUScx, AUSCX_rate, MDWarr_delay, MDWair_delay, MDWdep_delay, MDWcount, MDWcx, MDWCX_rate, LAXarr_delay, LAXair_delay, LAXdep_delay, LAXcount, LAXcx, LAXCX_rate, LASarr_delay, LASair_delay, LASdep_delay, LAScount, LAScx, LASCX_rate,ZOAarr_delay,ZOAair_delay,ZOAdep_delay,ZOAcount,ZOAcx,ZOACX_rate,ZLCarr_delay,ZLCair_delay,ZLCdep_delay,ZLCcount,ZLCcx,ZLCCX_rate,ZMEarr_delay,ZMEair_delay,ZMEdep_delay,ZMEcount,ZMEcx,ZMECX_rate,ZIDarr_delay,ZIDair_delay,ZIDdep_delay,ZIDcount,ZIDcx,ZIDCX_rate,ZKCarr_delay,ZKCair_delay,ZKCdep_delay,ZKCcount,ZKCcx,ZKCCX_rate, MCOarr_delay, MCOair_delay, MCOdep_delay, MCOcount, MCOcx, MCOCX_rate, BWIarr_delay, BWIair_delay, BWIdep_delay, BWIcount, BWIcx, BWICX_rate, IADarr_delay, IADair_delay, IADdep_delay, IADcount, IADcx, IADCX_rate, SANarr_delay, SANair_delay, SANdep_delay, SANcount, SANcx, SANCX_rate, FLLarr_delay, FLLair_delay, FLLdep_delay, FLLcount, FLLcx, FLLCX_rate,ZHNarr_delay,ZHNair_delay,ZHNdep_delay,ZHNcount,ZHNcx,ZHNCX_rate, JFKarr_delay, JFKair_delay, JFKdep_delay, JFKcount, JFKcx, JFKCX_rate, LGAarr_delay, LGAair_delay, LGAdep_delay, LGAcount, LGAcx, LGACX_rate
0,202401,1,487.5352112676056,2.191549295774648,416.60056657223794,708,1.0,0.0014104372355430183,473.729203539823,1.7300884955752212,481.7886178861789,2237,11.0,0.004893238434163701,406.3244680851064,2.466755319148936,414.3426294820717,1505,9.0,0.0059445178335535,417.5130434782609,2.119565217391304,387.6724137931034,924,4.0,0.004310344827586207,553.6140939597316,0.8523489932885906,799.5254237288135,593,0.0,0.0,796.2054263565891,2.6705426356589146,688.3529411764706,1026,3.0,0.0029154518950437317,942.963133640553,3.482334869431644,805.925925925926,1299,56.0,0.041328413284132844,889.047619047619,2.865079365079365,786.9047619047619,504,0.0,0.0,666.9767441860465,4.465116279069767,842.7906976744187,86,0.0,0.0,435.6441717791411,3.561349693251534,471.6149068322981,648,1.0,0.0015408320493066256,352.1079258010118,1.7622259696458684,453.2773109243698,1188,1.0,0.0008410428931875525,543.8326923076924,2.853846153846154,626.6924564796906,1037,3.0,0.0028846153846153848,328.6984785615491,0.8589211618257261,403.47945205479454,1453,6.0,0.00411240575736806,401.3151950718686,2.8747433264887063,581.4723926380368,1952,2.0,0.0010235414534288639,429.9577804583836,1.7177322074788903,358.6893203883496,1653,5.0,0.0030156815440289505,683.3427419354839,2.068548387096774,624.3373493975904,994,6.0,0.006,496.2367864693446,2.1331923890063424,814.3396226415094,950,0.0,0.0,417.5476839237057,2.0136239782016347,476.8508287292818,729,3.0,0.004098360655737705,395.9197324414716,2.919732441471572,576.6777408637873,600,1.0,0.0016638935108153079,249.38156359393236,1.807467911318553,291.2689173457509,1716,12.0,0.006944444444444444,390.0584795321637,0.9337231968810916,385.019305019305,1031,2.0,0.001936108422071636,272.93023255813955,1.694186046511628,348.6936416184971,1725,6.0,0.0034662045060658577,277.741935483871,1.463133640552995,440.7852193995381,867,12.0,0.013651877133105802,455.8316582914573,2.253768844221105,501.47014925373134,800,5.0,0.006211180124223602,438.2758620689655,1.942528735632184,210.17441860465115,692,3.0,0.004316546762589928,351.3219895287958,1.882198952879581,340.2965879265092,763,2.0,0.00261437908496732,584.5688350983359,1.3328290468986383,897.7238239757207,1320,0.0,0.0,540.5055762081785,1.4944237918215613,884.776119402985,537,5.0,0.00922509225092251,554.6631944444445,3.1875,492.0833333333333,576,1.0,0.0017331022530329288,384.11,1.8133333333333328,424.2,600,5.0,0.008264462809917356,550.1037527593819,3.0838852097130243,852.3076923076923,921,2.0,0.0021668472372697724,348.8020304568528,1.233502538071066,380.9620253164557,789,0.0,0.0,794.320987654321,3.1440329218106995,577.0731707317074,489,5.0,0.010121457489878543,423.0901287553648,2.0343347639484977,545.3617021276596,468,0.0,0.0
1,202401,2,767.3282442748092,1.727735368956743,648.0916030534352,786,4.0,0.005063291139240506,661.3720538720539,1.6094276094276094,776.9722455845248,2377,14.0,0.005855290673358427,688.9492385786803,1.8705583756345177,813.7974683544304,1578,8.0,0.005044136191677175,457.7943925233645,2.302803738317757,529.1932457786116,1068,1.0,0.0009354536950420954,597.077380952381,1.0535714285714286,586.7065868263473,670,2.0,0.002976190476190476,970.1958405545928,1.9670710571923744,790.7876712328767,1161,2.0,0.0017196904557179708,809.0969529085872,3.301939058171745,706.7768595041322,1448,49.0,0.032732130928523714,971.6814814814816,2.103703703703704,803.4686346863468,541,3.0,0.0055147058823529415,363.6781609195402,1.057471264367816,317.4418604651163,173,38.0,0.18009478672985782,612.9639889196676,1.7922437673130194,511.73553719008265,724,1.0,0.001379310344827586,652.1005917159763,2.3195266272189348,806.3001485884101,1349,4.0,0.0029563932002956393,583.639344262295,2.0131147540983605,661.6776315789474,1218,6.0,0.004901960784313725,430.1271676300578,0.6208092485549133,488.0184331797235,1733,5.0,0.0028768699654775605,529.7748015873016,2.5595238095238093,647.9640718562874,2010,4.0,0.0019860973187686196,396.088,1.52,394.9367088607595,1744,2.0,0.001145475372279496,644.0862068965517,1.5775862068965518,480.0,1155,0.0,0.0,802.3228346456693,1.375984251968504,1147.588932806324,1014,1.0,0.0009852216748768472,1401.8009950248756,8.477611940298507,1295.93984962406,801,2.0,0.0024906600249066002,565.4769230769231,3.1569230769230767,525.5487804878048,653,3.0,0.004573170731707317,676.3038793103449,3.0905172413793105,667.5565123789021,1857,11.0,0.005888650963597431,458.3681214421253,1.71157495256167,552.865275142315,1054,12.0,0.01125703564727955,907.695652173913,4.58804347826087,754.0065146579805,1841,23.0,0.012339055793991416,844.7216890595009,3.63531669865643,714.8936170212766,1038,4.0,0.003838771593090211,574.6870588235294,1.5011764705882351,525.5953488372093,855,4.0,0.004656577415599534,633.022113022113,1.7125307125307123,462.8776978417266,824,12.0,0.014354066985645933,477.0805687203791,1.829383886255924,399.565011820331,845,3.0,0.003537735849056604,710.4095112285337,1.2681638044914134,762.5196850393701,1519,8.0,0.005239030779305829,633.1358885017422,1.0975609756097562,909.8257839721256,574,3.0,0.005199306759098787,515.0971786833856,1.7648902821316614,365.776397515528,641,3.0,0.004658385093167702,721.3128834355829,2.3466257668711656,918.5975232198142,649,7.0,0.010670731707317074,1043.1379962192816,2.217391304347826,1001.2854442344044,1058,2.0,0.0018867924528301887,622.7584415584415,0.8883116883116883,854.0625,769,5.0,0.006459948320413436,1031.1787072243346,3.866920152091255,847.6447876447877,522,2.0,0.003816793893129771,626.2093862815884,0.9891696750902528,663.3088235294117,549,0.0,0.0
2,202401,3,384.43187660668383,1.948586118251928,638.3505154639175,777,5.0,0.00639386189258312,738.7337328767123,2.568493150684932,727.5384615384615,2338,17.0,0.007218683651804671,977.1348897535668,2.5071335927367056,796.3849154746424,1540,10.0,0.0064516129032258064,525.4150197628459,3.1699604743083003,626.205533596838,1012,3.0,0.002955665024630542,732.1518987341772,1.2531645569620251,506.1198738170347,633,0.0,0.0,924.2767857142856,2.880357142857143,702.8108108108108,1115,6.0,0.0053523639607493305,807.871104815864,3.3045325779036827,993.7980085348506,1409,25.0,0.017433751743375175,898.6259541984733,2.572519083969466,457.3282442748092,524,0.0,0.0,451.8144329896907,0.8865979381443299,300.6122448979592,195,28.0,0.12556053811659193,426.053412462908,3.3679525222551927,499.1150442477877,676,2.0,0.0029498525073746312,659.6172248803828,2.1578947368421053,648.0191693290735,1253,8.0,0.006344171292624901,654.4810996563574,2.857388316151203,683.4827586206897,1162,7.0,0.005988023952095809,551.5129151291513,1.2373923739237391,546.6502463054187,1625,4.0,0.0024554941682013503,773.7532338308457,3.2208955223880595,811.7872763419483,2011,6.0,0.002974714923153198,549.3417431192661,2.2844036697247705,678.1443298969073,1745,9.0,0.005131128848346636,596.5607142857143,2.7017857142857142,540.6474820143885,1116,2.0,0.0017889087656529517,874.625,1.6375,941.3278008298756,962,3.0,0.0031088082901554403,595.2755905511812,2.9816272965879267,630.7853403141361,763,7.0,0.00909090909090909,563.047619047619,3.5047619047619047,862.0754716981132,633,4.0,0.006279434850863423,767.0309734513274,2.936946902654867,1155.530973451327,1808,11.0,0.006047278724573941,685.0,3.317829457364341,1049.2456479690522,1033,3.0,0.0028957528957528956,624.7651006711409,3.2762863534675617,783.8926174496644,1788,7.0,0.0038997214484679664,558.5029702970297,2.605940594059406,625.7312252964427,1011,6.0,0.0058997050147492625,553.9762470308789,1.7339667458432304,625.4454976303317,843,11.0,0.01288056206088993,654.9685039370079,1.753280839895013,651.6753926701571,763,5.0,0.006510416666666667,659.2222222222222,2.071604938271605,621.935960591133,811,4.0,0.0049079754601227,754.3448275862069,1.733793103448276,771.6897506925208,1447,12.0,0.00822481151473612,487.1480144404332,1.1046931407942238,968.63309352518,555,3.0,0.005376344086021506,598.2112211221122,2.254125412541254,592.0360655737705,608,5.0,0.008156606851549755,761.1980519480519,2.727272727272727,561.038961038961,616,2.0,0.003236245954692557,735.8015267175573,1.967557251908397,883.2183908045977,1046,4.0,0.0038095238095238095,698.3746835443038,1.678481012658228,614.9318181818181,791,8.0,0.010012515644555695,1060.2439024390244,4.7682926829268295,710.0806451612904,494,7.0,0.013972055888223553,548.1685823754789,2.160919540229885,537.4615384615385,521,2.0,0.0038240917782026767
3,202401,4,380.5721784776903,2.228346456692913,344.251968503937,762,3.0,0.00392156862745098,894.6230269266481,2.8412256267409477,772.7932960893854,2151,85.0,0.03801431127012522,775.1732394366197,5.647887323943662,678.4550561797753,1422,60.0,0.04048582995951417,441.6871401151632,4.046065259117083,377.6538461538461,1041,4.0,0.003827751196172249,455.8032786885246,1.5639344262295083,587.4098360655738,610,0.0,0.0,470.2859848484849,3.477272727272727,614.9152542372881,1059,2.0,0.001885014137606032,509.4921316165952,3.203147353361945,548.7784090909091,1403,15.0,0.010578279266572637,606.7003891050583,3.785992217898833,534.3968871595331,514,3.0,0.005802707930367505,1294.6960784313726,1.0784313725490196,1199.3877551020407,200,34.0,0.1452991452991453,412.1981424148607,2.318885448916409,400.6811145510836,646,4.0,0.006153846153846154,543.1987075928918,3.234248788368336,648.0193236714975,1240,13.0,0.010375099760574621,425.5009784735812,3.923679060665362,516.4705882352941,1021,10.0,0.009699321047526674,480.8118081180812,0.8622386223862238,416.2268803945746,1624,7.0,0.004291845493562232,769.8135080645161,3.7056451612903225,823.2064451158107,1985,21.0,0.010468594217347957,488.14051522248246,1.648711943793911,551.0877192982456,1709,6.0,0.003498542274052478,464.5157699443414,1.697588126159555,444.0665434380776,1080,4.0,0.0036900369003690036,461.39630390143736,2.2751540041067764,686.9135802469136,973,1.0,0.001026694045174538,684.6112600536193,2.29490616621984,718.56,748,5.0,0.006640106241699867,452.53246753246754,3.0064935064935066,618.1168831168832,616,1.0,0.0016207455429497568,403.21259842519686,2.229471316085489,476.6817155756208,1775,15.0,0.008379888268156424,298.57142857142856,1.1135531135531136,399.6330275229358,1091,11.0,0.009981851179673321,305.0,1.990990990990991,328.88638920134986,1777,14.0,0.007816862088218872,535.5952380952381,2.9325396825396823,594.1782178217821,1009,2.0,0.0019782393669634025,417.1259079903148,2.3365617433414045,666.3768115942029,827,5.0,0.006009615384615385,494.03208556149735,1.502673796791444,462.6063829787234,750,5.0,0.006622516556291391,429.9328358208956,2.174129353233831,470.9181141439206,805,6.0,0.007398273736128237,510.4957264957265,2.141025641025641,556.824034334764,1401,7.0,0.004971590909090909,397.44525547445255,1.5766423357664234,650.3649635036496,548,3.0,0.0054446460980036296,720.5604026845638,2.0704697986577183,634.1414141414141,595,0.0,0.0,403.6384364820847,2.3094462540716614,317.198697068404,614,2.0,0.003246753246753247,309.1463414634146,2.410569105691057,488.98785425101215,986,0.0,0.0,381.2741116751269,1.4898477157360406,502.7480916030534,787,31.0,0.037897310513447434,623.0973451327434,2.915929203539823,590.6666666666666,451,0.0,0.0,377.04545454545456,1.4659090909090908,546.6923076923077,524,1.0,0.0019047619047619048
4,202401,5,303.51063829787233,1.9893617021276595,497.1883289124668,753,4.0,0.005284015852047556,820.6530989824237,3.0730804810360777,594.7826086956521,2162,20.0,0.00916590284142988,471.05314685314687,2.423776223776224,481.927374301676,1431,8.0,0.005559416261292564,312.3495145631068,3.5262135922330096,300.46783625730995,1028,4.0,0.003875968992248062,420.3921568627451,1.1797385620915033,463.52941176470586,612,4.0,0.006493506493506494,607.7853107344632,2.465160075329567,524.6037735849056,1061,3.0,0.002819548872180451,548.65625,3.9119318181818175,687.9148936170212,1409,20.0,0.013995801259622114,418.5992217898833,2.727626459143969,586.692607003891,514,2.0,0.003875968992248062,1470.6224489795918,1.1122448979591837,1003.52,198,27.0,0.12,399.3220858895705,2.754601226993865,555.6441717791411,652,1.0,0.0015313935681470138,799.2926045016077,4.609324758842444,889.1171749598716,1245,5.0,0.004,603.3210116731517,2.9007782101167314,657.5533980582525,1029,4.0,0.003872216844143272,358.1670761670762,1.28009828009828,244.6266829865361,1631,6.0,0.0036652412950519244,500.5318725099602,3.7320717131474095,547.2310756972112,2008,8.0,0.003968253968253968,433.010752688172,1.95221027479092,370.4191616766467,1672,13.0,0.00771513353115727,423.8529945553539,1.5862068965517242,656.0940325497288,1104,5.0,0.004508566275924256,553.3195020746888,1.3485477178423235,537.006237006237,963,0.0,0.0,662.24,3.1253333333333333,770.2659574468086,751,5.0,0.006613756613756613,401.03225806451616,6.464516129032258,376.8387096774193,620,1.0,0.001610305958132045,441.3882618510158,2.851015801354402,499.1431792559188,1773,14.0,0.00783435926133184,513.4065934065934,1.4945054945054943,505.2919708029197,1094,8.0,0.007259528130671506,485.47297297297297,2.4076576576576576,410.4269662921348,1778,11.0,0.006148686416992733,540.943025540275,2.7111984282907664,491.1242603550296,1016,7.0,0.006842619745845552,662.8571428571429,4.670702179176756,501.3801452784504,826,11.0,0.013142174432497013,330.63157894736844,1.4710526315789474,467.7127659574468,756,5.0,0.006570302233902759,493.9113300492611,3.1822660098522166,588.4729064039409,812,3.0,0.0036809815950920245,639.915611814346,1.8424753867791843,644.1525423728814,1419,2.0,0.0014074595355383533,244.3956043956044,1.0805860805860803,449.45054945054943,546,0.0,0.0,619.6,2.333333333333333,426.4214046822743,599,1.0,0.0016666666666666668,331.2792207792208,2.0844155844155843,398.89250814332246,615,6.0,0.00966183574879227,518.483606557377,1.805327868852459,796.219512195122,980,1.0,0.0010193679918450561,274.6839506172839,1.3950617283950617,355.2238805970149,807,11.0,0.013447432762836185,643.3183856502242,3.62780269058296,819.0950226244344,444,3.0,0.006711409395973154,465.3435114503817,1.8893129770992367,583.2824427480916,524,1.0,0.0019047619047619048
5,202401,6,1871.921212121212,2.212121212121212,1203.9009287925696,653,121.0,0.15633074935400518,1122.6468952734012,2.7136237256719182,891.6033364226136,2158,36.0,0.016408386508659983,1053.29,2.887142857142857,899.3142857142857,1400,37.0,0.025748086290883786,1058.2627118644068,4.646186440677966,729.0947368421052,947,20.0,0.020682523267838676,1346.586092715232,3.658940397350993,1341.1295681063125,603,16.0,0.025848142164781908,1753.0983606557377,4.508196721311475,1350.6776180698153,914,152.0,0.1425891181988743,1015.5510204081633,2.346938775510204,996.6950596252128,1175,173.0,0.12833827893175073,1610.886075949367,3.409282700421941,1234.5064377682404,470,34.0,0.06746031746031746,1813.5625,1.425,1005.5696202531644,159,35.0,0.18041237113402062,1088.34,3.33,816.5217391304348,599,27.0,0.04313099041533546,1231.9408502772644,3.031423290203328,1075.6826568265683,1083,40.0,0.03561887800534283,1908.4166666666667,7.050724637681159,1746.7513611615243,1103,47.0,0.0408695652173913,939.0106666666668,2.506666666666667,773.6220472440945,1512,17.0,0.011118378024852845,805.9321468298109,3.2591768631813127,1050.507328072153,1786,42.0,0.022975929978118162,1393.190781049936,2.820742637644046,1594.2746113989638,1553,120.0,0.07172743574417215,1190.386274509804,2.2137254901960786,1206.6011787819257,1019,52.0,0.04855275443510738,1787.0898203592817,4.209580838323354,1742.938775510204,991,29.0,0.028431372549019607,1227.588424437299,3.369774919614148,816.1538461538462,623,14.0,0.02197802197802198,1316.190476190476,3.611111111111111,1258.08,502,9.0,0.01761252446183953,889.7831800262812,3.0367936925098555,801.078947368421,1521,48.0,0.030592734225621414,879.6796338672768,2.059496567505721,765.7787810383747,880,22.0,0.024390243902439025,1292.6582278481012,6.454289732770746,1107.1875,1415,91.0,0.06042496679946879,1023.110151187905,4.282937365010799,833.3190578158458,930,11.0,0.011689691817215728,1229.7540983606557,3.489071038251366,1400.6170798898072,729,12.0,0.016194331983805668,1094.1076487252124,2.444759206798867,794.2372881355932,707,20.0,0.027510316368638238,1295.991097922849,2.85459940652819,903.643504531722,668,19.0,0.027656477438136828,1516.542735042735,2.6623931623931623,1380.0,1398,46.0,0.03185595567867036,923.8862559241708,2.1943127962085307,1442.8169014084508,424,52.0,0.1092436974789916,1448.3007518796992,5.289473684210527,1226.9662921348315,533,52.0,0.08888888888888889,1089.140625,2.44921875,821.0276679841897,509,31.0,0.05740740740740741,2429.7628458498025,6.320158102766799,2070.714285714286,1010,26.0,0.025096525096525095,422.0282051282051,1.9666666666666663,474.6736292428199,773,56.0,0.06755126658624849,1590.8333333333333,5.671296296296297,1596.9444444444443,432,31.0,0.06695464362850972,1177.0044052863436,3.20704845814978,1085.945945945946,449,6.0,0.013186813186813187
6,202401,7,627.0,2.1049562682215743,1185.5113636363635,695,109.0,0.13557213930348258,1120.5865633074936,2.2549526270456504,888.824034334764,2326,36.0,0.015241320914479255,1723.8887417218543,4.288741721854304,1351.345646437995,1513,38.0,0.024500322372662798,881.5636363636364,2.42,909.2307692307692,1096,12.0,0.010830324909747292,1406.549019607843,2.6143790849673203,936.1967213114754,611,19.0,0.03015873015873016,4472.953815261044,18.971887550200805,3854.135321100917,934,478.0,0.3385269121813031,1205.1697819314645,2.7725856697819315,1272.9042386185242,1279,174.0,0.11975223675154852,1860.4780876494024,3.641434262948207,1576.7441860465117,509,37.0,0.06776556776556776,2228.7804878048782,0.6341463414634146,2126.6666666666665,163,22.0,0.11891891891891893,1160.212201591512,3.56498673740053,1261.1052631578948,757,59.0,0.07230392156862746,1137.049180327869,2.7442622950819677,934.9342105263158,1218,78.0,0.06018518518518518,917.60441426146,3.4533106960950763,965.3989813242785,1178,29.0,0.024026512013256007,838.7549591598599,1.690781796966161,597.3239436619718,1709,32.0,0.018380241240666284,995.2583333333332,3.3625,1611.6494845360826,1930,99.0,0.04879250862493839,1164.0856807511736,2.257042253521127,982.7441860465116,1712,99.0,0.054665930425179456,1155.0814159292036,2.223008849557522,1067.3519163763067,1139,61.0,0.050833333333333335,1234.4654088050315,3.870020964360587,1517.7130977130978,958,53.0,0.05242334322453017,1065.2770448548813,1.9868073878627968,1038.095238095238,757,17.0,0.021963824289405683,780.1980198019802,3.603960396039604,969.2903225806452,613,11.0,0.017628205128205128,1076.9737742303307,3.5940706955530217,1088.4439359267735,1751,66.0,0.03632361034672537,922.1052631578948,1.3629764065335752,873.5483870967741,1109,27.0,0.023767605633802816,944.4730679156908,2.268149882903981,846.9964664310954,1703,106.0,0.058595909342177996,1380.338056680162,4.923076923076923,1408.2897384305836,991,11.0,0.010978043912175649,853.6181818181818,2.340909090909091,846.9862700228833,877,25.0,0.02771618625277162,983.520304568528,2.368020304568528,732.0304568527919,788,32.0,0.03902439024390244,936.4237288135594,2.704600484261501,961.1253012048192,828,18.0,0.02127659574468085,1522.9137199434228,2.5544554455445545,1343.2203389830509,1415,86.0,0.05729513657561625,963.515625,1.80078125,1241.1627906976744,514,60.0,0.10452961672473868,883.9195804195804,2.5664335664335662,824.4755244755245,572,48.0,0.07741935483870968,1020.6082474226804,2.006872852233677,725.6756756756756,587,38.0,0.0608,2024.5569620253164,3.7236286919831225,1992.5987525987523,955,88.0,0.08437200383509108,506.9188481675393,1.0785340314136125,900.0,764,42.0,0.052109181141439205,1364.5384615384614,4.588461538461538,1481.4671814671815,519,38.0,0.06822262118491922,1064.355828220859,4.220858895705521,1126.4634146341464,654,42.0,0.0603448275862069
7,202401,8,944.287323943662,1.9943661971830984,787.3925501432665,704,88.0,0.1111111111111111,4267.824144486692,16.247148288973385,3758.705882352941,2072,428.0,0.1712,1314.5575589459086,3.608876560332871,1124.0389972144849,1439,67.0,0.04448871181938911,1237.5289575289576,5.005791505791506,822.3938223938223,1036,33.0,0.03086997193638915,1787.0383275261324,2.867595818815331,1365.3559322033898,582,50.0,0.07911392405063292,919.0439367311072,3.4235500878734624,1420.7132867132866,1141,55.0,0.04598662207357859,1203.4934426229509,3.504918032786885,1211.4332247557004,1224,178.0,0.12696148359486448,856.4322344322344,3.1794871794871797,624.8727272727273,548,8.0,0.014388489208633094,1661.857142857143,0.5054945054945055,1323.956043956044,182,32.0,0.14953271028037382,1214.014598540146,3.97323600973236,781.6019417475728,823,15.0,0.017899761336515514,6991.589648798521,34.77264325323475,6024.624277456647,1060,419.0,0.28329952670723463,730.7910958904109,3.1952054794520546,877.0648464163822,1170,18.0,0.015151515151515152,1423.8953771289537,3.1715328467153285,787.1970624235006,1639,40.0,0.023823704586063133,1433.323593073593,4.735930735930736,1474.6278317152105,1851,155.0,0.07726819541375872,1238.0820265379975,3.2340168878166464,1201.198589894242,1680,99.0,0.05564924114671164,1074.22,2.0016666666666665,641.5228426395939,1191,44.0,0.03562753036437247,1583.421052631579,3.008771929824561,1241.1842105263158,912,48.0,0.05,2962.5705329153607,14.952978056426332,2150.2114803625377,650,80.0,0.1095890410958904,1386.832740213523,4.341637010676156,927.6923076923076,567,22.0,0.03735144312393888,931.9270588235294,2.690588235294117,688.7632508833922,1699,85.0,0.0476457399103139,1211.0091743119267,1.7137614678899082,885.0281425891181,1078,63.0,0.05521472392638037,1091.8104495747266,2.600243013365735,728.7378640776699,1647,127.0,0.07158962795941376,887.4418604651163,2.380549682875264,855.6631578947369,948,21.0,0.021671826625386997,1696.8233766233766,3.7818181818181817,1778.560411311054,774,87.0,0.10104529616724739,1133.1051344743275,1.9926650366748169,1074.2028985507247,823,27.0,0.03176470588235294,1752.1536388140162,7.080862533692723,1437.4603174603174,749,87.0,0.10406698564593302,1443.6440422322776,1.9924585218702864,1258.920539730135,1330,70.0,0.05,1097.9352226720648,1.736842105263158,744.390243902439,493,18.0,0.03522504892367906,1206.311418685121,4.013840830449827,904.1379310344828,579,60.0,0.09389671361502347,1085.2635379061371,2.819494584837545,944.9454545454546,552,65.0,0.1053484602917342,1306.8261802575107,2.703862660944206,1220.251572327044,943,45.0,0.04554655870445344,2097.174603174604,3.767195767195767,1870.026525198939,755,33.0,0.04187817258883249,1115.9036144578313,2.8393574297188757,1211.5748031496064,503,16.0,0.030828516377649325,1124.4031830238728,3.477453580901857,950.8943089430894,746,19.0,0.02483660130718954
8,202401,9,2366.5889212827988,9.48396501457726,1627.97783933518,704,162.0,0.18706697459584296,4135.277599142551,3.440514469453376,2955.35457348407,1906,343.0,0.15251222765673633,1466.9788273615636,2.218241042345277,1149.4685990338164,1235,73.0,0.05581039755351682,1919.718969555035,3.3138173302107727,2481.8052256532064,848,135.0,0.1373346897253306,3816.169491525424,16.652542372881356,3673.3333333333335,470,113.0,0.19382504288164665,2262.9388185654007,7.208860759493671,1096.341948310139,977,239.0,0.19654605263157895,1465.4883303411132,4.087971274685817,1166.2431941923776,1108,140.0,0.11217948717948718,2697.920353982301,10.761061946902656,2126.877828054299,447,97.0,0.17830882352941177,1360.7157894736845,1.305263157894737,1244.842105263158,190,23.0,0.107981220657277,2795.454545454545,9.769886363636363,1630.5982905982903,703,334.0,0.32208293153326906,2761.466165413534,3.701127819548872,3343.097014925373,1068,218.0,0.16951788491446346,4520.265957446809,13.861702127659576,4926.40522875817,929,267.0,0.22324414715719063,5623.158301158302,22.36936936936937,4686.658064516129,1552,171.0,0.09924550203134068,1606.7924528301887,2.772327044025157,1642.462311557789,1591,123.0,0.07176196032672112,4096.916299559472,6.622613803230544,3062.290076335878,1336,506.0,0.2747014115092291,2841.1439688715955,5.108949416342412,2115.232558139535,1030,170.0,0.14166666666666666,3288.958837772397,5.062953995157385,3540.625,797,208.0,0.20696517412935322,1941.7275747508304,2.654485049833887,2046.158940397351,603,69.0,0.10267857142857142,2736.4144144144143,6.112612612612613,2069.3087557603685,439,135.0,0.23519163763066203,1351.142671854734,3.4448767833981844,902.7166882276844,1544,92.0,0.05623471882640587,1397.6712328767123,1.8744292237442923,1051.5575620767495,881,59.0,0.0627659574468085,1580.557103064067,3.671309192200557,771.4285714285714,1432,103.0,0.06710097719869706,2095.250580046404,7.51508120649652,1930.858468677494,862,20.0,0.022675736961451247,2933.2949852507377,4.315634218289086,2981.7629179331307,668,123.0,0.1554993678887484,2614.9859154929577,5.425352112676056,1623.3898305084747,709,91.0,0.11375,2564.1646706586826,5.452095808383233,2896.1111111111118,658,169.0,0.20435308343409916,4773.438305709024,18.322283609576427,4124.234404536862,1072,276.0,0.20474777448071216,3267.446808510638,11.356382978723405,2375.577889447236,387,196.0,0.3361921097770154,3660.432098765432,16.810699588477366,3201.9753086419755,486,119.0,0.19669421487603306,1160.8255319148936,2.297872340425532,853.2467532467532,466,51.0,0.09864603481624758,3554.177842565597,5.399416909620991,3689.4375,663,141.0,0.17537313432835822,1532.292263610315,2.3954154727793697,1492.4571428571428,699,32.0,0.04377564979480164,4335.588235294118,20.83333333333333,1372.5688073394494,422,150.0,0.26223776223776224,4239.681660899654,35.055363321799305,1726.964856230032,602,340.0,0.3609341825902335
9,202401,10,640.6189189189189,3.1135135135135137,947.5346260387812,731,113.0,0.1338862559241706,909.5202369200396,2.404738400789733,685.4527559055118,2029,42.0,0.020280057943022695,960.48738170347,3.047318611987382,735.5416012558869,1271,34.0,0.026053639846743294,863.7179487179487,3.4722222222222223,739.5258620689655,932,42.0,0.043121149897330596,895.7647058823529,0.7450980392156863,923.3858267716536,509,23.0,0.043233082706766915,789.8195777351248,4.272552783109405,1098.0963855421687,1019,136.0,0.11774891774891776,924.5368043087972,2.938958707360862,951.1827956989248,1115,170.0,0.13229571984435798,1196.4203539823009,3.707964601769912,1162.051282051282,460,32.0,0.06504065040650407,1897.2061855670104,1.9896907216494848,1613.3877551020407,195,32.0,0.14096916299559473,509.54545454545456,3.51010101010101,663.8071065989848,790,67.0,0.07817969661610269,641.5422794117648,1.8419117647058825,613.7269372693727,1086,73.0,0.06298533218291631,1088.97539543058,2.49560632688928,1039.304347826087,1144,55.0,0.045871559633027525,754.6343949044586,1.6229299363057326,612.6515151515151,1577,33.0,0.020496894409937887,818.0948275862069,4.384236453201971,850.0369003690037,1625,105.0,0.06069364161849711,1065.5719895287957,2.69109947643979,873.7789203084833,1542,158.0,0.09294117647058824,1136.7967032967033,2.1996336996337,1311.111111111111,1086,84.0,0.07179487179487179,918.1498771498772,1.5085995085995083,1319.5823665893272,838,92.0,0.0989247311827957,687.1287128712871,1.0198019801980198,704.2953020134228,601,35.0,0.055031446540880505,466.4822134387352,3.707509881422925,652.6771653543307,507,22.0,0.04158790170132325,804.8254593175853,3.195538057742782,627.4308300395257,1521,78.0,0.04878048780487805,782.7004830917874,2.4009661835748792,624.0287769784172,831,49.0,0.05568181818181818,1168.984375,5.761363636363637,1013.830985915493,1414,140.0,0.09009009009009009,1214.4467120181405,4.727891156462585,1070.204081632653,882,10.0,0.011210762331838564,547.087323943662,2.5323943661971837,728.3760683760684,706,33.0,0.044654939106901215,540.010752688172,2.2768817204301075,683.0769230769231,736,46.0,0.058823529411764705,547.465940054496,2.226158038147139,764.7540983606557,733,29.0,0.03805774278215223,1112.3310225303294,1.707105719237435,1101.2736660929431,1158,61.0,0.05004101722723544,624.206008583691,2.133047210300429,898.918918918919,455,56.0,0.1095890410958904,626.0,3.466666666666667,881.0738007380074,541,73.0,0.11889250814332247,633.6626016260162,3.386178861788618,522.4691358024692,489,42.0,0.07909604519774012,960.3468208092486,2.30635838150289,1256.3333333333333,706,67.0,0.08667529107373868,1220.727793696275,1.6217765042979944,1022.051282051282,700,12.0,0.016853932584269662,1285.5696202531649,3.7510548523206753,1230.6382978723404,472,79.0,0.14337568058076225,804.5682451253482,4.908077994428969,1384.8837209302326,703,163.0,0.18822170900692842
10,202401,11,418.9139240506329,2.8075949367088606,393.75,795,91.0,0.10270880361173815,980.07530647986,2.8809106830122597,739.9119718309859,2278,36.0,0.015557476231633534,987.61797752809,3.89747191011236,946.459802538787,1421,76.0,0.05076820307281229,768.0688336520077,2.795411089866157,912.2014925373136,1059,58.0,0.051924798567591766,765.4466666666667,1.35,637.6510067114094,598,13.0,0.02127659574468085,489.1732418524872,3.452830188679245,604.6301369863014,1167,26.0,0.02179379715004191,1456.1487603305786,3.646280991735537,1213.8851351351352,1197,287.0,0.19339622641509435,721.3790613718412,4.823104693140794,1024.115523465704,554,10.0,0.01773049645390071,1809.645161290323,1.2258064516129032,1130.204081632653,191,45.0,0.1906779661016949,504.2280285035629,3.862232779097387,386.57142857142856,841,5.0,0.00591016548463357,581.7567567567568,2.689189189189189,439.6271186440678,1182,83.0,0.06561264822134387,740.64381270903,2.324414715719064,714.180602006689,1196,20.0,0.01644736842105263,536.7822966507177,1.0322966507177034,612.9749103942652,1673,23.0,0.013561320754716982,921.538633818589,4.811870100783874,1135.0,1781,168.0,0.086198050282196,697.8752997601919,2.5179856115107917,724.6698113207547,1682,142.0,0.07785087719298246,558.1530782029951,2.3743760399334444,747.5,1201,39.0,0.031451612903225803,1387.8646934460887,4.355179704016913,1159.322033898305,945,40.0,0.04060913705583756,1062.033898305085,3.7994350282485874,1050.3468208092486,700,26.0,0.03581267217630854,628.695652173913,3.891304347826087,681.3380281690141,560,24.0,0.0410958904109589,744.043583535109,3.0181598062954,624.6506024096385,1656,133.0,0.07434320849636669,747.0786516853933,1.651685393258427,745.2751423149905,1061,29.0,0.026605504587155965,713.8669950738916,2.815270935960591,607.832512315271,1624,129.0,0.07358813462635481,858.9937106918239,2.756813417190776,844.384133611691,956,28.0,0.028455284552845527,699.6201923076923,2.894230769230769,530.3883495145631,828,31.0,0.03608847497089639,450.9352517985611,1.8465227817745804,345.72115384615387,833,17.0,0.02,677.5465994962217,3.0780856423173804,541.9548872180451,796,27.0,0.032806804374240585,800.2536656891496,1.8416422287390029,692.2401171303075,1365,51.0,0.036016949152542374,382.456,1.124,635.04,500,12.0,0.0234375,455.2466216216216,2.408783783783784,318.16326530612247,590,47.0,0.07378335949764521,705.1636363636363,2.4327272727272726,410.6382978723405,557,79.0,0.12421383647798742,1014.3166666666668,3.475,1083.3962264150944,957,38.0,0.03819095477386935,1782.7956989247311,4.720430107526882,1300.054054054054,742,44.0,0.05597964376590331,686.0655737704918,5.881147540983607,521.6326530612245,489,30.0,0.057803468208092484,436.9393139841689,3.66490765171504,503.1382978723405,755,9.0,0.011780104712041885
11,202401,12,1367.018469656992,3.70712401055409,1064.168865435356,758,171.0,0.18406889128094725,3924.777676120768,3.054894784995425,2694.876033057851,2182,253.0,0.10390143737166324,1842.377358490566,2.595065312046444,1263.3187772925764,1376,153.0,0.1000654022236756,2258.840579710145,3.8260869565217392,3107.122641509434,838,554.0,0.39798850574712646,2144.5767918088736,5.034129692832765,1538.085106382979,575,73.0,0.11265432098765432,1197.3527272727272,3.101818181818182,873.6479128856624,1101,162.0,0.12826603325415678,1539.7899838449111,3.05815831987076,1599.9043062200958,1246,238.0,0.16037735849056603,1416.8955223880596,2.7574626865671643,1117.720588235294,540,48.0,0.08163265306122448,2068.1724137931037,1.862068965517241,1308.9655172413793,174,63.0,0.26582278481012656,1784.139650872818,12.72069825436409,1596.0,801,113.0,0.12363238512035012,1673.2075471698113,3.759862778730703,1368.1239242685026,1164,158.0,0.11951588502269289,1975.894645941278,7.778929188255613,2206.9565217391305,1154,131.0,0.10194552529182879,1665.0372208436725,4.423076923076923,1367.0049504950496,1614,206.0,0.11318681318681319,1999.371158392435,4.691489361702128,1891.9951632406287,1673,470.0,0.21931871208586096,5746.720987654321,12.390123456790125,5440.393120393121,812,2038.0,0.7150877192982457,2910.293501048218,14.60167714884696,3717.548387096774,942,640.0,0.404551201011378,1658.3094170403588,3.3520179372197307,1382.8062360801782,895,118.0,0.11648568608094768,1768.8358208955224,3.077611940298508,1637.667638483965,678,71.0,0.09479305740987984,3110.217391304348,7.934782608695652,2325.454545454545,191,761.0,0.7993697478991597,1363.1789600967352,2.900846432889964,1480.8727272727272,1652,162.0,0.08930540242557883,1655.3207547169811,2.656603773584905,1343.7051039697542,1059,125.0,0.10557432432432433,1117.0828182941902,3.438813349814586,1097.8895705521472,1624,172.0,0.0957683741648107,2513.5099337748343,3.931567328918322,2391.99124726477,910,130.0,0.125,1892.082666666667,4.018666666666666,1917.867924528302,746,159.0,0.17569060773480663,1693.6981627296589,3.333333333333333,1546.7368421052631,761,187.0,0.19725738396624473,1851.729559748428,3.654088050314465,2520.7430340557275,641,285.0,0.3077753779697624,1672.7300613496932,2.96319018404908,1504.2137404580153,1307,174.0,0.1174881836596894,930.3765690376569,2.1129707112970717,1060.0,479,58.0,0.10800744878957169,2014.5464285714288,9.175,1362.127659574468,562,112.0,0.1661721068249258,1574.9928057553957,2.9388489208633093,1230.9818181818182,553,83.0,0.13050314465408805,1856.4513274336284,5.772123893805309,1524.855233853007,901,97.0,0.09719438877755511,1440.8831168831168,2.6545454545454548,1064.300518134715,771,51.0,0.06204379562043796,1275.8024691358023,3.934156378600823,840.4938271604939,486,41.0,0.0777988614800759,1814.2776203966005,6.101983002832861,1278.0845070422536,708,111.0,0.13553113553113552
12,202401,13,782.97583081571,3.105740181268882,1065.5487804878048,659,130.0,0.16476552598225602,1429.6869469026549,2.381637168141593,1068.7252747252746,1814,111.0,0.057662337662337665,1386.923611111111,2.552083333333333,922.6689774696708,1153,102.0,0.08127490039840637,3449.835164835165,3.340659340659341,3340.4456824512536,723,366.0,0.33608815426997246,1469.2918287937744,1.443579766536965,895.8461538461538,517,38.0,0.06846846846846846,1637.6729957805908,4.086497890295359,1149.250535331906,941,55.0,0.055220883534136546,2441.4864864864867,3.506756756756757,2555.1121076233185,890,400.0,0.31007751937984496,1273.217777777778,3.555555555555556,1485.2631578947369,453,38.0,0.07739307535641547,3242.112359550562,0.8651685393258427,2730.8275862068967,176,35.0,0.16587677725118483,1216.430769230769,2.8861538461538463,1129.8461538461538,650,53.0,0.07539118065433854,1084.9704142011835,1.9644970414201184,880.7905138339921,1013,107.0,0.09553571428571428,1157.505285412262,3.405919661733616,861.9421487603306,957,68.0,0.06634146341463415,1334.2601969057666,1.2109704641350212,872.0502092050209,1428,43.0,0.029231815091774305,2241.30612244898,3.65578231292517,2988.0,1475,362.0,0.1970604246053348,2970.8894154818327,4.488151658767772,3565.074626865672,1236,518.0,0.2953249714937286,3760.792207792208,3.574025974025974,3065.804938271605,790,561.0,0.4152479644707624,2185.9701492537315,5.05543710021322,1947.3417721518988,943,84.0,0.08179162609542356,1091.8487394957983,1.7983193277310925,701.5189873417721,475,49.0,0.09351145038167939,2193.990147783252,7.561576354679803,1900.5154639175255,397,113.0,0.22156862745098038,1229.2132132132133,4.061561561561562,1080.0,1327,108.0,0.07526132404181185,1292.7131782945737,1.731266149870801,856.9190600522193,770,84.0,0.09836065573770492,1818.4466019417475,7.70873786407767,992.0192307692308,1242,197.0,0.1369006254343294,2518.1585677749363,3.084398976982097,2335.114503816794,784,136.0,0.14782608695652175,1253.7249190938512,2.1715210355987056,1010.1410256410256,621,26.0,0.0401854714064915,1483.296636085627,2.4434250764525998,1359.1384615384616,652,25.0,0.03692762186115214,1446.5255972696243,2.9180887372013653,1860.4109589041093,585,103.0,0.14970930232558138,1823.743842364532,2.013136288998358,1383.6453201970444,1218,119.0,0.08900523560209424,802.8985507246376,2.5217391304347827,986.5384615384615,415,40.0,0.08791208791208792,1505.021186440678,3.0,1180.9442060085837,469,61.0,0.11509433962264151,1175.1541850220265,2.4405286343612334,887.4107142857143,451,64.0,0.12427184466019417,2030.235849056604,5.285377358490566,1871.142857142857,844,94.0,0.10021321961620469,764.0947075208913,2.2590529247910864,835.6694444444445,719,57.0,0.07345360824742268,1452.2171945701357,4.97737556561086,1138.108108108108,443,45.0,0.09221311475409837,1500.0,4.284313725490196,1769.1346153846157,412,34.0,0.07623318385650224
13,202401,14,1427.0988700564972,3.1073446327683616,812.1910112359551,710,115.0,0.1393939393939394,2329.114026236125,2.334006054490413,1958.249227600412,1962,341.0,0.14806773773339124,1879.850077279753,3.061823802163833,1361.9720062208398,1290,148.0,0.10292072322670376,2964.5229357798166,2.339449541284404,3191.495327102804,864,259.0,0.23063223508459482,1619.163763066202,1.0069686411149823,1030.8127208480566,570,45.0,0.07317073170731707,1687.372881355932,4.026365348399247,992.03007518797,1063,73.0,0.06426056338028169,2071.669117647059,2.303308823529412,2166.7155963302757,1089,336.0,0.23578947368421052,1646.51171875,4.9375,1112.5301204819275,505,32.0,0.0595903165735568,2365.868131868132,0.6923076923076923,1480.2967032967033,182,15.0,0.07614213197969544,1419.1237113402062,4.061855670103093,1022.3498694516971,771,54.0,0.06545454545454546,1576.8085106382978,1.5780141843971631,1361.5221238938052,1129,195.0,0.1472809667673716,1228.8454545454545,2.4545454545454546,1094.863387978142,1099,38.0,0.03342128408091469,1283.6338582677165,1.0144356955380578,870.2759526938239,1523,67.0,0.04213836477987421,2821.3009708737864,2.89875173370319,2832.225201072386,1467,517.0,0.2605846774193548,3687.924265842349,3.670788253477589,5915.294117647059,1276,527.0,0.2922906267332224,2940.191056910569,3.4471544715447155,3231.201629327902,983,305.0,0.23680124223602483,1709.5541401273886,3.872611464968153,1821.228813559322,943,83.0,0.08089668615984405,1724.2335766423355,3.3613138686131387,1130.9278350515465,565,128.0,0.1847041847041847,2706.4186046511627,3.665116279069768,4369.210526315789,443,147.0,0.24915254237288137,1410.1253298153035,3.928759894459103,1025.0,1514,169.0,0.10041592394533572,1661.7706237424547,1.3078470824949695,1328.55421686747,995,100.0,0.091324200913242,1618.0082987551866,2.2213001383125865,1465.0,1443,168.0,0.1042830540037244,2043.7155963302755,2.2981651376146788,1991.2064965197217,867,73.0,0.07765957446808511,2953.1057142857144,3.34,2477.9329608938547,708,136.0,0.16113744075829384,1928.9788918205804,2.2796833773087077,1616.5079365079366,757,68.0,0.08242424242424243,2435.33724340176,1.9120234604105573,2790.0,687,150.0,0.17921146953405018,1722.3262839879153,1.996978851963746,1201.6265060240964,1326,109.0,0.07595818815331011,1537.0562770562772,1.8484848484848484,1783.2618025751074,464,55.0,0.10597302504816955,1182.3397683397684,4.061776061776062,965.0381679389312,521,61.0,0.10481099656357389,1558.7201492537313,2.451492537313433,1336.9440298507463,536,71.0,0.11696869851729819,1764.361344537815,3.615546218487395,1902.6050420168067,952,96.0,0.0916030534351145,1138.7808988764043,2.463483146067416,957.2570621468926,710,36.0,0.04825737265415549,1252.5,5.045833333333333,1000.7407407407408,483,43.0,0.0817490494296578,3071.376146788991,9.718654434250764,2043.3333333333333,651,42.0,0.06060606060606061
14,202401,15,1746.7,3.147222222222222,1385.857519788918,739,196.0,0.20962566844919786,5847.269086357947,3.111389236545682,5151.544117647059,1615,1523.0,0.48534098151688976,3068.7770992366413,2.7251908396946565,2381.376146788991,1309,337.0,0.20473876063183474,3582.1304347826085,3.3195652173913044,3352.6609442060085,926,358.0,0.278816199376947,3306.24,1.9345454545454543,1878.0669144981407,544,156.0,0.22285714285714286,2807.201834862385,3.8036697247706415,1837.081081081081,1100,258.0,0.18998527245949925,1954.05574912892,2.724738675958188,1822.017391304348,1149,447.0,0.2800751879699248,2630.116981132076,3.252830188679245,2070.114942528736,526,109.0,0.17165354330708663,1959.392857142857,1.2023809523809523,1429.4512195121952,166,53.0,0.2420091324200913,4414.57057057057,15.951951951951951,3157.1005917159764,671,535.0,0.44361525704809285,4164.285714285715,2.6904761904761907,4823.571428571428,840,1282.0,0.6041470311027333,1890.5238938053096,2.71858407079646,2044.385026737968,1126,243.0,0.1775018261504748,2718.864406779661,1.526634382566586,1816.2439024390244,1646,403.0,0.19668130795510005,4268.284137931035,4.249655172413793,4448.648648648648,1428,889.0,0.38368580060422963,4144.966153846154,1.9523076923076923,5384.451219512195,1306,828.0,0.3880037488284911,3607.657608695652,1.9094202898550725,3335.0922509225093,1094,370.0,0.2527322404371585,2725.541950113379,5.045351473922903,2303.6065573770493,868,156.0,0.15234375,3645.3763440860216,3.1254480286738358,3927.272727272728,543,365.0,0.40198237885462557,3266.7357512953367,3.139896373056995,3632.0,388,350.0,0.4742547425474255,2414.472361809045,3.108040201005025,1731.0831234256927,1590,285.0,0.152,1996.9787234042556,1.9319148936170207,1703.2911392405065,944,201.0,0.17554585152838428,2038.158567774936,2.057544757033248,1533.974025974026,1552,253.0,0.1401662049861496,2372.6315789473683,2.491228070175439,2352.236842105264,912,142.0,0.1347248576850095,4814.956989247312,6.344086021505376,7120.419689119171,379,1054.0,0.735519888346127,2718.1935483870966,1.5806451612903225,2266.40625,756,219.0,0.2246153846153846,3333.927444794953,2.365930599369085,3843.86217948718,629,398.0,0.3875365141187926,3258.8335974643423,6.114104595879557,2122.0447284345046,1257,316.0,0.20089001907183726,3112.60663507109,4.412322274881516,2258.8571428571427,421,166.0,0.282793867120954,3141.385454545454,3.16,2416.1130742049468,558,175.0,0.23874488403819918,1828.8636363636365,1.946969696969697,1468.1954887218046,530,128.0,0.1945288753799392,3340.848214285714,6.734375,1996.3636363636365,888,152.0,0.14615384615384616,1361.1286549707602,1.6432748538011697,1010.3790087463556,685,94.0,0.12066752246469833,1648.1896551724135,6.370689655172414,1454.177215189873,469,88.0,0.15798922800718132,2647.841945288754,5.386018237082067,2215.073313782991,670,289.0,0.3013555787278415
15,202401,16,5453.644859813084,4.049844236760125,4411.089108910891,624,327.0,0.3438485804416404,2792.358947368421,2.1052631578947367,2245.2201257861634,1904,393.0,0.17109272964736613,1553.671096345515,1.946843853820598,1487.404958677686,1207,148.0,0.10922509225092251,3039.488372093024,2.2790697674418605,3511.9148936170213,853,192.0,0.18373205741626794,3259.8283261802576,4.523605150214593,3052.7196652719667,472,117.0,0.19864176570458403,5173.75,5.7727272727272725,3981.402777777778,872,502.0,0.3653566229985444,2325.1260683760684,3.905982905982906,1832.950819672131,956,485.0,0.33657182512144346,4642.317365269461,4.922155688622754,5789.419354838709,322,325.0,0.5023183925811437,1983.076923076923,1.2087912087912087,1354.9450549450548,182,38.0,0.17272727272727273,3623.507462686567,3.6156716417910446,3636.0,543,785.0,0.5911144578313253,2470.905462184874,3.155462184873949,3011.877551020408,966,539.0,0.3581395348837209,3349.919491525424,3.3008474576271185,2920.127388535032,943,251.0,0.2102177554438861,2715.643870967742,2.03741935483871,2358.432364096081,1566,295.0,0.15851692638366469,2403.5193591455272,2.3497997329773037,2699.369250985545,1510,299.0,0.16528468767274737,3713.159398496241,1.998496240601504,4521.20765832106,1344,527.0,0.28166755745590594,3664.644897959184,1.9857142857142855,3178.527607361963,979,370.0,0.2742772424017791,4090.2813299232735,6.731457800511509,3543.157894736842,790,198.0,0.20040485829959515,2969.006779661017,4.091525423728814,2541.0,575,124.0,0.17739628040057226,2710.854271356784,4.331658291457287,2766.734693877551,395,199.0,0.335016835016835,1562.418230563003,2.135388739946381,1287.088948787062,1488,166.0,0.1003627569528416,1625.428927680798,1.5910224438902745,1242.75,801,93.0,0.1040268456375839,1612.400286944046,3.0215208034433285,1336.7685589519651,1384,196.0,0.1240506329113924,1792.6588235294118,1.1505882352941177,1876.4150943396223,849,63.0,0.06907894736842106,2817.905511811024,2.2913385826771653,4210.243902439024,500,795.0,0.6138996138996139,3023.1331269349844,3.024767801857585,3166.6881028938906,634,306.0,0.32553191489361705,2846.9258160237387,2.344213649851632,2757.75,657,210.0,0.2422145328719723,3674.942528735632,4.363984674329502,3117.627118644068,1053,248.0,0.19062259800153727,3030.1754385964914,1.8538011695906436,3544.812834224599,358,232.0,0.39322033898305087,3703.62447257384,2.7679324894514767,3458.8695652173915,467,245.0,0.3441011235955056,1677.1914893617022,4.56595744680851,1448.5344827586207,467,72.0,0.13358070500927643,4095.140186915888,5.719626168224299,3556.4117647058824,661,125.0,0.15903307888040713,2085.47197640118,5.448377581120944,1612.3668639053255,677,63.0,0.08513513513513514,4203.203883495145,2.766990291262136,3641.005025125628,405,245.0,0.3769230769230769,6346.021505376344,3.71326164874552,5882.921348314607,546,613.0,0.5289042277825712
16,202401,17,778.3516483516484,3.895604395604396,1402.8032345013478,735,123.0,0.14335664335664336,1236.804632426989,2.6455186304128904,957.9,1993,121.0,0.05723746452223273,1114.5427215189873,2.305379746835443,870.6624605678234,1266,59.0,0.04452830188679245,1819.830508474576,2.4788135593220337,2093.576017130621,939,95.0,0.09187620889748549,936.7588932806324,1.5889328063241106,981.44578313253,502,48.0,0.08727272727272728,1241.111969111969,3.009652509652509,1139.881188118812,1023,143.0,0.12264150943396226,3561.5137420718816,5.894291754756871,4411.725663716814,925,610.0,0.3973941368078176,1733.3703703703704,3.4814814814814814,1358.108108108108,438,91.0,0.1720226843100189,1890.0309278350517,1.1958762886597938,1663.404255319149,191,19.0,0.09047619047619047,862.406015037594,3.335839598997494,821.5736040609137,793,131.0,0.14177489177489178,672.1787709497206,1.8361266294227188,728.8724584103512,1078,143.0,0.11711711711711711,1706.8859649122808,2.778947368421053,1671.8324607329844,1143,89.0,0.07224025974025974,1036.8840937114674,0.7965474722564735,933.4643734643736,1625,122.0,0.06983400114481969,1259.4621409921672,2.5822454308094,1289.802890932983,1527,285.0,0.15728476821192053,1563.5875486381324,2.1686121919584957,1609.6923076923076,1551,163.0,0.09509918319719954,1894.8793774319065,2.470817120622568,1866.949806949807,1032,303.0,0.22696629213483147,1156.35103926097,1.8752886836027716,1080.5555555555557,865,69.0,0.07387580299785867,773.8613861386139,1.2508250825082508,836.0655737704918,608,49.0,0.0745814307458143,948.8888888888888,4.449074074074074,1400.3827751196172,425,156.0,0.2685025817555938,1019.843876177658,3.670255720053836,684.2876165113182,1494,143.0,0.08735491753207086,913.8014527845036,2.082324455205811,1032.8057553956835,830,57.0,0.06426155580608793,1255.7879656160458,2.2277936962750715,1020.4267425320056,1401,167.0,0.10650510204081633,2948.551401869159,4.787383177570093,2878.60788863109,859,63.0,0.06832971800433839,1437.5661016949152,2.311864406779661,3085.3287197231834,584,457.0,0.4390009606147935,1212.9703504043127,1.8921832884097036,1387.2131147540983,737,109.0,0.1288416075650118,1045.258152173913,2.092391304347826,971.013698630137,733,61.0,0.07682619647355164,1180.8756567425569,1.704028021015762,878.0487804878048,1145,90.0,0.0728744939271255,605.2754237288135,1.5423728813559323,1296.0,466,28.0,0.05668016194331984,948.941391941392,4.5787545787545785,875.910780669145,542,100.0,0.1557632398753894,678.1464435146444,1.8577405857740583,594.5679012345679,482,60.0,0.11070110701107011,1004.6239554317548,1.991643454038997,1266.9613259668508,721,65.0,0.08269720101781171,2034.7809798270891,5.014409221902017,1385.28,697,39.0,0.05298913043478261,990.5263157894736,2.706140350877193,1475.1724137931035,460,76.0,0.1417910447761194,842.0338983050848,4.4124293785310735,989.4972067039106,712,136.0,0.16037735849056603
17,202401,18,521.9405684754522,2.9974160206718348,861.5816326530612,779,127.0,0.1401766004415011,568.381161971831,2.338908450704225,670.1946902654868,2266,82.0,0.03492333901192504,828.103305785124,1.987603305785124,594.40329218107,1455,71.0,0.04652686762778506,1329.709090909091,3.061818181818182,1434.1090909090908,1100,42.0,0.03677758318739054,787.8787878787879,1.2794612794612794,419.7979797979798,594,40.0,0.06309148264984227,659.4623287671233,4.2979452054794525,754.4897959183673,1172,49.0,0.04013104013104013,1562.077186963979,4.686106346483705,1583.1487889273355,1161,482.0,0.29336579427875836,985.709090909091,4.156363636363636,609.6350364963504,549,27.0,0.046875,1130.8125,1.1458333333333333,958.181818181818,195,22.0,0.10138248847926268,741.042654028436,3.675355450236967,614.8218527315914,843,27.0,0.03103448275862069,560.0330578512396,2.31900826446281,355.7718120805369,1201,87.0,0.06754658385093168,690.335,3.135,811.2040133779265,1198,34.0,0.027597402597402596,798.3257918552036,1.1470588235294117,730.0789177001127,1771,54.0,0.02958904109589041,883.1139380530974,3.358407079646017,877.3922651933701,1809,142.0,0.07278318810866223,931.1188475390156,1.6938775510204085,1031.4663461538462,1665,154.0,0.08466190214403518,1193.815485996705,2.9390444810543657,1301.608040201005,1204,106.0,0.08091603053435115,802.7848101265823,2.059071729957806,1080.250521920668,953,60.0,0.059230009871668314,578.6324786324786,1.4301994301994303,330.6818181818182,703,41.0,0.05510752688172043,949.547038327526,3.3101045296167246,657.4647887323944,571,15.0,0.025597269624573378,590.4982206405693,2.537366548042705,631.7273795534666,1694,153.0,0.0828370330265295,609.0173410404624,0.9672447013487476,667.2692307692307,1039,39.0,0.036178107606679034,746.1940298507462,3.25,667.3880597014926,1608,197.0,0.10914127423822714,1261.3664596273293,1.4306418219461698,1404.5738045738046,964,51.0,0.05024630541871921,846.4848484848485,3.2672176308539944,942.0081743869208,730,417.0,0.36355710549258935,844.8761904761905,1.9833333333333332,761.5165876777252,842,54.0,0.060267857142857144,792.0229591836735,2.022959183673469,778.9420654911838,789,43.0,0.051682692307692304,788.558692421991,2.4234769687964337,699.9408284023668,1349,97.0,0.06708160442600276,470.4,1.256,616.1904761904761,502,15.0,0.029013539651837523,540.1505016722408,3.1638795986622075,464.24242424242425,596,74.0,0.11044776119402985,616.5719424460432,1.7482014388489209,631.0791366906475,556,95.0,0.14592933947772657,758.2045929018789,2.54070981210856,919.4080338266384,952,52.0,0.05179282868525897,642.4257142857143,2.5485714285714285,405.730659025788,699,52.0,0.0692410119840213,856.8,7.028,1091.235059760956,501,40.0,0.07393715341959335,479.8404255319149,4.88563829787234,546.8983957219251,750,15.0,0.0196078431372549
18,202401,19,2693.160563380281,5.743661971830986,2225.470085470085,706,266.0,0.2736625514403292,1318.2573203194322,2.149955634427684,1050.687830687831,2261,100.0,0.042354934349851756,1224.8240997229916,1.8074792243767317,944.5403899721448,1440,68.0,0.04509283819628647,1870.634508348794,2.5677179962894248,1884.6666666666667,1079,46.0,0.04088888888888889,1537.2203389830509,1.5084745762711864,1333.924914675768,588,45.0,0.07109004739336493,3053.354385964912,3.647368421052632,2388.731578947368,1140,178.0,0.13505311077389984,827.7893030794165,2.7957860615883305,1098.1350482315113,1239,325.0,0.2078005115089514,4119.310344827586,6.0344827586206895,4538.620689655172,522,98.0,0.15806451612903225,640.0918367346939,0.6836734693877551,551.7647058823529,200,27.0,0.11894273127753303,4011.3294797687854,10.763005780346822,4721.470588235294,686,527.0,0.43446001648804616,1448.8442211055276,1.7370184254606365,1212.6,1197,101.0,0.07781201848998459,1514.165811965812,3.876923076923077,1519.9656946826758,1168,123.0,0.09527498063516654,1414.8561721404303,1.5900339750849375,1049.9658703071673,1762,89.0,0.04808211777417612,1223.553472987872,2.303197353914002,1282.6550598476606,1826,116.0,0.05973223480947477,2367.5800711743773,2.627520759193357,2424.2975206611573,1690,176.0,0.09431939978563773,2869.308998302208,2.4482173174872663,2825.2881355932204,1179,179.0,0.13181148748159058,2571.2175824175824,7.329670329670329,2339.20704845815,909,110.0,0.10794896957801767,1359.541547277937,2.507163323782235,992.8977272727273,701,25.0,0.03443526170798898,1954.0501792114696,3.849462365591398,1895.281690140845,563,54.0,0.08752025931928688,932.9859813084112,2.182242990654206,673.0434782608696,1707,115.0,0.06311745334796927,1157.2920696324952,1.11605415860735,794.6228239845261,1034,60.0,0.054844606946983544,1023.4933008526187,5.136419001218027,797.2782503037668,1644,115.0,0.06537805571347356,951.9917864476386,1.4435318275154003,742.1443298969073,972,17.0,0.017189079878665317,1979.328320802005,2.318295739348371,1615.297157622739,786,225.0,0.22255192878338279,3035.753246753247,2.987012987012987,2654.108527131783,772,199.0,0.20494335736354274,1834.2315521628495,2.4580152671755724,1515.0518134715026,779,91.0,0.10459770114942529,2145.489614243324,2.1617210682492582,1854.349775784753,1343,160.0,0.10645375914836992,2992.408163265306,4.538775510204082,3427.317073170732,491,37.0,0.07007575757575757,2043.722807017544,2.83859649122807,1831.207746478873,569,120.0,0.1741654571843251,1634.623693379791,2.313588850174216,1358.0281690140846,571,64.0,0.10078740157480315,2569.186813186813,3.4593406593406595,2265.454545454545,917,85.0,0.08483033932135728,995.1808510638298,4.247340425531915,688.96,751,47.0,0.05889724310776942,2753.122529644269,4.529644268774703,2637.3809523809523,505,50.0,0.09009009009009009,4112.052117263844,4.03257328990228,3106.064516129032,617,392.0,0.38850346878097125
19,202401,20,682.1002949852507,2.5073746312684366,823.0588235294117,679,88.0,0.11473272490221642,742.6479481641469,1.8920086393088555,903.2258064516128,1856,37.0,0.01954569466455362,648.6848381601363,1.841567291311755,469.18367346938777,1175,37.0,0.03052805280528053,990.8035714285714,2.4754464285714284,1052.7765237020317,891,15.0,0.016556291390728478,512.0300751879699,1.3082706766917294,431.5129151291513,537,16.0,0.028933092224231464,1114.437238493724,3.518828451882845,1424.1176470588234,954,11.0,0.011398963730569948,1186.2571428571428,3.283673469387755,935.9509202453988,979,226.0,0.187551867219917,1192.444933920705,3.317180616740088,948.0,457,7.0,0.015086206896551725,691.1688311688312,0.2467532467532467,669.1139240506329,156,52.0,0.25,849.0361445783133,2.322289156626506,1008.4684684684684,665,15.0,0.022058823529411766,576.5166340508806,1.888454011741683,547.953216374269,1024,66.0,0.060550458715596334,908.46336996337,3.360805860805861,744.1758241758242,1092,12.0,0.010869565217391304,588.0638888888889,1.7680555555555555,482.3398328690808,1438,9.0,0.006219765031098825,650.8720787207872,2.676506765067651,904.0581683168316,1621,58.0,0.034544371649791544,1206.6870653685671,1.5299026425591098,1251.7270194986072,1437,112.0,0.07230471271788251,1254.4018867924528,2.547169811320755,1666.7931688804554,1057,28.0,0.025806451612903226,1241.4723926380368,1.5787321063394684,915.0308008213552,976,42.0,0.0412573673870334,616.0493827160494,2.078189300411523,744.0983606557377,487,34.0,0.06525911708253358,702.5550660792951,3.9383259911894273,1196.283185840708,453,3.0,0.006578947368421052,580.2363367799114,3.641063515509601,554.5562130177515,1353,60.0,0.04246284501061571,409.3931398416887,1.2427440633245384,524.6031746031746,757,36.0,0.04539722572509458,591.5492957746479,4.987480438184663,594.4099378881988,1283,80.0,0.058694057226705794,772.3222748815166,1.6232227488151658,570.568720379147,844,13.0,0.015169194865810968,749.7389937106918,2.1226415094339623,836.4263322884012,637,19.0,0.028963414634146343,1108.7349397590365,1.8463855421686748,1227.2238805970148,667,13.0,0.01911764705882353,766.3819875776397,2.1490683229813663,868.3229813664597,644,11.0,0.016793893129770993,957.1028037383178,2.2741433021806854,1052.53125,1282,32.0,0.0243531202435312,579.716894977169,3.0228310502283104,1045.045871559633,437,5.0,0.011312217194570135,1173.0588235294117,6.739495798319328,1349.5,478,62.0,0.11481481481481481,578.9177489177489,3.3376623376623376,835.8260869565217,461,53.0,0.10311284046692606,684.9885583524027,1.7620137299771168,736.2758620689655,872,42.0,0.045951859956236324,1054.355795148248,6.479784366576819,689.9182561307902,738,63.0,0.07865168539325842,1153.1004366812226,4.541484716157205,1021.5652173913044,459,13.0,0.02754237288135593,843.7142857142857,1.838095238095238,390.2830188679245,422,12.0,0.027649769585253458
20,202401,21,540.3166226912929,2.0,806.8253968253969,757,88.0,0.10414201183431952,1044.9668700959023,5.269398430688753,765.0393700787401,2290,65.0,0.027600849256900213,714.0857142857143,2.234013605442177,661.5170068027211,1470,42.0,0.027777777777777776,804.2181818181818,2.710909090909091,897.75,1110,19.0,0.01682905225863596,717.8571428571429,0.7824675324675324,538.6319218241042,615,18.0,0.02843601895734597,859.6196943972835,2.99490662139219,901.0135135135135,1181,25.0,0.020729684908789386,1015.9710144927536,2.239935587761675,1386.4039408866995,1230,258.0,0.17338709677419356,1107.5126353790613,3.3465703971119134,878.7591240875912,551,11.0,0.019572953736654804,1445.047619047619,0.4761904761904761,953.9240506329114,163,40.0,0.19704433497536947,899.2742718446602,3.2281553398058254,1112.4087591240875,823,12.0,0.01437125748502994,542.200956937799,2.543859649122807,612.972972972973,1256,62.0,0.04704097116843703,786.3570247933884,3.019834710743801,650.9,1205,7.0,0.005775577557755775,554.0066815144767,0.8017817371937639,630.3003337041157,1797,20.0,0.01100715465052284,531.656043956044,2.120879120879121,693.2673267326733,1819,75.0,0.0395987328405491,832.6519666269369,1.636471990464839,798.6602870813397,1675,123.0,0.06840934371523916,1235.075928917609,1.5492730210016157,1308.7560581583198,1238,28.0,0.022116903633491312,532.1370967741935,1.2661290322580645,662.5352112676056,993,22.0,0.02167487684729064,822.5862068965517,3.945402298850575,791.4035087719299,690,22.0,0.03089887640449438,632.5090909090909,2.7381818181818183,800.4301075268817,554,16.0,0.028070175438596492,634.9358226371062,1.7187864644107351,732.027972027972,1715,67.0,0.037598204264870934,962.7272727272727,1.446969696969697,660.0,1061,36.0,0.032816773017319965,1280.0766283524904,3.5606641123882503,1018.46547314578,1565,104.0,0.06231276213301378,700.6490872210953,1.6024340770791077,900.0,987,11.0,0.011022044088176353,718.1348837209302,1.458139534883721,805.106976744186,860,30.0,0.033707865168539325,583.0,1.6523809523809525,625.1798561151079,837,25.0,0.029002320185614848,780.6658354114713,5.261845386533666,488.89830508474574,814,42.0,0.04906542056074766,693.2581100141043,1.6600846262341329,809.4545454545455,1424,35.0,0.023989033584647018,534.7747035573123,1.1699604743083003,786.6141732283464,507,8.0,0.015533980582524271,744.9863945578231,2.119047619047619,1146.4137931034484,584,51.0,0.08031496062992126,662.9214285714286,2.4,729.5070422535211,564,54.0,0.08737864077669903,726.8910891089109,1.5366336633663369,1035.7142857142858,1009,40.0,0.03813155386081983,1215.8052631578948,6.089473684210526,942.5454545454544,765,28.0,0.03530895334174023,567.7290836653386,3.410358565737052,939.84,501,18.0,0.03468208092485549,599.4797687861271,3.109826589595376,769.6491228070175,688,4.0,0.005780346820809248
21,202401,22,527.3586387434555,0.3481675392670157,561.7054263565891,769,129.0,0.14365256124721604,1579.0018433179723,0.5225806451612903,1803.0,2165,256.0,0.10574142916150352,1520.665730337079,0.4873595505617977,1219.634831460674,1424,69.0,0.046215673141326186,1190.1016949152545,0.2071563088512241,1102.944550669216,1054,68.0,0.06060606060606061,604.8979591836735,0.5102040816326531,411.6891891891892,590,23.0,0.037520391517128875,829.0487804878048,0.1951219512195122,598.9214659685864,1147,61.0,0.050496688741721855,1062.636655948553,0.0209003215434083,1076.6183574879226,1243,219.0,0.14979480164158687,941.4022140221402,0.066420664206642,1046.3736263736264,544,17.0,0.030303030303030304,1093.071428571429,0.238095238095238,1406.1176470588234,169,31.0,0.155,603.63196125908,0.2808716707021791,570.6537530266344,826,45.0,0.05166475315729047,1339.4949494949494,5.306397306397306,1202.135593220339,1184,96.0,0.075,929.5093062605752,1.1996615905245347,716.2626262626262,1185,41.0,0.033442088091353996,670.6453089244851,0.1739130434782608,540.8209806157355,1751,57.0,0.03152654867256637,838.9955849889625,0.0640176600441501,978.6798679867986,1815,125.0,0.06443298969072164,1366.3819163292846,1.0931174089068827,1211.3709677419354,1485,473.0,0.24157303370786518,1200.3294117647058,1.781512605042017,1066.3178036605657,1196,96.0,0.07430340557275542,781.036717062635,0.8336933045356372,711.409978308026,924,47.0,0.04840370751802266,1044.695652173913,0.3739130434782609,1218.9111747851002,694,35.0,0.04801097393689986,862.6459143968872,0.1712062256809338,998.1176470588236,512,168.0,0.24705882352941178,994.9640287769784,0.3597122302158273,1229.8557692307693,1666,142.0,0.07853982300884955,4785.311203319502,0.3713692946058091,3127.531380753138,960,169.0,0.14968999114260406,1310.5185185185185,0.1012345679012345,1483.4328358208954,1614,138.0,0.07876712328767123,735.875,0.0291666666666666,1083.2365145228216,962,25.0,0.025329280648429583,1071.576923076923,0.3641025641025641,1049.462915601023,781,87.0,0.10023041474654378,665.4205128205128,0.0564102564102564,758.6764705882352,798,79.0,0.09007981755986318,1409.28762541806,2.923076923076923,2330.785714285714,579,463.0,0.44433781190019195,704.9122807017544,0.2792397660818713,520.6167400881058,1365,61.0,0.042776998597475455,538.170731707317,0.0,620.2439024390244,492,35.0,0.06641366223908918,773.9220338983051,1.6338983050847458,568.7919463087248,593,58.0,0.0890937019969278,1702.608695652174,3.3115942028985508,2088.478260869565,552,82.0,0.12933753943217666,730.1716738197425,0.8540772532188842,955.7782515991472,935,53.0,0.053643724696356275,1221.3582887700534,6.219251336898396,739.4638069705094,747,42.0,0.053231939163498096,951.12,0.288,755.0806451612904,498,23.0,0.044145873320537425,669.0566037735849,0.0,636.2903225806451,743,43.0,0.054707379134860054
22,202401,23,742.1666666666666,0.5028248587570622,602.2033898305085,708,135.0,0.1601423487544484,1881.7293997965407,3.996948118006104,1215.6601842374616,1960,161.0,0.07590759075907591,922.471264367816,1.0591133004926108,881.4473684210526,1217,63.0,0.04921875,1328.8741721854306,0.4105960264900662,1338.065934065934,908,50.0,0.05219206680584551,681.4285714285714,0.9047619047619048,738.498023715415,505,22.0,0.04174573055028463,392.4512428298279,0.5946462715105163,627.4615384615385,1043,30.0,0.027958993476234855,1179.544626593807,2.400728597449909,1047.321428571429,1109,154.0,0.12193190815518606,653.5244444444445,0.0266666666666666,330.2654867256637,451,13.0,0.028017241379310345,2102.9310344827586,0.5632183908045977,2070.6976744186045,173,37.0,0.1761904761904762,470.381679389313,0.1908396946564885,566.060606060606,789,21.0,0.025925925925925925,1172.4719101123596,2.3183520599250937,1212.6966292134832,1068,108.0,0.09183673469387756,650.4308617234469,0.0721442885771543,788.8663967611336,993,18.0,0.017804154302670624,538.3488943488943,0.2346437346437346,563.3374233128834,1629,38.0,0.022795440911817635,603.6658322903629,0.2152690863579474,827.909887359199,1598,93.0,0.05499704316972206,2559.5857142857144,0.0128571428571428,2407.844827586207,1396,376.0,0.21218961625282168,1243.10780669145,0.8531598513011153,1300.1136363636365,1066,95.0,0.0818260120585702,1067.6102088167054,1.8700696055684451,831.8117647058823,856,47.0,0.05204872646733112,1247.1009771986971,2.8957654723127035,817.0297029702971,610,43.0,0.06584992343032159,2640.790476190476,12.366666666666667,1230.1310043668122,439,138.0,0.2391681109185442,746.0598179453837,0.6124837451235371,832.7154046997389,1535,66.0,0.04122423485321674,1883.031784841076,0.0440097799511002,1565.230024213075,822,21.0,0.02491103202846975,588.3605633802817,0.1028169014084507,702.674253200569,1413,99.0,0.06547619047619048,633.2394366197183,0.0117370892018779,489.1549295774648,852,21.0,0.024054982817869417,972.2166172106824,1.632047477744807,705.8407079646017,676,67.0,0.0901749663526245,714.4741379310345,0.0603448275862069,854.1176470588235,688,117.0,0.1453416149068323,1106.7514285714285,3.4114285714285715,1048.8951841359774,703,91.0,0.11460957178841309,622.7322404371585,0.5974499089253188,517.0652173913044,1101,65.0,0.05574614065180103,349.09090909090907,0.0173160173160173,588.6206896551724,463,19.0,0.03941908713692946,537.9475655430712,0.0898876404494382,336.6292134831461,534,52.0,0.08873720136518772,630.7627118644068,0.0,945.8227848101266,473,48.0,0.09213051823416507,628.7106017191977,1.1002865329512894,559.2613636363636,701,29.0,0.03972602739726028,1293.152737752161,7.945244956772334,785.0714285714286,697,33.0,0.045205479452054796,316.06694560669456,0.0,412.7800829875519,480,15.0,0.030303030303030304,371.7741935483871,0.0268817204301075,396.0,742,21.0,0.027522935779816515
23,202401,24,677.9256198347107,0.0220385674931129,598.1615598885794,722,141.0,0.1633835457705678,1214.10953346856,1.575050709939148,1099.4939271255062,1974,144.0,0.0679886685552408,712.6941362916007,0.3565768621236133,583.6269592476489,1269,35.0,0.026840490797546013,1185.420168067227,0.3508403361344537,1077.3529411764705,952,59.0,0.058358061325420374,1018.0114503816794,2.1603053435114505,586.9465648854962,524,28.0,0.050724637681159424,872.183908045977,0.1455938697318007,801.787072243346,1048,81.0,0.07174490699734277,856.9383802816901,0.4436619718309859,1031.8716577540106,1129,190.0,0.14404852160727824,662.4588744588744,0.6190476190476191,650.0869565217391,461,19.0,0.03958333333333333,744.6842105263158,0.5368421052631579,825.4545454545455,194,28.0,0.12612612612612611,785.9850374064838,0.1246882793017456,679.5522388059702,803,66.0,0.0759493670886076,1254.6486988847585,4.620817843866171,1368.4658040665431,1079,141.0,0.11557377049180328,3645.052536231884,4.2898550724637685,2707.431693989071,1101,281.0,0.20332850940665703,1295.281173594132,3.0183374083129584,919.92700729927,1640,89.0,0.05147484094852516,510.6996336996337,0.6813186813186813,612.7784577723378,1636,90.0,0.05214368482039398,1792.1968295904887,7.601056803170409,1495.3784860557769,1510,235.0,0.1346704871060172,935.8482632541134,1.9981718464351008,787.3761467889908,1092,116.0,0.09602649006622517,879.3055555555555,2.6435185185185186,936.8691588785048,860,55.0,0.060109289617486336,829.5737704918033,2.222950819672131,927.5409836065572,610,40.0,0.06153846153846154,961.0909090909092,0.5272727272727272,1703.6199095022623,441,173.0,0.28175895765472314,399.038007863696,0.018348623853211,457.6963350785341,1527,83.0,0.0515527950310559,372.6923076923077,0.7019230769230769,395.73849878934624,829,29.0,0.0337995337995338,604.7390691114246,0.9365303244005642,514.8251748251748,1424,106.0,0.06928104575163399,590.7029478458049,0.3832199546485261,621.4678899082569,877,26.0,0.028792912513842746,970.0645161290324,4.838709677419355,1075.764705882353,681,85.0,0.11096605744125326,756.1903485254692,0.131367292225201,744.5528455284552,742,70.0,0.08620689655172414,924.1842105263158,1.1812865497076024,589.3913043478261,687,114.0,0.14232209737827714,1005.6890459363958,1.2332155477031803,687.0422535211268,1134,89.0,0.07277187244480784,459.41101694915255,0.635593220338983,623.1355932203389,472,20.0,0.04065040650406504,812.9925093632959,0.3970037453183521,908.731343283582,535,115.0,0.17692307692307693,518.1239669421487,0.0082644628099173,298.5,482,73.0,0.13153153153153152,660.6648199445983,1.3850415512465375,661.1538461538462,725,54.0,0.0693196405648267,809.4485714285714,2.9914285714285715,588.4090909090909,702,33.0,0.044897959183673466,646.9456066945606,0.502092050209205,433.61344537815125,477,33.0,0.06470588235294118,576.514745308311,0.0965147453083109,540.1612903225806,745,41.0,0.05216284987277354
24,202401,25,844.5077720207254,2.826424870466321,1004.4215938303342,775,128.0,0.14174972314507198,1266.0017714791852,1.1319751992914082,1113.0316622691294,2266,99.0,0.04186046511627907,688.2847411444142,1.754768392370572,748.1532147742818,1465,42.0,0.027869940278699403,1215.632183908046,1.1015325670498084,1338.374291115312,1051,134.0,0.11308016877637131,1280.990099009901,1.6105610561056103,1115.282392026578,604,31.0,0.048818897637795275,853.352233676976,0.963917525773196,889.4236706689537,1165,81.0,0.06500802568218299,751.8762057877814,2.154340836012861,659.422150882825,1245,251.0,0.1677807486631016,1129.4448529411766,0.9522058823529412,1111.7518248175184,546,28.0,0.04878048780487805,993.0208333333334,1.09375,1036.8229166666667,192,33.0,0.14666666666666667,1538.8995215311004,14.921052631578949,599.2805755395683,835,102.0,0.10885805763073639,1082.5490848585691,1.557404326123128,1332.943143812709,1199,123.0,0.09304084720121028,1358.9264214046823,0.8595317725752508,1300.4347826086955,1196,135.0,0.10142749812171299,1407.5510204081634,3.4648526077097506,1239.591836734694,1764,100.0,0.0536480686695279,676.723076923077,0.5681318681318681,755.1428571428571,1820,126.0,0.06474820143884892,2091.828793774319,4.69390402075227,2065.2911392405063,1561,436.0,0.21832749123685527,1332.7277397260275,0.8373287671232876,1136.7457627118645,1174,146.0,0.11060606060606061,1046.218487394958,2.672268907563025,791.0,956,47.0,0.04685942173479561,1020.6857142857144,0.8342857142857143,921.0344827586208,698,45.0,0.06056527590847914,2437.9338842975208,14.87190082644628,3105.0704225352115,455,262.0,0.36541143654114366,494.6030444964872,0.6346604215456675,722.6604434072345,1711,98.0,0.054173576561636266,438.6328125,1.75390625,432.6990291262136,1027,56.0,0.05170821791320406,814.0221402214022,1.2607626076260765,701.0565110565111,1627,116.0,0.06655192197360872,846.0245901639345,0.9139344262295082,785.7786885245902,976,15.0,0.015136226034308779,1067.5133819951338,0.9878345498783456,1338.6896551724135,817,70.0,0.07891770011273957,1140.590243902439,3.304878048780488,1149.4117647058824,818,87.0,0.09613259668508287,1610.9128205128204,1.9102564102564104,1211.151832460733,772,102.0,0.11670480549199085,1113.197080291971,2.475912408759124,975.7894736842104,1369,87.0,0.059752747252747256,1045.382716049383,2.234567901234568,993.795918367347,488,39.0,0.07400379506641366,874.0958904109589,2.3595890410958904,895.0515463917526,583,90.0,0.1337295690936107,730.9473684210526,0.6456140350877193,468.38028169014086,569,63.0,0.09968354430379747,1421.5866388308978,3.1315240083507305,1257.9746835443038,953,60.0,0.059230009871668314,1296.1951871657757,4.775401069518717,1017.4468085106384,750,43.0,0.05422446406052964,637.0517928286853,0.2948207171314741,640.32,501,34.0,0.06355140186915888,582.3529411764706,0.2941176470588235,628.7234042553191,750,37.0,0.04701397712833545
25,202401,26,784.2367758186398,6.030226700251889,588.6934673366834,795,89.0,0.10067873303167421,1386.814523184602,3.8652668416447935,1326.1942257217847,2286,56.0,0.02391118701964133,444.2678571428572,2.342032967032967,683.2284541723666,1459,36.0,0.024080267558528427,1147.6959706959708,4.657509157509158,771.9188191881918,1088,82.0,0.07008547008547009,789.933774834437,0.9503311258278144,906.3576158940398,604,24.0,0.03821656050955414,1476.273949579832,7.789915966386554,924.579391891892,1187,24.0,0.01981833195706028,664.5684713375796,3.0684713375796178,775.7142857142857,1258,228.0,0.15343203230148048,2157.092857142857,11.967857142857143,1434.8014440433212,557,19.0,0.03298611111111111,512.1397849462365,0.8602150537634409,594.2553191489362,187,57.0,0.2336065573770492,685.2482269503546,4.16548463356974,727.9620853080569,845,14.0,0.01629802095459837,995.8813838550248,5.675453047775948,909.8344370860927,1211,66.0,0.05168363351605325,903.6266666666668,3.486666666666667,785.4817275747508,1202,25.0,0.020374898125509373,724.3847874720358,1.3982102908277405,772.8699551569507,1786,26.0,0.01434878587196468,649.0691547749725,3.2711306256860597,867.0883315158125,1828,97.0,0.05038961038961039,1077.3755924170616,3.958530805687204,1123.5285714285717,1684,177.0,0.09511015583019881,1066.120578778135,3.334405144694534,894.721044045677,1235,45.0,0.03515625,944.9367088607596,2.1772151898734178,721.8947368421053,949,38.0,0.03850050658561297,887.2413793103449,3.718390804597701,978.9111747851005,697,29.0,0.03994490358126722,820.7746478873239,6.971830985915493,1203.9446366782006,573,21.0,0.03535353535353535,419.442774566474,2.054335260115607,563.1358885017422,1726,58.0,0.032511210762331835,593.6660268714012,1.1669865642994242,590.5566218809981,1042,36.0,0.03339517625231911,666.6176470588235,2.906862745098039,682.1437271619976,1637,115.0,0.0656392694063927,390.9795918367347,1.2775510204081633,487.25409836065575,978,8.0,0.008113590263691683,956.6159420289856,3.2342995169082127,898.9688995215311,832,28.0,0.03255813953488372,668.5560859188544,2.424821002386635,562.158273381295,836,25.0,0.029036004645760744,752.2419753086419,3.130864197530864,908.9778325123152,811,15.0,0.018159806295399514,1034.128242074928,2.4668587896253604,1103.9306358381502,1386,41.0,0.028731604765241767,560.601593625498,2.1314741035856573,717.1428571428571,503,11.0,0.021400778210116732,851.2881355932203,3.305084745762712,651.5436241610738,593,54.0,0.08346213292117466,549.4260563380282,1.7852112676056338,648.2978723404256,566,57.0,0.09149277688603531,766.0944206008584,2.6373390557939915,748.0085653104925,933,50.0,0.0508646998982706,1753.0758807588077,3.5420054200542004,1501.304347826087,737,64.0,0.07990012484394507,529.1764705882352,3.384313725490196,455.25291828793775,512,13.0,0.024761904761904763,399.6286472148541,4.755968169761273,609.4736842105264,757,6.0,0.007863695937090432
26,202401,27,516.296511627907,2.427325581395349,535.4782608695652,689,71.0,0.09342105263157895,932.0917926565876,3.819654427645789,740.8163265306123,1857,36.0,0.01901743264659271,702.8155668358714,2.470389170896785,495.66101694915255,1181,31.0,0.02557755775577558,519.8194130925508,3.205417607223476,462.7601809954752,885,25.0,0.027472527472527472,742.0588235294117,4.801470588235294,672.1771217712177,543,16.0,0.028622540250447227,502.6033402922756,3.215031315240084,832.1684210526316,954,33.0,0.03343465045592705,418.0612648221344,4.462450592885376,517.7307692307693,1026,101.0,0.08961845607808341,700.7894736842105,3.149122807017544,821.2987012987013,459,13.0,0.02754237288135593,1005.4651162790698,1.825581395348837,988.1481481481482,167,19.0,0.10215053763440861,571.0843373493976,2.5512048192771086,668.2882882882883,665,14.0,0.020618556701030927,675.2030947775629,2.491295938104449,647.9069767441861,1033,66.0,0.06005459508644222,837.485401459854,4.607664233576642,807.431693989071,1097,11.0,0.009927797833935019,991.9166666666666,7.070833333333334,706.7966573816155,1438,22.0,0.015068493150684932,375.2995049504951,2.860148514851485,571.1126237623762,1616,72.0,0.04265402843601896,740.9246088193456,3.1763869132290186,770.458452722063,1401,134.0,0.08729641693811074,567.8406072106262,3.049335863377609,473.8403041825095,1053,30.0,0.027700831024930747,916.4197530864196,2.397119341563786,868.2135523613963,973,46.0,0.045142296368989206,675.9558232931727,2.8072289156626504,493.6254980079681,500,16.0,0.031007751937984496,1315.0977777777778,16.00888888888889,1744.054054054054,447,25.0,0.05296610169491525,292.83185840707966,1.8952802359882008,452.7352941176471,1358,41.0,0.029306647605432452,289.6335078534032,1.6832460732984291,422.5464190981433,759,26.0,0.033121019108280254,357.9025157232704,2.569182389937107,402.6018808777429,1274,84.0,0.061855670103092786,208.58490566037736,1.5872641509433962,233.5058823529412,849,6.0,0.007017543859649123,849.0380952380953,3.7174603174603176,878.0220820189274,632,1.0,0.001579778830963665,644.8798798798799,3.1921921921921923,606.9642857142857,669,12.0,0.01762114537444934,946.81875,7.05625,898.5046728971963,641,11.0,0.01687116564417178,744.1112828438949,2.1669242658423493,676.1682242990654,1289,25.0,0.01902587519025875,548.8073394495412,1.6743119266055049,685.9907834101382,435,9.0,0.02027027027027027,559.0082987551867,3.2572614107883817,597.6962025316456,478,57.0,0.10654205607476636,312.9310344827586,1.762931034482759,378.0257510729614,465,43.0,0.08464566929133858,736.4759725400457,2.665903890160183,973.348623853211,873,47.0,0.051086956521739134,649.0358126721763,3.71900826446281,541.4958448753463,724,49.0,0.06338939197930142,772.4675324675325,2.909090909090909,236.34782608695653,461,8.0,0.017057569296375266,873.4694835680751,3.0985915492957745,401.6666666666667,429,0.0,0.0
27,202401,28,799.9020100502513,3.3819095477386933,696.0,798,30.0,0.036231884057971016,719.5863557858377,1.7288428324697755,851.0553633217993,2314,18.0,0.007718696397941681,475.1680107526882,1.73252688172043,673.4594594594595,1484,17.0,0.011325782811459028,815.7676950998185,3.016333938294011,1034.2960288808663,1105,13.0,0.011627906976744186,708.3809523809524,2.4095238095238094,789.8076923076923,627,7.0,0.011041009463722398,841.2381756756756,5.035472972972973,727.9054054054054,1184,15.0,0.012510425354462052,700.3188854489164,3.9504643962848296,677.9256965944272,1292,108.0,0.07714285714285714,1058.692857142857,3.05,779.7849462365591,559,5.0,0.008865248226950355,818.5714285714286,1.5238095238095235,570.75,164,18.0,0.0989010989010989,857.4334140435835,4.52542372881356,599.4216867469879,828,2.0,0.0024096385542168677,584.2006269592476,2.0031347962382444,808.1860465116279,1283,14.0,0.01079414032382421,803.827018121911,3.084019769357496,579.5702479338843,1212,3.0,0.0024691358024691358,467.64119601328906,1.937984496124031,497.3893805309734,1807,14.0,0.007688083470620538,487.29945945945946,2.8216216216216217,503.62459546925567,1852,29.0,0.01541733120680489,815.1038506417736,3.294049008168028,810.4895104895105,1715,27.0,0.015499425947187142,1023.9504792332268,3.260383386581469,785.024154589372,1247,14.0,0.011102299762093577,946.7065868263472,3.6407185628742513,1242.942345924453,1004,12.0,0.011811023622047244,460.5172413793104,1.5775862068965518,474.4186046511628,692,15.0,0.021216407355021217,691.2765957446809,3.0815602836879434,555.7446808510638,564,4.0,0.007042253521126761,336.2848904267589,1.8500576701268745,467.3938002296212,1738,18.0,0.010250569476082005,369.6089385474861,0.8379888268156425,377.4768089053803,1076,6.0,0.005545286506469501,675.840597758406,3.070983810709838,605.7,1603,38.0,0.02315661182205972,313.84615384615387,1.5769230769230769,383.00202839756594,987,8.0,0.008040201005025126,515.6935483870968,2.6912442396313363,545.6898148148148,866,11.0,0.012542759407069556,729.6516587677725,2.5450236966824646,639.5744680851063,845,8.0,0.009378663540445486,506.9589371980677,2.033816425120773,462.3510895883777,827,12.0,0.014302741358760428,749.7919556171984,2.635228848821082,769.2265193370166,1445,18.0,0.012303485987696514,582.4627450980392,3.247058823529412,681.8181818181819,508,5.0,0.009746588693957114,779.9075907590759,6.534653465346534,711.1184210526316,607,13.0,0.020967741935483872,367.56206896551726,1.5172413793103448,514.19795221843,583,21.0,0.0347682119205298,1045.0485436893205,4.854368932038835,1132.3976608187131,1028,16.0,0.01532567049808429,693.6711956521739,4.182065217391305,564.2587601078167,739,27.0,0.03524804177545692,1481.6666666666667,3.98015873015873,953.6220472440943,506,12.0,0.023166023166023165,1038.9565217391305,7.182608695652174,717.1929824561404,687,4.0,0.005788712011577424
28,202401,29,574.0992736077482,2.7142857142857144,783.0508474576271,826,15.0,0.0178359096313912,355.16812609457094,1.7259194395796849,479.2153443766347,2289,21.0,0.00909090909090909,512.9723756906077,2.117403314917127,376.07142857142856,1452,15.0,0.010224948875255624,513.6405959031657,2.450651769087523,541.679104477612,1073,1.0,0.000931098696461825,332.9966216216216,2.3445945945945947,332.2147651006711,594,6.0,0.01,990.3079584775088,3.3771626297577853,690.0518134715026,1157,12.0,0.010265183917878529,1413.341158059468,3.8622848200312982,1503.385579937304,1277,108.0,0.0779783393501805,695.4311594202899,3.550724637681159,298.05054151624546,553,0.0,0.0,3949.759036144578,2.6867469879518078,4294.390243902439,165,54.0,0.2465753424657534,347.25536992840097,4.658711217183771,339.09952606635073,841,3.0,0.0035545023696682463,392.1112929623568,1.7054009819967266,510.59016393442624,1221,4.0,0.0032653061224489797,498.0655462184874,3.989915966386554,548.7437185929648,1192,8.0,0.006666666666666667,350.5514018691589,1.0,314.11347517730496,1702,8.0,0.004678362573099415,355.2676659528908,2.645610278372591,435.8267379679144,1869,14.0,0.007434944237918215,614.8021201413428,2.265017667844523,739.2680047225501,1696,19.0,0.011078717201166181,659.3599348534202,2.1661237785016287,468.73848684210526,1222,11.0,0.008921330089213302,433.8559322033898,2.565677966101695,878.8535031847134,943,2.0,0.0021164021164021165,372.1714285714286,1.737142857142857,413.84615384615387,701,4.0,0.005673758865248227,400.42105263157896,6.529824561403509,572.0979020979021,571,2.0,0.0034904013961605585,345.88187134502925,1.823391812865497,465.1575262543757,1712,27.0,0.015526164462334674,315.83173996175907,1.118546845124283,403.0057803468208,1042,10.0,0.009505703422053232,607.6258992805756,3.2661870503597124,581.4440433212997,1665,20.0,0.011869436201780416,477.61764705882354,1.762605042016807,502.8930817610063,953,22.0,0.022564102564102566,637.9831730769231,2.5889423076923075,773.311004784689,834,8.0,0.009501187648456057,370.72926829268295,2.097560975609756,317.621359223301,822,9.0,0.010830324909747292,513.8985148514852,1.8267326732673268,567.4876847290641,810,11.0,0.013398294762484775,402.6933139534884,1.754360465116279,535.2838427947598,1375,20.0,0.014336917562724014,470.3529411764706,1.9568627450980391,524.7058823529412,510,0.0,0.0,472.6809210526316,3.1447368421052637,376.2214983713355,611,2.0,0.0032626427406199023,214.83561643835617,1.7123287671232876,255.9726962457338,585,13.0,0.021739130434782608,576.228813559322,3.4237288135593222,798.2663847780127,945,13.0,0.013569937369519834,1997.548128342246,6.454545454545454,1433.5656836461126,747,38.0,0.048407643312101914,583.98406374502,3.318725099601594,584.5783132530121,500,10.0,0.0196078431372549,445.7368421052632,5.326315789473684,332.29551451187336,759,2.0,0.002628120893561104
29,202401,30,466.0747422680412,4.463917525773196,629.6124031007752,775,18.0,0.02269861286254729,408.8877952755906,2.2578740157480315,334.0412979351033,2033,19.0,0.009259259259259259,199.21634615384616,2.203525641025641,276.8421052631579,1251,8.0,0.006354249404289118,828.2637362637363,4.375824175824176,673.8053097345132,907,10.0,0.010905125408942203,358.102766798419,1.0553359683794463,281.4117647058824,508,3.0,0.005870841487279843,872.3833017077799,2.569259962049336,1188.1368821292776,1053,6.0,0.0056657223796034,640.4601769911504,2.4513274336283186,675.0530035335689,1131,52.0,0.04395604395604396,557.1052631578947,3.6710526315789473,447.6521739130435,458,1.0,0.002178649237472767,986.25,0.84,1095.94,200,11.0,0.052132701421800945,516.1518987341772,5.569620253164557,259.8484848484849,791,8.0,0.010012515644555695,233.27305605786617,1.907775768535262,360.3254972875226,1106,5.0,0.004500450045004501,294.70741482965934,2.921843687374749,221.6969696969697,994,9.0,0.00897308075772682,301.88324873096445,0.949238578680203,202.70063694267515,1573,8.0,0.005060088551549652,263.2996300863132,2.3230579531442666,428.4558823529412,1627,20.0,0.012143290831815421,423.5943877551021,2.1658163265306123,460.6649616368287,1566,35.0,0.021861336664584636,871.4497257769652,2.7148080438756854,748.1901279707496,1094,8.0,0.007259528130671506,812.7272727272727,4.927272727272728,1068.466819221968,877,3.0,0.003409090909090909,313.00970873786406,1.4627831715210355,285.0485436893204,618,5.0,0.008025682182985553,937.3170731707318,3.926829268292683,452.1774193548387,494,10.0,0.01984126984126984,192.07692307692307,2.33974358974359,310.8667529107374,1553,19.0,0.012086513994910942,193.54368932038835,1.7718446601941749,242.02409638554215,827,10.0,0.011947431302270013,258.4109589041096,2.808219178082192,253.9917695473251,1459,10.0,0.0068073519400953025,550.6270783847981,1.6840855106888362,544.8571428571429,841,50.0,0.05611672278338945,379.7877094972067,2.430167597765363,234.80222841225623,717,18.0,0.024489795918367346,436.28729281767954,2.3756906077348066,448.4164383561644,727,7.0,0.009536784741144414,270.3619302949062,2.4316353887399464,280.16129032258067,745,6.0,0.007989347536617843,414.32142857142856,1.7339285714285717,449.9465240641711,1121,10.0,0.008841732979664015,257.26271186440675,1.8347457627118644,339.40677966101697,472,1.0,0.0021141649048625794,462.14695340501794,3.075268817204301,425.3571428571428,559,4.0,0.007104795737122558,255.42168674698797,2.674698795180723,135.3658536585366,495,2.0,0.004024144869215292,507.6271186440678,3.9293785310734464,394.3098591549296,709,2.0,0.0028129395218002813,1573.5951742627346,3.5630026809651474,1279.68,748,16.0,0.020942408376963352,738.7654320987655,3.0329218106995883,658.7704918032787,487,5.0,0.01016260162601626,852.7320954907162,3.763925729442971,454.5358090185677,754,9.0,0.011795543905635648
30,202401,31,451.26735218509,4.197943444730077,527.5703324808184,780,29.0,0.03584672435105068,329.77799607072694,2.034381139489194,349.4117647058824,2038,20.0,0.009718172983479106,270.6363636363636,1.957680250783699,319.8432601880877,1276,8.0,0.006230529595015576,273.781512605042,2.3634453781512605,270.43659043659045,957,1.0,0.0010438413361169101,308.4375,1.2109375,167.52941176470588,511,5.0,0.009689922480620155,457.3245778611632,3.5534709193245777,345.1048689138577,1067,5.0,0.0046641791044776115,413.6352941176471,4.050420168067227,373.6040609137056,1186,36.0,0.029459901800327332,318.79828326180257,3.652360515021459,143.17596566523605,466,1.0,0.0021413276231263384,1035.3061224489795,1.0,1340.1632653061224,196,15.0,0.07109004739336493,529.9507389162561,4.716748768472907,249.05940594059405,810,4.0,0.004914004914004914,213.15508021390372,1.8021390374331552,327.4866310160428,1122,6.0,0.005319148936170213,580.263339070568,4.951807228915663,463.9378238341969,1160,4.0,0.003436426116838488,191.46835443037972,0.9670886075949368,277.24399494311,1581,6.0,0.003780718336483932,180.57641395908544,2.594464500601685,253.10012062726176,1660,18.0,0.010727056019070322,395.02360248447206,1.9900621118012425,385.2475247524753,1613,15.0,0.009213759213759214,541.303730017762,2.296625222024866,507.2340425531915,1127,6.0,0.00529567519858782,451.2217194570136,2.6402714932126696,585.8823529411765,884,5.0,0.00562429696287964,242.35294117647055,1.3202614379084967,273.3333333333333,612,2.0,0.003257328990228013,194.64566929133855,4.141732283464567,338.8095238095238,506,4.0,0.00784313725490196,299.45525291828795,2.5979247730220494,340.0778210116732,1542,33.0,0.02095238095238095,197.12230215827336,2.2350119904076737,267.4940334128878,836,4.0,0.004761904761904762,525.3497942386831,5.5336076817558295,537.2950819672132,1461,26.0,0.017484868863483525,588.7927107061504,1.4031890660592254,835.4794520547945,877,13.0,0.014606741573033709,257.7790055248619,2.574585635359116,290.02770083102496,723,10.0,0.013642564802182811,337.6923076923077,1.9946949602122013,219.83870967741936,749,8.0,0.010568031704095112,261.2043010752688,2.217741935483871,301.4516129032258,744,7.0,0.009320905459387484,258.166089965398,1.916955017301038,333.3562822719449,1159,10.0,0.00855431993156544,288.35146443514645,2.719665271966527,365.75,479,5.0,0.010330578512396695,480.1849315068493,3.9280821917808217,346.875,580,9.0,0.015280135823429542,381.5810276679842,2.798418972332016,643.0588235294117,508,8.0,0.015503875968992248,443.903743315508,2.449197860962567,507.1849865951743,747,4.0,0.005326231691078562,667.5449275362319,1.655072463768116,491.86046511627904,689,11.0,0.015714285714285715,754.4262295081967,5.942622950819672,375.0,488,2.0,0.004081632653061225,330.712401055409,4.75197889182058,348.7598944591029,758,4.0,0.005249343832020997
31,202402,1,341.743961352657,3.0990338164251208,653.6690647482014,831,16.0,0.018890200708382526,532.1753472222222,2.3854166666666665,514.0601045296168,2300,28.0,0.012027491408934709,778.1002747252747,2.6881868131868134,721.5724137931035,1453,38.0,0.025486250838363516,391.7963963963964,2.933333333333333,674.0540540540541,1110,8.0,0.007155635062611807,391.7763157894737,0.8618421052631579,674.9006622516556,606,3.0,0.0049261083743842365,549.3972602739726,4.284246575342466,356.75468483816013,1171,3.0,0.002555366269165247,558.6621212121212,2.772727272727273,770.42383107089,1323,49.0,0.03571428571428571,590.6594202898551,3.891304347826087,665.2363636363636,551,8.0,0.014311270125223614,2766.739583333333,2.927083333333333,2616.494845360825,193,36.0,0.1572052401746725,313.68171021377674,4.016627078384798,553.9336492890995,843,7.0,0.00823529411764706,282.9690048939641,1.2789559543230016,432.1370309951061,1226,13.0,0.010492332526230832,459.8611570247934,2.7851239669421486,577.2892561983471,1210,6.0,0.004934210526315789,415.2781690140845,0.7488262910798122,338.4507042253521,1704,9.0,0.005253940455341506,466.23151125401927,2.596998928188639,658.5867237687366,1867,30.0,0.0158144438587243,366.739281575898,2.020857473928157,463.19075144508673,1728,18.0,0.010309278350515464,449.8903436988544,2.1800327332242224,523.2512315270936,1220,11.0,0.008935824532900082,522.6970954356847,1.495850622406639,535.4132231404959,966,5.0,0.005149330587023687,451.83673469387753,1.1720116618075802,553.6046511627907,687,25.0,0.0351123595505618,365.28169014084506,3.461267605633803,498.8811188811189,570,13.0,0.022298456260720412,788.5714285714286,4.828571428571428,963.8343195266272,1685,83.0,0.04694570135746606,4157.532467532467,2.502164502164502,2640.518358531317,925,265.0,0.22268907563025211,1053.3823529411766,4.175245098039215,1172.0981595092026,1631,72.0,0.042278332354668234,532.3896907216495,1.5443298969072166,718.8819875776397,968,8.0,0.00819672131147541,323.625,2.025943396226415,427.845971563981,846,7.0,0.008206330597889801,481.9375,1.9567307692307687,491.421686746988,831,21.0,0.02464788732394366,380.465,2.435,345.3,800,4.0,0.004975124378109453,347.5,1.4310344827586208,344.82758620689657,1392,3.0,0.002150537634408602,270.39442231075697,2.1274900398406373,417.3809523809524,503,9.0,0.017578125,508.7641196013289,3.053156146179402,460.4,601,8.0,0.013136288998357963,1019.5448275862068,6.189655172413793,1091.157894736842,575,39.0,0.06351791530944625,374.1751527494909,1.8737270875763747,369.4672131147541,979,7.0,0.007099391480730223,2131.580310880829,6.305699481865285,1408.9175257731958,774,22.0,0.02763819095477387,659.2828685258964,6.5936254980079685,498.6454183266932,502,5.0,0.009861932938856016,315.60321715817696,4.02680965147453,280.0,745,3.0,0.004010695187165776
32,202402,2,477.7547619047619,4.545238095238095,588.5441527446301,839,2.0,0.0023781212841854932,742.7302688638334,6.189939288811796,606.6724587315377,2304,20.0,0.008605851979345954,691.7285318559557,3.339335180055402,756.248275862069,1447,24.0,0.016315431679129844,331.3948339483395,3.238007380073801,493.9226519337017,1085,31.0,0.027777777777777776,330.19736842105266,1.236842105263158,571.0819672131148,609,1.0,0.001639344262295082,629.8430034129693,3.0631399317406145,573.7564322469983,1169,0.0,0.0,581.6448736998514,3.612184249628529,679.9115044247787,1351,27.0,0.019593613933236574,738.942238267148,4.447653429602888,517.3381294964029,555,2.0,0.003590664272890485,1441.292929292929,0.9696969696969696,1441.8556701030927,196,47.0,0.1934156378600823,535.6937799043062,5.2990430622009566,415.8273381294964,835,2.0,0.0023894862604540022,456.1363636363636,3.772727272727273,407.5526742301458,1233,9.0,0.007246376811594203,428.3532338308458,3.54228855721393,477.30897009966776,1205,7.0,0.005775577557755775,291.5962660443407,0.8436406067677946,329.19674039580906,1716,5.0,0.002905287623474724,527.4665936473166,3.502738225629792,466.49835345773874,1824,108.0,0.055900621118012424,458.5574516496018,2.926052332195677,375.59863169897375,1756,10.0,0.0056625141562853904,383.2773246329527,1.939641109298532,287.43230016313214,1226,3.0,0.0024410089503661514,388.11715481171547,1.788702928870293,430.6694560669456,956,0.0,0.0,592.9618768328446,5.551319648093842,464.86803519061584,682,8.0,0.011594202898550725,245.66433566433565,2.769230769230769,533.0769230769231,572,0.0,0.0,661.4901277584204,2.872241579558653,828.4027777777778,1725,19.0,0.010894495412844037,1550.359168241966,2.5841209829867675,1316.571428571429,1054,14.0,0.013108614232209739,789.5340501792115,4.127837514934289,786.064209274673,1678,15.0,0.008860011813349085,554.8148148148148,4.255144032921811,756.0743801652893,970,3.0,0.003083247687564234,424.3204819277108,2.1710843373493978,410.5727923627685,834,7.0,0.008323424494649227,278.5985576923077,1.90625,372.578313253012,831,9.0,0.010714285714285714,612.0845771144278,2.970149253731343,574.4381188118812,806,7.0,0.008610086100861008,522.5974025974026,1.7604617604617605,335.2173913043478,1383,8.0,0.005751258087706686,382.8571428571428,1.7936507936507935,379.2094861660079,505,4.0,0.007858546168958742,482.12,2.9166666666666665,353.0,600,3.0,0.004975124378109453,606.530612244898,2.95578231292517,710.7849829351536,587,21.0,0.03453947368421053,546.7640918580375,2.3799582463465554,329.685534591195,956,0.0,0.0,1306.0829145728644,2.972361809045226,794.5088161209068,795,8.0,0.009962640099626401,515.15625,4.20703125,345.4117647058824,511,1.0,0.001953125,406.0162601626016,4.761517615176151,313.6216216216216,739,1.0,0.0013513513513513514
33,202402,3,702.4309392265193,1.941988950276243,603.4903047091412,723,6.0,0.00823045267489712,765.0064655172414,2.882543103448276,636.5554359526373,1857,42.0,0.022116903633491312,836.3468013468014,2.994949494949495,979.0909090909092,1188,33.0,0.02702702702702703,1397.0977272727273,8.920454545454545,1165.5760368663591,874,58.0,0.06223175965665236,705.2747252747253,0.9377289377289376,437.0181818181818,548,6.0,0.010830324909747292,676.7088607594936,2.580168776371308,609.7058823529412,950,9.0,0.009384775808133473,781.8475836431227,3.607806691449814,808.7102803738318,1073,17.0,0.015596330275229359,456.94323144104806,3.519650655021834,316.7685589519651,458,3.0,0.006507592190889371,922.3908045977012,3.2758620689655173,693.0337078651686,176,21.0,0.1065989847715736,769.1238670694864,2.8036253776435047,382.2289156626506,663,3.0,0.0045045045045045045,692.5519848771266,2.9262759924385637,932.851711026616,1055,13.0,0.012172284644194757,419.7981818181818,3.250909090909091,694.8457350272232,1101,13.0,0.011669658886894075,580.2489626556016,1.3029045643153527,335.58620689655174,1448,19.0,0.012951601908657124,4523.375886524823,15.73758865248227,4622.754662840746,1402,566.0,0.28760162601626016,1076.0715268225586,6.090784044016506,542.3172413793103,1452,33.0,0.022222222222222223,609.3183520599251,1.5524344569288389,406.31775700934577,1069,7.0,0.006505576208178439,532.5760649087221,1.9432048681541585,750.3658536585366,985,4.0,0.004044489383215369,922.016129032258,2.3830645161290325,713.5714285714286,500,7.0,0.013806706114398421,639.647577092511,2.881057268722467,651.5044247787611,453,3.0,0.006578947368421052,1120.171597633136,2.680473372781065,1051.420118343195,1352,47.0,0.03359542530378842,676.09375,2.109375,860.1047120418848,766,12.0,0.015424164524421594,1655.589312977099,4.3923664122137405,1035.5521472392638,1307,26.0,0.019504876219054765,1041.26213592233,2.5024271844660197,1288.8516746411483,830,46.0,0.05251141552511415,872.9873817034701,2.602523659305993,798.1308411214953,638,11.0,0.01694915254237288,758.7673716012084,1.7522658610271904,407.1810089020772,668,2.0,0.0029850746268656717,877.5955414012739,2.8694267515923566,949.2993630573249,628,38.0,0.057057057057057055,597.3148148148148,1.4305555555555556,568.2790697674419,1293,7.0,0.005384615384615384,650.6422018348624,1.1697247706422018,813.8181818181819,438,2.0,0.004545454545454545,727.8260869565217,2.4703557312252964,585.0,505,4.0,0.007858546168958742,1096.5432098765432,2.230452674897119,1262.2314049586778,485,5.0,0.01020408163265306,428.4,1.24,559.9556541019956,901,0.0,0.0,1218.3,4.875675675675676,702.9268292682926,739,10.0,0.01335113484646195,983.0769230769232,3.55982905982906,498.5407725321888,467,2.0,0.0042643923240938165,392.88461538461536,1.9663461538461535,254.28571428571428,418,1.0,0.002386634844868735
34,202402,4,1163.074074074074,2.1160493827160494,572.8746928746929,812,6.0,0.007334963325183374,1056.5358686257562,3.0259291270527227,840.2083333333334,2309,25.0,0.010711225364181662,1131.3782668500687,2.9628610729023386,1161.404958677686,1453,67.0,0.04407894736842105,2073.0798479087453,5.998098859315589,1865.8317757009345,1061,78.0,0.0684811237928007,1208.5691318327974,4.829581993569132,1153.2038834951456,620,3.0,0.004815409309791332,982.3258620689656,2.7051724137931035,656.7820069204153,1158,14.0,0.011945392491467578,1225.5899843505476,3.701095461658842,1212.2620904836194,1280,103.0,0.07447577729573392,1165.7454545454543,3.24,726.1313868613139,549,7.0,0.012589928057553957,1736.0526315789473,0.9210526315789472,1544.3835616438355,149,34.0,0.18579234972677597,738.1907090464548,3.259168704156479,575.0246305418719,815,4.0,0.004884004884004884,879.0851735015773,2.9022082018927446,996.6926677067082,1275,24.0,0.018475750577367205,1223.8580858085809,2.902640264026403,976.4900662251656,1210,19.0,0.015459723352318959,1110.139211136891,3.04524361948956,937.186046511628,1722,11.0,0.006347374495095211,2041.829834254144,8.458563535911603,2540.755260243632,1808,126.0,0.06514994829369183,1131.2343934040048,2.522968197879859,1142.950819672131,1703,33.0,0.019009216589861752,1186.071544715447,1.721951219512195,852.574225122349,1228,12.0,0.00967741935483871,2278.181818181818,9.646464646464649,2541.298174442191,988,12.0,0.012,1154.686567164179,2.423880597014925,932.0845921450152,666,11.0,0.01624815361890694,801.7607142857142,2.2464285714285714,694.9285714285714,560,6.0,0.01060070671378092,2304.312907431552,8.826597131681877,2268.5271317829456,1541,357.0,0.1880927291886196,2587.821011673152,3.657587548638132,2587.4418604651164,1030,96.0,0.0852575488454707,4747.5303514377,19.57188498402556,4397.142857142857,1256,710.0,0.3611393692777213,1535.4639830508474,3.351694915254237,1326.3418259023354,943,80.0,0.07820136852394917,1065.5116279069769,2.969767441860465,929.8028169014084,856,14.0,0.016091954022988506,935.311004784689,1.7870813397129186,584.2788461538462,834,6.0,0.007142857142857143,1064.591687041565,2.4792176039119806,859.760391198044,818,11.0,0.013268998793727383,1287.531380753138,7.050209205020921,963.5883171070932,1436,13.0,0.008971704623878536,1220.470588235294,1.4431372549019608,1034.2857142857142,507,4.0,0.007827788649706457,1231.4027303754267,2.5665529010238908,482.8378378378378,589,5.0,0.008417508417508417,2149.090909090909,5.065454545454545,1831.868131868132,548,88.0,0.13836477987421383,1422.607003891051,6.780155642023346,1602.5581395348838,1030,8.0,0.007707129094412331,825.6162162162162,2.2405405405405405,517.8260869565217,738,8.0,0.010723860589812333,1551.84,2.884,709.5652173913044,503,9.0,0.017578125,888.0,2.671641791044776,803.3132530120482,667,2.0,0.0029895366218236174
35,202402,5,388.7961630695444,2.587529976019185,287.16346153846155,833,4.0,0.0047789725209080045,548.5723049956179,2.641542506573181,530.5759162303665,2287,25.0,0.010813148788927335,902.432098765432,2.689986282578875,901.961485557084,1456,22.0,0.014884979702300407,644.6623616236162,2.6494464944649447,678.929889298893,1084,36.0,0.03214285714285714,477.6158940397351,1.6357615894039734,606.7549668874173,604,0.0,0.0,724.7582608695652,2.2904347826086955,564.2708333333334,1151,8.0,0.006902502157031924,716.1102831594635,3.0,875.7142857142857,1343,24.0,0.01755669348939283,865.3992673992674,2.681318681318681,644.1758241758242,546,2.0,0.0036496350364963502,646.1413043478261,0.3369565217391304,620.2173913043479,184,20.0,0.09803921568627451,725.5339805825242,3.5485436893203883,546.6666666666666,826,7.0,0.008403361344537815,423.4201954397394,2.592833876221498,434.80392156862746,1226,9.0,0.0072874493927125505,649.4073455759599,3.4474123539232053,416.50582362728784,1200,14.0,0.011532125205930808,646.159386068477,1.6009445100354192,511.9388954171563,1698,6.0,0.0035211267605633804,838.0655209452202,2.37593984962406,923.4193548387096,1861,38.0,0.020010531858873092,1005.0893066980024,6.327849588719154,702.6148409893993,1700,21.0,0.01220220801859384,593.327868852459,2.091803278688525,656.5403624382208,1217,6.0,0.004905968928863451,624.3589743589744,2.797008547008547,967.5802997858672,935,4.0,0.004259850905218318,551.2941176470588,2.4323529411764704,499.5882352941176,680,3.0,0.004392386530014641,541.6783216783217,2.465034965034965,405.05263157894734,571,3.0,0.005226480836236934,1581.7081850533807,6.172004744958482,1875.10843373494,1673,103.0,0.05799549549549549,2541.891891891892,5.693050193050193,2352.882011605416,1035,27.0,0.025423728813559324,2133.8564356435645,6.693069306930693,2355.294117647059,1624,116.0,0.06666666666666667,1263.2746331236897,6.377358490566038,1297.3894736842103,952,19.0,0.01956745623069001,501.5595238095238,2.009523809523809,519.4774346793349,841,2.0,0.002372479240806643,576.7931873479318,2.070559610705596,398.5401459854015,822,15.0,0.017921146953405017,483.8204488778055,1.6832917705735662,442.8134328358209,803,6.0,0.007416563658838072,563.056768558952,2.4788937409024747,682.0960698689956,1374,9.0,0.006507592190889371,464.52777777777777,1.4047619047619049,456.3779527559056,506,4.0,0.00784313725490196,867.6283783783783,2.3986486486486487,318.9261744966443,594,7.0,0.011647254575707155,1677.7397260273972,7.212328767123288,1639.381443298969,583,24.0,0.039538714991762765,519.5794979079498,2.8912133891213387,850.75,958,8.0,0.008281573498964804,606.2768817204301,2.193548387096774,430.455764075067,745,9.0,0.011936339522546418,982.6190476190476,3.011904761904762,749.1633466135459,503,7.0,0.013725490196078431,394.8493150684931,3.8383561643835615,507.8571428571428,729,10.0,0.013531799729364006
36,202402,6,280.66496163682865,2.7058823529411766,217.84615384615384,781,3.0,0.003826530612244898,496.1232741617357,2.2593688362919133,459.1330049261084,2029,25.0,0.012171372930866602,667.3681672025723,6.017684887459807,669.888,1247,11.0,0.008744038155802861,457.3706896551725,2.915948275862069,583.5652173913044,924,6.0,0.0064516129032258064,177.92307692307693,1.6653846153846157,219.16030534351145,522,0.0,0.0,478.8003802281369,3.0190114068441063,314.1984732824428,1050,2.0,0.0019011406844106464,406.8096054888508,2.706689536878216,425.3700516351119,1164,12.0,0.01020408163265306,755.6315789473684,1.9605263157894737,166.3755458515284,457,6.0,0.012958963282937365,250.9090909090909,0.7954545454545454,635.056179775281,177,9.0,0.04838709677419355,342.680412371134,3.850515463917526,342.5257731958763,776,5.0,0.006402048655569782,169.87432675044883,1.687612208258528,228.7971274685817,1114,2.0,0.0017921146953405018,498.6927710843373,3.781124497991968,570.8467741935484,994,22.0,0.021653543307086614,354.49435382685067,0.9272271016311168,255.678391959799,1593,7.0,0.004375,448.0486618004866,4.254257907542579,555.3284671532847,1644,10.0,0.006045949214026602,640.0589743589744,4.198717948717949,602.2279129321383,1561,17.0,0.010773130544993664,270.5036496350365,1.791970802919708,321.3893967093236,1095,7.0,0.006352087114337568,285.17321016166284,2.8775981524249423,390.8372093023256,863,26.0,0.02924634420697413,397.5,2.3092105263157894,319.7368421052632,608,2.0,0.003278688524590164,434.2168674698795,3.606425702811245,520.9638554216867,498,4.0,0.00796812749003984,809.8841698841699,5.646074646074646,715.1036269430052,1549,13.0,0.008322663252240717,1746.9733656174335,4.631961259079903,1238.313253012048,828,5.0,0.006002400960384154,498.8782489740082,3.8372093023255816,504.6090534979424,1460,9.0,0.006126616746085773,204.8711943793911,2.7423887587822016,371.1111111111111,859,11.0,0.01264367816091954,233.14600550964187,3.413223140495868,413.4585635359116,725,7.0,0.009562841530054645,296.31666666666666,2.147222222222222,503.0386740331492,722,19.0,0.02564102564102564,260.07859078590786,2.902439024390244,351.6847826086956,737,4.0,0.005398110661268556,289.53237410071944,2.2967625899280577,306.42857142857144,1116,5.0,0.0044603033006244425,217.3390557939914,1.3133047210300428,188.71794871794876,467,3.0,0.006382978723404255,426.65201465201466,2.673992673992674,357.5824175824176,546,3.0,0.00546448087431694,754.8780487804878,6.520325203252033,869.0322580645161,494,1.0,0.00202020202020202,211.10481586402267,3.0651558073654392,367.1186440677966,707,3.0,0.004225352112676056,163.76111111111112,1.1222222222222222,183.97790055248615,722,3.0,0.004137931034482759,770.2439024390244,3.9146341463414633,536.0493827160494,489,4.0,0.008113590263691683,481.6574585635359,4.138121546961326,648.7292817679559,724,2.0,0.0027548209366391185
37,202402,7,182.62373737373736,3.525252525252525,212.42424242424244,792,5.0,0.006273525721455458,474.6204523107178,3.045231071779744,298.5826771653543,2033,8.0,0.0039196472317491425,633.6514195583596,4.534700315457413,513.5657686212361,1265,12.0,0.009397024275646046,472.06611570247935,3.508264462809917,625.1020408163265,974,10.0,0.01016260162601626,255.2808988764045,1.4344569288389513,256.2406015037594,533,2.0,0.003738317757009346,443.4291115311909,2.440453686200378,330.93939393939394,1057,10.0,0.00937207122774133,407.4601328903655,2.857142857142857,425.8706467661692,1205,16.0,0.013104013104013105,337.510729613734,2.6008583690987126,397.0815450643777,466,5.0,0.010615711252653927,638.6938775510204,0.9897959183673468,501.4285714285714,196,7.0,0.034482758620689655,246.3,4.5625,162.96482412060303,798,5.0,0.0062266500622665,214.93617021276597,2.4060283687943262,224.38938053097343,1129,2.0,0.0017683465959328027,289.2938144329897,3.446735395189004,352.4871355060034,1165,13.0,0.011035653650254669,233.44513715710724,1.0610972568578554,221.33828996282529,1609,11.0,0.006790123456790123,378.0658682634731,3.788023952095808,434.11764705882354,1668,13.0,0.007733491969066032,328.3835616438356,1.891656288916563,211.37888198757764,1608,3.0,0.00186219739292365,311.05871886121,1.9626334519572957,243.303730017762,1125,7.0,0.006183745583038869,220.8597285067873,1.7126696832579185,363.1292517006803,883,2.0,0.0022598870056497176,187.72277227722773,1.518151815181518,162.11920529801324,605,3.0,0.004934210526315789,228.4251968503937,3.65748031496063,231.0236220472441,508,1.0,0.0019646365422396855,520.3123393316196,4.374035989717224,506.3076923076923,1558,13.0,0.008274984086569064,299.0047393364929,2.824644549763033,277.1294117647059,847,3.0,0.0035294117647058825,779.429347826087,7.423913043478261,628.6178861788618,1474,13.0,0.008742434431741762,978.0410022779045,2.870159453302961,926.4839449541284,875,9.0,0.010180995475113122,202.4328767123288,2.643835616438356,339.6694214876033,728,5.0,0.0068212824010914054,177.9419525065963,2.08179419525066,252.0643431635389,752,15.0,0.01955671447196871,152.65405405405406,2.8945945945945946,393.0810810810811,740,2.0,0.0026954177897574125,168.10256410256412,1.984615384615385,318.6666666666667,1170,8.0,0.006791171477079796,171.7058823529412,1.9915966386554624,339.07563025210084,476,1.0,0.0020964360587002098,371.0625,3.6631944444444446,271.04895104895104,574,8.0,0.013745704467353952,463.8910505836576,2.906614785992218,629.0697674418604,515,1.0,0.001937984496124031,208.4126984126984,2.0873015873015874,371.2997347480106,755,2.0,0.002642007926023778,352.7225274725275,2.131868131868132,300.4931506849315,729,9.0,0.012195121951219513,465.8536585365854,5.40650406504065,459.9183673469388,491,1.0,0.0020325203252032522,373.972602739726,3.723287671232877,379.672131147541,731,1.0,0.001366120218579235
38,202402,8,191.62857142857143,3.0690476190476192,219.57142857142856,840,2.0,0.0023752969121140144,495.8395490026019,2.976582827406765,501.4099216710183,2302,9.0,0.0038944180008654264,1434.2161422708618,6.848153214774282,843.2231404958678,1457,12.0,0.008168822328114363,1249.141831238779,5.025134649910234,1027.273381294964,1113,22.0,0.019383259911894272,436.5584415584416,1.1915584415584417,600.3908794788274,615,2.0,0.0032414910858995136,638.8877551020408,2.42687074829932,507.7715736040609,1179,7.0,0.005902192242833052,357.6973293768546,2.970326409495549,438.4888888888889,1349,7.0,0.005162241887905605,456.93594306049823,3.206405693950178,589.9644128113879,562,2.0,0.0035460992907801418,695.8762886597938,1.2268041237113405,128.659793814433,194,8.0,0.039603960396039604,470.6474820143885,4.467625899280575,351.51079136690646,834,8.0,0.009501187648456057,509.90415335463257,2.015974440894569,332.60450160771705,1248,3.0,0.002398081534772182,565.16,2.7783333333333333,449.1514143094842,1201,8.0,0.006617038875103391,309.29084588644264,0.8366164542294322,245.7439446366782,1730,8.0,0.004602991944764097,433.0244420828905,3.1604675876726884,468.6624203821656,1883,18.0,0.009468700683850605,741.9503464203233,4.439953810623557,709.5172413793103,1736,14.0,0.008,303.46915584415586,1.8831168831168832,247.4788961038961,1232,4.0,0.003236245954692557,463.1055900621118,1.9834368530020705,783.7190082644628,967,0.0,0.0,732.0348837209302,3.11046511627907,730.733137829912,685,1.0,0.0014577259475218659,483.9446366782007,5.200692041522491,642.8275862068965,579,4.0,0.00686106346483705,657.3464658169178,3.223638470451912,580.4602991944764,1732,11.0,0.006310958118187034,646.7027027027027,2.5243243243243243,446.6787658802178,1106,8.0,0.00718132854578097,577.1450839328537,3.816546762589928,605.1017964071856,1669,15.0,0.008907363420427554,506.6611570247934,2.0020661157024797,616.1590909090909,968,7.0,0.0071794871794871795,393.0747663551402,2.869158878504673,290.9953161592506,855,7.0,0.008120649651972157,321.19331742243435,2.088305489260143,558.5167464114833,837,12.0,0.014134275618374558,410.3707317073171,2.3853658536585365,586.5693430656934,821,8.0,0.009650180940892641,359.57203994293866,1.3708987161198287,371.57142857142856,1401,7.0,0.004971590909090909,214.7619047619048,1.1507936507936507,402.8571428571428,504,2.0,0.003952569169960474,309.6655737704918,2.580327868852459,283.4754098360656,610,4.0,0.006514657980456026,829.2567567567568,3.4695945945945947,900.2013422818792,594,9.0,0.014925373134328358,563.6585365853658,2.0121951219512195,536.4417177914111,981,1.0,0.0010183299389002036,239.84408602150535,1.403225806451613,203.28840970350404,743,12.0,0.015894039735099338,740.9411764705883,6.662745098039216,478.1102362204724,509,3.0,0.005859375,469.47945205479454,3.3123287671232875,569.430894308943,734,11.0,0.01476510067114094
39,202402,9,249.10843373493972,2.8843373493975903,258.4172661870504,832,4.0,0.004784688995215311,578.6713043478261,3.011304347826087,472.05574912891984,2298,13.0,0.005625270445694505,699.7574931880109,3.7806539509536794,658.1942544459645,1465,10.0,0.006779661016949152,460.0234657039711,2.8898916967509027,441.59132007233273,1107,3.0,0.002702702702702703,478.4313725490196,2.088235294117647,553.5294117647059,612,1.0,0.0016313213703099511,542.2673434856176,3.65989847715736,688.7252559726962,1177,2.0,0.0016963528413910093,487.93057607090105,2.197932053175776,376.5153733528551,1360,11.0,0.008023340627279359,378.13978494623655,2.835125448028674,225.53191489361703,561,1.0,0.0017793594306049821,555.9142857142857,1.1904761904761905,493.2692307692308,209,7.0,0.032407407407407406,216.95652173913044,4.147342995169082,243.768115942029,828,2.0,0.0024096385542168677,519.0095846645368,1.6006389776357828,505.1674641148325,1253,4.0,0.0031821797931583136,422.9145728643216,2.829145728643216,336.60504201680675,1192,7.0,0.005838198498748957,229.51154734411085,1.0750577367205545,253.77162629757785,1733,6.0,0.0034502587694077054,570.240170031881,5.012752391073327,690.0636942675159,1883,16.0,0.00842548709847288,388.8268792710706,2.2801822323462413,383.155505107832,1759,9.0,0.005090497737556561,342.75895765472313,2.193811074918566,308.52941176470586,1226,10.0,0.008090614886731391,464.5606694560669,1.9769874476987448,538.1171548117155,956,0.0,0.0,504.88235294117646,1.6911764705882353,844.0588235294117,680,6.0,0.008746355685131196,293.9160839160839,3.723776223776224,266.7595818815331,573,0.0,0.0,437.7928653624856,2.4533947065592634,501.0138248847927,1737,4.0,0.0022975301550832855,430.1926444833625,1.8563922942206652,379.0192644483362,1142,8.0,0.006956521739130435,566.0164512338425,3.0517038777908345,579.4847775175645,1705,9.0,0.005250875145857643,624.6673511293634,5.724845995893224,380.99378881987576,970,2.0,0.00205761316872428,529.8812351543943,4.03562945368171,582.4268867924528,845,6.0,0.007050528789659225,392.29665071770336,2.055023923444976,349.61538461538464,834,7.0,0.008323424494649227,393.9301204819277,2.4578313253012047,271.3669064748201,832,7.0,0.00834326579261025,358.0143884892086,1.441726618705036,411.7122302158273,1390,6.0,0.004297994269340974,175.0,1.4801587301587302,471.4285714285714,504,8.0,0.015625,427.45514950166114,2.976744186046512,348.9261744966443,599,1.0,0.0016666666666666668,470.314381270903,2.6220735785953178,533.1313131313132,596,4.0,0.006666666666666667,336.37316561844864,2.029350104821803,510.49792531120335,959,1.0,0.0010416666666666667,459.0,1.1295336787564767,365.7512953367876,772,26.0,0.03258145363408521,417.2230769230769,2.6538461538461537,288.0933852140078,517,2.0,0.0038535645472061657,305.7377049180328,4.030054644808743,410.655737704918,732,3.0,0.004081632653061225
40,202402,10,400.49171270718233,3.069060773480663,374.6666666666667,722,5.0,0.0068775790921595595,1188.2950643776824,4.115879828326181,883.2513368983957,1867,14.0,0.007442849548112706,864.9899833055092,6.343906510851419,712.4749163879599,1197,15.0,0.012376237623762377,546.8421052631579,2.708333333333333,321.2307692307692,911,1.0,0.0010964912280701754,585.3763440860215,3.5448028673835124,257.3285198555957,556,2.0,0.0035842293906810036,352.61076604554864,3.002070393374741,323.8253638253638,964,1.0,0.0010362694300518134,366.6353591160221,1.9465930018416209,555.1660516605166,1085,2.0,0.0018399264029438822,327.5238095238095,2.9264069264069263,268.58369098712444,464,0.0,0.0,463.967032967033,1.0879120879120878,436.9139784946237,184,4.0,0.02127659574468085,317.0121951219512,2.817073170731707,359.08256880733944,655,3.0,0.004559270516717325,874.2379182156134,2.7323420074349443,782.5650557620818,1076,6.0,0.005545286506469501,426.4598540145985,3.173357664233577,479.6727272727273,1098,3.0,0.0027247956403269754,450.2439024390244,1.2981029810298104,322.6522327469553,1477,5.0,0.0033738191632928477,1155.7726723095525,4.856106408706167,1328.4466019417475,1651,34.0,0.020178041543026708,416.0682128240109,2.117326057298772,394.6374829001368,1464,5.0,0.0034036759700476512,332.64935064935065,1.9202226345083488,213.3457249070632,1077,1.0,0.0009276437847866419,517.1196754563895,2.034482758620689,634.5121951219512,985,3.0,0.003036437246963563,1047.011952191235,7.808764940239044,711.7647058823529,506,0.0,0.0,388.0349344978166,3.3580786026200875,284.1409691629956,456,0.0,0.0,526.5592972181552,2.187408491947292,653.7444933920705,1364,9.0,0.0065549890750182084,373.77777777777777,1.4987654320987651,326.5841584158416,809,3.0,0.003694581280788177,612.2900302114804,2.435045317220544,430.5295007564296,1323,9.0,0.006756756756756757,733.6170212765958,2.1087470449172576,677.5295508274231,846,1.0,0.0011806375442739079,888.392523364486,3.1713395638629285,539.9538461538461,646,2.0,0.0030864197530864196,432.7544910179641,1.8502994011976048,307.6557863501484,671,1.0,0.001488095238095238,460.4361370716511,2.305295950155763,327.39130434782606,643,3.0,0.0046439628482972135,413.9721792890263,1.2256568778979908,492.1296296296296,1295,3.0,0.0023112480739599386,320.0,1.095890410958904,390.27272727272725,439,3.0,0.006787330316742082,406.2795275590551,2.9763779527559056,354.5238095238095,506,3.0,0.005893909626719057,437.2131147540984,2.19672131147541,536.7768595041322,486,0.0,0.0,255.364238410596,1.6313465783664458,455.78713968957874,904,0.0,0.0,477.5514511873351,1.1345646437994723,521.3793103448276,756,5.0,0.006570302233902759,536.3793103448276,4.254310344827586,344.23728813559325,468,3.0,0.006369426751592357,156.52173913043478,3.5120772946859904,165.42857142857142,417,1.0,0.0023923444976076554
41,202402,11,430.6296296296296,2.2222222222222223,331.9117647058824,813,4.0,0.004895960832313341,1708.875982532751,5.298689956331878,1471.764705882353,2284,34.0,0.014667817083692839,393.7472826086956,2.0543478260869565,418.9402173913044,1472,14.0,0.009421265141318977,528.3828125,2.107421875,546.4202334630351,1026,4.0,0.003883495145631068,905.8631921824104,5.403908794788274,749.8051948051948,615,6.0,0.00966183574879227,382.6201413427562,2.4381625441696118,313.09859154929575,1134,3.0,0.002638522427440633,300.5564142194745,3.064914992272025,321.6744186046512,1292,2.0,0.0015455950540958269,455.2,2.4363636363636365,354.1304347826087,551,2.0,0.003616636528028933,416.4623655913978,1.2473118279569892,358.68131868131866,184,4.0,0.02127659574468085,731.7037037037037,8.85679012345679,622.9850746268656,807,6.0,0.007380073800738007,1044.5707547169811,5.583333333333333,844.199066874028,1279,24.0,0.01841903300076746,578.894472361809,4.038525963149079,618.1208053691275,1193,12.0,0.00995850622406639,623.6822085889571,3.510429447852761,520.9864364981504,1626,12.0,0.007326007326007326,628.9387755102041,2.3877551020408165,620.2355460385439,1865,14.0,0.007450771687067589,497.3274231678487,2.276595744680851,466.9565217391304,1697,13.0,0.00760233918128655,309.9053356282272,2.0378657487091223,339.375,1157,7.0,0.006013745704467354,671.030303030303,2.7292929292929293,793.4545454545455,990,4.0,0.004024144869215292,783.7951807228916,3.9397590361445785,884.4036697247707,659,1.0,0.0015151515151515152,386.3736263736264,2.677655677655677,463.3576642335767,547,1.0,0.0018248175182481751,334.97238895558223,2.397358943577431,628.9605734767025,1670,4.0,0.0023894862604540022,311.0497237569061,1.3186003683241252,309.68460111317256,1082,9.0,0.008249312557286892,408.53164556962025,2.4962025316455696,426.3959390862944,1578,7.0,0.004416403785488959,320.91503267973854,1.4945533769063182,422.8633405639913,920,2.0,0.0021691973969631237,1026.5334928229663,5.1913875598086126,871.8698795180723,833,11.0,0.013033175355450236,424.65,1.655,395.0495049504951,804,8.0,0.009852216748768473,656.3142144638404,2.436408977556109,789.3467336683417,799,3.0,0.003740648379052369,702.4225352112676,2.1140845070422536,687.7247191011236,1422,4.0,0.002805049088359046,499.68,2.02,498.14516129032256,498,3.0,0.005988023952095809,363.5679442508711,3.299651567944251,470.5171232876712,579,1.0,0.0017241379310344827,401.0958904109589,1.8116438356164384,259.7959183673469,586,2.0,0.003401360544217687,688.0626223091976,2.3542074363992174,757.573385518591,1022,2.0,0.001953125,357.67750677506774,1.2764227642276422,500.2702702702703,739,4.0,0.005383580080753701,407.7647058823529,2.6431372549019607,270.5882352941176,510,5.0,0.009708737864077669,508.1927710843373,3.144578313253012,407.0516717325228,661,4.0,0.006015037593984963
42,202402,12,612.6015831134565,2.8601583113456464,497.6039119804401,788,84.0,0.0963302752293578,715.1947598253275,2.989519650655022,703.1810193321617,2283,26.0,0.01126028583802512,498.4090909090909,2.515151515151515,428.93793103448274,1451,16.0,0.010906612133605999,393.9923954372624,2.406844106463878,551.06463878327,1052,5.0,0.004730368968779565,930.8112582781456,3.437086092715232,1155.4515050167224,601,6.0,0.009884678747940691,416.863309352518,2.1654676258992804,448.0628272251309,1129,66.0,0.055230125523012555,291.359820089955,2.206896551724138,328.1081081081081,1333,8.0,0.005965697240865026,689.7794117647059,2.731617647058824,352.39130434782606,548,10.0,0.017921146953405017,339.07216494845363,2.577319587628866,145.36082474226805,194,6.0,0.03,479.2628992628993,4.105651105651106,730.6142506142506,814,33.0,0.03896103896103896,812.9032258064516,3.4693548387096773,847.4754098360655,1230,29.0,0.023034154090548053,1066.785472972973,4.768581081081081,1037.5510204081634,1180,20.0,0.016666666666666666,1054.2876213592233,6.895631067961165,1016.504854368932,1648,14.0,0.00842358604091456,424.7097457627119,2.8209745762711864,456.2805526036132,1885,14.0,0.00737230121116377,557.1602339181287,2.3146198830409355,529.2857142857143,1695,30.0,0.017391304347826087,574.0484949832776,1.9230769230769231,489.51096121416526,1191,25.0,0.02055921052631579,1309.6153846153843,4.502136752136752,1064.2173913043478,928,17.0,0.01798941798941799,570.2988165680473,3.136094674556213,555.3115727002968,675,6.0,0.00881057268722467,429.1489361702128,3.521276595744681,622.4199288256227,563,3.0,0.00530035335689046,426.0556844547564,2.4292343387471,459.859649122807,1717,16.0,0.009232544720138488,466.0899653979239,1.0795847750865053,524.4897959183673,1166,14.0,0.011864406779661017,681.6287425149701,3.251497005988024,548.3434099153567,1662,18.0,0.010714285714285714,302.3070175438597,1.3706140350877194,397.6315789473685,912,1.0,0.001095290251916758,827.9219512195122,4.868292682926829,924.4184914841848,821,11.0,0.013221153846153846,421.89447236180905,2.253768844221105,296.9620253164557,793,17.0,0.020987654320987655,460.9607843137255,1.8480392156862744,648.9975550122249,817,8.0,0.009696969696969697,1302.8197674418604,4.1438953488372094,1110.6176470588234,1368,23.0,0.01653486700215672,573.3373015873016,2.345238095238096,664.32,502,5.0,0.009861932938856016,624.6020408163265,4.799319727891157,541.6551724137931,584,15.0,0.025041736227045076,553.3265993265993,2.0202020202020203,491.7244897959184,591,1.0,0.0016891891891891893,1288.4258872651358,5.104384133611691,1203.0379746835442,953,17.0,0.01752577319587629,665.4202127659574,1.3138297872340423,483.2258064516129,748,7.0,0.009271523178807948,610.0418410041841,5.443514644351464,580.6225680933852,496,33.0,0.062381852551984876,450.1734104046243,3.1705202312138727,559.2391304347826,714,56.0,0.07272727272727272
43,202402,13,693.2608695652174,1.4782608695652173,1396.144578313253,525,453.0,0.46319018404907975,537.6155378486055,1.961155378486056,423.04477611940297,2009,43.0,0.020955165692007796,343.26375404530745,2.385113268608414,298.75,1242,15.0,0.011933174224343675,372.9357798165138,2.270642201834862,355.15011547344113,869,40.0,0.04400440044004401,577.5,1.4798387096774193,343.9840637450199,499,32.0,0.060263653483992465,522.7338129496403,2.465227817745804,771.1720698254364,818,417.0,0.33765182186234816,344.73298429319374,1.9790575916230368,291.26516464471405,1150,6.0,0.005190311418685121,1327.872641509434,4.561320754716981,1117.5355450236966,423,57.0,0.11875,557.9583333333334,4.072916666666667,310.5154639175258,193,7.0,0.035,507.0254957507082,4.643059490084986,435.8774373259053,712,184.0,0.20535714285714285,355.1236749116608,1.5318021201413428,387.864768683274,1128,25.0,0.02168256721595837,524.871635610766,3.3043478260869565,272.6819126819127,964,107.0,0.09990662931839403,488.1930758988016,1.237017310252996,415.7712765957447,1503,61.0,0.03900255754475703,282.0649509803921,2.823529411764706,405.8009708737864,1640,23.0,0.013830426939266387,455.5801324503311,1.3205298013245033,346.484375,1523,91.0,0.0563816604708798,360.6177685950413,1.640495867768595,380.4968944099379,967,205.0,0.17491467576791808,1044.170616113744,2.7630331753554502,1028.5314685314686,851,54.0,0.05966850828729282,396.6891891891892,0.9256756756756755,377.1717171717172,593,17.0,0.027868852459016394,198.25,2.7125,268.8702928870293,479,29.0,0.05708661417322835,367.4015748031496,2.2244094488188977,351.5514993481096,1529,25.0,0.016087516087516088,259.1943127962085,0.9644549763033176,232.04651162790697,852,6.0,0.006993006993006993,340.53146853146853,2.7314685314685314,252.01668984700973,1434,18.0,0.012396694214876033,336.2068965517241,1.5123152709359606,206.8349753694581,812,8.0,0.00975609756097561,430.0238805970149,2.2149253731343284,476.4837758112095,674,74.0,0.09893048128342247,355.64668769716087,1.3154574132492114,521.1801242236024,639,174.0,0.2140221402214022,286.4237288135593,1.9096045197740112,262.9406779661017,708,43.0,0.05725699067909454,788.7666034155598,1.8064516129032255,703.5754189944134,1064,140.0,0.11627906976744186,283.31838565022423,1.8878923766816145,559.7333333333333,448,24.0,0.05084745762711865,561.141129032258,2.431451612903226,618.6614173228346,502,98.0,0.16333333333333333,507.9352226720648,2.5789473684210527,529.3117408906883,494,6.0,0.012,1037.25,3.003125,1118.348623853211,647,100.0,0.13386880856760375,2577.1015384615384,4.544615384615384,2551.472392638037,651,68.0,0.09457579972183588,1920.310880829016,10.66839378238342,2296.9411764705883,363,291.0,0.44495412844036697,1370.1234567901236,5.534979423868313,1444.403669724771,461,687.0,0.5984320557491289
44,202402,14,567.8375,4.305,518.8059701492538,802,3.0,0.0037267080745341614,389.43549951503394,2.469447138700291,333.1655372700871,2064,8.0,0.003861003861003861,306.9347826086956,2.268633540372671,268.40625,1284,7.0,0.005422153369481022,451.010593220339,4.438559322033898,624.6315789473684,947,6.0,0.0062959076600209865,318.9401408450704,1.3380281690140845,384.8936170212766,566,0.0,0.0,571.1141804788214,2.89134438305709,390.818853974122,1084,1.0,0.0009216589861751152,485.6722972972973,2.847972972972973,302.42424242424244,1186,3.0,0.002523128679562658,433.5245901639344,3.122950819672131,227.0204081632653,489,2.0,0.004073319755600814,370.07142857142856,2.183673469387755,282.3125,194,19.0,0.0892018779342723,232.8,3.8675,280.1503759398496,799,6.0,0.007453416149068323,246.97989949748745,2.234505862646566,346.3455149501661,1199,6.0,0.004979253112033195,280.680412371134,2.982817869415808,422.59067357512953,1161,6.0,0.005141388174807198,177.98595146871008,0.6922094508301405,310.5972045743329,1570,2.0,0.001272264631043257,446.729537366548,2.623962040332147,548.2562277580071,1686,6.0,0.0035460992907801418,397.69516728624535,1.5576208178438662,313.84615384615387,1613,7.0,0.004320987654320987,350.86607142857144,1.4375,383.6559139784946,1118,3.0,0.0026761819803746653,263.6363636363636,1.4870129870129871,437.2354211663067,925,1.0,0.0010799136069114472,254.10596026490063,1.7980132450331126,401.72185430463577,604,2.0,0.0033003300330033004,161.484375,3.51953125,151.41732283464566,510,3.0,0.005847953216374269,360.3654096228869,2.576072821846554,372.83505154639175,1545,4.0,0.0025823111684958036,223.84615384615384,1.9751131221719456,302.4434389140271,884,5.0,0.00562429696287964,717.9367262723521,6.052269601100413,490.6849315068493,1457,9.0,0.006139154160982265,621.3559322033898,3.430992736077482,337.9710144927536,827,5.0,0.006009615384615385,238.12885154061624,2.1820728291316525,187.11016949152545,711,4.0,0.005594405594405594,219.66315789473688,1.4842105263157894,184.343163538874,753,5.0,0.006596306068601583,392.4550408719346,2.106267029972752,330.5722070844687,734,2.0,0.002717391304347826,429.3719806763285,1.4911433172302735,377.6012965964344,1238,4.0,0.00322061191626409,76.11570247933884,1.3553719008264462,318.2716049382716,485,0.0,0.0,341.4424460431655,3.338129496402878,436.3440860215054,557,5.0,0.008896797153024912,253.125,1.97265625,297.88235294117646,511,6.0,0.01160541586073501,491.8536585365854,2.341463414634146,517.4271844660194,822,1.0,0.001215066828675577,906.4662921348314,1.651685393258427,666.2535211267606,711,2.0,0.002805049088359046,491.1290322580645,3.5080645161290325,562.6829268292682,494,0.0,0.0,466.1917808219178,3.7095890410958905,348.22888283378745,732,1.0,0.001364256480218281
45,202402,15,553.4916864608076,4.876484560570071,863.0878859857482,842,11.0,0.012895662368112544,415.20811744386873,2.3626943005181347,458.4866723989682,2321,11.0,0.0047169811320754715,524.9166666666666,2.5572916666666665,348.3137254901961,1533,9.0,0.005836575875486381,918.5714285714286,2.802065404475043,709.5336787564767,1160,5.0,0.004291845493562232,481.31325301204816,1.1024096385542168,746.9908814589666,661,4.0,0.006015037593984963,559.665625,3.4203125,806.7120500782472,1279,6.0,0.004669260700389105,904.106936416185,6.833815028901734,667.0588235294117,1389,35.0,0.02457865168539326,666.380073800738,3.918819188191882,633.7777777777778,541,0.0,0.0,634.06,0.8,541.1881188118812,201,0.0,0.0,543.562945368171,4.294536817102138,488.32535885167465,839,3.0,0.0035629453681710215,448.7619047619048,1.8968253968253967,456.61341853035145,1256,5.0,0.003965107057890563,534.2821782178218,3.1105610561056105,595.5954323001631,1219,3.0,0.0024549918166939444,504.7276736493936,1.0209481808158765,413.0263157894737,1819,5.0,0.0027412280701754384,797.6297071129707,3.80020920502092,951.3776150627616,1912,29.0,0.014940752189592994,545.529217199559,2.5589856670341784,365.89403973509934,1813,14.0,0.007662835249042145,806.8053797468355,3.267405063291139,891.4015748031496,1267,5.0,0.003930817610062893,654.9397590361446,1.3172690763052208,685.2694610778443,999,2.0,0.001998001998001998,476.9142857142857,2.1714285714285717,315.1304347826087,695,0.0,0.0,805.448275862069,4.062068965517241,1143.9583333333333,578,0.0,0.0,476.60677966101696,2.9457627118644067,544.0,1770,5.0,0.0028169014084507044,469.03954802259886,1.3145009416195856,358.6466165413534,1063,7.0,0.0065420560747663555,749.3883720930232,4.096511627906977,511.9860627177701,1721,20.0,0.011487650775416428,1056.9325153374234,4.899795501022495,870.4294478527607,978,11.0,0.011122345803842264,591.6681818181818,2.0613636363636365,547.0410022779043,879,5.0,0.005656108597285068,570.9006928406467,2.348729792147806,383.69515011547344,866,11.0,0.012542759407069556,577.8470873786408,2.3616504854368934,749.4915254237288,825,4.0,0.0048250904704463205,635.3557046979865,1.3476510067114094,429.020134228188,1490,5.0,0.0033444816053511705,397.92,1.9,498.0722891566265,499,0.0,0.0,412.303125,2.846875,339.5541401273885,634,9.0,0.013996889580093312,622.5242718446602,2.4627831715210355,578.2692307692307,621,1.0,0.001607717041800643,982.3984526112184,2.0870406189555126,1013.242718446602,1032,0.0,0.0,1979.021479713604,2.940334128878282,1675.4333333333334,839,7.0,0.008274231678486997,889.051094890511,6.2700729927007295,1028.3516483516485,547,1.0,0.0018248175182481751,660.3252032520326,5.495934959349594,874.959349593496,738,1.0,0.0013531799729364006
46,202402,16,744.4397163120567,3.4680851063829787,576.7695961995249,844,13.0,0.015169194865810968,814.6514629948365,2.955249569707401,782.9381443298969,2326,32.0,0.013570822731128074,659.369109947644,2.44109947643979,721.2522875816993,1529,18.0,0.011635423400129283,995.1823008849558,2.8336283185840707,999.6485061511424,1134,8.0,0.0070052539404553416,983.9044776119404,2.1104477611940298,550.8108108108108,668,5.0,0.007429420505200594,921.7293577981652,2.6452599388379205,917.8428351309708,1303,5.0,0.00382262996941896,959.9034090909092,3.534090909090909,1052.966101694915,1412,11.0,0.007730147575544624,1144.6742424242425,3.178030303030303,950.751879699248,530,13.0,0.02394106813996317,938.6138613861386,0.4653465346534653,866.7326732673267,202,8.0,0.0380952380952381,895.4502369668246,3.914691943127962,671.6587677725119,844,5.0,0.005889281507656066,664.2993630573249,1.947452229299363,468.9698890649762,1259,18.0,0.014095536413469069,606.1001642036125,3.1116584564860426,596.9407894736842,1217,11.0,0.008957654723127036,621.2869660460021,1.008762322015334,693.7049180327868,1828,3.0,0.0016384489350081922,2639.393246187364,9.751633986928104,2610.6726457399104,1810,224.0,0.11012782694198624,866.3108695652174,1.938043478260869,657.7198697068404,1841,19.0,0.01021505376344086,675.1754658385094,2.0,528.7091757387248,1287,10.0,0.007710100231303007,884.5318725099602,1.9382470119521915,822.0717131474104,1004,10.0,0.009861932938856016,897.2334293948127,2.9452449567723344,657.7521613832853,694,2.0,0.0028735632183908046,741.7808219178082,4.071917808219178,530.3424657534247,584,1.0,0.0017094017094017094,845.4370709382151,2.7437070938215102,780.5479452054794,1750,29.0,0.016301292861157952,995.0649350649352,1.2393320964749537,899.8890942698706,1080,8.0,0.007352941176470588,1608.2790697674418,2.681395348837209,996.0414269275028,1729,23.0,0.013127853881278538,1222.051229508197,3.5225409836065573,1341.7745901639344,976,25.0,0.024975024975024976,869.134703196347,3.9406392694063928,680.0,873,10.0,0.011325028312570781,1138.4228971962616,3.7242990654205608,1178.411214953271,856,16.0,0.01834862385321101,1084.0929095354522,4.985330073349633,1151.0412621359224,821,11.0,0.013221153846153846,790.1781914893617,2.021276595744681,579.36,1502,2.0,0.0013297872340425532,522.4096385542168,1.144578313253012,515.0588235294117,504,4.0,0.007874015748031496,653.4921630094044,2.529780564263323,368.6792452830189,637,9.0,0.01393188854489164,863.9967845659164,2.2282958199356915,818.9032258064516,621,10.0,0.01584786053882726,1358.6185770750988,2.035573122529644,1039.0962671905695,1015,16.0,0.015518913676042677,2073.491183879093,3.5239294710327456,1481.9847328244275,790,24.0,0.029484029484029485,610.7063197026023,2.765799256505576,669.7058823529412,541,5.0,0.009157509157509158,664.5283018867924,4.900269541778976,750.9677419354839,743,0.0,0.0
47,202402,17,1576.8529411764705,2.855614973262032,1425.5614973262032,748,1.0,0.0013351134846461949,889.5706967213115,3.1045081967213117,815.1596292481977,1947,19.0,0.009664292980671414,737.5765895953757,2.052023121387283,539.2105263157895,1376,17.0,0.012203876525484566,1008.8484210526316,3.037894736842105,1267.4841437632135,948,12.0,0.0125,1834.5098039215688,4.258169934640523,1207.1612903225807,616,23.0,0.03599374021909233,1413.695009242144,3.512014787430684,1497.7007299270074,1089,16.0,0.014479638009049774,517.2328308207706,3.0820770519262983,521.7785234899329,1193,13.0,0.01077943615257048,1315.9752066115702,3.7975206611570247,1279.75,482,2.0,0.004132231404958678,330.0,0.2325581395348837,694.4827586206897,173,8.0,0.04419889502762431,795.7317073170732,2.5640243902439024,1108.909090909091,658,9.0,0.013493253373313344,1190.7775768535262,2.741410488245932,995.1912568306012,1102,14.0,0.012544802867383513,1053.3828264758497,3.0035778175313057,920.0357142857144,1119,2.0,0.001784121320249777,702.03125,1.4296875,695.8127438231469,1537,12.0,0.007746933505487412,1329.9902676399026,3.116788321167883,1405.913301662708,1664,106.0,0.059887005649717516,1138.8593955321944,3.078843626806833,1084.0210249671484,1522,12.0,0.007822685788787484,1370.816254416961,2.581272084805654,1113.8488576449913,1135,25.0,0.021551724137931036,1952.2988505747128,4.362068965517241,1582.7466150870407,1039,15.0,0.014231499051233396,1168.571428571429,3.8412698412698414,860.395256916996,505,2.0,0.0039447731755424065,846.5546218487395,4.03781512605042,1224.0506329113923,475,1.0,0.0021008403361344537,1169.8028169014085,3.780281690140845,922.1538461538462,1425,25.0,0.017241379310344827,958.083538083538,1.7542997542997545,1035.111111111111,812,7.0,0.008547008547008548,1361.057142857143,6.135714285714286,1201.025641025641,1402,21.0,0.014757554462403373,668.75,1.3009259259259258,567.1194379391101,859,17.0,0.019406392694063926,705.5313432835821,2.7582089552238807,563.7478005865103,676,3.0,0.004418262150220913,1164.6804407713498,2.4600550964187327,1390.1917808219175,728,6.0,0.008174386920980926,784.15625,2.034375,1243.3690851735016,637,13.0,0.02,3480.0,4.272853185595568,2440.0,1439,36.0,0.02440677966101695,1088.571428571429,1.7767857142857142,1566.0,444,4.0,0.008928571428571428,1061.3851851851853,2.2777777777777777,783.5687732342008,539,13.0,0.02355072463768116,653.671875,2.3203125,750.952380952381,508,7.0,0.013592233009708738,2458.841698841699,4.528957528957529,2218.135922330097,1033,9.0,0.008637236084452975,1661.5343915343915,6.920634920634921,1470.4,753,14.0,0.018252933507170794,2569.75,4.966666666666667,2756.016597510373,481,23.0,0.04563492063492063,1019.4642857142856,2.008928571428572,965.575221238938,450,3.0,0.006622516556291391
48,202402,18,636.6354430379747,3.237974683544304,698.7878787878788,791,2.0,0.0025220680958385876,606.1439655172413,1.6405172413793103,575.0602409638554,2322,18.0,0.007692307692307693,467.5511811023622,1.860892388451444,392.9842931937173,1526,13.0,0.008447043534762833,697.7443181818181,1.8598484848484849,476.4705882352941,1055,4.0,0.003777148253068933,962.0245398773006,3.098159509202454,984.2944785276072,652,12.0,0.018072289156626505,1101.3540983606558,3.673770491803279,894.168039538715,1217,14.0,0.011372867587327376,754.6023916292975,3.659192825112108,759.2273402674591,1342,10.0,0.0073964497041420114,1271.4806201550389,3.674418604651162,1124.2471042471043,517,6.0,0.011472275334608031,668.4065934065934,0.4505494505494505,335.0561797752809,180,6.0,0.03225806451612903,932.2850122850124,3.1425061425061425,936.0,812,11.0,0.013365735115431349,544.773790951638,1.502340093603744,623.2558139534884,1286,17.0,0.013046815042210284,828.3687707641196,3.009966777408638,595.0331125827814,1206,4.0,0.003305785123966942,649.4510278113664,0.8742442563482467,555.2,1652,6.0,0.0036188178528347406,794.4705882352941,4.20427807486631,741.3874066168623,1872,13.0,0.006896551724137931,721.0323699421965,1.606936416184971,588.4027777777778,1729,9.0,0.005178365937859608,745.8453781512605,2.53781512605042,783.4343434343434,1189,2.0,0.0016792611251049538,2446.931102362205,10.994094488188976,2818.09900990099,1013,20.0,0.01936108422071636,429.27272727272725,1.4363636363636365,442.1818181818182,660,4.0,0.006024096385542169,631.0869565217391,2.931159420289855,620.3610108303249,553,6.0,0.01073345259391771,823.0202140309156,2.4684898929845422,833.4453781512605,1674,18.0,0.010638297872340425,627.5706214689266,1.4557438794726931,523.6772983114447,1064,4.0,0.003745318352059925,1591.304347826087,6.211180124223603,1595.136476426799,1611,15.0,0.00922509225092251,492.9230769230769,1.901098901098901,437.4235807860262,913,6.0,0.006528835690968444,588.016317016317,2.090909090909091,765.4976303317535,851,6.0,0.007001166861143524,737.7717647058823,1.9388235294117648,723.2547169811321,849,10.0,0.011641443538998836,571.4729064039409,1.751231527093596,586.3235294117648,814,4.0,0.004889975550122249,1572.5373333333334,3.632,1529.3227091633466,1503,13.0,0.008575197889182058,716.8163265306123,1.779591836734694,693.795918367347,490,4.0,0.008097165991902834,648.0454545454545,3.0584415584415585,784.2718446601941,617,2.0,0.0032310177705977385,1061.2350993377484,2.0,1086.295081967213,607,7.0,0.011400651465798045,3461.824858757062,22.384180790960453,3323.5714285714284,1063,41.0,0.03713768115942029,634.5555555555555,2.4498644986449865,617.8378378378378,739,7.0,0.00938337801608579,1235.639097744361,6.992481203007519,855.2272727272727,530,14.0,0.025735294117647058,644.5970149253732,4.37910447761194,692.3493975903615,667,6.0,0.008915304606240713
49,202402,19,549.406103286385,2.492957746478873,510.98591549295776,852,6.0,0.006993006993006993,353.20922288642186,1.9205807002561912,382.87179487179486,2341,14.0,0.0059447983014862,715.3061760840999,2.4533508541392903,819.9475753604194,1524,18.0,0.011673151750972763,507.1992945326279,3.035273368606702,406.1619718309859,1135,11.0,0.009598603839441536,489.72972972972974,1.2612612612612613,415.6756756756757,666,4.0,0.005970149253731343,535.21826625387,3.125386996904025,640.568992248062,1291,10.0,0.007686395080707148,776.7642857142857,2.434285714285714,884.0343347639486,1399,16.0,0.011307420494699646,752.3358490566038,2.9849056603773585,718.6415094339623,530,4.0,0.00749063670411985,735.3939393939394,1.0505050505050506,596.3333333333334,198,10.0,0.04807692307692308,615.8571428571429,2.8857142857142857,676.7772511848341,842,6.0,0.007075471698113208,470.8426073131956,1.3751987281399043,497.5238095238095,1259,4.0,0.003167062549485352,444.3470394736842,3.169407894736842,435.7377049180328,1218,11.0,0.008950366151342554,496.88646288209605,0.6768558951965066,481.8320610687023,1833,4.0,0.002177463255307567,553.2102510460251,3.25,608.2586027111574,1915,30.0,0.015424164524421594,375.6526429341963,1.6666666666666667,328.0477223427332,1849,7.0,0.003771551724137931,595.1576506955178,1.489953632148377,584.3518518518518,1295,6.0,0.004611837048424289,936.6935483870968,3.5725806451612905,1007.5903614457832,994,5.0,0.005005005005005005,244.48275862068965,0.7729885057471264,359.6551724137931,696,1.0,0.0014347202295552368,348.5324232081911,2.6177474402730376,414.2662116040956,586,2.0,0.003401360544217687,1446.0282021151586,6.014101057579318,1299.7887323943662,1703,106.0,0.058595909342177996,664.8679245283018,2.535849056603773,769.3383742911153,1059,16.0,0.014883720930232559,2658.189917936694,7.730363423212192,1844.468085106383,1699,64.0,0.036301758366420876,566.8163265306123,2.157142857142857,771.0654396728016,979,6.0,0.006091370558375634,389.3885057471264,1.714942528735632,495.24657534246575,873,2.0,0.002285714285714286,448.7279069767442,1.5906976744186043,551.1111111111111,862,8.0,0.009195402298850575,339.2590799031477,1.4552058111380146,733.90799031477,826,5.0,0.006016847172081829,842.7272727272727,2.025401069518717,835.9839357429719,1495,15.0,0.009933774834437087,399.84,1.496,389.6356275303644,497,4.0,0.007984031936127744,672.0440251572327,2.2358490566037736,446.7924528301887,636,11.0,0.017001545595054096,978.9126213592232,2.896440129449838,1206.0983606557377,614,7.0,0.011272141706924315,1046.7441860465117,3.761627906976744,1318.7209302325582,1032,7.0,0.006737247353224254,511.1596858638744,1.4528795811518325,476.8668407310705,765,2.0,0.002607561929595828,947.9553903345724,3.16728624535316,936.4444444444443,539,4.0,0.007366482504604052,496.05405405405406,3.583783783783784,490.483870967742,742,2.0,0.002688172043010753
50,202402,20,393.5926829268293,2.097560975609756,386.0487804878049,820,4.0,0.0048543689320388345,439.0710479573712,2.0310834813499112,386.1032028469751,2250,12.0,0.005305039787798408,446.0771388499299,2.732117812061711,476.5254237288136,1421,11.0,0.007681564245810056,184.81150793650792,2.0734126984126986,228.7425149700599,1005,3.0,0.002976190476190476,344.655737704918,1.475409836065574,386.55737704918033,610,2.0,0.0032679738562091504,476.16943521594686,2.5232558139534884,527.3443708609271,1206,2.0,0.0016556291390728477,671.0231839258114,3.1190108191653785,578.9814814814815,1295,5.0,0.0038461538461538464,556.0803212851406,1.5823293172690762,344.4534412955465,496,2.0,0.004016064257028112,1571.3725490196075,7.9411764705882355,1198.252427184466,205,10.0,0.046511627906976744,265.9223300970873,3.7305825242718447,210.363196125908,825,5.0,0.006024096385542169,271.9256756756757,1.597972972972973,301.8212478920742,1185,3.0,0.0025252525252525255,551.7764298093588,2.854419410745234,564.4982698961937,1155,9.0,0.007731958762886598,224.0646651270208,0.7517321016166282,374.4971098265896,1731,4.0,0.0023054755043227667,489.6266044340724,3.569428238039673,460.4683840749415,1711,11.0,0.006387921022067364,300.7435897435897,1.492063492063492,271.0948905109489,1641,14.0,0.008459214501510574,244.87873754152824,1.7159468438538206,295.9136212624585,1204,6.0,0.0049586776859504135,339.49044585987264,2.2059447983014864,543.9490445859873,942,1.0,0.0010604453870625664,460.4347826086956,0.9440993788819876,290.59561128526644,641,3.0,0.004658385093167702,230.7692307692308,2.976923076923077,202.84615384615384,520,1.0,0.0019193857965451055,1058.3937106918238,6.3685534591194966,922.5569620253164,1585,15.0,0.009375,727.9017857142857,3.1450892857142856,690.9375,896,3.0,0.0033370411568409346,948.8860103626944,5.612694300518135,683.7823834196892,1544,13.0,0.008349389852280027,500.8520179372197,2.695067264573991,432.6457399103139,892,4.0,0.004464285714285714,242.32894736842104,1.926315789473684,215.9375,764,7.0,0.009079118028534372,306.03015075376885,1.6407035175879396,391.20603015075375,796,10.0,0.01240694789081886,222.3236074270557,1.793103448275862,248.54881266490764,756,1.0,0.001321003963011889,366.2443438914027,1.5218702865761689,509.63963963963965,1329,3.0,0.0022522522522522522,221.40495867768595,1.7975206611570247,376.1157024793389,484,0.0,0.0,356.9799331103679,2.3979933110367893,379.0,599,3.0,0.0049833887043189366,994.8888888888888,7.385185185185185,1111.8819188191885,541,5.0,0.009157509157509158,335.72727272727275,2.434090909090909,869.4570135746607,882,3.0,0.003389830508474576,392.4313725490196,1.369747899159664,435.58659217877096,715,7.0,0.009695290858725761,521.8390804597701,2.9655172413793105,529.8850574712644,522,2.0,0.003816793893129771,265.3225806451613,3.7983870967741935,300.16129032258067,744,2.0,0.002680965147453083
51,202402,21,432.1228915662651,3.3228915662650604,391.2289156626506,830,6.0,0.007177033492822967,475.1915269196823,2.8737864077669903,442.0829655781112,2266,19.0,0.008315098468271335,433.90603085554,3.7601683029453015,399.1922005571031,1431,8.0,0.005559416261292564,257.578125,2.3515625,230.0778210116732,1026,6.0,0.005813953488372093,470.86092715231786,1.4271523178807948,424.3708609271523,604,3.0,0.004942339373970346,445.54634146341465,2.346341463414634,488.11074918566777,1229,3.0,0.002435064935064935,329.6133540372671,3.400621118012422,373.9318885448917,1290,10.0,0.007692307692307693,783.0581395348837,2.4031007751937983,669.96138996139,517,4.0,0.007677543186180422,375.5520833333333,2.052083333333333,313.75,192,39.0,0.16883116883116883,538.93961352657,4.079710144927536,566.9417475728155,826,7.0,0.008403361344537815,226.21931260229127,1.8199672667757771,372.2570016474464,1218,12.0,0.00975609756097561,544.6838487972509,3.2628865979381443,698.4455958549223,1161,9.0,0.007692307692307693,319.9310344827586,0.9091954022988504,371.7525773195876,1743,5.0,0.002860411899313501,413.3793103448276,3.56551724137931,427.258064516129,1738,10.0,0.005720823798627002,374.9295454545455,1.725,336.5870307167236,1759,12.0,0.006775832862789385,428.6416938110749,2.092833876221498,483.10064935064935,1230,3.0,0.0024330900243309003,257.2689075630252,1.831932773109244,412.9707112970712,954,2.0,0.0020920502092050207,320.3738317757009,1.0841121495327102,341.68224299065423,642,3.0,0.004651162790697674,350.7169811320755,3.3660377358490567,339.8490566037736,530,5.0,0.009345794392523364,529.3154613466335,4.71571072319202,436.6004962779156,1608,4.0,0.0024813895781637717,507.1523178807947,3.2450331125827816,507.7533039647577,907,2.0,0.0022002200220022,707.3806451612903,4.935483870967742,477.6774193548387,1550,11.0,0.007046764894298526,288.16851441241687,2.365853658536585,306.53333333333336,901,4.0,0.004419889502762431,277.41602067183464,2.160206718346253,284.7984496124031,774,9.0,0.011494252873563218,475.4074074074074,2.3925925925925924,446.932668329177,806,11.0,0.01346389228886169,301.1657894736842,1.9578947368421051,328.10526315789474,760,4.0,0.005235602094240838,385.5223880597015,1.9373134328358208,468.96860986547085,1339,3.0,0.0022354694485842027,406.0975609756098,1.772357723577236,553.6585365853658,492,1.0,0.002028397565922921,320.2861842105263,2.6447368421052637,225.14851485148515,607,2.0,0.003284072249589491,392.9501779359431,3.0249110320284696,394.9640287769784,559,0.0,0.0,380.6334841628959,2.1923076923076925,609.438202247191,887,7.0,0.007829977628635347,585.827397260274,1.5671232876712329,399.0659340659341,729,12.0,0.016194331983805668,564.9805447470817,3.64591439688716,546.046511627907,515,6.0,0.011516314779270634,613.2573726541555,4.651474530831099,607.277628032345,744,2.0,0.002680965147453083
52,202402,22,563.0444964871194,3.096018735362997,632.5352112676056,853,2.0,0.0023391812865497076,461.5400340715503,2.4080068143100517,536.2564102564103,2344,14.0,0.005937234944868533,447.73896103896107,2.911688311688312,507.4934725848564,1536,8.0,0.0051813471502590676,467.2602739726028,2.589041095890411,350.46153846153845,1169,5.0,0.004258943781942078,524.277108433735,1.4759036144578312,393.45454545454544,662,5.0,0.0074962518740629685,771.3990683229814,3.422360248447205,838.8837209302326,1289,11.0,0.008461538461538461,369.4279661016949,2.4533898305084745,399.7171145685997,1415,3.0,0.0021156558533145277,749.6433823529412,2.7205882352941178,964.1911764705884,544,3.0,0.005484460694698354,1127.5,1.4351851851851851,1133.8317757009345,215,3.0,0.013761467889908258,450.4941176470588,4.569411764705882,546.6666666666666,848,3.0,0.0035252643948296123,278.82911392405066,2.0680379746835444,352.53543307086613,1267,5.0,0.003930817610062893,480.0441176470589,3.369281045751634,515.3745928338762,1226,6.0,0.00487012987012987,283.20479302832246,0.9019607843137256,304.4396082698585,1837,4.0,0.0021727322107550242,695.1541666666667,4.451041666666667,672.5494276795005,1921,6.0,0.0031136481577581734,523.3068552774755,2.373231773667029,375.8134490238612,1841,2.0,0.0010851871947911015,736.3380062305296,3.574766355140187,504.26127527216175,1285,3.0,0.002329192546583851,460.32,2.052,518.16,1000,1.0,0.000999000999000999,368.7931034482759,1.7701149425287357,467.9310344827586,696,4.0,0.005714285714285714,398.83561643835617,3.297945205479452,497.2602739726028,584,0.0,0.0,484.5785310734463,2.545762711864407,611.9187358916479,1771,7.0,0.003937007874015748,384.9438202247191,1.6797752808988764,469.8876404494382,1068,1.0,0.0009354536950420954,1185.5498839907193,3.8143851508120648,773.2258064516129,1730,11.0,0.006318207926479035,480.5594262295082,1.848360655737705,546.2704918032787,976,4.0,0.004081632653061225,465.42045454545456,3.840909090909091,567.6605504587156,876,4.0,0.004545454545454545,622.004555808656,2.833712984054669,462.15102974828375,876,12.0,0.013513513513513514,520.4878048780488,2.851219512195122,535.7878048780487,820,2.0,0.0024330900243309003,604.494638069705,1.4115281501340482,661.524064171123,1494,6.0,0.004,335.04,1.556,598.32,500,1.0,0.001996007984031936,733.5046153846154,2.833846153846154,550.4347826086956,647,5.0,0.007668711656441718,549.7087378640776,2.472491909385113,645.5844155844156,617,4.0,0.00644122383252818,528.1853281853282,2.1969111969111967,749.3957528957529,1036,12.0,0.011450381679389313,623.5915119363395,2.129973474801061,524.8806366047745,754,3.0,0.003963011889035667,936.4444444444443,6.181481481481481,829.4505494505495,543,8.0,0.014519056261343012,419.0296495956873,4.948787061994609,285.44474393531,742,4.0,0.005361930294906166
53,202402,23,463.327868852459,2.1381733021077283,372.3943661971831,853,1.0,0.00117096018735363,404.6390784982936,1.976109215017065,350.8283518360376,2343,13.0,0.0055178268251273345,378.316339869281,2.3751633986928105,324.9543676662321,1532,3.0,0.001954397394136808,773.4003527336861,2.5308641975308643,664.6234676007006,1138,5.0,0.004374453193350831,303.2238805970149,1.1223880597014926,557.9104477611941,670,3.0,0.004457652303120356,590.7892307692308,2.706153846153846,412.7623456790124,1298,2.0,0.0015384615384615385,557.3300283286119,3.355524079320113,618.3050847457627,1414,5.0,0.0035236081747709656,740.8523985239852,2.937269372693727,805.9040590405904,542,1.0,0.001841620626151013,1248.078431372549,1.7745098039215683,312.0,202,4.0,0.019417475728155338,348.51063829787233,4.035460992907802,306.25592417061614,845,2.0,0.0023612750885478157,242.35849056603772,1.7971698113207548,408.3385579937304,1274,5.0,0.003909304143862392,490.8467874794069,3.349258649093904,478.125,1215,10.0,0.00816326530612245,353.6270447110141,1.40567066521265,280.544069640914,1836,8.0,0.004338394793926247,571.8665977249225,2.942088934850052,519.4409937888199,1933,3.0,0.0015495867768595042,644.7271739130434,2.5641304347826086,1018.763557483731,1842,10.0,0.005399568034557235,482.84567901234567,2.138888888888889,500.54938271604937,1296,3.0,0.0023094688221709007,913.0693069306932,2.5683168316831684,762.9423459244533,1008,4.0,0.003952569169960474,293.7752161383285,2.365994236311239,294.4668587896253,694,1.0,0.0014388489208633094,299.5876288659793,3.054982817869416,340.41237113402065,582,1.0,0.0017152658662092624,442.1224489795918,2.4342403628117912,429.3091732729332,1765,5.0,0.002824858757062147,522.5555555555555,1.6796296296296296,496.4140480591497,1081,3.0,0.0027675276752767526,580.5914844649022,2.7203682393555813,538.0022962112514,1740,6.0,0.003436426116838488,298.67408906882594,1.9777327935222675,434.4489795918368,984,1.0,0.0010152284263959391,350.5328798185941,1.9319727891156464,348.5945330296128,880,4.0,0.004524886877828055,403.3333333333333,1.8148148148148149,362.77777777777777,864,4.0,0.004608294930875576,652.8024096385542,1.8289156626506025,700.9156626506024,830,2.0,0.002403846153846154,553.6729222520107,2.388739946380697,585.4032258064516,1490,6.0,0.004010695187165776,267.2289156626506,1.4457831325301205,383.28,499,2.0,0.003992015968063872,550.8359133126935,3.6006191950464395,540.1857585139319,646,2.0,0.0030864197530864196,419.80707395498393,2.508038585209003,518.0064308681672,622,7.0,0.011128775834658187,732.8235294117648,3.011764705882353,618.0,1020,3.0,0.002932551319648094,450.0523690773067,1.6508728179551122,458.1,801,3.0,0.0037313432835820895,435.99632352941177,4.349264705882353,714.2647058823529,544,6.0,0.01090909090909091,454.12398921832886,3.07277628032345,431.8378378378378,741,2.0,0.0026917900403768506
54,202402,24,564.0,2.341333333333333,278.8235294117647,749,2.0,0.002663115845539281,545.6966292134831,1.923391215526047,406.5506653019447,1956,12.0,0.006097560975609756,349.664265129683,2.0763688760806915,341.5050651230101,1385,4.0,0.0028797696184305254,337.6744186046512,2.226215644820296,421.2684989429176,946,3.0,0.003161222339304531,357.515923566879,1.464968152866242,415.45741324921136,631,1.0,0.0015822784810126582,547.5072727272727,2.547272727272728,587.631103074141,1103,4.0,0.0036133694670280035,352.43906510851417,2.373956594323873,272.2613065326633,1196,4.0,0.0033333333333333335,782.1862348178138,3.1376518218623484,927.6734693877552,492,4.0,0.008064516129032258,597.7173913043479,1.315217391304348,441.1612903225807,185,5.0,0.02631578947368421,622.9357798165138,2.562691131498471,371.48936170212767,656,7.0,0.010558069381598794,348.56115107913666,1.433453237410072,502.13381555153705,1109,11.0,0.009821428571428571,559.8223801065719,3.4404973357015987,679.182948490231,1126,7.0,0.00617828773168579,418.2403100775194,1.317829457364341,319.01681759379045,1547,5.0,0.0032216494845360823,508.58899297423886,2.6569086651053864,648.5915492957746,1706,9.0,0.0052478134110787176,443.072821846554,2.0559167750325096,492.8125,1537,2.0,0.001299545159194282,477.63986013986016,1.667832167832168,518.6387434554974,1145,16.0,0.013781223083548665,698.0152671755725,3.1106870229007635,1019.425287356322,1046,5.0,0.004757373929590866,245.47619047619048,1.2142857142857142,235.9683794466403,505,2.0,0.0039447731755424065,497.46835443037975,2.573839662447257,922.6271186440678,473,0.0,0.0,536.979020979021,1.881118881118881,464.958217270195,1433,6.0,0.004169562195969423,545.6934306569343,1.5012165450121655,292.66503667481663,820,2.0,0.0024330900243309003,623.0242510699002,2.810271041369472,674.6590909090909,1405,5.0,0.0035460992907801418,314.72222222222223,1.5509259259259258,343.23325635103924,865,0.0,0.0,400.38392857142856,1.6547619047619049,666.158357771261,677,2.0,0.0029455081001472753,589.1061452513967,1.8156424581005584,475.6786703601108,719,1.0,0.001388888888888889,419.2123076923077,1.867692307692308,472.75541795665634,648,4.0,0.006134969325153374,521.0178817056396,1.8651994497936728,656.6115702479339,1453,2.0,0.0013745704467353953,598.125,1.3035714285714286,800.5333333333333,449,0.0,0.0,672.0962962962963,3.655555555555555,567.8810408921933,539,5.0,0.009191176470588236,448.59375,1.73828125,734.4094488188977,510,3.0,0.005847953216374269,698.0232558139535,3.116279069767442,910.9514563106796,1031,15.0,0.014340344168260038,442.90956072351423,1.7571059431524547,554.1818181818181,772,10.0,0.01278772378516624,625.7142857142857,2.779591836734694,505.02024291497975,492,7.0,0.014028056112224449,371.5695067264574,1.7847533632286996,189.6,448,1.0,0.0022271714922048997
55,202402,25,328.8009828009828,2.786240786240786,335.7352941176471,815,2.0,0.0024479804161566705,445.9428327645051,1.794368600682594,591.7064846416382,2344,11.0,0.004670912951167728,380.7303225806452,1.812903225806452,382.1621621621622,1552,5.0,0.0032113037893384713,472.40901213171577,1.705372616984402,519.8275862068965,1157,13.0,0.011111111111111112,443.1858407079646,1.2861356932153392,475.3709198813056,676,2.0,0.0029498525073746312,649.8604651162791,3.168992248062016,654.63125,1285,16.0,0.012298232129131437,513.1749644381223,3.3428165007112374,532.574679943101,1406,4.0,0.0028368794326241137,529.3823529411765,2.9963235294117645,642.2627737226277,546,6.0,0.010869565217391304,738.4315789473684,0.6421052631578947,494.1935483870968,188,2.0,0.010526315789473684,428.96385542168673,3.855421686746988,514.1404358353511,828,2.0,0.0024096385542168677,378.1374045801527,1.7816793893129772,450.0,1313,9.0,0.00680786686838124,354.7056910569105,2.9317073170731707,466.7862969004894,1228,6.0,0.004862236628849271,369.29063509149626,0.6856835306781486,454.5258620689655,1857,9.0,0.00482315112540193,576.7677083333333,2.605208333333333,693.2432432432432,1922,8.0,0.004145077720207254,592.5919282511211,1.5908071748878925,506.3973063973064,1783,4.0,0.002238388360380526,420.1152647975078,1.6370716510903427,478.0281690140845,1281,10.0,0.0077459333849728895,660.5813953488372,2.0368217054263567,679.1907514450867,1035,3.0,0.002890173410404624,293.841642228739,0.6803519061583577,548.6470588235294,681,1.0,0.001466275659824047,424.2105263157895,2.712280701754386,453.986013986014,571,0.0,0.0,622.0738636363636,2.147727272727273,625.92,1755,2.0,0.0011383039271485487,543.6143911439115,1.9907749077490773,438.70848708487085,1084,10.0,0.009140767824497258,818.9498806682577,2.9940334128878283,551.7125748502993,1673,9.0,0.00535077288941736,303.29938900203666,1.4256619144602851,296.72727272727275,986,0.0,0.0,416.4755555555556,2.06,405.1767337807606,897,8.0,0.008839779005524863,484.7191011235955,1.5640449438202246,414.4469525959368,888,6.0,0.006711409395973154,420.9227053140097,1.2705314009661837,538.5072115384615,830,3.0,0.003601440576230492,491.5625,1.5872395833333333,585.0,1540,13.0,0.008370895041854474,473.5458167330677,0.9681274900398408,558.48,501,3.0,0.005952380952380952,323.25471698113205,2.389937106918239,249.0566037735849,636,2.0,0.003134796238244514,647.1189710610932,3.54983922829582,616.6773162939297,624,0.0,0.0,484.82632541133455,2.3619744058500918,762.2627737226277,1095,10.0,0.00904977375565611,494.5342105263158,0.881578947368421,682.5974025974026,765,6.0,0.007782101167315175,611.6058394160584,5.452554744525547,451.4285714285714,547,10.0,0.017953321364452424,504.251497005988,4.152694610778443,388.2882882882883,667,5.0,0.00744047619047619
56,202402,26,522.4522144522144,2.657342657342657,398.5514018691589,857,1.0,0.0011655011655011655,622.8260869565217,1.93691389599318,630.2551020408164,2349,18.0,0.0076045627376425855,805.0666666666667,3.8091503267973854,783.6207349081365,1527,15.0,0.009727626459143969,445.69565217391306,2.2869565217391306,531.6842105263158,1145,4.0,0.0034812880765883376,513.4131736526946,3.1377245508982035,422.86567164179104,669,2.0,0.0029806259314456036,666.5038639876352,3.0680061823802163,501.8856259659969,1294,1.0,0.0007722007722007722,659.9314285714286,3.377142857142857,892.039942938659,1401,11.0,0.007790368271954674,979.7047970479704,3.2214022140221403,572.2222222222222,541,0.0,0.0,1024.7058823529412,1.5,600.0,204,10.0,0.04672897196261682,521.4285714285714,3.8904761904761904,392.13270142180096,842,8.0,0.009411764705882352,427.22662440570525,2.180665610142631,606.0663507109005,1264,19.0,0.014809041309431021,372.1381578947368,2.991776315789474,451.620294599018,1219,10.0,0.008136696501220505,318.9693989071038,0.7530054644808744,273.7787513691128,1828,8.0,0.004357298474945534,1735.1140167364017,4.22071129707113,1739.75,1916,13.0,0.00673924313115604,518.7806731813247,2.026058631921824,387.527114967462,1843,12.0,0.00646900269541779,592.9643962848297,1.9628482972136223,469.613601236476,1293,3.0,0.0023148148148148147,477.8313253012048,1.251004016064257,856.8674698795181,996,4.0,0.004,505.1002865329513,0.9598853868194842,503.55300859598856,698,1.0,0.001430615164520744,383.50515463917526,2.859106529209622,416.7010309278351,582,0.0,0.0,943.9874429223744,4.218036529680365,803.5051546391752,1749,17.0,0.009626274065685165,1031.95530726257,4.113594040968343,1020.6703910614524,1074,5.0,0.004633920296570899,1213.2179930795849,4.478662053056516,880.2540415704387,1733,16.0,0.009148084619782733,1301.3251533742332,7.9468302658486705,1373.4297520661155,973,25.0,0.025050100200400802,591.8394495412844,2.2981651376146788,699.1304347826087,873,4.0,0.004561003420752566,509.30232558139534,1.825581395348837,514.0277777777778,862,5.0,0.0057670126874279125,514.4939172749391,1.8710462287104623,693.0582524271845,823,6.0,0.007237635705669481,453.9622641509434,1.1428571428571428,692.027027027027,1482,6.0,0.004032258064516129,306.96,0.944,376.6265060240964,499,2.0,0.003992015968063872,394.04375,2.65625,352.89719626168227,641,2.0,0.003110419906687403,925.2135922330098,3.55663430420712,775.9090909090909,617,7.0,0.011217948717948718,391.22330097087377,1.3941747572815535,542.4418604651163,1031,6.0,0.0057859209257473485,594.2120418848167,2.447643979057592,357.4803149606299,763,5.0,0.006510416666666667,631.6863468634687,7.180811808118081,647.2058823529412,543,4.0,0.007312614259597806,699.349593495935,4.040650406504065,576.6486486486486,739,10.0,0.01335113484646195
57,202402,27,518.320197044335,4.246305418719212,454.72906403940885,812,7.0,0.008547008547008548,639.9288256227758,3.452846975088968,846.5008880994671,2250,30.0,0.013157894736842105,890.978813559322,4.141242937853107,701.1283497884344,1417,13.0,0.00909090909090909,1767.6114519427404,5.325153374233129,1158.719008264463,973,55.0,0.053501945525291826,468.78688524590166,0.6918032786885245,427.30263157894734,609,7.0,0.011363636363636364,1459.2104377104376,3.868686868686869,953.3333333333334,1188,38.0,0.03099510603588907,511.9628482972136,3.108359133126935,409.3353941267388,1293,6.0,0.004618937644341801,843.3864541832669,2.697211155378486,658.0876494023904,502,6.0,0.011811023622047244,1149.55,0.62,1164.1176470588234,202,5.0,0.024154589371980676,1066.3902439024391,5.170731707317073,843.9416058394161,821,19.0,0.02261904761904762,678.9473684210526,2.5925297113752124,561.6891891891892,1181,24.0,0.01991701244813278,728.0417391304347,4.540869565217391,757.0190641247833,1152,16.0,0.0136986301369863,535.1916376306621,1.6120789779326363,352.4217844727694,1724,19.0,0.010900745840504877,2594.2695547533094,18.38628158844765,2623.742405832321,1654,125.0,0.07026419336706015,1496.740694789082,10.771712158808931,1888.496240601504,1604,60.0,0.036057692307692304,992.3813559322034,4.403389830508474,744.7236180904523,1187,35.0,0.028641571194762683,524.6481876332623,1.420042643923241,683.6942675159236,940,1.0,0.0010626992561105207,514.6583850931677,1.279503105590062,375.6112852664577,641,0.0,0.0,1343.4782608695652,10.462450592885377,942.3529411764706,508,15.0,0.028680688336520075,695.8856416772554,3.6747141041931375,577.8826530612245,1571,35.0,0.021793275217932753,573.7168141592921,2.101769911504425,526.5929203539823,904,3.0,0.0033076074972436605,882.1759379042691,2.6494178525226397,561.1168831168832,1543,20.0,0.012795905310300703,864.3243243243244,3.081081081081081,942.5675675675676,888,8.0,0.008928571428571428,760.2329842931937,3.513089005235602,554.7643979057592,764,11.0,0.014193548387096775,1017.7676767676768,2.542929292929293,711.4070351758794,794,18.0,0.022167487684729065,931.1096256684492,2.647058823529412,754.8284960422163,753,27.0,0.03461538461538462,590.1984732824427,1.4702290076335878,604.6153846153846,1318,11.0,0.008276899924755455,626.3900414937759,2.190871369294606,373.6363636363636,483,7.0,0.014285714285714285,717.956081081081,4.027027027027027,626.4882943143813,595,17.0,0.027777777777777776,606.5799256505576,4.0817843866171,771.5867158671587,540,1.0,0.0018484288354898336,786.4133016627078,1.7743467933491686,810.7801418439716,844,4.0,0.0047169811320754715,316.52486187845307,1.4751381215469612,252.29916897506925,723,4.0,0.005502063273727648,880.5283018867924,7.652830188679245,663.8636363636364,529,5.0,0.009363295880149813,6100.528767123287,39.96438356164384,4582.628571428571,715,158.0,0.18098510882016036
58,202402,28,2130.84236453202,4.726600985221675,1707.125307125307,813,24.0,0.02867383512544803,893.088,3.739555555555556,718.9911504424779,2255,28.0,0.012264564169951819,427.1562064156207,2.690376569037657,348.43575418994413,1433,6.0,0.004169562195969423,484.962962962963,2.580896686159844,721.640625,1025,14.0,0.013474494706448507,881.9205298013245,1.4172185430463575,753.3774834437086,604,8.0,0.013071895424836602,1630.2043189368771,8.192691029900333,1132.549668874172,1206,20.0,0.01631321370309951,590.9551777434312,4.465224111282844,541.6744186046511,1292,9.0,0.006917755572636433,702.1517509727627,3.875486381322957,576.328125,513,2.0,0.003883495145631068,342.83838383838383,1.1313131313131313,225.45454545454547,198,26.0,0.11607142857142858,1261.8840579710145,7.422705314009661,1098.8861985472156,827,18.0,0.021301775147928994,795.7177814029363,3.9412724306688416,618.8797364085667,1220,6.0,0.004893964110929853,1315.6048109965636,8.079037800687285,951.889081455806,1159,6.0,0.005150214592274678,910.3448275862067,3.3471264367816094,708.8532110091743,1742,12.0,0.0068415051311288486,472.4786620530565,3.133794694348328,674.878892733564,1734,9.0,0.0051635111876075735,1122.953216374269,2.635087719298246,889.8961937716263,1722,38.0,0.02159090909090909,1049.8033333333333,3.8016666666666663,1243.8585690515806,1201,28.0,0.022782750203417412,724.861407249467,2.656716417910448,1115.9488272921108,938,5.0,0.005302226935312832,502.9876160990712,5.266253869969041,585.8385093167702,645,3.0,0.004629629629629629,628.6363636363636,4.348484848484849,913.6882129277568,527,2.0,0.003780718336483932,477.27,2.35625,723.055900621118,1605,12.0,0.0074211502782931356,451.8421052631579,1.5657894736842106,600.2625820568928,913,6.0,0.006528835690968444,409.7435567010309,2.685567010309278,359.38461538461536,1556,5.0,0.0032030749519538757,263.46666666666664,1.6577777777777778,285.30066815144767,899,6.0,0.0066298342541436465,855.6795865633075,3.9276485788113695,959.6675324675324,772,10.0,0.01278772378516624,1004.5172413793103,3.4014778325123154,1317.0149253731342,808,13.0,0.015834348355663823,569.0,2.677165354330709,664.8635170603675,762,6.0,0.0078125,1060.5405405405406,1.7162162162162162,890.9009009009009,1332,9.0,0.006711409395973154,368.5365853658537,3.0569105691056917,516.734693877551,491,4.0,0.00808080808080808,831.9264214046823,4.290969899665551,703.3783783783783,595,9.0,0.014900662251655629,220.6451612903226,2.1577060931899643,320.7942238267148,556,3.0,0.005366726296958855,785.7534246575342,1.4452054794520548,1126.2700228832953,875,2.0,0.002280501710376283,825.1376404494382,1.6910112359550562,636.8314606741573,712,7.0,0.009735744089012517,1284.961832061069,8.458015267175572,1001.3793103448276,523,2.0,0.0038095238095238095,1575.5675675675675,9.386486486486486,1115.4177897574125,741,10.0,0.013315579227696404
59,202402,29,412.9078014184397,3.0354609929078014,461.418439716312,846,13.0,0.015133876600698487,745.3353293413173,3.328485885372113,687.866323907455,2336,7.0,0.002987622705932565,545.6091503267974,1.94640522875817,701.3089005235602,1529,11.0,0.007142857142857143,401.6809605488851,2.58147512864494,442.87179487179486,1168,13.0,0.01100762066045724,555.0453172205438,2.0483383685800605,499.45454545454544,661,4.0,0.006015037593984963,834.0592823712949,3.3010920436817472,1126.6875,1281,14.0,0.010810810810810811,696.3462088698141,3.5092989985693848,904.2,1399,23.0,0.01617440225035162,699.5036764705883,3.882352941176471,425.9340659340659,545,0.0,0.0,709.5148514851485,1.5643564356435644,665.3465346534654,202,5.0,0.024154589371980676,614.8584905660377,3.849056603773585,603.2624113475177,847,4.0,0.004700352526439483,542.373417721519,3.319620253164557,664.2452830188679,1268,9.0,0.007047768206734534,577.5573770491803,3.047540983606557,676.2745098039215,1222,13.0,0.010526315789473684,603.8562091503268,0.8398692810457516,443.3187772925765,1834,5.0,0.0027188689505165853,502.2533748701973,2.470404984423676,711.2681912681912,1925,2.0,0.0010378827192527244,438.73908296943233,1.6615720524017468,406.8484187568157,1833,3.0,0.0016339869281045752,656.5792778649922,2.0188383045525904,615.377358490566,1273,5.0,0.003912363067292645,660.0,1.58130081300813,820.080971659919,986,6.0,0.006048387096774193,590.6628242074928,3.4755043227665707,675.9885386819484,696,7.0,0.00995732574679943,478.3561643835616,3.458904109589041,643.7113402061856,583,0.0,0.0,596.1464821222606,1.806228373702422,795.0865051903114,1734,53.0,0.02965864577504197,680.5233644859813,2.1869158878504678,724.1417910447761,1071,1.0,0.0009328358208955224,2226.036363636364,4.825454545454545,1460.7971014492753,1653,107.0,0.06079545454545455,545.9137577002053,1.8275154004106775,764.8459958932239,974,8.0,0.008146639511201629,651.9111617312072,2.1913439635535306,673.8672768878719,876,2.0,0.002277904328018223,570.8904109589041,1.5547945205479452,547.2602739726027,876,5.0,0.0056753688989784334,583.5520581113801,2.351089588377724,687.7372262773723,824,4.0,0.004830917874396135,747.3020134228188,2.1436241610738254,751.1677852348994,1490,4.0,0.002677376171352075,333.12,1.24,445.44,500,0.0,0.0,487.6215384615385,2.206153846153846,455.625,645,10.0,0.015267175572519083,621.6384364820847,2.345276872964169,806.3843648208469,614,8.0,0.012861736334405145,949.0485436893204,2.6097087378640778,1034.7945205479452,1026,6.0,0.005813953488372093,982.8746594005448,1.561307901907357,868.4468664850136,734,2.0,0.002717391304347826,1088.8560885608856,3.3542435424354244,974.014598540146,545,1.0,0.0018315018315018315,581.1382113821138,2.978319783197832,675.0404312668463,740,5.0,0.006711409395973154
60,202403,1,377.06775700934577,3.2453271028037385,632.7529411764706,853,8.0,0.009291521486643438,735.3399141630902,2.633476394849785,677.7587681779298,2334,13.0,0.005538985939497231,597.2028795811518,1.7761780104712042,819.6850393700787,1526,13.0,0.008447043534762833,393.2275132275132,2.417989417989418,525.4450261780105,1140,9.0,0.007832898172323759,741.0179640718563,3.9011976047904193,643.1137724550898,668,3.0,0.004470938897168405,651.3793103448276,3.274294670846395,647.6964006259781,1277,12.0,0.009309542280837859,821.2114285714285,3.0,1034.3589743589744,1402,37.0,0.02571230020847811,793.2344322344322,3.1062271062271063,643.5555555555555,543,4.0,0.007312614259597806,745.2571428571429,0.8952380952380953,686.1775700934579,212,20.0,0.08620689655172414,511.9148936170213,5.217494089834515,567.1563981042653,845,3.0,0.003537735849056604,688.8785046728972,1.7866043613707163,762.8304821150855,1285,10.0,0.007722007722007722,870.0524590163934,4.844262295081967,954.8852459016392,1220,10.0,0.008130081300813009,715.2606324972737,2.833151581243184,616.6013071895425,1835,5.0,0.002717391304347826,442.7573221757322,2.6391213389121337,602.9436325678497,1914,26.0,0.013402061855670102,516.2869565217392,1.7119565217391304,442.99674267100977,1841,10.0,0.005402485143165856,504.3,2.0338461538461536,699.969372128637,1303,3.0,0.002297090352220521,878.433734939759,2.8152610441767068,1134.3486973947895,997,2.0,0.002002002002002002,601.3793103448276,0.9511494252873564,614.5244956772334,695,0.0,0.0,270.30927835051546,3.0859106529209623,429.6575342465753,583,1.0,0.0017123287671232876,776.1752577319587,2.0240549828178693,1069.700460829493,1741,38.0,0.021360314783586284,1468.996282527881,2.157992565055762,1311.3966480446927,1075,9.0,0.008302583025830259,2194.3088057901086,5.990349819059108,1519.8803827751196,1665,157.0,0.08616904500548847,958.5439672801637,4.429447852760736,1073.360655737705,977,23.0,0.023,819.3613636363636,7.431818181818182,692.6146788990826,876,4.0,0.004545454545454545,533.1034482758621,2.8160919540229883,438.2488479262673,869,3.0,0.0034403669724770644,500.1060240963856,1.7783132530120482,461.1057692307692,831,7.0,0.008353221957040573,845.12,2.176,661.5322580645161,1494,4.0,0.0026702269692923898,408.0,1.32,469.92,500,1.0,0.001996007984031936,667.0523076923076,2.5907692307692307,700.1851851851852,649,5.0,0.00764525993883792,707.4789644012945,1.970873786407767,760.5882352941177,615,24.0,0.03755868544600939,682.0432220039293,1.9882121807465616,668.7229862475442,1018,1.0,0.0009813542688910696,1036.4322250639386,2.639386189258312,852.4475703324808,782,4.0,0.005089058524173028,790.4059040590406,6.099630996309963,880.6666666666666,541,2.0,0.003683241252302026,339.29919137466305,4.212938005390836,335.25606469002696,742,3.0,0.004026845637583893
61,202403,2,921.0134048257372,5.533512064343164,1022.258064516129,745,8.0,0.010624169986719787,831.6698935140367,1.9845111326234268,715.3179190751445,2071,41.0,0.019412878787878788,812.335260115607,2.213872832369942,790.4196816208394,1383,32.0,0.022614840989399292,802.2651356993737,3.1315240083507305,771.0504201680673,955,25.0,0.025510204081632654,1297.5238095238096,1.926984126984127,1142.6498422712934,632,2.0,0.0031545741324921135,1061.8552123552124,4.088803088803089,865.3053435114504,1042,11.0,0.010446343779677113,1158.3946037099497,3.24283305227656,1101.1824324324325,1185,31.0,0.02549342105263158,1106.219512195122,4.556910569105691,1226.5573770491803,490,1.0,0.002036659877800407,2016.1145833333333,0.7395833333333334,2099.3368421052637,191,3.0,0.015463917525773196,753.1914893617021,6.9179331306990886,486.0,659,4.0,0.006033182503770739,864.2328042328043,3.382716049382716,639.2844364937388,1126,18.0,0.015734265734265736,880.5221238938053,3.646017699115044,990.6902654867256,1130,9.0,0.007901668129938543,602.5865257595773,2.5508586525759576,504.1578947368421,1517,12.0,0.007848266841072597,941.3533834586466,4.2468671679198,989.9248120300751,1596,196.0,0.109375,730.5409622886866,1.650195058517555,554.6493506493506,1539,26.0,0.016613418530351438,957.0282186948854,2.2821869488536155,593.1578947368421,1137,7.0,0.006118881118881119,1455.6673114119922,2.756286266924565,1354.31906614786,1031,3.0,0.0029013539651837525,908.031496062992,0.9212598425196852,832.8571428571429,506,9.0,0.017475728155339806,622.1848739495798,3.907563025210084,645.8227848101266,475,5.0,0.010416666666666666,1317.0857142857142,3.5042857142857144,1246.9416785206258,1403,98.0,0.06528980679546968,3889.2631578947367,16.705263157894738,2685.5227882037534,753,131.0,0.14819004524886878,2556.855439642325,9.453055141579732,1787.4150664697192,1348,131.0,0.08857336037863421,3125.230024213075,19.16222760290557,2966.131386861314,824,95.0,0.10337323177366703,527.6991150442478,2.5162241887905603,782.8571428571429,682,9.0,0.013024602026049204,1088.121546961326,6.740331491712707,725.4395604395604,726,6.0,0.00819672131147541,657.0369230769231,2.3076923076923075,565.7407407407408,649,8.0,0.0121765601217656,1311.6182572614107,4.282157676348548,1362.857142857143,1444,15.0,0.01028101439342015,765.9459459459459,1.7657657657657655,849.4170403587444,445,3.0,0.006696428571428571,731.2153284671533,3.18978102189781,567.5735294117648,546,3.0,0.00546448087431694,1690.020491803279,10.221311475409836,2547.1604938271603,487,53.0,0.09814814814814815,1204.2687747035573,1.867588932806324,1261.7716535433071,1014,1.0,0.0009852216748768472,659.3297587131367,1.8873994638069704,430.8064516129032,745,11.0,0.01455026455026455,1413.6290322580646,4.919354838709677,1008.2926829268292,494,8.0,0.01593625498007968,627.4766355140187,2.38785046728972,566.6666666666666,430,3.0,0.006928406466512702
62,202403,3,899.1111111111111,2.706172839506173,841.4742014742014,812,8.0,0.00975609756097561,974.3565957446808,2.8817021276595747,1016.3979416809606,2341,33.0,0.013900589721988205,962.244155844156,2.3337662337662337,811.4766839378239,1542,19.0,0.012171684817424727,1375.288428324698,4.177892918825561,1060.3125,1155,30.0,0.02531645569620253,2730.2114803625377,12.123867069486405,2158.9024390243903,659,26.0,0.03795620437956204,1642.5846645367412,2.8610223642172525,1130.498392282958,1248,24.0,0.018867924528301886,1094.5042613636365,3.140625,1019.8295454545456,1408,32.0,0.022222222222222223,1575.2238805970148,3.8544776119402986,1203.111111111111,538,16.0,0.02888086642599278,743.554347826087,0.3043478260869565,632.6086956521739,184,16.0,0.08,1033.0562347188263,3.3056234718826407,945.8823529411764,817,14.0,0.01684717208182912,1083.835616438356,6.144596651445967,1087.6363636363635,1317,28.0,0.020817843866171002,1352.1145662847791,3.4811783960720133,1080.489396411093,1224,14.0,0.011308562197092083,1208.493492407809,1.7060737527114966,1077.9694323144104,1838,47.0,0.02493368700265252,1279.9578833693304,3.799136069114471,1458.415500538213,1855,138.0,0.06924234821876568,855.7023945267958,2.5929304446978336,759.5671981776766,1755,46.0,0.025541365907828985,1144.8836477987422,1.6163522012578615,803.2440944881889,1271,22.0,0.017014694508894045,2105.4870775347918,6.709741550695825,2137.4257425742576,1008,43.0,0.04091341579448145,1246.1946902654868,1.8761061946902653,932.212389380531,678,6.0,0.008771929824561403,1040.3533568904593,2.9752650176678443,978.5915492957746,567,7.0,0.012195121951219513,1126.9745958429562,2.548498845265589,1159.4688221709007,1732,46.0,0.025871766029246346,2886.6491557223267,3.5178236397748592,2307.6666666666665,1073,36.0,0.032461677186654644,1757.7831325301204,3.9156626506024095,1693.4306569343066,1652,72.0,0.04176334106728538,1144.3696098562627,2.291581108829569,1259.877049180328,975,42.0,0.04129793510324484,1032.4176072234764,2.1534988713318284,1236.1768707482993,884,21.0,0.023204419889502764,1501.0272108843535,3.027210884353741,1416.2979683972912,884,19.0,0.021040974529346623,1149.4385542168675,1.727710843373494,903.3173076923076,831,12.0,0.014234875444839857,2624.84126984127,7.962962962962963,2335.725593667546,1514,74.0,0.04659949622166247,1567.2289156626507,1.538152610441767,1575.12,499,13.0,0.025390625,1345.2031746031746,2.3714285714285714,1164.0752351097178,634,12.0,0.018575851393188854,1319.4117647058824,3.7777777777777777,1561.172638436482,613,27.0,0.0421875,2644.914933837429,13.476370510396976,2975.1051625239006,1052,71.0,0.06322350845948353,652.272,1.5253333333333334,451.51193633952255,752,5.0,0.0066050198150594455,1233.5555555555557,4.014814814814815,938.9010989010987,543,9.0,0.016304347826086956,1572.035928143713,3.4880239520958085,1099.8805970149251,669,8.0,0.011816838995568686
63,202403,4,456.7232558139535,2.4232558139534883,485.1869158878505,858,7.0,0.008092485549132947,587.1413969335605,2.7930153321976148,509.5124037639008,2343,9.0,0.003826530612244898,639.8779527559055,2.1404199475065617,451.54150197628456,1521,14.0,0.009120521172638436,691.9349736379613,2.330404217926186,612.5704225352113,1137,5.0,0.0043782837127845885,563.9639639639639,1.942942942942943,793.0120481927711,665,5.0,0.007462686567164179,590.0110410094637,2.8801261829652995,734.3622047244095,1269,11.0,0.00859375,902.1061692969872,4.229555236728838,627.3428571428572,1397,16.0,0.01132342533616419,785.2878787878788,2.0265151515151514,784.943820224719,531,8.0,0.014842300556586271,1685.7115384615386,0.5480769230769231,1193.529411764706,206,25.0,0.10822510822510822,483.8755980861244,3.38755980861244,408.7142857142857,838,3.0,0.0035671819262782403,774.811320754717,5.841194968553459,794.0345368916797,1273,8.0,0.00624512099921936,729.4026402640264,4.823432343234323,566.7540983606557,1216,10.0,0.008156606851549755,710.5482456140351,1.9429824561403508,549.8901098901099,1822,11.0,0.006001091107474086,843.4291623578076,3.615305067218201,1001.0493827160494,1939,27.0,0.013733468972533061,701.4434782608696,5.359782608695652,701.6139585605234,1837,20.0,0.010770059235325794,662.2,2.0232558139534884,501.4046511627907,1290,3.0,0.002320185614849188,739.738775510204,2.6551020408163266,836.6803278688525,978,18.0,0.018072289156626505,450.8670520231214,1.439306358381503,688.1844380403459,693,4.0,0.005738880918220947,521.3427561837456,5.678445229681979,733.8144329896908,574,15.0,0.025466893039049237,493.1141552511416,2.2751141552511416,570.72,1751,11.0,0.006242905788876277,412.05223880597015,2.074626865671642,479.66037735849056,1066,9.0,0.008372093023255815,1059.7923875432523,3.2306805074971163,754.364896073903,1733,18.0,0.010279840091376356,602.2556701030928,4.395876288659794,664.5896907216495,970,25.0,0.02512562814070352,542.3908045977012,3.1954022988505746,482.2844036697248,871,8.0,0.009101251422070534,347.6388888888889,2.2546296296296298,439.8152424942263,865,5.0,0.005747126436781609,647.5142857142857,2.716666666666667,636.8571428571429,840,0.0,0.0,582.1380243572395,2.381596752368065,670.9905020352782,1476,19.0,0.012709030100334449,576.6265060240963,1.4738955823293172,446.96356275303646,496,8.0,0.015873015873015872,573.5683229813665,2.5,581.795665634675,645,4.0,0.0061633281972265025,413.2154340836013,2.083601286173633,434.4155844155844,619,5.0,0.008012820512820512,808.9285714285714,2.1011904761904763,784.9411764705883,1014,11.0,0.010731707317073172,1238.9728997289974,2.8021680216802167,1101.195652173913,737,15.0,0.0199468085106383,614.1044776119403,4.682835820895522,493.3828996282528,537,4.0,0.0073937153419593345,570.2425876010782,2.350404312668464,314.5945945945946,741,5.0,0.006702412868632708
64,202403,5,532.2262773722628,7.883211678832117,570.0,819,5.0,0.006067961165048544,701.4430714916152,5.042365401588703,632.6213592233009,2266,17.0,0.007446342531756461,319.88085106382977,2.276595744680851,278.29059829059827,1407,8.0,0.005653710247349823,285.9244532803181,2.5825049701789267,369.78131212723656,1006,5.0,0.004945598417408506,657.615894039735,5.801324503311259,464.15841584158414,605,2.0,0.0032948929159802307,605.0870307167236,3.592150170648464,634.0601374570447,1168,4.0,0.0034129692832764505,506.6972049689441,2.610248447204969,546.2422360248447,1288,14.0,0.010752688172043012,585.6612244897959,3.6,457.741935483871,493,3.0,0.006048387096774193,325.36082474226805,0.4639175257731959,633.939393939394,196,16.0,0.07547169811320754,401.06024096385545,4.286746987951807,617.3684210526316,833,3.0,0.0035885167464114833,266.81063122923587,3.1578073089701,457.0149253731343,1205,6.0,0.00495458298926507,450.98090277777777,2.7604166666666665,393.58752166377815,1153,6.0,0.005176876617773943,333.37354988399073,2.1728538283062644,291.30938586326766,1725,9.0,0.005190311418685121,354.1298245614035,3.224561403508772,489.6140350877193,1710,11.0,0.006391632771644393,501.730198019802,2.771039603960396,479.037037037037,1618,22.0,0.013414634146341463,431.4177852348993,2.218120805369128,465.6281407035176,1193,8.0,0.006661115736885929,528.1798715203427,3.340471092077088,559.2811839323467,940,2.0,0.0021231422505307855,343.2298136645963,2.580745341614907,368.25,642,4.0,0.006191950464396285,264.5230769230769,4.026923076923077,529.3023255813954,518,5.0,0.009560229445506692,373.6537013801757,2.5282308657465498,488.7989886219975,1588,14.0,0.008739076154806492,274.3429844097996,1.8530066815144768,372.6174496644296,896,7.0,0.007751937984496124,855.3488372093024,5.294573643410852,520.1556420233463,1545,7.0,0.004510309278350515,1022.4077448747151,5.428246013667426,830.5694760820046,878,34.0,0.03728070175438596,474.7389033942559,4.647519582245431,374.3684210526316,763,9.0,0.011658031088082901,395.93908629441626,2.817258883248731,317.0126582278481,789,12.0,0.0149812734082397,375.1477572559367,2.266490765171504,311.5263157894737,759,3.0,0.003937007874015748,467.1951219512195,2.7667682926829267,352.1580547112462,1314,10.0,0.0075528700906344415,195.56485355648536,1.807531380753138,311.5,479,1.0,0.0020833333333333333,462.3110367892977,3.842809364548495,475.0331125827815,601,7.0,0.011513157894736841,351.5543071161049,2.048689138576779,328.5501858736059,536,0.0,0.0,529.8171021377672,2.8147268408551067,575.2941176470588,846,0.0,0.0,414.1604584527221,1.836676217765043,397.2,699,3.0,0.004273504273504274,1597.328244274809,5.66412213740458,866.8482490272373,519,4.0,0.0076481835564053535,765.5268817204301,7.543010752688172,663.089430894309,741,11.0,0.014627659574468085
65,202403,6,618.5351089588378,7.576271186440678,554.9636803874092,826,14.0,0.016666666666666666,682.455652173913,3.4278260869565216,709.6858638743455,2296,15.0,0.006490696668109044,647.9681440443213,3.4806094182825484,504.09972299168976,1444,10.0,0.0068775790921595595,231.415559772296,2.817836812144213,360.1132075471698,1057,7.0,0.006578947368421052,497.0886075949367,1.2056962025316456,748.8461538461538,628,0.0,0.0,690.2017094017094,3.353846153846154,494.6075085324232,1171,15.0,0.012647554806070826,270.3076923076923,2.3584615384615386,372.01848998459167,1299,10.0,0.007639419404125287,666.8300395256917,4.359683794466403,777.8823529411765,508,3.0,0.005870841487279843,299.42857142857144,0.4476190476190476,150.57692307692307,209,14.0,0.06278026905829596,685.7957244655582,4.881235154394299,908.63309352518,838,4.0,0.004750593824228029,332.4669887278583,2.061191626409017,376.3987138263665,1243,3.0,0.002407704654895666,785.114139693356,4.3236797274275975,510.9777015437393,1170,10.0,0.00847457627118644,567.8521939953811,2.3221709006928406,491.1034482758621,1736,11.0,0.006296508299942759,376.2993119266055,2.715596330275229,368.3544303797468,1741,4.0,0.002292263610315186,513.5433789954338,2.4668949771689497,541.9090909090909,1756,13.0,0.007348784624081402,577.3660130718954,2.7205882352941178,607.363184079602,1215,5.0,0.004098360655737705,578.7421383647799,3.5052410901467503,678.781512605042,953,2.0,0.0020942408376963353,524.2682926829268,1.5152439024390243,417.2560975609756,656,4.0,0.006060606060606061,152.85171102661596,3.155893536121673,208.97338403041823,526,6.0,0.011278195488721804,868.6907730673316,5.0910224438902745,789.7156983930779,1611,17.0,0.010442260442260442,350.8096280087527,2.910284463894967,315.55075593952483,920,2.0,0.0021691973969631237,812.4967989756722,3.526248399487836,627.5696202531645,1571,9.0,0.00569620253164557,371.9474835886214,2.24945295404814,549.7368421052631,913,4.0,0.004362050163576881,701.8320610687023,6.720101781170484,381.4285714285714,785,16.0,0.019975031210986267,315.3560975609756,2.873170731707317,398.7192118226601,816,5.0,0.0060901339829476245,351.1347150259068,2.1295336787564767,712.3834196891191,772,9.0,0.011523687580025609,424.05882352941177,2.614705882352941,673.2352941176471,1360,8.0,0.005847953216374269,520.0816326530612,3.8612244897959194,654.6122448979592,490,9.0,0.018036072144288578,533.4065573770491,3.1278688524590166,486.2950819672131,610,8.0,0.012944983818770227,728.231046931408,4.472924187725631,442.4727272727273,552,5.0,0.008976660682226212,657.4149659863946,3.027210884353741,738.4090909090909,881,3.0,0.003393665158371041,809.8351955307263,3.3715083798882683,702.7855153203343,717,1.0,0.001392757660167131,1904.186046511628,4.011627906976744,1308.3720930232555,516,6.0,0.011494252873563218,484.05405405405406,4.562162162162162,555.6451612903226,742,0.0,0.0
66,202403,7,500.62997658079627,8.878220140515223,600.2810304449649,854,8.0,0.009280742459396751,4237.5,23.65421455938697,3482.0502512562816,2039,764.0,0.27256510881198714,1604.458121827411,5.2347715736040605,1587.550576184379,1569,49.0,0.030284301606922127,581.2563667232598,2.601018675721562,477.4662162162162,1181,14.0,0.011715481171548118,710.4,1.3428571428571427,594.0509915014164,703,33.0,0.04483695652173913,765.7007874015748,4.048818897637795,597.7429467084639,1273,17.0,0.01317829457364341,871.6518105849582,2.817548746518106,547.9497907949791,1435,19.0,0.013067400275103164,1055.7851851851851,3.411111111111111,741.6176470588235,542,12.0,0.021660649819494584,755.4537037037037,2.935185185185185,525.0366972477065,217,6.0,0.026905829596412557,714.3793911007026,3.8430913348946136,622.7634660421546,854,18.0,0.020642201834862386,897.5639097744361,2.344360902255639,982.8358208955224,1335,64.0,0.045746962115797,1061.1333333333334,4.465040650406504,1296.930533117932,1234,21.0,0.016733067729083666,584.4394904458599,1.1029723991507432,495.3503184713376,1884,35.0,0.018238665971860343,1144.388944723618,6.1457286432160805,1041.42,1995,39.0,0.019174041297935103,837.0451680672269,2.989495798319328,595.4039874081847,1905,32.0,0.016520392359318535,777.8015384615385,2.46,572.9268292682926,1306,10.0,0.007598784194528876,764.9704142011834,3.3550295857988166,1151.0276679841895,1013,20.0,0.01936108422071636,1431.7460317460318,2.314814814814815,1733.15649867374,755,45.0,0.05625,727.5218658892128,2.5335276967930027,706.9026548672566,682,8.0,0.011594202898550725,1184.81522956327,3.924972004479284,1063.020134228188,1787,48.0,0.026158038147138966,1177.619893428064,2.3658969804618115,1177.486725663717,1128,21.0,0.018276762402088774,1150.0,4.429223744292237,851.3734392735528,1757,47.0,0.026053215077605323,716.3039014373717,2.3388090349075976,460.1226993865031,976,14.0,0.014141414141414142,974.3552631578948,2.6271929824561404,768.2352941176471,915,59.0,0.060574948665297744,694.0022172949002,2.3569844789356984,774.7252747252747,906,37.0,0.03923647932131495,1179.109589041096,3.219178082191781,1149.7494356659142,881,63.0,0.06673728813559322,1040.89364461738,2.0739299610894943,706.5974025974026,1541,26.0,0.016592214422463305,743.826714801444,3.523465703971119,957.0422535211268,561,21.0,0.03608247422680412,662.4407294832827,2.39209726443769,627.2727272727273,659,14.0,0.020802377414561663,989.3290734824282,2.865814696485623,1033.4384858044164,630,20.0,0.03076923076923077,794.9488636363636,4.471590909090909,668.6363636363636,1056,19.0,0.017674418604651163,396.53229974160206,2.1214470284237725,491.9216710182768,770,8.0,0.010282776349614395,791.5895522388059,4.787313432835821,562.5830258302583,539,4.0,0.007366482504604052,1009.2622950819672,9.183060109289617,598.3516483516484,730,15.0,0.020134228187919462
67,202403,8,537.9322429906542,3.0957943925233646,453.30210772833726,855,4.0,0.004656577415599534,3330.6969964664318,9.946996466431097,3372.0510638297874,2307,228.0,0.08994082840236686,1195.675,3.85125,1194.6470588235295,1599,20.0,0.012353304508956145,584.9982817869416,2.357388316151203,662.568493150685,1166,6.0,0.005119453924914676,1653.8128491620112,3.441340782122905,1444.0336134453785,715,10.0,0.013793103448275862,657.5546875,2.646875,615.5829383886256,1273,11.0,0.008566978193146417,644.2851182197496,2.5952712100139084,549.108635097493,1437,14.0,0.009648518263266712,914.6765799256506,2.6988847583643123,799.3258426966293,536,5.0,0.009242144177449169,621.757281553398,0.8252427184466019,699.4117647058823,205,11.0,0.05092592592592592,769.0936768149883,4.484777517564403,574.8705882352941,852,16.0,0.018433179723502304,1474.821428571429,4.586309523809524,1545.5357142857142,1344,35.0,0.025380710659898477,944.4626623376624,3.7337662337662336,757.0858995137763,1233,8.0,0.0064464141821112,808.3453389830509,2.921610169491525,870.5696202531645,1892,12.0,0.0063025210084033615,1165.5725567620927,4.911154985192497,1264.8568608094768,2026,18.0,0.008806262230919765,896.96088794926,3.680761099365751,759.1525423728814,1890,28.0,0.014598540145985401,814.9260935143288,2.310708898944193,604.9848942598187,1325,15.0,0.011194029850746268,1140.8155339805826,3.1398058252427186,1197.5486381322958,1029,16.0,0.015311004784688996,1409.7180156657964,4.814621409921671,1444.0944881889764,764,19.0,0.024265644955300127,1202.2543352601156,4.283236994219653,1144.5348837209303,690,5.0,0.007194244604316547,813.3646408839779,2.438674033149171,802.2591362126246,1808,22.0,0.012021857923497269,828.7694974003466,1.4783362218370883,847.6173913043478,1152,9.0,0.007751937984496124,925.0592841163312,2.873601789709172,894.2760942760942,1785,30.0,0.01652892561983471,666.9816700610997,1.6232179226069243,777.5510204081633,981,5.0,0.005070993914807302,1517.021645021645,5.582251082251083,1499.3478260869565,922,26.0,0.027426160337552744,1028.0347071583517,3.1496746203904555,766.8421052631579,917,33.0,0.034736842105263156,1206.245575221239,3.2367256637168142,1126.4429530201342,899,11.0,0.012087912087912088,1106.018064516129,2.1470967741935483,942.077922077922,1545,24.0,0.015296367112810707,795.0631578947368,1.898245614035088,962.7368421052632,570,9.0,0.015544041450777202,702.2826747720364,2.8905775075987843,794.5398773006135,655,10.0,0.015037593984962405,783.8061538461538,2.667692307692308,766.5,645,10.0,0.015267175572519083,1061.0586011342157,3.4139886578449907,1068.9473684210527,1061,24.0,0.022119815668202765,586.673417721519,1.3367088607594937,575.8513853904282,792,5.0,0.006273525721455458,680.8118081180812,4.003690036900369,424.4280442804428,542,10.0,0.018115942028985508,799.7282608695652,3.5434782608695654,495.0810810810811,738,7.0,0.009395973154362415
68,202403,9,1495.0727762803235,10.95687331536388,1866.72131147541,737,54.0,0.06826801517067003,1569.1403180542563,3.452759588400374,1885.093984962406,2133,153.0,0.06692913385826772,801.3797634691196,2.1773981603153745,782.1875,1529,41.0,0.026114649681528664,1434.5470941883768,5.278557114228457,1613.627254509018,998,29.0,0.028237585199610515,5210.581395348837,5.656976744186046,3744.7262247838617,691,233.0,0.25216450216450215,1919.0281124497992,7.423694779116466,1728.825910931174,992,77.0,0.07202993451824134,734.158154859967,4.451400329489291,682.3140495867768,1212,11.0,0.008994276369582993,2039.8515283842796,5.991266375545852,1934.2241379310344,461,96.0,0.17235188509874327,441.3958333333333,2.2916666666666665,561.6494845360825,193,9.0,0.04455445544554455,1811.4545454545453,6.881818181818182,1782.1818181818182,660,45.0,0.06382978723404255,1611.2432432432431,5.4,1922.5945945945944,1110,125.0,0.10121457489878542,1827.3461538461536,6.646520146520147,2362.0475319926877,1093,71.0,0.06099656357388316,1731.9536152796725,5.465211459754434,1728.3897158322056,1472,94.0,0.06002554278416347,1030.71335504886,4.251900108577633,1355.5168661588684,1840,62.0,0.03259726603575184,1324.8343634116193,3.978986402966625,1448.314606741573,1610,100.0,0.05847953216374269,1908.7232472324724,5.142066420664206,2088.880733944954,1087,129.0,0.10608552631578948,5827.983367983368,8.424116424116423,4952.549019607844,940,319.0,0.2533756949960286,1825.360824742268,4.852233676975945,1437.123287671233,583,40.0,0.06420545746388442,2111.3636363636365,4.151515151515151,2188.3969465648856,526,65.0,0.10998307952622674,886.0527027027027,3.4891891891891893,792.8163265306123,1475,28.0,0.018629407850964737,887.1428571428571,2.1912442396313363,760.092807424594,865,19.0,0.021493212669683258,756.0504201680673,3.0798319327731094,693.6099585062241,1437,31.0,0.02111716621253406,697.5575620767495,3.3882618510158014,839.5964125560538,889,8.0,0.008918617614269788,1663.1627906976744,4.377906976744186,1616.57223796034,697,88.0,0.11210191082802548,2169.17027027027,3.2135135135135133,1734.88,745,118.0,0.13673232908458866,1189.4717514124293,2.403954802259887,1458.4357541899442,712,86.0,0.10776942355889724,5436.023703703704,7.7555555555555555,3593.0149253731342,1345,386.0,0.22299248989023684,2024.93023255814,6.934883720930233,3294.6428571428573,439,64.0,0.1272365805168986,1610.4185185185186,6.529629629629629,1729.3984962406016,536,17.0,0.03074141048824593,781.5970149253732,2.5522388059701493,559.4052044609665,537,8.0,0.014678899082568808,7130.506329113924,9.162447257383969,4718.089171974522,945,315.0,0.25,441.5309278350516,1.7603092783505154,286.6666666666667,775,14.0,0.017743979721166033,3077.7049180327867,22.49590163934426,2141.825726141079,485,35.0,0.0673076923076923,2398.0,7.314285714285714,2000.8219178082195,429,22.0,0.04878048780487805
69,202403,10,1503.7037037037037,5.192592592592592,1256.5925925925926,810,21.0,0.02527075812274368,1221.9667802385009,3.1158432708688246,1700.3523969722455,2363,99.0,0.04021121039805037,1050.85375,2.2075,916.8539325842696,1601,19.0,0.011728395061728396,1369.5033112582782,5.458609271523179,1081.2080536912752,1200,14.0,0.011532125205930808,2388.6614173228345,4.5984251968503935,2560.1069518716577,755,52.0,0.0644361833952912,1860.937898089172,7.5,1446.3695299837923,1245,56.0,0.04304381245196003,1034.6008403361343,5.820728291316526,784.8467966573816,1432,13.0,0.008996539792387544,1760.312030075188,8.597744360902256,1810.112359550562,533,26.0,0.046511627906976744,1124.0618556701031,6.134020618556701,882.680412371134,194,13.0,0.06280193236714976,1618.108695652174,6.2898550724637685,1493.3653846153843,830,47.0,0.053591790193842644,1396.7667161961367,4.514115898959881,1384.2342342342342,1339,48.0,0.03460706560922855,1334.6335504885994,3.614006514657981,1472.435064935065,1230,44.0,0.03453689167974882,1209.4091392136029,2.651434643995749,1108.033826638478,1887,29.0,0.015135699373695199,1207.9415322580646,4.026209677419355,1484.1546184738957,1988,31.0,0.015354135710747894,1171.8846572361265,2.682263329706202,1060.1307189542483,1837,35.0,0.018696581196581196,1727.793626707132,6.675265553869499,1480.485496183206,1314,50.0,0.036656891495601175,2877.835671342685,5.5490981963927855,3405.774378585086,1022,103.0,0.09155555555555556,1467.7540106951872,5.735294117647059,1568.1300813008131,743,15.0,0.01978891820580475,2234.5686900958467,6.2300319488817895,1984.7619047619048,628,21.0,0.032357473035439135,931.088535754824,4.0,753.1972789115646,1763,20.0,0.011217049915872126,1221.3103448275865,2.9793103448275864,1376.7235494880547,1166,10.0,0.008503401360544218,1276.3443396226414,6.466981132075472,962.5352112676056,1700,20.0,0.011627906976744186,902.6008064516128,3.3891129032258065,861.96,996,6.0,0.005988023952095809,1418.5894736842106,3.248421052631579,1810.595744680851,945,39.0,0.039634146341463415,1977.7937915742796,6.137472283813747,1465.7534246575342,889,35.0,0.03787878787878788,1608.563063063063,5.308558558558558,1505.7222222222222,876,33.0,0.036303630363036306,2820.5577689243028,5.581673306772909,2879.920948616601,1512,198.0,0.11578947368421053,2615.444015444016,9.984555984555984,3330.0,525,42.0,0.07407407407407407,2388.811320754717,9.4811320754717,1779.549839228296,629,20.0,0.030816640986132512,902.4922118380064,2.791277258566978,795.7894736842105,644,3.0,0.00463678516228748,2971.1400709219856,9.148936170212766,3146.4042933810374,1123,47.0,0.040170940170940174,444.0054644808743,1.2049180327868851,419.6739130434783,734,3.0,0.004070556309362279,2170.074626865672,6.201492537313433,2089.7727272727275,532,52.0,0.08904109589041095,1763.7125748502997,6.526946107784431,1524.4712990936555,665,22.0,0.03202328966521106
70,202403,11,3841.772727272728,5.619617224880383,3093.8571428571427,838,53.0,0.05948372615039282,785.3208645054032,2.137988362427265,955.0041631973356,2404,23.0,0.009476720230737536,433.25689223057645,2.101503759398496,522.9323308270676,1596,8.0,0.004987531172069825,626.7487603305785,2.4,822.9284525790349,1206,12.0,0.009852216748768473,705.8152173913044,1.3559782608695652,633.0978260869565,736,1.0,0.0013568521031207597,1023.5191424196018,3.762633996937213,1096.3384615384616,1303,19.0,0.014372163388804841,638.189679218968,3.831241283124129,660.5857740585774,1434,15.0,0.010351966873706004,887.2193308550186,4.557620817843866,1144.2379182156135,538,8.0,0.014652014652014652,585.2718446601941,2.8640776699029127,643.5294117647059,205,13.0,0.05963302752293578,1042.5700934579438,4.025700934579439,1213.4579439252336,856,19.0,0.021714285714285714,509.9112426035503,1.5961538461538465,769.1875923190546,1353,10.0,0.007336757153338224,714.8612903225807,3.0661290322580643,1141.4492753623188,1241,6.0,0.0048115477145148355,515.022564102564,0.803076923076923,568.2061855670103,1945,10.0,0.005115089514066497,406.84059405940593,2.374257425742574,630.2376237623762,2020,19.0,0.009318293281020108,797.1966173361523,1.6479915433403804,678.7301587301587,1891,27.0,0.014077163712200209,835.1874084919473,1.7584187408491947,845.1434911242603,1359,15.0,0.010917030567685589,916.717693836978,1.727634194831014,1488.2376237623762,1008,20.0,0.019455252918287938,524.3814432989691,0.8556701030927835,605.5384615384615,778,3.0,0.0038412291933418692,623.4857142857143,3.217142857142857,611.5186246418339,699,13.0,0.018258426966292134,576.2697368421053,2.584429824561404,648.568281938326,1820,9.0,0.004920721705850191,562.8373702422145,1.994809688581315,601.875,1154,2.0,0.0017301038062283738,722.4161073825503,3.3668903803131998,538.7932960893854,1789,5.0,0.002787068004459309,535.8396793587175,3.0501002004008018,444.40881763527057,998,4.0,0.003992015968063872,833.25,1.875,1029.0744680851064,934,6.0,0.006382978723404255,562.8329621380847,1.643652561247216,762.9139072847682,902,23.0,0.024864864864864864,615.3311111111111,1.4755555555555555,945.8622222222224,900,5.0,0.0055248618784530384,1201.051948051948,1.7584415584415585,1358.3160621761658,1542,25.0,0.01595405232929164,519.4405594405595,2.734265734265734,471.578947368421,571,4.0,0.006956521739130435,977.6346749226008,4.164086687306502,961.280487804878,651,11.0,0.01661631419939577,486.5963302752294,2.0428134556574924,534.8307692307692,652,2.0,0.0030581039755351682,1299.126893939394,1.9734848484848484,1463.463687150838,1065,15.0,0.013888888888888888,636.3685636856369,2.254742547425474,556.8392370572207,736,2.0,0.0027100271002710027,1015.3333333333334,5.033333333333333,916.3837638376384,541,8.0,0.014571948998178506,3656.808510638298,11.40159574468085,2346.4,751,1.0,0.0013297872340425532
71,202403,12,442.04634146341465,3.05609756097561,350.94890510948903,821,4.0,0.0048484848484848485,661.2904884318766,2.4078834618680376,696.4746345657782,2330,21.0,0.00893236920459379,482.8854860186418,2.127829560585885,804.7669773635154,1502,4.0,0.0026560424966799467,241.1049723756906,2.167587476979742,256.2825278810409,1081,8.0,0.0073461891643709825,466.8513119533528,1.2040816326530612,572.6315789473684,685,1.0,0.0014577259475218659,402.7446102819237,2.5887230514096187,393.81260364842456,1206,9.0,0.007407407407407408,341.93834586466164,2.706766917293233,313.3832335329341,1333,4.0,0.0029917726252804786,536.0919540229885,3.5172413793103448,427.1264367816092,522,6.0,0.011363636363636364,258.7708333333333,1.0,468.6315789473685,191,21.0,0.09905660377358491,250.04784688995213,3.949760765550239,455.5131264916468,837,6.0,0.0071174377224199285,371.4418604651163,2.062015503875969,380.8372093023256,1290,5.0,0.003861003861003861,295.462457337884,2.697952218430034,557.8767123287671,1170,10.0,0.00847457627118644,213.4309210526316,0.6743421052631579,197.6043956043956,1822,12.0,0.006543075245365322,341.7421451787649,2.6370530877573133,451.0054054054054,1848,12.0,0.0064516129032258064,386.037037037037,1.7337962962962965,282.3201856148492,1726,11.0,0.0063327576280944155,236.7744945567652,1.7465007776049766,258.6271450858034,1284,5.0,0.003878975950349108,305.679012345679,1.162551440329218,680.8213552361397,973,10.0,0.01017293997965412,495.58659217877096,1.6312849162011174,686.0504201680673,715,4.0,0.005563282336578581,282.0195439739414,3.6644951140065145,282.54901960784315,613,13.0,0.020766773162939296,403.5637910085055,2.5965978128797085,501.6058394160584,1645,6.0,0.0036341611144760752,1249.857433808554,3.527494908350305,1327.2244897959183,981,8.0,0.008088978766430738,798.565594059406,5.092821782178218,658.4367245657568,1614,21.0,0.012844036697247707,289.7844827586207,2.3857758620689653,465.4193548387097,929,9.0,0.009594882729211088,535.1739130434783,2.111111111111111,537.910843373494,829,6.0,0.00718562874251497,372.8463476070529,1.5390428211586902,338.1546134663342,798,23.0,0.028014616321559074,433.83532219570407,1.9403341288782816,561.0,839,0.0,0.0,455.4426705370101,1.0130624092888243,435.3468208092485,1381,3.0,0.002167630057803468,259.62406015037595,2.101503759398496,482.247191011236,533,2.0,0.003738317757009346,232.58576051779932,2.504854368932039,180.77170418006432,620,1.0,0.001610305958132045,577.7465277777778,1.8333333333333333,526.7586206896551,578,5.0,0.008576329331046312,436.47597254004575,1.2242562929061784,487.6537585421413,876,4.0,0.004545454545454545,642.1404011461318,1.7077363896848137,471.6,699,12.0,0.016877637130801686,737.7692307692307,3.8461538461538463,816.6023166023166,519,10.0,0.01890359168241966,285.3658536585366,3.2330623306233064,236.91056910569105,738,2.0,0.002702702702702703
72,202403,13,229.88516746411483,3.0167464114832536,330.5035971223021,835,2.0,0.0023894862604540022,599.7437874892888,2.8071979434447303,654.5687446626815,2338,17.0,0.007218683651804671,616.4202898550725,2.877470355731225,514.6367239101718,1516,12.0,0.007853403141361256,481.6991150442478,2.815929203539823,589.4551845342706,1134,5.0,0.004389815627743635,696.2114285714285,0.7457142857142857,593.5042735042736,701,7.0,0.009887005649717515,405.1921824104234,2.228013029315961,347.373572593801,1227,16.0,0.012872083668543845,551.4242878560719,2.6506746626686657,621.777108433735,1331,13.0,0.009672619047619048,483.218045112782,3.2218045112781954,492.9056603773585,531,2.0,0.00375234521575985,433.58,0.88,421.8,200,12.0,0.05660377358490566,591.7535545023696,4.350710900473934,625.0,842,6.0,0.007075471698113208,376.37116564417175,1.892638036809816,369.6625766871165,1304,13.0,0.009870918754745633,514.3293718166384,3.059422750424448,598.9761092150171,1175,8.0,0.006762468300929839,218.14004376367612,0.7680525164113785,293.91494002181025,1831,13.0,0.0070498915401301515,603.2268722466961,3.9174008810572687,734.8521358159912,1821,90.0,0.04709576138147567,383.4576086956522,2.739130434782609,361.2377850162866,1841,19.0,0.01021505376344086,436.39567233384855,1.6151468315301392,416.94444444444446,1295,2.0,0.0015420200462606013,645.1239669421487,1.5206611570247934,833.6907216494845,969,7.0,0.007172131147540984,636.3333333333334,2.605555555555556,618.8857938718663,719,0.0,0.0,399.1639871382637,2.144694533762058,373.3118971061093,622,4.0,0.006389776357827476,483.6739130434783,2.8683574879227054,596.6024096385543,1658,34.0,0.02009456264775414,1092.6060606060605,2.8666666666666667,1216.969696969697,990,10.0,0.01,704.5209359605911,2.8411330049261085,746.3235294117648,1628,21.0,0.012734990903577926,371.0593220338983,2.082627118644068,455.33898305084745,944,6.0,0.00631578947368421,467.4457547169811,2.332547169811321,457.1090047393365,846,13.0,0.015133876600698487,256.1927710843373,1.6265060240963856,317.37226277372264,826,9.0,0.010778443113772455,813.8356807511738,6.36150234741784,652.8169014084507,852,6.0,0.006993006993006993,511.48514851485146,1.316831683168317,527.2214386459802,1416,10.0,0.0070126227208976155,284.55223880597015,1.2388059701492538,497.910447761194,536,0.0,0.0,332.6528662420382,2.3121019108280256,395.38461538461536,626,4.0,0.006349206349206349,499.22147651006713,2.4966442953020134,580.6779661016949,593,4.0,0.006700167504187605,508.6334056399133,1.9739696312364423,638.6928104575163,920,15.0,0.016042780748663103,796.961432506887,2.7410468319559227,604.6082191780822,728,2.0,0.0027397260273972603,645.7587548638132,3.906614785992218,570.0,513,19.0,0.03571428571428571,242.74193548387095,4.526881720430108,346.7027027027027,742,7.0,0.009345794392523364
73,202403,14,552.0819672131148,3.180327868852459,483.97163120567376,850,13.0,0.015063731170336037,1670.1965888689408,6.995511669658887,1399.3339333933393,2225,317.0,0.12470495672698663,1119.3376963350786,3.0654450261780104,1026.7017082785808,1525,130.0,0.07854984894259819,959.691780821918,3.5565068493150687,869.0289608177172,1171,113.0,0.08800623052959501,1078.6516853932585,2.0252808988764044,1034.4475920679886,709,35.0,0.04704301075268817,661.1114503816793,2.044274809160305,791.8706240487062,1312,17.0,0.012791572610985704,936.8753462603878,2.455678670360111,885.5601659751037,1445,56.0,0.037308461025982675,988.2,2.938181818181818,668.3211678832117,549,11.0,0.019642857142857142,1629.517543859649,2.149122807017544,1320.5217391304348,229,0.0,0.0,940.8333333333334,3.685185185185185,863.9443155452436,863,13.0,0.014840182648401826,1077.3013698630136,3.232876712328767,639.6951219512196,1313,76.0,0.054715622750179986,793.8117839607202,3.772504091653028,853.495145631068,1229,35.0,0.027689873417721517,891.4109730848861,1.68944099378882,667.9175257731958,1936,35.0,0.017757483510908167,1392.790294627383,5.50259965337955,1463.3739130434783,1152,1359.0,0.5412186379928315,2482.462606837607,8.110042735042734,2173.945945945946,1861,88.0,0.04515135967162647,1107.0829562594267,4.785822021116139,807.1748878923767,1332,35.0,0.025603511338697878,942.3933463796476,2.5185909980430528,972.470588235294,1021,11.0,0.01065891472868217,1022.2520107238606,1.4423592493297588,903.7602179836512,740,46.0,0.058524173027989825,1447.8947368421052,8.722222222222221,1980.5263157894735,684,25.0,0.03526093088857546,1323.0716723549488,7.103526734926052,1474.1016949152545,1764,130.0,0.06863780359028511,3965.813996316759,6.524861878453039,3124.0437158469945,1092,99.0,0.08312342569269521,1360.9791666666667,3.263888888888889,1516.7667436489608,1730,108.0,0.058759521218716,1048.2334047109207,2.4025695931477515,946.0434782608696,927,136.0,0.1279397930385701,1860.814479638009,10.085972850678733,1401.7857142857142,890,88.0,0.08997955010224949,1846.3590909090908,12.481818181818182,1080.814479638009,882,60.0,0.06369426751592357,1596.6793349168647,6.04750593824228,1515.322195704057,840,110.0,0.11578947368421053,1163.8159268929503,1.857702349869452,910.2879581151832,1530,62.0,0.038944723618090454,534.0,1.3928571428571428,542.5622775800712,561,18.0,0.031088082901554404,889.4224924012158,3.124620060790273,940.0615384615384,654,13.0,0.019490254872563718,1256.782334384858,5.495268138801261,1195.6739811912223,636,33.0,0.04932735426008968,1058.796992481203,2.0357142857142856,972.3396226415094,1062,29.0,0.026581118240146653,1865.7128712871288,2.495049504950495,1650.2970297029703,808,4.0,0.0049261083743842365,842.6666666666666,4.162962962962963,1008.75,542,12.0,0.021660649819494584,621.5803814713896,3.904632152588556,586.0162601626016,736,19.0,0.025165562913907286
74,202403,15,740.3695150115474,2.7505773672055427,723.3256351039261,866,7.0,0.008018327605956471,2229.0297872340425,6.153191489361702,2051.7147707979625,2353,140.0,0.05615724027276374,1658.5386565272495,5.661596958174905,1846.490566037736,1584,61.0,0.03708206686930091,929.2152317880794,2.4966887417218544,830.8674304418985,1215,11.0,0.00897226753670473,1793.133514986376,1.435967302452316,1668.780487804878,736,12.0,0.016042780748663103,1181.9556574923547,3.1299694189602447,971.0769230769232,1304,18.0,0.01361573373676248,872.3463087248322,2.240268456375839,960.7957559681696,1499,17.0,0.011213720316622692,913.9448529411764,3.338235294117647,781.3235294117648,544,3.0,0.005484460694698354,552.6239316239316,0.7863247863247863,322.7586206896552,233,3.0,0.012711864406779662,915.6279069767442,3.5348837209302326,827.1328671328671,859,11.0,0.01264367816091954,3322.9493087557603,13.781874039938556,3531.8611987381705,1285,222.0,0.14731254147312542,1148.9630225080386,4.577170418006431,1149.8709677419354,1242,15.0,0.011933174224343675,1395.6521739130435,2.8447204968944098,1253.1340206185566,1936,50.0,0.025176233635448138,1161.240317775571,4.501489572989076,1366.2374245472838,2001,78.0,0.03751803751803752,789.1712765957446,2.1585106382978725,673.6708860759494,1888,35.0,0.018200728029121163,1322.03513909224,2.5183016105417275,1116.2268041237114,1362,17.0,0.012327773749093546,1291.8233009708738,2.130097087378641,1205.859375,1027,16.0,0.015340364333652923,2087.493403693931,6.150395778364116,2029.090909090909,764,36.0,0.045,1090.1142857142856,3.608571428571429,1249.6848137535817,699,7.0,0.009915014164305949,1114.8745910577973,2.924754634678299,1228.4623773173391,1834,60.0,0.03167898627243928,4292.786885245901,2.768670309653916,3946.204379562044,1097,142.0,0.11460855528652139,1137.4468085106382,2.772676371780515,1160.782122905028,1788,66.0,0.03559870550161812,1109.820359281437,2.18562874251497,966.1693548387096,997,18.0,0.017733990147783252,1345.8146551724135,2.956896551724138,1464.5064935064936,926,45.0,0.046343975283213185,911.8612334801762,1.997797356828194,1005.4945054945056,909,31.0,0.03297872340425532,1422.288590604027,2.21923937360179,1089.6644295302012,894,22.0,0.024017467248908297,1509.9481865284974,1.854922279792746,1557.5193798449611,1546,36.0,0.022756005056890013,883.8297872340426,1.897163120567376,1386.9473684210527,567,10.0,0.01733102253032929,1107.075987841945,3.9604863221884496,777.6219512195122,657,9.0,0.013513513513513514,1227.323076923077,2.707692307692308,1329.1021671826625,648,30.0,0.04424778761061947,1166.7657992565055,2.5,1026.5921787709497,1075,15.0,0.013761467889908258,783.972286374134,2.547344110854504,769.63133640553,867,4.0,0.004592422502870264,1173.4065934065934,5.047619047619048,1108.905109489051,547,5.0,0.009057971014492754,699.144385026738,3.831550802139037,720.0,751,6.0,0.007926023778071334
75,202403,16,653.107049608355,2.6396866840731072,845.0261780104712,765,2.0,0.002607561929595828,2937.532701421801,6.875829383886256,2776.6793168880454,2109,228.0,0.0975609756097561,1145.0561224489795,2.931122448979592,1225.1413881748072,1562,25.0,0.01575299306868305,714.8473282442748,2.2729007633587788,728.4894837476099,1047,11.0,0.010396975425330813,1249.6039603960396,1.193069306930693,1483.0272952853595,807,15.0,0.01824817518248175,893.0210325047801,2.674952198852772,760.2873345935727,1052,12.0,0.011278195488721804,608.468315301391,2.0,427.1850699844479,1290,22.0,0.01676829268292683,969.3453815261043,2.646586345381526,1230.72,499,12.0,0.023483365949119372,656.2142857142857,1.0803571428571428,831.7280701754386,226,8.0,0.03418803418803419,793.0205278592375,2.372434017595308,1174.3108504398826,682,11.0,0.015873015873015872,1196.6315789473683,2.652631578947368,1231.6062176165804,1149,85.0,0.06888168557536467,862.061403508772,2.649122807017544,706.7600700525394,1141,16.0,0.013828867761452032,654.141235813367,0.9520807061790668,679.8241206030151,1589,15.0,0.009351620947630923,992.4918743228602,3.2416034669555795,1214.902807775378,1849,49.0,0.025816649104320338,642.259880239521,2.3616766467065866,693.3975903614457,1665,20.0,0.011869436201780416,965.3020134228188,2.9412751677852347,835.3691275167786,1192,3.0,0.002510460251046025,1082.5182481751824,1.895985401459854,1416.2637362637363,1094,11.0,0.009954751131221719,1566.7933333333333,3.7666666666666666,1493.0232558139537,601,17.0,0.02750809061488673,832.7402135231317,3.00355871886121,740.2846975088968,562,5.0,0.008818342151675485,681.3947368421053,2.569736842105263,955.3968253968254,1516,21.0,0.013662979830839297,1017.2307692307692,2.830769230769231,1116.319290465632,906,3.0,0.0033003300330033004,589.2391304347826,2.942934782608696,589.6356275303643,1477,5.0,0.0033738191632928477,557.4666666666667,1.6733333333333331,523.2372505543237,901,3.0,0.00331858407079646,1365.5983827493262,1.7762803234501348,1248.7096774193549,743,34.0,0.043758043758043756,1075.7506172839503,1.88641975308642,897.925925925926,810,26.0,0.03110047846889952,1036.3237597911227,1.866840731070496,1195.9688311688312,768,17.0,0.02165605095541401,1151.4942528735633,1.3128991060025543,1410.383631713555,1565,13.0,0.008238276299112801,595.6779661016949,1.0254237288135593,974.8717948717948,470,9.0,0.018789144050104383,542.4945454545455,2.250909090909091,489.45054945054943,548,11.0,0.01967799642218247,710.0209059233449,2.501742160278745,704.4755244755245,573,5.0,0.00865051903114187,1335.273368606702,2.0846560846560847,1504.982332155477,1133,29.0,0.02495697074010327,1017.5267379679144,1.411764705882353,1071.5675675675675,744,9.0,0.01195219123505976,501.9512195121951,3.0121951219512195,771.7741935483871,494,17.0,0.033268101761252444,888.4931506849315,2.5799086757990866,686.7567567567568,441,9.0,0.02
76,202403,17,442.9343065693431,3.3284671532846715,750.2912621359224,823,3.0,0.0036319612590799033,1556.9197324414715,2.8946488294314383,1571.8796992481202,2393,35.0,0.014415156507413509,788.4116945107398,2.649164677804296,943.5992779783394,1669,21.0,0.01242603550295858,853.6633663366337,2.5874587458745872,683.702479338843,1211,5.0,0.004111842105263158,1783.678756476684,2.160621761658031,1466.09375,770,14.0,0.017857142857142856,751.7228346456693,2.921259842519685,874.5506329113924,1267,15.0,0.01170046801872075,496.9,1.947945205479452,706.304347826087,1466,16.0,0.010796221322537112,1227.1715328467153,3.072992700729927,1590.6617647058824,546,6.0,0.010869565217391304,931.4827586206897,2.189655172413793,681.9642857142857,228,3.0,0.012987012987012988,846.1282660332541,3.004750593824228,1024.5497630331754,843,7.0,0.00823529411764706,2021.0972017673048,8.167893961708394,2084.4674556213017,1355,29.0,0.020953757225433526,857.6473429951691,2.6956521739130435,1018.84430176565,1244,11.0,0.008764940239043825,754.2365364308342,1.3167898627243928,721.0816542948038,1890,13.0,0.006831318970047294,627.8640973630831,3.634888438133874,971.3535353535352,1976,13.0,0.006535947712418301,1049.9686486486487,1.838918918918919,1101.474358974359,1861,14.0,0.007466666666666667,911.027149321267,2.262443438914027,1086.525679758308,1325,10.0,0.00749063670411985,1685.942857142857,2.7847619047619045,1601.1363636363635,1053,7.0,0.006603773584905661,1900.9166666666667,7.629032258064516,1545.9299191374664,743,13.0,0.017195767195767195,1308.0,3.0161290322580645,1133.6334405144694,621,13.0,0.02050473186119874,569.9328859060403,2.914988814317673,841.2751677852349,1788,15.0,0.008319467554076539,811.304347826087,1.3095652173913044,897.3103448275862,1155,20.0,0.01702127659574468,727.6923076923077,3.090909090909091,631.9718309859155,1710,22.0,0.012702078521939953,743.4,2.102,536.0557768924302,1002,1.0,0.0009970089730807576,1125.889812889813,2.081081081081081,1143.3891213389122,959,9.0,0.009297520661157025,797.5929978118162,1.4770240700218815,654.2793791574279,908,7.0,0.007650273224043716,1100.185941043084,2.290249433106576,964.3477272727272,881,4.0,0.004519774011299435,1554.7320754716982,1.9672955974842767,1382.785445420326,1592,19.0,0.011793916821849782,797.5873605947955,1.427509293680297,973.3828996282527,538,0.0,0.0,714.0221518987341,2.5126582278481013,501.7665615141956,633,7.0,0.0109375,598.7155963302753,2.2110091743119265,1040.121951219512,655,10.0,0.015037593984962405,1657.5929203539822,3.047787610619469,1819.7535211267605,1133,15.0,0.013066202090592335,521.7552631578948,1.3763157894736842,547.8740157480315,761,1.0,0.0013123359580052493,675.709090909091,4.24,757.8260869565217,551,8.0,0.014311270125223614,613.2743362831858,4.315634218289086,762.1958456973293,676,2.0,0.0029498525073746312
77,202403,18,660.4493087557604,3.463133640552996,741.4285714285714,868,6.0,0.006864988558352402,957.0736145574856,2.303556658395368,938.5749792874896,2416,16.0,0.006578947368421052,858.5623441396509,3.4850374064837903,857.1627620221948,1613,8.0,0.004935225169648365,548.5714285714286,2.5106732348111658,522.3471074380166,1214,5.0,0.004101722723543888,1228.7027027027027,2.875675675675676,961.9407008086254,741,3.0,0.004032258064516129,774.2313546423136,3.045662100456621,619.8353658536586,1313,10.0,0.007558578987150416,430.5423956931359,1.506056527590848,484.2048517520216,1485,16.0,0.010659560293137908,1272.267657992565,4.055762081784387,1524.3122676579926,538,0.0,0.0,460.8828828828829,1.3963963963963963,400.7142857142857,223,0.0,0.0,767.7209302325581,3.874418604651163,818.0930232558139,860,7.0,0.008073817762399077,722.8360413589365,2.233382570162481,768.7444608567208,1354,14.0,0.01023391812865497,1229.4774193548387,3.4080645161290324,1276.7845659163986,1242,8.0,0.0064,672.9190573770492,1.103483606557377,585.0,1948,9.0,0.004598875830352581,512.278978388998,2.393909626719057,661.8897637795276,2034,6.0,0.0029411764705882353,766.526590198123,2.4254431699687173,691.1297071129707,1915,19.0,0.00982419855222337,968.2595307917888,2.495601173020528,849.1424375917768,1363,7.0,0.0051094890510948905,1191.2992125984251,4.606299212598425,1397.2102161100197,1017,6.0,0.005865102639296188,894.7692307692307,2.6794871794871797,672.3393316195372,779,0.0,0.0,791.1111111111111,3.6495726495726495,995.7954545454544,703,5.0,0.007062146892655367,686.5352112676056,3.245937161430119,791.6086956521739,1843,22.0,0.011796246648793566,1520.171526586621,5.560891938250429,1565.8864027538727,1164,2.0,0.0017152658662092624,859.9556541019956,2.6574279379157426,749.7327394209354,1800,23.0,0.012616566099835436,412.86573146292585,2.026052104208417,410.9163346613546,1001,1.0,0.000998003992015968,790.5820895522388,2.2921108742004264,1060.9492600422832,942,4.0,0.004228329809725159,976.5065502183406,2.0087336244541483,1014.5572354211664,921,11.0,0.011802575107296138,764.7417218543046,1.869757174392936,665.7035398230089,905,3.0,0.003303964757709251,1342.4226804123712,3.4948453608247423,1204.639175257732,1552,9.0,0.005765534913516977,648.6713286713286,2.013986013986014,852.5874125874126,572,1.0,0.0017452006980802793,635.609756097561,2.518292682926829,463.40425531914894,657,7.0,0.010542168674698794,578.3181818181819,3.378787878787879,871.829268292683,658,3.0,0.0045385779122541605,1341.6044776119404,3.91044776119403,1212.2574074074073,1076,11.0,0.010119595216191352,1521.825974025974,1.2,1550.4882506527415,768,11.0,0.014120667522464698,983.9963503649636,3.397810218978102,587.956204379562,548,2.0,0.0036363636363636364,545.12,3.498666666666667,520.2127659574468,751,1.0,0.0013297872340425532
78,202403,19,271.0073349633252,2.968215158924205,397.77239709443097,822,7.0,0.008443908323281062,510.04195205479454,2.07277397260274,568.9442060085837,2333,18.0,0.0076563164610803916,522.2942743009321,2.8455392809587217,510.0,1499,5.0,0.003324468085106383,318.0110497237569,2.657458563535912,305.1111111111111,1083,5.0,0.004595588235294118,352.9561403508772,1.2339181286549707,230.0,684,5.0,0.00725689404934688,412.8472906403941,2.9376026272577995,402.3950819672131,1219,17.0,0.013754045307443365,271.037147102526,2.12778603268945,331.6814159292035,1351,9.0,0.006617647058823529,600.8687258687258,4.555984555984556,525.4615384615385,519,4.0,0.0076481835564053535,267.5,0.99,273.6,200,8.0,0.038461538461538464,514.0191387559809,4.535885167464115,560.6650831353919,839,4.0,0.004744958481613286,330.6046511627907,1.871317829457364,352.803738317757,1287,9.0,0.006944444444444444,572.1311754684838,3.2521294718909712,830.1873935264055,1174,10.0,0.008445945945945946,308.8522975929978,0.8938730853391685,359.8682766190999,1825,2.0,0.0010946907498631637,368.7282608695652,2.509782608695652,375.6182212581345,1842,6.0,0.003246753246753247,429.2591743119266,1.918577981651376,451.31336405529953,1740,11.0,0.006282124500285551,749.80625,3.278125,744.2190923317684,1279,10.0,0.007757951900698216,365.76687116564415,2.14519427402863,597.795918367347,979,3.0,0.003054989816700611,489.438202247191,1.452247191011236,459.7206703910615,714,2.0,0.002793296089385475,411.9869706840391,3.7166123778501623,480.39087947882734,614,0.0,0.0,464.1916167664671,2.325748502994012,724.2548076923077,1667,3.0,0.0017964071856287425,499.2244897959184,2.657142857142857,689.9386503067485,979,7.0,0.007099391480730223,505.52567237163817,3.089242053789731,432.6894865525673,1636,3.0,0.0018303843807199512,426.6059957173448,1.4068522483940042,399.2307692307692,935,11.0,0.011627906976744186,322.8345323741007,2.0431654676258995,289.2541966426858,834,12.0,0.014184397163120567,281.7,1.72,349.2803970223325,803,18.0,0.02192448233861145,308.9357142857143,1.9357142857142855,284.2857142857143,840,1.0,0.0011890606420927466,373.78612716763007,1.666184971098266,477.4063400576369,1386,6.0,0.004310344827586207,377.9775280898877,2.02247191011236,523.0827067669173,533,1.0,0.0018726591760299626,461.8935483870968,2.667741935483871,348.61736334405145,621,7.0,0.011146496815286623,290.3501683501684,2.3164983164983166,420.6020066889632,596,4.0,0.006666666666666667,502.5512528473804,1.5558086560364466,710.204081632653,880,6.0,0.006772009029345372,555.8480662983426,1.1298342541436464,630.4600550964187,725,6.0,0.008207934336525308,612.7611940298508,4.895522388059701,639.7727272727273,532,1.0,0.001876172607879925,704.2345013477089,6.606469002695418,515.609756097561,740,1.0,0.001349527665317139
79,202403,20,359.2973621103117,3.9592326139088727,568.0575539568346,834,10.0,0.011848341232227487,629.4957118353345,3.5017152658662094,569.3059125964011,2333,23.0,0.009762308998302207,637.0079155672823,3.612137203166227,578.1315789473684,1518,15.0,0.009784735812133072,358.20892857142854,2.398214285714286,277.08703374777974,1123,8.0,0.007073386383731211,590.7692307692307,1.5213675213675213,442.8,701,7.0,0.009887005649717515,545.8899676375405,3.91747572815534,491.8048780487805,1233,17.0,0.0136,515.3166421207658,2.7187039764359358,512.7031019202363,1356,7.0,0.005135730007336757,991.5130111524164,6.405204460966543,750.7865168539325,536,5.0,0.009242144177449169,730.5462962962963,1.0185185185185186,552.6605504587156,217,3.0,0.013636363636363636,400.7529411764706,4.654117647058824,452.1428571428572,845,6.0,0.007050528789659225,350.2338461538462,1.996923076923077,405.8064516129032,1301,13.0,0.00989345509893455,401.11186440677966,2.9305084745762717,444.61538461538464,1175,10.0,0.008438818565400843,339.4736842105263,0.918859649122807,351.16684841875684,1829,7.0,0.003812636165577342,365.6068743286788,2.284640171858217,548.7096774193549,1861,1.0,0.0005370569280343716,486.2610096670247,1.8635875402792696,422.1888412017168,1863,9.0,0.004807692307692308,515.9264475743349,2.4100156494522693,641.3681747269891,1280,18.0,0.01386748844375963,420.3872950819672,1.5061475409836065,564.4672131147541,976,5.0,0.0050968399592252805,412.3119777158775,1.6406685236768803,360.84033613445376,716,2.0,0.002785515320334262,445.4952076677316,3.022364217252396,519.4888178913739,626,1.0,0.001594896331738437,541.8836104513064,2.790973871733967,627.9102715466352,1689,13.0,0.00763807285546416,339.06693711967546,1.8864097363083163,525.9959758551308,990,6.0,0.006024096385542169,552.9454545454546,2.6145454545454547,440.1930036188178,1654,6.0,0.0036144578313253013,406.5254237288136,1.701271186440678,417.69722814498937,941,6.0,0.006335797254487857,372.0093896713615,1.863849765258216,488.7735849056604,850,6.0,0.007009345794392523,469.3827751196173,1.825358851674641,436.56174334140434,831,12.0,0.014234875444839857,428.8782201405152,1.7236533957845432,292.53521126760563,853,2.0,0.0023391812865497076,411.138418079096,1.4661016949152543,539.2405063291139,1419,5.0,0.0035112359550561797,306.2686567164179,2.529850746268657,751.7910447761194,536,1.0,0.00186219739292365,1067.5064102564102,3.801282051282051,968.407643312102,626,3.0,0.0047694753577106515,431.85573770491806,1.9344262295081969,547.1052631578947,609,9.0,0.014563106796116505,423.75,1.3168103448275863,530.1298701298701,926,5.0,0.0053705692803437165,658.6361185983827,1.6037735849056605,501.8918918918919,741,3.0,0.004032258064516129,580.5343511450382,5.679389312977099,724.106463878327,525,2.0,0.003795066413662239,376.8064516129032,7.56989247311828,415.656836461126,745,2.0,0.002677376171352075
80,202403,21,569.4848484848485,3.174825174825175,740.5594405594405,858,8.0,0.009237875288683603,1733.3604452054794,6.961472602739726,1555.6335616438355,2336,138.0,0.05578011317704123,696.3823163138231,2.3623910336239105,645.675,1603,16.0,0.009882643607164917,630.3436482084691,3.030944625407166,514.6451612903226,1234,9.0,0.007240547063555913,827.027027027027,1.0648648648648649,834.8108108108108,740,10.0,0.013333333333333334,679.8139183055976,2.981845688350983,635.9635811836115,1320,18.0,0.013452914798206279,489.0148648648649,2.3216216216216217,385.2972972972973,1480,8.0,0.005376344086021506,773.886925795053,3.0530035335689045,1080.8480565371024,566,2.0,0.0035211267605633804,195.5,0.7272727272727273,271.3761467889908,219,1.0,0.004545454545454545,615.5560640732266,5.004576659038902,505.2413793103448,872,5.0,0.005701254275940707,1803.9340329835084,16.338830584707647,1915.059880239521,1335,46.0,0.0333091962346126,581.6296296296297,2.814814814814815,585.9105431309904,1247,12.0,0.009531374106433678,393.8092307692308,0.837948717948718,533.9692307692308,1950,17.0,0.00864260294865277,584.3534057255677,3.156959526159921,507.0681145113524,2026,13.0,0.0063756743501716525,757.7590861889927,2.462097611630322,632.1495327102804,1926,9.0,0.004651162790697674,489.4375,1.5915697674418603,475.0362844702468,1377,4.0,0.002896451846488052,797.7562862669246,2.019342359767892,959.4174757281552,1032,12.0,0.011494252873563218,1622.532981530343,9.968337730870712,1179.4736842105262,759,16.0,0.02064516129032258,565.5932203389831,2.5762711864406778,582.2535211267606,709,8.0,0.011157601115760111,459.7804090419807,2.1980624327233587,571.0278372591007,1863,12.0,0.0064,649.6335078534031,2.006980802792321,707.895652173913,1148,16.0,0.013745704467353952,681.7575083426029,2.381535038932147,497.6470588235294,1800,14.0,0.007717750826901874,331.31474103585657,1.9840637450199203,387.0658682634731,1003,4.0,0.003972194637537239,893.896186440678,2.2796610169491527,770.2145922746781,938,23.0,0.023933402705515087,667.7852494577006,2.0759219088937093,550.718954248366,920,8.0,0.008620689655172414,690.0964912280701,2.054824561403509,557.2747252747253,911,5.0,0.0054585152838427945,819.7709923664122,1.4033078880407124,593.5549872122762,1568,12.0,0.007594936708860759,555.8885017421603,1.254355400696864,763.9583333333334,575,3.0,0.005190311418685121,702.5359281437126,2.1736526946107784,420.36253776435046,665,0.0,0.0,510.9666666666666,2.3666666666666667,536.9090909090909,660,9.0,0.013452914798206279,712.8491620111732,2.068901303538175,712.4022346368715,1074,6.0,0.005555555555555556,559.1205128205128,1.4102564102564104,460.9641025641026,780,6.0,0.007633587786259542,565.0909090909091,3.4472727272727277,713.0181818181818,550,1.0,0.0018148820326678765,666.8983957219251,4.727272727272728,712.9787234042553,750,5.0,0.006622516556291391
81,202403,22,907.1597222222222,3.0046296296296298,1062.3201856148492,863,16.0,0.01820250284414107,967.7739204064352,3.0304826418289585,822.2128378378378,2365,48.0,0.01989225031081641,647.2655860349128,2.349127182044888,686.2172284644195,1603,9.0,0.005583126550868486,1099.3,2.4366666666666665,1199.2039800995026,1203,10.0,0.008244023083264633,1393.827868852459,2.0737704918032787,1211.4754098360656,732,10.0,0.013477088948787063,980.6024464831804,2.412844036697248,809.7239263803681,1306,17.0,0.012849584278155708,686.9904502046385,2.768076398362892,615.5047106325707,1476,15.0,0.01006036217303823,896.4384057971015,2.550724637681159,758.8489208633093,554,9.0,0.015985790408525755,429.0265486725664,0.8938053097345132,304.3243243243243,224,5.0,0.021834061135371178,1035.4524361948957,4.248259860788863,763.559718969555,858,12.0,0.013793103448275862,895.1641791044776,2.888059701492537,1112.5074626865671,1340,31.0,0.02261123267687819,763.5665584415584,4.516233766233766,832.0772946859903,1237,33.0,0.025984251968503937,1208.6837256908905,2.4493346980552717,1191.0153846153846,1952,28.0,0.014141414141414142,706.6160626836435,3.105778648383937,740.8235294117648,2041,0.0,0.0,1130.7314524555904,3.0417972831765936,1104.6910994764398,1912,32.0,0.01646090534979424,984.5503649635036,2.1386861313868613,969.2936046511628,1373,16.0,0.011519078473722102,2958.703703703704,5.925925925925926,2760.2479338842977,970,143.0,0.12848158131176998,977.7486910994764,3.494764397905759,975.2755905511812,763,15.0,0.019280205655526992,949.6638418079096,5.251412429378531,1381.6997167138811,707,13.0,0.018055555555555554,816.957928802589,3.122977346278317,932.077922077922,1851,11.0,0.005907626208378088,986.3013698630136,2.5530821917808217,1085.1546391752577,1166,4.0,0.003418803418803419,1460.486187845304,4.630939226519337,1169.2087912087911,1815,14.0,0.007654455986878075,530.395256916996,1.533596837944664,499.4820717131474,1008,5.0,0.004935834155972359,812.3816631130064,2.5991471215351813,705.9785867237688,936,9.0,0.009523809523809525,947.8836206896552,2.202586206896552,751.4285714285714,926,6.0,0.006437768240343348,801.9446902654868,2.077433628318584,682.8131868131868,907,6.0,0.0065717415115005475,1248.6340206185566,2.740979381443299,1183.6713735558408,1555,19.0,0.01207115628970775,755.6643356643357,1.6293706293706294,1169.0526315789473,571,5.0,0.008680555555555556,879.8882175226586,2.9939577039274923,599.4528875379939,660,5.0,0.007518796992481203,727.2242424242424,3.0090909090909093,942.0183486238532,657,8.0,0.012030075187969926,2444.3276836158198,5.2015065913371,2235.367231638418,1062,35.0,0.03190519598906107,1001.2075949367088,1.6531645569620252,1045.6708860759493,790,8.0,0.010025062656641603,1284.485294117647,6.599264705882353,965.5147058823528,544,8.0,0.014492753623188406,1034.1935483870968,3.379032258064516,1015.9785522788204,745,13.0,0.017150395778364115
82,202403,23,1227.5849056603774,3.442048517520216,1713.477088948787,742,47.0,0.059569074778200254,931.3718181818182,1.8609090909090908,1072.8804347826087,2204,17.0,0.00765420981539847,1214.0845253576074,4.076723016905071,845.8670143415906,1536,17.0,0.010946555054732776,1078.7813121272366,2.9761431411530817,1082.2265625,1015,7.0,0.00684931506849315,1800.44776119403,2.574626865671642,1655.880893300248,805,33.0,0.03937947494033413,2837.7633744855966,6.890946502057613,1930.010060362173,983,177.0,0.15258620689655172,646.8814352574103,2.736349453978159,593.34375,1281,7.0,0.005434782608695652,1703.2420634920634,4.170634920634921,1940.0,504,37.0,0.06839186691312385,787.1090909090909,0.5545454545454546,710.2702702702703,221,2.0,0.008968609865470852,2151.197604790419,3.218562874251497,1883.5777126099704,675,43.0,0.05988857938718663,934.6596858638744,2.085514834205933,1133.4851138353763,1144,18.0,0.01549053356282272,1781.6925795053005,4.289752650176679,1849.607142857143,1126,50.0,0.04251700680272109,1325.3111395646606,1.5134443021766966,1235.19595448799,1572,39.0,0.024208566108007448,1032.1307609860664,4.937834941050375,1093.747323340471,1867,16.0,0.008497079129049389,1177.8289156626506,2.5506024096385542,965.8624849215922,1659,51.0,0.02982456140350877,1611.2166666666667,2.205,1517.7814569536424,1204,42.0,0.033707865168539325,5749.645748987854,27.62145748987854,5341.818181818182,956,304.0,0.24126984126984127,1338.397212543554,1.745644599303136,1179.2465753424658,579,16.0,0.02689075630252101,1024.2857142857142,2.7346938775510203,1158.9795918367347,588,3.0,0.005076142131979695,1334.308300395257,6.349143610013175,1059.973297730307,1508,17.0,0.011147540983606558,1228.0536912751677,2.8187919463087248,997.4496644295302,894,8.0,0.008869179600886918,1273.727520435967,4.798365122615804,945.1226158038148,1468,20.0,0.013440860215053764,1068.6995515695066,4.708520179372197,941.7040358744396,892,10.0,0.011086474501108648,1094.271002710027,2.051490514905149,940.2579787234042,745,14.0,0.01844532279314888,1321.4598540145985,2.034063260340633,1163.5922330097087,823,20.0,0.02372479240806643,1349.9100529100529,1.9973544973544972,1261.4173228346456,759,7.0,0.009138381201044387,2025.818766066838,4.057840616966581,2009.6498054474707,1549,80.0,0.04910988336402701,1876.551724137931,2.7413793103448274,2705.641025641026,466,17.0,0.035196687370600416,1807.1512915129151,3.5461254612546127,2053.5055350553507,542,47.0,0.07979626485568761,1437.2781690140846,5.433098591549296,1403.0281690140846,568,7.0,0.01217391304347826,3348.5915492957747,7.610915492957746,3247.9646017699115,1133,61.0,0.05108877721943048,302.6165803108808,1.5906735751295338,317.65625,770,3.0,0.0038809831824062097,4540.603448275862,13.41810344827586,3816.410256410256,466,62.0,0.11742424242424243,3742.591549295775,27.0,3412.60663507109,424,51.0,0.10736842105263159
83,202403,24,796.0492610837439,2.4827586206896552,1072.2058823529412,814,27.0,0.03210463733650416,1069.969387755102,4.654761904761905,1119.6419437340153,2349,54.0,0.02247191011235955,1223.1719128329298,5.098062953995157,1331.9123020706456,1647,51.0,0.030035335689045935,1402.0652173913045,5.3478260869565215,1110.9864603481624,1069,305.0,0.22197962154294032,1347.9712041884816,1.5104712041884816,1204.251968503937,763,19.0,0.024296675191815855,1373.411111111111,3.7936507936507935,1392.137030995106,1243,65.0,0.04969418960244648,913.4325068870525,3.564738292011019,816.3786008230453,1455,16.0,0.010876954452753228,1164.0361010830325,2.151624548736462,920.4301075268816,556,13.0,0.022847100175746926,1052.673267326733,0.6039603960396039,919.3939393939394,200,2.0,0.009900990099009901,961.866028708134,2.9138755980861246,1106.8765133171912,831,40.0,0.045924225028702644,826.776611694153,3.0059970014992503,832.2289156626506,1331,26.0,0.01915991156963891,1023.6463815789474,3.1036184210526314,1346.0064935064936,1224,58.0,0.0452418096723869,850.131914893617,1.2170212765957449,905.2707006369428,1882,16.0,0.008429926238145416,1113.425576519916,4.29559748427673,1102.492146596859,1909,168.0,0.08088589311506982,1090.6746203904556,2.422993492407809,896.516129032258,1852,52.0,0.0273109243697479,911.5573770491804,1.719821162444113,948.878923766816,1340,28.0,0.02046783625730994,1305.0,1.5475206611570247,1673.953488372093,1000,139.0,0.12203687445127305,1314.2465753424658,3.3863013698630136,1357.5206611570247,728,21.0,0.028037383177570093,866.4536741214057,3.7731629392971247,911.4285714285714,628,11.0,0.017214397496087636,828.7322033898305,3.815819209039548,1064.196428571429,1781,32.0,0.01765030336458908,1280.0700525394043,4.315236427320491,1319.1623036649214,1144,19.0,0.01633705932932072,1227.3170731707316,3.9721254355400695,1022.4561403508771,1716,20.0,0.01152073732718894,990.549898167006,4.336048879837067,753.72,991,41.0,0.03972868217054264,763.4842767295597,2.3291404612159328,763.2,952,16.0,0.01652892561983471,980.829694323144,2.502183406113537,849.7582417582418,913,22.0,0.023529411764705882,875.2054794520548,2.963470319634703,866.3448275862069,873,25.0,0.02783964365256125,1360.4160401002507,2.0676691729323307,1140.0,1599,31.0,0.01901840490797546,827.0149253731344,1.3955223880597014,1279.3258426966293,535,7.0,0.012915129151291513,1255.7272727272727,2.4639498432601883,1243.125,639,12.0,0.018433179723502304,1019.2638036809816,3.763803680981595,1170.6461538461538,651,9.0,0.013636363636363636,1562.44964028777,2.7464028776978417,1801.3007117437724,1118,33.0,0.028670721112076455,475.2036553524805,0.7597911227154047,382.75324675324674,768,3.0,0.0038910505836575876,2639.3357933579337,4.250922509225092,2445.0,539,33.0,0.057692307692307696,1032.8955223880596,3.537313432835821,1104.8955223880596,670,18.0,0.02616279069767442
84,202403,25,446.4827586206897,3.050574712643678,515.7798165137615,871,8.0,0.009101251422070534,1408.973949579832,5.073109243697479,1154.9367088607594,2375,26.0,0.010828821324448146,966.2409033877038,6.217063989962359,998.1343283582088,1601,12.0,0.007439553626782393,1097.3519163763067,8.195121951219512,872.9391891891892,1166,90.0,0.07165605095541401,978.0027100271004,1.924119241192412,927.0652173913044,737,5.0,0.006738544474393531,734.5503048780488,2.711890243902439,726.4840182648402,1313,30.0,0.022338049143708117,613.1248303934871,2.925373134328358,572.2702702702703,1477,12.0,0.008059100067159167,645.9057971014493,2.6268115942028984,905.8695652173913,552,8.0,0.014285714285714285,610.7008547008547,2.435897435897436,460.5128205128205,234,6.0,0.025,493.4579439252336,3.016355140186916,347.83216783216784,857,3.0,0.0034883720930232558,842.6086956521739,5.007496251874063,939.2792792792792,1333,17.0,0.012592592592592593,764.7110754414125,3.664526484751204,962.512077294686,1244,17.0,0.013481363996827915,867.0153846153846,1.7876923076923077,673.5603715170279,1944,22.0,0.011190233977619531,1268.752485089463,6.034791252485089,1047.1528471528472,2007,65.0,0.03137065637065637,687.1343126967471,3.508919202518363,609.620253164557,1901,43.0,0.022119341563786008,574.673381294964,1.8906474820143888,475.1445086705202,1387,11.0,0.007868383404864092,801.2163742690059,1.8596491228070176,835.78125,1025,18.0,0.01725790987535954,1001.1099744245524,6.232736572890025,1054.6632124352332,777,2.0,0.0025673940949935813,507.13483146067415,5.219101123595506,685.3781512605042,713,0.0,0.0,638.2410423452769,3.199782844733985,948.1828073993472,1840,17.0,0.009154550350026925,581.9587628865979,1.8470790378006876,769.0155440414508,1161,6.0,0.005141388174807198,1137.2216097023154,4.966923925027563,748.8372093023256,1810,13.0,0.007131102578167855,547.7844311377246,2.13373253493014,783.811623246493,1000,8.0,0.007936507936507936,1055.6696035242292,6.231277533039648,670.7658643326039,911,15.0,0.016198704103671708,557.9956427015251,2.596949891067538,742.4675324675325,921,27.0,0.028481012658227847,883.9397321428571,3.689732142857143,849.438202247191,893,12.0,0.013259668508287293,789.5591677503251,1.830949284785436,798.2642487046633,1541,24.0,0.015335463258785943,364.61538461538464,1.437062937062937,635.5400696864111,573,6.0,0.010362694300518135,532.7963525835867,2.6443768996960486,1056.797583081571,660,5.0,0.007518796992481203,523.6697247706422,2.599388379204893,550.0917431192661,654,1.0,0.0015267175572519084,921.3483146067416,2.1666666666666665,1107.992565055762,1072,10.0,0.009242144177449169,391.9485861182519,1.2544987146529565,399.4175257731959,777,4.0,0.005121638924455826,1708.0,3.1444444444444444,1346.3468634686346,541,11.0,0.019927536231884056,494.2021276595744,3.300531914893617,442.0212765957447,752,0.0,0.0
85,202403,26,579.4087591240876,2.7007299270072997,340.9223300970873,823,6.0,0.007237635705669481,732.8294372294372,3.0744588744588746,580.2254986990459,2308,20.0,0.00859106529209622,1057.4091520861373,4.826379542395693,1049.068825910931,1484,12.0,0.008021390374331552,2782.2,8.540186915887851,2688.361581920904,1066,32.0,0.029143897996357013,858.5422740524781,3.725947521865889,785.7725947521866,686,1.0,0.001455604075691412,627.5584843492586,3.940691927512356,547.4388254486133,1220,11.0,0.008935824532900082,771.2793462109955,2.928677563150074,759.4082840236687,1349,15.0,0.010997067448680353,941.5113636363636,2.0454545454545454,987.9545454545456,528,9.0,0.01675977653631285,487.5728155339806,0.9805825242718448,595.3846153846154,207,5.0,0.02358490566037736,525.6801909307876,4.880668257756564,429.4285714285714,839,4.0,0.004744958481613286,522.46875,2.4859375,595.5799373040752,1278,6.0,0.004672897196261682,1008.0767918088736,5.1689419795221845,700.7836456558773,1173,11.0,0.009290540540540541,1176.5532381997805,3.737650933040615,931.9867549668874,1817,11.0,0.006017505470459519,632.6045751633987,2.962962962962963,719.6058631921824,1839,22.0,0.011821601289629231,859.1339491916859,3.584295612009238,834.1176470588235,1733,36.0,0.02035048049745619,651.6773700305811,3.574923547400612,703.4355828220858,1306,8.0,0.0060882800608828,662.5661914460285,2.574338085539715,790.2439024390244,983,9.0,0.009072580645161291,703.6657223796034,3.3909348441926346,772.0338983050848,707,1.0,0.0014124293785310734,472.258064516129,5.554838709677419,494.9032258064516,620,11.0,0.017432646592709985,500.8583433373349,2.3229291716686675,620.6024096385543,1663,12.0,0.007164179104477612,363.6734693877551,1.726530612244898,405.0,978,7.0,0.007106598984771574,582.8780487804878,3.2378048780487805,577.3626373626373,1639,7.0,0.00425273390036452,384.6094420600858,2.184549356223176,408.61407249466953,935,3.0,0.0031982942430703624,679.8853658536585,3.5195121951219512,924.683698296837,821,24.0,0.028402366863905324,589.3765586034913,4.206982543640898,395.7920792079208,805,29.0,0.03477218225419664,816.6298076923077,2.8149038461538463,714.0626506024097,831,8.0,0.009535160905840286,757.1881331403763,2.7756874095513746,741.1560693641618,1383,12.0,0.008602150537634409,336.09022556390977,1.8270676691729324,588.9473684210526,532,1.0,0.001876172607879925,651.5431309904153,3.4792332268370605,707.9617834394904,627,9.0,0.014150943396226415,349.2929292929293,1.8417508417508417,518.8,597,1.0,0.0016722408026755853,593.1350114416476,2.123569794050343,847.7241379310345,872,6.0,0.00683371298405467,348.1571815718157,1.5636856368563683,292.5,737,8.0,0.010738255033557046,708.7640449438202,4.704119850187266,812.5,531,1.0,0.0018796992481203006,625.1351351351351,3.535135135135135,374.6341463414634,739,6.0,0.008053691275167786
86,202403,27,997.2134292565948,3.5323741007194243,1203.021582733813,834,18.0,0.02112676056338028,1100.6721739130437,2.2756521739130435,1095.8086956521738,2300,53.0,0.02252443688907777,813.0119680851063,1.8976063829787235,851.6334661354582,1505,21.0,0.013761467889908258,1013.7410071942446,3.2068345323741005,780.6428571428571,1116,18.0,0.015873015873015872,4922.730538922156,13.553892215568862,4600.668693009118,663,59.0,0.0817174515235457,1405.5640194489465,3.445705024311183,1103.5889070146818,1230,24.0,0.019138755980861243,977.4439528023598,4.284660766961652,750.7100591715977,1354,10.0,0.007331378299120235,1876.003731343284,2.8656716417910446,1420.6083650190114,531,29.0,0.05178571428571429,1049.209090909091,4.136363636363637,1549.5412844036698,219,11.0,0.04782608695652174,1036.7541766109784,4.787589498806683,1236.2589928057555,836,19.0,0.022222222222222223,1163.547880690738,2.2464678178963893,1212.75,1277,44.0,0.033308099924299776,1286.542808219178,6.347602739726027,1361.3793103448277,1164,34.0,0.028380634390651086,1316.0814977973569,2.563876651982379,1412.292576419214,1824,31.0,0.016711590296495958,892.2774813233725,2.749199573105656,902.374331550802,1872,30.0,0.015772870662460567,1061.3005405405406,2.842162162162162,1118.1700753498385,1854,31.0,0.016445623342175066,1567.076205287714,2.102643856920684,1406.7969230769231,1293,41.0,0.03073463268365817,4181.039501039501,6.8045738045738045,4064.553191489362,951,77.0,0.07490272373540856,1085.6090651558077,2.2039660056657224,951.6,703,19.0,0.02631578947368421,1133.2475884244373,3.0868167202572345,1421.0932475884244,622,16.0,0.025078369905956112,693.217183770883,2.0930787589498805,764.0380047505938,1680,23.0,0.013505578391074574,948.7576374745418,2.4460285132382893,682.9554655870445,985,16.0,0.015984015984015984,1723.1230207064557,6.331303288672351,1220.2173913043478,1649,34.0,0.020202020202020204,489.4297872340426,1.2893617021276595,482.4307036247335,939,2.0,0.0021253985122210413,1160.0380952380951,2.557142857142857,1337.9976076555024,838,25.0,0.028968713789107765,1316.5217391304348,2.236714975845411,1542.5665859564165,827,35.0,0.04060324825986079,899.2629107981221,2.9788732394366195,840.5364705882353,851,16.0,0.01845444059976932,4444.238719068413,7.97962154294032,2965.267727930536,1378,92.0,0.06258503401360545,1596.1992481203008,3.4097744360902253,2358.3396226415093,531,14.0,0.025688073394495414,1478.5206349206348,5.253968253968254,1402.9299363057326,629,3.0,0.004746835443037975,891.9344262295082,1.9344262295081969,635.1655629139073,607,6.0,0.009787928221859706,4262.710176991151,6.234513274336283,3230.913140311804,901,63.0,0.06535269709543569,429.36968085106383,1.5159574468085106,292.9973474801061,753,3.0,0.003968253968253968,1295.909090909091,5.162878787878788,921.0566037735848,529,6.0,0.011214953271028037,961.1351351351352,3.962162162162162,1184.16,745,7.0,0.009308510638297872
87,202403,28,624.0674418604651,3.374418604651163,1061.860465116279,860,10.0,0.011494252873563218,935.0218487394958,1.6201680672268908,989.7986577181208,2382,30.0,0.012437810945273632,988.4007490636704,2.177278401997503,984.2696629213484,1602,18.0,0.011111111111111112,944.1033925686592,2.455573505654281,1016.6183574879228,1240,7.0,0.0056134723336006415,2715.9485094850947,4.747967479674797,3023.9024390243903,738,3.0,0.004048582995951417,2329.7897897897897,3.8843843843843846,1681.6966966966968,1332,9.0,0.006711409395973154,808.6828609986504,3.639676113360324,1085.101214574899,1482,17.0,0.01134089392928619,1783.648936170213,3.3085106382978724,1541.4893617021276,564,7.0,0.012259194395796848,1076.2432432432431,0.7657657657657657,949.7297297297296,222,17.0,0.07112970711297072,1014.109589041096,4.929223744292237,1170.552995391705,872,10.0,0.011337868480725623,749.2421991084695,1.3640416047548292,806.3392857142857,1345,15.0,0.011029411764705883,1364.269789983845,4.134087237479807,1321.0645161290322,1239,16.0,0.012749003984063745,1171.3661538461538,1.278974358974359,941.8647540983608,1951,13.0,0.006619144602851324,739.8681102362204,2.8464566929133857,792.7408866995074,2031,32.0,0.015511391177896268,689.3357512953368,2.1367875647668395,821.5909090909091,1933,23.0,0.011758691206543968,1148.1918604651162,2.171511627906977,887.7568740955137,1379,15.0,0.010760401721664276,2577.5941176470587,4.645098039215687,2839.92277992278,1028,35.0,0.03292568203198495,970.0,0.9869791666666666,934.6456692913384,765,5.0,0.006493506493506494,724.5762711864406,3.5451977401129944,839.4900849858357,707,4.0,0.005625879043600563,931.7615965480044,2.66235167206041,998.1935483870968,1857,20.0,0.010655301012253596,1015.736568457539,2.315424610051993,1034.6620450606586,1154,2.0,0.0017301038062283738,1521.9933554817276,3.1672203765227023,1174.4567627494455,1805,15.0,0.008241758241758242,945.9880239520958,3.87624750499002,967.5903614457832,999,11.0,0.01089108910891089,759.5452631578947,2.122105263157895,791.8879492600423,948,10.0,0.010438413361169102,1172.922077922078,2.683982683982684,1147.4347826086955,922,24.0,0.02536997885835095,985.7061403508771,2.43640350877193,775.6483516483516,911,6.0,0.006543075245365322,1829.8352344740176,3.690747782002535,1675.71974522293,1574,30.0,0.018703241895261846,1048.2229965156794,2.156794425087108,1359.7212543554008,574,1.0,0.0017391304347826088,1008.5641791044776,3.1970149253731344,937.0481927710844,667,4.0,0.005961251862891207,896.5558912386707,2.676737160120846,1138.3783783783783,664,1.0,0.0015037593984962407,2496.3805970149256,5.606343283582089,2218.097014925373,1072,12.0,0.01107011070110701,500.6149870801033,1.124031007751938,443.2558139534884,774,2.0,0.002577319587628866,1334.8363636363636,7.621818181818182,1341.9565217391305,551,2.0,0.003616636528028933,1029.3048128342243,4.692513368983957,1216.042780748663,748,4.0,0.005319148936170213
88,202403,29,765.216091954023,4.2781609195402295,929.5127610208816,866,14.0,0.015909090909090907,689.9156829679596,2.646711635750421,722.8306655433867,2373,14.0,0.005865102639296188,594.9298245614035,2.2681704260651627,664.3554443053818,1597,10.0,0.006222775357809583,667.3094841930116,3.1597337770382694,562.3509933774834,1205,7.0,0.005775577557755775,1736.467213114754,1.7978142076502732,1737.5476839237058,733,5.0,0.006775067750677507,967.6934749620638,3.7116843702579674,1110.0911854103344,1317,11.0,0.008283132530120483,617.609756097561,2.962059620596206,645.2220726783311,1481,16.0,0.01068804275217101,864.1043165467626,3.762589928057554,1118.2014388489208,556,0.0,0.0,850.408695652174,2.3217391304347825,382.0964912280702,229,3.0,0.01293103448275862,809.7222222222222,3.386574074074074,853.1944444444445,864,4.0,0.004608294930875576,585.5605381165919,1.364723467862481,694.5671641791045,1339,12.0,0.008882309400444115,856.8077544426494,3.0807754442649435,902.3263327948304,1238,14.0,0.011182108626198083,535.9385875127942,0.6653019447287615,481.4723926380368,1955,8.0,0.004075394803871625,408.468253968254,2.642857142857143,637.6412289395441,2017,34.0,0.01657727937591419,683.0788381742739,2.136929460580913,597.2528616024974,1925,16.0,0.00824317362184441,690.3570391872279,1.6313497822931786,686.211901306241,1378,9.0,0.006488824801730353,942.1153846153846,1.4557692307692307,1214.5945945945946,1038,8.0,0.0076481835564053535,533.9841688654353,1.058047493403694,518.8421052631579,759,1.0,0.0013157894736842105,640.1123595505618,5.912921348314606,392.7887323943662,711,8.0,0.011126564673157162,864.1610810810811,4.094054054054054,847.7105831533478,1851,26.0,0.013851891315929675,806.3464837049743,2.2847341337907374,743.4648370497428,1166,4.0,0.003418803418803419,1597.9822616407982,5.660753880266076,1343.429203539823,1806,35.0,0.019011406844106463,512.1428571428571,1.8492063492063493,768.5714285714286,1008,5.0,0.004935834155972359,388.4197002141328,1.8244111349036405,415.7692307692308,935,4.0,0.004259850905218318,500.08639308855294,1.6349892008639308,552.3644251626898,924,16.0,0.01702127659574468,523.6216814159292,2.3915929203539825,567.0796460176991,904,2.0,0.002207505518763797,804.1277139208173,1.5887611749680717,858.1609195402299,1566,16.0,0.010113780025284451,490.7368421052632,1.9403508771929825,742.6573426573426,571,2.0,0.0034904013961605585,1154.224924012158,5.012158054711247,1021.818181818182,659,9.0,0.01347305389221557,876.1536144578313,2.665662650602409,782.370820668693,661,4.0,0.006015037593984963,1040.185873605948,2.6226765799256504,1008.2242990654206,1073,7.0,0.006481481481481481,450.7651515151515,1.681818181818182,460.7088607594937,791,9.0,0.01125,965.9602888086642,6.819494584837545,743.1272727272727,552,3.0,0.005405405405405406,564.48,3.1706666666666665,540.4774535809019,752,2.0,0.002652519893899204
89,202403,30,573.4858611825193,2.9023136246786634,646.9496021220159,766,8.0,0.0103359173126615,484.5694698354662,2.0914076782449724,716.4867337602927,2187,20.0,0.009062075215224286,803.984496124031,3.186046511627907,873.419689119171,1546,16.0,0.010243277848911651,388.0318091451292,1.6998011928429424,468.4023668639053,1010,10.0,0.00980392156862745,580.5405405405405,1.538083538083538,723.8423645320197,813,2.0,0.00245398773006135,613.265037593985,2.56203007518797,600.8938547486033,1069,1.0,0.0009345794392523365,691.8325581395349,2.9689922480620154,553.6661466458659,1286,9.0,0.0069498069498069494,554.7126436781609,3.111111111111111,533.976833976834,520,1.0,0.0019193857965451055,1058.8878504672898,3.074766355140187,965.5555555555557,215,10.0,0.044444444444444446,610.8454810495626,2.591836734693877,605.3913043478261,688,3.0,0.004341534008683068,612.9166666666666,1.5208333333333333,676.1937716262976,1154,9.0,0.007738607050730868,524.6830985915493,3.0193661971830985,729.5957820738137,1137,16.0,0.013876843018213356,462.0603015075377,0.7964824120603015,384.9624060150376,1594,5.0,0.0031269543464665416,635.2060737527115,2.836225596529284,770.5639913232104,1844,28.0,0.014957264957264958,654.2502965599051,2.022538552787663,791.5576694411415,1684,14.0,0.008244994110718492,760.481178396072,2.646481178396072,684.2156862745098,1223,3.0,0.0024469820554649264,517.8142076502733,1.4571948998178506,832.8260869565217,1101,4.0,0.0036199095022624436,678.2698961937716,1.4013840830449826,352.0136518771331,582,3.0,0.005128205128205128,534.4897959183673,2.829931972789116,709.7260273972603,586,10.0,0.016778523489932886,1220.1419185282523,6.994743758212878,1280.4993429697763,1522,16.0,0.010403120936280884,967.9550561797752,2.69438202247191,838.3783783783783,889,5.0,0.005592841163310962,1498.2810368349249,5.39699863574352,1122.2615803814713,1467,29.0,0.019385026737967916,437.5838926174497,2.6286353467561523,645.3691275167786,894,3.0,0.0033444816053511705,540.4946524064171,1.8449197860962567,325.5,752,5.0,0.0066050198150594455,657.6153846153846,2.3197115384615383,482.7272727272728,834,7.0,0.008323424494649227,508.8141361256544,1.581151832460733,442.4802110817942,761,1.0,0.0013123359580052493,674.3181818181819,1.167929292929293,795.7814485387547,1579,10.0,0.0062932662051604785,404.1025641025641,2.0384615384615383,658.2278481012659,471,3.0,0.006329113924050633,699.0537634408602,3.3225806451612905,563.010752688172,558,5.0,0.008880994671403197,2054.5774647887324,17.679577464788732,2135.5789473684213,569,10.0,0.017271157167530225,623.2695652173913,1.3060869565217392,790.6920415224913,1153,2.0,0.0017316017316017316,401.9609375,1.1015625,339.0551181102362,765,3.0,0.00390625,1073.5458167330678,4.386454183266932,956.8548387096774,499,1.0,0.002,576.1085972850678,2.696832579185521,456.8609865470852,444,0.0,0.0
90,202403,31,363.8571428571428,2.9119047619047618,576.6744730679156,847,10.0,0.011668611435239206,635.0392491467577,3.315699658703072,642.0307167235495,2344,28.0,0.011804384485666104,1257.46875,5.75,1128.8184110970997,1593,18.0,0.0111731843575419,671.4295081967213,3.0672131147540984,447.3455759599332,1209,4.0,0.0032976092333058533,541.7010309278351,0.6237113402061856,514.1085271317829,775,1.0,0.001288659793814433,685.6275430359938,2.488262910798122,697.6433121019109,1267,11.0,0.008607198748043818,624.9045643153527,2.5421853388658366,548.0055020632738,1450,19.0,0.012933968686181076,746.9642857142857,2.7357142857142858,387.0,560,7.0,0.012345679012345678,1134.757281553398,0.8737864077669902,969.6,203,10.0,0.046948356807511735,422.0,3.283333333333333,363.30143540669854,838,1.0,0.0011918951132300357,651.9389312977099,1.868702290076336,648.8181818181819,1315,17.0,0.012762762762762763,450.129392971246,2.661341853035144,596.7096774193549,1246,14.0,0.011111111111111112,293.8169312169312,0.8624338624338624,422.7129337539432,1896,5.0,0.0026301946344029457,736.8726315789473,3.9157894736842103,730.1290322580645,1911,67.0,0.03387259858442872,664.6427038626609,3.584763948497854,699.9152542372881,1876,26.0,0.013669821240799159,630.6686478454681,1.9346210995542348,798.2222222222222,1348,5.0,0.003695491500369549,636.3495145631068,1.5864077669902912,701.1560693641618,1034,3.0,0.0028929604628736743,617.7235772357724,1.967479674796748,582.2950819672132,735,0.0,0.0,457.3801916932907,3.015974440894569,444.3809523809524,628,2.0,0.0031746031746031746,1026.7964004499438,6.191226096737908,1046.2837837837835,1777,9.0,0.005039193729003359,837.2727272727273,3.4965034965034967,822.4695652173913,1147,13.0,0.011206896551724138,852.5088339222615,4.101295641931684,731.9716646989374,1696,9.0,0.005278592375366569,759.8360655737705,3.0307377049180326,682.4539877300614,977,6.0,0.006103763987792472,487.495867768595,1.9979338842975207,460.1410526315789,959,4.0,0.004153686396677051,530.1904761904761,2.645021645021645,535.9299781181619,919,3.0,0.0032537960954446853,612.4417040358744,2.497757847533632,665.2584269662922,891,6.0,0.006688963210702341,522.0680958385876,1.4085750315258512,595.8698372966207,1592,12.0,0.007481296758104738,506.0,1.474074074074074,564.089219330855,539,7.0,0.01282051282051282,464.6498422712934,2.369085173501577,344.7169811320755,635,0.0,0.0,1414.1335403726707,7.552795031055901,1294.766355140187,643,7.0,0.010769230769230769,404.71762589928056,1.764388489208633,676.9285714285714,1116,3.0,0.002680965147453083,277.053050397878,1.0477453580901857,275.87301587301585,755,4.0,0.005270092226613966,910.537634408602,4.258064516129032,774.8014440433213,556,3.0,0.005366726296958855,623.0769230769231,4.162721893491124,433.97014925373134,673,2.0,0.002962962962962963
91,202404,1,511.6219239373602,3.5123042505592843,607.51677852349,894,3.0,0.0033444816053511705,1958.6559594251903,13.751479289940828,1638.8746803069057,2356,76.0,0.03125,1406.9524405506884,6.339173967459324,1176.3613550815558,1596,15.0,0.00931098696461825,1038.75,4.766447368421052,750.6862745098039,1220,15.0,0.012145748987854251,872.6756756756756,1.8486486486486489,674.0217391304348,738,6.0,0.008064516129032258,796.79299847793,2.467275494672755,639.5763993948563,1318,5.0,0.003779289493575208,471.4797843665768,2.6590296495956878,457.246963562753,1483,23.0,0.015272244355909695,1054.31654676259,2.3597122302158278,972.6881720430108,557,8.0,0.01415929203539823,791.4411764705883,0.9901960784313726,841.747572815534,205,16.0,0.07239819004524888,865.373831775701,4.261682242990654,633.4883720930233,858,4.0,0.004640371229698376,735.2048558421851,2.9878603945371776,678.9712556732223,1320,13.0,0.009752438109527382,827.6203554119547,2.925686591276252,1099.5527156549522,1245,20.0,0.015810276679841896,611.6923076923077,1.7046153846153846,591.1293634496919,1949,17.0,0.008646998982706003,1039.4607072691551,6.31139489194499,1112.263002944063,2037,22.0,0.010684798445847498,2229.974385245901,13.843237704918034,1776.0371517027863,1945,68.0,0.03378042722305018,784.2283687943262,2.398581560283688,941.6170212765958,1410,20.0,0.013986013986013986,579.7216699801193,1.713717693836978,825.7768924302788,1005,7.0,0.00691699604743083,1109.1338582677165,4.4934383202099735,1078.5826771653544,762,4.0,0.005221932114882507,1174.1643059490084,7.552407932011332,948.338028169014,708,8.0,0.0111731843575419,733.3513513513514,3.4075675675675674,681.8892508143323,1846,24.0,0.012834224598930482,771.05719237435,2.294627383015598,851.9791666666666,1153,11.0,0.009450171821305841,719.7327394209354,3.650334075723831,539.9328859060403,1792,23.0,0.012672176308539946,598.7203219315895,2.571428571428572,558.2600806451613,993,6.0,0.006006006006006006,915.1581196581196,3.9209401709401703,859.6178343949044,939,19.0,0.019832985386221295,1127.2857142857142,4.582251082251083,742.6923076923077,930,21.0,0.022082018927444796,1999.032751091703,7.827510917030568,1334.758241758242,913,30.0,0.031813361611876985,830.5791505791506,1.5945945945945943,717.4484536082474,1553,12.0,0.0076677316293929714,587.9166666666666,2.743055555555556,640.2083333333334,576,2.0,0.0034602076124567475,569.9639639639639,3.4924924924924925,619.4011976047905,667,8.0,0.011851851851851851,695.8912386706949,2.8700906344410875,594.0,661,8.0,0.01195814648729447,741.25,2.820075757575758,716.172607879925,1061,2.0,0.0018814675446848542,770.5230769230769,1.7794871794871794,871.2974358974359,780,5.0,0.006369426751592357,873.1407942238267,3.1732851985559565,897.1636363636363,552,3.0,0.005405405405405406,595.52,3.1306666666666665,542.5464190981432,752,2.0,0.002652519893899204
92,202404,2,1232.0308788598577,5.68646080760095,1143.7142857142858,841,22.0,0.02549246813441483,831.802792321117,3.657068062827225,723.5416666666666,2298,40.0,0.01710863986313088,446.004016064257,2.773761713520749,706.56,1497,10.0,0.006635700066357001,843.0508474576271,3.593220338983051,779.5454545454545,1059,45.0,0.04076086956521739,747.2732558139535,1.9069767441860463,666.8221574344024,687,0.0,0.0,677.6650246305419,3.110016420361248,514.075286415712,1220,11.0,0.008935824532900082,340.7902511078287,2.37370753323486,435.6868537666175,1354,7.0,0.005143277002204262,1369.7175572519084,3.84732824427481,1287.4809160305344,524,7.0,0.013182674199623353,517.8191489361702,0.3723404255319149,506.5263157894737,189,2.0,0.010471204188481676,1096.2589928057555,5.755395683453237,914.3198090692124,836,14.0,0.01647058823529412,766.7731629392971,3.170926517571885,747.9936305732484,1254,19.0,0.014925373134328358,1210.436115843271,4.076660988074957,1093.9965694682676,1170,30.0,0.025,850.03300330033,2.081408140814081,964.9115044247789,1813,22.0,0.011989100817438692,641.7213822894169,2.9449244060475164,603.8793103448276,1854,11.0,0.005898123324396783,1549.5628539071347,6.575311438278596,1038.890147225368,1766,100.0,0.05359056806002144,980.085843373494,3.774096385542169,867.3076923076923,1327,29.0,0.021386430678466076,749.1726315789474,1.8905263157894736,986.4853556485356,953,6.0,0.006256517205422315,908.1355932203388,3.8728813559322033,537.2881355932203,708,0.0,0.0,940.9090909090908,5.866883116883117,774.7231270358307,615,12.0,0.019138755980861243,314.5928143712575,2.1077844311377247,455.7692307692308,1667,9.0,0.0053699284009546535,228.81147540983608,1.3545081967213115,348.39506172839504,974,8.0,0.008146639511201629,433.07881773399015,2.3497536945812807,409.8280098280098,1626,4.0,0.00245398773006135,379.16339869281046,1.250544662309368,281.3478260869565,919,3.0,0.0032537960954446853,1134.7582938388623,8.002369668246445,1144.245283018868,846,10.0,0.011682242990654205,1266.3497536945813,8.568965517241379,1296.865671641791,808,32.0,0.0380952380952381,754.25,3.464622641509434,986.0377358490566,848,20.0,0.02304147465437788,732.301724137931,2.2586206896551726,547.2309899569584,1393,20.0,0.014154281670205236,772.8089887640449,3.550561797752809,940.6741573033707,534,6.0,0.011111111111111112,813.8984126984127,4.580952380952381,696.7358490566038,633,20.0,0.030627871362940276,352.8,1.9733333333333332,380.4,600,2.0,0.0033222591362126247,600.5555555555555,1.5439814814814814,1127.4418604651162,862,5.0,0.0057670126874279125,429.1666666666667,1.0666666666666669,414.65181058495824,719,23.0,0.03099730458221024,1319.3181818181818,4.215909090909091,1001.2927756653992,527,1.0,0.001893939393939394,640.7486631016043,4.858288770053476,701.0187667560322,747,2.0,0.0026702269692923898
93,202404,3,5041.745664739884,22.77456647398844,4102.608695652174,691,342.0,0.33107454017424975,952.5619469026548,2.891150442477876,932.3851590106008,2262,118.0,0.04957983193277311,628.103355704698,2.076510067114094,640.2960969044415,1488,33.0,0.021696252465483234,1608.2846715328467,2.854014598540146,1496.8478260869565,1100,65.0,0.055793991416309016,5244.338983050848,9.972881355932204,4357.123745819398,594,203.0,0.2547051442910916,2578.053505535055,10.88929889298893,2618.3571428571427,1102,325.0,0.22775052557813594,570.3917525773196,2.6244477172312224,557.4193548387096,1361,13.0,0.009461426491994178,2512.0793650793653,5.345238095238095,2568.6746987951806,501,95.0,0.1593959731543624,321.4326923076923,1.375,384.41747572815535,207,15.0,0.06756756756756757,1956.457219251337,6.815508021390374,1760.911528150134,747,215.0,0.2234927234927235,1798.4541062801932,4.943639291465378,1779.3569131832796,1243,60.0,0.04604758250191865,1718.4392014519055,4.956442831215971,1606.788990825688,1096,184.0,0.14375,2126.9375,2.376116071428572,2284.7811447811446,1787,99.0,0.05249204665959703,945.675105485232,2.415611814345992,1047.920168067227,1900,28.0,0.014522821576763486,1514.7383279044516,3.414766558089034,2042.785016286645,1842,166.0,0.08266932270916334,2164.257648953301,2.784219001610306,2173.039556962025,1253,206.0,0.14119259766963674,5645.553444180523,9.655581947743467,4490.149253731343,823,247.0,0.2308411214953271,1331.585014409222,3.043227665706052,864.8093841642228,688,36.0,0.049723756906077346,1623.7748344370862,4.208609271523179,2151.7915309446253,609,42.0,0.06451612903225806,881.8840579710145,2.3683574879227054,716.6985645933014,1664,21.0,0.012462908011869436,724.3298969072165,2.272164948453608,716.9325153374233,974,27.0,0.026973026973026972,717.0695970695971,4.3528693528693525,502.5822168087698,1640,17.0,0.010259505129752565,628.4511930585684,1.4577006507592192,511.236442516269,922,9.0,0.00966702470461869,1555.5990338164252,4.2729468599033815,1497.391304347826,828,79.0,0.08710033076074973,1985.0,3.5681818181818183,1599.7989949748744,794,117.0,0.12843029637760703,1609.120283018868,3.186320754716981,1081.132075471698,848,50.0,0.0556792873051225,5750.629392971246,8.6629392971246,4073.311793214863,1245,350.0,0.219435736677116,2316.420233463035,4.439688715953308,3066.850393700787,511,67.0,0.11591695501730104,2167.0996563573885,6.776632302405498,1963.0927835051543,582,140.0,0.19390581717451524,648.0398671096345,1.8737541528239203,629.1089108910891,604,14.0,0.022653721682847898,6822.724935732648,5.480719794344473,5050.078740157481,770,250.0,0.24509803921568626,618.9195710455764,1.158176943699732,598.2352941176471,747,5.0,0.006648936170212766,5826.918552036199,20.447963800904976,3736.866359447005,438,198.0,0.3113207547169811,5178.620938628159,17.3971119133574,3945.220588235294,549,502.0,0.4776403425309229
94,202404,4,1700.4963855421686,2.332530120481928,1797.4468085106382,838,125.0,0.12980269989615784,756.499162479062,1.769681742043551,860.6793703396852,2401,24.0,0.009896907216494845,935.8029739776952,1.9454770755886,835.6133828996283,1614,24.0,0.014652014652014652,868.512,2.0448,886.272,1250,21.0,0.016522423288749016,1338.4366576819407,1.4366576819407009,1357.7472527472528,735,28.0,0.03669724770642202,3770.3568,4.8784,4013.072881355932,1215,329.0,0.21308290155440415,841.6096605744125,2.882506527415144,870.3896103896104,1536,18.0,0.011583011583011582,1530.7147651006712,4.167785234899329,1722.4918032786886,603,51.0,0.0779816513761468,1204.4766355140189,1.6355140186915889,742.7714285714286,212,9.0,0.04072398190045249,1454.5411764705882,3.204705882352941,1515.7075471698113,849,89.0,0.09488272921108742,707.713004484305,1.4319880418535127,729.2168674698795,1333,19.0,0.014053254437869823,1290.0,3.109567901234568,1231.6030534351146,1303,51.0,0.03766617429837518,1281.445708376422,1.1189245087900723,1582.1280991735537,1935,35.0,0.017766497461928935,681.2357723577236,2.4065040650406506,945.0561224489796,1964,23.0,0.011575239053850024,1171.299599198397,1.993987975951904,1202.6892430278886,2002,41.0,0.020068526676456193,1291.7107913669065,2.01294964028777,1200.5232558139537,1383,105.0,0.07056451612903226,1921.392405063291,2.2257383966244726,2084.6341463414637,966,72.0,0.06936416184971098,913.4725848563968,0.7545691906005222,978.4251968503936,764,6.0,0.007792207792207792,1074.406779661017,3.9604519774011298,1165.1558073654392,707,12.0,0.016689847009735744,1122.4295010845988,2.386117136659436,1266.8831168831168,1846,34.0,0.018085106382978722,827.4564459930314,1.923344947735192,993.899480069324,1151,11.0,0.00946643717728055,1989.210233592881,4.146829810901001,1643.919372900336,1792,51.0,0.027672273467173086,913.5245901639344,1.598360655737705,973.7603305785124,972,6.0,0.006134969325153374,877.5228215767635,2.087136929460581,772.3312368972746,959,18.0,0.01842374616171955,1365.7061310782242,2.399577167019028,1094.5877378435518,946,55.0,0.054945054945054944,787.6895074946467,1.835117773019272,698.961038961039,929,16.0,0.016931216931216932,1479.1773778920308,1.667095115681234,1702.9639175257732,1554,72.0,0.04428044280442804,1102.26148409894,1.3674911660777385,1389.0845070422536,567,30.0,0.05025125628140704,1097.5794117647058,3.170588235294117,1260.358208955224,675,37.0,0.05196629213483146,1338.966565349544,5.282674772036474,1177.0481927710844,661,7.0,0.010479041916167664,1803.859649122807,2.879142300194932,2022.7237354085603,1027,40.0,0.03748828491096532,416.3479381443299,1.097938144329897,465.9640102827764,777,0.0,0.0,2392.0,2.788235294117647,2427.657992565056,524,94.0,0.15210355987055016,1538.2122905027934,3.3072625698324023,2013.3333333333333,718,135.0,0.15826494724501758
95,202404,5,3717.24145785877,14.78132118451025,3203.0344827586205,874,42.0,0.04585152838427948,540.2166666666667,2.0225,528.45,2400,6.0,0.0024937655860349127,873.0757020757021,3.757020757020757,726.6829865361077,1636,13.0,0.007883565797453002,580.3963815789474,2.5246710526315788,621.9249592169657,1221,4.0,0.0032653061224489797,592.520325203252,1.3387533875338753,676.9354838709677,741,5.0,0.006702412868632708,1090.7761194029852,3.325373134328358,1339.7313432835822,1340,50.0,0.03597122302158273,576.165100671141,2.616107382550336,692.6329787234042,1497,17.0,0.011228533685601057,978.4217252396166,3.712460063897764,588.5436893203884,622,3.0,0.0048,706.0450450450451,2.4954954954954958,585.1376146788991,220,4.0,0.017857142857142856,1075.596330275229,3.701834862385321,965.491990846682,873,15.0,0.016891891891891893,492.9850746268657,1.1328358208955225,538.6547085201794,1339,14.0,0.010347376201034738,583.5258358662614,3.360182370820669,898.1762917933131,1316,15.0,0.011269722013523666,664.7083333333334,1.0853658536585369,705.152749490835,1966,7.0,0.0035478966041561076,727.497430626927,3.210688591983556,812.0700308959836,1944,97.0,0.04752572268495835,902.757605495584,2.631010794896958,842.8430404738401,2032,18.0,0.00878048780487805,841.6909090909091,1.9286713286713288,971.0769230769232,1430,26.0,0.017857142857142856,727.7348178137652,1.7894736842105263,767.4898785425102,988,6.0,0.006036217303822937,618.6422976501306,1.0052219321148823,530.9844559585492,769,1.0,0.0012987012987012987,494.2372881355933,2.5084745762711864,756.271186440678,708,2.0,0.0028169014084507044,966.4015151515152,3.925324675324675,1032.2608695652175,1844,19.0,0.010198604401502952,907.993079584775,2.7387543252595155,793.0208333333334,1154,7.0,0.006029285099052541,1129.042316258352,3.6648106904231623,939.777530589544,1797,37.0,0.020174482006543076,715.7055214723927,6.288343558282208,912.638036809816,978,11.0,0.011122345803842264,601.8921161825726,2.454356846473029,557.1161825726141,964,2.0,0.002070393374741201,1081.8947368421052,1.9852631578947368,731.344537815126,951,10.0,0.01040582726326743,617.8568376068376,1.7628205128205128,570.8358208955224,937,3.0,0.0031914893617021275,699.1836734693877,1.5612244897959184,982.3574144486691,1573,13.0,0.00819672131147541,682.6297577854672,4.854671280276817,908.5121107266436,578,2.0,0.0034482758620689655,653.2434782608696,2.3217391304347825,562.1052631578947,687,3.0,0.004347826086956522,1029.491071428571,4.023809523809524,1073.910447761194,671,7.0,0.01032448377581121,803.9847328244275,2.028625954198473,1102.4856596558318,1047,1.0,0.0009541984732824427,528.8175,1.7825,495.0,800,2.0,0.0024937655860349127,1055.3333333333333,3.637037037037037,1264.8175182481752,544,29.0,0.0506108202443281,557.0976253298153,2.8179419525065965,586.1780104712042,761,15.0,0.019329896907216496
96,202404,6,494.11764705882354,2.5601023017902813,512.6288659793814,779,7.0,0.008905852417302799,642.2486388384755,3.653357531760435,553.3090909090909,2202,3.0,0.0013605442176870747,697.0283505154639,3.3440721649484537,659.2258064516129,1551,8.0,0.005131494547787043,325.9649122807017,3.4405458089668617,254.53488372093025,1029,1.0,0.000970873786407767,320.5797101449276,1.5144927536231885,578.9423076923077,830,7.0,0.008363201911589008,756.34229390681,4.152329749103942,793.8214285714286,1118,2.0,0.0017857142857142857,592.3548895899054,2.780757097791798,654.3809523809524,1264,21.0,0.01634241245136187,424.44444444444446,3.525252525252525,446.06060606060606,594,2.0,0.003355704697986577,552.2330097087379,0.5533980582524272,585.4368932038835,206,8.0,0.037383177570093455,554.7513812154696,2.483425414364641,592.8925619834711,725,3.0,0.004120879120879121,249.22279792746116,1.9430051813471505,341.6580310880829,1158,10.0,0.008561643835616438,303.49584026622296,3.058236272878536,459.0697674418605,1203,2.0,0.0016597510373443983,436.7577639751553,0.7080745341614907,388.287841191067,1611,6.0,0.0037105751391465678,697.8349056603773,4.472877358490566,847.0023419203748,1702,127.0,0.06943685073810825,562.8607863974495,2.3581296493092454,588.1150159744409,1880,12.0,0.006342494714587738,650.7677725118483,3.3617693522906795,573.5039619651347,1264,3.0,0.0023677979479084454,481.7208413001912,2.6902485659655837,740.0764818355641,1046,3.0,0.002859866539561487,571.0410094637224,1.6340694006309149,538.4858044164038,634,0.0,0.0,503.79661016949154,1.7966101694915255,496.4745762711864,590,0.0,0.0,696.8988173455979,2.8081471747700397,651.994715984148,1518,14.0,0.009138381201044387,554.4320712694878,1.8485523385300668,770.2232142857143,897,3.0,0.0033333333333333335,982.204081632653,3.164625850340136,982.4694708276796,1472,11.0,0.007417397167902899,856.9626168224299,3.593457943925233,630.9649532710281,856,7.0,0.008111239860950173,301.4961038961039,1.9688311688311688,490.390180878553,772,3.0,0.003870967741935484,450.13574660633486,1.554298642533937,388.2352941176471,884,4.0,0.0045045045045045045,823.5301507537688,3.010050251256281,463.0075187969925,797,2.0,0.0025031289111389237,462.1065989847716,2.568527918781726,504.9230769230769,1568,7.0,0.0044444444444444444,413.75,1.3416666666666666,664.25,480,0.0,0.0,570.7800687285223,2.4398625429553267,435.56313993174064,584,2.0,0.0034129692832764505,464.9469964664311,2.4487632508833923,664.452296819788,566,6.0,0.01048951048951049,536.972972972973,2.6288288288288286,726.1400359066428,1112,2.0,0.0017953321364452424,619.7862796833773,1.5145118733509235,514.1269841269841,757,17.0,0.021963824289405683,826.8525896414343,3.298804780876494,912.3809523809524,503,3.0,0.005928853754940711,359.46902654867256,2.650442477876106,348.6842105263158,454,0.0,0.0
97,202404,7,350.8293838862559,3.909952606635071,528.0281690140845,848,1.0,0.001177856301531213,612.1131756756756,2.327702702702702,549.0556492411467,2370,9.0,0.0037831021437578815,508.55176613885504,2.7064555420219243,571.7174177831912,1642,4.0,0.002430133657351154,628.1134521880065,4.471636952998379,471.8494271685761,1228,1.0,0.0008136696501220504,595.2307692307693,0.8923076923076924,598.2989690721649,778,1.0,0.0012836970474967907,550.2492354740061,3.0091743119266057,481.5716486902928,1303,4.0,0.00306044376434583,516.5417236662107,2.923392612859097,565.8775510204082,1466,8.0,0.005427408412483039,657.7051282051282,3.227564102564102,665.9424920127796,625,0.0,0.0,1031.979381443299,2.31958762886598,770.65625,193,20.0,0.09389671361502347,554.8598130841121,3.170560747663552,427.7102803738318,856,5.0,0.005807200929152149,403.53115727002967,2.5816023738872405,492.8,1349,2.0,0.0014803849000740192,469.4328358208956,2.808955223880597,648.3408071748879,1339,2.0,0.0014914243102162564,482.086406743941,0.9926238145416229,494.873949579832,1901,7.0,0.003668763102725367,663.5953878406708,2.980083857442348,655.2251308900524,1909,25.0,0.012926577042399173,597.0182555780933,3.838742393509128,724.1170534813319,1977,9.0,0.004531722054380665,468.8654124457309,1.3270622286541245,451.68831168831167,1384,3.0,0.0021629416005767843,648.0478087649402,1.3545816733067728,618.2504970178926,1005,0.0,0.0,643.0645161290323,2.206989247311828,524.4743935309973,743,0.0,0.0,505.63291139240505,4.193037974683544,854.7634069400631,633,2.0,0.0031496062992125984,577.0715083798883,2.846927374301676,676.4082313681869,1794,3.0,0.001669449081803005,539.4791666666666,2.458333333333333,586.5051903114187,1154,0.0,0.0,683.0175438596491,2.8280701754385964,746.9086651053864,1709,7.0,0.004079254079254079,513.0351966873706,1.6853002070393377,488.0413223140496,967,5.0,0.0051440329218107,434.051652892562,3.243801652892562,434.5945945945946,965,6.0,0.006179196704428424,460.6369426751592,2.333333333333333,431.9742489270386,937,3.0,0.0031914893617021275,750.7214912280701,2.631578947368421,814.9889135254989,907,1.0,0.0011013215859030838,407.5062344139651,1.366583541147132,480.2966625463535,1611,2.0,0.0012399256044637321,326.5934065934066,1.0183150183150182,395.1648351648352,546,2.0,0.0036496350364963502,386.42283950617286,2.462962962962963,481.6770186335404,646,0.0,0.0,446.890243902439,2.423780487804878,488.0487804878049,656,0.0,0.0,328.13868613138686,1.4142335766423355,720.7678244972577,1095,3.0,0.00273224043715847,542.3727959697733,1.1183879093198992,716.5151515151515,793,4.0,0.005018820577164366,692.2743682310469,3.422382671480144,646.304347826087,553,3.0,0.00539568345323741,640.1739130434783,5.205797101449275,566.3929618768328,686,0.0,0.0
98,202404,8,322.29345372460494,3.0022573363431158,637.1621621621622,887,16.0,0.017718715393133997,879.6714527027027,4.587837837837838,963.0508474576272,2364,83.0,0.033919084593379646,656.003699136868,3.31442663378545,627.1446229913473,1620,17.0,0.010384850335980453,396.0668841761827,3.166394779771615,353.8336052202284,1226,3.0,0.0024410089503661514,472.0325203252033,1.2520325203252032,371.3207547169811,740,5.0,0.006711409395973154,544.6207407407408,3.282962962962963,700.7715133531158,1349,3.0,0.0022189349112426036,558.5260347129506,3.244325767690253,572.64,1499,9.0,0.005968169761273209,697.7596153846154,3.9166666666666665,436.8690095846645,625,0.0,0.0,534.4444444444445,0.4351851851851852,346.6666666666667,216,15.0,0.06493506493506493,461.7808219178082,4.406392694063927,388.904109589041,876,4.0,0.004545454545454545,1031.841791044776,5.617910447761194,944.8882265275709,1341,7.0,0.0051928783382789315,709.1027190332326,2.782477341389728,708.812030075188,1327,3.0,0.002255639097744361,309.2939362795478,1.1079136690647482,378.9764585465711,1950,9.0,0.004594180704441042,718.179718875502,2.998995983935743,640.9090909090909,1986,15.0,0.0074962518740629685,557.1701285855588,3.6063303659742822,649.3385982230997,2024,33.0,0.016042780748663103,576.9550561797753,1.896067415730337,359.8699300699301,1427,6.0,0.00418702023726448,319.05737704918033,1.1700819672131149,627.8527607361963,977,13.0,0.013131313131313131,771.520942408377,4.332460732984293,913.8219895287958,764,5.0,0.006501950585175552,526.685878962536,3.5244956772334293,468.7931034482759,695,13.0,0.018361581920903956,502.8004314994606,2.8058252427184467,551.9480519480519,1851,25.0,0.013326226012793176,1346.864111498258,3.3902439024390243,1272.8795811518326,1147,14.0,0.012058570198105082,711.7035398230089,3.0077433628318584,558.7125416204218,1805,8.0,0.00441257584114727,459.7448559670782,1.6502057613168724,434.1683778234086,973,1.0,0.001026694045174538,589.7219827586207,4.4719827586206895,621.7817796610169,936,15.0,0.015772870662460567,615.8574468085106,3.2404255319148936,392.03389830508473,942,15.0,0.01567398119122257,529.0215053763441,3.0451612903225804,534.0899357601713,932,15.0,0.01583949313621964,524.0320102432778,1.1062740076824584,683.7677419354839,1556,20.0,0.012690355329949238,386.4583333333333,1.1423611111111112,576.7132867132867,574,8.0,0.013745704467353952,502.9736842105263,2.3771929824561404,423.716814159292,681,7.0,0.010174418604651164,507.2891566265061,2.6295180722891565,790.1510574018126,663,7.0,0.010447761194029851,598.2591876208897,1.5319148936170213,514.6153846153846,1037,5.0,0.0047984644913627635,802.4333333333333,2.9153846153846152,646.6153846153846,780,4.0,0.00510204081632653,550.752688172043,5.71326164874552,558.6813186813187,552,6.0,0.010752688172043012,337.5197889182058,4.094986807387863,305.0393700787401,760,1.0,0.001314060446780552
99,202404,9,663.7654028436019,3.6421800947867298,784.3661971830986,848,5.0,0.005861664712778429,2251.1965888689406,8.44883303411131,1726.5284039675382,2223,223.0,0.09116925592804578,638.0599721059972,3.393305439330544,730.2642559109875,1436,17.0,0.01169993117687543,332.9831144465291,2.7617260787992497,415.4887218045113,1065,9.0,0.008379888268156424,926.0,1.4090909090909092,889.3693693693693,663,9.0,0.013392857142857142,443.8124031007752,2.576744186046512,380.8333333333333,1293,12.0,0.009195402298850575,345.57947976878614,2.7109826589595376,312.1212121212121,1385,15.0,0.010714285714285714,729.6245733788396,3.416382252559727,610.9830508474577,588,3.0,0.005076142131979695,252.03030303030303,0.5353535353535354,251.0204081632653,197,4.0,0.01990049751243781,758.5096153846154,4.319711538461538,732.6014319809069,835,17.0,0.01995305164319249,1245.2665615141957,6.280757097791798,1187.5632911392406,1266,32.0,0.02465331278890601,585.9629005059022,3.677908937605397,609.3086003372681,1186,12.0,0.01001669449081803,698.2467532467532,2.826839826839827,455.0,1848,11.0,0.005917159763313609,535.068493150685,3.122146118721461,489.1467576791809,1755,14.0,0.00791407574901074,404.2311715481172,1.926778242677824,367.3263157894737,1906,7.0,0.0036591740721380033,406.408256880734,2.2186544342507646,567.5725190839695,1309,13.0,0.009833585476550681,797.5890410958904,2.470319634703196,728.4931506849315,876,1.0,0.0011402508551881414,2160.3305785123966,17.303030303030305,1645.972602739726,728,31.0,0.04084321475625823,807.557003257329,4.648208469055374,1166.4077669902913,616,3.0,0.004846526655896607,445.0359712230216,3.196642685851319,578.4578313253012,1664,17.0,0.010113027959547887,415.2795031055901,1.5672877846790891,634.3933054393306,961,9.0,0.009278350515463918,748.2095006090134,3.062119366626066,519.3635250917993,1638,16.0,0.009673518742442563,429.1111111111111,1.782312925170068,430.3820224719101,886,7.0,0.007838745800671893,853.05,4.25,862.7410926365795,841,18.0,0.020954598370197905,586.4705882352941,3.127450980392157,480.440097799511,817,25.0,0.029691211401425176,783.5154394299287,2.251781472684085,737.7565632458234,840,14.0,0.01639344262295082,774.9445255474452,1.637956204379562,781.137026239067,1371,21.0,0.015086206896551725,413.8235294117647,1.9154411764705883,444.7970479704797,543,3.0,0.005494505494505495,542.3827160493827,2.9722222222222223,444.0740740740741,648,10.0,0.015197568389057751,576.875,2.868055555555556,409.86206896551727,578,9.0,0.015332197614991482,775.0868486352357,2.684863523573201,807.0149253731344,805,9.0,0.011056511056511056,421.0219780219781,1.304945054945055,319.3774104683196,727,9.0,0.012228260869565218,669.4505494505495,5.058608058608058,559.5555555555555,543,7.0,0.012727272727272728,482.25201072386056,4.257372654155496,440.2139037433155,747,10.0,0.013210039630118891
100,202404,10,435.3940092165898,3.576036866359447,304.8611111111111,866,9.0,0.010285714285714285,2756.44192139738,8.992139737991266,2750.3056768558954,2290,110.0,0.04583333333333333,661.8913907284768,2.7562913907284767,684.5223684210526,1515,9.0,0.005905511811023622,371.2087912087912,2.318681318681319,261.4678899082569,1091,2.0,0.0018298261665141812,2055.403846153846,8.807692307692308,1919.6129032258063,622,54.0,0.07988165680473373,486.4296407185629,3.7664670658682633,451.8496240601504,1333,7.0,0.0052238805970149255,470.22857142857146,1.9514285714285715,542.8245363766049,1401,9.0,0.006382978723404255,1135.8,2.803333333333333,691.7056856187291,599,2.0,0.0033277870216306157,598.7755102040817,0.4591836734693877,338.7878787878788,197,33.0,0.14347826086956522,850.5800464037123,3.4199535962877032,690.6264501160093,862,4.0,0.004618937644341801,2813.4111842105262,18.07730263157895,3002.668863261944,1215,113.0,0.08509036144578314,1046.6320610687023,3.583206106870229,841.9354838709677,1306,29.0,0.021722846441947566,1271.015118790497,3.1511879049676024,966.6380236305048,1857,26.0,0.013807753584705257,714.7467105263158,2.483552631578948,606.2897914379803,1823,16.0,0.008700380641653072,555.7962962962963,1.9465020576131689,575.6057494866529,1946,13.0,0.006636038795303726,639.1981424148606,2.688854489164086,551.0526315789474,1292,1.0,0.0007733952049497294,931.8854415274463,2.41527446300716,986.5876777251184,841,10.0,0.011750881316098707,1422.535519125683,4.808743169398907,1664.1322314049587,729,10.0,0.013531799729364006,830.2912621359224,3.588996763754045,716.4935064935065,617,0.0,0.0,770.4255319148937,2.24822695035461,621.5094339622641,1694,15.0,0.008777062609713282,757.4074074074074,1.8786008230452675,786.1475409836065,974,2.0,0.0020491803278688526,739.0973871733967,2.581947743467933,598.2918149466192,1685,19.0,0.011150234741784037,519.1479820627802,1.3609865470852018,580.4494382022472,891,0.0,0.0,1125.112676056338,3.4389671361502345,1115.4352941176471,851,17.0,0.019585253456221197,762.7942583732057,3.2200956937799043,530.1686746987951,833,9.0,0.010688836104513063,1184.827906976744,3.046511627906977,923.9257540603248,861,10.0,0.011481056257175661,1105.9766763848395,1.946064139941691,693.985401459854,1371,15.0,0.010822510822510822,935.3956834532374,1.4676258992805755,1100.860215053763,557,2.0,0.0035778175313059034,846.5281899109792,3.433234421364985,927.5,673,4.0,0.005908419497784343,579.7350993377484,2.5033112582781456,830.7692307692307,601,8.0,0.013136288998357963,780.0464547677261,1.7897310513447433,736.4963503649635,820,2.0,0.0024330900243309003,342.10277777777776,1.238888888888889,244.98614958448752,721,10.0,0.013679890560875513,790.0746268656717,2.5634328358208958,608.9219330855019,537,2.0,0.0037105751391465678,706.1052631578947,2.776315789473684,491.496062992126,761,6.0,0.007822685788787484
101,202404,11,1573.8114942528737,7.641379310344828,1329.815668202765,869,43.0,0.047149122807017545,1187.4870940882597,2.094088259783513,1239.585062240664,2406,54.0,0.02195121951219512,1054.1461916461917,2.1326781326781328,858.1257706535142,1625,16.0,0.009750152346130409,863.0326797385621,2.42156862745098,820.9852216748768,1221,1.0,0.0008183306055646482,4506.808510638298,5.759878419452887,4115.197568389058,658,90.0,0.12032085561497326,2002.7055393586008,3.639941690962099,1609.6793002915451,1372,95.0,0.06475800954328562,646.36328125,3.1471354166666665,735.5874673629243,1534,10.0,0.006476683937823834,1713.9801324503312,2.6589403973509933,1571.6,602,29.0,0.04595879556259905,1469.142857142857,2.0,1147.838095238095,210,23.0,0.09871244635193133,2002.361111111111,8.61574074074074,2207.5,864,42.0,0.046357615894039736,1457.1814092953523,2.4917541229385307,1847.2972972972973,1333,19.0,0.014053254437869823,2158.4412650602408,7.170180722891566,2158.2779456193352,1326,83.0,0.058907026259758695,1797.962962962963,3.373456790123457,2115.770020533881,1946,24.0,0.012182741116751269,980.3611691022963,2.2839248434237995,1302.8838174273858,1922,32.0,0.016376663254861822,1202.3778664007975,3.099700897308076,1378.9221556886228,2005,49.0,0.02385589094449854,1487.196428571429,2.9761904761904763,1586.5074626865671,1342,53.0,0.03799283154121864,4191.0352112676055,4.215962441314554,3416.6117647058823,851,100.0,0.10515247108307045,1369.820051413882,2.326478149100257,1652.7835051546392,777,10.0,0.012706480304955527,1118.421052631579,3.766081871345029,1292.4561403508771,684,13.0,0.018651362984218076,1108.3995680345572,3.2181425485961124,972.6417112299464,1861,45.0,0.0236096537250787,859.4055944055945,1.027972027972028,930.4695652173912,1147,11.0,0.009499136442141624,1387.6567656765676,2.507150715071507,911.1381215469612,1814,20.0,0.010905125408942203,678.125,1.2333333333333334,594.9895615866388,959,7.0,0.007246376811594203,1456.7420042643923,3.9957356076759054,1469.935760171306,936,27.0,0.028037383177570093,1364.8351648351647,3.7164835164835166,1477.7483443708609,908,47.0,0.049214659685863874,995.097995545657,2.131403118040089,1302.857142857143,897,22.0,0.023939064200217627,4300.61797752809,6.328651685393258,3559.972027972028,1427,202.0,0.1240024554941682,1574.948805460751,3.1092150170648463,2039.5890410958905,585,21.0,0.034653465346534656,1741.8257142857142,6.394285714285714,1418.1818181818182,702,22.0,0.03038674033149171,1254.3852941176472,3.947058823529412,1114.4868035190616,681,12.0,0.017316017316017316,5579.739696312365,7.3058568329718,4253.392070484581,915,132.0,0.12607449856733524,540.4510309278351,2.786082474226804,639.8961038961039,773,15.0,0.01903553299492386,2321.590909090909,10.526515151515152,1738.8970588235295,536,74.0,0.12131147540983607,1211.711229946524,7.815508021390374,943.8829787234042,750,45.0,0.05660377358490566
102,202404,12,944.6322869955156,3.4417040358744395,1056.6442953020137,893,8.0,0.008879023307436182,579.4438943894389,2.1831683168316838,754.2574257425742,2424,12.0,0.0049261083743842365,924.711276332094,2.2862453531598512,930.185414091471,1616,17.0,0.010410287813839559,649.3654485049834,2.3255813953488373,483.47682119205297,1206,12.0,0.009852216748768473,883.2046109510086,1.6368876080691643,764.6109510086455,694,1.0,0.0014388489208633094,2691.589562764457,10.431593794076164,2029.7727272727277,1413,9.0,0.006329113924050633,798.6070959264126,2.4204993429697765,705.2356020942408,1525,19.0,0.012305699481865285,1843.8116883116884,5.5941558441558445,1344.774193548387,618,7.0,0.0112,1100.3173076923076,2.5673076923076925,749.6019417475728,207,4.0,0.018957345971563982,1422.3041474654378,4.465437788018433,1584.861111111111,866,13.0,0.01478953356086462,748.6196136701337,1.910846953937593,991.2927191679048,1346,13.0,0.009565857247976454,1696.204081632653,7.103498542274052,1732.4450951683748,1369,9.0,0.006531204644412192,876.4168356997972,1.193711967545639,831.4717741935484,1978,12.0,0.006030150753768844,707.5760082730093,2.702171664943123,904.054054054054,1929,37.0,0.018819938962360123,975.1546085232904,3.588701684836472,989.6428571428572,2017,13.0,0.0064039408866995075,1420.8766328011611,4.579100145137881,1036.5217391304348,1379,4.0,0.0028922631959508315,1147.7306843267108,2.2847682119205297,1005.132743362832,905,2.0,0.002205071664829107,971.3554987212276,1.0792838874680306,1062.6598465473146,782,5.0,0.0063532401524777635,739.7667638483965,4.711370262390671,1006.608695652174,688,5.0,0.007215007215007215,1341.395922746781,4.638412017167382,1340.7142857142858,1856,54.0,0.028272251308900525,1123.702422145329,2.27681660899654,1174.315424610052,1155,3.0,0.0025906735751295338,2110.3703703703704,3.830527497194164,1575.95530726257,1786,105.0,0.05552617662612375,728.0,1.48125,813.4303534303534,961,13.0,0.013347022587268994,738.6786469344609,2.7695560253699787,641.6308016877637,947,6.0,0.0062959076600209865,946.6601731601731,4.188311688311688,872.6565874730021,925,8.0,0.00857449088960343,714.0175824175824,2.351648351648352,821.7105263157895,911,5.0,0.0054585152838427945,1163.9370078740158,1.9094488188976375,1137.6408912188729,1525,13.0,0.008452535760728219,762.742474916388,3.8160535117056855,1124.8,599,4.0,0.006633499170812604,1258.0916666666667,6.613888888888889,1334.6260387811635,721,3.0,0.004143646408839779,1404.251497005988,1.9940119760479045,1319.4626865671642,669,10.0,0.014727540500736377,1526.5573770491803,3.2745901639344264,1552.7459016393443,976,13.0,0.01314459049544995,1833.6901763224184,3.506297229219144,1927.4242424242425,793,43.0,0.05143540669856459,1691.357142857143,12.5,1885.6521739130435,556,11.0,0.019400352733686066,2142.4736842105262,12.75,2009.763779527559,761,9.0,0.011688311688311689
103,202404,13,390.68702290076334,3.38676844783715,664.3298969072165,781,5.0,0.006361323155216285,460.2289156626506,2.4670991658943464,544.6840148698885,2155,7.0,0.0032377428307123032,781.3675213675214,2.4287749287749287,687.5675675675676,1405,7.0,0.004957507082152974,388.6847599164927,2.096033402922756,431.0788381742738,961,1.0,0.0010395010395010396,389.6531791907515,1.3092485549132948,309.6551724137931,694,0.0,0.0,775.2168674698795,3.36144578313253,914.295025728988,1164,2.0,0.0017152658662092624,567.9556574923547,2.168195718654434,694.5370370370371,1302,6.0,0.0045871559633027525,776.6048109965636,5.962199312714777,829.5833333333334,579,2.0,0.0034423407917383822,532.7238095238096,0.7904761904761904,459.8130841121495,212,5.0,0.02304147465437788,770.1694915254237,2.4915254237288136,1046.1016949152545,708,4.0,0.0056179775280898875,426.5377855887522,1.3813708260105448,604.5342706502636,1138,3.0,0.0026292725679228747,918.2552845528456,2.586991869918699,817.5974025974026,1231,10.0,0.008058017727639,420.2962962962963,0.9049382716049382,411.4814814814815,1620,3.0,0.0018484288354898336,495.6980676328503,2.2427536231884058,555.3808948004837,1655,5.0,0.0030120481927710845,566.7838427947598,1.6593886462882097,525.7704918032787,1831,8.0,0.004350190320826536,546.2054794520548,1.8835616438356164,715.6122448979592,1172,2.0,0.0017035775127768314,609.5424836601308,1.4640522875816993,565.0218340611353,917,4.0,0.004343105320304018,469.05405405405406,0.8716216216216216,601.4237288135594,591,0.0,0.0,465.75,2.8833333333333333,355.96638655462186,478,2.0,0.004166666666666667,1126.7460317460318,7.39021164021164,855.0,1508,13.0,0.008547008547008548,761.8181818181819,2.277389277389277,769.2558139534884,859,0.0,0.0,1445.1637107776262,4.897680763983629,1200.2445652173913,1469,16.0,0.010774410774410775,428.44444444444446,1.834567901234568,431.7617866004963,808,4.0,0.0049261083743842365,227.2493150684932,2.0794520547945203,451.9565217391304,733,3.0,0.004076086956521739,546.4397905759163,1.824607329842932,469.87012987012986,767,2.0,0.002600780234070221,403.957507082153,1.7818696883852692,438.6327683615819,707,1.0,0.0014124293785310734,405.75,1.8652777777777776,476.0778859527121,1439,7.0,0.004840940525587829,431.1392405063291,2.219409282700422,887.3417721518987,474,3.0,0.006289308176100629,865.1122112211222,4.138613861386139,909.0491803278688,608,1.0,0.0016420361247947454,843.9560439560439,4.351648351648351,1185.2747252747254,546,3.0,0.00546448087431694,518.7012987012987,1.2207792207792207,615.3548387096774,927,6.0,0.006430868167202572,348.06702412868634,1.4959785522788205,287.3854447439353,744,2.0,0.002680965147453083,1027.876447876448,4.328185328185328,840.9230769230769,519,0.0,0.0,467.8969957081545,2.96137339055794,790.3004291845493,466,1.0,0.0021413276231263384
104,202404,14,909.8282352941176,10.581176470588236,940.1398601398602,854,0.0,0.0,556.5095753538718,2.1298917568692755,631.4451827242525,2405,13.0,0.005376344086021506,611.9078624078624,2.445945945945946,559.064039408867,1626,4.0,0.00245398773006135,519.6321070234113,2.005016722408026,359.1905564924115,1191,2.0,0.0016764459346186086,605.7197802197802,0.8021978021978022,525.0828729281768,726,2.0,0.0027472527472527475,771.2218934911242,4.383136094674557,661.7777777777778,1351,2.0,0.0014781966001478197,563.1808367071525,2.087719298245614,640.3212851405623,1488,2.0,0.0013422818791946308,1044.8344370860927,4.754966887417218,933.0491803278688,607,8.0,0.013008130081300813,277.1818181818182,0.5858585858585859,178.73684210526315,194,10.0,0.049019607843137254,626.3551401869158,3.30607476635514,721.8224299065421,856,1.0,0.0011668611435239206,369.7032640949555,1.758160237388724,500.0296735905045,1348,5.0,0.003695491500369549,860.0817518248175,3.2394160583941605,857.8592375366569,1367,8.0,0.005818181818181818,524.519052523172,1.6323377960865089,554.659793814433,1941,6.0,0.0030816640986132513,526.4773922187171,2.92534174553102,863.4858638743456,1906,1.0,0.0005243838489774515,702.4762386248736,2.505561172901921,680.9246231155779,1984,3.0,0.001509813789632612,906.4090225563908,2.7609022556390976,670.1510574018126,1327,11.0,0.008221225710014948,371.4473684210527,0.993421052631579,606.4192139737992,914,3.0,0.003271537622682661,531.84,0.992,586.8096514745308,748,1.0,0.0013351134846461949,627.1518987341772,2.623417721518988,745.5238095238095,631,3.0,0.00473186119873817,834.9615806805708,3.6882546652030737,929.136612021858,1826,5.0,0.002730748225013654,1473.005272407733,4.003514938488577,1024.30823117338,1140,3.0,0.0026246719160104987,1202.4218928164196,3.734321550741163,975.6164383561644,1753,8.0,0.004542873367404884,372.3033472803347,1.3179916317991631,615.9414225941423,956,2.0,0.0020876826722338203,483.3643724696356,2.402834008097166,565.688524590164,982,3.0,0.003045685279187817,648.8984547461368,2.1567328918322297,823.5033259423503,904,4.0,0.004405286343612335,536.1397379912664,1.9410480349344976,504.8684210526316,914,0.0,0.0,758.7823834196892,1.145077720207254,667.7021822849807,1551,8.0,0.005131494547787043,694.5054945054945,1.9267399267399268,858.5294117647059,545,5.0,0.00909090909090909,737.3893805309734,2.96165191740413,641.6766467065868,673,2.0,0.002962962962962963,658.7719298245614,2.429824561403509,695.2212389380531,681,2.0,0.0029282576866764276,480.8467741935484,1.0181451612903225,599.0380761523046,995,6.0,0.005994005994005994,1405.809651474531,4.533512064343164,1305.5493333333334,748,12.0,0.015789473684210527,1282.978723404255,7.76241134751773,732.2142857142857,562,1.0,0.0017761989342806395,707.6162790697674,5.6104651162790695,792.9069767441861,688,4.0,0.005780346820809248
105,202404,15,864.677130044843,6.865470852017937,918.0269058295964,892,11.0,0.012181616832779624,526.2192910140149,3.4583676834295134,529.3884297520661,2423,5.0,0.002059308072487644,605.6338729763387,2.894146948941469,447.53731343283584,1607,7.0,0.004337050805452293,573.5643564356436,4.016501650165017,600.497512437811,1209,3.0,0.0024752475247524753,559.193083573487,0.8126801152737753,316.2536023054755,694,1.0,0.0014388489208633094,842.0270655270655,3.616809116809117,702.3931623931624,1404,12.0,0.00847457627118644,470.2267365661861,3.055045871559633,396.2845849802371,1522,10.0,0.006527415143603133,853.5048231511254,5.356913183279743,845.016077170418,622,6.0,0.009554140127388535,540.2450980392157,0.8431372549019608,368.9019607843137,204,11.0,0.05116279069767442,2268.5454545454545,12.363636363636363,2026.9565217391305,877,14.0,0.015712682379349047,476.3392857142857,2.017857142857143,500.8035714285714,1344,2.0,0.0014858841010401188,821.4685212298682,3.2562225475841875,888.5217391304348,1373,7.0,0.005072463768115942,457.2372881355933,1.0358923230309072,471.25748502994014,2005,9.0,0.004468718967229395,782.1864057672502,6.879505664263646,558.3925619834711,1939,8.0,0.004108885464817668,697.3439048562933,3.376610505450941,728.0952380952381,2017,9.0,0.004442250740375123,611.3395953757225,1.9826589595375723,468.1556195965418,1386,5.0,0.0035945363048166786,713.9217002237136,1.4966442953020134,663.0872483221476,894,4.0,0.004454342984409799,549.5140664961637,1.360613810741688,530.0763358778626,784,4.0,0.005076142131979695,613.3913043478261,2.4811594202898557,806.0869565217391,690,3.0,0.004329004329004329,566.2314225053078,3.489384288747346,527.3482428115016,1881,9.0,0.004761904761904762,525.7785467128027,2.5,608.8541666666666,1154,5.0,0.004314063848144953,722.9074889867842,2.7687224669603525,663.8943894389439,1817,15.0,0.008187772925764192,539.2531120331951,2.379668049792531,517.1725571725572,963,7.0,0.007216494845360825,440.2345415778252,2.605543710021322,346.5254237288136,941,6.0,0.006335797254487857,488.4235807860262,2.305676855895197,400.6073752711497,919,10.0,0.010764262648008612,476.1721132897604,2.3594771241830066,512.3478260869565,919,8.0,0.008629989212513484,463.2812089356111,1.3863337713534822,481.4173228346457,1523,19.0,0.01232166018158236,902.9702970297028,4.0561056105610565,1283.046357615894,605,4.0,0.006568144499178982,1135.391061452514,7.544692737430168,918.1512605042016,715,9.0,0.012430939226519336,669.8905325443787,2.4289940828402368,425.11764705882354,678,6.0,0.008771929824561403,884.188524590164,2.069672131147541,878.7730061349694,977,0.0,0.0,1591.3562005277045,2.5145118733509237,1286.5447368421053,759,19.0,0.02442159383033419,558.4452296819788,6.876325088339223,528.339222614841,566,2.0,0.0035211267605633804,1032.9133858267717,9.293963254593177,1300.2094240837696,763,4.0,0.005215123859191656
106,202404,16,438.875,2.9882075471698117,577.2897196261682,852,14.0,0.016166281755196306,582.6262975778546,2.593425605536332,421.4038128249567,2310,21.0,0.009009009009009009,656.8599717114569,3.557284299858557,722.5459688826026,1414,13.0,0.009110021023125438,1222.0267686424477,7.061185468451243,1220.038167938931,1047,9.0,0.008522727272727272,337.9746835443038,0.9525316455696202,430.5993690851735,633,0.0,0.0,839.3687405159333,2.957511380880121,692.5531914893617,1317,6.0,0.0045351473922902496,586.3848396501458,2.8877551020408165,395.0,1382,9.0,0.006470165348670022,422.3404255319149,3.280141843971631,439.5744680851064,564,4.0,0.007042253521126761,600.0185185185185,0.9629629629629628,363.46153846153845,212,15.0,0.06607929515418502,766.3380281690141,5.359154929577465,1266.0421545667448,853,5.0,0.005827505827505828,578.5576923076923,2.4246794871794872,483.56913183279744,1246,22.0,0.017350157728706624,415.0962199312715,2.88659793814433,761.1724137931035,1162,6.0,0.005136986301369863,420.1923076923077,0.7788461538461539,238.0728051391863,1870,7.0,0.0037293553542887587,875.9920814479638,4.654977375565611,669.3528748590755,1771,9.0,0.0050561797752808986,1302.279535864979,7.956751054852321,1169.367088607595,1896,40.0,0.02066115702479339,371.3035993740219,1.7167449139280124,345.7770800627944,1276,9.0,0.007003891050583658,216.57142857142856,1.5309523809523808,422.2748815165877,842,4.0,0.004728132387706856,493.1666666666667,1.5583333333333331,350.02770083102496,721,7.0,0.009615384615384616,676.6123778501628,4.944625407166124,449.2156862745098,613,8.0,0.01288244766505636,489.4707985697258,3.295589988081049,509.3525179856115,1673,14.0,0.008298755186721992,718.2644628099174,2.739669421487603,601.4876033057851,968,4.0,0.00411522633744856,610.3001200480192,2.871548619447779,555.5985489721886,1660,22.0,0.013079667063020214,573.5570469798657,1.5794183445190155,284.70066518847005,898,2.0,0.0022222222222222222,470.2382075471698,3.679245283018868,357.1764705882353,849,9.0,0.01048951048951049,465.4411764705882,2.715686274509804,439.4117647058824,816,16.0,0.019230769230769232,820.1288056206089,3.299765807962529,642.4976525821596,853,10.0,0.011587485515643106,446.68537666174296,1.4446085672082718,396.9026548672566,1355,9.0,0.006598240469208211,406.3043478260869,2.2717391304347827,506.5217391304348,552,2.0,0.0036101083032490976,589.9666666666667,2.672727272727273,559.214501510574,661,5.0,0.0075075075075075074,480.2698961937716,2.480968858131488,716.8965517241379,579,17.0,0.028523489932885907,342.0304568527919,2.1142131979695438,308.43989769820973,785,3.0,0.0038071065989847717,462.2,1.791549295774648,451.774647887324,710,0.0,0.0,706.9565217391304,4.521739130434782,411.8978102189781,550,1.0,0.0018148820326678765,744.0944881889764,4.732283464566929,703.2375979112271,764,4.0,0.005208333333333333
107,202404,17,550.1353211009174,4.23394495412844,737.7777777777778,868,6.0,0.006864988558352402,536.5924333619948,3.3860705073086845,541.9072164948453,2327,27.0,0.011469838572642312,617.1411451398136,3.507323568575233,428.218085106383,1503,8.0,0.005294506949040371,811.7001828153565,3.5703839122486287,686.6058394160584,1095,13.0,0.011732851985559567,512.2935779816514,0.9296636085626911,506.4,652,3.0,0.004580152671755725,735.2284866468842,2.6943620178041545,736.1367013372957,1347,3.0,0.0022222222222222222,1202.2096317280452,2.2436260623229463,1390.084745762712,1414,5.0,0.0035236081747709656,694.9630872483222,3.238255033557047,664.8322147651006,596,2.0,0.0033444816053511705,3160.555555555556,0.7314814814814815,2377.0093457943926,215,9.0,0.04017857142857143,574.8387096774194,4.543778801843318,505.614849187935,865,3.0,0.0034562211981566822,564.2088607594936,2.517405063291139,603.5071090047394,1265,8.0,0.006284367635506678,761.2149532710281,3.2242990654205608,672.3364485981308,1284,2.0,0.0015552099533437014,532.4600638977636,1.3801916932907348,573.75,1883,14.0,0.007380073800738007,356.5016501650165,2.785478547854785,551.8811881188119,1818,14.0,0.007641921397379912,763.6863543788187,4.775967413441955,903.2993890020366,1964,14.0,0.007077856420626896,1361.2049689440994,7.316770186335404,1232.0496894409937,1288,11.0,0.008468052347959968,576.6824644549763,1.481042654028436,653.6018957345972,844,2.0,0.002364066193853428,699.1978319783198,2.0,856.8392370572207,736,0.0,0.0,857.0032573289902,7.2052117263843645,913.8311688311688,615,2.0,0.0032414910858995136,839.8566308243728,2.646356033452808,907.4021352313168,1680,24.0,0.014084507042253521,534.0983606557377,1.944672131147541,657.5359342915812,975,2.0,0.0020470829068577278,919.768219832736,2.888888888888889,724.7857142857143,1677,41.0,0.023864959254947613,741.6740088105727,1.669603524229075,709.933774834437,907,2.0,0.0022002200220022,383.99769053117785,3.53810623556582,348.2325581395349,863,11.0,0.012585812356979404,628.2725118483412,4.149289099526066,802.6794258373205,840,21.0,0.024390243902439025,628.874715261959,2.683371298405467,514.1685649202733,878,2.0,0.0022727272727272726,542.978102189781,1.8306569343065693,403.4061135371179,1372,4.0,0.0029069767441860465,563.8297872340426,2.372340425531915,975.6890459363958,565,0.0,0.0,664.4388059701492,3.023880597014925,690.5389221556886,669,10.0,0.014727540500736377,934.9830508474575,2.088135593220339,991.0135135135135,591,9.0,0.015,566.7990074441688,1.6923076923076923,715.1111111111111,808,6.0,0.007371007371007371,582.859943977591,1.3669467787114846,457.2881355932203,711,7.0,0.009749303621169917,1130.14598540146,3.288321167883212,983.956043956044,547,2.0,0.0036429872495446266,566.961038961039,3.4389610389610388,476.2597402597403,770,1.0,0.0012970168612191958
108,202404,18,877.7213483146068,4.247191011235955,1027.9194630872482,892,4.0,0.004464285714285714,654.6771263418663,2.856317093311313,791.1604938271605,2426,15.0,0.0061450225317492835,996.0547263681592,2.2487562189054726,960.8219178082192,1607,19.0,0.011685116851168511,702.5901639344262,2.637704918032787,632.7540983606557,1220,8.0,0.006514657980456026,545.6571428571428,0.48,530.0571428571428,700,5.0,0.0070921985815602835,552.2591549295774,3.0098591549295777,515.2247191011236,1422,3.0,0.002105263157894737,882.2487244897959,2.5739795918367347,685.6050955414013,1569,18.0,0.011342155009451797,736.6688311688312,3.405844155844156,531.0097719869707,615,1.0,0.0016233766233766235,337.3684210526316,0.7543859649122807,626.3157894736842,228,1.0,0.004366812227074236,732.89592760181,4.002262443438914,646.9683257918552,884,6.0,0.006741573033707865,872.8,2.1392592592592594,901.4264487369984,1348,21.0,0.015339663988312637,852.2200598802395,3.0778443113772456,1080.7185628742516,1336,3.0,0.0022404779686333084,572.5576730190571,0.8816449348044132,555.4954954954954,1996,7.0,0.003494757863205192,1435.8635416666666,4.221875,1536.3790238836968,1923,27.0,0.013846153846153847,659.485119047619,2.423611111111111,774.8910891089109,2018,15.0,0.0073782587309394985,688.2857142857143,1.9912536443148687,645.0655021834061,1373,4.0,0.002904865649963689,606.5478841870824,1.5412026726057906,760.0446428571429,897,2.0,0.002224694104560623,1008.9821882951654,1.3587786259541983,949.5115681233932,782,7.0,0.008871989860583017,840.8670520231213,3.0260115606936417,812.4277456647399,692,1.0,0.001443001443001443,1192.2094017094016,3.61965811965812,1071.2085561497329,1871,21.0,0.011099365750528542,1273.717277486911,2.300174520069808,1076.464471403813,1150,8.0,0.0069084628670120895,1579.0549450549452,3.2032967032967035,1241.3157894736842,1822,49.0,0.026189203634420097,960.3734439834024,1.2987551867219918,925.945945945946,963,4.0,0.004136504653567736,894.8760504201681,3.319327731092437,644.5569620253165,950,9.0,0.009384775808133473,806.7377398720682,3.705756929637527,514.8387096774194,934,17.0,0.017875920084121977,1856.2022222222224,8.102222222222222,2470.8,900,23.0,0.024918743228602384,784.8311688311688,1.3207792207792208,658.2007822685789,1537,5.0,0.00324254215304799,680.2675585284281,1.6354515050167224,1066.711409395973,597,1.0,0.0016722408026755853,592.2528089887641,2.460674157303371,586.9859154929577,711,10.0,0.013869625520110958,1078.312865497076,2.263157894736842,878.4070796460177,681,3.0,0.0043859649122807015,672.3270440251572,1.3480083857442349,649.2275574112734,956,2.0,0.0020876826722338203,646.7203166226913,2.021108179419525,540.1583113456464,758,30.0,0.03807106598984772,640.4255319148937,4.329787234042553,732.1276595744681,564,5.0,0.008787346221441126,663.125,4.828125,684.84375,768,0.0,0.0
109,202404,19,523.4026845637584,3.076062639821029,645.4017857142857,895,5.0,0.005555555555555556,658.8173553719008,2.538842975206612,636.8543046357615,2418,11.0,0.004528612597776863,784.7331670822942,2.527431421446384,827.4,1602,18.0,0.011111111111111112,684.7491749174917,2.643564356435644,592.6973684210526,1214,3.0,0.0024650780608052587,569.3948126801153,1.5302593659942365,523.448275862069,695,2.0,0.0028694404591104736,746.2725988700565,3.560734463276836,553.4533898305085,1416,4.0,0.0028169014084507044,634.8783610755441,2.496798975672215,655.1908396946565,1567,5.0,0.0031806615776081423,724.3054662379421,2.77491961414791,348.0,621,4.0,0.0064,588.3189655172414,1.2758620689655171,333.1034482758621,232,5.0,0.02109704641350211,772.8911564625851,6.122448979591836,578.3181818181819,881,2.0,0.0022650056625141564,578.3679525222552,1.8100890207715132,793.0473372781065,1350,15.0,0.01098901098901099,1335.360119047619,6.991071428571429,1421.891891891892,1338,5.0,0.0037230081906180195,510.1407185628743,1.6676646706586826,449.6111665004985,2005,6.0,0.0029835902536051715,775.0497409326425,4.1937823834196895,820.8125,1925,17.0,0.008753861997940269,578.9980139026812,2.2591857000993047,690.0296150049359,2020,10.0,0.0049261083743842365,582.9191919191919,2.2554112554112558,500.2597402597403,1386,7.0,0.005025125628140704,514.6460176991151,1.342920353982301,546.3858093126386,903,1.0,0.0011061946902654867,722.6020408163265,2.6505102040816326,538.3248730964467,786,1.0,0.0012706480304955528,416.0,2.96231884057971,415.4913294797688,691,0.0,0.0,781.0224119530416,3.613660618996798,918.4615384615385,1873,19.0,0.01004228329809725,797.0242214532872,1.8667820069204155,690.8838821490468,1155,8.0,0.006878761822871883,1069.866886688669,2.787678767876788,741.5604395604396,1819,45.0,0.024141630901287552,683.5051546391752,1.4639175257731958,384.0495867768595,969,6.0,0.006153846153846154,811.4273684210526,3.324210526315789,686.3291139240506,949,6.0,0.0062827225130890054,526.2931034482758,2.5,396.258064516129,929,8.0,0.008537886872998933,619.5290322580645,1.8774193548387097,580.516129032258,930,4.0,0.004282655246252677,573.0434782608696,1.9841897233201584,698.6561264822135,1518,5.0,0.003282994090610637,519.7350993377484,2.076158940397351,1144.1721854304635,604,4.0,0.006578947368421052,900.5817174515236,4.18005540166205,632.0891364902507,720,14.0,0.01907356948228883,713.1531531531532,2.5015015015015014,810.8108108108108,666,13.0,0.01914580265095729,649.3167701863354,1.6376811594202898,676.1825726141079,965,4.0,0.0041279669762641896,800.5447570332481,1.4705882352941178,791.6923076923077,781,17.0,0.021303258145363407,581.4893617021277,6.00709219858156,499.7173144876325,565,4.0,0.007029876977152899,505.4450261780105,4.594240837696336,764.0625,766,0.0,0.0
110,202404,20,786.8051948051948,2.890909090909091,709.1338582677165,766,25.0,0.0316055625790139,9463.521681997372,26.21024967148489,6967.114285714286,1461,1486.0,0.5042416016287751,1615.5015015015017,2.400900900900901,1516.4530551415796,1337,100.0,0.06958942240779402,1030.440251572327,2.580712788259958,843.1446540880503,954,38.0,0.038306451612903226,1449.5150602409635,2.1867469879518078,1325.341246290801,669,56.0,0.07724137931034483,856.0138648180242,3.2097053726169844,671.1724137931035,1157,21.0,0.017826825127334467,721.1926605504588,3.1131498470948014,659.7239263803681,1306,22.0,0.016566265060240965,1293.0103806228374,4.688581314878893,977.3793103448276,579,9.0,0.015306122448979591,242.32407407407408,0.4907407407407407,134.98214285714286,220,9.0,0.039301310043668124,1014.017094017094,2.541310541310541,800.5665722379604,704,21.0,0.028965517241379312,2216.9003690036902,12.208487084870848,2411.555555555556,1082,204.0,0.15863141524105753,1881.247491638796,7.058528428093646,2156.4941569282137,1197,51.0,0.040865384615384616,972.54130702836,1.875462392108508,721.9950738916256,1623,64.0,0.03793716656787196,1863.4892541087231,7.335018963337547,1739.3969849246232,1587,122.0,0.07138677589233469,893.6326304106549,1.849056603773585,859.0635451505017,1798,35.0,0.019094380796508457,797.7413194444445,2.1822916666666665,624.2685025817556,1157,35.0,0.02936241610738255,1370.7671840354767,4.159645232815964,1506.6666666666667,901,34.0,0.03636363636363636,2886.153846153846,19.512820512820515,2857.391304347826,549,94.0,0.14618973561430793,1218.7179487179487,3.0854700854700856,778.448275862069,466,27.0,0.05476673427991886,1085.9029649595686,2.6549865229110514,1068.0645161290322,1486,50.0,0.032552083333333336,1222.3188405797102,1.642512077294686,993.0787589498808,833,31.0,0.03587962962962963,1150.5686546463246,2.732316227461858,700.8230452674898,1450,45.0,0.030100334448160536,1032.2727272727273,1.4116161616161615,741.3533834586466,795,24.0,0.029304029304029304,1539.9885057471265,2.8477011494252875,1960.677966101695,702,101.0,0.12577833125778332,1103.4782608695652,1.7717391304347827,719.1913746630728,739,61.0,0.07625,1408.6366366366367,2.123123123123123,1779.4642857142858,669,103.0,0.133419689119171,1306.387283236994,2.773121387283237,1041.2931034482758,1388,75.0,0.05126452494873548,753.1965811965812,1.294871794871795,949.5762711864406,470,14.0,0.028925619834710745,1147.1279461279462,2.430976430976431,1177.2277227722773,600,15.0,0.024390243902439025,1338.6704980842912,2.072796934865901,1317.4517374517377,520,32.0,0.057971014492753624,894.2410714285714,1.8616071428571428,1022.672605790646,897,17.0,0.018599562363238512,405.61764705882354,1.53475935828877,290.08,749,13.0,0.01706036745406824,1261.3283582089553,4.630597014925373,799.0188679245283,533,6.0,0.011131725417439703,977.510729613734,4.240343347639485,1027.404255319149,468,10.0,0.02092050209205021
111,202404,21,497.2751196172249,3.672248803827751,942.3529411764706,843,24.0,0.02768166089965398,1331.7938053097346,2.202654867256637,1467.245409015025,2328,199.0,0.07874950534230313,865.655900621118,1.7614906832298136,1003.1133250311332,1608,17.0,0.010461538461538461,729.5574043261231,2.415973377703827,486.31051752921536,1200,13.0,0.010717230008244023,902.809917355372,1.7603305785123966,1043.258426966292,719,15.0,0.020435967302452316,734.8159057437408,2.9823269513991164,526.9139465875371,1353,8.0,0.005878030859662013,955.4574742268042,3.0219072164948453,998.732212160414,1549,18.0,0.01148691767708998,695.8491803278689,3.3540983606557377,541.5635179153095,612,8.0,0.012903225806451613,914.183486238532,0.4587155963302752,620.7476635514018,216,4.0,0.01818181818181818,815.7772621809745,3.273781902552204,1044.5327102803735,859,14.0,0.016036655211912942,967.6106194690266,2.588495575221239,1054.6290801186944,1352,29.0,0.020999275887038378,1494.7181008902078,4.873887240356083,1711.578947368421,1339,20.0,0.014716703458425313,882.2767039674466,1.792472024415056,817.1779141104295,1961,27.0,0.01358148893360161,1011.9893730074388,2.7045696068012752,1010.090521831736,1880,43.0,0.02236089443577743,609.0294416243655,1.6629441624365482,655.0759878419453,1972,11.0,0.005547150781643974,797.591654247392,3.709388971684054,749.8198198198198,1337,20.0,0.014738393515106854,1045.1868131868132,2.197802197802198,1304.203539823009,907,10.0,0.010905125408942203,1022.56,2.368,1255.9893048128342,749,19.0,0.024739583333333332,656.3694267515923,3.063694267515924,693.9047619047619,629,6.0,0.009448818897637795,1000.3370044052864,3.933920704845815,974.2070484581498,1816,48.0,0.02575107296137339,530.2645502645503,1.058201058201058,700.5633802816901,1135,19.0,0.016464471403812825,831.0612244897959,2.876417233560091,773.2036613272311,1756,42.0,0.02335928809788654,589.047817047817,1.7318087318087318,897.1309771309772,962,13.0,0.013333333333333334,876.465306122449,2.36734693877551,1066.3917525773195,975,22.0,0.022066198595787363,740.9734513274336,1.90929203539823,790.6904231625836,901,14.0,0.015300546448087432,763.8434782608696,1.5891304347826087,911.7105263157896,916,14.0,0.015053763440860216,1304.7843137254902,4.210457516339869,1099.1874180865009,1528,24.0,0.015463917525773196,692.1739130434783,1.2826086956521738,1035.0545454545454,551,9.0,0.01607142857142857,875.8672566371681,2.589970501474926,996.0714285714286,675,7.0,0.010263929618768328,779.9677419354839,2.618768328445748,857.8571428571429,677,11.0,0.015988372093023256,1131.885245901639,2.7807377049180326,1108.27868852459,976,5.0,0.0050968399592252805,640.7647058823529,1.5427807486631016,484.1489361702128,750,14.0,0.01832460732984293,1460.7773851590107,4.568904593639576,1197.4736842105262,568,4.0,0.006993006993006993,559.8847262247839,3.717579250720461,619.7687861271677,693,7.0,0.01
112,202404,22,700.5942350332595,3.184035476718404,871.6,901,7.0,0.007709251101321586,738.4093137254902,1.8684640522875815,667.0327868852459,2444,8.0,0.0032626427406199023,750.0125470514429,2.095357590966123,704.25,1597,6.0,0.0037429819089207735,753.960396039604,2.971947194719472,524.0066225165563,1210,0.0,0.0,770.1156069364162,1.606936416184971,693.2758620689655,694,2.0,0.0028735632183908046,700.5042372881356,2.7062146892655368,600.7637906647808,1415,6.0,0.00422237860661506,794.3112244897959,2.233418367346939,819.2572877059569,1573,3.0,0.0019035532994923859,658.252427184466,3.2750809061488675,873.0097087378641,618,10.0,0.01592356687898089,550.0086206896551,0.75,506.5486725663717,229,5.0,0.021367521367521368,509.1116173120729,3.815489749430524,338.5034013605442,880,3.0,0.0033975084937712344,510.88757396449705,1.6775147928994083,469.2603550295858,1352,5.0,0.0036845983787767134,729.6787330316743,3.1417797888386123,761.0526315789474,1328,10.0,0.007473841554559043,527.8805970149253,0.8208955223880597,474.6759720837488,2008,3.0,0.0014917951268025858,605.8983402489627,2.4512448132780085,700.1246105919004,1927,15.0,0.007723995880535531,532.2417910447762,1.390049751243781,650.3976143141153,2011,5.0,0.00248015873015873,703.583931133429,1.6269727403156384,489.1248206599713,1394,9.0,0.006414825374198147,1407.2359550561798,6.629213483146067,2265.336322869955,891,12.0,0.013289036544850499,465.1485148514852,1.1113861386138617,994.24317617866,807,2.0,0.002472187886279357,373.9130434782609,2.6608695652173915,350.80924855491327,691,4.0,0.0057553956834532375,864.3908413205538,3.4696485623003195,954.785407725322,1871,16.0,0.008479067302596715,624.4559585492228,1.7495682210708117,708.7889273356401,1157,5.0,0.004302925989672977,1133.6842105263158,2.580043859649123,799.4505494505495,1822,6.0,0.0032822757111597373,776.3574380165289,1.4855371900826446,895.5371900826447,968,10.0,0.010224948875255624,537.0932203389831,2.0783898305084745,886.8273684210526,947,15.0,0.015592515592515593,486.1934782608696,2.019565217391305,487.0281995661605,921,6.0,0.006472491909385114,595.5010752688172,2.075268817204301,624.3628509719223,928,3.0,0.00322234156820623,725.4259501965925,1.7378768020969857,701.7015706806283,1527,8.0,0.005211726384364821,472.0792079207921,1.3366336633663367,718.4158415841584,606,1.0,0.0016474464579901153,604.7486338797814,2.273224043715847,564.5901639344262,732,6.0,0.008130081300813009,637.810650887574,2.6775147928994083,882.4046920821114,679,2.0,0.002936857562408223,1133.8607068607068,9.43035343035343,1458.921161825726,963,8.0,0.008238928939237899,356.62433862433863,1.126984126984127,397.4603174603175,756,3.0,0.003952569169960474,598.3098591549295,3.6443661971830985,671.4084507042254,568,4.0,0.006993006993006993,515.3766233766233,4.303896103896104,659.8445595854922,771,4.0,0.005161290322580645
113,202404,23,351.34751773049646,3.806146572104019,458.11764705882354,848,16.0,0.018518518518518517,437.3704974271012,2.3799313893653515,451.41874462596735,2329,21.0,0.008936170212765958,682.4936530324401,2.411847672778561,592.0,1414,7.0,0.0049261083743842365,613.3846153846154,3.3692307692307693,351.29593810444874,1037,2.0,0.0019249278152069298,316.81528662420385,2.662420382165605,395.0798722044729,627,0.0,0.0,486.22222222222223,3.124809741248097,428.6890243902439,1313,7.0,0.005303030303030303,520.3131313131313,2.15007215007215,468.57142857142856,1386,9.0,0.0064516129032258064,404.51063829787233,3.397163120567376,341.13074204947,565,0.0,0.0,287.78761061946904,0.6194690265486725,337.3684210526316,227,1.0,0.0043859649122807015,340.4225352112676,4.838028169014085,532.9906542056075,854,1.0,0.0011695906432748538,162.66666666666666,1.7301587301587302,338.85714285714283,1260,3.0,0.0023752969121140144,600.6020583190394,2.792452830188679,335.8147512864494,1166,3.0,0.0025662959794696323,271.0565635005336,0.656350053361793,235.69593147751607,1871,13.0,0.006900212314225053,477.46659116647794,2.690826727066818,589.1525423728814,1768,13.0,0.0072992700729927005,434.2983193277311,3.313025210084034,442.1218487394958,1904,8.0,0.0041841004184100415,442.4043887147336,2.3448275862068964,543.3908948194662,1275,11.0,0.008553654743390357,400.24038461538464,0.9158653846153846,530.8571428571429,836,9.0,0.010650887573964497,361.4516129032258,1.2419354838709675,748.1401617250674,743,9.0,0.011968085106382979,344.5098039215686,4.251633986928105,435.6351791530944,613,2.0,0.0032520325203252032,555.1778042959427,3.1801909307875893,623.7695078031212,1671,21.0,0.012411347517730497,421.6016427104723,1.5297741273100616,400.57377049180326,975,1.0,0.0010245901639344263,1066.2754491017963,4.403592814371257,895.1254480286739,1672,21.0,0.012404016538688719,576.2946428571429,1.3013392857142858,733.0376940133037,899,3.0,0.0033259423503325942,495.65734265734267,2.375291375291375,429.6736111111111,861,10.0,0.011481056257175661,275.34653465346537,3.1831683168316838,266.962962962963,809,12.0,0.014616321559074299,429.0232018561485,2.5127610208816704,628.8888888888889,863,2.0,0.0023121387283236996,342.5519287833828,1.3219584569732938,437.7514792899409,1350,9.0,0.006622516556291391,181.5217391304348,1.1123188405797102,388.24817518248176,550,4.0,0.007220216606498195,452.392749244713,2.622356495468278,346.4864864864865,664,5.0,0.007473841554559043,616.6124567474048,2.204152249134948,570.726643598616,578,15.0,0.025295109612141653,283.84615384615387,1.1512820512820512,492.5581395348837,777,1.0,0.0012853470437017994,321.3185595567867,1.3157894736842106,325.4293628808864,722,5.0,0.0068775790921595595,309.53068592057764,4.086642599277979,293.0434782608696,553,2.0,0.0036036036036036037,424.9740932642487,3.9145077720207255,326.7357512953368,772,0.0,0.0
114,202404,24,409.5894495412844,2.63302752293578,361.9266055045872,872,7.0,0.007963594994311717,573.1659610499577,2.235393734123624,637.258883248731,2363,17.0,0.007142857142857143,683.9838926174497,2.806711409395973,570.3604806408545,1494,21.0,0.013861386138613862,577.55,2.653703703703704,535.6746765249538,1081,4.0,0.003686635944700461,270.0,0.8734567901234568,286.1111111111111,648,2.0,0.003076923076923077,487.4285714285714,2.8601190476190474,343.31838565022423,1341,5.0,0.003714710252600297,351.1038406827881,3.1137980085348507,372.7659574468085,1408,5.0,0.003538570417551309,324.8260869565217,4.033444816053512,259.2,599,5.0,0.008278145695364239,317.0642201834862,0.6697247706422018,279.27272727272725,219,3.0,0.013513513513513514,467.8341013824885,3.617511520737328,552.6388888888889,866,1.0,0.0011534025374855825,334.6624803767661,2.241758241758242,564.3573667711598,1275,12.0,0.009324009324009324,322.4834645669291,3.070866141732284,351.21259842519686,1270,6.0,0.004702194357366771,172.50531914893617,1.0893617021276596,246.10169491525423,1884,9.0,0.004754358161648178,364.76106194690266,2.381637168141593,531.9138121546962,1809,10.0,0.005497526113249038,315.1654676258993,2.078108941418294,422.4716786817714,1944,16.0,0.00816326530612245,589.5,1.9627329192546583,490.2643856920684,1287,10.0,0.007710100231303007,381.7661097852029,1.2171837708830548,469.23444976076553,837,6.0,0.0071174377224199285,597.6315789473684,1.2473684210526317,556.2631578947369,760,7.0,0.009126466753585397,339.80582524271847,2.9482200647249197,366.4077669902912,618,8.0,0.012779552715654952,525.3607142857143,2.7404761904761905,485.1306413301663,1682,19.0,0.011169900058788948,453.9227642276423,2.981707317073171,563.8036809815951,981,7.0,0.00708502024291498,671.9289940828403,3.1124260355029585,557.8301886792453,1693,19.0,0.011098130841121495,605.7894736842105,1.2653508771929824,599.2070484581498,910,4.0,0.00437636761487965,455.4896551724138,2.420689655172414,574.9654377880184,869,13.0,0.01473922902494331,242.13270142180096,2.0545023696682465,285.1073985680191,841,15.0,0.017523364485981307,402.7630979498861,1.8724373576309796,415.6886363636364,879,6.0,0.006779661016949152,343.4542815674891,1.2075471698113207,407.6162790697674,1377,13.0,0.00935251798561151,317.3900709219858,1.375886524822695,828.5512367491166,565,3.0,0.00528169014084507,1115.2449567723345,9.873198847262248,1069.5575221238937,686,5.0,0.00723589001447178,561.0921501706484,2.627986348122867,609.4520547945206,585,7.0,0.011824324324324325,322.0347394540943,1.456575682382134,386.962962962963,808,7.0,0.008588957055214725,578.3130193905818,1.335180055401662,710.5234159779615,724,15.0,0.02029769959404601,436.043956043956,4.4322344322344325,283.7956204379562,547,0.0,0.0,431.9379844961241,3.940568475452197,279.37984496124034,774,3.0,0.003861003861003861
115,202404,25,739.6681514476614,4.853006681514477,680.6666666666666,899,4.0,0.004429678848283499,511.59390444810543,3.4028006589785837,540.7383100902379,2433,39.0,0.015776699029126214,658.9962962962964,3.188888888888889,752.0496894409938,1615,7.0,0.004315659679408138,686.1818181818181,3.7355371900826446,555.6862745098039,1217,4.0,0.003276003276003276,463.9316239316239,0.9515669515669516,477.2649572649573,702,0.0,0.0,543.9402560455192,2.492176386913229,533.2956152758132,1410,6.0,0.00423728813559322,580.531887755102,4.57780612244898,654.3511450381679,1570,9.0,0.005699810006333122,484.37012987012986,3.0259740259740258,371.2621359223301,617,10.0,0.01594896331738437,449.4601769911504,0.6460176991150443,262.5,225,13.0,0.0546218487394958,452.3702031602709,3.611738148984199,353.9051918735892,886,10.0,0.011160714285714286,437.43362831858406,2.4734513274336285,563.4513274336283,1356,20.0,0.014534883720930232,396.5808383233533,3.226047904191617,391.8862275449102,1336,6.0,0.004470938897168405,332.369,0.686,407.7122877122877,2001,4.0,0.00199501246882793,1033.8969823100936,6.300728407908429,1094.619937694704,1924,18.0,0.009268795056642637,558.8927507447864,2.096325719960278,555.9086395233367,2014,14.0,0.006903353057199211,830.3104956268221,1.8002915451895043,812.9257641921397,1373,25.0,0.0178826895565093,316.2162162162162,1.1824324324324325,572.0361990950227,886,3.0,0.003374578177727784,593.0541871921182,2.480295566502463,557.8217821782179,810,3.0,0.0036900369003690036,488.6455331412104,2.68299711815562,703.9655172413793,695,6.0,0.008559201141226819,641.0053475935829,2.942245989304813,692.8784648187633,1873,23.0,0.012130801687763712,1027.4870017331025,2.629116117850953,1039.0625,1153,6.0,0.005176876617773943,1565.5445544554457,3.903190319031903,1102.6813186813188,1819,29.0,0.015692640692640692,436.7010309278351,1.820618556701031,629.0683229813665,968,1.0,0.0010319917440660474,548.634655532359,2.9394572025052192,479.6255230125523,957,9.0,0.009316770186335404,544.3448275862069,2.290948275862069,577.7105831533478,927,10.0,0.010672358591248666,613.9655172413793,3.8211206896551726,633.4913793103449,928,10.0,0.010660980810234541,452.961038961039,1.1597402597402595,381.5686274509804,1535,9.0,0.005829015544041451,502.4749163879599,2.076923076923077,640.0,596,7.0,0.011608623548922056,488.3278236914601,2.371900826446281,481.4958448753463,724,3.0,0.0041265474552957355,728.7272727272727,2.566666666666667,780.7317073170732,658,21.0,0.030927835051546393,519.7907949790795,1.899581589958159,518.6974789915967,954,2.0,0.0020920502092050207,396.4883116883117,1.2883116883116883,361.2532637075718,768,17.0,0.02165605095541401,663.8162544169611,5.985865724381625,558.9473684210526,568,4.0,0.006993006993006993,400.7751937984496,4.330749354005168,456.2176165803109,773,4.0,0.005148005148005148
116,202404,26,625.8777777777777,5.568888888888889,599.0666666666667,900,0.0,0.0,4340.538062283737,10.102941176470589,3920.743301642178,2313,286.0,0.11004232397075799,1378.1882057716437,3.7992471769134255,1532.883895131086,1598,32.0,0.0196319018404908,1190.4924623115578,9.855946398659968,922.4873949579832,1192,14.0,0.011608623548922056,932.8579710144928,1.0405797101449274,988.695652173913,690,9.0,0.012875536480686695,699.9192634560907,2.270538243626062,477.1914893617021,1411,7.0,0.004936530324400564,772.5006385696041,3.1979565772669223,710.6393861892583,1565,9.0,0.005717916137229987,637.6699029126214,4.983818770226537,612.0,619,7.0,0.011182108626198083,619.2660550458716,0.6238532110091743,473.394495412844,218,10.0,0.043859649122807015,869.3150684931506,3.58675799086758,715.6363636363636,878,5.0,0.0056625141562853904,1282.109955423477,2.3328380386329868,1546.448736998514,1346,39.0,0.02815884476534296,694.9324324324324,3.51951951951952,801.4349775784754,1335,11.0,0.008172362555720654,754.1756487025948,1.2475049900199602,657.308075772682,2005,23.0,0.011341222879684419,946.2297297297296,4.333679833679834,1049.7366771159875,1919,21.0,0.010824742268041237,963.7061183550652,3.670010030090271,922.9518072289156,1993,20.0,0.009935419771485345,715.4380403458214,2.161383285302594,527.2046109510086,1388,10.0,0.00715307582260372,539.0666666666667,1.4377777777777778,498.0931263858093,901,0.0,0.0,1453.4328358208954,2.3507462686567164,1515.860349127182,803,32.0,0.03832335329341317,1611.304347826087,4.936231884057971,1296.0693641618498,691,7.0,0.01002865329512894,1324.128755364807,3.9334763948497855,1250.6852248394005,1866,29.0,0.015303430079155673,2333.125,3.6180555555555554,1906.2975778546715,1154,14.0,0.011986301369863013,1623.8116100766704,4.435925520262869,1313.6043956043957,1823,21.0,0.0113882863340564,686.8322981366459,1.8467908902691512,845.8264462809917,967,7.0,0.007186858316221766,1400.0643776824031,3.697424892703863,1403.1333333333334,931,41.0,0.04218106995884774,923.9869281045752,2.3529411764705883,709.8260869565217,919,24.0,0.02545068928950159,1402.5831485587582,3.798226164079823,1594.9333333333334,901,42.0,0.044538706256627786,959.8429319371728,1.986910994764398,757.6178010471205,1528,15.0,0.009721322099805573,738.6447368421053,1.388157894736842,838.0263157894736,608,5.0,0.008156606851549755,788.027397260274,2.7150684931506848,839.013698630137,730,2.0,0.00273224043715847,1594.121212121212,5.333333333333333,1643.4146341463415,658,14.0,0.020833333333333332,937.5933609958506,4.593360995850622,795.0310559006211,965,3.0,0.0030991735537190084,447.5329949238578,1.484771573604061,380.4060913705584,788,15.0,0.0186799501867995,797.7508650519031,6.7543252595155705,664.0,574,0.0,0.0,1100.9844559585492,4.134715025906735,960.6201550387595,773,2.0,0.0025806451612903226
117,202404,27,477.37789203084833,3.2982005141388173,417.1875,773,2.0,0.0025806451612903226,1299.3605504587156,5.660550458715596,919.040590405904,2174,43.0,0.019395579612088407,659.6840579710145,4.042028985507247,541.3913043478261,1380,10.0,0.007194244604316547,878.9141104294479,7.059304703476482,645.735112936345,976,7.0,0.007121057985757884,550.7204610951009,0.9942363112391932,638.5100286532951,696,1.0,0.0014347202295552368,454.8621291448517,2.3263525305410124,338.7130434782609,1148,7.0,0.006060606060606061,707.3160305343512,3.804580152671756,659.2671755725191,1310,6.0,0.004559270516717325,672.7739726027397,2.616438356164384,467.1724137931034,582,4.0,0.006825938566552901,593.6132075471698,3.0943396226415096,350.091743119266,215,3.0,0.013761467889908258,438.76056338028167,3.335211267605634,371.6292134831461,711,1.0,0.0014044943820224719,523.0366492146596,2.62478184991274,645.5459272097054,1150,12.0,0.010327022375215147,464.798347107438,3.196694214876033,459.3168316831683,1211,11.0,0.00900163666121113,490.0498177399757,1.8639125151883356,339.83009708737865,1647,10.0,0.006035003017501509,1607.2441140024782,9.7001239157373,1563.6724782067247,1610,100.0,0.05847953216374269,877.9778270509978,3.4855875831485585,915.49889135255,1804,19.0,0.010422380691168404,476.8494077834179,2.206429780033841,451.9256756756757,1183,5.0,0.004208754208754209,439.1450549450549,1.3604395604395605,664.8791208791209,910,10.0,0.010869565217391304,497.3941368078176,2.1335504885993486,491.3355048859935,614,2.0,0.003246753246753247,843.5146443514644,4.046025104602511,907.0588235294116,477,3.0,0.00625,539.7237715803453,2.6308100929614877,503.150867823765,1502,15.0,0.00988793671720501,494.68531468531467,2.009324009324009,463.4823529411765,854,9.0,0.010428736964078795,835.8139534883721,3.789329685362517,738.5869565217391,1467,12.0,0.008113590263691683,728.1885856079405,2.568238213399504,520.4444444444445,808,3.0,0.0036991368680641184,719.7882037533512,2.954423592493298,670.8222811671087,750,3.0,0.00398406374501992,567.3280423280423,2.272486772486773,645.4736842105264,758,8.0,0.010443864229765013,1702.5096952908586,8.612188365650969,859.5543175487466,720,10.0,0.0136986301369863,500.42194092827,1.7229254571026722,735.3155680224404,1424,9.0,0.00628053035589672,495.81589958159,1.6317991631799162,659.4979079497908,478,3.0,0.006237006237006237,541.5148514851485,3.184818481848185,385.4071661237785,610,4.0,0.006514657980456026,460.82706766917295,2.9511278195488724,662.5095057034221,529,4.0,0.0075046904315197,433.7837837837838,1.423423423423423,669.1891891891892,888,7.0,0.00782122905027933,184.5968169761273,1.1883289124668437,292.1808510638298,753,10.0,0.01310615989515072,402.8571428571428,5.477443609022556,413.0075187969925,532,2.0,0.003745318352059925,287.8481012658228,3.172995780590717,292.65822784810126,474,1.0,0.002105263157894737
118,202404,28,676.155294117647,4.802352941176471,592.8671328671329,854,13.0,0.014994232987312572,2591.7474662162163,5.767736486486487,2539.5454545454545,2372,155.0,0.06133755441234666,961.7369727047146,2.456575682382134,830.631970260223,1613,18.0,0.011036174126302882,811.0794701986755,4.258278145695364,673.0434782608696,1202,7.0,0.005789909015715467,823.4254143646409,1.425414364640884,1017.8393351800554,723,6.0,0.00823045267489712,874.5780089153046,3.49777117384844,435.0892857142857,1345,14.0,0.010301692420897719,698.2108667529108,3.0310478654592496,740.5692108667529,1546,10.0,0.006426735218508998,678.2178217821782,4.2772277227722775,507.4342105263158,607,15.0,0.024115755627009645,1396.530612244898,0.5612244897959183,1498.1443298969073,195,2.0,0.01015228426395939,813.4883720930233,4.0488372093023255,737.7622377622378,859,5.0,0.005787037037037037,1385.7503671071952,4.126284875183553,1331.1834319526629,1357,45.0,0.03209700427960057,762.3781763826607,3.133034379671151,784.311377245509,1337,6.0,0.004467609828741623,1012.9209726443768,5.069908814589666,909.969604863222,1974,12.0,0.006042296072507553,1064.3344017094016,3.639957264957265,975.5705196182396,1879,31.0,0.016230366492146597,826.885363357216,3.083930399181167,847.6297049847406,1960,16.0,0.008097165991902834,908.2331838565024,2.12406576980568,866.1997019374069,1340,14.0,0.0103397341211226,1054.8,1.6244444444444444,1140.5333333333333,900,20.0,0.021739130434782608,1969.9484536082475,5.922680412371134,1953.3846153846157,778,7.0,0.008917197452229299,898.6708860759494,3.4936708860759493,1107.8233438485804,633,6.0,0.009389671361502348,788.8455640744797,2.2464403066812704,969.4633077765608,1826,31.0,0.01669359181475498,769.0526315789474,1.2701754385964912,872.041884816754,1143,12.0,0.01038961038961039,1556.7494356659142,3.7200902934537248,1217.607223476298,1772,18.0,0.01005586592178771,721.7463617463618,1.501039501039501,779.75,961,6.0,0.0062047569803516025,1064.5878787878787,3.139393939393939,951.5409836065572,983,24.0,0.023833167825223437,631.317880794702,2.2229580573951435,641.6407982261641,904,12.0,0.013100436681222707,1275.230936819172,6.209150326797386,1023.6923076923076,914,22.0,0.023504273504273504,725.4054404145078,1.2759067357512954,794.8253557567917,1545,20.0,0.012779552715654952,737.2363636363636,1.5818181818181818,809.8901098901099,548,13.0,0.023172905525846704,821.7982708933718,2.5360230547550437,611.5451895043732,690,3.0,0.004329004329004329,912.2373887240356,1.6231454005934718,1386.765578635015,674,7.0,0.010279001468428781,612.0637860082304,1.5267489711934157,580.4106776180698,973,6.0,0.006128702757916241,438.3800539083558,1.0808625336927224,487.0935828877005,745,4.0,0.0053404539385847796,653.6395759717315,3.34982332155477,444.7183098591549,567,2.0,0.0035149384885764497,691.4529914529915,3.683760683760684,582.8571428571429,701,6.0,0.008486562942008486
119,202404,29,478.0,2.9,549.3126385809313,901,4.0,0.004419889502762431,1324.969522240527,4.912685337726524,1264.5544554455446,2426,70.0,0.028044871794871796,715.8385481852315,2.3479349186483103,659.625468164794,1600,12.0,0.007444168734491315,891.3227424749164,3.705685618729097,748.7437185929648,1195,11.0,0.00912106135986733,675.1994219653179,1.5635838150289016,773.0635838150289,692,7.0,0.010014306151645207,425.3994293865906,2.407988587731812,549.6,1401,11.0,0.007790368271954674,568.0012836970475,3.27214377406932,539.386189258312,1561,2.0,0.0012795905310300703,440.4123376623377,3.996753246753247,588.7012987012987,616,6.0,0.00964630225080386,460.5263157894737,0.3421052631578947,455.3571428571428,226,0.0,0.0,643.8724373576309,5.5125284738041005,533.3181818181819,879,4.0,0.004530011325028313,584.8672566371681,4.057522123893805,1107.3529411764705,1358,16.0,0.011644832605531296,513.0509745127437,2.6176911544227885,496.16766467065867,1335,8.0,0.005956813104988831,492.79004975124377,1.2746268656716415,664.5508982035929,2007,2.0,0.0009955201592832255,586.6832814122533,2.554517133956386,610.0352697095435,1927,9.0,0.0046487603305785125,582.1679920477137,2.710735586481113,589.9900695134062,2013,16.0,0.007885657959586003,653.4533715925395,2.0817790530846483,610.7044476327117,1394,3.0,0.0021474588403722263,784.1056179775281,1.939325842696629,634.421768707483,886,4.0,0.0044943820224719105,764.9261083743843,1.5541871921182266,979.7542997542996,813,10.0,0.012150668286755772,583.6685878962536,4.599423631123919,502.5433526011561,693,2.0,0.0028776978417266188,587.3411764705883,2.9058823529411764,686.5879828326181,1867,19.0,0.01007423117709438,743.5456110154905,3.287435456110155,841.2435233160621,1160,7.0,0.005998286203941731,1266.079295154185,3.44273127753304,967.805953693495,1815,32.0,0.017325392528424473,537.4020618556701,2.48659793814433,451.60493827160496,971,3.0,0.003080082135523614,679.8778947368421,3.3221052631578947,810.4318658280922,952,11.0,0.01142263759086189,502.64642082429503,2.7483731019522777,633.1887201735358,922,16.0,0.017057569296375266,555.8086021505376,2.120430107526882,685.3648068669528,931,13.0,0.013771186440677966,816.2201834862385,1.27653997378768,564.6133682830931,1526,5.0,0.0032658393207054214,373.66336633663366,1.062706270627063,500.328947368421,607,2.0,0.003284072249589491,529.3950953678474,3.329700272479564,533.9673913043479,735,2.0,0.0027137042062415195,663.7289156626506,1.5090361445783131,891.3513513513514,665,6.0,0.00894187779433681,521.6617954070981,1.7828810020876826,568.9397089397089,960,3.0,0.003115264797507788,396.6428571428572,1.9814814814814812,304.16,753,11.0,0.014397905759162303,450.3157894736842,3.1298245614035087,354.3157894736842,570,2.0,0.0034965034965034965,582.2337662337662,6.296103896103896,691.3989637305699,771,5.0,0.006443298969072165
120,202404,30,1343.943925233645,12.848130841121495,899.1469194312796,850,17.0,0.0196078431372549,701.4381443298969,2.689003436426117,834.1902313624679,2331,28.0,0.011869436201780416,487.19350282485874,2.8771186440677967,537.6955903271693,1411,9.0,0.006338028169014085,841.2667946257197,3.5220729366602685,679.8461538461538,1041,6.0,0.0057306590257879654,683.8853503184713,2.4012738853503186,787.4050632911392,630,3.0,0.004739336492890996,557.5963020030816,3.973805855161787,394.43343653250776,1295,14.0,0.0106951871657754,305.74676258992804,3.264748201438849,229.0751445086705,1387,5.0,0.0035919540229885057,761.362676056338,2.704225352112676,527.6595744680851,566,7.0,0.012216404886561954,613.6842105263158,2.087719298245614,442.4347826086956,229,1.0,0.004347826086956522,479.7163120567376,4.5177304964539005,489.2307692307692,852,8.0,0.009302325581395349,390.75949367088606,2.231012658227848,482.8571428571428,1262,11.0,0.00864100549882168,797.4288164665523,3.608919382504288,416.39794168096057,1166,6.0,0.005119453924914676,421.7252396166134,1.6677316293929711,398.3974358974359,1875,2.0,0.0010655301012253596,506.81890660592256,3.334851936218679,517.2177879133409,1755,6.0,0.0034071550255536627,546.5310853530032,1.916754478398314,516.1764705882352,1901,17.0,0.008863399374348279,648.8510971786834,1.9357366771159876,339.56043956043953,1275,9.0,0.007009345794392523,638.1349397590361,2.183132530120482,704.0,835,4.0,0.004767580452920143,407.258064516129,1.075268817204301,650.3225806451613,744,8.0,0.010638297872340425,298.05825242718447,3.831715210355987,247.5728155339806,618,3.0,0.004830917874396135,456.0998810939358,2.583828775267538,452.1916167664671,1676,7.0,0.0041592394533571005,372.5979381443299,2.845360824742268,520.0413223140496,969,11.0,0.011224489795918367,722.443113772455,3.5161676646706588,640.573476702509,1672,12.0,0.007125890736342043,449.8359550561798,1.2157303370786516,430.5567928730512,894,7.0,0.00776914539400666,612.7939814814815,2.178240740740741,743.863425925926,864,9.0,0.010309278350515464,391.6256157635468,2.2019704433497536,337.002457002457,813,10.0,0.012150668286755772,634.3977011494253,2.698850574712644,554.8267898383372,868,6.0,0.006864988558352402,405.06666666666666,1.6814814814814816,606.9705882352941,1355,3.0,0.0022091310751104565,568.2608695652174,2.181159420289855,493.1182795698925,555,2.0,0.003590664272890485,338.42900302114805,2.9697885196374623,576.6467065868263,665,6.0,0.00894187779433681,356.8536585365854,2.097560975609756,584.7422680412371,578,5.0,0.008576329331046312,640.2299741602067,2.6330749354005167,704.4502617801047,769,6.0,0.007741935483870968,259.5099150141643,1.1643059490084986,267.45762711864404,707,4.0,0.005625879043600563,340.8,3.4363636363636365,390.6521739130435,551,4.0,0.007207207207207207,1067.4093264248704,8.191709844559586,1234.308093994778,769,6.0,0.007741935483870968
121,202405,1,434.9375,2.601851851851852,346.651376146789,868,9.0,0.010262257696693273,708.774936061381,3.3972719522591643,858.3631713554987,2346,13.0,0.005510809665112336,546.8899204244032,2.96684350132626,620.1063829787234,1506,4.0,0.0026490066225165563,470.5142857142857,2.6552380952380954,588.4790874524715,1051,1.0,0.0009505703422053232,400.4907975460123,0.8865030674846626,398.1987577639752,648,6.0,0.009174311926605505,739.018154311649,2.8350983358547657,615.7511380880121,1320,9.0,0.006772009029345372,784.3540197461213,3.724964739069112,701.8899858956277,1418,12.0,0.008391608391608392,516.1107382550335,3.604026845637584,477.9865771812081,596,4.0,0.006666666666666667,584.4,0.6260869565217392,511.3043478260869,230,1.0,0.004329004329004329,404.7597254004577,3.620137299771167,676.4896073903002,870,4.0,0.004576659038901602,397.7570093457944,2.646417445482866,569.6703296703297,1279,6.0,0.004669260700389105,703.725,3.534375,613.4579439252336,1282,5.0,0.003885003885003885,398.6287234042553,0.9595744680851064,235.10074231177092,1883,6.0,0.0031762837480148226,490.5627081021088,4.548279689234184,497.13230429988977,1808,16.0,0.008771929824561403,555.846949327818,1.548086866597725,530.5424769703174,1944,5.0,0.002565418163160595,422.0644171779141,1.8819018404907972,551.870170015456,1299,7.0,0.005359877488514548,666.8665048543689,3.766990291262136,796.3768115942029,826,2.0,0.0024154589371980675,1228.654353562005,3.1846965699208445,1004.6437994722957,758,9.0,0.011734028683181226,359.41368078175896,3.192182410423453,415.1298701298701,615,2.0,0.0032414910858995136,480.4268727705113,2.4482758620689653,704.7517730496454,1687,16.0,0.009395184967704051,437.71894093686353,1.5213849287169043,449.3877551020408,981,2.0,0.002034587995930824,671.1084905660377,2.758254716981132,583.2590855803048,1701,16.0,0.009318578916715201,546.3304157549234,1.6564551422319476,513.568281938326,911,2.0,0.002190580503833516,385.5821917808219,2.3607305936073057,304.2741935483871,872,6.0,0.00683371298405467,418.4579439252336,2.1238317757009346,315.38823529411764,853,19.0,0.021788990825688075,458.3825503355704,1.7539149888143175,497.2972972972973,891,3.0,0.003355704697986577,468.0492040520984,1.2214182344428364,712.2383720930233,1379,6.0,0.004332129963898917,438.1294964028777,1.3201438848920863,700.8602150537635,557,1.0,0.0017921146953405018,438.1783625730994,2.254385964912281,496.9911504424779,681,6.0,0.008733624454148471,419.2371134020619,2.237113402061856,517.5,579,10.0,0.01697792869269949,548.7692307692307,1.6564102564102563,872.4489795918367,782,4.0,0.005089058524173028,300.2853185595568,1.5706371191135735,231.83333333333331,721,5.0,0.006887052341597796,913.1386861313867,6.153284671532846,536.7391304347826,550,1.0,0.0018148820326678765,731.8441558441558,4.535064935064935,535.0387596899225,772,4.0,0.005154639175257732
122,202405,2,1089.68903803132,3.941834451901566,1108.8641425389756,896,18.0,0.019693654266958426,1301.6796036333608,2.61271676300578,1398.099173553719,2421,158.0,0.061264055835595195,1208.3498759305212,2.286600496277916,1097.089552238806,1610,50.0,0.030120481927710843,1087.9541734860884,3.358428805237316,976.6394779771616,1224,31.0,0.024701195219123506,1422.8818443804034,4.276657060518732,1422.1387283236995,693,30.0,0.04149377593360996,800.0924608819346,2.7197724039829305,820.5957446808511,1408,13.0,0.009148486980999296,609.7155612244898,3.127551020408163,677.1647509578544,1567,25.0,0.015703517587939697,1039.6818181818182,4.204545454545454,744.7058823529412,614,7.0,0.011272141706924315,638.5084745762712,0.5677966101694916,495.126050420168,237,2.0,0.008368200836820083,840.2739726027397,3.6940639269406392,718.6425339366516,880,19.0,0.021134593993325918,5911.788079470199,30.60927152317881,5905.846153846154,1189,740.0,0.383618455158113,1148.739520958084,3.538922155688623,1188.4131736526947,1336,18.0,0.013293943870014771,931.9153386454184,0.947211155378486,834.4965104685942,2007,27.0,0.01327433628318584,833.2965299684543,2.8201892744479493,956.2839248434238,1909,51.0,0.026020408163265306,2483.441087613293,9.957703927492448,2455.544252288912,1976,132.0,0.06261859582542695,1103.604075691412,1.5851528384279476,765.1734104046243,1379,31.0,0.02198581560283688,1225.132075471698,1.0683962264150944,958.870588235294,849,14.0,0.016222479721900347,1735.1679197994988,4.157894736842105,1600.0,795,75.0,0.08620689655172414,1888.695652173913,9.994202898550723,2542.8739002932552,686,11.0,0.015781922525107604,1071.1275455519828,2.6484458735262595,1053.7659574468084,1873,33.0,0.017313746065057714,1146.5625,1.8420138888888888,950.1213171577124,1153,17.0,0.01452991452991453,1625.968992248062,5.21483942414175,1050.3311258278145,1809,41.0,0.02216216216216216,1056.8377823408623,1.6611909650924024,708.639175257732,972,14.0,0.014198782961460446,1325.2995780590718,3.352320675105485,1034.5678496868477,953,88.0,0.0845341018251681,1139.9118236472946,2.404809619238477,822.4949698189134,996,43.0,0.04138594802694899,1497.2898230088497,3.9668141592920354,1338.2875816993464,911,60.0,0.061791967044284246,1241.7877604166667,2.1744791666666665,1036.649214659686,1532,23.0,0.014790996784565916,949.3645484949832,0.9565217391304348,917.658862876254,598,10.0,0.01644736842105263,1101.1593406593406,2.1950549450549453,1011.945205479452,729,23.0,0.030585106382978722,875.7407407407408,2.925925925925926,831.640866873065,647,15.0,0.022658610271903322,973.7444933920704,1.3590308370044053,931.2582781456954,907,17.0,0.0183982683982684,670.2958115183246,1.869109947643979,581.8324607329843,764,14.0,0.017994858611825194,1401.6842105263158,5.473684210526316,872.5174825174826,571,3.0,0.005226480836236934,920.3174603174604,4.063492063492063,1027.9895561357705,761,21.0,0.026854219948849106
123,202405,3,821.8666666666667,2.631111111111111,740.7538802660754,901,17.0,0.018518518518518517,1262.9264705882354,6.381535947712418,1070.1228501228502,2445,99.0,0.03891509433962264,917.889303482587,2.68407960199005,831.1830635118306,1607,38.0,0.023100303951367782,515.9382303839733,2.684474123539232,446.8552412645591,1200,19.0,0.015586546349466776,1018.2507288629738,1.0466472303206995,1268.0,688,23.0,0.03234880450070324,707.3286516853933,2.682584269662921,829.0523338048091,1419,16.0,0.011149825783972125,678.6552162849873,2.6653944020356235,511.2944162436549,1574,14.0,0.008816120906801008,1014.0352564102564,2.852564102564102,549.3929712460064,625,1.0,0.001597444089456869,197.64705882352945,0.7394957983193278,109.83050847457628,237,5.0,0.02066115702479339,825.8744394618834,6.681614349775785,601.4932126696832,888,8.0,0.008928571428571428,2800.6234375,6.0640625,3781.950464396285,1286,514.0,0.28555555555555556,948.452380952381,3.4136904761904763,1073.1940298507463,1342,13.0,0.00959409594095941,567.5820895522388,1.4049751243781097,678.0,2015,31.0,0.015151515151515152,1122.6566077003122,4.960457856399584,1124.4322916666667,1921,31.0,0.015881147540983607,979.600397614314,2.162027833001988,913.1102362204724,2022,43.0,0.020823244552058112,587.6287769784172,2.302158273381295,662.1459227467811,1394,11.0,0.007829181494661922,856.25,1.3333333333333333,668.0930232558139,862,5.0,0.0057670126874279125,1402.14463840399,2.9650872817955114,1444.5,801,49.0,0.05764705882352941,474.0869565217391,3.27536231884058,694.6086956521739,690,3.0,0.004329004329004329,1145.827107790822,2.950907150480256,1095.752401280683,1874,18.0,0.009513742071881607,1124.6632124352332,1.9671848013816928,999.1394148020654,1160,9.0,0.007698887938408896,1425.4426229508197,3.960655737704918,1161.0295728368017,1828,15.0,0.008138903960933261,781.2345679012345,1.6090534979423867,663.9506172839506,972,9.0,0.009174311926605505,1018.1923890063424,4.551797040169133,1147.610993657505,946,74.0,0.07254901960784314,772.6004273504274,2.4722222222222223,623.8461538461538,936,38.0,0.039014373716632446,944.715811965812,3.275641025641025,675.4211663066955,931,29.0,0.030208333333333334,884.1199478487614,1.2881355932203389,752.2411533420708,1530,27.0,0.017341040462427744,647.5247524752475,2.435643564356436,804.5544554455446,606,6.0,0.00980392156862745,1364.215258855586,2.787465940054496,1174.9180327868853,733,28.0,0.03679369250985545,1034.1748466257668,2.131901840490797,1006.2538699690402,649,11.0,0.016666666666666666,1070.889370932755,2.284164859002169,879.2608695652174,921,7.0,0.007543103448275862,650.2953367875648,2.062176165803109,684.1558441558442,771,14.0,0.017834394904458598,439.578947368421,2.9017543859649124,589.4736842105264,570,3.0,0.005235602094240838,645.2741514360313,3.6135770234986944,507.7402597402597,768,8.0,0.010309278350515464
124,202405,4,612.9671717171717,3.4545454545454546,614.3877551020408,788,3.0,0.0037926675094816687,915.2396313364056,3.2746543778801844,918.5343228200372,2163,60.0,0.02699055330634278,791.2265512265512,3.2337662337662336,542.077922077922,1386,19.0,0.013523131672597865,700.5439330543933,2.679916317991632,497.25,958,13.0,0.013388259526261586,684.2815249266862,1.3196480938416422,861.2790697674419,685,5.0,0.007246376811594203,699.7923875432526,3.121107266435986,787.3082191780821,1162,16.0,0.013582342954159592,559.2383808095952,2.4047976011994003,608.4939759036145,1331,6.0,0.004487658937920718,642.2448979591836,3.622448979591837,542.2525597269624,587,3.0,0.005084745762711864,262.3636363636364,0.2909090909090909,150.26548672566372,223,2.0,0.008888888888888889,1086.3687150837989,3.150837988826816,1014.6518105849582,717,13.0,0.01780821917808219,611.1032028469751,2.991103202846975,531.7750439367311,1131,155.0,0.12052877138413685,2207.137417218543,4.567880794701987,2345.662251655629,1208,51.0,0.04050833995234313,487.1272727272727,1.7842424242424242,412.4546553808948,1652,14.0,0.008403361344537815,491.0521212121212,3.223030303030303,618.5606796116505,1649,22.0,0.013165769000598444,1843.0832420591455,9.474260679079956,2039.934065934066,1823,20.0,0.010851871947911014,898.010067114094,3.486577181208053,727.5250836120401,1194,2.0,0.0016722408026755853,474.3448275862069,1.3816091954022989,729.815668202765,869,6.0,0.006857142857142857,846.7105263157895,3.388157894736842,526.6887417218543,606,34.0,0.053125,851.2970711297071,2.98326359832636,812.8870292887029,478,4.0,0.008298755186721992,858.1176470588235,3.4535947712418302,573.8441215323646,1522,6.0,0.003926701570680628,444.56470588235294,2.0988235294117645,581.6037735849056,849,10.0,0.011641443538998836,1236.8108108108108,7.002702702702703,850.281124497992,1487,11.0,0.007343124165554072,505.990099009901,2.2202970297029703,560.8955223880597,806,7.0,0.008610086100861008,1013.4084880636605,5.43501326259947,1123.2105263157894,757,23.0,0.029487179487179487,957.6143958868896,3.4910025706940875,805.6919060052219,772,8.0,0.010256410256410256,925.4345403899722,2.5682451253481893,641.2694444444444,719,13.0,0.017759562841530054,748.9772727272727,2.7045454545454546,658.5531914893617,1409,16.0,0.011228070175438596,526.9456066945606,2.97489539748954,635.6485355648535,478,0.0,0.0,1691.1378205128206,4.121794871794871,1024.6153846153843,624,23.0,0.03554868624420402,645.9230769230769,2.5923076923076924,782.9885057471264,521,2.0,0.0038240917782026767,471.7535545023697,1.627962085308057,426.6983372921615,843,5.0,0.00589622641509434,557.7967479674796,3.815718157181572,487.35694822888286,736,9.0,0.012080536912751677,311.59090909090907,2.977272727272727,414.33962264150944,529,5.0,0.009363295880149813,996.3559322033898,4.322033898305085,565.4621848739496,474,6.0,0.0125
125,202405,5,1876.3636363636365,4.159090909090909,1437.438202247191,885,12.0,0.013377926421404682,1044.8810900082576,4.041288191577209,1047.2727272727273,2421,93.0,0.03699284009546539,1211.9449311639548,3.002503128911139,1049.168765743073,1593,32.0,0.019692307692307693,866.8184764991896,2.7974068071312805,843.3116883116883,1233,18.0,0.014388489208633094,1076.7305555555556,1.0277777777777777,1177.685950413223,723,25.0,0.03342245989304813,1535.404411764706,3.892647058823529,1000.6573116691284,1357,4.0,0.0029390154298310064,1054.393272962484,4.314359637774903,1064.3444730077122,1551,15.0,0.009578544061302681,1161.6893203883494,3.9902912621359214,1072.4271844660195,618,7.0,0.0112,440.37735849056605,0.5471698113207547,142.5,210,2.0,0.009433962264150943,1157.5172413793102,6.4735632183908045,1150.8837209302326,865,13.0,0.014806378132118452,2930.6820276497697,6.620583717357911,3746.151468315301,1298,508.0,0.2812846068660022,1040.324364723468,4.041853512705531,979.7593984962406,1334,19.0,0.014042867701404288,1113.0090725806451,3.069556451612903,1052.6996966632962,1981,33.0,0.01638530287984111,1235.8859275053303,4.88272921108742,1079.0405117270789,1876,44.0,0.022916666666666665,1083.064089521872,2.103763987792472,1056.7878787878788,1973,18.0,0.009040683073832245,1017.7191176470589,3.7176470588235295,970.4270986745214,1359,13.0,0.009475218658892129,951.0904872389792,1.3039443155452437,847.2055427251732,864,9.0,0.010309278350515464,999.5876288659794,2.775773195876289,1140.7772020725388,774,38.0,0.046798029556650245,1396.7619047619048,2.726984126984127,841.3375796178344,629,2.0,0.003169572107765452,1138.3501094091905,3.850109409190372,1255.6446370530878,1837,10.0,0.005414185165132647,2098.624338624338,6.222222222222222,2065.925925925926,1134,7.0,0.006134969325153374,1494.7118644067796,3.386440677966102,1176.1764705882354,1769,14.0,0.007851934941110488,837.4020618556701,2.3958762886597937,900.0,968,5.0,0.0051387461459403904,1111.394683026585,6.523517382413088,906.0224948875256,978,70.0,0.06679389312977099,906.1277890466532,2.713995943204868,864.8192771084338,991,26.0,0.025565388397246803,999.997840172786,3.2915766738660905,983.4313725490196,922,39.0,0.04058272632674298,1077.421875,1.8359375,1161.1673151750972,1539,31.0,0.019745222929936305,1249.8194945848377,3.3646209386281587,1508.6642599277975,554,5.0,0.008944543828264758,1224.0028169014086,4.861971830985915,1172.6966292134832,711,7.0,0.009749303621169917,1265.153374233129,3.549079754601227,1306.851851851852,650,10.0,0.015151515151515152,846.4516129032259,1.49247311827957,1160.301724137931,929,15.0,0.015889830508474576,475.2958904109589,2.246575342465753,402.3433242506812,732,15.0,0.020080321285140562,1854.5070422535207,6.714788732394366,792.3776223776224,570,7.0,0.012131715771230503,1011.3559322033898,4.796610169491525,902.7272727272727,706,2.0,0.002824858757062147
126,202405,6,736.7070484581498,3.365638766519824,780.6637168141593,906,13.0,0.014145810663764961,1017.5856,3.6112,1022.9736211031176,2501,41.0,0.016129032258064516,1020.5680100755668,2.863979848866499,1012.6607818411096,1587,5.0,0.00314070351758794,1451.5,4.523333333333333,1036.1538461538462,1198,11.0,0.009098428453267164,904.3859649122808,0.8596491228070176,1004.2105263157896,684,6.0,0.008695652173913044,881.155462184874,3.3403361344537816,664.6218487394958,1428,8.0,0.005571030640668524,944.3010204081633,4.056122448979592,1052.455242966752,1566,45.0,0.027932960893854747,754.2037037037037,5.450617283950617,674.2592592592592,648,4.0,0.006134969325153374,534.104347826087,0.9739130434782608,403.1578947368421,229,3.0,0.01293103448275862,773.7414965986394,5.167800453514739,604.9202733485193,880,10.0,0.011235955056179775,806.7362146050671,2.7242921013412817,1060.5621301775147,1347,56.0,0.03991446899501069,1227.9303703703704,4.54962962962963,1103.2058823529412,1355,13.0,0.009502923976608187,753.430966469428,1.6252465483234717,678.6758893280632,2026,14.0,0.006862745098039216,3941.313978494624,7.301075268817204,3566.214285714286,1868,156.0,0.07707509881422925,874.9193227091633,2.6673306772908365,1002.8741328047572,2013,18.0,0.008862629246676515,886.997171145686,2.330975954738331,975.0628571428572,1407,11.0,0.007757404795486601,678.2884615384615,1.8245192307692308,714.635294117647,841,5.0,0.00591016548463357,1010.9181141439204,1.337468982630273,1114.5,803,7.0,0.008641975308641974,897.8608695652174,4.426086956521739,1097.1929824561405,687,9.0,0.01293103448275862,1006.477659574468,3.4382978723404256,998.8008565310492,1874,30.0,0.015756302521008403,1248.041237113402,2.719931271477664,1286.896551724138,1162,9.0,0.007685738684884714,1810.4835164835165,5.102197802197802,1195.0549450549452,1820,27.0,0.014618299945858148,1137.327935222672,2.4959514170040484,1204.5121951219512,986,18.0,0.017928286852589643,1358.3513513513512,4.927234927234927,1379.1095041322317,965,11.0,0.011270491803278689,770.301724137931,2.6336206896551726,787.4518201284797,931,9.0,0.009574468085106383,2483.844210526316,15.804210526315789,1234.403805496829,948,12.0,0.0125,831.1053315994799,2.400520156046814,1014.67362924282,1535,11.0,0.0071151358344113845,1124.6105610561056,2.551155115511551,1453.6,603,11.0,0.017915309446254073,1362.9234972677596,5.371584699453552,1235.0819672131147,732,6.0,0.008130081300813009,938.9376947040498,2.3769470404984423,1025.8307210031348,640,7.0,0.010819165378670788,657.3451327433628,2.0132743362831858,793.7254901960785,911,1.0,0.0010964912280701754,1019.328804347826,2.8559782608695654,1038.344262295082,734,19.0,0.025232403718459494,1222.5263157894738,5.287719298245614,707.4125874125874,571,4.0,0.006956521739130435,851.8441558441558,5.249350649350649,777.5064935064935,770,8.0,0.010282776349614395
127,202405,7,1172.8938679245282,4.648584905660377,986.7906976744188,854,39.0,0.043673012318029114,940.85690515807,2.2587354409317806,938.218151540383,2403,29.0,0.011924342105263159,1321.714854111406,3.049071618037136,1229.9597315436242,1499,22.0,0.014464168310322156,1294.2690058479532,3.7777777777777777,1376.7315175097276,1027,82.0,0.0739404869251578,746.8849840255591,0.6357827476038339,921.0862619808308,626,8.0,0.012618296529968454,1103.9819004524886,2.51131221719457,825.722891566265,1327,23.0,0.017037037037037038,939.7189265536724,3.5084745762711864,909.4334277620396,1414,12.0,0.008415147265077139,1261.529605263158,3.3453947368421053,1214.7058823529412,610,5.0,0.008130081300813009,1041.8508771929824,1.3421052631578947,488.6607142857143,226,0.0,0.0,1265.9722222222222,3.5046296296296298,1001.5172413793103,867,6.0,0.006872852233676976,991.658767772512,3.126382306477093,975.4015748031496,1268,15.0,0.011691348402182385,1137.1780821917807,4.433789954337899,1054.559270516717,1315,23.0,0.0171898355754858,773.7525987525987,0.9553014553014552,661.5576323987539,1925,13.0,0.006707946336429308,2399.8922716627635,4.792740046838407,2177.3519163763067,1715,131.0,0.07096424702058506,5629.768,13.269714285714286,5195.285880980164,1732,495.0,0.22227211495285137,1429.3549848942598,2.794561933534743,1236.0849772382398,1321,59.0,0.042753623188405795,594.5038167938932,1.0865139949109417,700.6106870229007,786,10.0,0.01256281407035176,994.7872340425532,1.449468085106383,1141.9098143236074,753,10.0,0.01310615989515072,2072.3703703703704,9.75084175084175,2693.4,597,57.0,0.0871559633027523,1086.86013986014,3.297202797202797,826.5964912280701,1713,23.0,0.013248847926267281,995.3658536585366,1.9369918699186992,896.8163265306123,982,17.0,0.01701701701701702,1320.4988123515438,3.669833729216152,865.6939501779359,1685,24.0,0.014043300175541252,779.6017699115044,2.634955752212389,847.3522975929978,909,18.0,0.019417475728155338,1123.7437070938215,3.1784897025171626,1319.4495412844035,873,37.0,0.04065934065934066,1999.1853658536584,8.91219512195122,1643.065693430657,821,61.0,0.0691609977324263,1521.5272727272727,1.9954545454545451,1947.052036199095,882,48.0,0.05161290322580645,986.7057971014492,1.673913043478261,1008.8534107402032,1379,15.0,0.010760401721664276,1087.608695652174,1.1594202898550725,1391.6129032258063,555,7.0,0.012455516014234875,1252.4912790697674,2.927325581395349,902.4489795918367,687,13.0,0.018571428571428572,988.3216783216784,2.695804195804196,1032.9616724738676,573,7.0,0.01206896551724138,939.560773480663,1.1546961325966851,1119.3905817174516,723,3.0,0.004132231404958678,395.3941176470588,2.4088235294117646,290.850439882698,681,5.0,0.007288629737609329,856.6187050359712,2.946043165467626,848.2014388489208,556,3.0,0.005366726296958855,1170.9473684210527,3.4657894736842105,1061.151832460733,762,18.0,0.023076923076923078
128,202405,8,1259.9615384615386,3.778280542986425,1528.299319727891,883,11.0,0.012304250559284116,1564.7724306688417,5.290375203915171,1401.4897792313982,2449,26.0,0.010505050505050505,937.2526455026456,3.0753968253968256,664.1379310344828,1510,10.0,0.006578947368421052,987.74,3.4527272727272726,877.4452554744526,1098,12.0,0.010810810810810811,1230.3091482649843,2.006309148264984,1011.4826498422711,634,10.0,0.015527950310559006,2706.830015313936,5.828483920367535,1765.084226646248,1306,16.0,0.012102874432677761,566.83540802213,2.092669432918396,717.5034674063801,1444,2.0,0.0013831258644536654,1670.9592476489029,5.053291536050157,1812.830188679245,637,13.0,0.02,1405.878260869565,0.8956521739130435,1161.9130434782608,230,3.0,0.012875536480686695,1811.2072892938495,4.612756264236902,1843.1121281464527,876,23.0,0.025583982202447165,974.6543778801844,2.531490015360983,943.2515337423312,1303,11.0,0.00837138508371385,4034.23839009288,13.503095975232196,3735.6438791732903,1275,142.0,0.10021171489061398,1040.7569803516028,4.961737331954499,838.5831622176592,1941,15.0,0.007668711656441718,905.825221238938,2.53429203539823,844.1860465116279,1807,21.0,0.011487964989059081,1834.1871820956253,3.4425228891149544,1587.4647887323945,1977,51.0,0.02514792899408284,1357.418262150221,1.855670103092784,1105.7771260997067,1361,15.0,0.010901162790697675,1488.0997442455243,1.5754475703324808,1485.6122448979593,783,8.0,0.010113780025284451,1056.0629921259842,1.5669291338582678,952.3237597911228,764,12.0,0.015463917525773196,1091.016393442623,3.849180327868853,992.171052631579,609,4.0,0.0065252854812398045,872.093131548312,3.7951105937136207,754.375,1723,32.0,0.018233618233618232,757.6659959758551,2.543259557344064,691.2625250501002,996,9.0,0.008955223880597015,851.5029585798817,3.072189349112426,712.3584905660377,1693,27.0,0.015697674418604653,649.8283261802575,2.0493562231759657,494.056399132321,927,4.0,0.004296455424274973,2462.820399113082,14.993348115299336,2023.9910313901344,897,33.0,0.035483870967741936,1560.5080459770115,2.703448275862069,1039.2660550458716,871,13.0,0.014705882352941176,1735.868303571429,3.8794642857142856,1191.9642857142858,896,11.0,0.012127894156560088,1272.0652173913045,2.028985507246377,1147.1098265895953,1382,17.0,0.012151536812008578,687.0662020905924,1.2857142857142858,955.4006968641116,574,6.0,0.010344827586206896,1459.0261627906978,3.2674418604651163,1422.3631123919308,691,19.0,0.02676056338028169,802.0376712328767,2.606164383561644,1046.7123287671234,584,4.0,0.006802721088435374,1299.578804347826,1.880434782608696,1090.8943089430895,737,11.0,0.014705882352941176,441.67977528089887,1.8735955056179776,371.123595505618,712,10.0,0.013850415512465374,1147.741935483871,5.774193548387097,1084.270462633452,560,2.0,0.0035587188612099642,1967.580310880829,7.647668393782383,1539.21875,770,9.0,0.011553273427471117
129,202405,9,731.8421052631579,2.388157894736842,806.5054945054945,911,16.0,0.017259978425026967,3822.488764044944,5.421348314606742,3355.3056234718824,2473,140.0,0.053578262533486416,1526.7246558197746,3.1188986232790987,1316.8617683686175,1602,21.0,0.012939001848428836,1376.8626198083068,2.881789137380192,1168.5623003194887,1252,5.0,0.003977724741447892,2840.864457831325,1.6174698795180722,2947.6331360946747,670,48.0,0.06685236768802229,1280.1522048364154,2.1052631578947367,1171.5226628895184,1409,24.0,0.01674808094905792,791.0025284450063,2.2692793931731985,785.7503152585119,1584,16.0,0.01,1445.2987804878048,2.408536585365854,1152.923076923077,653,11.0,0.016566265060240965,658.5123966942149,0.8925619834710744,392.2689075630252,240,6.0,0.024390243902439025,1604.1255605381166,2.704035874439462,1773.8084632516704,895,18.0,0.019715224534501644,1714.8017621145375,4.052863436123348,1969.6642335766423,1366,42.0,0.029829545454545456,2315.0,3.0105263157894737,2042.3111111111111,1340,98.0,0.06815020862308763,5703.351814516129,12.046370967741936,5660.858638743455,1947,293.0,0.13080357142857144,1371.2455403987408,3.137460650577125,1262.5786163522012,1907,26.0,0.013450594930160372,1463.525641025641,4.321499013806706,1471.976401179941,2031,31.0,0.015033947623666343,1563.9018232819074,3.290322580645161,1151.1977715877438,1431,19.0,0.01310344827586207,2221.543209876543,1.6469135802469137,2022.962962962963,810,21.0,0.02527075812274368,2131.35,5.58,2235.860349127182,801,19.0,0.023170731707317073,1734.9122807017543,4.529239766081871,1854.369501466276,683,14.0,0.020086083213773313,1225.148936170213,2.9617021276595743,1108.792372881356,1884,33.0,0.017214397496087636,1135.890410958904,1.9486301369863013,960.9246575342464,1168,11.0,0.009329940627650551,1449.6923076923076,3.0538461538461537,1099.5394736842106,1822,36.0,0.0193756727664155,824.7272727272727,2.062626262626263,963.132530120482,993,2.0,0.0020100502512562816,2063.2413793103447,3.367139959432049,2349.388663967611,987,50.0,0.048216007714561235,2374.723404255319,3.227659574468085,1960.8,945,48.0,0.04833836858006042,1754.67714884696,2.3542976939203357,1733.5366876310272,954,13.0,0.01344364012409514,2370.528947368421,3.619736842105264,2224.736842105264,1520,60.0,0.0379746835443038,1463.5215946843855,1.8737541528239203,1663.5643564356435,604,6.0,0.009836065573770493,1519.7768595041323,2.283746556473829,1550.13698630137,728,35.0,0.045871559633027525,1140.3738317757009,2.4361370716510904,1440.5625,641,15.0,0.022865853658536585,2167.206496519721,2.2598607888631093,2216.527777777778,863,29.0,0.032511210762331835,544.4538043478261,2.3043478260869565,459.1869918699187,737,26.0,0.03407601572739188,1204.8251748251748,2.3531468531468533,1197.2631578947369,571,0.0,0.0,1073.953488372093,3.359173126614987,1052.236503856041,776,6.0,0.0076726342710997444
130,202405,10,1396.9168490153172,3.597374179431072,1420.0437636761487,914,13.0,0.014023732470334413,1465.1264090177133,2.36231884057971,1825.0717703349285,2496,69.0,0.026900584795321637,1187.6524466750311,2.948557089084065,943.718592964824,1593,19.0,0.011786600496277916,1058.7768595041323,3.571900826446281,1044.7231270358309,1219,11.0,0.00894308943089431,3436.3072289156626,1.7590361445783131,3261.784615384616,657,34.0,0.049204052098408106,1219.0099150141643,2.5736543909348444,1297.6533523537803,1407,27.0,0.01882845188284519,952.9570707070708,3.294191919191919,1081.964735516373,1586,12.0,0.007509386733416771,1809.186544342508,4.519877675840979,1700.6079027355622,656,15.0,0.022354694485842028,1305.3902439024391,0.4715447154471545,693.6747967479674,246,6.0,0.023809523809523808,1393.6912751677853,4.519015659955257,1494.1891891891892,891,15.0,0.016556291390728478,1558.4754335260116,3.8236994219653178,1785.1744186046512,1380,31.0,0.021970233876683204,1956.877551020408,6.239067055393586,2236.2518301610544,1369,35.0,0.02492877492877493,1551.0372608257803,1.4501510574018126,1779.7864077669904,2023,111.0,0.052014995313964384,1023.4104166666668,3.4322916666666665,1009.3416927899686,1917,24.0,0.012364760432766615,1129.9480392156863,1.8598039215686275,1189.2730844793714,2038,32.0,0.015458937198067632,1191.268907563025,1.7507002801120448,1307.3772791023844,1427,35.0,0.023939808481532147,3217.9950248756218,2.4079601990049757,3462.3880597014927,804,32.0,0.03827751196172249,1707.9704433497536,3.773399014778325,1694.4416873449131,809,10.0,0.01221001221001221,1177.9881656804737,3.322485207100592,1374.1420118343194,676,7.0,0.010248901903367497,1184.1235480464625,3.915522703273495,1017.2093023255812,1893,22.0,0.011488250652741514,909.4736842105264,1.8149405772495757,894.0715502555366,1176,13.0,0.010933557611438183,1417.6572361262242,2.4711643090315563,1123.5886214442014,1833,33.0,0.017684887459807074,1008.0241935483872,1.3387096774193548,885.9109311740891,990,10.0,0.01,1137.659229208925,2.162271805273834,1216.5426829268292,985,23.0,0.022817460317460316,1292.6808510638298,2.1212765957446806,1359.8275862068965,934,38.0,0.03909465020576132,1227.2587991718426,1.710144927536232,1277.7738589211615,965,9.0,0.009240246406570842,2679.96015936255,3.1699867197875164,2376.6129032258063,1497,70.0,0.04467134652201659,1387.6470588235295,2.633986928104575,1770.9803921568628,612,11.0,0.01765650080256822,1026.59891598916,3.409214092140921,1041.1144414168937,736,10.0,0.013404825737265416,1257.934984520124,2.5913312693498454,1200.55900621118,645,7.0,0.010736196319018405,4161.600938967136,3.068075117370892,3174.764150943396,850,55.0,0.06077348066298342,1400.9100257069408,2.38560411311054,1121.7994858611826,778,13.0,0.01643489254108723,1847.957746478873,5.109154929577465,1297.1830985915492,568,4.0,0.006993006993006993,865.78125,4.677083333333333,917.5647668393782,770,12.0,0.015345268542199489
131,202405,11,579.4506329113924,4.437974683544304,450.1530612244898,787,15.0,0.018703241895261846,1291.07563764292,3.676341248900616,1185.3580901856765,2268,36.0,0.015625,744.4596541786743,3.344380403458213,716.3688760806916,1388,1.0,0.0007199424046076314,615.8148893360161,2.263581488933601,452.1774193548387,993,2.0,0.0020100502512562816,617.7365269461078,1.374251497005988,667.6785714285714,670,12.0,0.017595307917888565,548.1521367521367,2.218803418803419,526.8813559322034,1175,2.0,0.0016992353440951572,585.1050295857988,2.794378698224852,724.3946188340807,1345,5.0,0.003703703703703704,602.8877887788778,2.4686468646864688,554.7019867549669,605,0.0,0.0,685.1785714285714,0.2589285714285714,484.69565217391306,227,2.0,0.008733624454148471,1061.1049723756903,4.284530386740332,1072.9120879120878,726,3.0,0.00411522633744856,572.5597269624574,2.4215017064846416,622.6146010186757,1175,11.0,0.00927487352445194,1315.4788273615636,2.8631921824104234,1746.3621533442088,1227,20.0,0.01603849238171612,497.122641509434,1.1132075471698113,617.5971731448764,1697,9.0,0.005275498241500586,651.5018315018315,3.330891330891331,619.7310513447433,1637,16.0,0.009679370840895343,731.9923747276688,1.9172113289760349,728.6368593238823,1835,19.0,0.010248112189859764,878.6939443535189,2.492635024549918,1011.3546798029556,1220,10.0,0.008130081300813009,841.1678832116788,1.997566909975669,1198.3902439024391,821,9.0,0.010843373493975903,504.2345276872964,2.1042345276872965,439.6753246753247,615,10.0,0.016,499.15966386554624,2.831932773109244,520.8403361344538,476,0.0,0.0,695.541450777202,2.6476683937823835,764.9022164276402,1539,9.0,0.005813953488372093,537.3549883990719,1.9443155452436196,785.668202764977,865,7.0,0.008027522935779817,664.6963562753036,2.815114709851552,658.2258064516129,1485,13.0,0.008678237650200267,650.8983050847457,1.791767554479419,649.3689320388349,825,1.0,0.0012106537530266344,614.265306122449,2.5510204081632653,491.6167512690356,786,3.0,0.0038022813688212928,512.8125,1.9375,290.87628865979383,772,4.0,0.005154639175257732,751.1532258064516,2.989247311827957,527.4866310160428,746,1.0,0.0013386880856760374,708.967468175389,1.8981612446958984,698.2203389830509,1415,11.0,0.007713884992987377,273.03643724696354,1.3076923076923077,672.4897959183673,492,7.0,0.014028056112224449,578.3853503184713,2.929936305732484,657.1428571428571,629,2.0,0.003169572107765452,670.0692307692308,2.3230769230769237,601.1450381679389,522,3.0,0.005714285714285714,617.1842751842752,2.601965601965602,1059.3103448275865,813,4.0,0.004895960832313341,480.29758713136727,1.648793565683646,617.0731707317074,742,29.0,0.03761348897535668,511.685393258427,3.157303370786517,610.561797752809,534,4.0,0.007434944237918215,909.170305676856,4.021834061135372,388.8311688311688,460,0.0,0.0
132,202405,12,579.9213483146067,3.7168539325842698,527.5446428571429,893,11.0,0.012168141592920354,3883.060414788097,13.856627592425609,3580.3992740471867,2211,643.0,0.2252978276103714,1185.1195928753182,2.60941475826972,1168.320610687023,1572,48.0,0.02962962962962963,1125.3821656050957,2.272292993630573,1092.933549432739,1245,11.0,0.00875796178343949,1330.08,1.0285714285714285,1090.6590257879657,699,24.0,0.03319502074688797,704.0693215339234,2.5132743362831858,842.4852071005918,1354,18.0,0.013119533527696793,794.2165605095541,2.1974522292993632,772.1673003802281,1574,15.0,0.009439899307740718,1569.3577981651376,4.17737003058104,963.4969325153374,653,5.0,0.007598784194528876,563.2758620689655,0.3189655172413793,599.4690265486726,229,4.0,0.017167381974248927,889.4117647058823,3.6357466063348416,833.4545454545455,882,16.0,0.017817371937639197,1450.35,5.769117647058824,1575.7941176470588,1360,66.0,0.04628330995792426,905.8081395348836,3.0334302325581395,973.2558139534884,1376,9.0,0.006498194945848376,759.2189349112426,0.7435897435897436,700.6889763779527,2030,15.0,0.007334963325183374,1153.4504310344828,6.495689655172414,1343.7299035369774,1861,47.0,0.024633123689727462,835.0929292929293,2.3070707070707077,895.2917505030181,1984,27.0,0.013426156141223273,986.593172119488,1.593172119487909,868.421052631579,1406,17.0,0.011946591707659873,1080.509708737864,1.412621359223301,1421.0144927536232,826,4.0,0.004819277108433735,1889.0526315789475,7.092105263157895,1746.031746031746,758,33.0,0.041719342604298354,1099.8076923076924,3.426282051282051,842.6923076923077,624,14.0,0.0219435736677116,971.0238611713664,2.459869848156182,885.5016181229773,1849,40.0,0.021175224986765485,750.5172413793103,1.3327586206896551,906.7125645438898,1161,11.0,0.00938566552901024,912.7272727272727,2.929292929292929,717.5084175084176,1782,14.0,0.0077951002227171495,749.9386503067485,1.1840490797546013,709.4908350305499,980,13.0,0.013091641490433032,1201.640873015873,2.626984126984127,1114.0637450199204,1006,43.0,0.04099142040038131,975.4797441364606,1.9829424307036247,1018.3333333333334,937,23.0,0.023958333333333335,1215.959051724138,2.5883620689655173,1096.8466522678186,927,62.0,0.06268958543983821,1008.562091503268,1.8352941176470587,839.6875,1533,26.0,0.01667735728030789,856.0142348754448,1.701067615658363,915.8007117437722,562,8.0,0.014035087719298246,720.5793871866296,2.4094707520891365,769.5,719,11.0,0.015068493150684932,834.5443425076453,2.492354740061162,753.4153846153846,652,12.0,0.018072289156626505,865.8102678571429,1.8303571428571428,1067.0666666666666,898,12.0,0.013186813186813187,594.7882037533512,1.6300268096514745,505.8510638297872,749,3.0,0.003989361702127659,894.972027972028,4.20979020979021,820.3484320557492,573,5.0,0.00865051903114187,791.5186246418339,5.166189111747851,853.179190751445,695,6.0,0.008559201141226819
133,202405,13,624.0043572984749,4.93681917211329,709.4117647058823,918,7.0,0.0075675675675675675,2065.1173633440512,3.665594855305466,2220.817307692308,2492,148.0,0.05606060606060606,1104.1738578680204,2.821065989847716,1114.469696969697,1580,36.0,0.022277227722772276,902.9493464052288,2.954248366013072,826.0327868852459,1222,17.0,0.013720742534301856,2523.7844311377244,9.823353293413174,2062.0958083832334,668,34.0,0.04843304843304843,912.937765205092,2.7298444130127297,729.7457627118644,1415,6.0,0.00422237860661506,751.3533834586466,2.4611528822055138,741.3584905660377,1593,10.0,0.006238303181534623,1045.878787878788,4.587878787878788,683.4545454545455,660,8.0,0.011976047904191617,1008.0,0.9338842975206612,523.8925619834711,242,8.0,0.032,1141.7567567567569,3.6981981981981984,1014.3370786516854,889,12.0,0.013318534961154272,4677.337559429477,28.020602218700475,4583.707317073171,1246,477.0,0.2768427161926872,1435.7373004354135,3.523947750362845,1530.3907380607816,1380,18.0,0.012875536480686695,1161.0873786407767,2.4388349514563106,912.9776915615906,2061,33.0,0.015759312320916905,861.9201680672269,4.629201680672269,1129.0115424973767,1905,23.0,0.011929460580912862,1758.0059405940594,3.1643564356435645,1550.4071499503475,2017,44.0,0.021348859776807377,1031.283519553073,2.0041899441340782,782.0746887966804,1439,23.0,0.01573187414500684,1822.997506234414,2.753117206982544,1564.1584158415842,805,7.0,0.008620689655172414,3047.647642679901,11.468982630272953,3419.85,803,49.0,0.057511737089201875,1355.074183976261,5.400593471810089,1483.9762611275964,674,18.0,0.02601156069364162,838.7983104540655,2.675818373812038,992.7906976744188,1893,26.0,0.01354872329338197,1047.6450511945393,2.4573378839590445,1096.2988115449916,1175,12.0,0.010109519797809604,1362.5954198473282,2.439476553980371,985.2183406113536,1833,11.0,0.00596529284164859,604.6814516129032,1.4596774193548387,559.6385542168674,994,4.0,0.004008016032064128,1817.2931392931396,4.656964656964657,1284.3983402489628,963,48.0,0.04747774480712166,1226.9027484143762,2.602536997885835,1022.1702127659574,943,17.0,0.017708333333333333,1251.681434599156,2.9177215189873418,1331.1627906976744,947,33.0,0.0336734693877551,1343.264126149803,4.289093298291721,1051.5415019762845,1520,32.0,0.020618556701030927,986.5798045602606,1.4234527687296417,1026.4077669902913,616,9.0,0.0144,926.2207084468664,2.6130790190735693,916.9354838709676,739,13.0,0.017287234042553192,965.547987616099,2.0340557275541795,843.3855799373041,642,2.0,0.003105590062111801,1289.2899543378996,2.324200913242009,1171.3636363636365,878,12.0,0.01348314606741573,534.0989304812834,1.933155080213904,427.379679144385,748,4.0,0.005319148936170213,874.1052631578947,4.568421052631579,1166.3157894736842,570,1.0,0.0017513134851138354,795.5038759689922,4.426356589147287,600.7751937984497,774,4.0,0.005141388174807198
134,202405,14,572.3698630136986,2.949771689497717,446.5753424657534,876,10.0,0.011286681715575621,987.855848434926,2.586490939044481,967.314662273476,2428,10.0,0.004101722723543888,640.1904127829561,2.5166444740346203,781.1936339522547,1505,10.0,0.006600660066006601,816.5799256505576,2.9721189591078065,540.3296703296703,1084,5.0,0.004591368227731864,1277.7179487179487,4.887820512820513,1834.5047923322684,625,4.0,0.006359300476947536,852.3192133131619,2.816944024205749,536.5506807866868,1322,10.0,0.0075075075075075074,493.9102384291725,2.6633941093969145,404.7257383966245,1424,2.0,0.001402524544179523,1089.3811074918567,3.912052117263844,960.1960784313726,613,5.0,0.008090614886731391,750.4957264957264,0.8461538461538461,387.9830508474576,235,0.0,0.0,1088.7096774193549,4.605990783410138,1014.3577981651376,870,4.0,0.004576659038901602,1026.6355140186915,4.079439252336448,1082.0528771384136,1285,35.0,0.026515151515151516,1797.2473763118442,5.530734632683658,2362.5,1323,20.0,0.014892032762472078,1212.1613236814892,3.6142709410548086,927.0807453416148,1933,10.0,0.0051466803911477095,730.7346241457859,4.53872437357631,697.8409090909091,1758,4.0,0.0022701475595913734,702.578947368421,2.8111455108359134,646.749226006192,1938,17.0,0.008695652173913044,712.330383480826,1.952802359882006,651.8463810930576,1355,7.0,0.005139500734214391,1310.4168797953964,3.3452685421994883,1071.2755102040817,783,2.0,0.0025477707006369425,1026.1701570680627,3.086387434554974,1037.3228346456692,763,8.0,0.010376134889753566,758.9508196721312,4.19016393442623,773.6842105263158,609,3.0,0.004901960784313725,583.1554524361949,3.147331786542924,536.6355140186915,1718,4.0,0.0023228803716608595,631.0179640718563,3.662674650698603,625.44,1001,10.0,0.009891196834817012,525.2122641509434,2.5966981132075477,618.0918727915194,1697,1.0,0.0005889281507656066,573.0524017467249,1.6572052401746724,598.5589519650655,916,4.0,0.004347826086956522,1366.5866666666666,4.411111111111111,1283.250554323725,901,18.0,0.01958650707290533,1029.6957547169811,3.384433962264151,863.6879432624113,847,9.0,0.010514018691588784,1166.758928571429,5.620535714285714,1304.5333333333333,898,5.0,0.005537098560354375,1178.968023255814,4.574127906976744,1468.21997105644,1379,3.0,0.002170767004341534,834.6996466431095,2.4169611307420493,1115.1943462897527,566,3.0,0.005272407732864675,999.836676217765,3.805157593123209,1126.246418338109,698,6.0,0.008522727272727272,695.1730103806228,2.162629757785467,419.5847750865052,578,2.0,0.0034482758620689655,1376.7229916897506,3.141274238227147,1272.8333333333333,721,5.0,0.006887052341597796,440.57377049180326,2.297814207650273,408.8219178082192,731,15.0,0.020107238605898123,766.6187050359712,2.6546762589928057,560.9352517985611,556,2.0,0.0035842293906810036,746.8051948051948,4.958441558441558,1097.8294573643411,772,5.0,0.006435006435006435
135,202405,15,1395.5046296296296,4.627314814814815,1496.0091743119267,868,35.0,0.03875968992248062,1514.786359901397,2.529170090386196,1383.2816326530613,2442,46.0,0.018488745980707395,1394.116865869854,4.286852589641434,818.08,1503,18.0,0.011834319526627219,916.2043795620438,3.295620437956204,894.4464609800362,1099,18.0,0.01611459265890779,4744.3,16.94333333333333,6318.430034129693,593,93.0,0.13556851311953352,2143.254573170732,3.399390243902439,1434.9400921658987,1307,60.0,0.043891733723482075,634.6443514644351,2.517433751743375,475.0138504155125,1439,14.0,0.009635237439779766,2077.215189873418,4.098101265822785,1920.3761755485891,635,26.0,0.039334341906202726,685.6666666666666,3.8596491228070176,113.15789473684212,228,6.0,0.02564102564102564,1985.829383886256,4.609004739336493,1982.4113475177303,845,65.0,0.07142857142857142,1595.470219435737,2.183385579937304,1727.4961119751167,1281,63.0,0.046875,4798.021996615906,17.746192893401016,4485.735027223231,1142,465.0,0.2893590541381456,1597.9782608695652,1.763975155279503,1656.904024767802,1935,51.0,0.0256797583081571,1095.0121816168328,4.135105204872647,929.6017699115044,1807,21.0,0.011487964989059081,1056.6890927624872,2.579001019367992,1263.1160896130343,1963,68.0,0.03348104382077794,1631.4746268656716,2.029850746268657,1399.642857142857,1342,52.0,0.03730272596843615,4376.642857142857,7.552910052910053,4030.271739130435,746,82.0,0.09903381642512077,1898.696569920844,3.3430079155672825,1255.1181102362204,760,28.0,0.03553299492385787,1314.5718954248366,3.2549019607843137,1509.7087378640776,615,10.0,0.016,867.2919109026964,3.844079718640094,871.9580419580419,1711,28.0,0.016101207590569294,1066.144578313253,1.789156626506024,885.5952380952381,1002,16.0,0.015717092337917484,913.0742049469964,3.487632508833922,629.5406360424029,1698,18.0,0.01048951048951049,546.6809421841542,1.6509635974304069,422.5917926565875,930,7.0,0.007470651013874066,1641.946428571429,3.578125,1708.8165548098434,895,46.0,0.048884165781083955,1573.472093023256,2.853488372093023,1365.0346420323326,863,57.0,0.06195652173913044,1515.280269058296,2.439461883408072,1309.710467706013,895,22.0,0.023991275899672846,3996.855203619909,12.631975867269984,3661.1746987951806,1327,172.0,0.11474316210807205,2061.7391304347825,2.438405797101449,2362.285714285714,556,35.0,0.05922165820642978,1585.0584795321638,3.1608187134502925,1477.4117647058824,682,50.0,0.06830601092896176,998.8541666666666,2.5277777777777777,1140.6228373702422,577,10.0,0.017035775127768313,5852.255617977528,8.831460674157304,5181.067415730337,712,95.0,0.11771995043370508,579.3870967741935,2.086021505376344,584.0425531914893,748,16.0,0.020942408376963352,2420.6521739130435,4.057971014492754,1875.3237410071945,554,14.0,0.02464788732394366,1414.578947368421,3.792105263157895,1028.0104712041884,762,19.0,0.024327784891165175
136,202405,16,1786.5531453362255,7.032537960954447,1282.863436123348,915,17.0,0.018240343347639486,6427.461904761904,18.276190476190475,5283.139534883721,2082,999.0,0.32424537487828625,1765.4565499351493,3.16083009079118,1961.142857142857,1541,97.0,0.059218559218559216,1099.1082802547771,2.8025477707006368,945.483870967742,1248,24.0,0.018867924528301886,1901.940652818991,1.6617210682492582,1832.0597014925368,672,40.0,0.056179775280898875,1379.8361581920904,3.7019774011299433,1289.105633802817,1418,47.0,0.032081911262798635,1235.9030226700252,4.171284634760705,1054.2,1594,28.0,0.01726263871763255,2161.789634146341,4.414634146341464,1957.75075987842,657,25.0,0.036656891495601175,1068.6641791044776,0.7164179104477612,642.7272727272727,266,8.0,0.029197080291970802,1531.5575620767495,4.284424379232505,1241.5489749430524,882,47.0,0.05059203444564048,3913.418960244648,14.998470948012232,3613.250388802489,1297,330.0,0.20282728948985865,2049.400625978091,3.887323943661972,2413.0666666666666,1314,147.0,0.10061601642710473,922.7568093385214,0.8501945525291829,1106.1121856866537,2062,46.0,0.021821631878557873,1002.294670846395,3.0198537095088818,989.9061522419188,1916,42.0,0.021450459652706845,1777.7810945273632,3.988059701492537,1435.855855855856,2004,83.0,0.039770004791566844,1100.9001386962552,1.9001386962552007,1039.163179916318,1438,42.0,0.02837837837837838,1897.3589743589744,3.0025641025641026,2127.4371859296484,788,49.0,0.05854241338112306,3702.074270557029,14.978779840848809,3736.141304347826,745,130.0,0.14857142857142858,1587.3569321533923,4.781710914454277,1702.4561403508771,681,15.0,0.021551724137931036,1285.8848223896664,2.986006458557589,1401.9935691318328,1862,69.0,0.035732780942516834,1411.7157712305027,1.5008665511265165,1086.2283737024222,1155,44.0,0.03669724770642202,1199.049778761062,3.234513274336283,952.7392739273928,1813,42.0,0.022641509433962263,736.7664670658683,1.307385229540918,773.5329341317365,1002,17.0,0.016683022571148183,2025.0124223602484,2.6749482401656315,2196.321503131524,962,109.0,0.10177404295051354,1518.2991631799164,2.3912133891213387,1038.6554621848738,954,47.0,0.04695304695304695,1966.5978494623653,1.855913978494624,2149.8226495726494,933,65.0,0.06513026052104208,1422.294274300932,1.929427430093209,1259.1176470588234,1499,70.0,0.04461440407903123,1175.8415841584158,1.801980198019802,1643.8815789473683,607,19.0,0.03035143769968051,1312.7302452316076,2.6158038147138964,1253.6151761517615,736,34.0,0.04415584415584416,1061.8649517684887,2.2861736334405145,1102.1153846153843,623,22.0,0.034108527131782945,1594.2820512820513,2.599067599067599,1700.2777777777778,861,24.0,0.02711864406779661,2072.360433604336,4.157181571815718,1771.945945945946,739,55.0,0.06926952141057935,1001.602787456446,4.10801393728223,840.8421052631579,572,1.0,0.0017452006980802793,1109.8429319371728,6.659685863874346,1022.6842105263158,762,32.0,0.04030226700251889
137,202405,17,606.7008733624455,1.777292576419214,905.0,914,14.0,0.015086206896551725,1807.0582995951415,2.6275303643724697,1948.0668257756563,2492,76.0,0.029595015576323987,1017.359493670886,1.7329113924050632,1157.4462705436156,1581,20.0,0.012492192379762648,1171.6440129449838,4.297734627831715,1121.4423076923076,1242,10.0,0.007987220447284345,1985.3029411764703,6.238235294117647,1704.8520710059172,678,9.0,0.013100436681222707,909.5463483146068,1.9873595505617976,811.8246110325318,1419,15.0,0.010460251046025104,872.6164383561644,2.684931506849315,961.8587360594796,1610,12.0,0.007398273736128237,1157.6503067484662,2.923312883435583,1101.4024390243903,654,18.0,0.026785714285714284,833.4615384615385,0.8111888111888111,362.5352112676056,285,2.0,0.006968641114982578,938.7053571428572,3.4799107142857144,1113.273942093541,897,3.0,0.0033333333333333335,1650.6997084548104,4.816326530612245,1806.9197080291967,1371,44.0,0.03109540636042403,1747.6526162790697,3.175872093023256,2149.724238026125,1377,19.0,0.013610315186246419,1182.725527831094,1.7744721689059502,1211.04506232023,2085,16.0,0.007615421227986673,712.8807810894142,2.068859198355601,864.3711340206186,1943,20.0,0.010188487009679063,1139.4810495626823,1.6686103012633624,896.8451801363194,2056,19.0,0.009156626506024097,1017.1718963165076,1.9181446111869032,936.7530695770804,1466,24.0,0.016107382550335572,1693.997555012225,1.723716381418093,1619.704433497537,815,8.0,0.009720534629404616,1839.036855036855,3.923832923832924,1808.8235294117649,815,9.0,0.010922330097087379,1925.7701149425288,10.39655172413793,2296.473988439306,694,2.0,0.0028735632183908046,1051.3488372093022,2.7103594080338267,1095.9533898305085,1890,23.0,0.012023000522739153,1214.4329896907216,1.3848797250859106,1203.6332179930796,1160,18.0,0.015280135823429542,870.5537459283388,1.6644951140065147,899.8039215686274,1839,24.0,0.01288244766505636,521.8934911242603,1.1222879684418146,693.6758893280632,1013,5.0,0.004911591355599214,1274.0674846625766,2.425357873210634,1220.9815950920245,978,5.0,0.00508646998982706,1155.6991701244813,1.9688796680497929,934.8024948024948,963,4.0,0.004136504653567736,1399.5731958762888,1.6927835051546392,1179.1683991683992,966,8.0,0.008213552361396304,1668.439947780679,4.587467362924282,1493.420365535248,1532,13.0,0.008414239482200648,1063.051948051948,1.2889610389610389,1285.9934853420195,615,2.0,0.0032414910858995136,979.3163538873996,2.4986595174262733,1191.774193548387,745,11.0,0.01455026455026455,899.9398734177215,1.2436708860759491,775.9744408945687,629,13.0,0.020249221183800622,1554.3132250580047,2.2482598607888638,1367.557603686636,865,3.0,0.0034562211981566822,2545.3413333333333,2.949333333333333,2161.360962566845,749,25.0,0.03229974160206718,537.6842105263158,2.073684210526316,433.2631578947368,570,1.0,0.0017513134851138354,638.6046511627907,2.992248062015504,710.077519379845,774,3.0,0.003861003861003861
138,202405,18,788.1130653266332,2.022613065326633,1117.6142131979695,792,8.0,0.01,1301.0044130626654,1.9382171226831424,1379.575596816976,2264,22.0,0.009623797025371828,1056.2337662337663,1.9134199134199132,859.512893982808,1391,9.0,0.0064285714285714285,980.0,2.3968253968253967,878.8095238095239,1008,3.0,0.002967359050445104,2898.2,2.772727272727273,2796.2162162162163,663,14.0,0.0206794682422452,1053.5263157894738,2.5229202037351444,1068.8701517706577,1182,13.0,0.010878661087866108,755.2402877697841,3.1194244604316546,669.7553956834532,1390,10.0,0.007142857142857143,1286.2181208053692,2.738255033557047,1372.7027027027027,594,20.0,0.03257328990228013,783.8095238095239,0.6190476190476191,684.48,251,8.0,0.03088803088803089,1063.9226519337017,3.0138121546961325,758.0165289256198,725,2.0,0.002751031636863824,2183.0383973288813,8.791318864774624,2249.137055837564,1190,25.0,0.0205761316872428,1576.9709677419355,5.119354838709677,1978.4440842787683,1237,13.0,0.0104,1086.7455621301774,2.555029585798817,1037.5764705882352,1695,26.0,0.015107495642068565,879.5620525059666,4.127684964200477,1057.1223021582734,1672,15.0,0.00889152341434499,966.9092872570194,1.7732181425485962,966.3430420711974,1853,19.0,0.01014957264957265,1168.9067524115756,1.5514469453376205,1058.8064516129032,1242,21.0,0.0166270783847981,2231.029484029484,4.135135135135135,1882.5742574257424,811,11.0,0.01338199513381995,1106.990291262136,1.220064724919094,1237.0873786407767,618,13.0,0.020602218700475437,1695.8677685950413,2.56198347107438,1539.9173553719008,484,4.0,0.00819672131147541,819.8020565552699,2.4575835475578405,953.041237113402,1554,10.0,0.00639386189258312,782.3234624145786,1.826879271070615,686.9248291571754,878,4.0,0.0045351473922902496,836.3443708609271,2.5311258278145696,665.0726552179657,1512,14.0,0.009174311926605505,604.5070422535211,1.7370892018779345,405.8490566037736,850,0.0,0.0,1486.255154639175,4.13659793814433,1687.095115681234,777,5.0,0.00639386189258312,1204.7814910025706,1.7532133676092545,1266.428571428571,781,15.0,0.018844221105527637,1137.5464190981431,1.9840848806366047,1184.724409448819,758,5.0,0.00655307994757536,2897.0464788732397,6.245070422535211,2430.2109704641352,1421,43.0,0.029371584699453553,1597.3714285714286,2.138775510204081,2089.797570850202,492,3.0,0.006060606060606061,1444.25625,4.978125,1170.75,640,12.0,0.018404907975460124,673.65,1.75,455.6756756756757,519,1.0,0.0019230769230769232,2744.5392156862745,3.735294117647059,2536.2162162162163,815,5.0,0.006097560975609756,958.4961439588689,1.9460154241645244,832.123076923077,779,3.0,0.0038363171355498722,903.370786516854,3.411985018726592,599.7752808988764,534,2.0,0.0037313432835820895,928.3116883116884,2.623376623376624,889.1845493562232,464,2.0,0.004291845493562232
139,202405,19,688.5610859728507,2.1447963800904977,1106.8314606741574,887,23.0,0.025274725274725275,932.0191693290736,1.805111821086262,949.2086330935252,2503,13.0,0.0051669316375198724,842.8700636942675,2.137579617834395,793.8931297709923,1571,17.0,0.010705289672544081,1049.9525316455697,3.5221518987341773,939.1639871382636,1254,9.0,0.007125890736342043,1454.922636103152,1.813753581661891,1005.086705202312,695,4.0,0.005722460658082976,1786.4008683068018,3.4645441389290883,1175.0434782608695,1381,12.0,0.008614501076812634,925.36625,2.50375,794.7,1600,7.0,0.0043559427504667085,1109.2147239263804,2.285276073619632,801.219512195122,654,8.0,0.012084592145015106,770.8412698412699,0.5,902.9032258064516,250,11.0,0.0421455938697318,1148.7837837837835,4.457207207207207,824.7297297297297,888,6.0,0.006711409395973154,777.0520231213873,1.286127167630058,1001.8260869565216,1382,15.0,0.010737294201861132,1081.2790697674418,4.523255813953488,1192.423802612482,1377,9.0,0.006493506493506494,945.8339882121808,1.5235756385068762,958.0569185475956,2037,22.0,0.010684798445847498,1010.9852320675104,4.738396624472574,984.7526315789472,1898,13.0,0.006802721088435374,1086.9421906693713,2.1947261663286004,1182.995951417004,1974,26.0,0.013,1108.751043115438,1.8261474269819196,1205.67454798331,1438,7.0,0.004844290657439446,1745.061425061425,3.520884520884521,2239.1176470588234,815,12.0,0.014510278113663845,759.7422680412371,1.0309278350515465,920.0518134715026,774,2.0,0.002577319587628866,1105.7942122186496,2.2218649517684885,1010.1923076923076,623,4.0,0.006379585326953748,942.183585313175,2.6166306695464363,943.9354838709676,1856,14.0,0.0074866310160427805,1505.1086206896553,2.606896551724138,1227.78730703259,1163,10.0,0.008525149190110827,1055.353535353535,2.4927048260381595,1039.6644295302012,1785,20.0,0.0110803324099723,697.9324055666004,2.1491053677932404,688.0952380952381,1007,1.0,0.000992063492063492,661.8560311284047,1.881322957198444,842.5223300970874,1029,2.0,0.0019398642095053346,901.3256302521008,2.0399159663865545,872.1518987341772,950,6.0,0.006276150627615063,1379.0420168067226,6.974789915966387,1085.8995815899582,954,1.0,0.0010471204188481676,1313.7581699346406,3.0169934640522875,925.2424639580604,1528,8.0,0.005208333333333333,992.5894736842104,1.2105263157894737,1270.1052631578948,570,0.0,0.0,1330.3297002724796,2.155313351498638,795.2459016393443,733,8.0,0.010796221322537112,1047.25,1.8580246913580247,912.8173374613004,647,2.0,0.0030816640986132513,1831.1538461538464,6.461538461538462,2091.56462585034,883,11.0,0.012304250559284116,434.3743455497382,1.081151832460733,310.1436031331593,765,10.0,0.012903225806451613,996.549295774648,2.2007042253521125,734.3157894736842,569,11.0,0.01896551724137931,1050.857142857143,2.257142857142857,967.0689655172414,698,2.0,0.002857142857142857
140,202405,20,961.7880794701988,2.591611479028697,825.9911894273127,907,20.0,0.021574973031283712,956.2662957074722,1.8942766295707472,914.7142857142856,2518,25.0,0.009830908375933936,1086.7411167512691,3.185279187817259,956.5822784810126,1578,20.0,0.012515644555694618,1523.9408866995077,4.003284072249589,1011.778140293638,1222,45.0,0.035516969218626675,1141.5074183976262,1.5667655786350148,826.646884272997,674,4.0,0.0058997050147492625,1309.084745762712,3.0508474576271185,930.12729844413,1415,14.0,0.00979706088173548,1088.1847690387017,2.742821473158552,790.7924528301887,1596,18.0,0.011152416356877323,1661.398176291793,2.601823708206687,739.5770392749245,660,8.0,0.011976047904191617,1717.03007518797,2.7218045112781954,1406.3636363636365,265,11.0,0.03985507246376811,1134.4843049327353,3.103139013452915,1225.234899328859,893,9.0,0.009977827050997782,807.0348837209302,2.068313953488372,737.6266280752533,1379,9.0,0.006484149855907781,1093.2448979591836,3.174927113702624,1239.5652173913045,1376,11.0,0.007930785868781542,677.8224568138196,1.0403071017274472,668.9595375722544,2080,9.0,0.00430828147438966,1706.1069182389938,5.90146750524109,2029.7669491525423,1898,82.0,0.04141414141414142,4863.11801242236,21.4296066252588,4530.626315789474,1916,271.0,0.12391403749428441,992.635616438356,1.7013698630136986,860.0816326530612,1465,34.0,0.02268178785857238,1684.542288557214,4.865671641791045,1875.3731343283584,804,8.0,0.009852216748768473,1075.111111111111,1.0493827160493827,736.9950738916256,811,8.0,0.009768009768009768,1867.5828402366865,10.559171597633137,2139.585798816568,676,32.0,0.04519774011299435,1077.441983122363,3.1772151898734178,831.1558854718982,1891,17.0,0.00890985324947589,922.8620689655172,2.5724137931034483,1031.917098445596,1159,9.0,0.007705479452054794,922.2295081967212,1.9486338797814209,773.804347826087,1835,29.0,0.01555793991416309,1256.4356435643565,2.114851485148515,908.3858267716536,1013,11.0,0.0107421875,1003.2298136645962,1.8902691511387164,1172.702868852459,971,16.0,0.016210739614994935,1185.1715481171548,1.5899581589958158,1016.2421711899792,957,31.0,0.03137651821862348,1461.03125,1.6541666666666666,1102.0,960,23.0,0.023397761953204477,706.5006553079947,1.380078636959371,736.3350785340314,1527,6.0,0.003913894324853229,851.7647058823529,1.330065359477124,1171.4657980456027,613,9.0,0.014469453376205787,1148.6085790884715,2.0160857908847185,995.5795148247978,744,6.0,0.008,1006.4,2.6666666666666665,808.6624203821656,629,7.0,0.0110062893081761,914.2627906976744,2.0372093023255813,1151.2240184757509,863,2.0,0.0023121387283236996,748.6997389033943,1.7963446475195823,571.1749347258485,766,11.0,0.014157014157014158,680.3533568904594,2.0318021201413425,869.6842105263158,568,6.0,0.010452961672473868,735.8961038961039,2.1714285714285717,678.4974093264249,771,7.0,0.008997429305912597
141,202405,21,776.5593607305937,2.2557077625570776,801.5068493150685,876,4.0,0.004545454545454545,1537.8483606557377,4.868032786885246,1597.8688524590164,2440,19.0,0.0077267181781211875,1315.1336898395723,4.001336898395722,1023.4352469959948,1497,29.0,0.019003931847968544,1838.011049723757,6.570902394106814,1695.3591160220994,1086,15.0,0.013623978201634877,651.9614147909967,0.9292604501607716,512.1153846153846,623,3.0,0.004792332268370607,903.4253731343284,5.756716417910448,693.532041728763,1341,6.0,0.004454342984409799,1438.820580474934,5.66490765171504,1153.1052631578948,1518,4.0,0.002628120893561104,915.3136645962732,4.670807453416149,610.4672897196261,643,6.0,0.009244992295839754,1695.4728682170542,2.186046511627907,712.96875,257,0.0,0.0,772.6558891454965,3.0069284064665127,465.9633027522936,869,2.0,0.002296211251435132,911.906976744186,2.153488372093024,672.6708074534162,1289,10.0,0.007698229407236336,816.3636363636364,3.125757575757576,990.9090909090908,1320,10.0,0.007518796992481203,501.23559670781896,0.9609053497942388,544.020618556701,1942,14.0,0.007157464212678937,1917.6678043230943,8.689419795221843,1695.0169109357385,1766,30.0,0.01670378619153675,2339.2277834525025,5.3391215526046985,2348.4142857142856,1959,41.0,0.0205,936.6421356421356,1.55988455988456,679.0116279069767,1381,12.0,0.008614501076812634,1273.5012919896642,4.881136950904393,2166.0309278350514,775,7.0,0.008951406649616368,799.2125984251968,1.5931758530183726,865.0393700787401,762,6.0,0.0078125,1102.9707792207791,3.2759740259740258,1282.1359223300972,617,4.0,0.00644122383252818,1060.1618497109826,2.87514450867052,812.7719298245614,1720,12.0,0.006928406466512702,1203.905325443787,3.4990138067061145,1207.5739644970415,1014,7.0,0.0068560235063663075,1208.073856975381,3.267291910902697,768.9252336448598,1709,24.0,0.013848817080207732,832.5641025641025,1.3611111111111112,639.4871794871794,936,4.0,0.00425531914893617,1049.493333333333,3.2133333333333334,1201.6035634743876,899,6.0,0.0066298342541436465,975.951612903226,2.28110599078341,664.0277777777778,866,10.0,0.01141552511415525,1597.2395604395604,5.610989010989011,1418.0616740088103,909,2.0,0.0021953896816684962,574.3744557329463,1.528301886792453,532.4028776978417,1384,10.0,0.007173601147776184,584.801393728223,1.069686411149826,691.9014084507043,571,3.0,0.005226480836236934,665.3529411764706,2.291316526610644,535.1123595505618,713,1.0,0.0014005602240896359,906.25,3.0034722222222223,889.204152249135,577,7.0,0.011986301369863013,504.76584022038566,1.0578512396694215,463.3795013850416,724,1.0,0.001379310344827586,533.5994475138122,1.287292817679558,439.2865013774105,725,14.0,0.018944519621109608,619.1397849462365,1.960573476702509,673.4296028880866,556,6.0,0.010676156583629894,586.2857142857143,1.955844155844156,461.3953488372093,772,5.0,0.006435006435006435
142,202405,22,1068.170842824601,4.473804100227791,977.3972602739726,877,15.0,0.016816143497757848,2946.69403714565,12.526881720430108,2365.470588235294,2043,782.0,0.2768141592920354,1138.8186738836266,2.571041948579161,1056.711590296496,1481,70.0,0.04513217279174726,827.7261261261261,2.72972972972973,771.8918918918919,1110,35.0,0.03056768558951965,1006.0128205128206,1.3333333333333333,865.3846153846154,624,18.0,0.028037383177570093,687.6691616766467,2.570359281437126,593.622754491018,1336,15.0,0.011102886750555145,1011.9083665338644,3.6308100929614873,825.2980132450331,1508,26.0,0.01694915254237288,757.0815709969788,3.3413897280966767,921.4545454545456,661,2.0,0.0030165912518853697,585.2592592592592,0.9037037037037036,625.9701492537314,269,0.0,0.0,967.6566125290024,4.064965197215777,685.4545454545455,860,29.0,0.03262092238470191,856.7029548989113,2.726283048211509,1195.233644859813,1285,64.0,0.04744255003706449,1282.6068759342302,3.482810164424514,1313.1531531531532,1335,19.0,0.014032496307237814,753.6738022426096,1.4301732925586137,740.4878048780488,1965,20.0,0.010075566750629723,999.3636363636364,2.7327491785323117,1175.7894736842106,1825,48.0,0.02562733582487987,1348.7232767232767,3.1818181818181817,1265.4015984015984,2002,23.0,0.011358024691358024,1199.611747851003,4.104584527220631,881.4741379310345,1394,37.0,0.02585604472396925,962.1528497409328,1.0259067357512954,974.6529562982004,775,11.0,0.013994910941475827,1156.451612903226,3.153225806451613,1301.774193548387,744,53.0,0.06649937264742785,1058.214983713355,4.381107491856677,1104.155844155844,615,14.0,0.022257551669316374,1039.250289687138,2.8968713789107765,999.5612009237876,1729,34.0,0.019285309132161088,814.0990099009902,2.237623762376238,893.596837944664,1011,15.0,0.014619883040935672,1110.774647887324,2.971830985915493,935.3558926487748,1709,43.0,0.02454337899543379,855.0868644067797,2.4809322033898304,751.5384615384615,940,31.0,0.03192584963954686,1779.7863636363636,12.702272727272728,1871.5466970387245,879,67.0,0.0708245243128964,1422.6076233183855,3.7354260089686098,1173.9775280898875,891,34.0,0.036756756756756756,794.8571428571429,2.09375,974.6636771300448,894,53.0,0.0559662090813094,811.3767908309455,1.4699140401146131,583.3859397417503,1395,28.0,0.019676739283204497,697.595818815331,1.4041811846689896,819.375,575,10.0,0.017094017094017096,744.0056497175141,2.3135593220338984,730.3333333333334,714,13.0,0.017881705639614855,1112.9270833333333,2.28125,842.5263157894736,573,11.0,0.018835616438356163,818.4354838709677,1.2634408602150538,850.6914893617021,748,13.0,0.017082785808147174,626.4048913043479,2.2282608695652173,482.78688524590166,734,9.0,0.012113055181695828,2308.2978723404253,10.070921985815604,1581.0108303249096,559,17.0,0.029513888888888888,1031.7460317460318,3.4788359788359786,960.157894736842,758,19.0,0.02445302445302445
143,202405,23,2692.137078651685,7.8629213483146065,2806.165158371041,887,36.0,0.0390032502708559,1999.4256329113923,3.4422468354430378,2023.1323414252156,2541,38.0,0.014734393175649476,1208.0993939393938,2.0242424242424244,1095.311355311355,1644,17.0,0.010234798314268514,1351.5482866043617,3.3208722741433023,1155.65625,1282,21.0,0.016116653875671526,1377.0298507462687,1.2208955223880598,1127.857142857143,671,6.0,0.008862629246676515,2277.8955431754875,2.9721448467966574,2104.8467966573817,1436,93.0,0.060824068018312624,981.3418181818182,2.598787878787878,844.3848964677223,1646,16.0,0.009626955475330927,1455.311572700297,3.451038575667656,825.3134328358209,672,7.0,0.010309278350515464,527.8775510204082,0.9047619047619048,289.0810810810811,295,0.0,0.0,1443.2483069977427,3.3340857787810383,1350.6067415730338,888,40.0,0.04310344827586207,1502.420749279539,3.040345821325648,1353.390557939914,1393,8.0,0.005710206995003569,1333.3842975206612,2.958677685950413,1510.5933429811869,1417,56.0,0.03801765105227427,961.9080348499516,1.042594385285576,1023.869104908566,2072,26.0,0.012392755004766444,1068.925287356322,3.652298850574713,1108.6352261790182,2083,21.0,0.009980988593155894,1183.5379377431907,1.7081712062256809,1458.215324927255,2059,30.0,0.014360938247965534,1336.1553398058252,1.6574202496532593,1241.3168724279835,1450,42.0,0.028150134048257374,1297.246192893401,1.1218274111675126,1410.9823677581865,791,13.0,0.01616915422885572,1379.1089108910892,2.8267326732673266,1298.3292383292385,811,5.0,0.006127450980392157,1023.3830409356724,2.8771929824561404,1106.491228070175,684,12.0,0.017241379310344827,1192.6863354037266,2.432712215320911,1264.7776628748709,1933,21.0,0.010747185261003071,1045.7586206896551,1.406896551724138,1062.974358974359,1165,8.0,0.0068201193520886615,1304.8034934497816,2.116812227074236,1003.2497273718648,1833,17.0,0.009189189189189189,1109.447216890595,3.214971209213052,855.984555984556,1039,2.0,0.0019212295869356388,1691.3643724696356,3.3036437246963564,1410.2995951417004,988,28.0,0.027559055118110236,1922.1843687374749,2.835671342685371,1799.04,999,29.0,0.02821011673151751,1182.6070686070686,1.864864864864865,998.783950617284,967,28.0,0.02814070351758794,1499.4157754010696,1.3676470588235294,1347.8828229027963,1499,41.0,0.026623376623376622,681.038961038961,1.5974025974025974,1117.6699029126214,617,1.0,0.0016181229773462784,1124.258760107817,2.6549865229110514,1273.723404255319,747,36.0,0.04597701149425287,1390.2848101265822,2.411392405063291,1566.5873015873017,631,10.0,0.015600624024960999,1615.390070921986,1.5839243498817968,1131.0070257611242,850,16.0,0.018475750577367205,1109.5063613231553,1.1959287531806615,922.481012658228,788,18.0,0.022332506203473945,4675.8844765342965,9.537906137184116,4196.496350364963,551,86.0,0.13500784929356358,5981.016713091922,16.493036211699163,5536.457142857143,709,204.0,0.22343921139101863
144,202405,24,1309.841986455982,2.609480812641084,1111.8834080717488,889,25.0,0.02735229759299781,3346.911716171617,13.500825082508252,2608.6106346483707,2378,297.0,0.11102803738317757,1258.9133247089262,2.558861578266494,1286.768060836502,1562,42.0,0.026184538653366583,1792.1559485530547,3.781350482315113,1836.435331230284,1256,73.0,0.05492851768246802,1520.1411411411411,1.024024024024024,1582.6347305389222,667,21.0,0.030523255813953487,1518.0518417462483,3.6057298772169166,1177.6341127922972,1460,27.0,0.01815736381977135,897.8386699507389,3.125615763546798,775.9509202453987,1627,18.0,0.01094224924012158,1623.6506024096386,3.02710843373494,1213.9701492537313,667,19.0,0.027696793002915453,684.1726618705036,1.1079136690647482,719.1549295774648,281,7.0,0.024305555555555556,1274.6341463414635,3.773835920177384,956.2331838565024,897,12.0,0.013201320132013201,1434.1739130434785,2.185507246376812,1728.156748911466,1379,53.0,0.037011173184357544,1277.2554744525548,3.2014598540145984,1506.4551724137932,1410,27.0,0.018789144050104383,1051.1131351869608,1.3202301054650047,942.1668264621284,2086,33.0,0.01557338367154318,1143.8073654390937,2.729933899905572,1069.609022556391,2123,40.0,0.01849283402681461,5167.095387840671,17.19496855345912,4280.687432867884,1885,418.0,0.18150238818931827,1325.885245901639,2.148907103825137,1096.7307692307693,1460,57.0,0.037574159525379035,1342.2569269521412,3.005037783375315,1263.045685279188,791,10.0,0.012484394506866416,1591.6097560975609,2.048780487804878,1518.2222222222222,815,25.0,0.02976190476190476,1931.7391304347825,8.543478260869565,2039.6307692307687,647,100.0,0.13386880856760375,1395.818565400844,3.2605485232067517,1120.2107481559535,1897,36.0,0.018623900672529746,1710.0,2.5905923344947737,1199.4782608695652,1149,26.0,0.022127659574468085,1360.5960264900662,2.8421633554083887,971.8818380743984,1820,42.0,0.022556390977443608,682.7404580152672,1.4599236641221374,612.4334600760457,1050,11.0,0.010367577756833177,2154.3014553014555,4.8128898128898125,2234.3899371069183,958,55.0,0.054294175715695954,1811.1592741935483,3.0423387096774195,1478.52,996,59.0,0.055924170616113746,2046.049896049896,4.54054054054054,2129.775681341719,958,62.0,0.060784313725490195,1299.0405759162304,2.1793193717277486,1029.6569920844329,1522,44.0,0.0280970625798212,1058.501628664495,2.026058631921824,1261.5635179153094,614,7.0,0.011272141706924315,1258.8198924731182,3.096774193548387,958.9702702702702,742,17.0,0.022397891963109356,1522.6569579288025,2.8932038834951457,1216.8387096774193,619,14.0,0.022116903633491312,1110.4976525821596,1.7183098591549295,1315.2,851,8.0,0.009313154831199068,805.1969696969697,1.6590909090909092,673.1949367088607,791,32.0,0.038882138517618466,1278.7368421052631,3.6666666666666665,987.4825174825174,571,11.0,0.018900343642611683,1350.3916449086162,2.4595300261096606,1276.8992248062016,770,24.0,0.030226700251889168
145,202405,25,936.15445026178,5.513089005235602,1103.68,757,5.0,0.006561679790026247,1219.039331366765,2.855457227138643,1123.2089552238806,2089,122.0,0.055178652193577565,1052.3117088607594,3.1107594936708862,1004.5984251968504,1267,20.0,0.01554001554001554,941.904761904762,3.8472222222222223,482.1471172962227,1007,18.0,0.0175609756097561,1032.2261904761904,0.9345238095238096,916.9879518072288,668,11.0,0.016200294550810016,824.6204620462046,2.0165016501650164,499.0426229508197,1216,11.0,0.008964955175224124,710.5258493353028,2.779911373707533,462.88235294117646,1357,10.0,0.0073152889539136795,723.6986301369863,2.506849315068493,770.8474576271186,587,8.0,0.013445378151260505,938.6744186046512,0.8604651162790697,710.952380952381,255,7.0,0.026717557251908396,813.3884297520661,2.958677685950413,779.1758241758242,727,4.0,0.005471956224350205,754.8387096774194,1.465195246179966,1005.3310696095076,1178,7.0,0.00590717299578059,1055.5553772070623,3.043338683788122,1360.7729468599034,1244,10.0,0.007974481658692184,1421.421686746988,4.8590361445783135,1272.3207776427705,1653,22.0,0.013134328358208954,770.0128068303095,4.020277481323372,774.3931256713212,1868,31.0,0.016324381253291206,1263.453488372093,1.6093023255813954,1284.3298969072166,1733,59.0,0.032924107142857144,982.8459016393442,3.091803278688525,761.2561983471074,1215,26.0,0.020950846091861403,820.1503759398496,1.4511278195488722,1133.939393939394,795,7.0,0.008728179551122194,907.4509803921568,1.042483660130719,1077.450980392157,612,9.0,0.014492753623188406,729.6296296296297,2.5267489711934155,774.75,483,10.0,0.02028397565922921,904.8,2.905806451612903,925.136186770428,1546,15.0,0.009609224855861628,863.0232558139535,2.069767441860465,641.1267605633802,856,8.0,0.009259259259259259,939.0331491712708,2.7624309392265194,742.3430962343097,1441,14.0,0.009621993127147767,560.1818181818181,2.018181818181818,513.9310344827586,875,12.0,0.013528748590755355,898.5157068062828,1.7984293193717278,1011.0767195767196,760,9.0,0.011703511053315995,866.2330827067669,1.8847117794486212,767.25,799,18.0,0.022031823745410038,805.9657894736843,2.6973684210526314,863.1140583554377,757,7.0,0.009162303664921465,1021.4307692307692,3.3146853146853146,1100.3646563814866,1428,13.0,0.009021512838306732,629.5121951219512,2.1707317073170733,962.4590163934428,490,9.0,0.018036072144288578,741.6477987421383,2.0628930817610063,1253.5443037974685,634,26.0,0.03939393939393939,919.2,5.508,1032.734693877551,495,9.0,0.017857142857142856,906.9086419753088,2.45679012345679,854.074074074074,810,2.0,0.0024630541871921183,444.1657754010696,1.0935828877005347,487.65860215053766,746,7.0,0.009296148738379814,778.4328358208955,2.5559701492537314,740.6666666666666,538,3.0,0.005545286506469501,613.1330472103004,1.7811158798283262,495.72052401746726,462,3.0,0.0064516129032258064
146,202405,26,1050.1538461538462,3.3461538461538463,844.0102827763496,779,13.0,0.016414141414141416,1292.702861952862,3.1843434343434343,1303.011120615911,2357,14.0,0.005904681568958245,794.6108033240997,2.3130193905817173,679.0,1442,6.0,0.004143646408839779,1105.1910714285714,2.467857142857143,845.7247706422019,1105,3.0,0.002707581227436823,1072.981072555205,0.668769716088328,524.9056603773585,635,3.0,0.004702194357366771,1158.2046875,3.68125,776.8965517241379,1278,23.0,0.017678708685626442,707.1010928961749,2.91120218579235,610.3137789904503,1465,14.0,0.009465855307640297,1220.033898305085,3.2610169491525425,838.1443298969073,586,8.0,0.013468013468013467,291.219512195122,0.6829268292682927,143.11475409836066,245,2.0,0.008097165991902834,1847.3516746411483,6.7990430622009566,1840.4784688995212,836,52.0,0.05855855855855856,829.2822966507177,1.79585326953748,702.246835443038,1259,11.0,0.008661417322834646,1655.527419354839,3.585483870967742,1583.5332252836304,1237,25.0,0.019809825673534072,690.243757431629,1.5992865636147444,588.3529411764706,1691,13.0,0.007629107981220657,715.988717948718,2.221538461538461,584.6625766871166,1953,10.0,0.005094243504839531,3105.1859122401847,11.666281755196303,3111.6279069767443,1726,84.0,0.04640883977900553,2204.486970684039,10.817589576547231,1519.5121951219512,1229,34.0,0.026920031670625493,717.3152454780362,1.2506459948320414,986.3938618925832,778,6.0,0.007653061224489796,989.2638036809816,1.2822085889570551,995.1851851851852,650,8.0,0.0121580547112462,1904.9778597785976,6.693726937269373,1532.8676470588234,543,9.0,0.016304347826086956,831.6473429951691,2.367149758454106,594.4670658682635,1663,12.0,0.007164179104477612,1014.9312377210216,1.6306483300589392,748.53228962818,1020,10.0,0.009708737864077669,756.4036222509702,1.613195342820181,501.8041237113402,1549,13.0,0.008322663252240717,658.5541125541125,1.1277056277056277,475.4741379310345,926,4.0,0.004301075268817204,2116.412946428572,10.946428571428571,2145.305986696231,899,15.0,0.016411378555798686,2103.263529411765,7.294117647058823,1178.6823529411763,850,27.0,0.03078677309007982,2226.588807785888,9.29683698296837,2036.706443914081,830,12.0,0.014251781472684086,1103.1021582733813,1.506474820143885,933.448275862069,1391,19.0,0.01347517730496454,1371.030888030888,2.416988416988417,1183.7837837837835,518,1.0,0.0019267822736030828,1353.1360946745565,4.405325443786983,1590.44776119403,673,26.0,0.03719599427753934,689.7056737588653,1.7234042553191489,505.6537102473498,565,8.0,0.013961605584642234,1087.0507246376812,1.8816425120772944,856.4819277108434,829,6.0,0.00718562874251497,356.0592991913747,1.2533692722371967,297.6,746,15.0,0.01971090670170828,992.5531914893616,6.060283687943262,841.063829787234,564,8.0,0.013986013986013986,1434.44776119403,3.916417910447761,1277.142857142857,671,2.0,0.0029717682020802376
147,202405,27,3628.1338582677167,7.490813648293964,2443.0809399477807,764,257.0,0.2517140058765916,2628.6778309409888,10.800637958532697,3088.17221770918,2485,135.0,0.05152671755725191,1378.2176696542897,1.947503201024328,865.3196930946292,1563,22.0,0.0138801261829653,2151.0140405616226,4.566302652106084,1622.9767441860463,1286,17.0,0.013046815042210284,2240.0632530120483,1.8975903614457832,1452.2155688622754,666,14.0,0.020588235294117647,2837.043227665706,6.206051873198847,2262.8695652173915,1384,150.0,0.09778357235984354,672.8111111111111,1.934567901234568,530.4832713754647,1617,17.0,0.01040391676866585,1641.6170212765958,3.844984802431611,1382.560975609756,657,28.0,0.040875912408759124,391.970802919708,0.6277372262773723,400.0,272,2.0,0.0072992700729927005,2360.4195804195806,7.743589743589744,2167.058823529412,854,128.0,0.13034623217922606,1283.599419448476,1.5587808417997098,1555.391304347826,1379,37.0,0.026129943502824857,1480.8691588785048,3.1105919003115265,1458.475894245723,1285,59.0,0.04389880952380952,3594.294513955727,8.261790182868143,3644.508670520231,2077,52.0,0.024424612494128698,875.5234521575985,2.217636022514071,829.5407685098406,2133,19.0,0.008828996282527882,1728.3936696340256,5.646884272997033,1720.8703703703704,2037,81.0,0.03824362606232295,1843.817158931083,2.358649789029536,1606.340782122905,1427,113.0,0.07337662337662337,1497.2941176470588,2.0051150895140664,1406.700767263427,782,17.0,0.02127659574468085,1752.6161369193153,1.2909535452322738,1686.9117647058824,817,13.0,0.01566265060240964,1500.7023121387283,2.7745664739884397,1333.9941690962098,689,18.0,0.02545968882602546,951.2394957983194,2.2331932773109244,638.2334384858044,1903,22.0,0.011428571428571429,1075.1663747810858,1.3642732049036776,972.2299651567944,1145,14.0,0.012079378774805867,1001.5334063526834,2.543263964950712,558.7294633077765,1826,20.0,0.010834236186348862,863.9539347408829,1.0230326295585412,680.1901140684411,1047,4.0,0.003805899143672693,1495.6806722689075,1.8739495798319328,1700.3783783783783,957,54.0,0.05341246290801187,1770.832298136646,2.0786749482401654,1538.729508196721,971,90.0,0.08482563619227144,1314.495918367347,2.4306122448979592,1401.2269938650306,979,29.0,0.028769841269841268,1898.4552845528456,1.905149051490515,1733.8235294117646,1486,74.0,0.047435897435897434,1966.2138157894735,11.697368421052632,2474.059405940594,607,19.0,0.03035143769968051,1401.1483516483515,4.321428571428571,1339.7174515235456,725,58.0,0.07407407407407407,1027.231270358306,2.6710097719869705,1032.7035830618893,614,14.0,0.022292993630573247,1551.459330143541,1.7751196172248804,1624.8687350835323,837,20.0,0.023337222870478413,552.648717948718,1.2307692307692308,377.6923076923077,780,15.0,0.018867924528301886,3451.0266159695816,14.673003802281368,2400.6949806949806,522,135.0,0.2054794520547945,4316.947521865889,15.880466472303208,2921.317365269461,677,311.0,0.3147773279352227
148,202405,28,903.3882352941176,2.108235294117647,760.1873536299765,852,45.0,0.05016722408026756,10335.170266836089,17.58576874205845,8077.640750670242,1533,1813.0,0.5418410041841004,1868.5632183908049,2.4755747126436782,2105.742857142857,1396,189.0,0.1192429022082019,1467.3088235294117,2.229779411764706,1360.1092896174864,1093,54.0,0.047079337401918046,2277.826530612245,3.996598639455782,2067.7852348993288,592,63.0,0.09618320610687023,1049.2078488372092,2.57703488372093,984.31718061674,1369,52.0,0.036593947923997186,968.8209549071618,3.885941644562334,718.5,1514,41.0,0.026366559485530548,1546.063694267516,3.6687898089171975,1178.4761904761904,629,31.0,0.04696969696969697,815.4108527131783,0.6511627906976745,751.6279069767442,258,2.0,0.007692307692307693,1600.7299270072992,7.343065693430657,1386.1282660332542,832,64.0,0.07142857142857142,4908.25,23.448051948051948,5257.5891341256365,1205,435.0,0.2652439024390244,1337.5384615384614,2.7169230769230768,1390.6646058732613,1297,62.0,0.04562178072111847,1201.893796004206,0.7465825446898002,1174.7071129707113,1907,100.0,0.04982561036372696,1576.9473150962513,4.26241134751773,1509.1515151515152,1977,75.0,0.03654970760233918,2535.6393442622957,6.64344262295082,2483.419155509784,1947,105.0,0.05116959064327485,1286.0102941176472,1.9411764705882355,885.6598240469208,1362,48.0,0.03404255319148936,2403.676880222841,5.139275766016713,2433.884297520661,722,63.0,0.08025477707006369,2780.3418803418804,6.492877492877493,3274.4289693593314,710,140.0,0.16470588235294117,1874.02,4.23,1973.069306930693,603,33.0,0.05188679245283019,1687.8481613285885,3.02846975088968,1440.9252669039147,1686,108.0,0.06020066889632107,1662.5766871165645,2.460122699386503,1516.3524590163934,977,67.0,0.06417624521072797,1471.9179734620025,2.244873341375151,1017.8468899521532,1665,78.0,0.04475043029259897,1047.169811320755,1.849056603773585,1141.3953488372092,950,40.0,0.04040404040404041,1935.8862559241709,2.5545023696682465,2166.0418604651163,852,134.0,0.1359026369168357,1620.4675925925926,1.8449074074074077,1292.2863741339493,865,85.0,0.08947368421052632,1753.5862884160756,2.00709219858156,1981.422802850356,844,151.0,0.15175879396984926,1615.1958762886595,2.391752577319588,1543.0973451327434,1357,94.0,0.0647829083390765,1170.5415162454874,1.6209386281588447,1046.6666666666667,556,33.0,0.05602716468590832,1539.8895184135977,4.067988668555241,1117.415730337079,709,20.0,0.027434842249657063,1752.2238267148014,2.0,1478.339350180505,554,37.0,0.06260575296108291,1488.5954415954416,3.891737891737892,1465.909090909091,703,16.0,0.022253129346314324,642.4530831099196,1.584450402144772,454.2150537634408,745,10.0,0.013245033112582781,1189.4505494505495,4.095238095238095,1081.9424460431655,551,24.0,0.04173913043478261,1431.933155080214,3.981283422459893,1440.9424083769634,756,40.0,0.05025125628140704
149,202405,29,1704.6919540229885,9.413793103448276,1263.8979118329466,866,26.0,0.02914798206278027,2464.242537313433,2.030783582089552,2538.0507706255667,2175,589.0,0.21309696092619393,1620.207366984993,2.1582537517053204,1616.7857142857142,1461,105.0,0.06704980842911877,1166.5364120781528,2.2202486678507998,905.474060822898,1122,29.0,0.02519548218940052,1434.2290322580643,1.4483870967741936,882.1359223300971,619,30.0,0.046224961479198766,1283.8061224489795,2.8527696793002915,940.2626995645865,1375,26.0,0.018558172733761598,1039.4691195795006,3.4967148488830486,897.7718832891246,1515,44.0,0.028223220012828735,1839.1588785046729,4.021806853582555,1433.271028037383,642,36.0,0.05309734513274336,1482.0,0.8814814814814815,884.1176470588235,271,6.0,0.021660649819494584,2255.971223021583,8.23021582733813,2257.2413793103447,823,79.0,0.08758314855875832,1925.1376146788991,4.463302752293578,2407.7625570776254,1311,110.0,0.07741027445460943,1619.445987654321,2.6141975308641974,1548.4580152671756,1303,75.0,0.054426705370101594,752.827868852459,0.8094262295081968,710.1125895598772,1953,25.0,0.012639029322548028,3150.722772277228,19.802970297029702,3283.560830860534,2021,68.0,0.032551460028721876,1312.261088709677,1.627016129032258,1024.024024024024,1991,83.0,0.04001928640308582,1148.2863372093022,1.899709302325581,893.5757575757576,1381,37.0,0.02609308885754584,1723.861035422343,3.534059945504087,1938.69918699187,736,47.0,0.06002554278416347,2017.5202156334235,1.9838274932614557,2234.4324324324325,741,63.0,0.07835820895522388,1011.7898089171974,2.2961783439490446,1003.1847133757962,628,10.0,0.01567398119122257,1186.1886574074074,2.240740740740741,1147.0506912442395,1732,75.0,0.04150525733259546,1011.44578313253,1.2389558232931728,1222.3647294589175,997,29.0,0.028265107212475632,1477.5621301775147,1.888757396449704,1337.5923718712754,1684,64.0,0.036613272311212815,1380.123203285421,1.4640657084188913,1222.3602484472049,970,11.0,0.011213047910295617,1353.7061403508771,2.5526315789473686,1593.648769574944,903,24.0,0.025889967637540454,1306.491228070175,2.675438596491228,946.3392857142856,904,57.0,0.05931321540062435,1398.1938325991189,1.8193832599118944,1329.3832599118944,908,45.0,0.0472193074501574,1245.4195402298851,1.4123563218390804,1200.4310344827586,1392,42.0,0.029288702928870293,1264.5993031358885,2.637630662020906,1285.8333333333333,575,10.0,0.017094017094017096,1172.2124645892352,1.9688385269121813,1108.225352112676,708,23.0,0.03146374829001368,1416.521276595745,1.9148936170212767,1093.8129496402878,560,21.0,0.03614457831325301,1157.5284552845528,2.644986449864499,1036.5122615803814,736,17.0,0.02257636122177955,571.3746701846966,1.7308707124010554,451.6535433070866,760,8.0,0.010416666666666666,1758.8447653429605,11.050541516245488,849.1304347826087,553,16.0,0.028119507908611598,1822.7748691099475,8.086387434554974,1018.4126984126984,760,42.0,0.05236907730673317
150,202405,30,743.7213483146068,1.9573033707865168,469.6412556053812,891,34.0,0.036756756756756756,7834.634772462077,22.423570595099186,5879.247176913425,1654,1633.0,0.4968055978095528,1626.4179104477612,2.6580732700135683,1617.978436657682,1479,160.0,0.09762050030506407,1102.1800947867298,4.09478672985782,947.4132492113564,1267,44.0,0.033562166285278416,1353.8776758409786,1.3730886850152906,1251.8012422360248,649,64.0,0.08976157082748948,1178.7689133425035,2.825309491059147,998.5185185185184,1456,46.0,0.03062583222370173,899.3073110285006,2.514250309789343,858.5294117647059,1623,47.0,0.0281437125748503,1352.6605504587155,2.996941896024465,1427.1686746987953,659,30.0,0.04354136429608128,944.9724137931034,1.0689655172413792,692.9166666666666,289,7.0,0.02364864864864865,1027.8801843317972,3.357142857142857,1337.7272727272727,874,43.0,0.04689203925845147,1602.4657534246576,6.560121765601218,2024.704097116844,1316,176.0,0.11796246648793565,1195.327917282127,2.65288035450517,1516.764705882353,1357,49.0,0.03485064011379801,773.8052580331062,1.0584225900681596,772.7906976744187,2059,60.0,0.028315243039169418,1524.3101145038167,7.3788167938931295,1480.4971153846154,2088,108.0,0.04918032786885246,991.1564356435644,2.015841584158416,1036.973293768546,2021,94.0,0.044444444444444446,926.8303448275864,1.2151724137931037,716.0302613480055,1452,49.0,0.03264490339773484,2472.9336870026527,4.525198938992043,1822.8191489361704,753,56.0,0.069221260815822,2092.7419354838707,4.532258064516129,2187.894308943089,741,150.0,0.16835016835016836,1042.857142857143,2.145833333333333,829.4328358208955,671,32.0,0.04551920341394026,1183.5935828877004,2.53048128342246,1164.1666666666667,1871,106.0,0.05361659079413252,922.0774647887324,1.7746478873239435,983.7676056338028,1136,52.0,0.04377104377104377,1246.391061452514,2.175418994413408,1164.067039106145,1790,64.0,0.034519956850053934,887.7607003891051,1.3696498054474708,903.2245681381958,1035,23.0,0.021739130434782608,1581.8265524625267,2.426124197002141,1346.5822784810127,941,112.0,0.1063627730294397,1074.926530612245,2.289795918367347,1037.2301425661915,981,54.0,0.05217391304347826,1479.707423580786,1.755458515283843,1616.5930735930735,920,95.0,0.09359605911330049,1110.0946666666666,1.4573333333333334,997.3297730307077,1499,66.0,0.042172523961661344,804.2046204620463,1.5742574257425743,789.078947368421,607,19.0,0.03035143769968051,1164.3224932249325,1.8617886178861789,799.4450402144772,742,23.0,0.030065359477124184,1168.5986842105262,2.2467105263157894,1078.421052631579,608,26.0,0.04100946372239748,854.1404761904762,1.3166666666666669,930.990566037736,844,28.0,0.03211009174311927,432.00508905852416,1.4198473282442747,476.8101265822785,788,10.0,0.012531328320802004,1176.7259786476868,2.7295373665480427,977.809187279152,564,13.0,0.022530329289428077,709.578947368421,1.8105263157894735,832.8311688311688,765,33.0,0.041353383458646614
151,202405,31,819.7276785714286,2.1607142857142856,757.6339285714286,896,15.0,0.01646542261251372,2307.9109653233363,2.217432052483599,3093.021201413428,2199,628.0,0.22214361513972408,1564.481627296588,3.125984251968504,1433.086092715232,1517,111.0,0.06818181818181818,967.5764331210192,2.4028662420382165,845.9810126582279,1260,35.0,0.02702702702702703,1240.7515151515152,1.1666666666666667,1250.2114803625377,661,31.0,0.044797687861271675,1117.7291381668947,2.20109439124487,791.9474412171508,1454,40.0,0.02677376171352075,1064.4157441574416,2.739237392373924,781.9283065512979,1622,34.0,0.020531400966183576,1632.8978978978978,2.7417417417417416,1205.5045871559632,660,30.0,0.043478260869565216,532.3825503355705,1.0201342281879195,257.7086092715232,300,0.0,0.0,582.8571428571429,2.759637188208617,727.6537585421412,880,29.0,0.0319031903190319,3631.3984962406016,14.278195488721805,3910.71104387292,1326,224.0,0.14451612903225808,1282.9323529411763,2.5,1302.2222222222222,1355,44.0,0.031451036454610434,781.7951923076923,0.8288461538461539,866.8846153846154,2080,31.0,0.01468498342018001,1141.4886578449905,4.428166351606805,1269.4948162111216,2119,72.0,0.032861706983112735,1041.4457593688362,1.9812623274161736,1125.7566765578636,2025,95.0,0.04481132075471698,842.6153846153846,1.34478021978022,696.1813186813187,1456,55.0,0.036399735274652546,1592.8100263852243,1.3641160949868074,1281.3829787234042,755,72.0,0.08706166868198308,2279.238578680203,2.875634517766497,3431.8204488778056,795,84.0,0.09556313993174062,931.4697406340058,3.746397694524496,940.8695652173913,692,8.0,0.011428571428571429,1336.28025477707,2.640127388535032,1192.2518676627535,1879,81.0,0.0413265306122449,1455.4195804195804,1.7604895104895104,1699.7905759162304,1145,36.0,0.03048264182895851,1517.654867256637,2.851769911504425,1250.6312292358805,1807,56.0,0.030059044551798177,853.2689393939394,1.193181818181818,743.1923076923077,1048,19.0,0.01780693533270853,1125.533195020747,2.4460580912863072,1303.0875,962,48.0,0.047524752475247525,966.662,1.442,1095.8536585365853,992,32.0,0.03125,878.2716049382716,1.7674897119341564,779.874739039666,965,51.0,0.05019685039370079,1256.725806451613,1.7594086021505375,1045.5405405405406,1484,65.0,0.04196255648805681,936.907894736842,1.3289473684210529,1064.9511400651463,611,15.0,0.023961661341853034,1219.1594594594594,2.6135135135135137,846.1788617886178,739,23.0,0.030183727034120734,1162.9013157894738,1.993421052631579,1082.8,604,40.0,0.062111801242236024,1353.8142857142857,1.1023809523809525,1167.7142857142858,840,25.0,0.028901734104046242,905.2060301507538,1.9974874371859297,793.2964824120603,796,28.0,0.03398058252427184,822.306338028169,2.2746478873239435,725.8947368421053,569,14.0,0.024013722126929673,1252.34375,1.5729166666666667,1017.007874015748,765,27.0,0.03409090909090909
152,202406,1,628.7415143603133,2.6762402088772848,819.2063492063492,761,20.0,0.02560819462227913,3686.339768339768,8.90926640926641,3472.039024390244,2061,437.0,0.17493995196156925,1218.6913767019666,2.118003025718608,1114.531722054381,1323,90.0,0.06369426751592357,610.972972972973,1.6525096525096523,662.6386233269599,1041,27.0,0.025280898876404494,1968.273529411765,3.097058823529412,2195.2023121387283,686,28.0,0.0392156862745098,651.1758957654723,1.8094462540716607,600.5834683954619,1231,26.0,0.020684168655529037,1053.474964234621,3.4577968526466383,867.2492836676217,1397,39.0,0.027158774373259052,837.1262798634813,3.150170648464164,725.472972972973,589,41.0,0.06507936507936508,1215.4485294117646,0.6764705882352942,777.5522388059702,270,5.0,0.01818181818181818,1009.0140845070424,1.8507042253521129,502.9608938547486,713,21.0,0.02861035422343324,2407.4750830564785,13.740863787375416,2661.0865874363326,1191,96.0,0.07459207459207459,1271.900489396411,2.274061990212072,1517.6644736842106,1221,66.0,0.05128205128205128,635.6449704142012,1.0804733727810651,649.6235294117647,1695,22.0,0.0128130460104834,1135.5991516436904,7.273594909862142,1367.2881355932204,1887,31.0,0.01616266944734098,1142.9191583610188,3.0996677740863787,1065.4017857142858,1799,100.0,0.0526592943654555,815.2617886178862,1.146341463414634,674.7613636363636,1231,37.0,0.02917981072555205,1414.362467866324,1.4601542416452442,1298.1958762886595,777,36.0,0.04428044280442804,1662.1192052980132,1.7781456953642385,1620.7920792079208,605,42.0,0.06491499227202473,638.8565573770492,3.2745901639344264,630.1224489795918,489,9.0,0.018072289156626505,983.0677083333334,3.0494791666666665,940.5256241787122,1529,87.0,0.053836633663366336,798.7764705882353,1.7647058823529411,913.9110070257613,852,27.0,0.030716723549488054,1422.633744855967,3.92318244170096,931.5961800818554,1462,48.0,0.031788079470198675,990.4635761589404,1.3024282560706402,1040.4878048780488,904,6.0,0.006593406593406593,1037.4447368421052,2.6447368421052637,1285.0259067357513,766,54.0,0.06585365853658537,849.2371638141809,1.9559902200489,940.6175771971496,830,42.0,0.0481651376146789,1515.9948051948052,2.093506493506493,1349.4601542416451,774,26.0,0.0325,989.5176630434784,1.1005434782608696,942.9268292682926,1474,36.0,0.02384105960264901,598.0876494023904,1.199203187250996,834.7619047619048,503,4.0,0.007889546351084813,861.6604938271605,2.132716049382716,794.5398773006135,650,17.0,0.025487256371814093,1029.6181102362204,2.0866141732283463,958.5770750988142,507,16.0,0.030592734225621414,851.7810218978102,1.2798053527980535,793.3170731707318,821,32.0,0.03751465416178194,533.9895833333334,1.6614583333333333,514.353562005277,763,20.0,0.02554278416347382,549.4029850746268,2.951492537313433,767.9104477611941,536,12.0,0.021897810218978103,1062.9333333333334,1.448888888888889,575.7847533632287,448,12.0,0.02608695652173913
153,202406,2,867.0666666666667,2.905747126436782,777.3732718894009,869,13.0,0.01473922902494331,4025.03889943074,21.38519924098672,3674.015009380863,2120,696.0,0.2471590909090909,1347.9655629139072,2.4225165562913906,1207.578947368421,1515,76.0,0.04776869893148963,891.8178963893249,3.729984301412873,998.537360890302,1266,32.0,0.02465331278890601,1057.5,0.7988505747126436,949.2795389048993,695,27.0,0.037396121883656507,845.439606741573,2.3735955056179776,623.5260930888576,1421,16.0,0.011134307585247043,1458.74317617866,4.554590570719603,1259.624530663329,1605,38.0,0.023128423615337797,1049.6829268292684,3.634146341463415,921.0365853658536,656,18.0,0.026706231454005934,896.25,0.7647058823529411,1093.92700729927,273,0.0,0.0,1043.1292517006802,4.8231292517006805,611.533180778032,878,18.0,0.020089285714285716,1284.9530102790015,2.7958883994126285,1390.1033973412111,1358,56.0,0.039603960396039604,1079.6404160475483,4.089153046062407,1357.6435935198822,1352,43.0,0.03082437275985663,861.4906588003934,1.1799410029498525,875.2662721893491,2031,44.0,0.021204819277108433,958.2832535885168,3.442105263157895,1159.5104961832062,2093,44.0,0.020589611605053813,1210.3446153846153,2.5723076923076924,1310.0710659898475,1960,83.0,0.040626529613313755,1158.036111111111,2.833333333333333,896.218793828892,1433,24.0,0.016472203157172273,1744.362467866324,4.010282776349614,1834.0458015267172,782,23.0,0.02857142857142857,1384.32,1.608,1602.466487935657,748,56.0,0.06965174129353234,731.8064516129032,2.6161290322580646,723.6774193548387,620,9.0,0.014308426073131956,1046.253246753247,2.567099567099567,933.9074273412272,1853,52.0,0.027296587926509186,963.8947368421052,1.6754385964912282,1105.4736842105262,1140,26.0,0.022298456260720412,1969.1657142857143,3.0765714285714285,1519.5428571428572,1750,50.0,0.027777777777777776,1009.0076335877862,1.2538167938931295,743.7714285714286,1049,6.0,0.005687203791469194,1265.608163265306,2.442857142857143,1223.704918032787,978,65.0,0.062320230105465,1359.4814049586778,6.896694214876033,999.25,964,47.0,0.04648862512363996,1121.6089743589744,1.995726495726496,998.9224137931036,932,66.0,0.06613226452905811,948.2073976221928,1.0660501981505943,783.4874504623514,1514,33.0,0.021331609566903685,743.0350877192982,1.2771929824561403,809.6819787985866,568,11.0,0.018998272884283247,880.1955922865013,2.628099173553719,1201.6438356164383,728,20.0,0.026737967914438502,1208.9185667752442,1.798045602605863,927.557003257329,614,42.0,0.06402439024390244,908.5353075170844,1.355353075170843,888.5193621867882,878,7.0,0.007909604519774011,333.3237597911227,1.605744125326371,367.4857142857143,768,7.0,0.00903225806451613,902.0905923344948,2.672473867595819,661.8815331010453,574,6.0,0.010344827586206896,1042.873900293255,2.1378299120234603,709.4736842105264,683,6.0,0.008708272859216255
154,202406,3,442.32444444444445,2.897777777777778,564.3708609271523,903,2.0,0.0022099447513812156,2613.910074937552,6.432972522897585,2299.642567018684,2432,180.0,0.06891271056661562,852.609756097561,2.2310654685494224,842.4678663239074,1557,16.0,0.010171646535282899,1294.2242990654206,3.2741433021806854,1157.8683385579936,1280,30.0,0.022900763358778626,1222.925816023739,3.973293768545994,1143.382789317507,674,12.0,0.01749271137026239,586.360768175583,2.474622770919068,495.8931506849315,1459,13.0,0.008831521739130434,1045.5622688039457,3.919852034525277,690.0370828182942,1620,24.0,0.014598540145985401,1107.6536144578313,3.0301204819277108,1471.5407854984894,663,13.0,0.019230769230769232,776.3219178082192,1.143835616438356,482.4827586206897,291,0.0,0.0,898.255033557047,5.277404921700224,518.1208053691275,894,11.0,0.012154696132596685,1059.391304347826,2.417391304347826,1074.0,1380,31.0,0.021970233876683204,1012.3260553129548,2.7627365356623,1415.426917510854,1378,21.0,0.01501072194424589,777.0863723608445,1.1477927063339732,739.6342637151107,2081,18.0,0.00857551214864221,886.7929104477612,7.582089552238806,748.7686567164179,2144,20.0,0.009242144177449169,1098.3568665377177,3.0174081237911023,909.1279069767442,2066,59.0,0.02776470588235294,1177.2506738544475,2.292452830188679,1092.9986541049798,1485,8.0,0.0053583389149363695,1256.4909560723513,1.0516795865633075,745.979381443299,775,13.0,0.01649746192893401,1058.970588235294,1.08578431372549,1356.0591133004923,814,18.0,0.021634615384615384,948.792507204611,2.729106628242075,1600.057803468208,693,10.0,0.01422475106685633,698.1419624217119,1.6576200417536535,663.9705882352941,1910,36.0,0.018499486125385406,516.3350785340314,1.544502617801047,729.3031358885017,1147,17.0,0.014604810996563574,770.4395604395604,3.304395604395604,712.7292576419214,1826,21.0,0.01136978884677856,663.276923076923,2.126923076923077,628.8461538461538,1040,14.0,0.013282732447817837,1369.7484536082477,2.837113402061856,1398.9338842975208,969,30.0,0.03003003003003003,912.0258449304176,2.1530815109343937,1031.7102615694164,1000,23.0,0.022482893450635387,1313.3752577319588,2.8123711340206183,1164.5738045738046,966,10.0,0.010245901639344262,645.0599201065246,1.2862849533954728,520.4295302013422,1496,30.0,0.019659239842726082,638.3550488599349,0.9609120521172638,586.8627450980392,613,4.0,0.006482982171799027,945.9472295514512,2.559366754617414,641.0159574468086,755,12.0,0.01564537157757497,428.3472668810289,1.3729903536977492,632.1290322580645,621,2.0,0.0032102728731942215,726.9225352112676,1.4295774647887325,622.6229508196722,853,4.0,0.004667444574095682,316.3934837092732,1.731829573934837,293.93939393939394,795,18.0,0.02214022140221402,685.5944055944055,3.055944055944056,493.9583333333333,574,2.0,0.003472222222222222,1006.020942408377,2.2801047120418847,936.0,762,12.0,0.015503875968992248
155,202406,4,1026.3796296296296,2.798611111111111,585.5172413793103,867,5.0,0.005733944954128441,1582.51500405515,6.176804541768045,1258.196588139724,2464,25.0,0.010044194455604661,601.9511533242877,1.886024423337856,767.3045822102426,1479,13.0,0.00871313672922252,1912.903225806452,11.376344086021506,1585.3429602888086,1112,5.0,0.004476275738585497,902.7820512820512,1.7179487179487178,1076.1290322580646,622,11.0,0.017377567140600316,861.5968208092486,2.1560693641618496,558.6876790830945,1390,29.0,0.0204369274136716,880.6298200514138,4.557840616966581,656.9191270860077,1557,16.0,0.010171646535282899,1124.384375,2.39375,825.4777070063694,634,7.0,0.0109204368174727,719.1304347826087,1.6376811594202898,512.1739130434783,276,4.0,0.014285714285714285,1210.0238663484488,5.39618138424821,844.9645390070922,842,34.0,0.03881278538812785,692.469512195122,3.3064024390243905,777.3676248108926,1317,16.0,0.012003000750187547,2680.2377850162866,3.7231270358306183,2867.3578595317726,1212,269.0,0.18163403106009454,638.2389937106918,2.0136268343815518,689.0200210748156,1903,11.0,0.005747126436781609,629.3146176185867,2.823814133591481,629.5366795366796,2069,15.0,0.007197696737044146,1243.0509683995922,4.503567787971457,1635.398773006135,1959,32.0,0.01607232546459066,864.3710144927536,1.3681159420289857,436.37155297532655,1379,16.0,0.011469534050179211,784.5013550135501,0.8021680216802168,643.3155080213904,743,12.0,0.015894039735099338,889.2063492063492,1.4523809523809523,953.315649867374,755,7.0,0.009186351706036745,1190.9855072463768,6.211594202898551,655.5043227665706,692,6.0,0.008595988538681949,693.581081081081,2.381756756756757,527.361268403171,1771,11.0,0.006172839506172839,655.1710261569416,1.352112676056338,531.7529880478088,999,9.0,0.008928571428571428,834.3055555555555,2.622685185185185,674.2491268917346,1723,15.0,0.00863060989643268,838.7545638945234,1.3164300202839756,554.0816326530612,983,7.0,0.007070707070707071,985.1847826086956,2.389130434782609,1186.1739130434785,920,19.0,0.02023429179978701,1184.8642533936652,2.959276018099548,722.8314606741573,887,27.0,0.02954048140043764,1131.5528634361233,2.7709251101321586,728.9473684210526,910,10.0,0.010869565217391304,719.2271386430679,1.2492625368731562,886.2352941176471,1358,40.0,0.02861230329041488,856.551724137931,1.8448275862068968,951.5463917525772,581,11.0,0.018581081081081082,1385.6980609418283,5.329639889196676,1095.6666666666667,721,26.0,0.03480589022757698,522.0422535211268,1.6619718309859155,421.2676056338028,568,10.0,0.01730103806228374,672.1976744186046,1.4069767441860466,502.7167630057804,690,12.0,0.017094017094017096,527.9756756756757,3.091891891891892,326.6846361185984,741,8.0,0.010680907877169559,752.0727272727273,2.6618181818181816,630.3249097472924,552,14.0,0.024734982332155476,856.7810026385224,5.226912928759894,515.5905511811023,760,4.0,0.005235602094240838
156,202406,5,2878.457286432161,3.884422110552764,1958.796992481203,797,139.0,0.1485042735042735,2735.6277021617293,4.082465972778222,3248.183980967486,2510,235.0,0.08561020036429873,1181.9663865546215,1.619047619047619,1211.5352697095436,1437,57.0,0.03815261044176707,1474.19795221843,4.889078498293515,961.6382252559728,1172,38.0,0.03140495867768595,1624.168284789644,0.9385113268608414,1586.3225806451612,619,25.0,0.03881987577639751,1510.5647887323944,2.4056338028169013,1008.307254623044,1413,108.0,0.07100591715976332,1215.0704402515723,2.640251572327044,889.5949367088608,1585,9.0,0.0056461731493099125,2081.963190184049,3.812883435582822,1437.3584905660375,644,74.0,0.10306406685236769,1398.3020134228188,6.489932885906041,840.8163265306123,296,6.0,0.019867549668874173,1552.9906542056074,4.761682242990654,1412.122641509434,852,112.0,0.11618257261410789,4558.950715421303,19.373608903020667,5179.8029556650245,1238,474.0,0.27686915887850466,1842.9934318555008,3.3513957307060758,2190.7223113964687,1232,206.0,0.14325452016689846,1110.0356020942409,1.4973821989528795,1024.7798742138364,1909,49.0,0.02502553626149132,986.2982625482624,2.1776061776061777,1093.8017324350335,2075,117.0,0.05337591240875912,1426.012,1.987,1345.2286282306163,2006,89.0,0.04248210023866349,2082.4281524926687,4.574780058651027,1636.283185840708,1360,122.0,0.08232118758434548,1181.157894736842,1.3888888888888888,1333.2954545454545,694,27.0,0.03744798890429958,2186.791443850268,4.729946524064171,2089.572192513369,748,58.0,0.07196029776674938,1561.816384180791,4.2175141242937855,1601.8285714285714,704,32.0,0.043478260869565216,1137.5106145251398,2.2782122905027933,979.4630872483222,1789,32.0,0.01757276221856123,1227.710843373494,1.987951807228916,1271.1823647294589,997,13.0,0.01287128712871287,1346.5357967667435,2.2782909930715936,1180.36866359447,1734,37.0,0.020892151326933936,834.9126984126984,1.0376984126984128,689.2175648702595,1005,12.0,0.011799410029498525,1907.2696390658173,2.3630573248407645,1910.0581896551723,935,72.0,0.07149950347567031,1704.2986425339366,2.909502262443439,1529.590909090909,882,75.0,0.07836990595611286,1394.5945945945946,1.4033264033264032,1426.4435146443514,959,49.0,0.04861111111111111,1294.5984962406014,1.6766917293233083,1287.7810650887575,1341,99.0,0.06875,1722.8865979381444,3.8831615120274914,2299.0443686006824,584,49.0,0.07740916271721959,1844.2813370473536,2.788300835654596,1467.3672316384182,713,59.0,0.07642487046632124,1248.4593639575971,2.148409893992933,1132.6315789473683,568,7.0,0.01217391304347826,1241.049275362319,1.153623188405797,1240.0,696,32.0,0.04395604395604396,623.9031413612565,1.599476439790576,492.8372703412073,763,5.0,0.006510416666666667,1948.139534883721,3.9108527131782944,1136.2934362934363,517,127.0,0.1972049689440994,2540.99173553719,9.724517906336088,1747.1866295264624,722,97.0,0.11843711843711843
157,202406,6,1724.0662251655629,8.783664459161148,1419.7767857142858,901,15.0,0.016375545851528384,1235.937073540561,1.843062926459439,1342.1148036253776,2643,53.0,0.019658753709198812,1107.3973684210523,2.5842105263157893,1051.5415019762845,1519,22.0,0.01427644386761843,2347.41885625966,7.513137557959815,1510.0154559505409,1294,57.0,0.04219096965210955,1194.0146627565982,1.5454545454545454,1041.41592920354,680,3.0,0.004392386530014641,2469.0597609561755,3.4674634794156707,1681.4323607427057,1507,60.0,0.03828972559029994,1146.0365566037735,2.077830188679245,802.6241134751773,1694,16.0,0.00935672514619883,1563.5897435897436,5.72934472934473,1318.3240223463688,709,18.0,0.024759284731774415,1458.2582781456954,1.576158940397351,1194.8,301,3.0,0.009868421052631578,1261.5824175824175,6.092307692307692,1544.168514412417,906,21.0,0.022653721682847898,1119.948905109489,1.527007299270073,1257.0605187319884,1379,50.0,0.03498950314905528,1427.1517857142858,2.708333333333333,1839.264705882353,1352,45.0,0.03221188260558339,892.7045009784736,1.5567514677103718,809.7058823529412,2042,12.0,0.005842259006815969,762.6239396795476,1.7775683317624882,818.1561618062088,2124,153.0,0.06719367588932806,1316.3203125,1.751953125,1319.3529411764705,2044,38.0,0.01825168107588857,1204.8085676037483,1.7269076305220885,1024.9061662198392,1493,16.0,0.010603048376408217,1182.414364640884,2.201657458563536,1239.0082644628098,725,6.0,0.008207934336525308,1371.428571428571,0.7869249394673123,1447.5912408759125,824,13.0,0.015531660692951015,1134.56,2.509333333333333,1279.787234042553,751,11.0,0.014435695538057743,952.6149897330596,1.822381930184805,945.2459016393444,1950,50.0,0.025,1071.6923076923076,1.7863247863247864,1337.804459691252,1168,29.0,0.02422723475355054,1183.354838709677,1.967741935483871,1050.4843918191605,1859,26.0,0.013793103448275862,811.0694183864915,1.129455909943715,788.7476635514018,1068,9.0,0.008356545961002786,1164.6349514563108,2.1320388349514565,1204.4015444015445,1033,13.0,0.0124282982791587,1222.3947368421052,1.8157894736842104,1057.3630831643002,987,17.0,0.01693227091633466,1203.5745526838966,1.5268389662027833,1373.9165009940357,1006,15.0,0.014691478942213516,2063.345479082321,7.771929824561403,2320.1902173913045,1477,33.0,0.02185430463576159,942.8301886792452,1.3113207547169812,1313.9811912225705,637,12.0,0.01848998459167951,1364.3474801061009,4.310344827586207,1713.031914893617,753,14.0,0.018252933507170794,1583.2239747634069,5.899053627760252,2037.3248407643312,631,14.0,0.021705426356589147,1216.4791154791155,2.13022113022113,1016.3144963144964,814,10.0,0.012135922330097087,724.5196078431372,1.6372549019607845,543.1219512195122,818,1.0,0.001221001221001221,1998.041958041958,6.601398601398602,1266.3604240282689,569,13.0,0.022336769759450172,1308.1266490765172,3.0686015831134563,1053.12,754,16.0,0.02077922077922078
158,202406,7,558.4933035714286,3.1361607142857144,644.8997772828508,897,9.0,0.009933774834437087,1108.105421686747,1.6460843373493976,1232.4604966139957,2657,22.0,0.008212019410227697,1289.242819843342,2.266318537859008,1412.0,1531,22.0,0.014166130070830651,1220.6132352941177,3.4308823529411763,850.3964757709251,1361,6.0,0.0043891733723482075,864.1627218934912,0.5739644970414202,521.0059171597633,676,4.0,0.0058823529411764705,966.4615384615385,3.276401564537158,783.8786279683377,1525,24.0,0.015493867010974823,1019.4605418138988,2.232037691401649,848.6416861826698,1703,20.0,0.011607661056297156,820.875,3.5972222222222223,762.1169916434541,719,9.0,0.012362637362637362,899.2738853503184,0.8152866242038217,656.5384615384615,313,7.0,0.021875,821.4108695652174,5.4,798.562091503268,919,8.0,0.008629989212513484,920.9182209469152,1.218077474892396,844.793152639087,1398,12.0,0.00851063829787234,804.8183161004431,2.0443131462333826,1168.6725663716811,1355,10.0,0.007326007326007326,521.546845124283,0.5755258126195029,618.1766381766382,2099,6.0,0.0028503562945368173,1229.1903460837889,5.241347905282331,1437.1926605504586,2188,37.0,0.01662921348314607,770.8575581395348,1.5242248062015504,719.3004830917874,2067,21.0,0.010057471264367816,672.7793733681463,1.3550913838120104,648.6509803921568,1531,13.0,0.008419689119170985,1200.1553133514983,2.5967302452316074,1577.377049180328,733,6.0,0.008119079837618403,1075.9808612440193,1.0717703349282297,1131.6945107398567,837,1.0,0.0011933174224343676,709.5039164490862,2.300261096605744,674.1361256544502,765,2.0,0.002607561929595828,1220.121951219512,2.236788617886179,1096.3136456211812,1966,38.0,0.018962075848303395,1575.98615916955,2.2283737024221453,1971.785095320624,1155,26.0,0.02201524132091448,1409.936575052854,2.1627906976744184,1437.9789473684211,1896,27.0,0.014040561622464899,818.9239130434783,1.7608695652173914,851.5426497277676,1103,6.0,0.005410279531109108,727.1165048543689,1.8446601941747571,762.1126213592233,1030,9.0,0.008662175168431183,854.1176470588235,1.484313725490196,648.8757396449704,1017,13.0,0.01262135922330097,1061.5009633911368,5.069364161849711,748.957528957529,1037,3.0,0.0028846153846153848,956.6626016260162,1.5013550135501357,951.869918699187,1476,9.0,0.006060606060606061,593.9622641509434,1.830188679245283,717.3584905660377,636,7.0,0.01088646967340591,773.9028871391076,1.753280839895013,633.75,765,18.0,0.022988505747126436,2022.3076923076924,3.391025641025641,2074.696485623004,625,20.0,0.031007751937984496,1211.348148148148,3.592592592592593,1261.7777777777778,810,1.0,0.0012330456226880395,1113.266169154229,1.9328358208955223,1027.0223325062034,805,34.0,0.04052443384982122,838.5314685314685,3.0244755244755246,605.2447552447552,572,4.0,0.006944444444444444,508.7368421052632,1.7184210526315788,453.87862796833775,759,10.0,0.013003901170351105
159,202406,8,614.1902313624679,2.503856041131105,503.3160621761658,775,3.0,0.0038560411311053984,936.0521251002406,1.722534081796311,1107.6404494382025,2493,13.0,0.0051875498802873106,912.2958152958151,2.632034632034632,767.4277456647399,1385,8.0,0.00574300071787509,761.4113597246127,2.8812392426850257,813.5294117647059,1159,5.0,0.00429553264604811,564.5597826086956,0.9728260869565216,686.918918918919,738,4.0,0.005390835579514825,492.75898203592817,2.1467065868263475,440.7726597325409,1341,11.0,0.008136094674556213,862.6442687747035,2.312252964426877,888.5526315789474,1519,21.0,0.013636363636363636,638.7383177570093,3.445482866043614,724.4444444444445,645,15.0,0.022727272727272728,855.8378378378378,0.9391891891891893,528.2432432432432,296,4.0,0.013333333333333334,500.8556149732621,2.005347593582888,826.7904509283819,751,4.0,0.005298013245033113,743.4359805510535,1.2025931928687197,993.841166936791,1234,14.0,0.011217948717948718,719.2640901771337,2.4782608695652173,814.823151125402,1243,8.0,0.006394884092725819,610.180709534368,1.0942350332594235,441.4666666666666,1802,11.0,0.006067291781577496,1597.381188118812,6.341584158415841,1534.073339940535,2019,10.0,0.0049285362247412515,740.4382978723404,2.376595744680851,806.9677419354839,1870,17.0,0.009009009009009009,540.25705794948,1.9925705794947997,525.4005934718101,1347,8.0,0.005904059040590406,974.941018766756,1.8847184986595171,1315.1612903225807,745,2.0,0.002677376171352075,1134.1284403669724,1.2935779816513762,831.4285714285714,656,1.0,0.0015220700152207,525.8102893890675,2.598070739549839,638.3922829581993,622,3.0,0.0048,775.1020408163265,2.162064825930372,544.1877256317689,1664,8.0,0.004784688995215311,854.4444444444445,1.8148148148148149,1289.5194508009154,869,15.0,0.016968325791855202,774.5385587863464,2.333754740834387,726.2958280657396,1582,21.0,0.013100436681222707,635.1247563352827,1.5360623781676412,618.3170254403132,1024,5.0,0.004859086491739553,527.1136363636364,1.559090909090909,764.1818181818181,880,2.0,0.0022675736961451248,675.296052631579,1.868421052631579,669.3421052631579,912,7.0,0.007616974972796518,1186.4650655021835,7.72707423580786,876.3123644251627,919,5.0,0.005411255411255411,773.7612323491657,1.177150192554557,820.6923076923077,1559,16.0,0.010158730158730159,504.963503649635,1.197080291970803,1092.4363636363637,549,6.0,0.010810810810810811,455.8047337278106,2.13905325443787,583.108504398827,679,4.0,0.005856515373352855,811.7607142857142,2.067857142857143,844.2857142857143,560,2.0,0.0035587188612099642,678.8452088452088,2.326781326781327,1092.5307125307124,814,5.0,0.006105006105006105,506.925641025641,1.641025641025641,579.8449612403101,777,9.0,0.011450381679389313,557.5824175824176,3.1648351648351647,452.0,543,0.0,0.0,505.95238095238096,1.4484126984126984,472.6482213438735,505,5.0,0.00980392156862745
160,202406,9,872.5242494226328,2.868360277136259,913.6866359447004,867,9.0,0.010273972602739725,1245.4981046247158,2.7369219105382867,1425.3079847908746,2634,33.0,0.012373453318335208,1337.898921832884,2.966307277628032,874.6774193548387,1486,11.0,0.007348029392117568,967.5982404692082,3.3958944281524928,959.6480938416422,1364,6.0,0.004379562043795621,931.5454545454544,0.8153409090909091,724.7942857142857,702,8.0,0.011267605633802818,1056.802110817942,2.951187335092348,894.7619047619048,1514,9.0,0.005909389363099146,1006.010650887574,2.6639053254437868,1021.4928909952606,1689,10.0,0.005885815185403178,618.3844011142062,4.66016713091922,817.8151260504202,716,14.0,0.019178082191780823,671.3958333333334,0.9791666666666666,668.3916083916084,287,1.0,0.003472222222222222,920.0,2.750551876379691,719.0604026845638,900,8.0,0.00881057268722467,904.8625180897252,1.4240231548480462,895.0506512301013,1382,11.0,0.007896625987078248,1235.0765832106038,3.7142857142857135,1357.6106194690265,1357,11.0,0.00804093567251462,690.5465004793864,0.8418024928092043,703.2918660287081,2088,11.0,0.005240590757503573,1551.734862385321,5.011926605504587,1823.8461538461536,2182,21.0,0.009532455742169769,897.6030303030303,1.3262626262626265,912.9859719438878,1988,22.0,0.010945273631840797,866.2400530503979,1.5941644562334218,784.96,1504,17.0,0.011176857330703484,692.5342465753424,1.8547945205479448,1106.885245901639,731,3.0,0.004087193460490463,1105.354330708661,1.8923884514435696,982.3218997361478,760,2.0,0.0026246719160104987,792.92,2.3142857142857145,961.5472779369628,699,5.0,0.007102272727272727,908.7774294670846,2.9508881922675028,1003.2776617954072,1915,23.0,0.011867905056759546,1115.13986013986,2.0402097902097904,1483.6363636363635,1144,23.0,0.01970865467009426,942.0796460176992,2.3783185840707963,917.1334068357222,1811,19.0,0.010382513661202186,1214.180987202925,4.912248628884826,1034.91833030853,1098,10.0,0.009025270758122744,1024.7696737044146,2.4241842610364683,915.7055449330784,1044,11.0,0.01042654028436019,834.5980392156863,1.2529411764705882,828.6614173228346,1018,15.0,0.01452081316553727,938.7964774951076,2.183953033268102,1049.0551181102362,1019,7.0,0.00682261208576998,878.079634464752,1.0496083550913835,786.6492829204693,1533,8.0,0.005191434133679429,820.4,1.2433333333333334,969.0,600,2.0,0.0033222591362126247,814.8257372654156,2.1099195710455763,788.3422459893048,747,16.0,0.020969855832241154,1206.4761904761904,2.1619047619047618,1721.2738853503186,629,13.0,0.020249221183800622,969.2626506024096,1.4626506024096386,977.2661870503596,832,1.0,0.0012004801920768306,579.3737113402062,1.6108247422680413,297.37113402061857,776,21.0,0.026348808030112924,597.0629370629371,2.9965034965034967,696.25,574,4.0,0.006920415224913495,362.9479768786128,1.3728323699421965,522.8323699421966,692,1.0,0.001443001443001443
161,202406,10,722.1946308724832,2.984340044742729,935.7046979865772,894,10.0,0.011061946902654867,1718.018278750952,2.5567402894135567,1646.104783599089,2630,85.0,0.03130755064456722,961.0974967061924,2.0013175230566533,1016.7885117493472,1525,15.0,0.00974025974025974,930.2606774668632,3.3328424153166423,823.0837004405287,1360,6.0,0.004392386530014641,983.3760932944606,0.8250728862973761,771.9533527696793,686,4.0,0.005797101449275362,620.7278645833334,2.7526041666666665,540.1564537157758,1535,15.0,0.00967741935483871,745.5795053003534,2.4051825677267376,851.25,1697,9.0,0.005275498241500586,783.8227146814404,3.548476454293629,929.010989010989,725,5.0,0.00684931506849315,393.29936305732485,1.1019108280254777,278.84615384615387,313,1.0,0.0031847133757961785,1015.1315789473684,4.276315789473684,921.7467248908296,914,12.0,0.012958963282937365,1342.8511235955057,11.987359550561798,1698.5078909612623,1409,28.0,0.019485038274182326,1106.1321585903083,2.624082232011748,1267.235294117647,1361,11.0,0.008017492711370262,631.2,0.84,493.4285714285714,2100,15.0,0.0070921985815602835,868.7073837739289,2.659981768459435,768.5036496350365,2193,27.0,0.012162162162162163,748.8267182962246,1.7250726040658275,1076.2922330097088,2063,18.0,0.008649687650168188,987.1553524804176,2.248041775456919,733.6292428198434,1532,13.0,0.008414239482200648,1292.934604904632,2.983651226158038,1521.3698630136987,732,4.0,0.005434782608695652,953.317191283293,1.9225181598062957,745.3623188405797,827,10.0,0.011947431302270013,709.0052356020942,2.5287958115183247,1001.780104712042,764,4.0,0.005208333333333333,839.6464032421479,2.797365754812563,743.9878542510121,1975,26.0,0.012993503248375811,941.896551724138,2.034482758620689,866.3667820069204,1158,2.0,0.0017241379310344827,801.8585005279831,1.8437170010559665,814.9102428722281,1894,17.0,0.008895866038723181,805.4076782449725,1.4625228519195612,1068.0438756855576,1094,17.0,0.0153015301530153,685.4246031746031,1.805555555555556,821.0276679841897,1010,9.0,0.008832188420019628,860.5316205533596,1.4051383399209487,789.3307086614174,1014,12.0,0.011695906432748537,802.8662790697674,1.498062015503876,848.953488372093,1032,15.0,0.014326647564469915,1186.6765498652292,5.788409703504043,955.800807537012,1485,10.0,0.006688963210702341,681.6300940438872,1.7053291536050157,833.4169278996865,638,2.0,0.003125,539.6971279373369,1.7441253263707572,774.3307086614174,764,5.0,0.006501950585175552,718.1072555205047,1.728706624605678,795.1419558359621,634,5.0,0.00782472613458529,1034.779702970297,2.5594059405940595,1137.3333333333333,809,4.0,0.004920049200492005,242.9168765743073,1.141057934508816,221.2325,797,4.0,0.004993757802746567,658.1184668989547,2.9547038327526134,427.5261324041812,574,4.0,0.006920415224913495,707.8125,1.4114583333333333,837.34375,768,6.0,0.007751937984496124
162,202406,11,1031.5754060324823,2.480278422273782,905.115207373272,865,11.0,0.012557077625570776,1642.0170674941814,2.3204034134988363,1714.3720930232555,2579,49.0,0.018645357686453576,1025.108635097493,2.0905292479108635,833.4728033472803,1435,12.0,0.0082930200414651,971.695945945946,2.9932432432432434,807.5675675675676,1184,8.0,0.006711409395973154,1390.8199356913185,2.913183279742765,1742.5,623,8.0,0.012678288431061807,918.6831275720164,2.093278463648834,770.983606557377,1461,18.0,0.012170385395537525,682.855900621118,3.496894409937888,567.1782178217821,1613,3.0,0.0018564356435643563,1085.9408284023668,2.9940828402366866,932.4852071005918,676,15.0,0.02170767004341534,632.8947368421053,2.348684210526316,295.6174496644296,301,5.0,0.016339869281045753,902.9931972789116,2.741496598639456,1068.843537414966,882,14.0,0.015625,2026.290801186944,11.85459940652819,2199.248120300752,1339,44.0,0.03181489515545915,887.3235294117648,2.280185758513932,1021.4860681114552,1292,25.0,0.018982536066818528,916.5298353909463,1.1862139917695471,756.4462809917355,1940,11.0,0.005638134290107637,655.404356060606,2.552083333333333,639.7350993377484,2113,14.0,0.006582040432534086,707.1187122736419,1.1911468812877264,710.2914572864322,1989,16.0,0.00798004987531172,898.0534458509142,1.428973277074543,699.2696629213483,1423,13.0,0.009052924791086351,4726.303125,20.1625,4778.857142857143,635,122.0,0.16116248348745046,1340.7387862796834,4.58575197889182,1245.8638743455497,761,17.0,0.021850899742930592,952.2689075630252,3.394957983193277,937.1428571428572,714,4.0,0.005571030640668524,773.050997782705,3.1607538802660757,713.9467849223947,1804,16.0,0.008791208791208791,989.88,1.542,854.5238095238095,1004,9.0,0.008884501480750246,642.4261168384879,1.579610538373425,653.0663615560641,1747,17.0,0.00963718820861678,840.0,1.0292397660818713,560.1176470588235,1023,10.0,0.00968054211035818,1075.3397435897436,1.831196581196581,1039.404255319149,938,14.0,0.014705882352941176,1079.212860310421,1.501108647450111,646.369710467706,900,21.0,0.02280130293159609,1054.5137420718816,1.46723044397463,1012.6526315789474,948,8.0,0.008368200836820083,1639.075987841945,2.5516717325227964,1643.202416918429,1320,19.0,0.014189693801344288,1195.4152823920265,1.8006644518272426,1445.0,601,8.0,0.013136288998357963,959.5464480874316,1.8224043715846996,755.0819672131148,732,18.0,0.024,1111.0416666666667,5.118055555555555,1094.375,576,8.0,0.0136986301369863,3122.631097560976,11.716463414634148,3275.8125,648,27.0,0.04,418.2493368700265,1.4641909814323608,307.97872340425533,753,8.0,0.010512483574244415,1180.494699646643,2.265017667844523,846.3380281690141,567,6.0,0.010471204188481676,837.4005376344086,2.274193548387097,751.4285714285714,750,22.0,0.02849740932642487
163,202406,12,893.9787735849056,2.313679245283019,1021.9952494061756,845,76.0,0.08251900108577633,1061.576773187841,1.6344505066250974,1208.34375,2563,111.0,0.04151084517576664,997.4644351464436,2.0278940027894,860.6954102920723,1436,32.0,0.021798365122615803,1802.3491027732464,8.210440456769984,1670.8524590163934,1223,32.0,0.02549800796812749,870.0853242320819,1.5392491467576792,906.5084745762712,588,73.0,0.11043872919818457,942.888111888112,2.1524475524475526,801.3687150837989,1431,100.0,0.06531678641410843,897.5230961298377,3.5755305867665417,755.6554307116105,1602,18.0,0.011111111111111112,1253.933933933934,3.5405405405405403,913.0909090909092,663,56.0,0.07788595271210014,957.4575163398692,0.6405228758169934,951.7733333333332,303,5.0,0.016233766233766232,1032.3653395784545,4.723653395784544,880.6542056074767,855,80.0,0.0855614973262032,934.9308755760368,2.506912442396313,1126.351145038168,1306,109.0,0.07703180212014134,991.6981132075472,2.1132075471698117,1193.1319554848967,1265,106.0,0.07731582786287382,1138.4341412012643,0.8282402528977871,1025.7534246575342,1898,108.0,0.053838484546360914,894.8274547187798,4.915157292659676,900.6309751434035,2095,71.0,0.03277931671283472,1037.9639278557115,1.714428857715431,1091.16,1998,99.0,0.04721030042918455,773.6599713055954,1.57532281205165,657.7840909090909,1401,61.0,0.041723666210670314,6072.111764705883,26.576470588235296,7244.191616766467,337,695.0,0.6734496124031008,1142.6842105263158,3.818421052631579,1388.776595744681,756,30.0,0.03816793893129771,764.6440677966102,3.248587570621469,879.6033994334277,707,26.0,0.03547066848567531,926.436882546652,2.439077936333699,857.3684210526316,1823,48.0,0.025654730090860504,674.5748987854251,1.2651821862348178,888.8933601609658,991,33.0,0.0322265625,702.9738933030648,2.1214528944381383,734.0571428571428,1756,48.0,0.026607538802660754,889.3230174081237,1.355899419729207,954.4508670520232,1036,11.0,0.010506208213944603,713.6844349680171,1.812366737739872,755.0444915254237,941,47.0,0.04757085020242915,809.2422222222223,1.508888888888889,712.9955947136564,904,57.0,0.05931321540062435,871.5175983436853,1.3643892339544514,644.5962732919255,966,17.0,0.017293997965412006,1065.887708649469,2.3353566009104703,771.9090909090909,1319,110.0,0.07697690692792163,833.356401384083,1.3079584775086506,1096.5156794425086,576,62.0,0.09717868338557993,629.4027777777778,1.7166666666666666,1014.8618784530388,722,44.0,0.057441253263707574,861.3802816901408,2.602112676056338,1064.893617021277,566,20.0,0.034129692832764506,3243.913043478261,11.967391304347826,4388.659793814433,378,592.0,0.6103092783505155,466.7719298245614,2.072681704260652,272.02255639097746,798,4.0,0.004987531172069825,1157.608695652174,3.1340579710144927,790.8088235294117,548,51.0,0.08514190317195326,768.8022284122562,1.6295264623955432,867.4238227146815,720,74.0,0.09319899244332494
164,202406,13,809.9521640091116,2.507972665148064,1038.2191780821918,877,58.0,0.06203208556149733,831.527397260274,1.3135464231354643,1134.209726443769,2630,103.0,0.03768752286864252,1067.3530183727034,2.2125984251968505,887.2727272727273,1521,28.0,0.018076178179470628,1104.0350877192982,3.3596491228070176,1106.0526315789473,1368,17.0,0.01227436823104693,1723.670769230769,5.636923076923077,1680.5572755417957,648,61.0,0.08603667136812412,891.5607843137254,2.284967320261438,788.6052631578947,1525,67.0,0.042085427135678394,818.0338785046729,2.2523364485981308,788.5116279069767,1716,13.0,0.007518796992481203,1335.1268011527377,5.587896253602305,838.1034482758621,695,42.0,0.05698778833107191,1150.6341463414635,1.2134146341463414,661.2378048780488,328,3.0,0.00906344410876133,1052.9864253393664,4.01131221719457,1036.9300225733634,885,63.0,0.06645569620253164,910.2503681885124,2.1045655375552283,991.7333333333332,1354,70.0,0.04915730337078652,1389.1626506024097,2.4457831325301207,1774.9848942598187,1326,61.0,0.04397981254506128,921.0883218842002,0.8577036310107949,1157.4513618677042,2047,75.0,0.0353440150801131,934.3449541284403,3.324770642201835,955.3803849679192,2181,56.0,0.025033527045149755,1321.785294117647,3.364705882352941,1352.556317335945,2041,82.0,0.038624587847385775,1149.6662269129288,2.0620052770448547,871.1750663129974,1512,44.0,0.028277634961439587,5347.990384615385,13.764423076923077,6223.539823008849,434,528.0,0.5488565488565489,899.1176470588235,1.0269607843137254,1293.3823529411766,816,25.0,0.029726516052318668,1214.893899204244,4.729442970822281,1315.0663129973475,754,11.0,0.01437908496732026,808.3503054989817,2.738289205702648,801.5290519877676,1963,58.0,0.028698664027709056,727.1453590192644,1.7600700525394046,945.8638743455498,1144,25.0,0.0213857998289136,821.7532467532468,2.453463203463204,675.4859611231102,1850,34.0,0.018046709129511677,763.4137291280149,1.7161410018552876,747.2625698324023,1076,18.0,0.016453382084095063,1039.704854368932,2.036893203883495,928.5380116959064,1028,45.0,0.04193849021435228,1082.7844311377246,3.165668662674651,972.8744939271256,995,58.0,0.055080721747388414,1419.9019607843138,5.347058823529411,1080.680473372781,1017,16.0,0.015488867376573089,1253.9635854341736,2.2521008403361344,1153.7552742616033,1425,107.0,0.06984334203655353,1148.571428571429,1.0194805194805194,1563.127035830619,615,40.0,0.061068702290076333,867.9380053908355,2.105121293800539,675.0,743,34.0,0.043758043758043756,816.7192429022082,2.0946372239747637,669.6529968454258,634,7.0,0.0109204368174727,4069.9142857142856,4.155555555555556,3618.0,635,290.0,0.31351351351351353,480.6567164179105,1.7462686567164178,462.53731343283584,804,4.0,0.0049504950495049506,823.6170212765958,5.039007092198582,993.3088235294116,554,32.0,0.05460750853242321,1199.6774193548388,3.0295698924731185,927.36,747,43.0,0.05443037974683544
165,202406,14,4234.360696517413,9.034825870646769,3284.8514851485147,806,181.0,0.1833839918946302,1582.1962264150943,1.7660377358490569,2016.081386586285,2652,46.0,0.01704966641957005,1217.281746031746,2.574074074074074,1077.240473061761,1517,13.0,0.00849673202614379,1433.812041116006,3.4684287812041115,1369.591836734694,1367,13.0,0.009420289855072464,1534.692082111437,4.043988269794721,1464.6745562130177,679,14.0,0.020202020202020204,1848.9214380825565,5.74167776298269,1536.730563002681,1497,85.0,0.053729456384323644,1063.6409356725146,3.770760233918129,942.1187427240978,1714,13.0,0.007527504342790967,1530.2881355932204,4.163841807909605,1523.2478632478633,705,23.0,0.03159340659340659,1134.8809523809523,0.9226190476190476,1487.094674556213,337,2.0,0.0058997050147492625,1430.6122448979593,3.7936507936507935,1285.4627539503383,884,65.0,0.0684931506849315,907.4970930232558,1.7354651162790695,953.8439306358382,1380,34.0,0.024045261669024046,1208.1091180866963,3.3781763826606874,1611.6216216216217,1335,63.0,0.045064377682403435,749.2476099426386,0.748565965583174,790.5916030534352,2094,30.0,0.014124293785310734,1446.2246575342465,6.33607305936073,1350.4804367606916,2194,24.0,0.010820559062218215,1397.652468538238,2.2642787996127782,1262.0950533462658,2064,50.0,0.023651844843897825,1602.8613333333333,1.7773333333333334,1382.864721485411,1504,53.0,0.0340398201669878,1777.6129943502824,2.4745762711864407,2518.6046511627906,698,43.0,0.058029689608636977,1198.2650602409635,1.1614457831325302,1303.0843373493976,830,8.0,0.00954653937947494,1053.6351706036746,2.8083989501312336,1320.1574803149606,762,13.0,0.016774193548387096,1118.4842639593908,2.3126903553299494,1060.344827586207,1971,19.0,0.009547738693467337,1062.296819787986,2.284452296819788,1352.0141342756183,1132,24.0,0.020761245674740483,1225.117773019272,2.52355460385439,999.2727272727273,1869,24.0,0.012678288431061807,1099.5100917431191,1.651376146788991,996.8131868131868,1091,6.0,0.0054694621695533276,1209.662109375,2.4453125,1141.6247582205028,1029,25.0,0.023719165085388995,1547.4738955823293,2.755020080321285,1251.0,998,58.0,0.054924242424242424,1227.357552581262,1.8623326959847035,1004.367816091954,1045,16.0,0.015080113100848256,1256.222068965517,1.6882758620689655,1526.380027739251,1446,80.0,0.05242463958060288,680.4076433121019,1.6528662420382163,1112.365930599369,631,12.0,0.01866251944012442,1159.3805774278214,2.351706036745407,1075.3899204244033,758,38.0,0.04773869346733668,988.595015576324,1.822429906542056,796.583850931677,643,5.0,0.007716049382716049,1953.421717171717,5.025252525252525,2213.2987012987014,781,53.0,0.06354916067146282,523.8240963855421,1.7036144578313253,342.9515738498789,828,5.0,0.006002400960384154,3908.0459770114944,5.651340996168583,2435.5471698113206,526,128.0,0.19571865443425077,3944.098360655738,5.221311475409836,2845.595567867036,727,142.0,0.16340621403912542
166,202406,15,638.3445595854922,2.922279792746114,904.6031746031746,764,25.0,0.031685678073510776,884.3548387096774,1.435483870967742,1101.4147909967846,2484,38.0,0.01506740681998414,932.2719298245614,1.6330409356725146,1035.307917888563,1366,26.0,0.01867816091954023,1401.734693877551,6.520408163265306,1035.358361774744,1174,9.0,0.0076077768385460695,1028.78364116095,1.058047493403694,1109.9208443271768,758,5.0,0.00655307994757536,705.9090909090909,2.780923994038748,528.410104011887,1344,24.0,0.017543859649122806,1027.0655526992289,4.0552699228791775,953.2480818414324,1560,32.0,0.020100502512562814,1115.8944099378882,3.695652173913044,1203.9009287925696,645,7.0,0.010736196319018405,743.7581699346405,1.5359477124183007,840.3973509933775,304,17.0,0.0529595015576324,834.2779291553134,1.9509536784741144,836.1185983827494,738,13.0,0.017310252996005325,541.957585644372,1.3083197389885808,957.9310344827586,1222,19.0,0.015310233682514102,1164.8389694041869,2.5603864734299515,1677.504,1246,25.0,0.01966955153422502,832.0910099889012,0.9855715871254164,694.543429844098,1799,6.0,0.0033240997229916896,1070.388888888889,7.305050505050505,1237.8659274193549,1982,48.0,0.023645320197044337,777.5213219616205,1.840085287846482,846.3572961373391,1870,30.0,0.015789473684210527,999.1629297458894,1.2630792227204783,748.2511210762332,1338,17.0,0.012546125461254613,853.3553719008264,1.451790633608815,1235.640326975477,730,29.0,0.03820816864295125,764.3076923076923,0.9815384615384616,936.51376146789,652,13.0,0.019548872180451128,891.4563106796116,2.822006472491909,1157.8640776699028,618,5.0,0.008025682182985553,709.7245508982036,1.858682634730539,704.8375451263538,1666,8.0,0.0047789725209080045,627.1328671328671,1.3543123543123543,639.392523364486,857,17.0,0.019450800915331808,948.6466165413534,2.3646616541353382,864.0903387703889,1595,11.0,0.00684931506849315,791.0,1.5579567779960708,892.7810650887574,1016,22.0,0.02119460500963391,898.8564814814815,1.6342592592592593,843.2093023255813,862,8.0,0.009195402298850575,995.8480176211452,2.392070484581498,714.4736842105264,910,8.0,0.008714596949891068,960.0634573304158,3.0131291028446388,1089.0196078431372,916,5.0,0.0054288816503800215,913.4117647058824,2.1019607843137256,1079.300518134715,1537,47.0,0.029671717171717172,485.6727272727273,1.2036363636363636,1090.909090909091,550,1.0,0.0018148820326678765,1110.338192419825,2.0,947.6162790697674,687,5.0,0.0072254335260115606,1046.875,3.6284722222222223,887.0833333333334,576,6.0,0.010309278350515464,984.2542787286064,1.4425427872860637,1062.1463414634147,819,10.0,0.012062726176115802,388.34422110552765,1.7160804020100502,485.3560606060606,794,7.0,0.008739076154806492,1194.2007434944237,2.7100371747211898,1764.402985074627,537,16.0,0.028933092224231464,678.0952380952381,2.063492063492064,888.8095238095239,504,29.0,0.054409005628517824
167,202406,16,817.1293302540415,2.4942263279445727,762.8965517241379,868,9.0,0.010262257696693273,1093.3885109599396,1.6318972033257748,1234.100681302044,2644,24.0,0.008995502248875561,1081.1336971350613,3.4297407912687587,926.111869031378,1466,22.0,0.01478494623655914,1572.2671532846716,4.163503649635037,1529.6480938416423,1367,21.0,0.015129682997118156,1395.8997134670487,6.0945558739255015,1679.8280802292263,698,5.0,0.007112375533428165,1132.325857519789,1.7480211081794197,1166.5524568393091,1511,15.0,0.009829619921363041,871.8722157092615,2.8546307151230947,927.859649122807,1708,8.0,0.004662004662004662,971.1340782122904,3.2262569832402237,1086.4044943820224,714,9.0,0.012448132780082987,467.7770700636943,0.7452229299363057,340.5194805194805,311,2.0,0.006389776357827476,747.8666666666667,2.9644444444444447,820.493273542601,896,2.0,0.0022271714922048997,1007.2160583941604,2.959124087591241,1173.215859030837,1366,13.0,0.009427121102248005,1049.3387096774193,3.250733137829912,1543.652430044183,1361,19.0,0.013768115942028985,784.5229885057471,1.0306513409961686,903.4318398474738,2093,11.0,0.005228136882129277,815.5304990757855,3.6719038817005543,932.8115808823528,2170,26.0,0.011839708561020037,2261.0475206611573,2.28099173553719,2031.6837782340865,1942,149.0,0.07125777140124342,1236.9156626506024,1.9236947791164656,1317.8821954484606,1494,30.0,0.01968503937007874,947.2805555555556,1.211111111111111,967.97783933518,721,4.0,0.005517241379310344,1478.2105263157894,1.1289473684210527,1545.3157894736842,760,1.0,0.001314060446780552,983.304347826087,3.36231884057971,1072.1739130434785,690,24.0,0.03361344537815126,1256.8778705636744,2.8037578288100207,1253.0480167014614,1916,22.0,0.011351909184726523,881.6112084063047,1.518388791593695,1081.0471204188482,1144,13.0,0.011235955056179775,1446.167597765363,2.916201117318436,1263.766816143498,1787,17.0,0.009423503325942351,704.1467889908257,1.0825688073394495,709.5081967213115,1094,6.0,0.005454545454545455,1440.127619047619,7.847619047619047,1586.3636363636365,1053,16.0,0.014967259120673527,1148.767578125,1.619140625,939.8043052837572,1023,14.0,0.013500482160077145,734.6360078277886,1.6731898238747551,792.2787524366472,1024,20.0,0.019157088122605363,1189.089709762533,1.2348284960422165,922.3311258278146,1513,21.0,0.013689700130378096,608.6,1.3533333333333333,928.09364548495,599,5.0,0.008278145695364239,1083.8405405405406,1.9108108108108108,919.6216216216216,740,8.0,0.0106951871657754,1730.754716981132,2.4371069182389937,1436.4150943396226,636,9.0,0.013953488372093023,978.4205378973104,1.7383863080684596,996.3814180929096,818,13.0,0.015643802647412757,635.1352040816327,1.344387755102041,483.3587786259542,785,10.0,0.012578616352201259,1002.6480836236934,2.1951219512195124,1085.0174216027874,574,1.0,0.0017391304347826088,865.5907780979827,3.319884726224784,870.4322766570605,694,1.0,0.0014388489208633094
168,202406,17,767.7297297297297,3.1734234234234235,782.5560538116592,890,0.0,0.0,985.5179372197308,2.250373692077728,1000.688622754491,2674,17.0,0.0063173541434411,872.2728476821192,1.9536423841059605,1053.6758893280632,1514,10.0,0.006561679790026247,2816.846715328468,7.826277372262774,2540.558823529412,1365,11.0,0.007994186046511628,1214.6831395348838,1.4709302325581397,910.0668604651164,688,6.0,0.008645533141210375,852.0987012987013,2.387012987012987,903.1930051813472,1542,13.0,0.008360128617363344,968.583138173302,3.398126463700234,884.314185228605,1707,6.0,0.0035026269702276708,860.8966480446927,4.435754189944134,995.126050420168,715,7.0,0.009695290858725761,808.4691358024692,1.0740740740740742,581.4099378881988,323,14.0,0.04154302670623145,892.6898047722343,4.613882863340564,908.9473684210526,917,13.0,0.013978494623655914,1016.8011527377522,4.834293948126801,1331.3793103448277,1390,10.0,0.007142857142857143,924.6701183431952,3.0857988165680474,1008.970588235294,1356,26.0,0.01881331403762663,719.1443494776828,1.1291547958214625,621.8026565464895,2107,9.0,0.004253308128544423,1381.2637362637363,4.597069597069597,1391.516010978957,2185,23.0,0.010416666666666666,1192.8756027000964,3.429122468659595,1237.57225433526,2075,9.0,0.004318618042226488,1836.7266754270695,3.0959264126149804,2048.6215505913274,1522,23.0,0.01488673139158576,1063.2237569060774,0.9088397790055248,1293.1491712707182,724,9.0,0.01227830832196453,747.3253012048193,1.2771084337349397,609.9280575539568,832,2.0,0.002398081534772182,825.8638743455498,3.4345549738219896,928.1052631578948,762,13.0,0.016774193548387096,1001.5065590312817,2.462159434914228,931.2096774193548,1983,27.0,0.013432835820895522,1066.5905096660808,4.1652021089630935,909.2794376098418,1138,12.0,0.010434782608695653,1029.3829787234042,2.501063829787234,956.0593220338984,1884,8.0,0.004228329809725159,1173.7326007326008,3.2765567765567765,1002.7007299270072,1094,5.0,0.004549590536851683,1016.6810176125244,3.522504892367906,990.4125736738704,1020,9.0,0.008746355685131196,1026.9764243614932,2.3104125736738705,1265.207100591716,1016,10.0,0.009746588693957114,636.6225680933852,1.632295719844358,565.6976744186046,1030,8.0,0.007707129094412331,840.4450474898237,1.0257801899592944,765.795918367347,1472,10.0,0.006747638326585695,590.8867924528302,1.380503144654088,888.6435331230284,635,2.0,0.0031397174254317113,858.4206349206349,2.2883597883597884,747.2872340425532,754,4.0,0.005277044854881266,1009.6832298136646,2.6770186335403725,988.411214953271,643,6.0,0.009244992295839754,732.363184079602,1.154228855721393,897.468982630273,805,1.0,0.0012406947890818859,654.5857843137255,1.2475490196078431,539.8514851485148,812,11.0,0.013365735115431349,1137.902097902098,3.629370629370629,1282.787456445993,573,1.0,0.0017421602787456446,648.6614173228346,1.94488188976378,552.8795811518324,763,13.0,0.01675257731958763
169,202406,18,624.2084309133489,4.552693208430913,686.5573770491803,854,13.0,0.014994232987312572,914.979246733282,2.3259031514219832,1082.7251732101618,2600,21.0,0.008012209080503624,829.1687587168759,2.0264993026499303,761.4804469273743,1433,6.0,0.004169562195969423,1943.0,14.166666666666666,1737.5165562913908,1204,14.0,0.011494252873563218,726.5142857142857,1.2031746031746031,677.1428571428571,630,3.0,0.004739336492890996,498.655737704918,2.121584699453552,514.5081967213115,1464,8.0,0.005434782608695652,890.896593673966,2.9817518248175183,1011.021897810219,1644,26.0,0.015568862275449102,555.7095808383234,3.946107784431138,698.8656716417911,669,7.0,0.010355029585798817,1138.75625,1.53125,1125.5555555555557,322,6.0,0.018292682926829267,587.3825503355705,4.0715883668903805,427.248322147651,894,3.0,0.0033444816053511705,842.972972972973,3.5645645645645647,1096.126126126126,1332,17.0,0.012601927353595256,734.1882716049382,2.7546296296296298,806.2962962962963,1296,5.0,0.003843197540353574,492.5179856115108,1.276464542651593,418.3316168898043,1944,6.0,0.003076923076923077,882.2142857142857,4.248571428571428,848.9058039961941,2101,12.0,0.005679129200189304,999.2767232767231,2.230769230769231,882.3847695390782,1999,8.0,0.003986048829098156,1050.372881355932,3.0946327683615817,766.5063649222066,1415,9.0,0.006320224719101123,804.4351585014409,0.962536023054755,858.9017341040462,693,5.0,0.0071633237822349575,606.25,1.2942708333333333,883.7075718015666,767,5.0,0.006476683937823834,640.022346368715,3.483240223463687,1025.3932584269662,714,9.0,0.012448132780082987,858.4412733260153,3.0461031833150383,746.8211920529801,1817,25.0,0.013572204125950055,1042.4547283702211,3.0201207243460764,914.6076458752516,994,5.0,0.005005005005005005,973.3103448275862,2.5620689655172413,775.1480637813212,1748,46.0,0.02564102564102564,823.4117647058823,1.0294117647058822,736.2130177514792,1017,11.0,0.010700389105058366,522.6404255319148,2.0914893617021275,650.1066098081023,939,5.0,0.005296610169491525,784.4678492239468,2.4035476718403546,810.3311258278146,904,7.0,0.007683863885839737,884.6325678496869,3.3799582463465554,825.1559251559252,960,1.0,0.001040582726326743,767.0,1.3590909090909091,655.9028831562974,1319,8.0,0.006028636021100226,668.4191419141914,2.1254125412541254,980.4635761589404,605,2.0,0.0032948929159802307,633.2821917808219,2.180821917808219,996.6212534059946,732,8.0,0.010810810810810811,633.4591836734694,2.119047619047619,569.4915254237288,589,16.0,0.026446280991735537,627.1295180722891,1.605421686746988,720.0,664,1.0,0.0015037593984962407,532.4885496183206,1.3944020356234097,286.8702290076336,786,12.0,0.015037593984962405,948.3802816901408,6.834507042253521,685.5633802816901,568,4.0,0.006993006993006993,466.5274151436032,2.258485639686684,505.625,767,2.0,0.002600780234070221
170,202406,19,706.2718894009216,2.193548387096774,710.5773672055427,867,6.0,0.006872852233676976,862.4973138910207,1.9831158864159637,1187.741935483871,2605,18.0,0.006862371330537552,817.0648275862069,2.237241379310345,988.021978021978,1453,15.0,0.010217983651226158,952.186305732484,3.554140127388535,946.7507886435332,1262,6.0,0.00473186119873817,663.126582278481,1.4556962025316456,457.4763406940063,633,5.0,0.007836990595611285,684.3691275167786,2.8161073825503355,738.6595174262735,1491,8.0,0.00533689126084056,938.2024096385542,2.6228915662650603,944.5673076923076,1662,14.0,0.008353221957040573,907.0114285714286,4.137142857142857,1229.3948126801154,697,3.0,0.004285714285714286,570.7705882352941,1.7647058823529411,633.3727810650887,339,10.0,0.02865329512893983,692.8,2.984444444444444,613.2,900,12.0,0.013157894736842105,1181.5940298507462,7.937313432835821,1411.2574850299402,1338,34.0,0.02478134110787172,558.1543116490167,3.010590015128593,673.9577039274925,1323,12.0,0.008988764044943821,361.7090163934426,1.3258196721311477,444.66598150051385,1949,13.0,0.006625891946992864,1222.3361823361824,4.246913580246914,1041.4041745730551,2107,45.0,0.020910780669144983,955.0566959921798,2.881720430107527,1066.2890625,2047,26.0,0.012542209358417752,721.589562764457,2.1184767277856134,492.2191011235955,1421,9.0,0.006293706293706294,580.5612535612536,1.4757834757834758,1029.91452991453,702,3.0,0.00425531914893617,1248.0,3.7714285714285714,1173.0548302872062,768,7.0,0.00903225806451613,518.3203342618384,3.362116991643454,856.5459610027855,718,1.0,0.0013908205841446453,833.4344528710726,2.325027085590466,799.6103896103896,1847,32.0,0.017030335284725917,666.8537074148296,1.6833667334669338,756.7469879518072,997,14.0,0.013847675568743818,1203.04396843292,2.738444193912063,1265.48532731377,1773,43.0,0.0236784140969163,940.4597701149426,1.408045977011494,874.3186180422265,1043,14.0,0.013245033112582781,700.25625,1.8979166666666667,824.5929018789144,959,10.0,0.010319917440660475,649.8656716417911,1.7974413646055436,517.4678111587983,935,7.0,0.0074309978768577496,624.241308793456,1.5296523517382412,686.9262295081967,977,10.0,0.010131712259371834,774.1138686131387,1.477372262773723,784.8766328011611,1374,13.0,0.009372746935832732,402.4,1.1233333333333333,645.6,600,4.0,0.006622516556291391,625.0135869565217,1.6684782608695652,561.5217391304348,736,5.0,0.006747638326585695,749.1322033898305,2.298305084745763,674.7440273037543,588,16.0,0.026490066225165563,677.4648648648649,1.9189189189189189,708.1621621621622,740,1.0,0.001349527665317139,746.0723514211886,1.516795865633075,316.27906976744185,774,4.0,0.005141388174807198,838.0561403508772,2.705263157894737,539.578947368421,570,1.0,0.0017513134851138354,560.5714285714286,1.7948051948051948,627.96875,769,5.0,0.006459948320413436
171,202406,20,940.8251121076232,2.219730941704036,999.8218262806236,895,16.0,0.01756311745334797,697.9315789473684,1.9406015037593984,700.2857142857143,2660,33.0,0.012253991830672113,1091.5250659630608,2.569920844327177,1084.121532364597,1515,27.0,0.017509727626459144,1495.203488372093,5.809593023255814,1289.5588235294117,1368,28.0,0.02005730659025788,852.9289940828403,1.0828402366863903,903.905325443787,676,4.0,0.0058823529411764705,1966.784793814433,13.283505154639176,1167.3794002607565,1543,47.0,0.029559748427672956,917.0431738623104,2.3897316219369893,885.5075845974329,1714,32.0,0.018327605956471937,1084.2857142857142,3.76,1048.7323943661972,705,12.0,0.016736401673640166,1296.672619047619,1.3035714285714286,1169.196428571429,336,7.0,0.02040816326530612,863.5294117647059,2.862745098039216,844.9781659388647,917,22.0,0.023429179978700747,660.522496371553,2.759071117561684,775.4716981132076,1378,19.0,0.013600572655690766,692.9720176730486,3.138438880706922,722.3823529411765,1359,14.0,0.010196649672250545,471.5763358778626,0.8788167938931297,406.9714285714286,2098,13.0,0.006158218853623875,2486.328273244782,9.458254269449716,2423.0725190839694,2102,191.0,0.0832969908416921,1701.0067961165048,5.910679611650486,1501.161665053243,2063,70.0,0.032817627754336616,957.8712220762156,2.9303547963206307,854.0157480314961,1523,23.0,0.014877102199223804,650.6666666666666,1.803921568627451,935.933147632312,716,13.0,0.01783264746227709,1234.3478260869565,2.818840579710145,839.5631067961165,826,8.0,0.009592326139088728,957.75,3.205263157894737,980.8970976253298,759,2.0,0.002628120893561104,978.086519114688,2.8511066398390343,1035.878787878788,1984,35.0,0.01733531451213472,954.6609294320136,2.5060240963855422,1225.2849740932645,1160,12.0,0.010238907849829351,1029.1360691144707,2.7170626349892006,891.3183279742765,1859,38.0,0.020031628887717447,1139.6314814814814,2.1796296296296296,1186.3333333333333,1080,29.0,0.026149684400360685,811.7017208413002,1.6195028680688337,734.4419047619048,1048,19.0,0.01780693533270853,903.7366336633664,1.9029702970297029,938.7819253438114,1014,17.0,0.016488845780795344,947.0785854616896,1.5854616895874265,966.0117878192534,1018,18.0,0.017374517374517374,768.6298788694481,1.892328398384926,524.7169811320755,1485,9.0,0.006024096385542169,581.620253164557,0.8765822784810127,994.3396226415094,634,10.0,0.015527950310559006,478.8829787234043,1.7074468085106382,518.4,751,13.0,0.017015706806282723,995.7009345794391,2.8348909657320878,1141.5,641,9.0,0.013846153846153847,426.1604938271605,1.180246913580247,506.6009852216749,811,3.0,0.0036855036855036856,333.85642317380353,1.5969773299748111,315.98496240601503,796,7.0,0.008717310087173101,993.6842105263158,4.459649122807018,907.7351916376308,572,7.0,0.012089810017271158,478.2767624020888,1.845953002610966,538.7467362924282,766,9.0,0.011612903225806452
172,202406,21,1461.4864864864865,3.768018018018018,1150.8108108108108,888,9.0,0.010033444816053512,929.6596226415096,1.4664150943396226,863.9909297052154,2648,41.0,0.015247303830420231,1313.8488063660477,4.383289124668435,1380.7152317880796,1509,38.0,0.02456367162249515,2120.769230769231,5.415680473372781,2003.049853372434,1358,29.0,0.02090843547224225,734.2316715542522,1.6011730205278591,608.6217008797654,682,2.0,0.0029239766081871343,1699.2586872586874,4.482625482625482,1875.038560411311,1555,37.0,0.023241206030150754,1037.0116279069769,2.5790697674418603,883.6616454229433,1723,12.0,0.0069164265129683,1279.3193277310925,3.518207282913165,1321.0112359550562,713,23.0,0.03125,810.5266272189349,1.1124260355029585,730.5882352941177,339,13.0,0.036931818181818184,1106.593886462882,4.213973799126638,1735.424836601307,917,15.0,0.016094420600858368,716.0230547550432,2.756484149855908,737.1428571428571,1387,24.0,0.01700921332388377,955.2836041358936,3.1255539143279174,1008.8724035608308,1351,23.0,0.016739446870451237,622.52,0.9123809523809524,729.9904852521408,2101,9.0,0.0042654028436018955,2134.595864661654,4.629699248120301,1991.404315196998,2130,159.0,0.06946264744429882,1190.3198458574182,2.1560693641618496,1266.0635226179018,2077,53.0,0.02488262910798122,1173.034120734908,1.937007874015748,895.2023653088042,1523,15.0,0.00975292587776333,887.1160220994475,2.251381215469613,991.7451523545708,723,10.0,0.013642564802182811,680.0477326968974,1.0047732696897376,1032.744630071599,838,4.0,0.004750593824228029,709.6570680628272,3.3795811518324608,858.4856396866841,765,1.0,0.0013054830287206266,888.6868686868687,2.511111111111111,920.2816901408452,1984,22.0,0.010967098703888335,872.8795811518324,1.9075043630017448,1069.4055944055945,1145,9.0,0.00779896013864818,1105.5414012738854,2.6008492569002124,877.5,1878,35.0,0.018295870360690015,1288.0347985347985,3.351648351648352,1400.2568807339449,1091,17.0,0.015342960288808664,927.3899613899614,1.7992277992277992,801.426640926641,1036,13.0,0.012392755004766444,946.9072978303748,1.80276134122288,881.3095238095239,1011,9.0,0.008823529411764706,788.147572815534,1.541747572815534,828.8372093023256,1031,14.0,0.013397129186602871,931.7119565217392,2.042119565217391,766.3673469387755,1471,5.0,0.0033875338753387536,680.377358490566,1.6226415094339623,853.5849056603773,636,2.0,0.003134796238244514,1014.9397905759164,3.706806282722513,1122.7225130890051,764,5.0,0.006501950585175552,1086.595015576324,2.118380062305296,1128.6335403726707,643,15.0,0.022796352583586626,695.4282178217821,1.00990099009901,788.0397022332506,807,1.0,0.0012376237623762376,640.8785714285714,1.926190476190476,399.9522673031026,839,15.0,0.01756440281030445,1420.9859154929577,6.971830985915493,1779.2307692307693,570,10.0,0.017241379310344827,1360.4935064935064,4.096103896103896,1306.3350785340317,767,9.0,0.011597938144329897
173,202406,22,3400.052795031056,11.96273291925466,3591.028037383177,643,256.0,0.28476084538375973,926.3622366288492,1.420583468395462,1062.857142857143,2466,42.0,0.01674641148325359,1011.7004341534008,2.3849493487698985,937.2262773722628,1376,19.0,0.013620071684587814,2144.2312925170068,4.625850340136054,1643.777403035413,1181,35.0,0.028782894736842105,1486.628647214854,5.628647214854111,1443.529411764706,751,8.0,0.010540184453227932,2393.06015037594,7.475187969924812,2281.8057228915663,1329,117.0,0.08091286307053942,882.8890306122449,3.0114795918367347,972.9277566539924,1573,10.0,0.006317119393556538,1646.8490566037735,3.9748427672955975,1669.125,638,19.0,0.0289193302891933,730.4451219512196,1.3353658536585369,619.3788819875776,325,2.0,0.0061162079510703364,1490.3542234332424,2.9782016348773843,1292.295081967213,733,36.0,0.04681404421326398,951.5980230642504,1.472817133443163,929.7520661157024,1212,31.0,0.0249396621078037,987.8778135048232,3.364951768488746,1401.0679611650485,1240,41.0,0.03200624512099922,949.9718785151856,1.1012373453318336,1180.4509582863584,1776,41.0,0.022564667033571822,1018.2794846382556,2.9841427155599605,1175.178571428571,2017,25.0,0.012242899118511263,1583.4892933618844,7.240899357601713,1292.1888412017167,1866,74.0,0.03814432989690722,1751.3810975609756,1.9253048780487805,1037.9268292682927,1312,69.0,0.0499637943519189,1998.9485094850947,5.506775067750677,2860.108695652174,737,14.0,0.018641810918774968,1247.962962962963,0.7870370370370371,1065.0920245398772,650,15.0,0.022556390977443608,1027.766990291262,5.326860841423948,1395.1456310679612,618,13.0,0.020602218700475437,1171.0843373493976,5.425301204819277,847.4278846153846,1662,29.0,0.01714961561206387,917.902097902098,1.8484848484848484,1265.7209302325582,859,9.0,0.010368663594470046,1117.132075471698,2.745911949685534,1013.2490518331226,1586,36.0,0.02219482120838471,1277.68978805395,1.323699421965318,1119.3023255813953,1035,8.0,0.007670182166826462,1148.1830985915492,1.9812206572769957,1173.2394366197184,852,20.0,0.022935779816513763,1271.6879271070616,2.302961275626424,924.375,887,46.0,0.04930332261521972,1205.596881959911,1.7728285077951005,825.6319290465632,900,14.0,0.015317286652078774,1233.8372395833333,1.87109375,1453.66106080207,1541,59.0,0.036875,826.1538461538462,1.4468864468864469,1321.7518248175184,547,15.0,0.026690391459074734,1104.0358208955224,2.217910447761194,989.731343283582,670,45.0,0.06293706293706294,1304.3205574912893,1.6480836236933798,1135.191637630662,574,11.0,0.018803418803418803,1762.2783251231526,3.019704433497537,1631.1764705882354,814,34.0,0.04009433962264151,287.1951219512195,1.64390243902439,369.8048780487805,820,4.0,0.0048543689320388345,3748.2490272373534,14.073929961089494,2411.119691119691,516,85.0,0.14143094841930118,3646.3063829787234,19.83404255319149,3149.098712446352,468,106.0,0.18466898954703834
174,202406,23,3323.526455026455,3.8544973544973535,2744.13612565445,760,233.0,0.23464249748237664,996.2948815889991,1.427807486631016,1032.08269525268,2615,55.0,0.020599250936329586,1080.625,2.302197802197802,850.931506849315,1458,27.0,0.01818181818181818,1648.1132075471698,3.705370101596517,1552.0058565153734,1372,29.0,0.02069950035688794,1541.390670553936,2.090379008746356,1256.1516034985425,686,20.0,0.028328611898016998,2949.2555248618783,7.3812154696132595,2496.511789181692,1445,245.0,0.14497041420118342,972.9223529411764,3.6705882352941175,1023.5335689045936,1699,28.0,0.016213086276780544,2991.537764350453,15.26283987915408,3333.870967741936,641,147.0,0.1865482233502538,868.525,1.25625,564.9056603773585,319,6.0,0.018461538461538463,1791.4685314685314,4.200466200466201,1963.6744186046512,859,136.0,0.13668341708542714,1120.6734992679355,1.547584187408492,1360.408163265306,1369,29.0,0.02074391988555079,1535.6207407407408,2.942222222222222,2060.059171597633,1351,82.0,0.05722260990928123,1284.9296724470134,1.6396917148362236,1400.6500956022944,2084,35.0,0.01651722510618216,877.5797773654916,3.325602968460111,1136.2892791127542,2160,37.0,0.016841147018661812,1593.9677744209466,2.8731117824773413,1590.7185628742516,1995,88.0,0.04224675948151704,1880.9328767123288,2.621917808219178,1607.6438356164383,1460,117.0,0.07419150285351934,1700.4469273743016,2.949720670391061,1817.0,718,19.0,0.025780189959294438,1185.3968253968253,0.6984126984126984,1657.1808510638298,754,6.0,0.007894736842105263,1170.103151862464,2.799426934097421,1574.6131805157593,698,13.0,0.01828410689170183,1334.5911949685535,2.20125786163522,1127.8991596638657,1906,45.0,0.023065094823167605,970.3157894736842,1.7947368421052632,1584.3157894736842,1140,22.0,0.0189328743545611,1117.03125,1.6830357142857142,1014.648829431438,1793,19.0,0.010485651214128035,1144.48623853211,1.269724770642202,1223.3879781420765,1094,13.0,0.011743450767841012,1474.696324951644,3.288201160541586,1519.754318618042,1038,38.0,0.03531598513011153,1839.3630952380952,2.8313492063492065,1444.809619238477,1003,86.0,0.07897153351698806,1232.49115913556,1.695481335952849,1142.8228346456692,1017,27.0,0.02586206896551724,1936.0067385444745,3.335579514824798,2011.4939434724088,1485,108.0,0.06779661016949153,1355.1170568561872,2.94314381270903,1829.6989966555184,598,16.0,0.026058631921824105,1772.213888888889,3.4027777777777777,2099.435754189944,718,80.0,0.10025062656641603,1202.6993670886077,2.373417721518988,1060.632911392405,632,14.0,0.021671826625386997,1669.5960591133005,2.539408866995074,1655.320197044335,812,25.0,0.02986857825567503,672.0570719602978,2.1513647642679903,640.0270935960591,809,10.0,0.01221001221001221,4449.84375,26.76171875,3298.8326848249026,513,188.0,0.268188302425107,3952.861736334405,5.109324758842444,2932.6451612903224,621,265.0,0.29909706546275394
175,202406,24,1376.1990950226243,4.070135746606335,1376.6367713004483,888,10.0,0.011135857461024499,1202.7103085026336,1.5169300225733635,1527.8619654913728,2662,21.0,0.007827059262020127,1290.0171957671955,3.335978835978836,1030.0263157894738,1516,13.0,0.008502289077828646,1424.0462427745665,4.267341040462428,1296.329479768786,1384,13.0,0.009305654974946313,1552.4941860465117,3.558139534883721,1447.91788856305,685,8.0,0.011544011544011544,1308.9444444444443,3.257105943152455,1448.3311688311687,1544,42.0,0.02648171500630517,987.8823529411764,2.7411764705882358,743.3802816901408,1702,11.0,0.00642148277875073,2212.939759036145,4.674698795180723,2135.965909090909,684,91.0,0.11741935483870967,1209.3496932515338,1.3558282208588956,1096.024844720497,324,13.0,0.03857566765578635,1390.0,5.153679653679654,1404.6827133479212,919,43.0,0.0446985446985447,985.294964028777,1.640287769784173,1125.4755043227665,1389,11.0,0.007857142857142858,1487.339233038348,3.6828908554572273,1750.4845814977973,1359,37.0,0.02650429799426934,1030.797709923664,1.0076335877862594,1147.3854961832062,2096,30.0,0.014111006585136407,1067.5585009140768,3.827239488117002,1291.7032967032967,2186,28.0,0.012646793134598013,1454.0854947166183,3.322766570605187,1414.5664739884394,2079,38.0,0.017949929145016533,1479.1926605504586,1.8781127129750983,1431.7444005270092,1522,29.0,0.018697614442295292,1696.3314917127072,5.458563535911602,2056.3788300835654,721,17.0,0.023035230352303523,1366.7865707434053,1.6426858513189448,1310.3597122302158,834,6.0,0.007142857142857143,1079.2349869451698,3.4046997389033944,1328.4595300261096,766,9.0,0.011612903225806452,1030.4681496461071,2.291203235591506,1037.1688574317493,1978,34.0,0.016898608349900597,1292.8521126760563,2.126760563380281,1628.283185840708,1133,25.0,0.02158894645941278,1021.7872340425532,1.8382978723404253,1025.6687898089172,1882,17.0,0.008952080042127435,1267.766544117647,1.3731617647058822,1300.1470588235295,1088,23.0,0.020702070207020702,1037.2998065764025,1.8684719535783365,954.3565891472869,1033,12.0,0.011483253588516746,1341.3558648111332,1.5347912524850895,1238.5375494071145,1009,31.0,0.02980769230769231,1091.7523992322456,2.2092130518234163,1083.3506743737958,1040,12.0,0.011406844106463879,1659.3356070941336,3.608458390177353,1614.3287671232877,1463,36.0,0.02401601067378252,961.3249211356468,2.1167192429022084,1427.3186119873817,634,9.0,0.013996889580093312,1137.0882352941176,1.8823529411764703,1200.404255319149,750,20.0,0.025974025974025976,1108.636645962733,1.3726708074534162,1043.25,642,6.0,0.009259259259259259,1691.0992555831265,5.384615384615385,1585.1612903225807,806,12.0,0.014669926650366748,869.1621621621622,2.3685503685503684,794.6666666666666,812,10.0,0.012165450121654502,2041.2676056338028,4.042253521126761,2121.894736842105,569,11.0,0.01896551724137931,1820.2088772845952,5.825065274151436,1390.15873015873,761,18.0,0.023106546854942234
176,202406,25,1309.9011494252873,3.1379310344827585,1378.888888888889,867,30.0,0.033444816053511704,1514.5717610550814,1.7106283941039566,1564.5652173913045,2577,45.0,0.017162471395881007,1783.7072829131653,3.134453781512605,1379.663394109397,1427,18.0,0.01245674740484429,3043.9931153184166,12.733218588640275,1848.1228668941976,1167,96.0,0.07600950118764846,1821.1246006389777,1.3865814696485623,1484.2307692307693,625,8.0,0.01263823064770932,1810.476125511596,2.4747612551159617,1417.037037037037,1462,54.0,0.03562005277044855,1211.6796116504854,2.924757281553398,1033.1227217496962,1647,28.0,0.01671641791044776,1673.692537313433,4.122388059701493,2007.402985074627,670,17.0,0.024745269286754003,873.9875776397515,0.8819875776397516,792.8834355828221,324,5.0,0.015197568389057751,1623.2876712328766,3.8789954337899535,1427.7828054298643,880,33.0,0.03614457831325301,1709.093655589124,1.9154078549848943,1657.9185520361991,1325,26.0,0.01924500370096225,1356.7264296754252,2.846986089644513,1552.6851851851852,1295,35.0,0.02631578947368421,1294.4741200828155,1.2370600414078674,1191.1526479750778,1929,44.0,0.022301064368981247,1625.1006711409395,4.293384467881112,1619.9425837320575,2088,48.0,0.02247191011235955,6879.314543404735,16.271702367531002,6390.068493150685,1763,624.0,0.26141600335148724,2517.00853485064,2.482219061166429,2242.788051209104,1406,50.0,0.034340659340659344,1824.5072886297376,3.752186588921283,2039.4767441860463,687,16.0,0.02275960170697013,1919.5287958115184,1.1282722513089003,1311.2041884816754,764,11.0,0.014193548387096775,5548.951289398281,25.18051575931232,6647.861271676301,695,62.0,0.08190224570673713,1371.9736842105262,2.7883771929824563,1221.079295154185,1820,42.0,0.022556390977443608,1695.061224489796,2.5795918367346937,1850.4878048780488,982,40.0,0.03913894324853229,1268.0320366132723,2.616704805491991,972.6712328767125,1750,41.0,0.022892238972640984,1682.8235294117646,1.3529411764705883,1569.4488188976377,1018,19.0,0.01832208293153327,1924.5032679738565,2.588235294117647,1945.2817204301075,924,59.0,0.06002034587995931,2241.974537037037,3.888888888888889,2108.294930875576,866,77.0,0.0816542948038176,2385.9501084598696,5.616052060737527,2304.644396551724,925,68.0,0.06847935548841894,2811.57034795764,8.812405446293495,3192.090909090909,1321,32.0,0.023651145602365115,1957.6,1.7266666666666666,2108.970099667774,601,11.0,0.017973856209150325,1658.3678474114442,2.1253405994550407,1277.39837398374,736,21.0,0.02774108322324967,1404.1610738255033,1.953020134228188,1296.5656565656566,595,6.0,0.009983361064891847,1421.7803468208092,3.3901734104046244,1423.448275862069,694,14.0,0.01977401129943503,720.0050890585242,3.2391857506361323,468.9795918367347,785,6.0,0.007585335018963337,1217.021276595745,4.815602836879433,960.6360424028268,565,11.0,0.019097222222222224,1330.6220472440946,2.6351706036745406,1420.9448818897638,762,19.0,0.024327784891165175
177,202406,26,4432.726130653266,19.266331658291456,2596.335877862595,791,172.0,0.1786085150571132,1965.723552123552,2.491891891891892,2103.930900621118,2583,68.0,0.025650697849867975,1082.0706371191136,2.721606648199446,1019.8340248962656,1445,16.0,0.010951403148528405,1323.8177496038036,3.462757527733756,1559.6178343949043,1259,32.0,0.024786986831913247,2329.288461538461,2.173076923076923,1466.3461538461538,624,9.0,0.014218009478672985,1900.1222527472528,7.103021978021978,1062.9837398373984,1466,112.0,0.07097591888466413,1230.8751515151516,3.865454545454545,878.1752701080433,1658,25.0,0.014854426619132501,1968.3812316715544,5.228739002932551,1944.21686746988,673,43.0,0.06005586592178771,836.5689655172414,1.5747126436781609,458.0232558139535,346,4.0,0.011428571428571429,2548.6933638443934,12.757437070938217,1749.906976744186,867,125.0,0.12600806451612903,1467.198795180723,2.6897590361445785,1266.8882175226586,1326,36.0,0.02643171806167401,1607.687595712098,3.104134762633997,2426.912442396313,1304,85.0,0.061195104391648665,1070.0773195876288,1.907216494845361,1169.0143737166325,1944,27.0,0.0136986301369863,1759.5707456978969,9.429254302103253,1769.1031822565092,2083,88.0,0.04053431598341778,1893.1512437810943,3.637810945273632,1616.7825223435948,2012,84.0,0.04007633587786259,2180.635971223021,5.753956834532374,1912.1255349500716,1396,86.0,0.058029689608636977,1959.65811965812,4.185185185185185,2420.406976744186,695,19.0,0.02661064425770308,1579.11227154047,1.6866840731070496,1328.976377952756,764,15.0,0.019255455712451863,1609.4481792717088,3.246498599439776,1267.0786516853932,713,15.0,0.020604395604395604,1186.2894450489662,2.3318824809575625,1045.7235421166306,1845,37.0,0.019659936238044632,1034.060606060606,2.4101010101010103,1012.1370967741937,991,25.0,0.024606299212598427,1192.8490351872872,2.804767309875142,925.1131221719456,1765,50.0,0.027548209366391185,1520.4827586206898,2.1743295019157087,1407.7629063097515,1045,14.0,0.013220018885741265,1899.7457627118645,6.516949152542373,2101.583157894737,947,52.0,0.05205205205205205,2321.644295302013,2.6577181208053693,1731.1842105263158,903,71.0,0.0728952772073922,1805.608695652174,2.2008281573498967,1436.90329218107,969,27.0,0.02710843373493976,2721.2533333333336,10.508148148148148,3346.913946587537,1349,86.0,0.059930313588850176,1831.505016722408,2.0033444816053514,2220.0,599,18.0,0.029173419773095625,1477.5757575757575,5.245179063360881,1494.9860724233984,722,73.0,0.09182389937106918,985.786440677966,2.135593220338983,863.1864406779661,590,16.0,0.026402640264026403,1832.400544959128,4.422343324250681,1895.6712328767123,732,12.0,0.016129032258064516,653.751958224543,1.2297650130548303,665.7963446475196,766,16.0,0.020460358056265986,2873.458646616541,5.87218045112782,1507.218045112782,532,122.0,0.18654434250764526,4843.818452380952,19.33630952380953,2694.705882352941,676,258.0,0.2762312633832976
178,202406,27,2500.6917475728155,9.74514563106796,2666.462264150944,836,131.0,0.13547052740434332,1211.7014470677836,1.7166793602437167,1156.2850644427597,2632,67.0,0.02482400889218229,1036.8175765645806,3.1571238348868174,923.7283621837548,1502,32.0,0.020860495436766623,1326.0703812316715,5.542521994134898,1180.7894736842106,1366,35.0,0.024982155603140613,1631.0324483775812,2.713864306784661,1555.764705882353,679,8.0,0.011644832605531296,1315.005148005148,2.4105534105534105,1181.640625,1545,59.0,0.03678304239401496,1384.8716452742124,4.64294049008168,1133.3880422039858,1710,24.0,0.01384083044982699,1473.9266862170089,3.3900293255131966,1197.4504249291786,694,25.0,0.03477051460361613,1168.5243902439024,2.0,873.8650306748466,327,16.0,0.04664723032069971,1268.9532293986638,3.665924276169265,1775.011135857461,898,67.0,0.0694300518134715,1021.6014492753624,2.42463768115942,1262.4103299856529,1387,25.0,0.017705382436260624,1404.8401206636502,3.530920060331825,1752.6974664679583,1334,74.0,0.052556818181818184,1218.6725663716811,2.3893805309734515,1490.4330708661416,2033,38.0,0.01834862385321101,1053.1727357609711,4.150326797385621,1203.5522664199816,2152,62.0,0.028003613369467027,1182.0058997050148,1.688298918387414,1119.253438113949,2035,59.0,0.028175740210124166,1104.3188405797102,1.7259552042160735,1052.1854304635765,1514,65.0,0.04116529449018366,1502.655172413793,2.8706896551724137,1499.1501416430594,701,22.0,0.030428769017980636,1241.1750599520385,1.3884892086330936,1457.2881355932204,830,18.0,0.02122641509433962,813.1746031746031,2.1031746031746037,1013.6675461741424,757,8.0,0.01045751633986928,952.1174089068826,2.437246963562753,1008.0,1973,46.0,0.022783556215948488,1109.001751313485,2.9754816112084064,1295.6020942408377,1144,25.0,0.0213857998289136,1001.2134344528712,2.4940411700975083,755.2557127312296,1842,37.0,0.019691325172964343,771.1188299817185,2.6087751371115173,557.0018281535649,1094,10.0,0.009057971014492754,1263.527724665392,3.0095602294455066,1114.9596153846153,1043,32.0,0.029767441860465118,1134.2772277227723,1.7247524752475247,856.3636363636364,1000,43.0,0.04122722914669223,988.9268774703556,1.790513833992095,899.984126984127,1010,17.0,0.016553067185978577,2150.941256830601,7.908469945355192,1934.3013698630136,1462,57.0,0.037524687294272545,841.1356466876972,1.6782334384858044,1239.7452229299363,631,10.0,0.015600624024960999,1227.6266666666668,2.48,1420.0,741,55.0,0.06909547738693467,872.3364485981308,2.093457943925233,679.3730407523511,640,6.0,0.009287925696594427,1617.9480198019803,3.3613861386138613,1406.138613861386,808,19.0,0.022974607013301087,534.754854368932,1.4344660194174756,385.1622276029056,825,10.0,0.011976047904191617,1339.0812720848055,3.222614840989399,1885.3191489361704,565,55.0,0.08870967741935484,1376.885245901639,2.4617486338797816,1829.3333333333333,726,165.0,0.18518518518518517
179,202406,28,1154.5505617977528,4.029213483146068,1032.991071428571,893,18.0,0.019758507135016465,974.3544494720966,1.4351432880844646,1283.1807951987996,2659,24.0,0.008945210585165859,959.296052631579,2.2578947368421054,749.3298291721419,1521,15.0,0.009765625,1701.3852941176472,4.888235294117648,1391.6470588235295,1360,18.0,0.013062409288824383,1252.4985337243402,2.7947214076246336,1974.402332361516,684,8.0,0.011560693641618497,725.5542635658915,2.3087855297157622,818.3552971576228,1548,9.0,0.005780346820809248,947.4772462077012,3.0525087514585763,976.268829663963,1720,16.0,0.009216589861751152,900.0,2.6601123595505616,791.830985915493,711,11.0,0.015235457063711912,710.9636363636364,0.9454545454545454,642.688622754491,332,10.0,0.029239766081871343,1228.1659388646287,4.548034934497816,1044.6521739130435,918,4.0,0.004338394793926247,997.1388101983002,1.7648725212464589,1075.2136752136753,1408,22.0,0.015384615384615385,1025.448377581121,3.3952802359882006,1435.8407079646015,1356,16.0,0.011661807580174927,1143.4912451361868,3.553501945525292,1234.368932038835,2058,7.0,0.003389830508474576,937.4096715328468,3.4361313868613137,957.2477064220184,2186,18.0,0.008166969147005444,1042.2512218963832,3.19941348973607,1145.8536585365853,2048,18.0,0.008712487899322363,991.2808398950132,2.045931758530184,964.5669291338584,1524,20.0,0.012953367875647668,1894.9555555555555,5.45,2812.4791086350974,719,9.0,0.012362637362637362,1055.6294536817102,1.1092636579572446,1095.9241706161138,843,7.0,0.00823529411764706,1147.1041666666667,3.8932291666666665,1214.9610389610389,769,1.0,0.0012987012987012987,968.04833836858,2.206445115810675,877.3790322580645,1985,13.0,0.0065065065065065065,850.6315789473684,1.987719298245614,914.5263157894736,1140,9.0,0.007832898172323759,759.6794871794872,1.5534188034188037,585.8484525080042,1873,14.0,0.007419183889772125,822.2212230215828,2.1384892086330933,529.9277978339351,1110,2.0,0.0017985611510791368,905.3153846153846,2.975,1054.89443378119,1041,13.0,0.012333965844402278,994.0099403578528,1.9960238568588469,791.3026052104209,1002,14.0,0.013779527559055118,1207.936170212766,2.4506769825918764,1101.0873786407767,1032,4.0,0.003861003861003861,1519.2540983606557,3.307377049180328,1597.3039889958734,1459,22.0,0.014854827819041188,806.3694267515923,1.1687898089171975,1095.2866242038217,628,5.0,0.007898894154818325,1083.52,2.8666666666666667,1016.5764075067024,748,7.0,0.009271523178807948,962.5579937304076,1.6990595611285266,847.8996865203761,638,7.0,0.010852713178294573,1739.4296296296295,3.0,1618.362282878412,808,11.0,0.013431013431013432,540.2094117647059,1.3223529411764705,471.9529411764706,850,5.0,0.005847953216374269,1409.2682926829268,4.142857142857143,966.9230769230768,573,7.0,0.01206896551724138,773.5602094240837,1.6073298429319371,803.717277486911,764,10.0,0.012919896640826873
180,202406,29,1685.7095115681234,4.136246786632391,1389.9481865284974,775,24.0,0.030037546933667083,1034.5671761866452,2.3137570394207563,1459.7749196141478,2487,30.0,0.011918951132300357,1165.1098430813124,3.8487874465049927,906.7908309455588,1399,12.0,0.008504606661941885,1224.892561983471,3.4413223140495868,1120.197044334975,1214,7.0,0.005733005733005733,1499.2277486910996,5.549738219895288,1867.161803713528,759,11.0,0.014285714285714285,1586.335294117647,6.988235294117647,1261.6715542521997,1362,36.0,0.02575107296137339,758.322864321608,2.513819095477387,637.632241813602,1590,13.0,0.008109794135995009,1765.2274143302182,4.598130841121495,1678.6996904024768,644,16.0,0.024242424242424242,358.25766871165644,0.8895705521472392,295.2147239263804,326,0.0,0.0,1244.3126684636118,4.215633423180593,1231.6129032258063,743,20.0,0.02621231979030144,900.8653846153846,2.2115384615384617,1241.7307692307693,1248,12.0,0.009523809523809525,1114.4174757281553,3.155339805825242,1401.588330632091,1235,22.0,0.017501988862370723,711.6556291390729,1.6225165562913908,671.2707182320441,1811,10.0,0.0054914881933003845,1238.819,6.27,1358.303607214429,1998,16.0,0.007944389275074478,1414.2646121147716,3.861849096705632,1565.51871657754,1876,29.0,0.015223097112860892,1464.6461769115442,3.1379310344827585,1311.23695976155,1338,29.0,0.02121433796634967,1416.2675675675675,2.9216216216216218,1779.6747967479675,739,4.0,0.005383580080753701,1340.4294478527606,0.8834355828220859,1112.1100917431193,653,7.0,0.010606060606060607,1055.200647249191,3.792880258899676,1281.9417475728155,618,2.0,0.0032258064516129032,1035.190476190476,2.919047619047619,847.5753262158956,1683,13.0,0.0076650943396226415,1052.993039443155,1.6728538283062646,1222.672811059908,865,15.0,0.017045454545454544,798.8571428571429,1.7739130434782608,615.910780669145,1612,18.0,0.011042944785276074,700.9505703422053,1.8098859315589355,850.2495201535509,1047,10.0,0.00946073793755913,1204.1168224299065,1.9135514018691588,1107.1461716937356,859,14.0,0.016036655211912942,1402.633928571429,3.6138392857142856,1337.960088691796,899,17.0,0.018558951965065504,1522.6995614035088,6.699561403508772,1136.949671772429,913,8.0,0.008686210640608035,2656.827720207254,6.325129533678757,2727.435233160622,1544,45.0,0.028319697923222153,1268.5401459854015,2.624087591240876,1655.1648351648353,547,8.0,0.014414414414414415,1041.8333333333333,3.017857142857143,868.3928571428571,672,20.0,0.028901734104046242,884.4470989761093,1.6006825938566551,970.4794520547944,585,5.0,0.00847457627118644,1556.5283950617284,3.471604938271605,1415.121951219512,815,31.0,0.03664302600472813,359.1884422110553,1.0276381909547738,289.0353535353535,794,1.0,0.0012578616352201257,2528.740157480315,11.311023622047244,1834.7619047619048,506,103.0,0.16912972085385877,1372.093023255814,4.503875968992248,1258.139534883721,516,6.0,0.011494252873563218
181,202406,30,5474.8259493670885,17.699367088607595,4396.5,636,424.0,0.4,1562.636923076923,2.042307692307692,1403.0840400925213,2597,77.0,0.028795811518324606,1403.6496551724138,4.022068965517241,1276.6928374655647,1451,46.0,0.03072812291249165,1228.8246153846153,3.1953846153846155,1144.3527607361964,1302,20.0,0.015128593040847202,1996.594674556213,3.3136094674556213,1627.7477477477478,671,36.0,0.05091937765205092,3156.200612557427,7.917304747320061,2949.0634441087614,1315,364.0,0.2167957117331745,912.8355184743742,3.271752085816448,713.0382775119617,1675,25.0,0.014705882352941176,4415.632575757576,12.840909090909092,3175.458167330677,515,360.0,0.4114285714285714,834.35,3.3375,471.0967741935484,315,5.0,0.015625,2626.1421319796955,7.086294416243655,2067.4752475247524,798,234.0,0.22674418604651161,1546.3111111111111,1.834074074074074,1480.0884955752213,1353,51.0,0.03632478632478633,2625.5585443037976,8.79746835443038,3240.0,1237,274.0,0.1813368630046327,1584.059765208111,1.9722518676627532,1486.5450643776824,1869,69.0,0.03560371517027864,1172.452847805789,4.533146591970121,1080.1662049861495,2154,35.0,0.015989036089538604,1618.3481012658228,2.4440928270042197,1738.922914466737,1895,152.0,0.07425500732779677,1994.3177004538577,2.4205748865355523,1722.8995502248877,1328,165.0,0.11051574012056263,2684.164705882353,5.0588235294117645,3689.990909090909,670,81.0,0.10785619174434088,1240.7202216066482,1.263157894736842,1139.3406593406594,725,26.0,0.03462050599201065,1378.6235294117646,2.8294117647058825,1430.6194690265486,679,19.0,0.027220630372492838,1321.3507462686566,2.775053304904051,1023.6903499469776,1881,52.0,0.026901189860320744,1260.2846846846846,2.825225225225225,1241.8705035971225,1111,47.0,0.04058721934369603,1112.3809523809523,1.968253968253968,919.706546275395,1768,29.0,0.016138007790762382,945.6716417910447,1.763059701492537,1038.2560296846011,1075,22.0,0.020054694621695533,1566.6378269617703,2.993963782696177,1477.2874493927125,991,73.0,0.06860902255639098,1666.72149122807,2.5921052631578947,1143.8961038961038,918,174.0,0.15934065934065933,1207.60162601626,2.6239837398373984,1199.7540322580646,988,46.0,0.04448742746615087,2717.312676056338,5.0084507042253525,2851.048951048951,1425,199.0,0.12253694581280788,1874.6289752650175,2.508833922261484,2159.3706293706296,569,45.0,0.0732899022801303,1941.654867256637,3.1238938053097347,2268.214285714286,675,124.0,0.15519399249061328,1276.7088607594935,1.9462025316455696,1061.4649681528665,630,16.0,0.02476780185758514,3185.6827411167515,7.558375634517766,3539.0280612244896,786,76.0,0.08816705336426914,451.0199004975124,1.4054726368159205,375.5940594059406,806,4.0,0.0049382716049382715,6509.718309859155,21.01408450704225,3782.857142857143,423,353.0,0.45489690721649484,5557.264822134387,22.09090909090909,3776.953125,509,459.0,0.47417355371900827
182,202407,1,2889.5576923076924,4.34375,2656.937799043062,834,118.0,0.12394957983193278,1070.1795069337445,2.293528505392912,1153.4562211981568,2600,50.0,0.018867924528301886,824.7034482758621,3.277241379310345,749.0534979423868,1454,29.0,0.019554956169925825,1384.2316118935837,9.965571205007825,869.1482649842271,1273,26.0,0.020015396458814474,1408.117824773414,2.0422960725075527,1172.6283987915408,662,13.0,0.01925925925925926,1377.9864682002706,2.817320703653586,1511.6155988857938,1457,102.0,0.0654265554842848,790.7665463297233,3.232250300842358,676.2785114045619,1664,29.0,0.017129356172474897,2141.9266666666667,2.583333333333333,2897.625,620,198.0,0.24205378973105135,818.8650306748466,1.8466257668711656,572.7950310559006,324,11.0,0.03283582089552239,991.2053571428572,3.671875,1207.6190476190477,889,56.0,0.05925925925925926,908.558692421991,2.7563150074294205,1166.2109955423475,1346,48.0,0.03443328550932568,1632.4611801242236,3.751552795031056,1846.4954682779453,1306,127.0,0.08862526168876483,840.4276315789474,1.1973684210526316,700.702524698134,1823,30.0,0.016189962223421478,693.1778398510243,3.846368715083799,1006.915191053122,2147,31.0,0.014233241505968778,1032.246,1.99,1192.930693069307,2010,84.0,0.04011461318051576,973.2317596566523,1.447782546494993,887.9322766570605,1393,71.0,0.04849726775956284,1456.5300859598854,3.5386819484240686,1478.5,709,31.0,0.041891891891891894,1064.0409207161126,1.0434782608695652,1219.585492227979,777,27.0,0.033582089552238806,692.0733695652174,1.9673913043478264,665.5108695652174,736,8.0,0.010752688172043012,765.4518201284797,2.202355460385439,759.0967741935484,1864,50.0,0.02612330198537095,896.3705103969754,1.9810964083175804,1032.159090909091,1057,30.0,0.027598896044158234,642.3144104803494,1.859170305676856,576.6412213740458,1833,38.0,0.020309994655264563,610.2079395085066,1.8128544423440451,515.0282485875706,1060,17.0,0.015784586815227482,650.3958762886598,1.863917525773196,1172.0637860082304,971,24.0,0.024120603015075376,950.546218487395,2.155462184873949,1325.3731343283582,945,56.0,0.055944055944055944,656.1764705882352,2.239350912778905,556.1751527494908,984,23.0,0.022840119165839126,1192.2090395480227,2.748587570621469,1069.971671388102,1414,62.0,0.04200542005420054,854.3434343434343,1.4915824915824916,1256.1224489795918,591,14.0,0.023140495867768594,1278.8864265927978,2.3047091412742384,1133.0578512396694,724,48.0,0.06217616580310881,955.8538205980068,3.5880398671096345,942.1404682274248,600,17.0,0.027552674230145867,1958.7627551020407,3.3010204081632653,1697.9539641943734,783,46.0,0.05548854041013269,810.6855036855037,1.1695331695331694,688.6862745098039,815,8.0,0.009720534629404616,1242.0640569395018,3.1601423487544484,2104.7653429602888,558,48.0,0.07920792079207921,1132.478723404255,4.941489361702128,1046.6846361185983,747,92.0,0.10965435041716329
183,202407,2,801.4225352112676,4.244131455399061,1241.9718309859154,852,24.0,0.0273972602739726,1023.6985981308412,2.776479750778816,1108.3941039565557,2573,16.0,0.006179992275009656,817.5752461322081,3.319268635724332,1113.4370579915137,1418,9.0,0.006306937631394534,547.3972602739726,4.412671232876712,710.8163265306123,1172,12.0,0.010135135135135136,1055.4345047923323,3.230031948881789,928.370607028754,626,2.0,0.0031847133757961785,536.2150837988827,1.939944134078212,580.9385474860335,1432,21.0,0.014452856159669649,780.5169902912621,3.5521844660194173,574.5365853658536,1644,14.0,0.008443908323281062,1606.928783382789,3.1572700296735907,862.7462686567164,672,7.0,0.010309278350515464,775.5153374233129,1.2331288343558282,603.1341463414634,327,0.0,0.0,637.7505617977528,4.1370786516853935,618.7837837837837,889,7.0,0.0078125,453.82978723404256,1.6428571428571428,712.4885496183206,1313,15.0,0.011295180722891566,570.3957055214723,3.4923312883435584,670.8588957055215,1304,5.0,0.0038197097020626434,619.0881057268723,1.3381057268722467,506.59316427783904,1815,10.0,0.005479452054794521,650.9684210526316,2.8679425837320576,772.9971401334604,2094,44.0,0.0205799812909261,744.9072375127421,2.834862385321101,872.2889114954222,1964,33.0,0.016524787180771158,596.952802359882,1.8156342182890852,490.6508875739645,1354,15.0,0.01095690284879474,1162.8187134502923,2.4035087719298245,1201.5743440233236,685,5.0,0.007246376811594203,565.76,0.9066666666666666,682.0212765957447,751,8.0,0.010540184453227932,417.5665722379603,3.087818696883853,661.1864406779661,707,7.0,0.00980392156862745,687.5505494505494,2.718681318681319,753.4653465346535,1819,31.0,0.016756756756756756,694.44,2.454,961.92,1000,13.0,0.012833168805528134,595.1914191419141,2.342134213421342,674.9010989010989,1819,30.0,0.016224986479177934,834.9112426035502,1.4832347140039448,542.8346456692914,1015,8.0,0.007820136852394917,551.9654427645788,1.881209503239741,707.4717391304348,923,8.0,0.008592910848549946,659.7278911564625,2.095238095238096,574.3052391799545,880,28.0,0.030837004405286344,774.676659528908,2.486081370449679,792.3870967741935,932,7.0,0.007454739084132056,836.1628959276018,1.515837104072398,852.9924812030075,1328,12.0,0.008955223880597015,445.2842809364549,1.665551839464883,817.7257525083612,598,2.0,0.0033333333333333335,537.4668508287293,2.367403314917127,522.032967032967,726,17.0,0.02288021534320323,685.1649831649831,1.7676767676767675,594.9664429530201,595,0.0,0.0,1291.1095505617975,2.955056179775281,1504.394366197183,711,9.0,0.0125,509.2,2.1794871794871797,433.8817480719794,779,18.0,0.02258469259723965,1174.0140845070423,3.415492957746479,1163.2394366197184,568,9.0,0.01559792027729636,616.5625,2.8541666666666665,514.1298701298701,769,6.0,0.007741935483870968
184,202407,3,506.5334872979215,3.1524249422632797,599.7228637413394,866,8.0,0.009153318077803204,646.2953328232594,1.6893649579188983,840.3203661327232,2618,11.0,0.0041841004184100415,783.6711590296496,2.1900269541778976,994.043126684636,1484,12.0,0.008021390374331552,1079.1705069124423,6.3164362519201225,817.3271889400921,1302,9.0,0.006864988558352402,1035.442367601246,2.514018691588785,988.875,641,3.0,0.004658385093167702,456.63587684069614,2.4497991967871484,553.6363636363636,1495,13.0,0.008620689655172414,790.5083135391924,3.0154394299287413,539.2198581560284,1688,13.0,0.007642563198118754,526.0703812316716,3.612903225806452,492.5581395348837,685,7.0,0.010115606936416185,1220.189024390244,6.298780487804878,683.9444444444445,326,5.0,0.015105740181268883,301.72949002217297,3.4722838137472283,388.0709534368071,902,2.0,0.0022123893805309734,476.4338781575037,1.6359583952451708,672.934131736527,1341,9.0,0.006666666666666667,764.4144144144144,2.8903903903903903,917.027027027027,1332,10.0,0.007451564828614009,431.0716510903427,1.1484942886812046,358.0082987551868,1927,20.0,0.01027221366204417,810.1102873030584,4.464318813716404,832.753017641597,2156,35.0,0.01597444089456869,653.3594836146971,2.890764647467726,782.9644268774704,2019,29.0,0.01416015625,455.2298050139276,2.233983286908078,345.1246537396122,1440,2.0,0.0013869625520110957,869.8258426966293,2.353932584269663,1109.659090909091,708,8.0,0.0111731843575419,467.3684210526316,1.0526315789473684,547.0676691729324,798,4.0,0.004987531172069825,439.9455040871935,3.5940054495912808,377.8201634877384,734,1.0,0.0013605442176870747,1090.0625,2.484375,1084.2279792746117,1925,52.0,0.026302478502781994,725.0467289719626,1.85607476635514,987.6836158192092,1066,16.0,0.014787430683918669,763.4267912772585,2.16926272066459,783.8164754953076,1922,36.0,0.018386108273748723,659.6590909090909,1.865530303030303,725.4857142857143,1053,6.0,0.0056657223796034,575.6465696465697,2.130977130977131,477.6182572614108,963,10.0,0.010277492291880781,978.4038054968288,5.093023255813954,773.771186440678,945,13.0,0.013569937369519834,931.1308793456031,3.8445807770961142,1392.1224489795918,979,11.0,0.011111111111111112,653.8630527817404,1.5092724679029956,585.4907539118066,1404,8.0,0.0056657223796034,431.76848874598073,1.1993569131832795,612.1543408360128,622,2.0,0.003205128205128205,716.7566137566138,2.187830687830688,337.97872340425533,754,5.0,0.006587615283267457,835.1044303797469,2.607594936708861,730.0952380952381,631,4.0,0.006299212598425197,814.1772486772487,1.164021164021164,1055.6498673740052,755,4.0,0.005270092226613966,741.820823244552,3.213075060532688,640.133171912833,826,3.0,0.0036188178528347406,751.1660777385159,2.137809187279152,630.6382978723404,565,5.0,0.008771929824561403,304.5194805194805,2.581818181818182,289.5584415584416,770,8.0,0.010282776349614395
185,202407,4,388.1172069825436,6.117206982543641,446.932668329177,802,10.0,0.012315270935960592,305.85267857142856,1.8549107142857144,389.7362637362637,1806,14.0,0.007692307692307693,424.02749140893474,2.109965635738832,366.6895368782161,1165,9.0,0.007666098807495741,510.64070796460175,5.134513274336284,470.3213644524237,1122,5.0,0.0044365572315882874,493.6752767527675,0.8929889298892989,911.7818181818182,546,2.0,0.0036496350364963502,289.65,2.0875,331.49068322981367,1284,7.0,0.005422153369481022,598.663143989432,2.3143989431968297,475.0066050198151,1514,4.0,0.002635046113306983,843.837037037037,4.392592592592592,884.4866920152091,533,2.0,0.003738317757009346,501.24675324675326,1.0454545454545454,373.72549019607845,307,6.0,0.019169329073482427,544.7369791666666,4.036458333333333,503.84615384615387,774,3.0,0.003861003861003861,619.0601503759399,1.3270676691729324,469.8496240601504,1064,10.0,0.00931098696461825,493.0493273542601,2.3856502242152464,560.9395973154362,893,3.0,0.0033482142857142855,376.9597989949749,2.630653266331658,462.17669654289375,1577,2.0,0.001266624445851805,292.6642259414226,2.6046025104602517,373.6029258098224,1913,9.0,0.004682622268470343,474.6299112801014,1.9138149556400508,472.3453608247423,1565,13.0,0.008238276299112801,548.3009868421053,1.7351973684210529,351.04918032786884,1218,6.0,0.004901960784313725,512.0061162079511,0.9541284403669724,723.3230769230769,652,4.0,0.006097560975609756,274.7882736156352,0.8045602605863192,295.85526315789474,611,2.0,0.0032626427406199023,429.5633802816901,3.232394366197183,526.1538461538462,570,2.0,0.0034965034965034965,389.96144578313255,2.2903614457831325,431.3043478260869,1658,32.0,0.01893491124260355,537.5454545454545,2.5636363636363635,676.9300225733634,883,12.0,0.013407821229050279,394.7368421052632,1.8421052631578947,416.01023017902816,1561,11.0,0.006997455470737914,457.3813747228381,1.436807095343681,398.4478935698448,902,6.0,0.006607929515418502,526.3316195372751,3.0616966580976865,496.8391959798995,787,3.0,0.0037974683544303796,478.5210918114144,2.397022332506204,460.0488997555012,812,7.0,0.008547008547008548,765.9681697612732,2.320954907161804,694.7619047619048,755,5.0,0.006578947368421052,534.3094841930116,2.712146422628952,623.7,1201,6.0,0.004971002485501243,421.5189873417722,2.1645569620253164,759.5744680851063,472,3.0,0.00631578947368421,697.0253968253968,3.933333333333333,598.2911392405064,631,16.0,0.02472952086553323,329.5275590551181,2.043307086614173,610.1574803149606,508,6.0,0.011673151750972763,506.68131868131866,1.9230769230769231,547.3333333333334,724,0.0,0.0,290.9821882951654,1.1119592875318065,221.2284263959391,787,6.0,0.007566204287515763,460.1423487544484,5.113879003558719,738.0,561,3.0,0.005319148936170213,255.9217877094972,2.7849162011173183,317.2625698324022,716,3.0,0.004172461752433936
186,202407,5,1318.6917647058824,9.272941176470589,1409.5774647887324,851,29.0,0.03295454545454545,1729.8823529411766,3.481283422459893,1381.9494584837546,2230,16.0,0.007123775601068566,855.7730600292825,2.9194729136163984,658.3478260869565,1373,17.0,0.01223021582733813,989.5361842105264,4.300986842105263,696.396694214876,1213,8.0,0.006552006552006552,1043.0935483870967,2.3,901.1538461538462,622,1.0,0.0016051364365971107,916.9431486880468,3.5379008746355685,1073.9117647058824,1366,39.0,0.027758007117437724,667.9660377358491,2.7132075471698114,723.675,1595,16.0,0.009931719428926133,1345.4036144578313,4.25,1610.2654867256638,671,21.0,0.030346820809248554,577.8294117647059,1.388235294117647,354.7368421052632,341,6.0,0.01729106628242075,789.6682464454976,3.7322274881516586,878.6634844868735,841,22.0,0.02549246813441483,922.7792,3.96,1028.5308056872038,1258,9.0,0.007103393843725336,1306.2007299270074,3.852189781021898,1891.098901098901,1094,27.0,0.02408563782337199,1663.038647342995,10.407004830917874,1648.59543817527,1661,26.0,0.015411973918197985,499.2657200811359,3.019269776876268,413.6268958543984,1975,15.0,0.007537688442211055,896.640368852459,2.24077868852459,684.6200607902736,1963,30.0,0.015052684395383844,1123.751145038168,1.9923664122137408,837.9629629629629,1303,43.0,0.03194650817236255,1092.7714285714285,2.4685714285714284,835.7142857142857,700,13.0,0.0182328190743338,792.5070422535211,1.3915492957746478,656.1016949152543,709,6.0,0.008391608391608392,624.8477011494252,3.6293103448275854,655.3314121037464,695,5.0,0.007142857142857143,729.7745208568208,2.600901916572717,545.7013574660633,1771,25.0,0.013919821826280624,974.0350877192982,3.142300194931774,1017.9029126213592,1028,5.0,0.00484027105517909,604.8109965635739,2.1019473081328752,692.3502304147465,1741,33.0,0.018602029312288614,856.5301455301455,1.6278586278586278,475.60669456066944,959,1.0,0.0010416666666666667,1243.4377777777777,2.2711111111111117,1161.9454545454546,890,16.0,0.017660044150110375,1028.609271523179,2.465783664459161,707.3127753303964,907,13.0,0.014130434782608696,825.4030501089325,1.6949891067538123,855.9825327510918,917,7.0,0.007575757575757576,1101.6309523809523,1.6547619047619049,697.4668630338733,1351,16.0,0.011704462326261888,641.8947368421053,1.182456140350877,1068.5017421602788,572,6.0,0.010380622837370242,720.4885714285714,3.354285714285714,799.4827586206897,698,20.0,0.027855153203342618,742.5,2.731617647058824,520.2197802197802,545,26.0,0.04553415061295972,1436.787012987013,2.1324675324675324,1040.829015544041,771,7.0,0.008997429305912597,359.0687960687961,0.9705159705159704,279.2524509803921,815,18.0,0.021608643457382955,1159.0812720848055,12.26148409893993,986.3829787234042,565,14.0,0.024179620034542316,3123.1147540983607,24.918032786885245,1649.421487603306,729,94.0,0.11421628189550426
187,202407,6,1049.7109375,3.65625,907.948051948052,769,27.0,0.03391959798994975,1317.3088587390264,1.994413407821229,1144.9400479616306,2504,70.0,0.027195027195027196,1307.395652173913,2.307246376811594,1052.6560232220609,1379,51.0,0.03566433566433566,909.9009900990098,4.143564356435643,830.0492610837439,1215,11.0,0.00897226753670473,1166.2349869451698,2.825065274151436,1101.259842519685,764,14.0,0.017994858611825194,1217.781476121563,4.523878437047757,1180.7792207792209,1384,14.0,0.010014306151645207,826.5982256020279,2.385297845373891,654.469696969697,1581,41.0,0.02527743526510481,1518.0276073619632,3.7177914110429446,1576.196319018405,652,11.0,0.016591251885369532,719.5602409638554,2.77710843373494,473.855421686747,332,2.0,0.005988023952095809,1521.6445623342174,3.586206896551724,1658.7301587301588,755,13.0,0.016927083333333332,2044.97461928934,4.351945854483925,2941.9453924914674,1177,210.0,0.1514059120403749,1707.2332268370608,3.2108626198083066,2272.753623188406,1247,74.0,0.056018168054504165,1585.2865105908584,5.480490523968784,1344.0531561461794,1800,30.0,0.01639344262295082,939.8718967229394,3.1469712015888778,918.9442231075698,2011,41.0,0.019980506822612085,795.0460385438972,2.0845824411134903,826.1786867599569,1863,32.0,0.016886543535620052,1015.7779411764706,2.4058823529411764,822.5920471281296,1359,18.0,0.013071895424836602,950.3907103825136,1.330601092896175,1091.934604904632,733,10.0,0.013458950201884253,2417.4846625766872,12.239263803680982,3121.094224924012,655,26.0,0.0381791483113069,710.7987220447284,2.712460063897764,826.3897763578275,626,6.0,0.00949367088607595,1118.0728554641598,2.8495887191539366,816.8197879858657,1700,24.0,0.013921113689095127,1251.5319634703196,2.554794520547945,1526.0091743119267,874,10.0,0.011312217194570135,1009.2550898203592,2.0155688622754493,791.8847539015607,1668,55.0,0.03192106790481718,559.7524177949709,1.4526112185686657,478.8416988416988,1035,2.0,0.0019286403085824494,1046.4929577464789,1.7253521126760565,894.6853146853147,855,23.0,0.02619589977220957,867.5388026607538,1.7649667405764966,854.3046357615895,904,13.0,0.014176663031624863,776.5164113785557,1.6717724288840263,954.8684210526316,913,19.0,0.0203862660944206,1290.5920205920206,1.5984555984555984,1243.7900128040974,1558,27.0,0.017034700315457414,842.2058823529412,1.1397058823529411,1427.380073800738,543,5.0,0.009124087591240875,1314.698275862069,4.097701149425287,1351.551724137931,696,17.0,0.023842917251051893,1204.7093425605535,4.598615916955017,1403.5416666666667,577,18.0,0.030252100840336135,1255.358353510896,1.5181598062953996,1070.048076923077,829,9.0,0.010739856801909307,634.3492462311558,1.4422110552763818,525.3807106598985,792,28.0,0.03414634146341464,1327.3062730627307,6.645756457564576,1350.0,543,5.0,0.009124087591240875,1593.0,5.992307692307692,1586.9201520912547,523,24.0,0.043875685557586835
188,202407,7,1490.3333333333333,3.2546296296296298,1271.69373549884,863,18.0,0.02043132803632236,1728.8954545454546,3.453787878787878,1976.540212443096,2638,199.0,0.07014451885794853,1399.1839378238342,2.588082901554404,1258.2539682539682,1528,69.0,0.043206011271133375,1277.8357558139537,4.459302325581396,1270.600870827286,1377,42.0,0.02959830866807611,1828.6171428571429,2.777142857142857,1741.0404624277458,696,41.0,0.05563093622795115,1325.4953519256308,3.102257636122178,1323.9406332453823,1511,91.0,0.0568039950062422,884.7596717467761,2.451348182883939,865.7344300822562,1704,52.0,0.029612756264236904,1754.2436260623228,3.3881019830028327,1635.1704545454545,705,39.0,0.05241935483870968,665.44375,0.61875,547.6433121019109,317,8.0,0.024615384615384615,1371.3698630136987,3.6232876712328768,1118.7671232876712,876,50.0,0.05399568034557235,2494.9640287769785,5.861510791366906,2973.4634146341464,1171,656.0,0.3590585659551177,3293.786816269285,7.771388499298737,3631.664167916042,1380,188.0,0.11989795918367346,1526.7975047984644,2.5595009596928984,1843.28530259366,2083,107.0,0.04885844748858448,1539.0540037243948,5.116387337057728,1433.1666666666667,2154,79.0,0.03537841468875952,3252.813347236705,8.29718456725756,2797.092050209205,1915,239.0,0.11095636025998143,1387.625,1.9663978494623653,1142.7936085219708,1495,67.0,0.04289372599231754,1236.904761904762,1.8207282913165264,1552.4581005586592,715,15.0,0.02054794520547945,1898.659574468085,2.9867021276595747,1847.6517150395775,755,53.0,0.0655940594059406,1392.2448979591836,4.11661807580175,1334.7800586510264,684,42.0,0.05785123966942149,1474.9553299492386,3.20507614213198,1020.6079027355624,1972,52.0,0.025691699604743084,1595.0883392226149,3.618374558303887,2086.583184257603,1125,57.0,0.048223350253807105,1216.978723404255,2.3148936170212764,879.1914893617021,1880,52.0,0.026915113871635612,809.8477064220184,1.5926605504587157,1008.8602941176472,1089,23.0,0.02068345323741007,1640.8949416342411,2.719844357976654,1298.075,1034,77.0,0.06930693069306931,1665.0216962524655,1.883629191321499,1386.03550295858,1014,44.0,0.04158790170132325,1914.522,2.72,1502.754491017964,1001,73.0,0.06797020484171322,1608.6772486772486,1.898148148148148,993.3510638297872,1508,61.0,0.038878266411727216,1300.8080808080808,1.3333333333333333,1452.3232323232323,594,15.0,0.024630541871921183,1306.2433862433863,2.386243386243386,1078.0901856763926,755,42.0,0.05269761606022585,1292.6215384615384,2.51076923076923,1240.3095975232195,648,17.0,0.02556390977443609,1198.5194174757282,1.7257281553398058,961.0144927536232,826,16.0,0.019002375296912115,456.02222222222224,1.1358024691358024,286.10837438423647,811,36.0,0.04250295159386069,1325.9363957597172,2.7031802120141344,1137.6678445229682,566,25.0,0.04230118443316413,910.67055393586,1.6997084548104957,830.9565217391304,688,57.0,0.07651006711409396
189,202407,8,694.7953488372093,2.469767441860465,733.5483870967741,864,60.0,0.06493506493506493,3015.4593301435407,7.480861244019139,2572.958199356913,2498,565.0,0.18445968005223637,1523.0453296703297,2.559065934065934,1407.9352226720648,1469,166.0,0.10152905198776759,1208.541907514451,3.9739884393063583,1026.3157894736842,1376,56.0,0.03910614525139665,1586.0240963855422,2.156626506024097,1276.858006042296,663,74.0,0.10040705563093623,1096.432082794308,2.26261319534282,894.7291666666666,1541,69.0,0.04285714285714286,1098.6931949250288,1.9204152249134947,1122.0625724217846,1730,45.0,0.02535211267605634,1728.295321637427,4.578947368421052,1613.7209302325582,686,57.0,0.07671601615074024,506.0548780487805,1.0060975609756098,438.6524390243902,328,2.0,0.006060606060606061,907.2935779816514,4.302752293577981,999.7706422018348,872,61.0,0.06538049303322616,1955.897435897436,1.8846153846153848,2013.636363636364,432,2425.0,0.8487924396219811,1283.4805970149257,4.214925373134329,1801.68776371308,1381,137.0,0.09025032938076416,1652.5674102812802,2.345295829291949,1772.7536231884058,2066,171.0,0.07644166294143943,842.8687910028116,2.5323336457357075,846.7595526561043,2140,124.0,0.054770318021201414,1002.1641791044776,1.981094527363184,943.2709359605911,2020,121.0,0.05651564689397478,1347.7301587301588,2.0277777777777777,1035.060080106809,1505,105.0,0.06521739130434782,1656.778097982709,2.1296829971181555,1851.1304347826087,692,63.0,0.08344370860927153,1683.1836734693877,3.038265306122449,1606.12987012987,777,163.0,0.17340425531914894,1220.433962264151,4.716981132075472,1501.2903225806451,743,45.0,0.05710659898477157,1157.8958120531154,3.072522982635342,1030.20366598778,1961,125.0,0.05992329817833174,1208.4782608695652,3.1684782608695654,1373.5869565217392,1104,82.0,0.06913996627318718,1012.7314814814816,2.202674897119341,937.6930998970134,1943,73.0,0.036210317460317464,778.0434782608696,1.4329710144927537,772.172972972973,1107,31.0,0.027240773286467488,1612.9958932238194,6.926078028747433,1199.8765432098764,973,192.0,0.1648068669527897,1431.4525252525252,2.33939393939394,1008.780487804878,987,107.0,0.09780621572212066,1411.2953156822812,2.30142566191446,1312.2494887525563,980,131.0,0.11791179117911792,2382.436962750716,8.710601719197708,3133.675213675214,1400,174.0,0.11054637865311309,984.2605863192182,1.4462540716612378,1393.5922330097087,616,50.0,0.07507507507507508,1083.4371727748692,2.167539267015707,1533.245382585752,761,76.0,0.0908004778972521,1136.4193548387098,3.074193548387097,1312.1153846153843,622,55.0,0.08124076809453472,1419.0327455919396,2.931989924433249,790.3291139240506,792,53.0,0.06272189349112427,609.2686567164179,2.5920398009950247,381.9402985074626,804,14.0,0.017114914425427872,803.6236933797909,3.533101045296167,1054.1052631578948,572,6.0,0.010380622837370242,712.931506849315,2.2684931506849315,748.021978021978,729,70.0,0.08760951188986232
190,202407,9,800.373831775701,4.542056074766355,765.2459016393443,855,21.0,0.023972602739726026,1285.4945397815914,2.1021840873634945,1321.4826254826255,2577,192.0,0.06933911159263272,1220.1122019635343,2.4389901823281908,989.8744769874476,1430,66.0,0.04411764705882353,924.584142394822,4.457928802588997,705.974025974026,1234,22.0,0.01751592356687898,1743.095238095238,2.0539682539682538,1338.1703470031546,632,24.0,0.036585365853658534,1085.5592991913747,2.606469002695418,779.430894308943,1480,20.0,0.013333333333333334,878.7449344457688,2.4123957091775923,926.414201183432,1684,32.0,0.018648018648018648,1638.2650602409635,5.590361445783133,1492.4550898203593,666,40.0,0.056657223796033995,1190.388888888889,1.1975308641975309,912.883435582822,325,6.0,0.01812688821752266,774.4055944055945,3.608391608391608,812.9439252336449,857,24.0,0.02724177071509648,1524.9093904448105,2.7644151565074133,1757.1724137931035,1187,664.0,0.35872501350621283,1518.6372093023256,3.125581395348837,1926.441717791411,1297,60.0,0.04421518054532056,1507.983623336745,3.760491299897646,1752.0615384615385,1952,53.0,0.026433915211970076,681.1955469506293,2.6360116166505323,857.1181556195966,2074,38.0,0.017992424242424244,1002.0824120603016,2.67035175879397,948.6552072800808,1984,52.0,0.025540275049115914,1051.451476793249,1.970464135021097,1030.3104895104896,1426,31.0,0.02127659574468085,1322.3184523809523,2.220238095238096,1067.8947368421052,678,35.0,0.04908835904628331,1286.6838046272494,5.688946015424165,1269.7172236503857,778,33.0,0.040690505548705305,1066.300835654596,4.629526462395543,1475.9002770083102,720,8.0,0.01098901098901099,951.0909090909092,3.1742424242424243,799.244060475162,1850,35.0,0.01856763925729443,1059.3145161290322,2.9838709677419355,1306.004056795132,989,35.0,0.0341796875,858.5932754880694,2.3308026030368763,735.3896103896104,1846,29.0,0.015466666666666667,960.6520912547528,1.370722433460076,935.4079696394688,1053,11.0,0.010338345864661654,1160.8686440677966,2.891949152542373,1251.115879828326,938,74.0,0.07312252964426877,1246.141592920354,3.887168141592921,747.6106194690266,904,41.0,0.04338624338624339,1085.1515151515152,2.1471861471861478,1008.0260303687636,923,50.0,0.051387461459403906,1509.2334337349398,5.73644578313253,1835.5454545454545,1324,47.0,0.034281546316557256,1013.6,1.5033333333333334,1705.2525252525252,597,25.0,0.04019292604501608,1002.944,2.616,1039.572192513369,749,30.0,0.038510911424903725,1082.6868686868686,3.6835016835016834,846.9387755102041,591,24.0,0.03902439024390244,1602.9450867052024,2.4277456647398843,1374.1547277936963,695,18.0,0.025245441795231416,514.2092391304348,1.0516304347826086,447.9700272479564,735,12.0,0.01606425702811245,991.8021201413428,6.045936395759718,906.9718309859156,567,6.0,0.010471204188481676,879.787798408488,2.755968169761273,943.015873015873,755,28.0,0.035759897828863345
191,202407,10,2746.6335697399527,5.00709219858156,2227.732696897375,842,71.0,0.07776560788608981,1075.0091813312931,1.9349655700076511,1264.9007633587787,2617,44.0,0.016535137166478767,1210.9240331491712,2.3218232044198897,1143.447332421341,1455,26.0,0.017555705604321403,1605.953488372093,4.137984496124031,1208.953846153846,1295,16.0,0.012204424103737605,1101.230283911672,2.0599369085173502,1066.5615141955836,634,12.0,0.018575851393188854,1439.0,5.22027027027027,1067.1370420624153,1477,105.0,0.06637168141592921,1202.887440758294,2.9502369668246446,830.3914590747331,1687,41.0,0.023726851851851853,1584.2434017595308,5.325513196480938,1065.8407079646015,680,61.0,0.08232118758434548,906.8117647058824,1.2705882352941176,732.7810650887574,339,4.0,0.011661807580174927,1767.2779097387174,15.551068883610451,1497.428571428571,841,118.0,0.12304483837330553,1134.0729483282676,2.0395136778115504,1454.611872146119,1315,76.0,0.054636951833213515,1135.9638554216867,2.781626506024097,1755.340393343419,1325,61.0,0.04401154401154401,902.7588294651866,1.187689202825429,832.408906882591,1979,25.0,0.0124750499001996,653.181903864279,2.5155513666352496,841.9811142587347,2120,15.0,0.00702576112412178,1683.3833992094862,4.669960474308301,1575.6237623762377,2022,66.0,0.031609195402298854,1697.1576704545455,2.7713068181818183,1030.1966292134832,1416,91.0,0.06038487060384871,1152.529745042493,2.861189801699717,1233.0681818181818,705,11.0,0.015363128491620111,1115.392405063291,1.0379746835443038,966.987341772152,790,9.0,0.011264080100125156,1270.1949860724235,4.245125348189415,1109.1666666666667,719,5.0,0.006906077348066298,1280.664893617021,2.393617021276596,995.7066950053136,1881,42.0,0.0218408736349454,1248.4294234592446,2.606361829025845,1415.5247524752476,1008,44.0,0.04182509505703422,1204.1648590021691,2.177874186550976,1026.948051948052,1846,71.0,0.037037037037037035,1088.921933085502,1.3197026022304832,1207.8504672897195,1073,3.0,0.0027881040892193307,1254.323467230444,2.107822410147992,952.436974789916,949,32.0,0.0326197757390418,1120.6710239651416,2.4095860566448803,691.5720524017468,917,44.0,0.045785639958376693,1209.2895833333334,2.814583333333333,901.9875,960,25.0,0.025380710659898477,1041.410029498525,2.5486725663716814,916.0761346998536,1361,50.0,0.03543586109142452,779.8013245033112,1.8245033112582785,1139.4059405940593,605,4.0,0.006568144499178982,1633.3015873015872,10.97883597883598,1255.656836461126,751,67.0,0.08190709046454768,1998.658783783784,8.033783783783784,2110.612244897959,590,19.0,0.031198686371100164,1178.7628032345012,3.3908355795148246,1252.5405405405406,741,12.0,0.01593625498007968,831.5968586387435,0.7931937172774869,821.5616797900262,763,7.0,0.00909090909090909,3024.626865671642,9.53358208955224,1830.7806691449812,537,100.0,0.15698587127158556,1879.0686813186808,5.552197802197802,1325.3038674033148,726,159.0,0.17966101694915254
192,202407,11,739.1580135440181,2.871331828442438,967.5505617977528,888,24.0,0.02631578947368421,942.5025868440504,1.6533628972653365,1224.2214022140222,2708,22.0,0.00805860805860806,1179.6115485564303,5.192913385826771,1276.005256241787,1523,30.0,0.019317450096587252,957.0731707317074,4.766140602582497,837.4175035868005,1394,13.0,0.00923951670220327,1183.076023391813,2.473684210526316,1044.9122807017543,684,9.0,0.012987012987012988,997.3724747474748,2.9166666666666665,923.3691529709228,1583,30.0,0.018598884066955982,940.0685714285714,2.7485714285714287,847.0506912442396,1743,52.0,0.028969359331476322,1499.4670487106018,3.9083094555873927,1170.7736389684817,698,19.0,0.026499302649930265,878.3024691358024,1.1111111111111112,692.0245398773006,325,15.0,0.04411764705882353,892.48322147651,6.03579418344519,736.5237020316027,890,15.0,0.016574585635359115,965.2058823529412,2.6911764705882355,1112.348596750369,1357,87.0,0.06024930747922438,888.5139500734215,3.47136563876652,1134.66472303207,1367,21.0,0.015129682997118156,744.3915094339623,0.8377358490566038,755.0804162724693,2117,24.0,0.011209715086408221,786.4922797456858,2.8283378746594003,1037.7272727272727,2201,26.0,0.011674898967220475,1124.0877192982457,2.9512670565302144,1118.73786407767,2056,40.0,0.019083969465648856,923.9488859764087,1.7758846657929226,865.1383399209486,1522,31.0,0.019961365099806824,1807.5994318181815,6.255681818181818,2512.247191011236,708,17.0,0.023448275862068966,1064.750593824228,1.515439429928741,884.8571428571429,841,12.0,0.01406799531066823,781.7947368421053,3.073684210526316,939.6473684210526,760,5.0,0.006535947712418301,1235.5926660059465,3.2021803766105053,1078.756169792695,2022,57.0,0.027417027417027416,1572.5938566552902,2.250853242320819,1785.7975986277872,1169,46.0,0.03786008230452675,1099.7741273100617,1.893223819301848,1136.123076923077,1949,56.0,0.027930174563591023,1353.8327338129495,1.3776978417266188,1242.043010752688,1114,14.0,0.012411347517730497,956.4980916030536,2.234732824427481,907.1108986615678,1047,10.0,0.00946073793755913,1100.828402366864,3.4911242603550297,790.4347826086956,1013,26.0,0.025024061597690085,1108.3228346456692,4.635826771653544,734.9407114624506,1014,8.0,0.007827788649706457,1332.9890410958903,2.3493150684931505,1136.0493827160494,1459,26.0,0.017508417508417508,1189.3059936908517,1.1545741324921135,1502.4451410658307,636,6.0,0.009345794392523364,909.580310880829,2.0595854922279795,1025.142857142857,771,19.0,0.024050632911392405,2937.4006309148267,6.990536277602524,2731.0476190476197,632,24.0,0.036585365853658534,1729.3186274509803,5.691176470588236,1364.8529411764705,816,10.0,0.012106537530266344,1180.9254807692307,2.550480769230769,982.589928057554,833,14.0,0.01652892561983471,1123.943661971831,6.626760563380282,1251.6666666666667,572,12.0,0.02054794520547945,1126.7368421052631,3.3210526315789477,918.125,764,34.0,0.042606516290726815
193,202407,12,3455.326241134752,3.914893617021277,2592.877358490566,847,108.0,0.1130890052356021,1406.4219910846955,2.178306092124814,1450.0074128984434,2695,68.0,0.024610930148389432,1279.0671052631578,2.731578947368421,1224.5526315789473,1520,34.0,0.021879021879021878,1158.095238095238,4.044733044733045,1131.5395683453237,1388,12.0,0.008571428571428572,1902.4738372093025,6.421511627906977,1889.5626822157435,687,11.0,0.015759312320916905,1994.7284427284428,3.692406692406693,1774.3858974358975,1557,68.0,0.041846153846153845,842.1720183486239,2.353211009174312,874.618015963512,1749,32.0,0.017967434025828188,3800.738872403561,11.468842729970326,2920.0,673,113.0,0.14376590330788805,1023.6242774566474,1.6184971098265897,831.3294797687861,346,4.0,0.011428571428571429,1963.3867276887872,7.173913043478261,2197.4149659863947,878,96.0,0.09856262833675565,1867.5107913669065,4.024460431654676,2242.9106628242075,1389,87.0,0.05894308943089431,1819.778916544656,4.970717423133236,2114.606413994169,1369,50.0,0.035236081747709654,1113.9243856332705,1.2306238185255198,1208.9349670122526,2119,50.0,0.023052097740894423,933.3787740164684,2.571820677035681,1198.412408759124,2189,65.0,0.02883762200532387,1397.2300194931777,2.201754385964912,1313.0679611650485,2056,74.0,0.03474178403755868,1565.6723460026212,1.9344692005242463,1369.996073298429,1527,82.0,0.0509633312616532,2085.964187327824,4.454545454545454,1875.376044568245,722,22.0,0.02956989247311828,2240.281690140845,3.915492957746479,2250.211764705882,851,20.0,0.022962112514351322,1130.264397905759,2.7198952879581157,1338.8976377952756,763,9.0,0.011658031088082901,1069.751737835154,2.893743793445879,1090.239520958084,2009,58.0,0.028059990324141266,2194.61937716263,3.2612456747404845,1790.3793103448277,1158,45.0,0.03740648379052369,853.7993920972644,1.900709219858156,884.6044624746451,1973,66.0,0.032368808239333004,1019.6791443850268,1.5793226381461676,1241.2567324955116,1118,14.0,0.012367491166077738,1618.2562620423892,2.470134874759152,1360.1941747572816,1034,40.0,0.037243947858473,1352.8915662650602,1.879518072289157,965.6740442655936,995,56.0,0.0532825880114177,1154.5450980392156,1.684313725490196,1055.6358267716537,1018,44.0,0.04143126177024482,1839.5804676753785,1.814305364511692,1846.0251046025105,1444,85.0,0.05559189012426422,2006.4245283018868,5.591194968553459,2390.347003154574,635,10.0,0.015503875968992248,1836.1863517060367,6.076115485564304,1604.9608355091384,764,68.0,0.08173076923076923,1188.5625,2.89375,1253.625,640,17.0,0.0258751902587519,2054.84289276808,2.109725685785536,1789.8994974874372,799,26.0,0.03151515151515152,987.5230024213076,2.4382566585956416,775.072463768116,827,13.0,0.015476190476190477,3666.813186813187,8.71062271062271,2235.0545454545454,548,121.0,0.18086696562032886,2570.72,3.397333333333333,2074.468085106383,751,104.0,0.1216374269005848
194,202407,13,1617.1757105943152,5.79328165374677,1512.935064935065,772,22.0,0.027707808564231738,1350.0726698262242,1.6627172195892574,1357.4464710547186,2527,45.0,0.017496111975116642,1201.5843023255811,2.359011627906977,954.899135446686,1382,26.0,0.018465909090909092,1846.454849498328,7.866220735785953,1657.810945273632,1201,22.0,0.017988552739165987,1194.463157894737,1.7868421052631578,1038.839050131926,759,4.0,0.005242463958060288,1182.0273381294965,3.709352517985612,1018.8464849354376,1392,33.0,0.023157894736842106,721.72625,2.31625,613.725,1600,15.0,0.009287925696594427,1700.0555555555557,8.626543209876543,1962.8307692307687,649,28.0,0.0413589364844904,698.6272189349113,2.159763313609468,501.68674698795184,335,6.0,0.017595307917888565,1239.68,3.613333333333333,1111.595744680851,751,9.0,0.011842105263157895,1971.4851485148515,6.476897689768977,2384.872231686542,1193,119.0,0.09070121951219512,1200.8032,3.4304,1523.6741214057508,1251,11.0,0.008716323296354992,1015.1607142857144,2.2566964285714284,926.6370699223086,1797,27.0,0.014802631578947368,1179.258032128514,7.909638554216867,1228.4873864783046,1987,52.0,0.02550269740068661,1725.2222222222222,9.461704422869472,1492.4271844660195,1854,102.0,0.05214723926380368,1187.060650887574,1.9038461538461535,1046.3694362017804,1350,28.0,0.020319303338171262,1240.295081967213,2.098360655737705,1402.1311475409836,732,11.0,0.014804845222072678,1375.2,1.3753846153846154,1139.2792792792793,658,30.0,0.0436046511627907,1091.362126245847,5.382059800664452,1016.6666666666666,607,17.0,0.027243589743589744,1084.9600938967135,2.9741784037558685,672.2823529411764,1702,43.0,0.02464183381088825,1465.812356979405,5.08466819221968,1717.20823798627,874,56.0,0.060215053763440864,819.5470798569726,2.702026221692491,723.281807372176,1680,34.0,0.019836639439906652,823.8771593090211,1.8848368522072936,532.0689655172414,1043,11.0,0.010436432637571158,977.3107476635514,2.485981308411215,748.677494199536,859,20.0,0.022753128555176336,1089.2079646017698,2.893805309734513,998.41059602649,905,13.0,0.014161220043572984,1063.9263392857142,1.9709821428571428,1011.1933333333334,898,28.0,0.03023758099352052,1447.3725490196075,3.1594771241830064,1506.5625,1533,44.0,0.027901077996195307,2028.589743589744,8.304029304029305,2874.6666666666665,543,8.0,0.014519056261343012,1019.6974063400576,2.1296829971181555,1036.300578034682,693,46.0,0.06224627875507442,968.125,2.4409722222222223,546.0207612456747,577,17.0,0.02861952861952862,1537.890510948905,1.6155717761557178,1414.4309927360775,824,17.0,0.020214030915576695,669.34,2.275,475.746835443038,795,30.0,0.03636363636363636,1058.7313432835822,5.865671641791045,1237.0454545454545,532,22.0,0.039711191335740074,483.75,2.265625,605.3281853281853,515,10.0,0.01904761904761905
195,202407,14,4076.79177377892,21.98714652956298,3501.148825065274,772,184.0,0.19246861924686193,1401.0181132075472,1.830943396226415,1606.2060377358491,2650,68.0,0.025018395879323033,2210.253094910592,11.123796423658872,1412.9916897506926,1449,36.0,0.024242424242424242,1941.3735632183907,2.9755747126436782,1482.4242424242425,1389,19.0,0.013494318181818182,2598.967647058824,10.644117647058824,2772.280701754386,682,35.0,0.04881450488145049,1895.6403162055333,3.2081686429512515,1788.8684210526317,1519,76.0,0.04764890282131661,878.1505250875146,2.819136522753792,681.3736903376018,1716,30.0,0.01718213058419244,2772.0988372093025,9.125,2798.470588235294,684,84.0,0.109375,789.9753086419753,1.271604938271605,1036.6397515527951,323,4.0,0.012232415902140673,1726.3638497652582,5.044600938967136,1698.881118881119,855,43.0,0.04788418708240535,1734.9244712990935,1.8474320241691844,1801.8694362017804,1336,115.0,0.07925568573397657,1805.0059523809523,3.587797619047619,2110.8358208955224,1342,77.0,0.05426356589147287,1554.2667928098392,1.2317880794701987,1844.9436090225563,2121,21.0,0.00980392156862745,1578.3050847457628,4.388888888888889,1655.5388940955952,2129,88.0,0.03969327920613441,3643.3931535269703,13.82780082987552,3117.231991525424,1908,210.0,0.09915014164305949,1981.748641304348,2.682065217391304,1775.1049798115746,1479,90.0,0.05736137667304015,1518.821727019499,2.3732590529247912,1675.2808988764043,715,13.0,0.017857142857142856,2011.09375,4.036458333333333,1680.791556728232,763,28.0,0.035398230088495575,3959.311572700297,22.68545994065282,2695.555555555556,661,56.0,0.07810320781032078,1337.8008298755187,2.931535269709544,1315.140186915888,1927,86.0,0.04272230501738698,1365.3475935828876,2.222816399286988,1541.164021164021,1128,66.0,0.05527638190954774,1297.9893048128342,2.350802139037433,1038.8865096359743,1869,54.0,0.028081123244929798,1303.557168784029,1.9328493647912883,1307.739602169982,1104,29.0,0.02559576345984113,1504.15,2.3596153846153847,1326.146110056926,1047,32.0,0.029657089898053754,2453.4702258726898,5.772073921971253,2095.02024291498,981,73.0,0.06925996204933586,1549.27,2.012,1634.1948310139164,1003,35.0,0.03371868978805395,2469.767759562841,7.371584699453552,2547.020408163265,1467,76.0,0.0492546986390149,1363.8926174496644,1.8523489932885904,1630.4697986577182,596,16.0,0.026143790849673203,1800.6586021505375,3.2580645161290325,1515.8490566037735,743,59.0,0.07356608478802992,1540.8832807570975,2.0662460567823344,1060.3154574132493,634,10.0,0.015527950310559006,2203.632098765432,3.0765432098765437,2140.39312039312,812,34.0,0.04018912529550828,1131.188630490956,2.157622739018088,881.6326530612245,779,19.0,0.023809523809523808,3554.4701754385965,9.79298245614035,2596.3636363636365,571,17.0,0.02891156462585034,3808.7106017191977,15.68481375358166,2813.6283185840707,688,61.0,0.0814419225634179
196,202407,15,1791.2890995260664,4.165876777251185,1803.231850117096,849,77.0,0.08315334773218143,1403.636431784108,2.030734632683658,1468.0239520958085,2670,88.0,0.03190717911530094,1387.3204787234042,2.8297872340425534,1328.4238410596026,1507,40.0,0.025856496444731737,1750.3182481751826,4.471532846715329,1655.6828193832598,1366,43.0,0.030518097941802696,1584.03216374269,1.8216374269005848,1725.3061224489795,685,23.0,0.03248587570621469,1997.5882352941176,5.159477124183007,1476.4980443285529,1532,78.0,0.0484472049689441,1038.181712962963,2.9479166666666665,853.2871972318339,1731,49.0,0.02752808988764045,1878.6120689655168,4.543103448275862,1628.3478260869565,693,44.0,0.05970149253731343,450.30120481927713,3.927710843373494,866.1349693251534,329,8.0,0.02373887240356083,1622.7522935779816,4.830275229357798,1285.852534562212,870,83.0,0.08709338929695698,1843.9546120058565,5.46705710102489,2049.1629955947137,1364,95.0,0.06511309115832763,1936.6273932253316,5.650957290132548,2398.227474150665,1356,54.0,0.03829787234042553,1336.835538752363,1.8610586011342156,1193.3081285444234,2116,55.0,0.025333947489636112,2495.79197761194,8.253731343283581,2478.814192343604,2143,130.0,0.05719313682358117,2183.480908152734,5.251805985552116,2483.246073298429,1924,393.0,0.16961588260681917,2003.719414893617,2.9960106382978724,1962.5498007968129,1505,87.0,0.05464824120603015,1412.4832402234638,2.0335195530726256,2247.8212290502797,716,32.0,0.0427807486631016,1651.2918660287082,1.076555023923445,1958.2857142857144,838,28.0,0.03233256351039261,2357.9289940828403,11.94378698224852,2337.7126099706743,679,181.0,0.21046511627906977,1167.79324055666,2.265407554671968,1012.1946375372394,2013,43.0,0.02091439688715953,1713.6507936507935,2.8324514991181657,1905.105633802817,1135,63.0,0.052587646076794656,1247.9754601226994,2.294478527607362,971.9390862944164,1963,58.0,0.028698664027709056,1207.996422182469,1.4633273703041143,959.7864768683274,1121,13.0,0.01146384479717813,1542.8762278978388,2.151277013752456,1290.0,1015,35.0,0.03333333333333333,2124.9817444219066,3.5456389452332657,1407.8048780487804,985,89.0,0.08286778398510242,1484.7704590818364,1.7924151696606787,1473.5573122529645,1007,66.0,0.06150978564771668,2646.849083215797,10.324400564174894,2640.933521923621,1416,103.0,0.06780776826859776,1622.93949044586,1.4394904458598723,1987.1153846153843,626,23.0,0.03543913713405239,1214.6109660574411,3.130548302872062,1398.759689922481,770,31.0,0.03870162297128589,1357.0532915360502,2.1128526645768027,946.9811320754716,637,12.0,0.01848998459167951,2083.3830845771145,2.2238805970149254,1668.329177057357,803,26.0,0.031363088057901084,781.5134474327629,1.4229828850855746,450.1470588235294,817,15.0,0.018028846153846152,2082.736842105264,7.621052631578947,2218.3038869257957,568,23.0,0.038917089678511,2209.061662198392,3.222520107238606,1793.2620320855615,747,58.0,0.07204968944099378
197,202407,16,2639.0380047505937,9.209026128266034,2448.1710213776723,842,73.0,0.07978142076502732,1541.7744874715263,2.35459377372817,1690.1067073170732,2629,51.0,0.019029850746268655,1093.2938718662954,2.746518105849582,980.0991620111732,1434,29.0,0.019822282980177717,1203.121951219512,3.5121951219512195,731.5909090909091,1231,29.0,0.023015873015873017,1469.686274509804,1.9836601307189543,1326.4495114006515,613,36.0,0.05546995377503852,1887.2356948228885,4.181198910081744,1488.9042407660738,1465,81.0,0.052393272962483826,762.7580071174377,2.697508896797153,823.9007092198582,1689,25.0,0.014585764294049008,2232.782874617737,7.571865443425076,2343.8297872340427,656,61.0,0.08507670850767085,769.8,2.26875,538.5,320,2.0,0.006211180124223602,1716.7142857142858,4.869047619047619,1530.0,838,81.0,0.088139281828074,1209.0771558245085,2.2465960665658096,1306.0422960725075,1323,32.0,0.023616236162361623,2743.733441033926,8.355411954765751,3154.747474747475,1213,247.0,0.16917808219178082,1203.841463414634,1.978658536585366,1080.4902962206334,1963,34.0,0.01702553830746119,1347.5194174757282,5.092233009708738,1350.4061895551258,2064,85.0,0.03955328059562587,2045.0073068893528,3.5762004175365343,1808.004073319756,1940,256.0,0.11657559198542805,1594.301724137931,2.2227011494252875,1322.4985754985755,1398,95.0,0.06363027461486939,1772.8862973760934,2.597667638483965,1660.115273775216,690,20.0,0.028169014084507043,1679.7584415584415,1.664935064935065,1488.0927835051546,773,29.0,0.03615960099750624,1502.1694915254238,4.200564971751413,1565.2394366197184,709,38.0,0.050870147255689425,1007.1197411003236,3.1262135922330097,755.1187904967603,1853,46.0,0.02422327540810953,1266.6403162055335,2.039525691699605,1410.1768172888017,1015,29.0,0.027777777777777776,1081.6163793103449,2.2456896551724137,942.6810810810812,1853,48.0,0.02524986849026828,1055.8867924528302,1.6056603773584903,979.619771863118,1056,17.0,0.015843429636533086,1628.1279317697229,3.3113006396588487,1416.6382978723404,939,37.0,0.03790983606557377,1929.85201793722,3.504484304932735,1195.5505617977528,891,64.0,0.06701570680628273,2617.6402569593147,12.173447537473232,3044.772234273318,928,47.0,0.048205128205128206,2496.86875,2.303125,2543.98133748056,1283,100.0,0.07230657989877079,1513.2905405405406,2.9932432432432434,1847.2297297297296,592,22.0,0.035830618892508145,1247.2872628726286,2.915989159891599,1236.0,739,48.0,0.060991105463786534,973.469387755102,2.2448979591836733,904.7098976109216,587,15.0,0.024916943521594685,1421.8815028901734,3.23121387283237,1357.6300578034682,692,17.0,0.023977433004231313,514.7565445026178,1.8141361256544504,334.488188976378,763,12.0,0.015483870967741935,1950.320284697509,6.640569395017794,1622.9681978798587,564,13.0,0.022530329289428077,2602.9649595687333,9.549865229110512,1844.918918918919,741,67.0,0.08292079207920793
198,202407,17,4989.238888888889,15.766666666666667,2699.48717948718,711,338.0,0.32221163012392756,1978.5272161741836,4.872472783825817,1994.095536413469,2563,172.0,0.06288848263254114,1460.4750692520777,3.14404432132964,1143.6313617606602,1449,35.0,0.02358490566037736,1011.60917721519,3.8306962025316458,1002.4844720496894,1276,45.0,0.03406510219530658,2424.485436893204,2.511326860841424,2131.4754098360654,614,59.0,0.08766716196136701,2139.005681818182,6.110795454545454,1842.1645021645024,1397,308.0,0.18064516129032257,1284.4068801897984,3.298932384341637,900.99173553719,1690,30.0,0.01744186046511628,2019.022222222222,6.26031746031746,2046.813880126183,632,192.0,0.23300970873786409,1016.0421686746988,1.819277108433735,1127.3493975903614,332,7.0,0.02064896755162242,3050.759067357513,11.041450777202073,2220.7556675062974,783,291.0,0.2709497206703911,2053.9156626506024,5.405120481927711,2402.714932126697,1327,90.0,0.06351446718419196,2881.415309446254,6.928338762214984,2893.905996758509,1231,337.0,0.2149234693877551,1718.9180327868853,3.855532786885246,1870.1840490797547,1954,100.0,0.04868549172346641,1686.551724137931,6.514367816091954,1505.07204610951,2085,65.0,0.030232558139534883,1474.560926485398,2.066465256797583,1367.1213640922767,1990,153.0,0.07139524031731218,1825.2927191679048,2.49182763744428,1348.0832095096582,1346,275.0,0.16964836520666254,2157.5160349854227,4.559766763848397,2541.238938053097,682,77.0,0.10144927536231885,1782.34375,2.1015625,1534.96062992126,765,57.0,0.06934306569343066,1660.2234636871508,2.921787709497207,1635.9217877094973,716,22.0,0.02981029810298103,1230.7425531914894,2.423404255319149,868.9808917197453,1882,48.0,0.024870466321243522,1396.171875,3.03515625,1418.9823874755382,1023,25.0,0.02385496183206107,1125.9807073954985,2.637727759914255,930.7741935483872,1863,40.0,0.021019442984760904,784.0601503759399,2.018796992481203,857.607476635514,1067,18.0,0.016589861751152075,1970.8100436681225,3.5262008733624453,1950.194384449244,921,106.0,0.10321324245374879,2063.6461187214613,2.84703196347032,1292.9519450800915,875,150.0,0.14634146341463414,1512.552016985138,2.2632696390658174,1481.2340425531916,941,75.0,0.07381889763779527,2155.5855855855857,3.726726726726727,2324.6596066565808,1327,151.0,0.10216508795669824,2663.20701754386,4.771929824561403,2798.048780487805,572,79.0,0.12135176651305683,1405.612637362637,4.552197802197802,1519.1735537190082,727,138.0,0.15953757225433526,1721.8791946308725,2.3926174496644297,925.0505050505052,595,10.0,0.01652892561983471,2693.6684931506848,3.778082191780822,2283.6666666666665,725,48.0,0.062095730918499355,246.76288659793812,1.347938144329897,187.2680412371134,776,4.0,0.005128205128205128,4091.2,24.182222222222222,2863.333333333333,459,284.0,0.3822341857335128,4545.233009708738,15.996763754045308,3438.5667752443,616,439.0,0.4161137440758294
199,202407,18,1610.1595238095238,2.8976190476190475,1218.1776765375855,859,92.0,0.09674027339642481,2160.7251148545174,4.719754977029097,2057.0259344012206,2617,210.0,0.07428369296073577,1627.2682926829268,3.368563685636856,1653.719008264463,1464,115.0,0.07283090563647879,1795.5602322206096,2.637155297532656,1396.1299852289512,1366,78.0,0.054016620498614956,2206.2100313479623,1.6144200626959249,2223.952095808383,653,72.0,0.0993103448275862,1955.8144736842105,4.306578947368421,1424.0194552529183,1531,145.0,0.08651551312649165,1285.348432055749,2.751451800232288,1205.8588235294117,1711,124.0,0.06757493188010899,2172.2553846153846,4.464615384615384,2325.765765765766,658,111.0,0.14434330299089726,1097.886075949367,1.7721518987341771,1275.0,310,37.0,0.10662824207492795,2490.210772833724,7.004683840749414,1950.755148741419,864,133.0,0.1334002006018054,3050.2556390977443,6.368421052631579,3229.8394160583944,1350,130.0,0.08783783783783784,3575.6614173228345,11.023622047244094,3465.3973509933776,1239,353.0,0.22173366834170855,2870.494602551521,9.259077526987245,2630.3529411764707,2039,212.0,0.09418036428254109,1423.1439393939395,5.700757575757576,1378.1800947867298,2111,160.0,0.07045354469396742,1332.9583333333333,2.148809523809524,1203.891577928364,2041,130.0,0.059880239520958084,2039.824827586207,1.9117241379310344,1278.3106267029973,1459,214.0,0.127913927077107,2243.4129793510324,3.262536873156342,1988.299711815562,686,61.0,0.08165997322623829,2205.637037037037,3.908641975308642,1989.287469287469,812,72.0,0.08144796380090498,1852.3809523809523,2.5978835978835977,1517.393617021277,754,28.0,0.03580562659846547,1540.0405679513185,2.3549695740365117,1292.9032258064517,1947,186.0,0.08720112517580872,3195.806569343066,8.468978102189782,3253.6059479553905,1086,207.0,0.16009280742459397,1442.0041753653445,2.137787056367432,1481.7868675995694,1887,181.0,0.08752417794970986,1126.617915904936,1.8555758683729435,1142.057142857143,1072,100.0,0.08532423208191127,2124.9765166340508,2.6614481409001955,1604.388671875,1023,82.0,0.07420814479638009,2000.7571428571428,2.3,1782.24,990,83.0,0.07735321528424977,1755.4323232323231,1.9494949494949492,1474.9397590361446,993,74.0,0.06935332708528585,2620.5188953488373,4.434593023255814,2420.961810466761,1395,198.0,0.12429378531073447,1771.1419141914191,2.0,2014.5928338762212,610,61.0,0.09090909090909091,2109.8434065934066,3.60989010989011,1744.3085106382978,740,121.0,0.140534262485482,1560.192926045016,2.620578778135048,1469.315960912052,618,44.0,0.06646525679758308,2339.1233933161952,2.845758354755784,2201.3367609254497,778,72.0,0.08470588235294117,599.9575,2.8625,529.2047872340426,776,54.0,0.06506024096385542,1916.8773234200744,3.516728624535316,1688.759124087591,543,108.0,0.16589861751152074,1954.6341463414635,3.663956639566396,1969.3261455525603,740,168.0,0.18502202643171806
200,202407,19,7681.70606060606,3.036363636363636,7475.217391304348,652,494.0,0.43106457242582896,2727.870813397129,2.135566188197767,2683.8004750593823,2517,469.0,0.15706630944407235,2140.187772925764,2.4716157205240177,2345.9914407988585,1388,278.0,0.16686674669867949,5441.674242424242,4.34280303030303,5133.661202185793,1077,534.0,0.33147113594040967,4722.274305555556,2.232638888888889,5070.205479452055,580,232.0,0.2857142857142857,3706.173453996984,2.936651583710407,4606.827067669173,1328,580.0,0.3039832285115304,2131.939163498099,2.4043092522179976,2065.552763819096,1585,361.0,0.1855087358684481,2587.548387096774,2.92258064516129,2791.1920529801323,612,220.0,0.2644230769230769,1247.129411764706,1.152941176470588,1372.3255813953488,342,26.0,0.07065217391304347,3115.1181102362207,2.545931758530184,4460.261780104712,763,426.0,0.3582842724978974,4851.356783919598,2.628140703517588,5260.520833333333,1173,584.0,0.3323847467273762,4748.329203539823,4.753982300884956,5552.268907563025,1160,598.0,0.34015927189988626,10362.72408759124,3.997080291970803,8159.598662207358,1283,1893.0,0.5960327455919395,3916.14667988107,5.56788899900892,3957.462235649547,2002,440.0,0.18018018018018017,4939.331823329559,1.870894677236693,4872.852153667055,1742,787.0,0.3111901937524713,4847.651315789473,1.8980263157894737,5623.2558139534885,1210,751.0,0.38296787353391126,4325.0485436893205,1.896440129449838,4688.852459016393,614,217.0,0.2611311672683514,3363.55795148248,2.3234501347708894,3743.5263157894738,751,197.0,0.20780590717299577,2120.8508287292816,3.5193370165745854,2700.0,724,84.0,0.10396039603960396,2717.850917431193,3.9908256880733934,2707.046979865772,1766,543.0,0.23516673884798614,3319.586776859504,3.289256198347108,3548.209255533199,981,380.0,0.27920646583394565,2529.731596828992,1.9071347678369197,3020.976692563818,1784,450.0,0.20143240823634737,4546.193133047211,1.761802575107296,4827.505330490405,935,368.0,0.28242517267843437,3244.847345132743,2.396017699115044,3530.2202643171804,906,291.0,0.24310776942355888,3718.108247422681,2.1649484536082477,5477.419354838709,791,446.0,0.3605497170573969,2290.8236559139787,1.8258064516129036,2889.358974358974,933,227.0,0.1956896551724138,4101.979274611399,4.177892918825561,4590.883882149047,1156,629.0,0.3523809523809524,2372.6291390728475,1.2682119205298013,3122.4324324324325,598,82.0,0.12058823529411765,5020.506172839506,2.8271604938271606,5322.03821656051,638,382.0,0.37450980392156863,2791.849315068493,2.2739726027397262,2323.5616438356165,584,121.0,0.17163120567375886,4303.016835016835,2.0303030303030303,4315.049504950495,600,327.0,0.35275080906148865,1048.8805194805195,2.0259740259740258,883.2352941176471,793,71.0,0.08217592592592593,4011.7137404580153,3.99618320610687,3864.7619047619046,514,207.0,0.2871012482662968,5502.229299363057,1.3535031847133758,5730.384615384615,626,487.0,0.43755615453728663
201,202407,20,1972.2022792022792,7.45014245014245,2458.314606741573,707,183.0,0.20561797752808988,1750.7267582861762,1.9264349232012932,1898.9465153970827,2471,169.0,0.06401515151515151,1510.6781437125749,5.730538922155689,1682.7761194029852,1338,117.0,0.08041237113402062,2817.762548262548,3.604247104247104,2953.2544378698226,1025,435.0,0.2979452054794521,2848.183381088825,2.329512893982808,3026.3716814159293,688,159.0,0.18772136953955135,1909.6982892690517,2.598755832037325,2036.0869565217392,1287,286.0,0.18181818181818182,1796.0655737704917,1.7568306010928962,2005.1162790697676,1463,270.0,0.15579919215233698,1681.2815533980583,3.4789644012944985,1701.747572815534,618,74.0,0.1069364161849711,1634.578947368421,2.8157894736842106,1920.794701986755,303,40.0,0.11661807580174927,1912.1739130434785,3.4434782608695653,1039.171597633136,683,173.0,0.20210280373831777,2495.956928838951,2.0168539325842696,2654.1758241758243,1080,308.0,0.2219020172910663,2674.198988195616,6.219224283305228,4218.181818181818,1187,237.0,0.16643258426966293,6309.026929982047,2.285457809694793,6355.477386934674,1154,1473.0,0.5607156452226875,2160.3325942350334,9.453436807095343,2143.6363636363635,1815,404.0,0.18206399278954483,1961.7784222737816,1.965197215777262,2027.835051546392,1735,362.0,0.1726275631855031,3054.922818791946,2.7332214765100677,2652.041166380789,1179,448.0,0.27535341118623236,2734.5818713450294,4.476608187134503,2364.213649851632,679,121.0,0.15125,1773.632450331126,1.2450331125827814,1486.711409395973,600,141.0,0.1902834008097166,912.3355481727576,2.6777408637873754,1210.9271523178809,603,39.0,0.06074766355140187,1970.5548387096771,2.0116129032258065,1747.354838709677,1550,338.0,0.17902542372881355,2185.317073170732,3.1975609756097563,2499.4074074074074,815,179.0,0.18008048289738432,1737.0389105058366,2.780804150453956,1741.1642949547218,1544,313.0,0.16855142703284867,2812.993166287016,2.419134396355353,2623.524027459954,876,349.0,0.28489795918367344,2275.460199004975,3.1243781094527363,1849.5989847715737,796,168.0,0.17427385892116182,1907.121951219512,1.7414634146341463,1558.3743842364531,816,221.0,0.21311475409836064,2148.887323943662,1.6455399061032865,1604.8646080760095,847,124.0,0.12770339855818744,2743.5904486251807,4.260492040520984,2994.759825327511,1378,391.0,0.2210288298473714,1005.0574712643678,1.5900383141762453,1561.590909090909,525,44.0,0.0773286467486819,2269.6516129032257,3.419354838709677,2719.099678456592,621,203.0,0.24635922330097088,2302.826086956521,3.597826086956522,2378.901098901099,549,71.0,0.11451612903225807,2349.529411764706,2.005347593582888,2047.2192513368984,748,181.0,0.19483315392895587,842.7531806615776,1.1653944020356235,725.1030927835052,781,38.0,0.0463980463980464,2258.987341772152,4.451476793248945,2066.4406779661017,473,221.0,0.3184438040345821,1767.2961373390558,5.6781115879828326,2034.127659574468,468,202.0,0.30149253731343284
202,202407,21,1174.2953367875648,3.303108808290156,1632.6233766233763,771,221.0,0.22278225806451613,3394.141085271318,5.263565891472868,3381.2752721617417,2576,302.0,0.10493398193189715,2823.9533898305085,6.665254237288136,2707.627118644068,1416,150.0,0.09578544061302682,3584.642611683849,4.38659793814433,3689.564685314685,1154,547.0,0.32157554379776604,2879.394736842105,3.1052631578947367,3234.74025974026,612,173.0,0.22038216560509555,1440.6605374823196,2.567185289957567,1506.3068181818182,1411,323.0,0.18627450980392157,1820.1595477386932,2.6055276381909547,1434.703656998739,1589,295.0,0.15658174097664543,1804.5718475073315,4.944281524926686,1348.224852071006,679,82.0,0.10775295663600526,987.8516129032258,2.0064516129032257,1261.548387096774,310,23.0,0.06906906906906907,1660.148148148148,2.365432098765432,1546.5847665847666,812,163.0,0.1671794871794872,1812.830188679245,2.7169811320754715,2405.145482388974,1289,227.0,0.14973614775725594,3318.5175572519083,5.236641221374046,3604.859813084112,1297,228.0,0.14950819672131146,7473.357971014493,2.030434782608696,6514.362017804155,1364,1594.0,0.5388776200135227,2077.68137254902,5.9715686274509805,2289.855072463768,2055,256.0,0.11077455646906101,1435.709745762712,2.045550847457627,1462.9800629590766,1897,240.0,0.11230697239120262,2554.430107526882,1.898617511520737,2589.861751152074,1302,492.0,0.27424749163879597,2230.9661538461537,2.193846153846154,2507.7399380804954,648,162.0,0.2,2600.775623268698,2.642659279778393,2360.056657223796,714,137.0,0.1609870740305523,1611.4782608695652,2.7304347826086954,1572.8445747800586,686,23.0,0.03244005641748942,1976.852678571429,3.149553571428572,1699.6655518394648,1793,377.0,0.1737327188940092,1912.07249070632,3.460966542750929,2190.4428044280444,1080,188.0,0.14826498422712933,1822.7772727272727,3.736363636363636,1718.3972911963883,1766,256.0,0.12660731948565776,3225.6610169491523,2.1271186440677967,2817.834394904459,943,352.0,0.27181467181467184,2179.6768292682927,2.9552845528455283,2543.4151329243355,981,180.0,0.15503875968992248,2176.906779661017,1.75635593220339,2065.3846153846152,940,175.0,0.15695067264573992,2093.407024793388,2.543388429752066,2179.35817805383,967,124.0,0.11365719523373052,2401.539634146341,2.0304878048780486,2351.0741301059,1317,408.0,0.23652173913043478,1392.334494773519,1.2439024390243902,1402.9166666666667,575,56.0,0.08874801901743265,1757.846590909091,2.3267045454545454,1942.9461756373937,705,145.0,0.17058823529411765,2245.918367346939,2.204081632653061,2121.283783783784,590,94.0,0.13742690058479531,2403.5783783783786,2.1297297297297297,2583.9237057220707,737,180.0,0.19629225736095965,815.1602067183462,0.8191214470284238,946.4961636828644,778,24.0,0.029925187032418952,1698.8235294117646,3.215686274509804,2164.090909090909,519,156.0,0.2311111111111111,1731.483870967742,1.9387096774193548,1319.611650485437,619,263.0,0.2981859410430839
203,202407,22,3822.238341968912,6.007772020725389,3562.08,761,273.0,0.2640232108317215,3090.84398782344,5.390410958904109,2998.862774829416,2633,228.0,0.07969241523942677,2387.995967741936,3.0161290322580645,2148.6486486486488,1484,114.0,0.07133917396745933,3161.6453781512605,7.1949579831932775,2730.912162162162,1187,445.0,0.27267156862745096,2840.29375,2.278125,2478.1132075471696,638,115.0,0.15272244355909695,2493.8743016759777,3.4175977653631286,2069.8515406162464,1430,345.0,0.19436619718309858,1834.976076555024,3.276315789473684,1496.2545018007204,1669,187.0,0.10075431034482758,3227.5235294117647,4.764705882352941,3100.3508771929824,682,73.0,0.09668874172185431,1279.4840764331211,1.4968152866242035,1550.5974025974026,311,34.0,0.09855072463768116,3601.284289276808,12.531172069825436,2994.8354430379745,796,313.0,0.2822362488728584,3471.7672281776418,12.451761102603369,3162.9780564263324,1291,363.0,0.21946795646916567,2903.4860248447203,3.8027950310559007,3586.0975609756097,1300,223.0,0.1464215364412344,5213.880215343203,1.8250336473755049,5133.037037037037,1553,1222.0,0.44036036036036036,1436.4145658263303,5.254901960784314,1558.5379568884723,2138,141.0,0.06186924089512944,1716.001998001998,2.255744255744256,1580.7142857142858,2009,192.0,0.08723307587460245,3176.814540059347,2.9421364985163203,2380.0660792951544,1355,407.0,0.23098751418842225,4885.521212121213,7.33030303030303,4852.6875,650,161.0,0.19852034525277434,3078.844221105528,5.796482412060302,2782.1374045801526,791,132.0,0.14301191765980498,1681.9435483870968,2.8118279569892475,1935.603217158177,745,57.0,0.07107231920199501,1993.8269030239835,3.3628779979144943,1705.4811715481171,1915,238.0,0.11054342777519739,2014.519056261343,4.558983666061706,2341.4028776978416,1107,126.0,0.10218978102189781,1566.9738219895287,1.848167539267016,1458.1322140608604,1908,204.0,0.09659090909090909,2215.215163934426,2.575819672131148,2187.1005917159764,995,264.0,0.2096902303415409,2787.3360160965794,3.1770623742454727,2835.811860940695,986,148.0,0.13051146384479717,3002.3126338329766,2.325481798715203,2270.779220779221,929,210.0,0.18437225636523266,2405.0587044534414,1.8967611336032388,2175.918367346939,984,133.0,0.11906893464637422,2989.64,2.3777777777777778,2725.311077389985,1334,319.0,0.19298245614035087,2826.326923076923,4.0,3197.785016286645,619,37.0,0.056402439024390245,2213.983425414365,4.116022099447513,2308.6363636363635,714,174.0,0.19594594594594594,1935.6077170418007,2.273311897106109,1613.5081967213114,616,68.0,0.09941520467836257,3375.700534759358,3.4946524064171123,3334.4235924932977,747,142.0,0.1597300337457818,1154.1742424242425,2.406565656565657,1068.1119592875318,789,43.0,0.051682692307692304,3786.721991701245,8.315352697095436,2877.560975609756,487,192.0,0.28276877761413843,3668.38905775076,6.27355623100304,3220.5454545454545,659,347.0,0.34493041749502984
204,202407,23,1562.995145631068,2.8810679611650487,1645.571428571429,832,94.0,0.10151187904967603,1816.052140077821,3.058365758754864,2076.009244992296,2583,217.0,0.0775,1537.811797752809,2.484550561797753,1496.1016949152545,1420,80.0,0.05333333333333334,2614.3478260869565,4.338768115942029,2289.982486865149,1123,234.0,0.17243920412675018,2682.09364548495,6.759197324414716,2539.734219269103,600,105.0,0.14893617021276595,1835.1638418079096,2.536723163841808,1496.877344877345,1401,242.0,0.1472915398660986,1369.012048192771,2.485542168674699,1358.967587034814,1663,89.0,0.050799086757990865,1700.6149253731344,4.367164179104478,1705.0151057401813,666,80.0,0.10723860589812333,1134.560975609756,2.804878048780488,1264.698795180723,330,9.0,0.02654867256637168,2187.606516290726,6.786967418546366,1612.186732186732,806,249.0,0.23601895734597156,2726.800314465409,8.49685534591195,2648.3830455259026,1273,257.0,0.16797385620915034,4020.117552334944,6.407407407407407,4007.010309278351,1203,394.0,0.2467125860989355,4738.439340400471,6.05771495877503,3589.3592677345537,1723,520.0,0.231832367365136,1002.1379980563654,4.505344995140914,1083.413693346191,2066,61.0,0.028678890456041373,3150.012282497441,8.868986693961105,3312.6282722513088,1932,275.0,0.12460353420933394,2162.8867069486405,2.336858006042296,2157.666169895678,1333,209.0,0.13553826199740596,2156.766666666667,3.224242424242424,2771.2166172106827,667,57.0,0.0787292817679558,2557.4041450777204,5.419689119170984,2342.8125,770,61.0,0.07340553549939831,1833.314447592068,6.152974504249292,2154.1011235955057,709,35.0,0.04704301075268817,1484.5561674008811,2.8480176211453743,1238.476821192053,1814,132.0,0.06783144912641316,1600.9580838323354,2.780439121756487,1831.5537848605577,1003,67.0,0.06261682242990654,1304.1386782231853,2.230769230769231,1229.3144722524482,1842,73.0,0.0381201044386423,1890.235294117647,1.2509803921568627,1529.0019569471624,1021,85.0,0.07685352622061482,1997.5557939914163,3.2317596566523603,2040.3663793103449,930,91.0,0.089128305582762,1976.584686774942,2.647331786542924,1888.738317757009,859,148.0,0.14697120158887786,1627.367965367965,2.1298701298701297,1479.8692810457517,921,80.0,0.07992007992007992,2222.217391304348,3.135265700483092,2422.135922330097,1239,229.0,0.15599455040871935,1610.9897610921505,2.604095563139932,2328.2876712328766,585,33.0,0.05339805825242718,2160.054347826087,4.173913043478261,1871.404958677686,731,77.0,0.0952970297029703,1802.243150684932,2.1301369863013697,1627.6767676767677,589,32.0,0.05152979066022544,2202.09667673716,3.1570996978851964,2497.7039274924477,662,64.0,0.0881542699724518,500.40673575129534,2.453367875647668,361.08527131782944,773,12.0,0.015286624203821656,1835.8671586715868,3.6383763837638377,1530.909090909091,535,77.0,0.12581699346405228,1063.5616438356165,2.2739726027397262,999.6164383561644,730,104.0,0.12470023980815348
205,202407,24,1971.011990407674,4.141486810551559,1417.2463768115942,831,102.0,0.10932475884244373,1421.6065950920245,2.631901840490797,1469.9308224442736,2605,97.0,0.035899333826794964,1308.720385674931,4.837465564738292,1370.426409903714,1453,37.0,0.024832214765100672,1466.5390625,4.8015625,1183.8244514106584,1278,42.0,0.031818181818181815,1843.5520504731865,3.2523659305993693,1917.8913738019169,630,16.0,0.02476780185758514,2052.851296043656,6.514324693042292,1549.9098360655737,1465,119.0,0.07512626262626262,940.6049528301888,3.4422169811320757,780.9893992932862,1697,24.0,0.013945380592678676,1680.0058651026393,4.428152492668621,1684.723032069971,684,53.0,0.07191316146540028,1287.035928143713,3.7964071856287434,1043.855421686747,333,15.0,0.04310344827586207,2013.4476190476191,7.59047619047619,1805.533980582524,832,113.0,0.11957671957671957,1879.504491017964,4.773952095808383,2422.2054380664654,1330,88.0,0.06205923836389281,2558.0811688311687,3.655844155844156,2871.894409937888,1260,196.0,0.1346153846153846,1822.399794450154,2.7533401849948613,1833.8148524923704,1956,66.0,0.032640949554896145,920.4823641563394,4.2697807435653,847.908484270734,2098,31.0,0.01456082667919211,1891.7046843177188,3.263747454175153,1857.8421578421576,1983,161.0,0.07509328358208955,1633.01,2.751428571428572,1409.059829059829,1402,103.0,0.06843853820598006,1714.6275071633238,2.189111747851003,2014.727793696275,698,28.0,0.03856749311294766,1693.469387755102,3.3801020408163267,1497.076923076923,782,30.0,0.03694581280788178,983.4269662921348,3.811797752808989,1273.465909090909,708,14.0,0.019390581717451522,1099.6230031948885,2.989350372736954,1099.2537313432836,1877,50.0,0.02594706798131811,1219.8443579766538,2.4494163424124515,1366.1176470588234,1024,27.0,0.025689819219790674,979.3383137673426,2.3724653148345785,798.6780383795309,1875,32.0,0.016780283167278448,971.8198874296436,1.7842401500938083,1009.4579439252336,1068,15.0,0.013850415512465374,1573.7589098532494,5.037735849056604,1498.1680672268908,953,21.0,0.021560574948665298,1582.3866666666668,5.068888888888889,1575.7110609480812,893,87.0,0.08877551020408163,1303.9106029106028,1.6902286902286905,1080.2521008403362,957,34.0,0.034308779011099896,1855.072378138848,3.889217134416544,1782.1693907875183,1350,72.0,0.05063291139240506,1263.9867109634552,2.019933554817276,1485.148514851485,604,16.0,0.025806451612903226,1685.0684210526315,4.439473684210526,1595.68,755,46.0,0.05742821473158552,1093.3561643835617,2.366438356164384,858.477508650519,581,32.0,0.052202283849918436,2014.4207650273224,2.808743169398907,1710.0,736,18.0,0.023872679045092837,802.0303797468355,1.7063291139240506,559.9492385786803,789,13.0,0.016209476309226933,2770.0,4.471014492753623,2647.2262773722628,550,82.0,0.12974683544303797,2052.1259842519685,3.257217847769029,1473.6702127659576,757,36.0,0.04539722572509458
206,202407,25,858.089485458613,2.9395973154362416,912.3489932885906,894,16.0,0.017582417582417582,1257.4649446494466,2.660516605166052,1403.8847858197933,2709,54.0,0.019543973941368076,1359.1473684210523,7.168421052631579,1029.1458607095926,1521,23.0,0.014896373056994818,1164.4642857142858,5.088571428571429,815.157060518732,1394,8.0,0.005706134094151213,1842.52802359882,3.4985250737463125,1705.0295857988165,677,17.0,0.024495677233429394,1142.064393939394,3.85479797979798,1067.6359039190895,1583,20.0,0.012476606363069246,862.2020431328036,3.634506242905789,686.9457013574661,1765,22.0,0.012311135982092894,1083.039886039886,4.461538461538462,1147.1186440677966,705,14.0,0.019471488178025034,1272.3431952662722,2.337278106508876,981.8343195266272,338,6.0,0.01744186046511628,1740.134529147982,10.717488789237668,1394.1818181818182,886,37.0,0.04008667388949079,1343.0434782608695,4.395652173913043,1536.0,1380,49.0,0.034289713086074175,1439.5201793721974,4.411061285500748,1877.893175074184,1343,65.0,0.04616477272727273,880.5510396975425,2.16351606805293,958.1320754716982,2118,15.0,0.007032348804500703,992.71974522293,4.090991810737034,1151.0483135824977,2196,35.0,0.015688032272523533,1021.4651837524178,2.347195357833656,1112.485549132948,2072,32.0,0.015209125475285171,915.0526315789474,2.034210526315789,990.7105263157896,1520,34.0,0.021879021879021878,1872.794366197183,2.473239436619718,1969.747899159664,712,7.0,0.009735744089012517,1305.9905660377358,2.4410377358490565,1060.7600950118765,845,10.0,0.011695906432748537,794.8818897637796,2.776902887139108,875.6842105263158,761,4.0,0.00522875816993464,933.6758893280632,2.308300395256917,850.8177339901478,2027,49.0,0.023603082851637765,1076.518771331058,2.885665529010239,1197.5384615384614,1171,33.0,0.027408637873754152,837.8071065989848,2.022335025380711,925.314401622718,1971,29.0,0.0145,1052.142857142857,2.0410714285714286,1034.678571428571,1120,4.0,0.0035587188612099642,977.5409523809524,3.085714285714286,915.5485714285714,1050,21.0,0.0196078431372549,942.4265873015872,2.005952380952381,871.8,1004,23.0,0.022395326192794548,923.9292730844794,1.762278978388998,740.4733727810651,1016,12.0,0.011673151750972763,1557.8301630434785,4.353260869565218,1392.5409836065571,1468,26.0,0.01740294511378849,642.2857142857143,1.9174603174603173,1209.7142857142858,630,7.0,0.01098901098901099,858.6744791666666,3.46875,943.6413612565444,766,15.0,0.019206145966709345,1040.6309148264984,2.533123028391167,705.8934169278997,636,16.0,0.024539877300613498,1416.404466501241,3.0843672456575684,1164.8275862068965,809,23.0,0.027644230769230768,760.3658536585366,1.809756097560976,647.4587378640776,822,13.0,0.015568862275449102,1493.3101045296166,3.700348432055749,1609.8269896193772,576,2.0,0.0034602076124567475,772.1671018276762,3.0783289817232378,801.40625,767,5.0,0.006476683937823834
207,202407,26,554.1559020044543,6.483296213808464,683.1910112359551,894,10.0,0.011061946902654867,1285.7507374631268,3.115781710914454,1221.6248153618908,2710,41.0,0.014903671392221011,1083.4624505928855,2.7615283267457182,1095.0982961992136,1522,24.0,0.015523932729624839,1158.6086330935252,6.038848920863309,859.9426934097421,1393,5.0,0.00357653791130186,1273.0145772594751,2.7551020408163267,1214.5664739884394,689,6.0,0.008633093525179856,895.5824873096446,2.4124365482233503,634.1550190597204,1575,5.0,0.0031645569620253164,807.4960182025028,2.877133105802048,676.9090909090909,1759,17.0,0.009572072072072071,1449.0112359550562,4.480337078651686,1160.0,713,10.0,0.013831258644536652,756.5257142857142,2.8057142857142856,1029.2571428571428,350,9.0,0.025069637883008356,1191.196388261851,4.706546275395034,715.4054054054054,887,9.0,0.010044642857142858,1949.872340425532,6.6,2361.386138613861,1412,33.0,0.022837370242214532,1392.731386861314,5.397080291970803,1908.833087149188,1362,39.0,0.027837259100642397,1130.311506080449,6.739943872778298,1124.6485473289597,2136,11.0,0.005123428039124359,836.8497737556561,5.914932126696833,926.467391304348,2209,29.0,0.012957998212689902,1005.9048076923076,2.021153846153846,1057.8034682080925,2078,21.0,0.010004764173415913,849.4276485788114,1.631782945736434,852.8238341968912,1546,11.0,0.007064868336544637,1621.3194444444443,3.311111111111111,1908.5318559556783,721,19.0,0.025675675675675677,1383.098591549296,3.082159624413145,1412.803738317757,854,9.0,0.010428736964078795,869.443864229765,2.161879895561358,909.0861618798956,766,4.0,0.005194805194805195,940.6719367588933,2.126482213438736,862.1958456973293,2023,21.0,0.010273972602739725,850.1030927835052,2.201030927835052,874.020618556701,1164,40.0,0.03322259136212625,839.037111334002,2.361083249749248,671.1557788944724,1992,24.0,0.011904761904761904,646.6071428571429,2.1660714285714286,738.4615384615385,1119,9.0,0.007978723404255319,1142.0211538461538,2.8365384615384617,913.5105973025048,1039,5.0,0.004789272030651341,896.1130952380952,2.25,768.1422924901186,1010,3.0,0.0029615004935834156,1090.7198443579766,1.9124513618677044,895.4651162790698,1030,10.0,0.009615384615384616,1307.5792349726776,3.377049180327869,1332.1467391304348,1468,19.0,0.012777404169468728,932.4528301886792,1.8050314465408803,929.0625,638,3.0,0.0046801872074883,798.0876288659794,2.739690721649485,504.6786632390745,777,7.0,0.008928571428571428,790.9090909090909,2.329153605015674,750.188679245283,637,20.0,0.030441400304414,1083.6813725490197,2.0122549019607843,875.1724137931035,814,3.0,0.0036719706242350062,965.8783454987836,2.004866180048662,755.7664233576643,822,8.0,0.00963855421686747,1038.1881533101046,5.062717770034843,758.1818181818181,573,1.0,0.0017421602787456446,538.9107611548557,2.5826771653543306,531.2271540469974,764,3.0,0.003911342894393742
208,202407,27,1530.1546391752577,3.201030927835052,911.7223650385604,777,12.0,0.015209125475285171,1069.2771653543307,2.878740157480315,1102.4232887490166,2541,15.0,0.005868544600938967,973.71,2.8457142857142856,704.5272206303725,1398,7.0,0.00498220640569395,684.3571428571429,4.001661129568106,518.3443708609271,1206,4.0,0.003305785123966942,987.2872340425532,2.9202127659574466,1127.427055702918,753,9.0,0.011811023622047244,849.2703862660944,2.619456366237482,796.5428571428571,1399,6.0,0.004270462633451958,686.575,4.1075,560.7259073842303,1599,8.0,0.004978220286247666,1034.1284403669724,3.055045871559633,1146.2576687116564,653,4.0,0.0060882800608828,779.0828402366864,1.7692307692307692,682.7396449704142,338,3.0,0.008797653958944282,636.1290322580645,2.9811827956989245,802.4193548387096,744,6.0,0.008,967.8347107438016,2.229752066115702,1095.321252059308,1212,32.0,0.02572347266881029,1075.6806451612904,4.52741935483871,1720.451612903226,1240,45.0,0.03501945525291829,843.5388026607538,1.9711751662971173,721.063122923588,1805,4.0,0.002211166390270868,680.8996023856859,4.961232604373757,961.558093346574,2013,35.0,0.01708984375,807.0211193241817,2.0813093980992607,933.2268370607028,1886,18.0,0.009453781512605041,737.4926686217009,1.7008797653958945,881.3823529411765,1362,10.0,0.007288629737609329,685.5788043478261,1.9918478260869563,780.6575342465753,733,15.0,0.020053475935828877,906.0182370820668,1.541033434650456,916.3141993957704,660,8.0,0.011976047904191617,600.672077922078,3.6720779220779214,826.9480519480519,616,4.0,0.0064516129032258064,718.3934807916181,2.0966239813736904,682.7537922987165,1716,22.0,0.012658227848101266,662.9798206278027,2.2242152466367715,656.0986547085201,892,15.0,0.016538037486218304,810.318772136954,2.779220779220779,709.2907801418439,1693,33.0,0.019119351100811123,579.2748091603054,2.704198473282443,653.3460803059273,1047,7.0,0.006641366223908918,774.4709976798143,2.25754060324826,605.1508120649652,862,8.0,0.009195402298850575,1006.0714285714286,2.455357142857143,956.4079822616408,899,12.0,0.013172338090010977,869.2813186813187,2.454945054945055,923.2894736842104,911,9.0,0.009782608695652175,997.1798188874516,3.88745148771022,1320.4657179818887,1546,15.0,0.009609224855861628,651.1764705882352,1.4044117647058822,1209.7058823529412,544,1.0,0.001834862385321101,951.1428571428572,2.309037900874636,801.5028901734104,689,18.0,0.02545968882602546,831.9587628865979,2.9037800687285222,702.4742268041238,582,7.0,0.011884550084889643,1146.0754257907545,2.5523114355231145,1372.463768115942,825,9.0,0.01079136690647482,688.989847715736,2.1802030456852792,571.6836734693877,786,5.0,0.006321112515802781,709.1107011070111,4.140221402214023,480.0,542,3.0,0.005504587155963303,732.3735408560311,2.642023346303502,598.6046511627907,515,7.0,0.013409961685823755
209,202407,28,3204.5806451612902,2.7121588089330024,2071.9402985074626,805,43.0,0.05070754716981132,1229.556792873051,2.501855976243504,1443.919821826281,2694,29.0,0.010650018362100624,1284.1796982167352,2.197530864197531,1279.696551724138,1454,40.0,0.02677376171352075,1051.2947067238913,4.964234620886981,1024.454806312769,1396,7.0,0.004989308624376337,1329.3551136363635,4.735795454545454,1175.759312320917,701,6.0,0.008486562942008486,1582.7029831387808,3.2010376134889755,1255.1875808538164,1544,13.0,0.008349389852280027,929.02416570771,3.174913693901036,770.1956271576524,1738,14.0,0.007990867579908675,1234.9579831932774,3.932773109243697,1345.977653631285,715,8.0,0.011065006915629323,1182.073619631902,1.4846625766871169,973.875,323,2.0,0.006153846153846154,1388.3607305936073,3.415525114155251,1474.6206896551723,873,19.0,0.021300448430493273,1436.0730659025787,2.878223495702006,1901.26618705036,1393,25.0,0.01763046544428773,1649.9061583577711,4.10117302052786,2234.7800586510266,1364,33.0,0.023622047244094488,2308.6415094339623,7.159433962264151,2207.648725212465,2119,4.0,0.0018841262364578427,790.6916666666667,2.7490740740740742,971.2947658402204,2169,44.0,0.019882512426570267,1376.105421686747,4.778112449799197,1292.3446893787575,1994,37.0,0.018217626784835055,1002.2583668005354,1.748326639892905,1120.3129973474802,1501,14.0,0.009240924092409241,2101.389972144847,4.944289693593315,1739.0,719,9.0,0.012362637362637362,1703.6923076923076,3.2564102564102564,1432.4031007751937,777,4.0,0.005121638924455826,991.3793103448276,3.931034482758621,999.7134670487106,697,4.0,0.005706134094151213,1061.0655737704917,2.105532786885246,1124.6169560776302,1955,35.0,0.017587939698492462,1010.5923344947736,2.0034843205574915,1019.895652173913,1149,31.0,0.026271186440677965,1006.0526315789474,2.3663157894736844,894.4421052631579,1900,29.0,0.01503369621565578,787.8054054054054,1.5873873873873874,788.2647584973166,1114,9.0,0.008014247551202136,1194.4914933837429,3.69187145557656,1294.593572778828,1058,10.0,0.009363295880149813,1659.6407185628743,2.9081836327345307,1359.799599198397,1000,8.0,0.007936507936507936,1068.2588235294118,2.1098039215686275,1088.3693516699411,1019,6.0,0.005853658536585366,2219.8364611260054,6.656836461126005,2230.281124497992,1493,31.0,0.020341207349081365,1288.1063122923588,1.471760797342193,1629.1694352159468,602,1.0,0.001658374792703151,1022.5394736842104,2.594736842105263,879.8944591029024,759,11.0,0.014285714285714285,1229.0625,2.534375,1023.949843260188,639,14.0,0.021439509954058193,1265.2125603864731,2.1739130434782608,968.4261501210652,827,1.0,0.0012077294685990338,579.763959390863,1.748730964467005,475.2911392405063,789,15.0,0.018656716417910446,590.383275261324,3.1254355400696863,943.5416666666666,575,2.0,0.0034662045060658577,883.2735042735043,3.566951566951567,713.4104046242775,697,4.0,0.005706134094151213
210,202407,29,2360.508515815085,2.4987834549878345,1593.9759036144578,826,23.0,0.027090694935217905,1140.240946045824,2.664449371766445,1150.909090909091,2706,25.0,0.009154155986818015,1029.9933774834435,2.067549668874172,871.1904761904761,1511,28.0,0.018193632228719947,1339.53,5.428571428571429,1203.7015781922526,1397,4.0,0.0028551034975017845,1655.7105263157894,3.08187134502924,1387.3255813953488,686,8.0,0.011527377521613832,1813.420178799489,4.195402298850575,1493.6235595390524,1564,17.0,0.010752688172043012,999.36301369863,5.486301369863014,782.955326460481,1749,14.0,0.007941009642654566,1666.9859550561798,6.308988764044944,1796.9662921348315,712,10.0,0.013850415512465374,945.0963855421688,2.8072289156626504,566.9090909090909,331,7.0,0.020710059171597635,1538.3181818181818,6.702272727272727,1414.0136054421769,881,17.0,0.01893095768374165,1275.8798283261804,1.7310443490701002,1229.4,1399,16.0,0.011307420494699646,2748.4008810572686,9.09691629955947,2813.5871156661788,1364,59.0,0.04146170063246662,2756.445805843544,8.183788878416587,2698.807947019868,2118,30.0,0.013966480446927373,720.7842248413418,2.537624660018132,847.9455040871935,2204,29.0,0.012987012987012988,1274.389748549323,3.097678916827853,1182.642237222758,2071,51.0,0.02403393025447691,1337.08125819135,2.568807339449541,1138.3464566929133,1525,14.0,0.009096816114359974,2082.8972222222224,4.822222222222222,2720.6094182825486,721,10.0,0.013679890560875513,1363.0188679245282,1.6839622641509433,1630.233644859813,852,4.0,0.004672897196261682,1159.3193717277486,4.232984293193717,1216.9633507853405,764,4.0,0.005208333333333333,1000.3766105054508,2.0099108027750248,915.1044776119404,2014,48.0,0.023278370514064017,945.9618717504331,2.0121317157712304,957.0934256055364,1155,19.0,0.016183986371379896,991.2701612903226,2.288306451612903,842.9003021148036,1985,30.0,0.01488833746898263,879.7001795332136,2.012567324955117,828.75,1117,13.0,0.011504424778761062,1660.0812379110253,8.379110251450676,1604.781007751938,1033,10.0,0.009587727708533078,1620.1967871485945,3.77710843373494,1055.76,998,25.0,0.024437927663734114,1611.419417475728,5.497087378640777,1534.9649122807018,1028,17.0,0.016267942583732056,1479.0477489768075,2.081855388813097,1504.186046511628,1464,11.0,0.007457627118644068,1946.5822784810127,6.712025316455696,2442.3417721518986,632,7.0,0.010954616588419406,1312.9948186528495,3.1917098445595853,1412.65625,770,26.0,0.032663316582914576,925.607476635514,1.968847352024922,885.981308411215,642,7.0,0.01078582434514638,1502.803970223325,2.861042183622829,2106.550868486353,806,7.0,0.008610086100861008,486.0302267002519,1.0957178841309825,400.0656565656566,793,11.0,0.013681592039800995,1656.5034965034963,4.276223776223776,1118.811188811189,572,5.0,0.008665511265164644,1294.7780678851177,4.5013054830287205,894.7012987012987,768,8.0,0.010309278350515464
211,202407,30,2800.9947229551453,4.348284960422164,1855.1052631578948,759,108.0,0.1245674740484429,1239.0866261398176,2.5509118541033438,1377.040971168437,2634,56.0,0.020817843866171002,927.91643454039,2.149025069637883,683.1932773109244,1432,25.0,0.017158544955387784,877.9411764705883,4.756535947712418,697.2786885245902,1222,8.0,0.0065040650406504065,1278.8338658146963,2.635782747603834,1053.6305732484077,627,14.0,0.0218408736349454,1025.968834688347,3.046070460704607,877.9375848032564,1475,50.0,0.03278688524590164,670.1213191990577,3.5382803297997643,680.2826855123675,1698,21.0,0.012216404886561954,1767.956011730205,5.686217008797654,1430.563798219585,678,16.0,0.023054755043227664,574.4596273291926,1.7391304347826086,510.9316770186336,322,3.0,0.009230769230769232,2123.066037735849,7.483490566037735,2091.631205673759,847,88.0,0.09411764705882353,1734.3072289156626,5.23644578313253,1955.619335347432,1326,35.0,0.025716385011021307,2181.277258566978,9.445482866043614,2020.4388714733543,1280,92.0,0.06705539358600583,1715.7940573770493,7.722336065573771,1968.8615384615384,1951,33.0,0.01663306451612903,797.6657060518731,2.333333333333333,824.062082139446,2088,21.0,0.00995732574679943,1191.0121212121212,2.5686868686868687,1378.8461538461538,1978,73.0,0.035592393954168695,1339.269340974212,3.1131805157593124,956.2393162393164,1400,33.0,0.023028611304954642,1243.031976744186,2.2732558139534884,1299.2375366568915,685,17.0,0.024216524216524215,1029.5140664961637,1.2685421994884911,903.2061068702292,784,10.0,0.012594458438287154,959.5320334261838,4.467966573816156,948.133704735376,718,5.0,0.006915629322268326,1007.6889848812096,2.6058315334773217,617.8448275862069,1854,36.0,0.01904761904761905,878.9702970297029,2.37029702970297,1011.1067193675888,1011,34.0,0.03253588516746411,789.3103448275862,2.159482758620689,724.516129032258,1858,38.0,0.020042194092827006,598.0864661654135,2.093984962406015,490.6015037593985,1064,6.0,0.005607476635514018,1892.6461864406776,4.133474576271187,1259.7040169133193,945,27.0,0.027777777777777776,1436.8764302059496,3.0892448512585813,898.2191780821918,875,42.0,0.04580152671755725,1082.8531914893615,2.9468085106382977,810.4496788008565,937,17.0,0.01781970649895178,1244.7324159021407,3.0351681957186543,1057.8995433789955,1311,17.0,0.012801204819277108,1247.3355704697988,4.134228187919463,1675.9322033898304,593,10.0,0.01658374792703151,897.7935656836461,3.686327077747989,1188.288770053476,747,22.0,0.02860858257477243,806.5771812080537,1.9496644295302008,453.6241610738255,596,4.0,0.006666666666666667,1539.8914956011731,2.343108504398827,1296.5597667638483,684,18.0,0.02564102564102564,460.3324873096447,1.2411167512690355,419.0862944162437,788,5.0,0.006305170239596469,2633.713780918728,10.76678445229682,1743.8028169014085,567,3.0,0.005263157894736842,1691.4893617021276,3.24468085106383,1310.106382978723,752,23.0,0.02967741935483871
212,202407,31,2497.1039603960394,7.913366336633663,1844.139650872818,805,31.0,0.03708133971291866,1181.584920030465,2.6862147753236862,1422.7591463414635,2625,49.0,0.01832460732984293,1174.4522821576763,3.120331950207469,827.603305785124,1449,22.0,0.01495581237253569,2827.7734375,20.003125,2229.171974522293,1268,32.0,0.024615384615384615,1387.4267515923566,3.461783439490446,1353.8801261829651,631,5.0,0.007861635220125786,2257.78743315508,7.390374331550802,1912.1457489878544,1489,55.0,0.03562176165803109,1018.2776470588236,3.214117647058824,806.6355140186915,1706,5.0,0.0029222676797194622,1447.8876080691643,6.54178674351585,1217.463976945245,694,6.0,0.008571428571428572,664.8529411764706,1.3235294117647058,574.2352941176471,340,1.0,0.002932551319648094,2067.7570093457944,9.822429906542055,2190.420560747664,856,56.0,0.06140350877192982,783.9285714285714,2.044642857142857,964.2985074626864,1342,22.0,0.016129032258064516,1396.6406727828746,4.059633027522936,1563.0862329803329,1315,68.0,0.049168474331164135,1149.8470948012232,2.3771661569826708,980.938775510204,1961,22.0,0.011094301563287948,855.291151284491,3.4433872502378686,919.2755004766444,2100,32.0,0.0150093808630394,1737.4013806706114,4.8599605522682445,1791.0324483775812,2031,36.0,0.01741654571843251,1382.3581460674156,2.338483146067416,1062.8450704225352,1422,28.0,0.019310344827586208,1344.752840909091,1.9488636363636365,1136.43059490085,705,11.0,0.015363128491620111,1054.7848101265822,1.4936708860759491,940.0,791,5.0,0.00628140703517588,1152.0642458100558,5.698324022346369,1271.0306406685236,717,7.0,0.009668508287292817,981.3710359408034,2.702959830866808,712.0382165605096,1888,24.0,0.012552301255230125,755.5078125,2.4765625,786.9548133595285,1021,10.0,0.009699321047526674,736.4392324093817,2.1535181236673773,764.2507970244421,1879,21.0,0.011052631578947368,744.8314606741573,1.5187265917602997,817.9477611940298,1070,11.0,0.010175763182238668,950.5052631578948,2.1494736842105264,935.9071729957806,949,23.0,0.023662551440329218,1483.3408577878104,3.647855530474041,1215.5357142857142,891,26.0,0.028353326063249727,1687.6208333333334,6.466666666666667,967.0146137787056,959,5.0,0.005186721991701245,1094.8468335787925,2.334315169366716,992.3348017621146,1360,32.0,0.022988505747126436,854.4554455445544,2.841584158415841,1055.921052631579,607,9.0,0.01461038961038961,998.9946666666668,2.688,958.2258064516128,747,22.0,0.02860858257477243,1102.4489795918366,3.370748299319728,1012.0408163265306,588,9.0,0.01507537688442211,1193.2972222222222,2.386111111111111,928.0886426592798,721,6.0,0.008253094910591471,618.7357512953367,1.455958549222798,692.6424870466321,772,3.0,0.003870967741935484,1277.659574468085,7.680851063829787,1249.8591549295777,566,11.0,0.019064124783362217,2822.1195652173915,4.206521739130435,1851.0569105691056,737,105.0,0.12470308788598575
213,202408,1,3383.014634146341,4.368292682926829,2335.620437956205,821,24.0,0.028402366863905324,1220.7703101920235,2.7673559822747413,1426.6666666666667,2704,41.0,0.01493624772313297,855.0648148148148,2.6005291005291005,677.1994715984148,1513,22.0,0.014332247557003257,1818.9473684210527,4.902046783625731,1594.1260744985673,1382,31.0,0.021939136588818117,1154.4193548387098,1.5542521994134897,1177.032640949555,678,12.0,0.017391304347826087,1325.6174242424242,2.5896464646464645,1168.7848101265822,1582,13.0,0.008150470219435737,925.0748299319728,2.549886621315193,757.7474402730376,1761,16.0,0.009003939223410242,1776.841359773371,4.864022662889519,1532.957746478873,708,14.0,0.019390581717451522,1157.894117647059,2.070588235294118,945.629411764706,340,3.0,0.008746355685131196,1348.7074829931971,4.299319727891157,1051.6363636363635,881,16.0,0.017837235228539576,972.3931623931624,1.5769230769230769,1046.647807637907,1409,28.0,0.019485038274182326,1256.0530973451328,3.809734513274336,1933.4513274336284,1356,25.0,0.018102824040550327,1098.3042654028436,1.4369668246445495,1127.8972407231208,2106,11.0,0.0051960321209258385,881.3296903460838,3.591985428051002,1113.901098901099,2190,41.0,0.018377409233527566,1577.1694094869313,3.3862536302032917,1839.4038461538464,2073,58.0,0.02721726888784608,1785.7493403693932,2.064643799472296,1259.843137254902,1523,18.0,0.011680726800778715,938.4772727272727,1.28125,1176.4044943820224,708,7.0,0.009790209790209791,1029.0995260663508,1.0829383886255923,712.7315914489311,843,7.0,0.00823529411764706,1661.8403141361257,8.929319371727749,1568.2539682539682,760,11.0,0.014267185473411154,728.8602576808721,2.1199207135778,705.0740375123396,2022,36.0,0.01749271137026239,726.4864864864865,2.015202702702702,922.2335025380712,1183,8.0,0.006717044500419815,836.4777327935223,1.972672064777328,843.582995951417,1976,38.0,0.018867924528301886,1109.7841726618706,1.4766187050359711,1083.027027027027,1111,22.0,0.019417475728155338,1070.5171755725191,2.595419847328244,1054.7307692307693,1044,11.0,0.01042654028436019,1766.5378486055777,7.147410358565737,1114.929006085193,995,25.0,0.024509803921568627,1257.2574257425742,2.205940594059406,1195.2095808383233,1006,16.0,0.015655577299412915,1850.8975409836064,4.71448087431694,1886.7578659370724,1463,12.0,0.008135593220338983,776.6144200626959,1.5015673981191222,957.3584905660376,637,7.0,0.010869565217391304,1084.0606860158312,2.382585751978892,960.9424083769634,761,13.0,0.016795865633074936,909.9065420560748,2.333333333333333,722.6168224299065,642,7.0,0.01078582434514638,1339.668292682927,2.4926829268292683,1472.4324324324325,817,3.0,0.003658536585365854,636.3161953727506,1.557840616966581,479.0745501285347,778,6.0,0.007653061224489796,1581.3986013986014,4.814685314685315,1308.5416666666667,574,1.0,0.0017391304347826088,2193.1213720316623,4.03957783641161,2285.340314136125,761,15.0,0.019329896907216496
214,202408,2,4821.659574468085,14.486322188449847,4052.279635258359,658,187.0,0.22130177514792898,1362.6744011976048,2.1137724550898205,1466.865671641791,2676,55.0,0.020139143170999633,1252.1711229946525,2.840909090909091,863.98406374502,1501,31.0,0.020234986945169713,1406.9840348330915,3.206095791001452,1352.133526850508,1378,26.0,0.018518518518518517,2105.674626865672,7.164179104477612,1437.1681415929204,674,15.0,0.02177068214804064,3014.471590909091,6.720170454545454,1900.201729106628,1398,208.0,0.1295143212951432,942.8767123287672,3.141552511415525,756.8181818181819,1756,24.0,0.01348314606741573,2882.1508875739646,5.606508875739645,3789.75,658,86.0,0.11559139784946236,991.280701754386,1.2514619883040936,794.1279069767442,343,9.0,0.02556818181818182,2480.296296296296,6.422222222222223,2286.237623762376,809,128.0,0.13660618996798293,1276.7185289957567,1.85007072135785,1585.3977272727273,1411,44.0,0.030240549828178694,2416.2195488721804,5.720300751879699,2750.8256880733943,1319,101.0,0.07112676056338028,1414.2492836676215,2.012416427889207,1528.7725975261656,2098,38.0,0.017790262172284643,1291.6592797783933,6.6814404432132966,1372.1546961325969,2169,59.0,0.026481149012567325,1964.044598612488,3.613478691774034,1757.2283150548355,2012,99.0,0.04689720511605874,2192.641456582633,3.291316526610644,1790.6043956043957,1442,119.0,0.07623318385650224,2323.931623931624,7.43019943019943,2906.1403508771928,693,36.0,0.04938271604938271,904.7482014388488,1.160671462829736,674.2105263157895,835,19.0,0.02224824355971897,1512.5106382978724,5.077127659574468,1292.0744680851064,752,17.0,0.022106631989596878,967.02,2.551,891.6683316683317,2001,39.0,0.01911764705882353,1001.0362694300518,2.366148531951641,916.9363166953528,1160,19.0,0.016115351993214587,967.90273556231,2.225937183383992,701.5384615384615,1975,49.0,0.024209486166007904,1071.3877917414725,1.4326750448833034,883.2608695652174,1109,16.0,0.014222222222222223,1493.0200803212851,2.612449799196787,1241.4653465346537,1003,55.0,0.05198487712665406,2158.5652173913045,3.006521739130435,1397.051282051282,928,85.0,0.08390918065153011,1435.8107569721114,1.9760956175298805,1162.9862475442044,1011,35.0,0.033460803059273424,2528.8914285714286,3.46,2445.4008438818564,1411,76.0,0.05110961667787491,3522.144736842105,13.69407894736842,3468.76254180602,603,44.0,0.06800618238021638,2154.818918918919,3.0135135135135136,2352.032967032967,734,65.0,0.08135168961201501,1179.6865203761756,3.0595611285266457,737.625,639,7.0,0.010835913312693499,2150.534210526316,3.718421052631579,1978.759689922481,767,34.0,0.04244694132334582,780.720194647202,2.024330900243309,563.8536585365854,821,4.0,0.0048484848484848485,2995.714285714286,8.168067226890756,3747.2268907563034,476,131.0,0.2158154859967051,4442.710884353742,17.312925170068027,3534.0845070422533,578,272.0,0.32
215,202408,3,4966.40157480315,15.984251968503935,3896.046511627907,512,243.0,0.3218543046357616,1676.3644408688656,3.2260659694288014,1790.3395918367346,2468,86.0,0.033672670321064996,1207.6550680786686,2.3661119515885023,1174.7085201793725,1330,39.0,0.028487947406866325,1896.9150779896013,4.164644714038128,1275.5440414507773,1156,39.0,0.032635983263598324,2141.790055248619,5.709944751381215,2220.328767123288,727,47.0,0.060723514211886306,3024.6597774244838,5.807631160572337,2263.076923076923,1253,193.0,0.1334716459197787,930.2439644218553,2.982210927573062,808.939393939394,1579,27.0,0.016811955168119553,4644.498039215686,18.101960784313725,3394.3529411764707,510,176.0,0.2565597667638484,1516.9817073170732,1.9878048780487805,1067.2727272727273,329,4.0,0.012012012012012012,3746.305993690852,11.369085173501578,3936.768292682927,645,137.0,0.17519181585677748,1605.1505016722408,2.963210702341137,1827.614213197969,1189,66.0,0.05258964143426295,3552.9661319073084,7.470588235294118,3695.187969924812,1093,220.0,0.16755521706016754,1587.460648148148,1.8460648148148149,1814.513888888889,1728,86.0,0.047409040793825796,1413.820304568528,3.662944162436548,1207.005076142132,1970,41.0,0.020387866732968673,1847.5277777777776,2.1866666666666665,1881.1135857461024,1798,110.0,0.057651991614255764,2333.7225042301184,2.6683587140439933,1928.6622950819672,1201,168.0,0.12271731190650109,3695.271028037383,20.67601246105919,3673.044827586207,611,124.0,0.16870748299319727,1396.2264150943397,1.80188679245283,1084.0866873065015,641,29.0,0.04328358208955224,1729.6847457627118,2.545762711864407,1889.7986577181207,593,23.0,0.037337662337662336,1196.1290322580646,2.752688172043011,942.1140142517814,1679,44.0,0.025536854323853744,1028.4331797235022,2.2327188940092166,906.2355658198614,867,35.0,0.038802660753880266,938.7725631768952,2.0758122743682312,752.1916167664671,1666,42.0,0.02459016393442623,1082.2396856581531,1.7544204322200392,1264.2942345924453,1012,25.0,0.024108003857280617,1719.1129807692307,1.9158653846153848,1289.7852028639618,835,34.0,0.039125431530494824,2583.254364089776,2.1047381546134662,1558.8516746411483,819,94.0,0.10295728368017525,1735.9099307159354,1.8775981524249423,1562.1818181818182,873,44.0,0.04798255179934569,2305.2587412587413,4.142657342657342,2361.818181818182,1441,139.0,0.0879746835443038,4538.684210526316,16.649122807017545,5013.2467532467535,459,93.0,0.16847826086956522,4587.847619047619,33.73968253968254,4428.591362126246,616,143.0,0.18840579710144928,1334.5263157894738,2.024561403508772,794.3060498220641,566,19.0,0.03247863247863248,2899.2925531914893,4.6888297872340425,2329.177718832891,753,68.0,0.0828258221680877,882.8825,2.4475,535.6390977443609,799,17.0,0.020833333333333332,4415.588235294118,19.014705882352946,3151.044776119403,405,203.0,0.3338815789473684,4259.972677595629,9.59016393442623,4407.5,375,172.0,0.31444241316270566
216,202408,4,4058.046979865772,14.697986577181208,4383.221476510067,596,227.0,0.275820170109356,1684.3148734177216,1.946993670886076,1358.9021479713604,2521,191.0,0.07042772861356932,1568.6568213783405,2.832630098452883,1492.9208633093526,1406,74.0,0.05,1815.104719764012,3.1268436578171093,1618.7311669128508,1355,74.0,0.05178446466060182,4300.9140625,11.83984375,3167.076923076923,516,176.0,0.2543352601156069,3737.068535825545,5.350467289719626,3510.3328050713158,1273,318.0,0.1998742928975487,947.5511627906976,3.291860465116279,892.6056338028169,1712,30.0,0.01722158438576349,2792.1666666666665,4.622222222222222,3143.191489361702,552,201.0,0.26693227091633465,699.3612903225807,2.632258064516129,937.5,307,1.0,0.003246753246753247,2622.303370786517,4.092696629213483,2992.920353982301,695,240.0,0.25668449197860965,1556.9954476479516,1.8224582701062213,1881.859070464768,1326,112.0,0.07788595271210014,1770.648250460405,2.85451197053407,1978.1785714285716,1103,320.0,0.22487702037947996,2016.7002012072437,2.282696177062374,2124.939759036145,1990,162.0,0.07527881040892194,1290.458767772512,5.028436018957346,1535.5681818181818,2111,76.0,0.03475080018289895,1682.7880724174654,1.731629392971246,1954.085106382979,1879,165.0,0.08072407045009784,2457.6992481203006,1.9082706766917288,2135.6483180428136,1319,210.0,0.13734466971877043,5657.532608695652,12.804347826086955,4220.847619047619,394,315.0,0.44428772919605075,2165.1098901098903,7.37087912087912,2234.540389972145,723,54.0,0.0694980694980695,1787.448377581121,3.4011799410029497,2017.5,675,30.0,0.0425531914893617,1411.6824395373292,2.6267087276551,1282.7848101265822,1899,85.0,0.04284274193548387,1622.47311827957,1.935483870967742,1688.1227436823106,1112,75.0,0.06318449873631002,1343.8495197438633,3.52187833511206,1206.472491909385,1864,61.0,0.03168831168831169,1206.934065934066,2.2472527472527477,1237.651376146789,1091,38.0,0.03365810451727192,1651.7642276422764,2.0386178861788617,1967.903225806452,988,78.0,0.07317073170731707,2231.422018348624,2.7637614678899083,2247.027027027027,880,134.0,0.13214990138067062,1559.5373443983403,1.4709543568464731,1314.979079497908,960,63.0,0.06158357771260997,3979.209183673469,5.809523809523809,2926.969696969697,1182,323.0,0.21461794019933556,1836.0,3.339622641509434,3115.3676470588234,537,64.0,0.1064891846921797,1977.7297297297296,3.4024024024024024,3463.293413173653,667,130.0,0.16311166875784192,1353.4201954397397,3.775244299674267,1285.4368932038835,616,26.0,0.040498442367601244,5547.48717948718,10.951923076923077,4111.661237785016,619,171.0,0.21645569620253163,795.3189873417722,1.7772151898734176,634.4584382871536,792,12.0,0.014925373134328358,3395.763546798029,8.05911330049261,3978.801843317972,420,191.0,0.31260229132569556,4383.72373540856,11.214007782101168,4754.103585657371,508,265.0,0.3428201811125485
217,202408,5,2637.279005524862,3.0773480662983426,2683.1607629427795,729,116.0,0.13727810650887573,1453.6106750392464,1.5792778649921506,1379.906614785992,2559,117.0,0.043721973094170405,1218.828187919463,2.312751677852349,1387.9411764705883,1493,34.0,0.02226588081204977,2488.815987933635,8.83710407239819,1935.2710843373493,1327,59.0,0.04256854256854257,2883.084388185654,2.611814345991561,2819.2035398230087,463,180.0,0.27993779160186627,1861.7881705639616,3.30949105914718,2110.0139082058413,1446,136.0,0.08596713021491782,955.4645760743322,3.5098722415795587,761.3625866050809,1727,27.0,0.01539338654503991,2336.560655737705,4.472131147540984,2439.344262295082,610,121.0,0.16552667578659372,928.6794871794872,2.391025641025641,755.1592356687898,313,3.0,0.00949367088607595,1608.778054862843,3.107231920199501,1453.3995037220843,804,118.0,0.1279826464208243,1367.2100313479625,2.010971786833856,1423.5423197492164,1276,113.0,0.08135349172066235,1283.2610837438424,2.9244663382594416,1385.5429497568882,1226,180.0,0.12802275960170698,1577.571428571429,1.3622448979591837,1697.9022403258657,1962,128.0,0.06124401913875598,2119.278420038536,9.617533718689788,2166.946257197697,2080,74.0,0.034354688950789226,3409.1491769547324,15.390946502057613,3458.710580912863,1936,209.0,0.09743589743589744,1990.8304347826088,2.5043478260869567,1981.754385964912,1374,142.0,0.09366754617414248,3812.205479452055,3.9406392694063928,3705.2586206896553,451,250.0,0.3566333808844508,1410.3033419023136,1.5784061696658098,1238.1679389312976,782,34.0,0.041666666666666664,1934.053412462908,9.646884272997031,2117.8761061946902,676,34.0,0.04788732394366197,1069.7142857142858,1.8204081632653064,1132.0245398773006,1958,49.0,0.024414549078226207,1527.857142857143,2.407142857142857,1773.75,1120,41.0,0.03531438415159346,988.6182190378712,2.219037871033777,864.9693251533743,1955,44.0,0.022011005502751375,1535.0735294117646,2.079044117647059,1404.6739130434785,1096,32.0,0.028368794326241134,1310.55900621118,2.279503105590062,1175.2340425531916,953,46.0,0.04604604604604605,2103.308724832215,2.7315436241610738,2145.922551252848,886,86.0,0.08847736625514403,1737.5408163265306,1.8224489795918368,1503.609958506224,972,33.0,0.03283582089552239,3649.3632567849686,5.215031315240084,3059.0,959,416.0,0.30254545454545456,1525.5595667870036,1.7328519855595668,1754.4525547445255,551,58.0,0.09523809523809523,1711.8823529411766,2.546218487394958,1934.2061281337049,716,75.0,0.09481668773704172,929.0645161290324,2.109677419354839,788.961038961039,618,15.0,0.023696682464454975,4340.326923076923,3.869230769230769,4100.232558139535,518,213.0,0.2913816689466484,468.961038961039,1.9844155844155844,311.68831168831167,770,10.0,0.01282051282051282,2317.078651685393,4.955056179775281,2455.1908396946565,529,69.0,0.11538461538461539,2041.574344023324,2.3556851311953357,2145.606936416185,689,128.0,0.15667074663402691
218,202408,6,3359.7970479704795,6.306273062730627,2035.839416058394,545,284.0,0.3425814234016888,930.682304526749,1.5827160493827162,1153.0829228243022,2433,71.0,0.028354632587859425,847.6295133437991,2.682888540031397,802.5,1269,28.0,0.02158828064764842,987.5426621160408,4.377133105802048,1051.1262798634812,1172,38.0,0.03140495867768595,1407.3076923076924,1.3663003663003663,1919.1240875912408,547,23.0,0.04035087719298246,3075.4864864864867,3.863275039745628,2043.0868167202573,1251,306.0,0.19653179190751446,924.3519417475728,3.5983009708737863,813.9320388349514,1648,28.0,0.016706443914081145,3338.818181818182,17.846153846153847,2603.90977443609,552,188.0,0.25405405405405407,2505.281879194631,5.879194630872483,2811.891891891892,297,12.0,0.038834951456310676,1813.492385786802,4.944162436548224,1546.39798488665,791,149.0,0.15851063829787235,1000.532445923461,1.8901830282861896,1020.3025210084032,1196,47.0,0.03781174577634755,1462.4424920127794,5.308306709265176,1743.8277511961724,1253,130.0,0.09399855386840203,942.6552462526766,1.170235546038544,1046.4536741214058,1873,65.0,0.033539731682146544,1252.3589211618255,6.288381742738589,1553.7525773195875,1934,55.0,0.027652086475615886,1438.292980671414,3.34587995930824,1504.0853658536585,1967,134.0,0.0637791527843884,2065.740740740741,7.650563607085346,2033.564668769716,1255,176.0,0.12299091544374563,1606.4150326797385,3.8006535947712417,1747.766990291262,615,70.0,0.10218978102189781,902.4561403508771,1.0263157894736843,853.4513274336283,681,18.0,0.02575107296137339,1175.753246753247,3.9220779220779214,1261.764705882353,614,20.0,0.031545741324921134,797.5142531356898,2.106043329532497,847.1864406779661,1762,47.0,0.025981205085682697,779.1176470588235,2.342436974789916,904.7899159663864,952,28.0,0.02857142857142857,864.8813559322034,2.473446327683616,801.7253121452894,1766,43.0,0.02377003869541183,952.093023255814,1.5891472868217054,922.7952755905512,1024,15.0,0.014436958614051972,770.7535211267606,2.2018779342723005,679.9058823529411,851,64.0,0.06994535519125683,1173.7237851662403,2.7800511508951407,1130.3641025641025,781,108.0,0.12148481439820022,1075.6682352941175,3.063529411764706,909.0566037735848,849,36.0,0.04067796610169491,1470.4827586206898,2.6044624746450302,1917.4647887323945,990,236.0,0.19249592169657423,1543.271375464684,2.234200743494424,1976.641791044776,537,39.0,0.06770833333333333,1532.6041666666667,3.3720238095238093,1999.63963963964,669,109.0,0.14010282776349614,456.7259786476868,3.3523131672597866,523.7323943661971,565,15.0,0.02586206896551724,2346.23569023569,5.9966329966329965,2680.5298013245038,599,68.0,0.10194902548725637,729.8085106382979,2.7632978723404253,368.98395721925135,750,4.0,0.005305039787798408,6412.850828729282,44.88397790055249,2024.7567567567569,366,251.0,0.406807131280389,5141.702928870292,15.761506276150628,2730.8713692946058,480,375.0,0.43859649122807015
219,202408,7,1541.0316622691294,5.825857519788919,1866.684350132626,756,80.0,0.09569377990430622,1104.0137207425344,2.184826472962066,1498.7961476725525,2485,39.0,0.015451664025356577,1038.9473684210527,2.5732574679943103,907.4147727272727,1407,16.0,0.011243851018973999,1334.4267515923566,2.96656050955414,955.2153110047848,1255,17.0,0.013364779874213837,1407.2536231884058,3.286231884057971,1038.6666666666667,546,19.0,0.033628318584070796,1630.0524193548388,3.163978494623656,1026.7397260273972,1474,69.0,0.04471808165910564,1039.3694344163655,2.67870036101083,761.8705035971223,1665,17.0,0.010107015457788348,2370.1238938053098,4.705014749262537,2615.830985915493,694,49.0,0.06594885598923284,1103.8027210884354,2.959183673469388,818.8965517241379,292,9.0,0.029900332225913623,1756.6132723112128,7.480549199084668,1689.6162528216703,880,44.0,0.047619047619047616,771.7512274959083,1.6284779050736498,724.5705024311184,1228,31.0,0.024622716441620333,1341.4908536585365,6.564024390243903,1598.0576631259485,1315,67.0,0.04848046309696093,846.5897166841553,1.2402938090241342,933.8170347003156,1904,21.0,0.01090909090909091,1588.01614530777,7.683148335015137,1513.8693467336684,1986,44.0,0.02167487684729064,1120.122807017544,2.142300194931774,1132.7837051406402,2057,51.0,0.024193548387096774,1458.928469241774,2.360515021459228,1200.6078147612156,1390,41.0,0.0286512928022362,1557.386503067485,3.665644171779141,1361.762917933131,655,24.0,0.035346097201767304,1171.1239193083572,0.9510086455331412,910.2312138728324,693,16.0,0.022566995768688293,686.3968253968254,2.7206349206349207,797.4132492113565,632,3.0,0.004724409448818898,961.9308452250276,3.2864983534577386,791.4065934065934,1821,30.0,0.01620745542949757,946.5408805031446,2.360587002096436,980.506329113924,951,17.0,0.01756198347107438,970.044052863436,2.798458149779736,1030.8489525909592,1815,41.0,0.02209051724137931,910.2103250478012,1.959847036328872,998.5142857142856,1048,14.0,0.013182674199623353,1055.7404921700224,3.0134228187919465,732.212389380531,899,15.0,0.016411378555798686,1325.3210161662817,2.515011547344111,986.214953271028,861,37.0,0.04120267260579064,1186.887640449438,2.269662921348315,1183.3408577878104,888,17.0,0.01878453038674033,1615.5853242320818,2.97098976109215,1214.6620450606586,1163,62.0,0.05061224489795919,931.3003533568904,7.491166077738516,1281.4134275618374,566,7.0,0.012216404886561954,1910.8841807909605,5.451977401129944,1279.090909090909,706,52.0,0.06860158311345646,1885.121107266436,9.996539792387544,1656.4137931034484,579,16.0,0.02689075630252101,1943.079510703364,3.376146788990826,1877.0121951219512,655,23.0,0.03392330383480826,543.7364341085271,1.930232558139535,284.4961240310077,774,7.0,0.008962868117797696,1965.1127819548872,4.157894736842105,2682.566037735849,531,54.0,0.09230769230769231,1755.7513966480446,7.469273743016759,2462.0396600566573,711,89.0,0.11125
220,202408,8,2479.259523809524,9.388095238095238,1905.3554502369668,842,14.0,0.016355140186915886,1059.0170015455951,1.6661514683153014,1294.3454686289697,2585,36.0,0.013735215566577643,1442.0322997416022,6.401808785529716,1220.0,1548,15.0,0.009596928982725527,1444.871387283237,4.420520231213873,1341.3852813852814,1385,8.0,0.00574300071787509,1701.391975308642,1.5864197530864197,1563.148148148148,648,6.0,0.009174311926605505,1783.8650693568727,4.180327868852459,1497.5739348370928,1591,31.0,0.01911220715166461,1087.0684931506848,2.8321917808219177,900.3424657534247,1752,18.0,0.010169491525423728,2584.3441734417343,6.8346883468834685,2703.891891891892,739,18.0,0.023778071334214,1349.5131578947369,1.486842105263158,1143.1168831168832,306,3.0,0.009708737864077669,2571.877729257642,7.375545851528384,2247.8048780487807,909,33.0,0.03503184713375796,876.6964285714286,1.5595238095238095,878.6924219910846,1345,16.0,0.011756061719324026,2644.8677563150072,7.994056463595839,3143.001485884101,1346,49.0,0.03512544802867384,912.5486381322958,1.132295719844358,979.7284190106692,2059,12.0,0.005794302269435055,1472.8967136150234,6.909859154929578,1557.636022514071,2131,13.0,0.006063432835820896,1229.5613870665418,2.050609184629803,1088.8202247191011,2135,27.0,0.012488436632747455,1636.0395778364116,2.2097625329815305,1743.091149273448,1515,13.0,0.008507853403141362,2020.0230547550432,5.043227665706052,1484.655172413793,695,8.0,0.011379800853485065,1338.287153652393,0.982367758186398,1070.126582278481,792,4.0,0.005025125628140704,934.879213483146,2.710674157303371,995.3932584269664,712,7.0,0.009735744089012517,926.25,2.594758064516129,936.1329305135952,1985,26.0,0.012928891098955743,2594.514731369151,3.3518197573656847,1997.3656845753897,1154,16.0,0.013675213675213675,1182.4568527918782,2.7543147208121828,1125.6707317073171,1969,17.0,0.008559919436052367,1341.9335727109517,2.540394973070018,1119.210053859964,1114,7.0,0.006244424620874219,1329.5747572815535,2.966990291262136,971.380582524272,1030,16.0,0.015296367112810707,1405.3144016227182,2.1379310344827585,1088.7272727272727,988,15.0,0.014955134596211365,1347.1367346938775,2.1142857142857143,1385.254582484725,981,9.0,0.00909090909090909,2243.6632653061224,4.275510204081633,1746.774193548387,1368,29.0,0.020758768790264854,1431.592356687898,5.407643312101911,1678.864353312303,631,4.0,0.006299212598425197,2247.525198938992,7.164456233421751,2184.705882352941,751,19.0,0.024675324675324677,1312.7554179566564,2.427244582043344,1315.527950310559,645,1.0,0.0015479876160990713,2256.299232736573,5.780051150895141,1755.1918158567776,782,6.0,0.007614213197969543,684.7651515151515,2.462121212121212,446.3636363636364,792,1.0,0.0012610340479192938,3040.909090909091,3.835664335664336,2306.1052631578946,571,17.0,0.02891156462585034,1941.002617801047,11.94502617801047,1581.6315789473683,762,20.0,0.02557544757033248
221,202408,9,2681.5738636363635,4.142045454545454,2334.402332361516,695,153.0,0.1804245283018868,1678.3830613830614,3.4926184926184924,1726.1287820015516,2576,45.0,0.01716901945822205,1241.8090322580645,3.220645161290322,1288.641655886158,1548,21.0,0.01338432122370937,1370.1493411420206,3.4904831625183017,1200.175953079179,1365,18.0,0.013015184381778741,1456.7261146496814,1.2101910828025475,1303.860759493671,630,17.0,0.02627511591962906,2914.6819444444445,7.923611111111111,2536.328296703297,1448,192.0,0.11707317073170732,1007.9448909299656,3.618828932261768,1044.8464163822523,1750,6.0,0.003416856492027335,2977.21613832853,7.195965417867435,2326.508875739645,685,91.0,0.1172680412371134,1069.1158536585365,2.298780487804878,586.829268292683,328,4.0,0.012048192771084338,3289.572093023256,12.627906976744184,2362.0235294117647,855,139.0,0.1398390342052314,1196.973293768546,2.048961424332344,1576.5976331360946,1350,31.0,0.022447501810282405,1849.8837555886737,4.239940387481371,1946.071428571429,1343,67.0,0.0475177304964539,1169.480975609756,1.1073170731707318,1330.5263157894738,2051,33.0,0.01583493282149712,1329.763481551561,4.555345316934721,1537.6638176638176,2110,52.0,0.024051803885291396,2447.433586337761,3.079696394686907,2159.542857142857,2104,71.0,0.03264367816091954,2017.5754189944132,2.28072625698324,1948.598901098901,1444,103.0,0.06658047834518423,2393.0173410404623,6.979768786127168,3136.8695652173915,691,19.0,0.02676056338028169,1569.0225563909771,2.107769423558897,1232.781954887218,798,9.0,0.011152416356877323,1207.1042253521127,3.363380281690141,1374.7605633802816,710,14.0,0.019337016574585635,1148.9205702647655,2.479633401221996,995.7916241062308,1961,38.0,0.01900950475237619,2418.980667838313,2.397188049209139,2188.4210526315787,1139,23.0,0.019793459552495698,1236.6463414634147,3.032520325203252,1133.5365853658536,1968,31.0,0.015507753876938469,1225.9605026929985,3.220825852782765,1070.537634408602,1115,9.0,0.00800711743772242,1467.4156626506024,2.8313253012048194,1401.351888667992,1001,52.0,0.04938271604938271,1943.2955032119917,1.8650963597430408,1546.480686695279,933,72.0,0.07164179104477612,1375.2,1.9111111111111112,1111.0344827586207,988,17.0,0.01691542288557214,2149.4696296296297,4.343703703703704,2035.364041604755,1348,69.0,0.048694424841213835,1867.5728155339805,6.333333333333333,2235.9223300970875,618,16.0,0.025236593059936908,1584.9472222222223,4.313888888888889,1526.6850828729282,722,60.0,0.07672634271099744,1001.4241486068112,2.263157894736842,1139.074074074074,647,9.0,0.013719512195121951,2140.699208443272,4.026385224274407,2010.079575596817,756,18.0,0.023255813953488372,518.8542713567839,1.185929648241206,480.6030150753769,796,2.0,0.002506265664160401,2318.8524590163934,10.90983606557377,1908.8709677419356,492,148.0,0.23125,4165.362776025237,5.725552050473186,3547.1153846153848,629,201.0,0.2421686746987952
222,202408,10,891.7289972899729,3.5826558265582658,1446.1455525606468,740,12.0,0.015957446808510637,932.4760614272808,1.8166214995483287,702.3049001814882,2209,11.0,0.004954954954954955,1015.7520661157024,5.419834710743801,1002.3645320197044,1214,9.0,0.007358953393295176,769.9655172413793,2.6879310344827587,716.2694300518135,1159,4.0,0.0034393809114359416,942.3076923076924,2.169230769230769,985.4769230769232,650,6.0,0.009146341463414634,746.6561604584527,2.4054441260744985,915.9361393323658,1387,21.0,0.014914772727272728,2070.5459249676583,6.645536869340233,1805.4967741935484,1548,10.0,0.006418485237483954,1417.991017964072,5.041916167664671,1473.571428571429,670,18.0,0.02616279069767442,1490.0566037735848,1.949685534591195,1257.375,319,5.0,0.015432098765432098,937.0822281167108,5.992042440318302,854.5212765957447,753,9.0,0.011811023622047244,898.1052631578947,2.794736842105263,1092.0,1140,24.0,0.020618556701030927,1285.5460317460318,3.652380952380952,1538.3544303797469,1262,16.0,0.012519561815336464,554.5979020979021,0.8776223776223776,777.2790697674419,1718,14.0,0.008083140877598153,1256.6313559322034,8.20021186440678,1394.2372881355932,1888,35.0,0.018200728029121163,1297.071875,2.778125,1167.0563674321504,1918,26.0,0.013374485596707819,818.2284820031299,1.6306729264475743,667.207488299532,1280,22.0,0.016897081413210446,1181.6253602305476,1.5619596541786744,1482.0172910662825,694,5.0,0.00715307582260372,1113.103448275862,1.2137931034482758,819.3814432989691,581,6.0,0.010221465076660987,625.0369003690037,3.774907749077491,566.4179104477612,539,5.0,0.009191176470588236,786.0869565217391,1.9806763285024156,711.1298076923077,1660,12.0,0.007177033492822967,756.0556844547564,2.8770301624129933,1001.5704387990762,864,11.0,0.012571428571428572,888.1472392638037,2.7975460122699385,793.6764705882352,1631,12.0,0.007303712720632989,963.7425742574258,2.697029702970297,1115.1807228915663,1003,4.0,0.003972194637537239,817.75,2.372448979591837,803.1122448979592,784,14.0,0.017543859649122806,865.4244604316547,2.448441247002398,753.0288461538462,833,9.0,0.010688836104513063,994.6743589743588,3.8384615384615386,819.1658163265306,782,6.0,0.007614213197969543,1097.3333333333333,2.4434782608695653,1079.9131693198262,1381,18.0,0.012866333095067906,585.0557620817843,1.5576208178438662,855.8364312267659,538,0.0,0.0,1009.4513274336284,2.495575221238938,958.2195845697328,676,5.0,0.007342143906020558,684.3542435424354,1.918819188191882,637.4169741697417,542,2.0,0.003676470588235294,1242.521164021164,2.0105820105820107,1125.15625,762,8.0,0.01038961038961039,765.2234042553191,1.3670212765957446,605.1336898395722,750,8.0,0.010554089709762533,900.3467153284671,3.821167883211679,1164.4444444444443,544,7.0,0.012704174228675136,544.7244094488188,2.1496062992125986,1065.7587548638132,511,6.0,0.01160541586073501
223,202408,11,563.4718826405868,2.8728606356968216,866.3235294117648,817,14.0,0.01684717208182912,1254.7032106499607,2.301487862176977,1362.427564604542,2554,31.0,0.011992263056092843,962.4285714285714,2.5570117955439056,962.8458498023716,1522,17.0,0.011046133853151396,870.8180515759312,3.383954154727794,804.1547277936962,1396,3.0,0.002144388849177984,1090.1052631578948,1.3560371517027865,1114.9532710280373,644,16.0,0.024242424242424242,721.8275434243176,2.661290322580645,620.9962640099626,1609,10.0,0.006176652254478073,838.1547212741752,3.7736063708759953,785.360824742268,1752,10.0,0.0056753688989784334,978.616847826087,4.459239130434782,1011.1290322580644,740,8.0,0.0106951871657754,865.2597402597403,0.7207792207792207,900.0,306,3.0,0.009708737864077669,778.8131868131868,2.698901098901099,723.8157894736842,911,3.0,0.0032822757111597373,706.875,1.7366071428571428,815.5192878338279,1346,19.0,0.01391941391941392,1083.7514792899408,4.587278106508876,1589.2941176470588,1356,41.0,0.02934860415175376,610.3352826510721,1.2758284600389864,649.1812865497076,2052,5.0,0.0024307243558580457,1207.173095014111,4.31420507996237,1388.1005586592178,2137,27.0,0.012476894639556377,1513.909796314258,2.309408341416101,1212.8695652173913,2066,27.0,0.012900143334925944,1001.4940079893476,1.744340878828229,981.068090787717,1500,12.0,0.007936507936507936,777.1225071225072,1.9544159544159545,1107.4431818181818,703,3.0,0.00424929178470255,849.1002570694087,1.1491002570694089,569.1516709511568,778,4.0,0.005115089514066497,808.3253333333333,2.864,980.855614973262,749,1.0,0.0013333333333333333,955.221335992024,1.9491525423728813,753.4465534465535,2004,17.0,0.008411677387431964,1696.7465753424658,3.3595890410958904,2113.003412969283,1170,19.0,0.0159798149705635,1055.383064516129,3.6663306451612905,897.6315789473684,1980,18.0,0.009009009009009009,1072.3747779751332,3.060390763765542,954.1798941798942,1130,10.0,0.008771929824561403,936.1434108527131,2.4069767441860463,907.5087378640776,1031,13.0,0.012452107279693486,1069.352,1.82,864.5783132530121,998,3.0,0.002997002997002997,1105.026,2.378,1026.6452905811625,999,6.0,0.005970149253731343,1265.688571428571,4.9,1319.3982808022922,1398,23.0,0.01618578465869106,665.7877813504823,1.5209003215434085,755.4983922829582,622,1.0,0.0016051364365971107,622.96,1.9946666666666664,539.68,750,7.0,0.009247027741083224,968.0121951219512,2.5365853658536586,916.4133738601824,657,4.0,0.006051437216338881,1140.7481108312345,3.576826196473552,1180.6060606060605,793,1.0,0.0012594458438287153,375.1015625,1.7317708333333333,313.59375,768,7.0,0.00903225806451613,642.0833333333334,3.451388888888889,796.1379310344828,578,0.0,0.0,702.3931623931624,2.5156695156695155,859.0830945558739,700,3.0,0.004267425320056899
224,202408,12,381.1986301369863,3.0799086757990866,557.945205479452,876,11.0,0.012401352874859075,773.3650425367363,2.0100541376643464,847.9166666666666,2589,7.0,0.002696456086286595,843.3354838709678,2.6,711.5830115830116,1552,2.0,0.001287001287001287,586.530612244898,3.074344023323615,427.7956204379562,1371,1.0,0.0007288629737609329,769.1379310344828,1.1128526645768024,728.0373831775701,640,6.0,0.009287925696594427,590.304292929293,3.015151515151515,536.0922882427308,1583,9.0,0.005653266331658292,594.815668202765,3.544930875576037,565.2083333333334,1732,12.0,0.006880733944954129,573.0970350404313,5.188679245283019,583.9892183288409,742,6.0,0.008021390374331552,681.8363636363637,2.2606060606060607,804.5783132530121,331,0.0,0.0,403.10043668122273,2.6812227074235806,263.1372549019608,917,6.0,0.0065005417118093175,655.3097345132743,2.4292035398230087,657.1597633136095,1354,14.0,0.01023391812865497,685.4617604617605,4.51948051948052,780.260492040521,1384,9.0,0.006460875807609476,464.2603550295858,0.8372781065088757,491.2648221343874,2026,12.0,0.005888125613346418,762.2151543498596,5.459307764265668,931.3457943925232,2139,23.0,0.010638297872340425,737.0609184629803,1.550140581068416,796.679104477612,2139,19.0,0.008804448563484708,906.376171352075,1.9357429718875503,891.4056224899598,1494,3.0,0.002004008016032064,604.3457142857143,2.54,874.1880341880342,701,5.0,0.007082152974504249,607.6884422110553,1.3316582914572863,702.6633165829146,796,3.0,0.0037546933667083854,534.804469273743,3.32122905027933,753.5195530726257,716,4.0,0.005555555555555556,747.2968591691996,1.9685916919959476,640.2030456852792,1972,18.0,0.009045226130653266,833.9478260869565,2.12,1057.068062827225,1148,4.0,0.003472222222222222,775.9633027522935,2.250764525993884,664.821973550356,1964,12.0,0.006072874493927126,1251.021897810219,9.585766423357663,1328.4306569343066,1096,17.0,0.015274034141958671,566.2690058479532,1.95906432748538,562.054794520548,1024,13.0,0.01253616200578592,512.7889344262295,1.5020491803278688,510.4312114989733,975,6.0,0.0061162079510703364,612.9660678642715,2.2934131736526946,712.92,1001,9.0,0.00891089108910891,836.108504398827,3.155425219941349,871.5373352855052,1365,18.0,0.013015184381778741,358.2747603833866,1.610223642172524,754.1214057507988,626,2.0,0.0031847133757961785,722.2288828337875,3.395095367847412,717.0731707317074,736,5.0,0.006747638326585695,645.6521739130435,2.5962732919254656,511.214953271028,643,5.0,0.007716049382716049,1027.3350785340317,2.743455497382199,1167.4869109947645,764,4.0,0.005208333333333333,602.0,1.0615384615384615,590.4370179948586,779,3.0,0.0038363171355498722,777.887323943662,3.2816901408450705,628.421052631579,569,0.0,0.0,455.15625,3.7421875,374.53125,768,6.0,0.007751937984496124
225,202408,13,444.345971563981,3.471563981042654,522.2274881516588,844,7.0,0.008225616921269096,763.0138888888889,2.05718954248366,941.6176470588236,2448,16.0,0.006493506493506494,635.41875,3.9203125,556.0747663551402,1282,10.0,0.007739938080495356,714.8979591836735,4.159863945578231,465.2810902896082,1175,7.0,0.005922165820642978,712.7037037037037,0.7518518518518519,561.3333333333334,540,4.0,0.007352941176470588,610.4711409395973,2.5288590604026844,640.3225806451613,1489,6.0,0.004013377926421404,632.162031438936,3.492140266021765,542.4607961399277,1656,15.0,0.008976660682226212,591.3230769230769,3.9046153846153846,537.9878048780488,653,9.0,0.013595166163141994,1079.0844155844156,3.909090909090909,825.974025974026,308,6.0,0.01910828025477707,419.8648648648648,3.795045045045045,438.5972850678733,886,5.0,0.005611672278338945,555.5921052631579,3.2434210526315788,539.2131147540983,1218,15.0,0.012165450121654502,699.178517397882,4.5658093797276855,938.9728096676736,1323,15.0,0.011210762331838564,281.8943436499466,0.8100320170757738,296.6098081023454,1875,7.0,0.0037194473963868225,2441.294240837696,14.528795811518323,2493.718487394958,1907,59.0,0.030010172939979655,569.106862745098,1.7352941176470589,618.3845401174168,2042,13.0,0.006326034063260341,844.8086053412463,1.489614243323442,681.7842261904761,1346,11.0,0.008106116433308769,514.3081570996978,1.5830815709969788,728.2882882882883,664,3.0,0.004497751124437781,611.4450867052024,1.1618497109826589,484.149855907781,693,7.0,0.01,250.52117263843647,2.547231270358306,376.0260586319218,614,6.0,0.00967741935483871,609.5483870967741,2.1190211345939933,473.65256124721606,1797,14.0,0.007730535615681944,457.2327044025157,2.140461215932914,511.8315789473684,952,5.0,0.00522466039707419,606.6350446428571,2.6629464285714284,639.7550111358574,1794,16.0,0.008839779005524863,1354.661354581673,2.960159362549801,1265.508982035928,1003,7.0,0.006930693069306931,388.927927927928,2.036036036036036,372.2147651006711,891,12.0,0.013289036544850499,560.2444987775061,1.8924205378973105,481.6019417475728,821,9.0,0.010843373493975903,684.1981566820276,2.5414746543778803,586.3133640552995,868,11.0,0.012514220705346985,819.7552816901408,2.186619718309859,469.1489361702128,1132,4.0,0.0035211267605633804,398.7096774193548,1.5017921146953406,488.6642599277978,556,2.0,0.0035842293906810036,865.105413105413,2.116809116809117,596.9142857142857,701,5.0,0.007082152974504249,555.8219178082192,1.6335616438356164,774.8630136986301,584,3.0,0.005110732538330494,653.565625,1.771875,762.5316455696203,636,2.0,0.003134796238244514,744.32,1.1466666666666667,584.4693333333333,750,11.0,0.01445466491458607,482.5441696113074,2.6678445229681977,790.6007067137809,566,2.0,0.0035211267605633804,517.0680628272252,2.6178010471204187,504.5026178010471,764,4.0,0.005208333333333333
226,202408,14,718.9483568075117,5.368544600938967,584.7529411764706,851,9.0,0.010465116279069767,801.2176375404531,2.1957928802588995,1233.1553398058252,2472,11.0,0.004430124848973017,526.8604316546763,2.2345323741007195,570.6086956521739,1385,8.0,0.00574300071787509,1163.2673267326732,10.755775577557756,817.5617792421747,1213,7.0,0.005737704918032787,627.7323420074349,1.8438661710037172,512.7881040892194,538,5.0,0.009208103130755065,578.1529255319149,2.877659574468085,489.77866666666665,1502,4.0,0.0026560424966799467,440.8235294117647,2.804321728691477,426.978417266187,1667,7.0,0.004181600955794504,1183.5906432748538,3.8859649122807016,764.2941176470588,682,6.0,0.00872093023255814,647.5802469135803,0.9197530864197532,547.7777777777778,324,1.0,0.003076923076923077,594.176072234763,3.094808126410835,615.1693002257337,886,0.0,0.0,468.5749588138386,2.026359143327842,554.6293245469523,1214,15.0,0.012205044751830757,588.7662141779789,3.5972850678733037,745.1057401812689,1325,8.0,0.006001500375093774,344.5047923322684,1.291799787007455,292.19616204690834,1877,4.0,0.002126528442317916,1009.4969325153374,4.508179959100205,1097.7148634984833,1967,23.0,0.011557788944723618,754.4787234042553,2.4177949709864603,709.0328820116055,2068,11.0,0.005291005291005291,658.5036179450072,1.959479015918958,554.393063583815,1383,4.0,0.002883922134102379,539.2682926829268,2.554878048780488,1137.4233128834355,654,3.0,0.0045662100456621,685.1445086705203,1.0953757225433527,335.40697674418607,690,4.0,0.005763688760806916,380.7524429967427,2.413680781758958,318.56677524429966,614,1.0,0.0016260162601626016,501.1936193619362,2.3685368536853684,479.86769570011023,1816,9.0,0.004931506849315068,376.687898089172,1.851380042462845,350.59322033898303,943,7.0,0.007368421052631579,500.11025358324144,2.43329658213892,566.9536423841059,1813,9.0,0.004939626783754116,493.52941176470586,2.262745098039216,478.3561643835616,1021,3.0,0.0029296875,637.1261261261261,2.20945945945946,531.370786516854,889,10.0,0.011123470522803115,574.7373493975904,2.780722891566265,399.0291262135922,827,15.0,0.017814726840855107,931.6068181818182,6.861363636363636,653.1350114416476,877,7.0,0.007918552036199095,660.0176366843034,2.7019400352733687,617.4125874125874,1139,7.0,0.006108202443280977,534.0845070422536,2.4401408450704225,966.3604240282684,567,0.0,0.0,703.9283667621777,3.2034383954154726,550.3448275862069,697,1.0,0.0014326647564469914,348.43771043771045,1.7912457912457913,297.5757575757576,594,1.0,0.0016806722689075631,867.375,1.5472972972972974,879.0,596,2.0,0.0033444816053511705,770.74043715847,1.1830601092896176,705.6130790190736,733,1.0,0.0013623978201634877,438.59154929577466,2.084507042253521,505.774647887324,568,0.0,0.0,526.7716535433071,1.973753280839895,513.8582677165355,762,5.0,0.00651890482398957
227,202408,15,669.1840909090909,2.536363636363636,722.7210884353741,881,10.0,0.01122334455667789,927.4961360123648,2.214064914992272,1361.5313225058003,2587,22.0,0.00843234955921809,850.7886597938144,2.1443298969072164,571.1627906976744,1550,16.0,0.010217113665389528,991.0162002945508,4.148748159057438,831.1764705882352,1359,1.0,0.0007352941176470588,1015.7070063694268,2.3184713375796178,1217.3333333333333,629,7.0,0.0110062893081761,1713.7937888198758,6.450931677018634,1673.4653465346537,1613,8.0,0.004935225169648365,614.5017221584386,2.971297359357061,466.0849598163031,1742,8.0,0.004571428571428572,1208.107238605898,4.2680965147453085,1374.385026737968,747,10.0,0.013210039630118891,828.9473684210526,2.598684210526316,610.3311258278146,303,10.0,0.03194888178913738,1392.3333333333333,5.573951434878588,791.3082039911308,904,7.0,0.007683863885839737,907.810650887574,2.5828402366863905,1175.5555555555557,1351,27.0,0.019593613933236574,1003.2280701754386,3.1330409356725144,993.6842105263158,1368,15.0,0.010845986984815618,699.9008919722497,1.0555004955401388,559.3260654112983,2018,7.0,0.0034567901234567903,655.6081208687441,2.6742209631728047,738.5481132075472,2119,13.0,0.006097560975609756,1162.296468401487,3.83271375464684,1096.033519553073,2150,23.0,0.01058444546709618,853.8974700399467,1.6191744340878829,892.410119840213,1502,9.0,0.005956320317670417,1539.481375358166,4.017191977077364,2325.344827586207,697,14.0,0.01969057665260197,822.0460358056266,1.2736572890025577,810.690537084399,782,9.0,0.011378002528445006,834.7122507122507,3.780626780626781,602.2222222222222,702,5.0,0.007072135785007072,638.4701718907988,1.865520728008089,591.7741935483871,1981,16.0,0.00801201802704056,548.2867132867133,2.3933566433566438,738.2198952879581,1145,9.0,0.00779896013864818,713.6363636363636,2.581818181818182,707.0564516129032,1982,14.0,0.0070140280561122245,569.0330882352941,2.0091911764705883,885.4411764705883,1088,3.0,0.002749770852428964,538.8622754491018,1.9421157684630737,520.92,1001,7.0,0.006944444444444444,759.6153846153846,2.5064102564102564,635.1282051282051,936,20.0,0.02092050209205021,1111.3680981595091,2.867075664621677,909.723926380368,978,11.0,0.011122345803842264,788.8742603550296,1.4215976331360949,621.9555555555555,1351,11.0,0.008076358296622614,717.5266457680251,1.5078369905956113,829.0909090909091,638,1.0,0.001564945226917058,730.1989100817439,2.1825613079019077,742.7027027027027,737,13.0,0.017333333333333333,654.7826086956521,1.795031055900621,658.875,642,3.0,0.004651162790697674,1606.9470752089137,2.5041782729805013,1611.042253521127,714,20.0,0.027247956403269755,1602.3316062176166,1.8704663212435235,1446.839378238342,772,24.0,0.03015075376884422,1145.0174216027874,3.975609756097561,976.3066202090592,574,2.0,0.003472222222222222,737.1875,1.8723958333333333,822.077922077922,769,7.0,0.00902061855670103
228,202408,16,777.3812785388128,2.9474885844748857,724.3835616438356,876,15.0,0.016835016835016835,826.4413364413365,1.9184149184149184,919.5965865011636,2576,19.0,0.007321772639691715,626.0645161290323,2.241290322580645,591.9483870967742,1550,10.0,0.00641025641025641,1866.8168168168168,6.915915915915916,1465.7142857142858,1331,11.0,0.00819672131147541,734.4239482200647,0.9158576051779936,726.9677419354839,619,5.0,0.008012820512820512,955.7627965043696,2.455680399500624,750.4511278195489,1599,9.0,0.005597014925373134,628.8662053056516,3.3275663206459054,568.7586206896551,1737,5.0,0.0028702640642939152,1212.6992084432718,6.155672823218997,1571.7771883289124,756,12.0,0.015625,806.2011834319527,1.3846153846153846,836.8047337278107,338,1.0,0.0029498525073746312,874.3612334801762,4.198237885462556,781.9911504424779,906,9.0,0.009836065573770493,628.5798816568048,1.381656804733728,740.4123711340206,1355,15.0,0.010948905109489052,1188.8188405797102,3.9318840579710144,1347.0995670995671,1383,17.0,0.012142857142857143,606.9479882237488,2.5554465161923456,430.16650342801177,2040,6.0,0.002932551319648094,605.750939849624,3.2302631578947367,670.3954802259886,2126,19.0,0.008857808857808859,1603.8596986817329,6.715630885122411,1741.9774011299437,2124,52.0,0.02389705882352941,1239.1419098143235,3.4694960212201598,1221.9933598937582,1507,10.0,0.0065919578114700065,823.5310734463277,1.8333333333333333,976.9971671388104,707,3.0,0.004225352112676056,572.1428571428571,1.0433673469387754,356.48854961832063,785,6.0,0.007585335018963337,1205.691011235955,6.592696629213483,1095.6095505617975,712,1.0,0.001402524544179523,659.7570850202429,1.8218623481781375,543.8336713995943,1974,15.0,0.007541478129713424,551.7098445595855,2.077720207253886,636.8512110726643,1157,6.0,0.005159071367153913,525.3939393939394,2.286868686868687,652.4242424242424,1980,9.0,0.004524886877828055,585.6307129798903,1.5283363802559415,725.6043956043956,1093,3.0,0.002737226277372263,1323.1252485089462,8.956262425447315,616.3745019920319,1005,13.0,0.012770137524557957,884.2918454935623,2.418454935622317,699.2307692307693,934,7.0,0.007438894792773645,755.9451219512196,2.207317073170732,649.4545454545455,987,5.0,0.005040322580645161,922.438596491228,2.2353801169590644,717.8102189781022,1369,13.0,0.009406657018813314,548.952380952381,1.4634920634920634,663.4177215189874,631,0.0,0.0,694.0928381962865,2.480106100795756,527.6139410187668,750,8.0,0.010554089709762533,586.0248447204968,2.611801242236025,411.8012422360249,644,7.0,0.010752688172043012,651.386301369863,0.9506849315068492,1155.0,729,4.0,0.005457025920873124,510.7831632653061,1.6479591836734695,564.9489795918367,784,10.0,0.012594458438287154,724.5993031358885,2.7421602787456445,417.06293706293707,573,3.0,0.005208333333333333,574.5549738219895,1.7591623036649215,335.09138381201046,765,2.0,0.002607561929595828
229,202408,17,1448.3664921465968,5.041884816753926,1282.6178010471203,764,13.0,0.01673101673101673,1026.2477313974591,1.843920145190563,1080.986301369863,2197,13.0,0.0058823529411764705,907.873121869783,2.0968280467445743,642.3880597014926,1202,14.0,0.011513157894736841,778.1613475177305,4.042553191489362,652.2064056939502,1126,1.0,0.0008873114463176575,1095.944262295082,1.636065573770492,804.6072607260726,608,7.0,0.011382113821138212,1141.7068965517242,4.443965517241379,775.3581661891118,1394,8.0,0.005706134094151213,2137.9895697522816,11.359843546284225,1463.028720626632,1533,51.0,0.032196969696969696,1376.3083832335328,5.11377245508982,1971.3513513513512,667,10.0,0.014771048744460856,874.8456790123457,0.845679012345679,521.8181818181819,327,4.0,0.012084592145015106,1296.4397905759165,3.9293193717277486,776.0526315789474,762,5.0,0.00651890482398957,1077.6637168141592,1.752212389380531,1389.877408056042,1136,16.0,0.013888888888888888,1176.7845659163986,4.771704180064309,1058.4193548387098,1242,22.0,0.01740506329113924,1467.6705882352942,8.469411764705882,1340.820633059789,1703,9.0,0.005257009345794392,1083.720464135021,2.9145569620253164,1176.3674762407602,1895,17.0,0.00889121338912134,1311.1217481789802,4.161290322580645,1247.7664233576645,1920,19.0,0.009798865394533264,1152.5536277602523,4.78391167192429,901.0641627543037,1273,7.0,0.00546875,754.1366279069767,0.8081395348837209,1024.0116279069769,688,4.0,0.005780346820809248,817.5,0.7430555555555556,770.2083333333334,576,6.0,0.010309278350515464,819.3103448275862,4.195402298850575,768.2758620689655,522,2.0,0.003816793893129771,685.6259079903148,2.553268765133172,642.6811594202899,1654,14.0,0.008393285371702638,635.5656108597285,2.2104072398190047,691.0204081632653,883,4.0,0.004509582863585118,991.5092024539878,3.1644171779141104,871.3267813267813,1629,13.0,0.007917174177831911,1025.2121212121212,2.8141414141414143,1160.0,987,9.0,0.009036144578313253,785.4921875,2.4921875,1040.1038961038962,769,3.0,0.0038860103626943004,1163.7299465240642,3.141711229946524,859.4638069705094,747,4.0,0.005326231691078562,755.424,1.9653333333333332,568.4880636604775,752,3.0,0.003973509933774834,722.8907956318253,1.6489859594383776,814.4186046511628,1286,11.0,0.008481110254433308,994.2222222222222,4.192592592592592,1371.7472118959108,539,1.0,0.001851851851851852,1301.4580838323354,6.083832335329341,1099.7560975609756,662,10.0,0.01488095238095238,823.9746376811594,1.931159420289855,592.3913043478261,552,4.0,0.007194244604316547,822.4782608695652,1.124223602484472,920.5555555555557,646,4.0,0.006153846153846154,626.2906666666667,2.1173333333333333,445.98930481283423,749,6.0,0.007947019867549669,2311.428571428572,4.626373626373627,1838.901098901099,546,4.0,0.007272727272727273,1267.3423076923077,8.173076923076923,1059.2307692307693,520,2.0,0.0038314176245210726
230,202408,18,4463.881028938907,11.855305466237942,3009.3286219081274,594,259.0,0.30363423212192264,1144.665344964314,2.402854877081681,1309.3586698337292,2524,45.0,0.017516543402101986,1153.9502617801047,1.9803664921465969,740.2649006622516,1519,15.0,0.009778357235984355,1146.6270430906388,3.5423476968796432,861.9705882352941,1353,18.0,0.01312910284463895,1455.1693290734825,1.415335463258786,1307.8846153846157,625,22.0,0.03400309119010819,3180.258644536653,5.603042876901798,2764.6913580246915,1452,201.0,0.12159709618874773,1454.1718009478673,6.035545023696683,1344.280701754386,1699,35.0,0.020184544405997693,3208.2272727272725,11.84375,3230.1754385964914,694,85.0,0.10911424903722722,1128.3333333333333,0.8333333333333334,1773.0434782608695,282,7.0,0.02422145328719723,2000.607476635514,8.97196261682243,1514.896551724138,863,90.0,0.0944386149003148,1181.7391304347825,1.616191904047976,1332.0731707317073,1323,40.0,0.029347028613352897,1627.9340329835084,5.412293853073464,1834.8733233979133,1338,72.0,0.05106382978723404,1600.0363636363636,4.633333333333334,1583.6697247706422,1971,54.0,0.02666666666666667,955.24410933082,3.0725730442978323,1077.1030640668523,2138,30.0,0.013837638376383764,1765.9480901077377,3.597453476983349,1400.775590551181,2037,117.0,0.054317548746518104,1867.0654338549075,4.310099573257468,1584.9088359046284,1416,126.0,0.08171206225680934,787.204081632653,1.1924198250728864,1456.0932944606411,686,24.0,0.03380281690140845,1157.9527559055118,1.188976377952756,762.0549738219895,763,11.0,0.014211886304909561,1111.1602209944751,3.212707182320442,1002.0498614958448,723,18.0,0.024291497975708502,1123.3591047812818,1.9735503560528995,1237.834008097166,1971,44.0,0.02183622828784119,1241.0745233968803,2.582322357019064,1259.2720970537262,1154,11.0,0.00944206008583691,1064.331983805668,2.1639676113360324,985.9737638748738,1979,34.0,0.01689021361152509,1278.062271062271,3.7545787545787546,1142.2826086956522,1098,18.0,0.016129032258064516,1258.424180327869,4.344262295081967,911.8775510204082,978,39.0,0.038348082595870206,1173.1709006928406,2.3140877598152425,1039.2,883,77.0,0.08020833333333334,1249.2396694214876,2.2107438016528924,794.5379876796715,971,24.0,0.024120603015075376,1545.1614349775784,1.84304932735426,1712.4274809160306,1324,82.0,0.05832147937411095,2399.154929577465,9.72887323943662,2403.453237410072,562,70.0,0.11075949367088607,2009.7045454545453,3.346590909090909,3064.149855907781,699,86.0,0.10955414012738854,1137.601226993865,1.892638036809816,988.6238532110092,653,11.0,0.016566265060240965,1980.0783783783784,1.645945945945946,1553.3152173913045,738,17.0,0.022516556291390728,1018.115168539326,1.8314606741573036,1073.258426966292,712,7.0,0.009735744089012517,4806.978540772532,17.896995708154506,3128.974358974359,467,147.0,0.23941368078175895,5710.39336492891,26.606635071090047,3308.6111111111118,427,338.0,0.4418300653594771
231,202408,19,2353.0,4.012779552715655,2576.5868263473053,647,272.0,0.2959738846572361,1083.327545382794,1.9944751381215469,1242.1085759244688,2538,45.0,0.017421602787456445,806.9255455712452,1.7471116816431322,803.521850899743,1557,24.0,0.015180265654648957,1015.1351351351352,3.171171171171171,748.644578313253,1330,16.0,0.01188707280832095,1323.5805369127518,1.2080536912751678,935.0830564784052,599,27.0,0.04313099041533546,2978.813765182186,8.222672064777328,2991.1448275862067,1466,160.0,0.0984009840098401,1100.2899061032865,3.860328638497653,833.957345971564,1696,14.0,0.008187134502923977,1989.4401114206128,4.0974930362117,1994.2702702702704,729,41.0,0.053246753246753244,1050.7088607594935,1.6772151898734178,1202.2929936305732,315,5.0,0.015625,1692.9357798165138,6.529816513761468,1662.056074766355,864,77.0,0.0818278427205101,1060.0615384615385,1.5076923076923077,849.5076923076923,1300,31.0,0.02329075882794891,2171.39617083947,6.187039764359352,2535.512630014859,1352,75.0,0.05255781359495445,810.5190380761524,0.8687374749498998,854.7169811320755,2005,46.0,0.02242808386153096,2270.72,9.862857142857145,2310.6583732057416,2095,58.0,0.02693915466790525,1380.935125115848,2.370713623725672,1190.512891344383,2165,71.0,0.03175313059033989,1520.7722908093278,1.9272976680384089,1292.403314917127,1453,89.0,0.05771725032425422,1574.156342182891,2.7227138643067845,1861.399416909621,682,30.0,0.042134831460674156,780.765306122449,1.0892857142857142,1064.4615384615386,782,18.0,0.0225,902.3094555873926,2.5501432664756445,949.2613636363636,701,17.0,0.023676880222841225,954.819773429454,1.6879505664263643,951.0743801652892,1939,26.0,0.013231552162849873,818.7740805604203,1.681260945709282,974.842105263158,1141,19.0,0.016379310344827588,946.5177865612648,2.133399209486166,789.4011976047905,2014,26.0,0.012745098039215686,935.1192660550458,1.7376146788990825,859.5167286245353,1083,11.0,0.010054844606946984,1124.0260521042085,2.0180360721442887,1025.7064777327937,993,35.0,0.03404669260700389,1327.482062780269,1.8565022421524664,1189.2617449664428,893,76.0,0.0784313725490196,935.3647540983608,1.6721311475409837,877.8719008264463,972,25.0,0.025075225677031094,1486.9218989280246,1.542113323124043,1379.001512859304,1314,73.0,0.05263157894736842,1423.063694267516,2.1751592356687897,1913.564668769716,631,16.0,0.02472952086553323,1745.9971264367816,2.6666666666666665,1556.7391304347825,716,63.0,0.08087291399229782,862.5465838509317,1.624223602484472,912.6018808777428,641,14.0,0.021374045801526718,2030.683473389356,4.753501400560224,1762.122905027933,715,24.0,0.03247631935047361,1132.7603305785124,2.303030303030303,980.3030303030304,726,8.0,0.010899182561307902,3227.952789699571,5.948497854077253,2532.5523012552303,472,128.0,0.21333333333333335,2280.70245398773,7.236196319018405,2458.653846153846,638,192.0,0.23132530120481928
232,202408,20,639.4626168224299,4.75,832.8169014084507,854,24.0,0.02733485193621868,553.4451772464963,2.237427864798021,769.7029702970297,2425,26.0,0.010607915136678907,697.6181533646322,2.153364632237872,662.803738317757,1281,10.0,0.0077459333849728895,569.9485420240137,3.8524871355060033,453.6535162950257,1166,10.0,0.008503401360544218,681.0786516853933,1.7790262172284643,425.8867924528302,532,5.0,0.00931098696461825,782.6618037135279,2.7374005305039786,961.2817089452604,1503,11.0,0.00726552179656539,453.4758883248731,3.769035532994924,507.2383354350568,1581,3.0,0.001893939393939394,1110.2652439024391,4.076219512195122,1094.1818181818182,658,5.0,0.007541478129713424,566.858064516129,1.6129032258064515,410.7692307692308,311,6.0,0.01892744479495268,735.6359550561798,3.9146067415730337,623.3258426966293,890,14.0,0.015486725663716814,431.1531841652324,2.1652323580034425,563.0689655172414,1161,9.0,0.007692307692307693,850.5536809815951,3.3865030674846626,1031.7230769230769,1302,19.0,0.014383043149129448,495.9393282773564,0.866738894907909,421.948051948052,1847,5.0,0.0026997840172786176,552.001074113856,3.151450053705693,651.4102564102565,1867,36.0,0.018917498686284815,700.3284600389863,2.293372319688109,599.6511627906976,2058,21.0,0.010101010101010102,772.4867256637168,1.784660766961652,624.8672566371681,1356,23.0,0.016678752719361856,1351.626139817629,6.182370820668693,2020.1818181818185,659,7.0,0.010510510510510511,454.9854227405248,0.7113702623906706,667.0175438596491,685,6.0,0.008683068017366137,289.3762376237624,2.254125412541254,515.6435643564356,606,1.0,0.0016474464579901153,515.8755760368664,1.5852534562211982,624.083044982699,1735,14.0,0.008004574042309892,451.3606911447084,1.7580993520518358,392.0173535791757,924,6.0,0.0064516129032258064,550.3937007874016,2.5196850393700787,531.8644067796611,1774,30.0,0.01662971175166297,437.5123966942149,1.5165289256198349,447.340206185567,969,2.0,0.0020597322348094747,549.0068649885584,2.1052631578947367,630.2700228832952,874,11.0,0.012429378531073447,445.5517241379311,1.9285714285714288,357.1782178217822,810,21.0,0.02527075812274368,577.5471264367816,1.5402298850574712,418.4792626728111,869,5.0,0.005720823798627002,1230.6157989228006,3.271095152603232,1084.014466546112,1110,14.0,0.012455516014234875,463.7142857142857,2.7071428571428573,546.4516129032259,559,4.0,0.007104795737122558,730.8782608695652,2.4434782608695653,738.1279069767442,689,10.0,0.01430615164520744,551.3548387096774,2.175627240143369,417.8494623655914,558,4.0,0.0071174377224199285,1396.240418118467,7.104529616724738,1304.2758620689656,577,4.0,0.0068846815834767644,572.1577464788733,1.4028169014084506,466.1408450704225,710,3.0,0.004207573632538569,765.1063829787234,2.0709219858156027,976.5957446808512,564,12.0,0.020833333333333332,853.7730870712401,2.242744063324538,862.2047244094488,760,9.0,0.011703511053315995
233,202408,21,568.518691588785,3.2803738317757007,520.2336448598131,856,27.0,0.030577576443941108,682.4241686942416,2.0373073803730737,691.4817518248175,2466,13.0,0.0052440500201694235,857.1084165477889,4.998573466476462,655.5618776671408,1404,8.0,0.0056657223796034,492.1782178217822,4.227722772277228,396.9306930693069,1212,10.0,0.008183306055646482,778.2359550561798,0.8576779026217228,653.2330827067669,533,7.0,0.012962962962962963,629.2068965517242,2.8381962864721486,563.6968085106383,1506,12.0,0.007905138339920948,516.4838308457712,4.199004975124378,558.9316770186335,1609,8.0,0.004947433518862091,949.2235294117648,4.064705882352941,1098.651026392962,681,9.0,0.013043478260869565,694.3311688311688,3.74025974025974,513.6428571428571,308,3.0,0.00964630225080386,678.0269058295964,3.2937219730941703,520.8539325842696,891,6.0,0.006688963210702341,377.7853492333901,1.678023850085179,489.6446700507614,1178,6.0,0.005067567567567568,1056.1649016641452,4.869894099848714,1113.2727272727273,1321,14.0,0.010486891385767791,406.0235798499464,1.172561629153269,374.2274678111588,1865,3.0,0.0016059957173447537,695.2838250254324,5.741607324516785,811.5337423312883,1961,12.0,0.006082108464267613,665.7062737642585,1.870722433460076,603.1939163498099,2104,18.0,0.008482563619227144,604.2803468208092,1.5953757225433527,562.1098265895954,1384,8.0,0.005747126436781609,1793.829192546584,7.819875776397516,2787.7914110429447,648,13.0,0.019667170953101363,472.6315789473685,0.912280701754386,486.1224489795918,685,1.0,0.0014577259475218659,360.7156862745098,2.6993464052287583,455.2941176470589,612,0.0,0.0,496.62317210348704,2.4285714285714284,620.4269662921348,1779,13.0,0.007254464285714286,252.58474576271183,2.6588983050847457,253.728813559322,944,3.0,0.0031678986272439284,489.52590959206174,2.6637265711135614,474.8344370860927,1813,17.0,0.009289617486338797,831.4115308151094,2.039761431411531,564.9800796812749,1005,6.0,0.005934718100890208,602.1450892857143,2.361607142857143,481.6107382550336,895,12.0,0.013230429988974642,616.1776155717762,2.9416058394160585,440.1951219512195,821,13.0,0.015587529976019185,587.2171945701358,1.7126696832579185,406.5914221218962,885,7.0,0.007847533632286996,713.0475352112676,3.941901408450704,971.3028169014084,1136,6.0,0.005253940455341506,410.5263157894737,1.5824561403508772,488.42105263157896,570,1.0,0.0017513134851138354,670.6416184971098,1.7514450867052025,612.6224783861671,693,5.0,0.0071633237822349575,692.5951557093425,1.7162629757785468,374.11764705882354,578,4.0,0.006872852233676976,1062.1966666666667,6.223333333333334,1200.3986710963454,601,7.0,0.011513157894736841,665.7711171662125,1.2343324250681198,465.3032786885246,733,7.0,0.00945945945945946,653.4042553191489,2.3156028368794326,609.8924731182796,561,3.0,0.005319148936170213,500.282722513089,1.8272251308900525,511.875,766,4.0,0.005194805194805195
234,202408,22,1117.1753986332574,3.580865603644647,1026.6515837104073,881,28.0,0.030803080308030802,1165.2747853239655,2.523028883684621,1043.231850117096,2562,17.0,0.006591702210158977,1610.3073979591836,5.048469387755102,1967.1538461538464,1564,19.0,0.012002526847757423,804.6857562408223,4.841409691629956,588.3870967741935,1363,5.0,0.003654970760233918,1767.009708737864,2.705501618122977,1975.3246753246756,617,21.0,0.032915360501567396,1180.80916976456,2.7001239157372985,1214.4399008674102,1614,23.0,0.014050091631032376,926.233409610984,4.118993135011442,905.9453302961276,1752,6.0,0.0034129692832764505,1807.4193548387095,4.416666666666667,2040.8086253369272,743,17.0,0.02236842105263158,703.95,1.3875,509.875,320,0.0,0.0,894.7252747252747,2.628571428571429,796.578947368421,911,11.0,0.01193058568329718,935.3636363636364,2.2666666666666666,888.9592760180996,1323,12.0,0.008988764044943821,1081.483063328424,3.811487481590574,1267.2246696035245,1360,21.0,0.015206372194062274,1008.6073558648112,1.690854870775348,900.5940594059406,2016,22.0,0.010794896957801767,1216.9754020813623,4.977294228949858,1036.1210974456008,2114,19.0,0.008907641819034223,1085.861913357401,1.8240072202166064,940.6120612061206,2219,23.0,0.010258697591436218,1235.1664464993396,2.483487450462351,1216.2698412698412,1513,13.0,0.00851900393184797,3900.709198813056,20.59347181008902,3876.607142857143,673,34.0,0.04809052333804809,1023.3165829145728,1.2814070351758795,1191.3636363636365,794,6.0,0.0075,747.685552407932,2.453257790368272,590.8215297450425,706,5.0,0.007032348804500703,885.7814096016343,2.225740551583248,886.9724770642201,1960,19.0,0.009600808489135927,878.7130434782608,2.7008695652173915,984.8347826086956,1150,11.0,0.009474590869939707,1335.6059113300494,3.135960591133005,952.1970443349752,2030,36.0,0.017424975798644726,775.9229357798165,2.185321100917432,860.0366972477065,1090,5.0,0.0045662100456621,726.6627218934912,1.9270216962524656,845.4545454545455,1013,8.0,0.007835455435847209,1079.4860813704497,1.8415417558886509,1005.1599147121536,936,22.0,0.022964509394572025,1119.831300813008,1.957317073170732,872.010162601626,984,7.0,0.007063572149344097,2409.4614220877456,3.0559757942511347,1779.304084720121,1322,33.0,0.024354243542435424,908.3018867924528,1.6572327044025157,1182.6415094339625,636,8.0,0.012422360248447204,1122.6243243243243,2.105405405405405,866.5760869565217,738,7.0,0.009395973154362415,1042.7076923076922,2.123076923076923,941.1111111111112,649,2.0,0.0030721966205837174,5157.243093922652,28.25966850828729,3816.3739376770536,715,27.0,0.03638814016172507,685.6588541666666,1.4739583333333333,435.3125,768,4.0,0.0051813471502590676,1529.0526315789473,3.3263157894736843,1012.842105263158,570,3.0,0.005235602094240838,1050.0,3.1276041666666665,976.649214659686,766,8.0,0.0103359173126615
235,202408,23,470.1780821917809,3.0913242009132422,445.96810933940776,877,27.0,0.029867256637168143,764.9020979020979,2.347319347319347,731.5241057542768,2573,12.0,0.0046421663442940036,1016.2697201017812,5.863867684478372,865.8449809402796,1573,13.0,0.00819672131147541,721.5867269984917,4.73001508295626,576.0178306092125,1336,15.0,0.011102886750555145,735.0,2.087378640776699,669.3203883495146,618,8.0,0.012779552715654952,742.4014962593516,2.811720698254364,554.558197747184,1601,6.0,0.00373366521468575,1667.659012629162,5.529276693455798,1294.6285714285714,1746,10.0,0.0056947608200455585,966.3829787234042,4.220744680851064,1122.1750663129974,753,4.0,0.005284015852047556,1119.4382716049383,1.5123456790123455,603.7267080745341,323,1.0,0.0030864197530864196,612.3413566739606,3.1575492341356672,528.7089715536105,914,6.0,0.006521739130434782,710.0452488687782,2.3861236802413277,905.7359635811836,1322,9.0,0.0067618332081141996,790.8869565217391,3.218840579710145,824.5887445887446,1383,10.0,0.007178750897343862,550.3097345132743,1.1160275319567354,618.4479371316306,2035,7.0,0.0034280117531831538,852.6654135338346,5.8768796992481205,872.8867924528302,2124,14.0,0.006548175865294668,930.2025202520252,2.075607560756076,878.6101083032491,2219,23.0,0.010258697591436218,833.7739816031537,1.57161629434954,840.078947368421,1521,9.0,0.0058823529411764705,1332.908831908832,5.096866096866097,1363.103448275862,699,12.0,0.016877637130801686,1062.921914357683,2.8740554156171285,1091.3350125944585,794,8.0,0.00997506234413965,611.3921568627451,3.733893557422969,687.8991596638656,714,3.0,0.0041841004184100415,669.6116803278688,2.4047131147540983,624.8106448311156,1953,15.0,0.007621951219512195,852.3924268502582,2.1462994836488813,943.6082474226804,1163,5.0,0.004280821917808219,781.0546875,2.689453125,657.1176470588235,2044,20.0,0.009689922480620155,921.5784671532848,4.299270072992701,993.6880733944954,1093,3.0,0.002737226277372263,752.4280078895464,1.9644970414201184,741.5851272015656,1018,11.0,0.010689990281827016,787.3936170212766,1.6978723404255318,666.5384615384615,938,26.0,0.026970954356846474,702.861167002012,1.9356136820925556,520.4032258064516,993,1.0,0.001006036217303823,1218.431952662722,5.955621301775148,1214.2222222222222,1351,18.0,0.013148283418553688,719.9245283018868,2.09748427672956,859.7492163009405,637,4.0,0.0062402496099844,691.4148936170212,1.9361702127659572,824.4031830238727,753,14.0,0.018252933507170794,812.9629629629629,2.320987654320988,672.5925925925926,648,6.0,0.009174311926605505,1527.2650273224044,4.262295081967213,1653.6065573770493,732,4.0,0.005434782608695652,1040.9537275064267,1.0616966580976863,1116.4010282776349,778,2.0,0.002564102564102564,803.6619718309859,3.492957746478873,606.7368421052631,569,1.0,0.0017543859649122807,560.9921671018277,1.9869451697127936,525.625,767,5.0,0.006476683937823834
236,202408,24,533.9872448979592,2.6096938775510203,590.7216494845361,780,23.0,0.028642590286425903,622.0765027322404,1.656648451730419,638.082191780822,2193,10.0,0.004539264639128461,535.980198019802,1.9405940594059403,700.3940886699507,1215,8.0,0.006541291905151268,580.7775800711744,3.290035587188612,441.9928825622776,1124,13.0,0.011433597185576077,663.5526315789474,1.3157894736842106,426.158940397351,606,9.0,0.014634146341463415,472.02295552367286,2.2998565279770444,436.5042979942693,1395,3.0,0.002145922746781116,688.579865771812,3.6013422818791945,794.4129554655871,1486,5.0,0.00335345405767941,747.4029850746268,3.916417910447761,910.4504504504504,668,3.0,0.004470938897168405,750.0,1.554054054054054,648.8926174496644,297,4.0,0.013289036544850499,585.2830188679245,3.9056603773584895,618.3243243243244,741,8.0,0.010680907877169559,495.93956043956047,1.6117216117216118,433.0054644808743,1095,11.0,0.009945750452079566,752.1677419354838,3.2096774193548385,708.8529886914378,1239,11.0,0.0088,527.6156583629893,0.970344009489917,522.085308056872,1687,6.0,0.0035440047253396337,638.3987068965517,2.8286637931034484,702.0711974110033,1855,17.0,0.009081196581196582,690.9625884732053,1.6744186046511629,692.5679758308157,1982,26.0,0.012948207171314742,407.7042253521127,1.3208137715179968,556.7550702028082,1280,14.0,0.010819165378670788,1279.873156342183,4.9734513274336285,2857.6331360946747,677,19.0,0.027298850574712645,466.5480427046263,0.9323843416370108,706.4788732394367,565,3.0,0.00528169014084507,305.51724137931035,2.8735632183908044,258.3908045977012,522,1.0,0.0019120458891013384,371.34226552984165,1.9269183922046285,645.439024390244,1641,12.0,0.007259528130671506,754.2081447963801,2.1085972850678734,324.3243243243243,886,1.0,0.0011273957158962795,458.7144622991347,2.3980222496909764,513.2009925558312,1615,7.0,0.004315659679408138,532.016632016632,1.5405405405405406,618.6163522012579,958,5.0,0.005192107995846314,497.1142857142857,2.036363636363636,438.4251968503937,766,3.0,0.0039011703511053317,627.2815013404826,2.018766756032172,646.3270777479893,746,21.0,0.027379400260756193,514.6058201058202,2.17989417989418,576.5382585751979,757,4.0,0.005256241787122208,677.7776025236593,2.0173501577287065,545.4460093896714,1273,11.0,0.008566978193146417,427.47169811320754,1.2264150943396226,630.6766917293234,531,1.0,0.0018796992481203006,474.1975683890578,1.9604863221884496,514.2857142857143,658,9.0,0.013493253373313344,403.36742424242425,1.912878787878788,340.22727272727275,528,3.0,0.005649717514124294,700.1786833855799,1.6551724137931034,710.0934579439253,640,0.0,0.0,444.1907356948229,0.9482288828337876,503.1521739130435,735,6.0,0.008097165991902834,870.8823529411765,3.139705882352941,679.1911764705883,544,4.0,0.0072992700729927005,666.6666666666666,1.5900383141762453,564.5038167938932,523,3.0,0.005703422053231939
237,202408,25,529.4444444444445,2.789351851851852,553.4411085450347,865,25.0,0.028089887640449437,613.2627052384676,1.7591868647380766,680.4215456674473,2560,10.0,0.0038910505836575876,585.9743918053778,2.111395646606914,546.7268041237113,1557,6.0,0.003838771593090211,668.3410404624277,4.489884393063584,615.1764705882352,1372,1.0,0.0007283321194464676,837.8867924528302,3.625786163522013,694.4200626959248,637,13.0,0.02,737.4119106699752,2.7332506203473947,705.9526774595267,1609,8.0,0.004947433518862091,936.9477272727272,3.381818181818182,896.1355932203389,1765,9.0,0.005073280721533258,1449.688829787234,6.159574468085107,1418.776595744681,752,9.0,0.011826544021024968,1288.923076923077,5.104895104895105,1109.7535211267605,285,5.0,0.017241379310344827,1050.4017857142858,4.332589285714286,666.2666666666667,898,14.0,0.015350877192982455,381.2375939849624,1.7428571428571429,421.2669683257919,1328,4.0,0.003003003003003003,907.0511695906432,3.6052631578947367,1212.1052631578948,1368,12.0,0.008695652173913044,590.1740020470829,1.0931422722620263,514.1453428863869,1954,6.0,0.003061224489795918,635.6328996282527,3.2193308550185877,698.4591836734694,2154,14.0,0.006457564575645757,653.8160597572362,2.316526610644258,702.3398328690807,2148,27.0,0.012413793103448275,694.0553359683795,2.411067193675889,818.6333771353483,1520,16.0,0.010416666666666666,1052.9147727272727,2.7755681818181817,1173.5795454545455,704,6.0,0.008450704225352112,527.3107049608356,1.052219321148825,796.8062827225131,765,2.0,0.002607561929595828,643.8921832884097,3.2911051212938007,711.9137466307278,742,3.0,0.004026845637583893,436.8869828456105,2.0141271442986883,485.3387259858443,1980,4.0,0.0020161290322580645,834.9484536082474,1.7938144329896908,752.568493150685,1166,9.0,0.007659574468085106,574.8420542635658,2.14922480620155,717.2093023255813,2064,7.0,0.003380009657170449,341.74863387978144,1.8506375227686704,595.6912028725314,1106,2.0,0.0018050541516245488,447.1996007984032,1.6407185628742516,468.24,1001,3.0,0.00298804780876494,617.3167701863354,2.10351966873706,554.8440748440748,964,12.0,0.012295081967213115,508.559595959596,1.8525252525252525,862.5,991,8.0,0.008008008008008008,1013.8451327433628,2.454277286135693,1195.0515463917525,1357,20.0,0.014524328249818447,658.4713375796179,1.213375796178344,860.2547770700637,628,4.0,0.006329113924050633,757.1051212938005,2.115902964959569,684.0970350404313,742,7.0,0.009345794392523364,802.9082568807339,2.1009174311926606,520.8558282208589,653,11.0,0.016566265060240965,689.0367454068241,1.3412073490813647,749.5263157894736,761,1.0,0.0013123359580052493,814.0433604336043,2.5420054200542004,598.8641304347826,737,34.0,0.04409857328145266,944.2105263157896,3.743859649122807,960.2097902097902,571,1.0,0.0017482517482517483,721.8696883852691,2.2974504249291785,673.8461538461538,704,7.0,0.009845288326300985
238,202408,26,1053.2603686635944,9.453917050691244,1006.1958997722096,873,6.0,0.006825938566552901,651.1486697965571,2.007042253521127,622.2709475332812,2555,16.0,0.006223259432127577,630.4672897196261,2.128170894526035,650.9960159362549,1502,11.0,0.007270323859881031,974.664536741214,5.654952076677317,958.181818181818,1253,10.0,0.00791765637371338,1673.7450331125829,11.788079470198676,1665.2980132450332,604,5.0,0.008210180623973728,1914.9282970550576,6.331626120358515,1411.918158567775,1563,15.0,0.009505703422053232,597.8569725864124,2.9606674612634087,715.8522050059595,1678,13.0,0.00768775872264932,1355.3180592991914,4.681940700808625,1205.0,743,10.0,0.013280212483399735,1174.0573248407643,2.6305732484076434,799.2307692307693,313,1.0,0.0031847133757961785,1281.3245033112582,6.569536423841059,1437.8666666666666,903,8.0,0.008781558726673985,1083.8650306748466,8.087423312883436,982.6952526799388,1305,13.0,0.009863429438543247,731.0965824665676,4.163447251114413,940.5571847507332,1355,21.0,0.015261627906976744,582.6961325966851,0.9756906077348066,505.5726872246696,1813,10.0,0.005485463521667581,553.9219790675547,3.534728829686013,664.2085308056872,2106,13.0,0.006134969325153374,822.8134810710987,1.950138504155125,987.4238227146816,2166,34.0,0.015454545454545455,1115.969144460028,1.7110799438990183,835.6056338028169,1423,12.0,0.008362369337979094,654.9277456647399,2.786127167630058,733.3526011560693,692,4.0,0.005747126436781609,720.3149606299213,2.251968503937008,813.8582677165355,762,4.0,0.005221932114882507,589.5533141210375,4.025936599423631,556.0806916426513,694,2.0,0.0028735632183908046,528.3059071729958,2.109704641350211,400.468085106383,1888,13.0,0.006838506049447659,641.013986013986,1.3006993006993006,458.066783831283,1141,2.0,0.0017497812773403325,457.741935483871,1.879032258064516,443.72093023255815,1981,15.0,0.00751503006012024,590.7074569789675,1.9502868068833648,549.3461538461538,1043,3.0,0.0028680688336520078,681.5787321063394,1.9918200408997957,461.4723926380368,978,5.0,0.00508646998982706,771.186403508772,2.324561403508772,373.91684901531727,913,13.0,0.014038876889848811,517.7110187110187,2.108108108108108,384.3243243243243,962,9.0,0.009268795056642637,879.5592705167173,3.129179331306991,1062.5602409638554,1322,13.0,0.009737827715355805,1012.7848101265824,2.566455696202532,1368.7619047619048,631,2.0,0.00315955766192733,852.6284153005464,2.57103825136612,781.3150684931506,731,12.0,0.016150740242261104,458.7284345047924,1.9456869009584663,402.7476038338658,626,1.0,0.001594896331738437,1039.393351800554,2.977839335180056,933.1491712707184,723,3.0,0.004132231404958678,459.9639889196676,1.0664819944598338,367.0391061452514,719,0.0,0.0,1151.024734982332,8.851590106007068,965.531914893617,565,4.0,0.007029876977152899,1514.7054263565892,12.289405684754522,925.03937007874,768,5.0,0.00646830530401035
239,202408,27,1450.3399014778324,4.859605911330049,1015.2825552825552,813,13.0,0.015738498789346248,591.4889502762431,2.376611418047882,541.1090573012939,2168,12.0,0.005504587155963303,502.1513157894737,2.1661184210526314,439.8655737704918,1218,8.0,0.0065252854812398045,859.3258426966293,4.599250936329588,522.6492537313433,1070,22.0,0.020146520146520148,681.390438247012,1.330677290836653,324.6774193548387,499,3.0,0.00597609561752988,1024.4736842105262,3.576102418207681,724.7457627118644,1411,10.0,0.007037297677691766,590.6506493506494,2.6662337662337663,403.8551099611902,1543,9.0,0.005798969072164949,1366.92673992674,3.978021978021978,1361.098901098901,546,7.0,0.012658227848101266,673.6912751677852,2.1073825503355703,851.2751677852349,298,2.0,0.006666666666666667,664.3062200956938,3.631578947368421,771.7985611510792,835,10.0,0.011834319526627219,1344.393617021277,10.812056737588652,1126.3195691202873,1121,23.0,0.020104895104895104,431.9341563786009,3.088477366255144,528.5,966,8.0,0.008213552361396304,495.5344418052256,0.8040380047505938,399.33962264150944,1690,7.0,0.0041249263406010605,460.8579117330463,3.14962325080732,476.1290322580645,1859,15.0,0.0080042689434365,1653.8874734607218,9.671974522292992,2468.320693391116,1865,73.0,0.037667698658410735,1921.715909090909,7.941558441558442,1179.7415185783525,1235,13.0,0.010416666666666666,625.0911949685535,1.018867924528302,558.3596214511041,635,3.0,0.004702194357366771,976.9278996865204,4.786833855799373,542.4375,639,6.0,0.009302325581395349,1527.4825174825176,12.227272727272728,1593.5664335664335,572,9.0,0.01549053356282272,385.2026221692491,1.9713945172824792,401.1611374407583,1683,13.0,0.0076650943396226415,219.1536748329621,1.66369710467706,277.25055432372505,900,2.0,0.0022172949002217295,364.5921658986175,2.0599078341013826,353.86206896551727,1738,16.0,0.009122006841505131,494.1025641025641,1.9444444444444444,261.7130620985011,935,8.0,0.008483563096500531,486.82828282828285,1.941919191919192,356.25,796,14.0,0.01728395061728395,1126.429347826087,2.6331521739130435,258.5869565217391,736,17.0,0.02257636122177955,722.181592039801,2.3582089552238807,363.7139303482587,804,6.0,0.007407407407407408,624.1392649903288,2.8684719535783367,525.1162790697674,1033,6.0,0.005774783445620789,378.59778597785976,1.6346863468634687,428.1918819188192,542,1.0,0.001841620626151013,767.8867313915857,2.093851132686084,477.0873786407767,618,21.0,0.03286384976525822,398.6439393939394,1.7992424242424243,186.56603773584905,529,5.0,0.009363295880149813,664.7793594306049,0.6370106761565836,461.8505338078292,562,5.0,0.008818342151675485,255.218487394958,1.2492997198879552,204.11944444444444,717,6.0,0.008298755186721992,613.1914893617021,3.198581560283688,578.7234042553191,564,2.0,0.0035335689045936395,615.9055118110236,2.25984251968504,586.5274151436031,764,1.0,0.00130718954248366
240,202408,28,544.843373493976,7.371084337349398,440.62953995157386,828,7.0,0.008383233532934131,511.7921052631579,2.0657894736842106,418.4224364592463,2281,16.0,0.006965607313887679,296.69182389937106,2.089622641509434,335.8675078864353,1270,6.0,0.004702194357366771,386.7625899280576,3.692446043165468,305.750452079566,1109,22.0,0.019451812555260833,1035.9108527131782,8.027131782945736,1092.7413127413126,517,8.0,0.015238095238095238,754.6549789621318,2.5820476858345023,483.055162659123,1420,12.0,0.008379888268156424,497.0615384615385,2.58974358974359,422.46153846153845,1560,6.0,0.0038314176245210726,410.7879858657244,3.76678445229682,436.5957446808511,565,5.0,0.008771929824561403,607.547770700637,2.0127388535031847,664.203821656051,314,1.0,0.0031746031746031746,859.7647058823529,3.550588235294118,664.8,850,10.0,0.011627906976744186,555.4195804195804,2.281468531468532,434.5549738219895,1145,14.0,0.012079378774805867,644.4434306569343,3.3284671532846715,1000.3314917127072,1091,10.0,0.009082652134423252,489.7092614302462,0.9906213364595544,485.8519388954172,1704,5.0,0.002925687536571094,577.1447638603696,3.879876796714579,733.9649845520082,1945,17.0,0.008664627930682976,840.0010626992561,2.066950053134963,742.9614181438999,1900,41.0,0.0211231324059763,1098.8880126182964,4.471608832807571,744.1324921135647,1268,8.0,0.006269592476489028,814.175,4.69375,911.7391304347826,642,6.0,0.009259259259259259,450.8411214953271,1.766355140186916,655.5140186915888,642,4.0,0.006191950464396285,450.45238095238096,3.615646258503401,543.082191780822,586,6.0,0.010135135135135136,373.7762237762238,2.1503496503496504,396.8531468531468,1716,8.0,0.004640371229698376,317.2549019607843,2.0,255.7826086956522,919,3.0,0.0032537960954446853,233.8706015891033,2.118047673098752,365.96610169491527,1766,19.0,0.010644257703081233,211.625,1.6083333333333334,223.875,960,6.0,0.006211180124223602,356.4341463414634,2.44390243902439,543.3022113022113,817,22.0,0.026221692491060787,508.5117493472585,2.608355091383812,569.53125,767,17.0,0.021683673469387755,695.7122302158274,1.7386091127098322,572.6746987951807,832,10.0,0.011876484560570071,652.2546816479401,3.337078651685393,799.3656716417911,1070,2.0,0.0018656716417910447,428.4782608695652,1.9782608695652173,440.0,552,1.0,0.0018083182640144665,670.7888198757764,2.841614906832298,407.77777777777777,646,13.0,0.019726858877086494,621.6507352941177,2.025735294117647,280.0738007380074,543,6.0,0.01092896174863388,757.6689655172414,5.244827586206896,722.6896551724138,580,5.0,0.008547008547008548,319.95652173913044,1.328804347826087,283.69565217391306,736,10.0,0.013404825737265416,839.7864768683274,4.608540925266904,725.7651245551601,562,5.0,0.008818342151675485,1286.1818181818182,10.581818181818182,1106.71875,769,3.0,0.0038860103626943004
241,202408,29,1704.3752913752917,5.489510489510489,1078.479262672811,863,40.0,0.044296788482835,1443.00624024961,3.047581903276131,1106.1011673151752,2567,21.0,0.00811437403400309,1049.4660691421254,3.24583866837388,949.2307692307692,1561,17.0,0.010773130544993664,2186.846846846847,12.792792792792794,1535.42600896861,1335,30.0,0.02197802197802198,1377.9137380191694,1.8146964856230032,938.1290322580644,623,12.0,0.01889763779527559,1503.156368221942,2.392181588902901,976.2878787878788,1585,63.0,0.03822815533980582,912.3024618991792,2.8053927315357563,847.4738067520373,1712,18.0,0.010404624277456647,3054.483146067416,5.191011235955056,2353.5652173913045,701,78.0,0.10012836970474968,1020.7682119205298,3.3642384105960264,717.9865771812081,300,7.0,0.02280130293159609,3449.4656488549617,10.251908396946565,2111.4074074074074,798,177.0,0.18153846153846154,1543.328244274809,7.32824427480916,1403.9816232771825,1308,31.0,0.02315160567587752,1286.3796711509715,3.4050822122571,1862.1556886227545,1337,33.0,0.02408759124087591,1083.9183673469388,1.4642857142857142,946.469387755102,1960,33.0,0.01655795283492223,1182.1354166666667,5.21780303030303,980.2959472196042,2117,24.0,0.011209715086408221,1727.3834101382488,5.957603686635944,1278.2003710575138,2163,48.0,0.021709633649932156,1658.135359116022,3.0593922651933703,1318.2644628099174,1450,74.0,0.048556430446194225,1946.4411764705883,12.31764705882353,2864.733727810651,678,16.0,0.023054755043227664,1164.3654822335025,1.631979695431472,953.521850899743,783,9.0,0.011363636363636364,1195.6647398843932,3.46242774566474,911.7241379310344,694,14.0,0.01977401129943503,905.4217616580312,2.483937823834197,527.3326467559217,1936,23.0,0.01174068402246044,983.5826086956522,2.3860869565217397,954.6875,1151,5.0,0.004325259515570935,971.4399205561072,2.4339622641509435,801.4115308151094,2013,30.0,0.014684287812041116,644.360594795539,1.7304832713754648,543.1111111111111,1078,3.0,0.0027752081406105457,1208.810590631365,2.934826883910387,769.5491803278688,979,25.0,0.0249003984063745,1324.1681614349775,2.217488789237668,1013.8427947598252,904,58.0,0.060291060291060294,1204.7759336099584,4.595435684647303,1094.8440748440748,963,21.0,0.021341463414634148,1526.269113149847,4.282874617737003,1414.2194744976816,1301,40.0,0.02982848620432513,2231.3245033112585,11.264900662251655,1944.4299674267104,609,30.0,0.046948356807511735,2930.5245398773004,26.401840490797547,3769.245283018868,644,175.0,0.21367521367521367,1211.96261682243,2.616822429906542,777.0,641,10.0,0.015360983102918587,1846.2932960893852,10.868715083798882,1923.229461756374,711,15.0,0.02066115702479339,314.21227621483376,1.5012787723785166,225.11508951406648,782,12.0,0.015113350125944584,1761.4134275618374,6.823321554770318,1012.0996441281138,564,9.0,0.015706806282722512,1261.283422459893,8.585561497326204,915.6032171581768,747,33.0,0.04230769230769231
242,202408,30,1299.3146853146852,3.869463869463869,1154.8761467889908,865,26.0,0.029180695847362513,1590.50390625,3.1140625,1582.59375,2560,32.0,0.012345679012345678,1277.5542784163474,3.203065134099617,1176.6283524904215,1566,18.0,0.011363636363636364,880.2484472049689,3.625776397515528,840.0918836140888,1297,21.0,0.015933232169954476,1190.7072368421052,1.3519736842105263,988.6363636363636,612,10.0,0.01607717041800643,1339.479797979798,2.337121212121212,1172.953692115144,1591,39.0,0.02392638036809816,1044.3157894736842,2.12280701754386,721.3364595545135,1708,29.0,0.01669545192861255,1504.680790960452,3.864406779661017,1285.5525606469002,725,40.0,0.05228758169934641,942.5096774193548,1.167741935483871,798.8235294117648,308,5.0,0.01597444089456869,1848.310657596372,4.00453514739229,1935.3103448275865,876,70.0,0.07399577167019028,1104.0179910044978,2.898050974512744,1301.9461077844312,1335,26.0,0.019103600293901544,4177.920127795527,21.437699680511184,3447.062937062937,1198,236.0,0.16457461645746166,1526.3709677419354,6.148185483870968,1345.6369107321966,1989,30.0,0.014858841010401188,827.3568738229756,3.530131826741996,813.9876777251185,2117,18.0,0.008430913348946136,1944.992551210428,3.481378026070764,1952.1626617375232,2156,53.0,0.02399275690357628,1520.635245901639,2.337431693989071,1462.2717391304348,1468,35.0,0.023286759813705923,1146.208092485549,3.043352601156069,1320.8695652173913,691,18.0,0.02538787023977433,1306.6666666666667,2.2842377260981914,1566.7519181585678,778,17.0,0.021383647798742137,1135.240793201133,6.101983002832861,1083.6974789915969,710,5.0,0.006993006993006993,1090.2285418821095,4.034126163391933,897.1933471933472,1929,25.0,0.0127942681678608,2696.896551724138,2.396551724137931,2215.304347826087,1155,27.0,0.02284263959390863,1036.7786561264822,2.0069169960474307,1078.810703666997,2021,34.0,0.01654501216545012,699.5955882352941,1.744485294117647,771.8081180811809,1086,3.0,0.0027548209366391185,1247.0,3.0284552845528454,1341.1693548387098,988,28.0,0.027559055118110236,1829.3935483870969,2.825806451612903,1174.9464668094215,932,32.0,0.03319502074688797,1083.781893004115,2.403292181069959,977.9381443298968,971,19.0,0.01919191919191919,1415.189552238806,2.849253731343284,1130.251107828656,1347,41.0,0.029538904899135448,1144.2443729903537,2.987138263665595,1235.032258064516,621,17.0,0.02664576802507837,3046.123595505618,7.179775280898877,2735.041322314049,719,82.0,0.10237203495630462,1166.2264150943397,2.742138364779874,1103.73417721519,634,10.0,0.015527950310559006,1240.0760869565215,3.1385869565217392,1118.804347826087,736,19.0,0.025165562913907286,763.2632850241546,2.555555555555556,595.8768115942029,828,10.0,0.011933174224343675,2133.617021276596,2.9432624113475176,2264.0425531914893,564,7.0,0.012259194395796848,1041.157894736842,1.976315789473684,941.7322834645668,761,18.0,0.023106546854942234
243,202408,31,759.1243386243386,4.026455026455026,835.4716981132076,749,9.0,0.011873350923482849,971.078756476684,2.63419689119171,929.2561983471074,1933,15.0,0.0077002053388090345,670.190800681431,3.3304940374787053,627.6530612244898,1175,10.0,0.008438818565400843,528.2758620689655,3.4195402298850577,471.73996175908223,1045,8.0,0.007597340930674264,732.9366197183099,1.2992957746478873,670.6761565836299,565,8.0,0.013961605584642234,883.3172628304822,2.668740279937792,552.2429906542056,1285,15.0,0.011538461538461539,514.9539748953974,1.7545327754532776,526.0055865921788,1433,3.0,0.0020891364902506965,1010.6071428571428,4.775,900.6428571428571,560,10.0,0.017543859649122806,537.4081632653061,2.2108843537414966,951.3698630136986,293,0.0,0.0,1015.6772334293948,4.916426512968299,757.0588235294117,687,21.0,0.029661016949152543,702.543352601156,2.5587668593448942,792.0458891013384,1042,13.0,0.012322274881516588,1616.543010752688,4.341397849462366,1549.9528301886792,796,119.0,0.13005464480874318,513.384030418251,1.405576679340938,664.4810126582279,1579,10.0,0.0062932662051604785,456.478021978022,2.424175824175824,623.0769230769231,1820,16.0,0.008714596949891068,914.2374020156776,1.395296752519597,765.586592178771,1788,16.0,0.008869179600886918,662.4830508474577,2.623728813559322,574.1538461538462,1175,18.0,0.015088013411567477,681.344512195122,2.801829268292683,964.5592705167172,657,4.0,0.006051437216338881,746.1363636363636,2.2803030303030303,601.3688212927757,527,9.0,0.016791044776119403,618.24,3.02,732.5806451612904,498,5.0,0.009940357852882704,389.3129770992367,2.241730279898219,486.7008985879333,1565,9.0,0.005717916137229987,686.7164179104477,1.9054726368159205,764.3672456575682,805,9.0,0.011056511056511056,514.5077720207254,2.1088082901554404,621.924577373212,1541,8.0,0.005164622336991607,446.6814159292035,1.2566371681415929,354.1496598639456,893,6.0,0.006674082313681869,792.8539325842696,2.3876404494382024,762.9517045454545,708,14.0,0.019390581717451522,847.2622478386168,3.7319884726224783,1077.0348837209303,691,18.0,0.02538787023977433,929.4699140401146,2.1862464183381087,747.7840909090909,701,7.0,0.009887005649717515,577.3825042881647,1.5145797598627788,709.0909090909091,1155,18.0,0.015345268542199489,814.08,3.776,1225.0602409638554,499,3.0,0.00597609561752988,1022.2733333333332,4.3566666666666665,1656.7549668874171,602,6.0,0.009868421052631578,539.2561983471074,2.06198347107438,653.0864197530864,485,0.0,0.0,663.2659574468086,1.5780141843971631,708.1720430107526,561,9.0,0.015789473684210527,587.1083333333333,1.6888888888888889,470.8333333333333,720,3.0,0.004149377593360996,1071.003663003663,4.725274725274725,1151.2915129151293,544,1.0,0.001834862385321101,636.6102362204724,2.141732283464567,382.5882352941176,509,2.0,0.003913894324853229
244,202409,1,573.8064516129032,2.7121588089330024,580.7407407407408,808,8.0,0.00980392156862745,994.6107732406604,3.689834926151173,1044.3864229765013,2300,16.0,0.0069084628670120895,555.2279293739967,3.014446227929374,409.8076923076923,1247,10.0,0.007955449482895784,599.4442477876106,2.874336283185841,429.7090909090909,1115,3.0,0.0026833631484794273,1018.7896825396824,1.1547619047619049,940.0790513833992,505,9.0,0.017509727626459144,740.4360465116279,2.7238372093023258,755.9298245614035,1372,17.0,0.012239020878329733,397.76115485564304,1.578740157480315,468.77470355731225,1521,3.0,0.001968503937007874,1101.1793103448276,5.524137931034483,692.054794520548,582,6.0,0.01020408163265306,292.31468531468533,0.93006993006993,274.9577464788732,285,3.0,0.010416666666666666,1215.544794188862,4.0024213075060535,832.1052631578947,831,21.0,0.02464788732394366,1088.395683453237,3.473021582733813,1261.5300546448088,1105,14.0,0.012511170688114389,2788.001773049645,9.863475177304965,3003.3457249070634,1102,162.0,0.1281645569620253,618.4382871536524,1.482367758186398,395.9697732997481,1588,15.0,0.009357454772301934,340.65778251599147,2.886993603411514,491.45569620253167,1886,11.0,0.005798629414865577,768.9005128205129,2.18974358974359,721.0440122824974,1952,14.0,0.007121057985757884,827.3933649289099,1.976303317535545,725.039619651347,1264,12.0,0.009404388714733543,1488.7003058103976,9.868501529051988,1877.636363636364,657,11.0,0.016467065868263474,973.5153583617748,2.511945392491468,815.8762886597938,584,6.0,0.010169491525423728,817.9166666666666,4.045138888888889,464.4827586206897,578,5.0,0.008576329331046312,494.004914004914,2.135135135135135,333.5531135531136,1633,10.0,0.006086427267194157,347.4846625766871,1.6237218813905931,430.2647657841141,980,8.0,0.008097165991902834,370.9288299155609,2.106151990349819,343.95180722891564,1659,6.0,0.0036036036036036037,377.9340659340659,1.4725274725274726,449.3562231759657,921,5.0,0.005399568034557235,1946.768115942029,12.557971014492754,1721.1140776699028,826,19.0,0.022485207100591716,686.6725888324873,2.078680203045685,594.8704663212435,780,14.0,0.017632241813602016,851.8205128205128,1.858974358974359,407.04370179948586,779,6.0,0.007643312101910828,809.9910071942446,1.960431654676259,690.7368421052631,1126,24.0,0.020869565217391306,578.3898305084746,1.6652542372881356,662.2689075630252,474,2.0,0.004201680672268907,1642.8407643312105,10.828025477707008,1211.410094637224,631,35.0,0.052552552552552555,470.6976744186047,2.065891472868217,337.2972972972973,517,2.0,0.0038535645472061657,972.0254777070064,5.092356687898089,1155.7993730407522,633,1.0,0.0015772870662460567,481.1754385964912,1.5555555555555556,346.05882352941177,682,12.0,0.01729106628242075,1609.7052631578947,5.11578947368421,1244.6853146853148,571,3.0,0.005226480836236934,665.9824046920821,2.9824046920821115,614.868804664723,684,9.0,0.012987012987012988
245,202409,2,3576.549636803874,21.5544794188862,2605.1941747572814,825,61.0,0.06884875846501129,1052.4408352668213,3.2730085073472543,1031.6075851393189,2585,11.0,0.00423728813559322,887.9234693877551,1.9451530612244896,719.080459770115,1567,13.0,0.008227848101265823,799.4743975903615,3.3930722891566263,558.7330316742082,1327,4.0,0.003005259203606311,806.4651162790698,3.219269102990033,1081.3861386138617,604,5.0,0.008210180623973728,767.1051314142678,2.972465581977472,635.7881462799496,1592,19.0,0.011793916821849782,565.0389150943396,3.606132075471698,456.4084507042253,1700,3.0,0.0017615971814445098,1017.519174041298,4.775811209439528,571.8918918918919,672,11.0,0.016105417276720352,514.3379310344827,1.5586206896551724,417.9020979020979,288,2.0,0.006896551724137931,626.8314606741573,4.7797752808988765,576.4044943820224,890,14.0,0.015486725663716814,646.4133738601823,2.141337386018237,540.7272727272727,1318,8.0,0.006033182503770739,1134.1954545454546,5.210606060606061,1265.6637168141592,1338,48.0,0.03463203463203463,658.3561643835617,2.773445732349842,658.6046511627907,1895,6.0,0.003156233561283535,596.1981132075472,3.2245283018867923,725.59849198869,2121,10.0,0.004692632566870014,949.084392014519,2.044464609800363,854.7952684258416,2201,23.0,0.010341726618705036,1138.641586867305,1.7031463748290014,989.876880984952,1462,20.0,0.01349527665317139,858.6034482758621,2.71264367816092,744.0687679083095,697,3.0,0.004285714285714286,941.2886597938144,2.7603092783505154,948.3419689119172,774,7.0,0.008962868117797696,416.3342618384401,2.551532033426184,818.7150837988827,717,4.0,0.005547850208044383,852.5706860706861,1.978170478170478,781.9334719334719,1924,16.0,0.008247422680412371,798.4615384615385,1.964102564102564,831.7766497461929,1176,5.0,0.004233700254022015,693.0177514792899,2.1814595660749507,741.301775147929,2028,16.0,0.007827788649706457,540.6754221388368,1.8311444652908069,600.3364485981308,1068,6.0,0.00558659217877095,573.0800821355236,2.242299794661191,712.3140495867768,971,10.0,0.010193679918450561,707.2306034482758,1.8685344827586208,454.1935483870968,929,9.0,0.009594882729211088,696.9139344262295,1.397540983606557,671.1659836065573,976,7.0,0.007121057985757884,670.5931445603577,2.92548435171386,792.876304023845,1342,19.0,0.013960323291697281,298.81410256410254,1.4423076923076923,351.31832797427654,623,4.0,0.006379585326953748,796.3449197860963,2.462566844919786,931.2972972972972,744,11.0,0.01456953642384106,990.5696202531644,3.974683544303797,1115.846645367412,629,3.0,0.004746835443037975,1213.1216216216217,2.191891891891892,1125.967741935484,742,1.0,0.0013458950201884253,739.5,1.3638743455497382,531.25,766,11.0,0.014157014157014158,574.5583038869258,2.049469964664311,449.5774647887324,567,1.0,0.0017605633802816902,525.3307493540052,5.677002583979328,410.6005221932115,770,1.0,0.0012970168612191958
246,202409,3,604.4809523809524,6.214285714285714,819.0930787589499,839,9.0,0.01061320754716981,765.1056338028169,3.704225352112676,723.4513274336283,2266,11.0,0.004830917874396135,456.9937106918239,1.8411949685534592,433.1545741324921,1270,7.0,0.00548159749412686,530.8455882352941,3.647058823529412,338.6346863468635,1086,4.0,0.003669724770642202,1126.4015444015445,8.517374517374517,1303.7837837837835,518,8.0,0.015209125475285171,444.02367688022287,1.9456824512534816,677.8870523415978,1444,11.0,0.007560137457044674,479.484251968504,2.5551181102362204,535.4390563564875,1525,4.0,0.002616088947024199,895.2772585669782,4.11214953271028,490.030959752322,644,7.0,0.010752688172043012,757.7910447761194,1.0298507462686568,596.390977443609,267,4.0,0.014760147601476014,429.9539170506913,3.4331797235023043,476.2844036697248,870,6.0,0.00684931506849315,329.948006932409,2.2409012131715773,295.3765323992995,1148,2.0,0.0017391304347826088,567.896875,3.4546875,458.5647425897036,1281,7.0,0.005434782608695652,373.10885167464113,1.6973684210526316,305.75539568345323,1670,0.0,0.0,356.1846318036286,2.504802561366062,444.9733191035219,1874,13.0,0.00688924218335983,545.1611001964636,1.969548133595285,632.9676787463271,2039,25.0,0.012112403100775194,624.0956112852665,1.8244514106583072,633.1259720062209,1281,7.0,0.005434782608695652,420.8837920489297,3.336391437308869,370.6422018348624,654,5.0,0.007587253414264037,539.4461538461538,3.1507692307692308,385.9509202453988,651,3.0,0.0045871559633027525,173.53535353535352,3.589225589225589,245.0335570469799,595,0.0,0.0,514.3495260663507,4.428909952606635,473.6729857819905,1688,13.0,0.007642563198118754,318.4313725490196,2.1982570806100217,469.84815618221256,920,7.0,0.007551240560949299,342.9357798165138,1.94151376146789,406.5517241379311,1742,14.0,0.007972665148063782,319.17391304347825,2.0391304347826087,451.3043478260869,920,8.0,0.008620689655172414,371.3937198067633,1.7608695652173914,521.4492753623189,828,2.0,0.0024096385542168677,526.2595419847328,3.865139949109415,295.3727506426735,782,7.0,0.008871989860583017,355.7193396226415,1.3797169811320755,509.2924528301887,848,2.0,0.002352941176470588,481.0839416058394,1.954379562043796,516.3302752293578,1093,4.0,0.0036463081130355514,250.32967032967036,1.9047619047619049,316.7032967032967,546,0.0,0.0,444.5,2.2904191616766467,394.1317365269461,668,5.0,0.007429420505200594,388.0,1.5518518518518518,427.5,542,6.0,0.010948905109489052,781.2913907284768,1.5364238410596027,1092.317880794702,604,7.0,0.011456628477905073,613.3858695652174,1.2554347826086956,532.3369565217391,736,4.0,0.005405405405405406,412.9787234042553,2.847517730496454,481.2765957446808,564,9.0,0.015706806282722512,742.6771653543307,1.8871391076115485,624.1884816753927,763,3.0,0.0039164490861618795
247,202409,4,275.35766423357666,2.9221411192214117,330.5882352941176,819,3.0,0.0036496350364963502,553.397504456328,3.228163992869875,445.38461538461536,2240,8.0,0.0035587188612099642,355.5529595015576,1.8831775700934577,329.1107644305772,1283,7.0,0.005426356589147287,427.9775280898877,3.691011235955056,282.3062381852552,1063,1.0,0.0009398496240601503,1247.534693877551,11.66530612244898,1167.8600823045267,488,4.0,0.008130081300813009,373.53996983408746,1.8733031674208145,440.5120481927711,1327,6.0,0.00450112528132033,1003.6415343915344,5.252645502645502,952.3708609271524,1511,12.0,0.007879185817465528,657.7374100719425,3.2482014388489207,351.24087591240874,552,6.0,0.010752688172043012,744.7919463087248,1.1946308724832215,621.5302013422819,298,0.0,0.0,546.7951807228916,3.5325301204819275,332.74038461538464,831,5.0,0.005980861244019139,486.8783068783069,3.800705467372134,466.3732394366197,1135,16.0,0.013900955690703735,520.7266055045872,4.179816513761468,728.6813186813187,1091,8.0,0.007279344858962694,392.8867235079172,1.074299634591961,328.6029411764706,1637,2.0,0.0012202562538133007,810.1487603305785,7.574380165289257,743.8397104446742,1935,8.0,0.004117344312918168,354.02169421487605,1.996900826446281,511.6016427104723,1942,16.0,0.008171603677221655,461.3283582089553,1.714759535655058,343.9072847682119,1207,7.0,0.005766062602965404,394.4966216216216,2.972972972972973,639.5409836065573,601,5.0,0.00825082508250825,357.9375,3.234375,370.2803738317757,641,4.0,0.006201550387596899,421.006711409396,4.449664429530201,679.1919191919192,595,0.0,0.0,595.0518072289157,2.103614457831325,497.5150784077201,1659,14.0,0.008368200836820083,345.6152125279642,1.639821029082774,395.011135857461,896,3.0,0.0033370411568409346,598.5314685314685,3.009324009324009,546.1466821885914,1717,6.0,0.003482298316889147,472.8051391862955,2.1605995717344757,439.8272138228942,930,3.0,0.003215434083601286,421.0148148148148,2.338271604938272,262.1287128712871,809,13.0,0.015815085158150853,562.6385224274406,2.0870712401055407,275.87301587301585,757,18.0,0.023225806451612905,484.6980676328503,1.5458937198067633,465.2912621359224,826,6.0,0.007211538461538462,480.6753507014028,4.472945891783567,567.030303030303,994,8.0,0.007984031936127744,352.5563909774436,2.030075187969925,554.0520446096655,535,1.0,0.0018656716417910447,377.78164556962025,2.1550632911392404,293.98119122257054,635,4.0,0.006259780907668232,634.6768060836501,2.3840304182509504,458.9312977099237,525,2.0,0.003795066413662239,453.9724409448819,3.251968503937008,543.9688715953307,511,2.0,0.003898635477582846,553.5412087912088,1.2857142857142858,485.18956043956047,728,1.0,0.0013717421124828531,322.30483271375465,2.5390334572490705,325.7761732851986,546,3.0,0.00546448087431694,275.6842105263158,2.028947368421053,320.8421052631579,760,2.0,0.0026246719160104987
248,202409,5,395.629290617849,4.032036613272311,593.6986301369863,875,14.0,0.015748031496062992,626.9611964430072,3.3209377526273243,544.2787682333874,2471,11.0,0.004431909750201451,618.4089743589743,2.4474358974358976,751.7692307692307,1560,9.0,0.0057361376673040155,924.5868465430016,3.839797639123103,621.8635607321131,1194,2.0,0.0016722408026755853,718.1134020618557,4.941580756013746,427.2664359861592,580,4.0,0.00684931506849315,424.8529411764706,2.03475935828877,492.0,1493,8.0,0.005329780146568954,515.3900364520049,2.0413122721749697,441.9300361881785,1652,23.0,0.01373134328358209,727.0333333333333,4.783333333333333,326.8508287292818,722,5.0,0.0068775790921595595,313.2043795620438,1.7883211678832116,277.27272727272725,269,7.0,0.025362318840579712,323.8073394495413,3.5711009174311927,390.4147465437788,870,2.0,0.0022935779816513763,665.5535168195719,3.6422018348623855,689.6992366412213,1309,11.0,0.008333333333333333,416.4475409836065,4.2901639344262295,531.2887438825448,1223,3.0,0.0024469820554649264,344.9656750572082,1.2643020594965677,314.0045766590389,1748,10.0,0.005688282138794084,560.5,3.2942857142857145,557.9296577946768,2102,9.0,0.004263382283278067,872.5768518518519,1.9148148148148147,863.7132352941177,2168,21.0,0.009593421653723162,729.5078014184397,1.9390070921985816,696.0056899004268,1408,9.0,0.006351446718419196,601.7730061349694,1.7239263803680982,816.0736196319018,652,6.0,0.00911854103343465,559.2631578947369,3.544736842105263,431.32978723404256,756,1.0,0.001321003963011889,474.11304347826086,4.057971014492754,613.2173913043479,690,0.0,0.0,397.7801494130203,2.159018143009605,582.3379383634432,1878,16.0,0.008447729672650475,285.2083333333333,1.2638888888888888,345.4166666666667,1152,8.0,0.006896551724137931,519.4647599591419,3.0163432073544434,505.7755102040816,1959,25.0,0.012600806451612902,632.6946107784431,1.467065868263473,542.4144869215291,998,10.0,0.00992063492063492,436.3099787685775,1.634819532908705,508.78464818763325,940,8.0,0.008438818565400843,509.0829694323144,2.1004366812227078,463.6244541484716,916,20.0,0.021367521367521368,627.6128364389234,1.9544513457556936,450.0,965,3.0,0.0030991735537190084,1161.9654088050315,9.90566037735849,742.5949367088608,1268,14.0,0.0109204368174727,369.8084415584416,3.321428571428572,458.8235294117647,614,0.0,0.0,408.6931818181818,2.4744318181818183,307.41379310344826,700,3.0,0.004267425320056899,558.1758957654723,2.0749185667752443,513.8961038961039,615,3.0,0.0048543689320388345,454.1171428571429,2.685714285714285,483.4188034188034,701,2.0,0.002844950213371266,354.7972972972973,1.4891891891891893,274.6341463414634,739,3.0,0.004043126684636119,420.625,2.704861111111111,186.41379310344828,578,6.0,0.010273972602739725,330.15706806282725,1.6780104712041886,377.7952755905512,763,8.0,0.010376134889753566
249,202409,6,455.1681818181818,3.611363636363636,577.9591836734694,881,4.0,0.004519774011299435,1018.0226720647772,6.107692307692307,900.2914979757085,2470,10.0,0.004032258064516129,523.1835686777921,2.607188703465982,571.2676056338029,1560,12.0,0.007633587786259542,513.2764505119454,3.831058020477816,476.0804020100503,1183,2.0,0.0016877637130801688,586.5034965034965,1.8776223776223775,498.8028169014085,570,5.0,0.008695652173913044,842.1415220293725,3.674232309746329,521.0146862483311,1498,5.0,0.00332667997338656,560.2669902912621,3.316747572815534,543.1386861313869,1646,27.0,0.016138673042438732,552.2314049586777,3.683195592286501,433.42541436464086,725,2.0,0.002751031636863824,747.9712230215828,0.8705035971223022,560.1428571428571,279,15.0,0.05102040816326531,683.3783783783783,5.301801801801802,537.9683972911964,887,6.0,0.006718924972004479,658.8957055214723,3.993865030674847,546.0458015267176,1307,10.0,0.007593014426727411,545.1948051948052,4.238095238095238,639.884892086331,1388,11.0,0.007862759113652609,341.8918918918919,1.3693693693693694,326.93602693602696,1779,3.0,0.0016835016835016834,451.43862987630826,2.340627973358706,591.8285714285714,2101,13.0,0.006149479659413435,1009.9972375690608,2.707182320441989,944.3790248390064,2173,19.0,0.008667883211678832,619.7071129707113,2.3779637377963736,536.1050420168067,1431,3.0,0.0020920502092050207,628.3791044776119,1.7223880597014924,523.6036036036036,668,4.0,0.005952380952380952,418.4251968503937,3.041994750656168,457.87012987012986,766,6.0,0.007772020725388601,710.7264957264957,3.262108262108262,600.7094017094017,702,3.0,0.00425531914893617,272.47058823529414,2.1272727272727274,572.6282051282051,1871,18.0,0.009528851244044468,365.7534246575343,1.6386986301369864,370.0344827586207,1164,8.0,0.006825938566552901,504.838056680162,1.8765182186234817,413.4012219959267,1970,23.0,0.01154039136979428,321.05263157894734,1.567251461988304,317.7240704500978,1024,3.0,0.0029211295034079843,514.3768421052631,2.32,533.3052631578947,950,7.0,0.0073145245559038665,586.2820512820513,2.5961538461538463,539.6145610278372,935,21.0,0.021966527196652718,720.9028925619834,4.667355371900826,504.7717842323651,966,3.0,0.0030959752321981426,628.0172143974961,2.6572769953051645,576.8867924528302,1275,2.0,0.0015661707126076742,342.4104234527687,1.5504885993485342,717.8501628664495,614,0.0,0.0,645.6991643454039,2.618384401114206,336.43454038997214,718,6.0,0.008287292817679558,467.84313725490193,2.5163398692810457,410.0,612,3.0,0.004878048780487805,447.2202898550725,2.165217391304348,526.5697674418604,689,1.0,0.0014492753623188406,388.9602122015915,1.453580901856764,258.1587301587302,755,13.0,0.016927083333333332,491.0801393728223,3.7386759581881535,282.3529411764706,576,6.0,0.010309278350515464,279.4240837696335,2.0654450261780104,294.96062992125985,763,4.0,0.005215123859191656
250,202409,7,385.0497382198953,6.693717277486911,446.6141732283464,763,3.0,0.0039164490861618795,663.8835555555555,2.864,606.0159716060338,2252,4.0,0.0017730496453900709,324.8825448613377,2.6476345840130504,396.7647058823529,1225,4.0,0.0032546786004882017,632.7810650887574,2.9881656804733727,318.5798816568048,1014,1.0,0.0009852216748768472,583.7554744525547,2.3503649635036497,381.2546125461255,545,0.0,0.0,417.55392156862746,2.738562091503268,312.1753246753247,1228,2.0,0.0016260162601626016,348.7116736990155,2.070323488045007,480.0848656294201,1418,8.0,0.005610098176718092,456.1212121212121,6.556818181818182,690.4545454545455,528,3.0,0.005649717514124294,903.3093525179856,1.39568345323741,627.3913043478261,277,9.0,0.03146853146853147,278.57142857142856,3.665714285714286,530.635838150289,696,5.0,0.007132667617689016,485.2075471698113,2.7150943396226417,570.9604519774011,1061,3.0,0.002819548872180451,722.5037453183521,3.3764044943820224,436.4661654135338,1066,7.0,0.0065237651444548,308.91472868217056,1.0361757105943152,365.3213367609255,1552,1.0,0.000643915003219575,503.387417218543,2.411699779249448,444.8344370860927,1812,8.0,0.004395604395604396,655.9385290889132,1.7288693743139407,822.9139072847682,1817,8.0,0.004383561643835616,391.4040066777963,1.984974958263773,301.4070351758794,1196,5.0,0.004163197335553705,532.2101910828026,1.5445859872611465,529.073482428115,627,3.0,0.004761904761904762,248.6013986013986,2.6923076923076925,536.1837455830389,569,5.0,0.008710801393728223,332.27091633466136,2.442231075697211,694.9003984063745,502,1.0,0.0019880715705765406,387.9441624365482,3.125634517766497,392.8787878787879,1580,7.0,0.004410838059231254,255.10688836104512,1.9121140142517812,258.1132075471698,845,3.0,0.003537735849056604,409.4162436548223,2.092639593908629,391.1054637865311,1575,4.0,0.00253324889170361,338.4931506849315,1.3538812785388128,363.4168564920273,877,3.0,0.003409090909090909,608.6314363143631,1.859078590785908,584.7567567567568,739,3.0,0.004043126684636119,532.4510869565217,1.7065217391304348,541.2972972972973,738,4.0,0.005390835579514825,459.3573407202216,1.4709141274238229,366.4819944598338,722,2.0,0.0027624309392265192,387.1967799642218,2.341681574239714,441.62544169611306,1125,3.0,0.0026595744680851063,335.57312252964425,2.300395256916996,448.2213438735178,506,2.0,0.003937007874015748,411.3455149501661,2.249169435215947,524.7019867549669,603,2.0,0.003305785123966942,308.67469879518075,2.2369477911646585,182.89156626506025,498,2.0,0.004,627.7912087912088,2.7362637362637363,550.7692307692307,546,4.0,0.007272727272727273,267.2103825136612,1.5628415300546448,391.3114754098361,732,0.0,0.0,1133.1365313653137,4.697416974169742,1024.0,541,1.0,0.0018450184501845018,1009.7805907172996,14.742616033755274,864.6610169491526,473,2.0,0.004210526315789474
251,202409,8,605.5945330296128,4.0136674259681095,514.1095890410959,877,5.0,0.005668934240362812,805.4509505703422,2.726235741444867,894.7368421052631,2626,14.0,0.005303030303030303,781.7049808429118,2.126436781609196,703.7131882202304,1564,18.0,0.011378002528445006,675.4078549848942,3.306646525679758,482.1296296296296,1310,7.0,0.005315110098709187,776.9804560260586,2.348534201954397,612.5806451612904,617,1.0,0.0016181229773462784,562.5012787723786,2.50383631713555,691.7329910141207,1561,6.0,0.0038289725590299937,1127.2853828306263,4.687935034802784,1013.448275862069,1732,16.0,0.009153318077803204,858.3739837398374,4.837398373983739,760.1078167115903,740,3.0,0.004037685060565276,700.3692307692307,0.5923076923076923,516.9230769230769,260,6.0,0.022556390977443608,344.93273542600895,2.663677130044843,385.1569506726457,892,2.0,0.0022371364653243847,506.46795827123697,2.663189269746647,622.8783382789318,1345,12.0,0.008843036109064112,651.3632478632478,4.282051282051282,776.8330955777461,1403,9.0,0.006373937677053824,541.6463414634146,1.804878048780488,495.47400611620793,1965,3.0,0.001524390243902439,401.3645735707592,2.909090909090909,543.2553788587464,2136,17.0,0.007895959126799815,815.4075436982521,1.6494940202391903,871.816513761468,2177,10.0,0.004572473708276178,846.0518806744487,2.1569390402075226,712.8984575835476,1549,8.0,0.005138086062941554,609.577380952381,1.860119047619048,445.6637168141593,675,2.0,0.0029542097488921715,559.3893129770993,2.608142493638677,590.5102040816327,785,3.0,0.0038071065989847717,485.59681697612734,4.06631299734748,535.0531914893617,753,3.0,0.003968253968253968,601.651376146789,3.2283384301732925,732.0491803278688,1957,11.0,0.005589430894308943,874.8099173553719,3.15702479338843,748.0132450331126,1209,5.0,0.004118616144975288,588.2111436950147,1.981427174975562,609.5906432748538,2049,14.0,0.0067862336403296175,440.69888475836433,1.496282527881041,384.5101663585952,1079,9.0,0.008272058823529412,656.1758893280632,1.7766798418972332,691.2415841584159,1011,6.0,0.0058997050147492625,665.4242424242424,1.8828282828282827,608.630303030303,990,10.0,0.01,557.3920792079208,1.502970297029703,459.1304347826087,1011,3.0,0.0029585798816568047,914.4850299401196,4.947604790419161,722.5263157894736,1333,3.0,0.002245508982035928,409.0196078431373,1.96078431372549,525.7328990228013,613,3.0,0.00487012987012987,486.1455525606469,2.371967654986523,597.1045576407507,744,9.0,0.01195219123505976,548.1733746130031,1.9411764705882355,541.8575851393189,646,7.0,0.010719754977029096,715.9008042895442,1.8230563002680968,783.6997319034853,746,0.0,0.0,467.1758241758242,1.6703296703296704,444.793388429752,727,7.0,0.009536784741144414,670.9090909090909,3.863636363636364,502.0833333333333,574,3.0,0.005199306759098787,325.1123595505618,1.9859550561797752,393.89830508474574,710,1.0,0.0014064697609001407
252,202409,9,357.1428571428572,2.435374149659864,394.1309255079007,884,7.0,0.007856341189674524,501.8547215496368,2.205811138014528,505.4311039484287,2480,11.0,0.004415897230028101,512.3236409608091,2.310998735777497,597.5696202531645,1581,9.0,0.005660377358490566,516.3924050632911,3.8987341772151898,346.3507109004739,1265,3.0,0.002365930599369085,556.6185567010309,2.2852233676975944,463.7113402061856,582,0.0,0.0,312.7080103359173,3.031007751937985,405.0387596899225,1548,2.0,0.0012903225806451613,654.1641266119578,4.105509964830012,637.9505300353356,1702,21.0,0.012188044109112013,673.972602739726,6.608219178082192,650.3804347826087,733,5.0,0.006775067750677507,931.978102189781,0.8686131386861314,1119.7058823529412,273,1.0,0.0036496350364963502,413.056768558952,3.75764192139738,257.98687089715537,915,5.0,0.005434782608695652,525.0453172205438,1.8126888217522656,627.1320182094082,1321,6.0,0.00452147701582517,608.9118065433855,3.554765291607397,757.3087818696883,1409,10.0,0.007047216349541931,353.619512195122,0.9658536585365852,393.0087633885102,2052,6.0,0.0029154518950437317,649.3019943019943,2.540360873694207,698.8973384030418,2105,14.0,0.0066068900424728644,610.4922797456858,1.7493188010899183,557.3066424021838,2200,24.0,0.01079136690647482,822.0051880674449,2.079118028534371,695.0456323337679,1538,5.0,0.0032404406999351912,931.532738095238,3.6041666666666665,1062.2686567164178,671,7.0,0.01032448377581121,623.1818181818181,2.851010101010101,533.856783919598,794,2.0,0.002512562814070352,421.6366197183099,4.185915492957746,563.5955056179776,711,4.0,0.005594405594405594,582.9545454545455,2.522727272727273,681.3264248704663,1933,15.0,0.0077002053388090345,483.8907849829352,1.8856655290102389,601.734693877551,1174,4.0,0.003395585738539898,556.0929772502473,1.880316518298714,529.2261904761905,2019,13.0,0.0063976377952755905,570.5780669144981,2.187732342007435,613.7777777777778,1078,4.0,0.0036968576709796672,568.5597609561753,1.7231075697211156,321.6,1002,4.0,0.003976143141153081,476.1212121212121,1.993939393939394,449.93939393939394,990,6.0,0.006024096385542169,477.16530612244895,1.610204081632653,845.7551020408164,980,3.0,0.003051881993896236,763.4233687405159,3.6327769347496206,550.0303951367781,1317,3.0,0.0022727272727272726,510.4823151125402,1.9614147909967845,670.3514376996806,624,2.0,0.003194888178913738,440.1008174386921,1.901907356948229,376.55737704918033,733,6.0,0.008119079837618403,274.746835443038,2.1202531645569622,249.1139240506329,632,0.0,0.0,812.2832861189802,5.7025495750708215,757.1830985915493,708,1.0,0.0014104372355430183,424.42148760330576,1.1542699724517906,314.29395604395603,727,6.0,0.008185538881309686,1096.767676767677,4.191919191919192,1067.0707070707072,594,0.0,0.0,424.7328244274809,3.3104325699745547,442.1212121212121,789,3.0,0.003787878787878788
253,202409,10,360.22836538461536,4.259615384615385,368.5301204819277,831,3.0,0.0035971223021582736,354.73298880275627,2.233419465977605,375.36206896551727,2321,7.0,0.003006872852233677,517.0137825421133,1.8284839203675345,548.3742331288344,1305,7.0,0.005335365853658537,364.6236559139785,3.216845878136201,273.5135135135135,1113,1.0,0.0008976660682226212,368.479674796748,1.532520325203252,145.3658536585366,492,1.0,0.002028397565922921,317.2052401746725,2.017467248908297,307.72793053545587,1378,1.0,0.0007251631617113851,667.8305084745763,2.8161668839634943,561.5404699738904,1533,8.0,0.005191434133679429,357.0187969924812,4.007518796992481,375.7414448669202,529,6.0,0.011214953271028037,328.0984848484849,0.9772727272727272,245.45454545454547,264,2.0,0.007518796992481203,258.9695550351288,3.4449648711943794,228.67132867132867,856,3.0,0.0034924330616996507,398.1428571428572,3.2392857142857143,362.3613595706619,1119,7.0,0.006216696269982238,279.6456400742115,3.064935064935065,319.8521256931608,1080,12.0,0.01098901098901099,317.199558985667,0.7618522601984564,247.53303964757708,1815,7.0,0.0038419319429198683,394.7247311827957,2.6053763440860216,491.4737967914439,1865,4.0,0.002140181915462814,398.0010298661174,1.7466529351184346,394.0641158221303,1938,12.0,0.006153846153846154,474.91114457831327,1.8147590361445785,528.0902255639098,1329,6.0,0.0044943820224719105,621.9245901639345,4.059016393442623,555.5409836065573,610,3.0,0.004893964110929853,447.3873873873874,2.846846846846846,281.8562874251497,667,1.0,0.0014970059880239522,202.07615894039736,4.539735099337748,375.4966887417218,604,2.0,0.0033003300330033004,391.9811320754717,2.418632075471698,422.1985815602837,1694,6.0,0.0035294117647058825,303.7086092715232,2.011037527593819,312.4503311258278,906,0.0,0.0,516.3468208092486,2.401156069364162,327.67630057803467,1730,7.0,0.004029936672423719,583.6915113871636,6.971014492753623,865.8921161825726,965,4.0,0.0041279669762641896,183.4244604316547,2.2326139088729016,251.60287081339712,835,3.0,0.003579952267303103,244.41176470588235,2.0392156862745097,221.36919315403424,817,24.0,0.028537455410225922,289.3557692307692,1.6754807692307692,353.36538461538464,832,8.0,0.009523809523809525,510.7881188118812,4.352475247524753,558.9285714285714,1009,5.0,0.004930966469428008,167.30769230769232,2.5346153846153845,287.81609195402297,521,0.0,0.0,514.0378548895899,2.1009463722397475,394.52830188679246,635,2.0,0.0031397174254317113,305.4339622641509,1.7547169811320755,297.7358490566038,530,2.0,0.0037593984962406013,279.67330677290835,2.4661354581673307,443.9043824701195,502,0.0,0.0,378.7277936962751,1.174785100286533,398.3381088825215,698,0.0,0.0,264.965034965035,4.010489510489511,495.7894736842105,571,3.0,0.005226480836236934,354.3367346938776,1.5076530612244898,296.7857142857143,784,1.0,0.0012738853503184713
254,202409,11,369.8698795180723,3.6867469879518073,224.8910411622276,828,11.0,0.013110846245530394,453.471551724138,3.593103448275862,402.54774305555554,2312,36.0,0.015332197614991482,419.7415902140673,2.2782874617737003,483.75,1310,13.0,0.009826152683295541,402.7191413237925,4.094812164579606,302.0320855614973,1120,2.0,0.0017825311942959,265.208,2.56,158.46774193548387,498,2.0,0.004,286.45821325648416,2.112391930835735,273.09143686502176,1383,11.0,0.007890961262553802,717.9291237113403,4.872422680412371,735.1358344113842,1549,12.0,0.007687379884689302,466.35687732342006,3.342007434944238,372.0446096654275,538,10.0,0.01824817518248175,620.0357142857143,1.7214285714285715,614.5714285714286,280,4.0,0.014084507042253521,602.8436018957347,4.680094786729858,259.9524940617577,843,13.0,0.015186915887850467,1159.6529284164858,2.932754880694143,483.9506172839506,947,224.0,0.19128949615713065,376.4762773722628,3.4854014598540144,317.8228782287823,1090,24.0,0.02154398563734291,279.22822491730983,1.2590959206174202,475.832414553473,1814,19.0,0.010365521003818877,498.7783505154639,5.45979381443299,496.73553719008265,1938,14.0,0.007172131147540984,469.8026721479959,1.7708119218910583,447.85276073619633,1951,22.0,0.011150532184490624,538.369696969697,2.265151515151515,589.7737556561086,1323,4.0,0.003014318010550113,406.317880794702,4.172185430463577,822.4584717607974,603,8.0,0.01309328968903437,415.7926829268293,3.289634146341464,689.2727272727273,658,8.0,0.012012012012012012,351.9078947368421,3.717105263157895,356.03960396039605,607,4.0,0.006546644844517185,450.0352526439483,1.890716803760282,659.2244418331375,1702,20.0,0.011614401858304297,3568.195991091314,2.4810690423162582,2284.151785714286,897,14.0,0.015367727771679473,672.6206896551724,3.108045977011494,819.8388952819332,1739,34.0,0.019176536943034405,651.75826446281,3.307851239669421,762.7329192546584,967,9.0,0.009221311475409836,190.39007092198585,2.7777777777777777,322.07547169811323,847,16.0,0.01853997682502897,254.27184466019415,2.3300970873786406,481.0243902439024,822,29.0,0.03407755581668625,443.77830188679246,1.7429245283018868,399.1981132075472,848,3.0,0.0035252643948296123,361.58565737051794,2.444223107569721,320.7554671968191,1005,9.0,0.008875739644970414,384.4367816091954,3.1340996168582373,318.3011583011583,520,2.0,0.0038314176245210726,205.6761006289308,2.880503144654088,324.22712933753945,635,11.0,0.017027863777089782,434.0,1.8333333333333333,443.1111111111111,540,8.0,0.014598540145985401,408.26171875,2.5859375,912.0472440944882,510,3.0,0.005847953216374269,450.6875,1.0028409090909092,220.9090909090909,704,12.0,0.01675977653631285,307.208480565371,3.0848056537102475,391.8021201413428,566,3.0,0.005272407732864675,238.77237851662403,1.9820971867007675,352.78772378516624,782,2.0,0.002551020408163265
255,202409,12,616.8868778280543,2.794117647058824,462.2022471910112,887,7.0,0.007829977628635347,775.6786259541984,3.378625954198473,590.5909090909091,2630,20.0,0.007547169811320755,409.9384422110553,2.027638190954774,393.7358490566038,1591,5.0,0.003132832080200501,537.7708978328174,3.996904024767802,601.3846153846154,1296,1.0,0.0007710100231303007,1022.1328903654484,5.504983388704319,917.1428571428572,602,5.0,0.008237232289950576,383.70346598202826,2.803594351732991,432.67605633802816,1560,13.0,0.008264462809917356,712.2058479532163,3.297076023391813,609.6885813148789,1722,16.0,0.009205983889528193,671.5815217391304,6.279891304347826,430.5205479452055,733,3.0,0.004076086956521739,607.4518518518519,1.711111111111111,750.8872180451128,268,7.0,0.025454545454545455,478.0349344978166,4.456331877729258,355.7894736842105,914,4.0,0.004357298474945534,551.9431279620853,2.5908372827804107,765.7096247960849,1246,87.0,0.06526631657914479,684.2286931818181,4.247159090909091,883.1623931623932,1406,13.0,0.009161381254404511,826.3206997084548,3.699708454810496,766.0546875,2053,7.0,0.0033980582524271844,478.1448863636364,3.1865530303030303,468.65065913371,2118,11.0,0.005166744950681071,623.7527173913044,2.2644927536231885,562.445652173913,2208,17.0,0.007640449438202248,583.9365284974093,2.0867875647668392,384.591439688716,1543,7.0,0.004516129032258065,818.722891566265,2.4518072289156625,764.3712574850299,666,3.0,0.004484304932735426,539.5477386934673,2.4748743718592965,448.1012658227848,793,5.0,0.006265664160401002,383.59154929577466,3.0901408450704224,473.4084507042253,710,0.0,0.0,490.0,2.404320987654321,598.0903490759754,1946,16.0,0.00815494393476045,354.8223350253807,1.3096446700507614,650.5263157894736,1180,4.0,0.0033783783783783786,514.7512388503469,1.8037661050545093,459.86138613861385,2019,13.0,0.0063976377952755905,489.5905660377359,1.939622641509434,474.3289224952741,1059,8.0,0.007497656982193065,690.7837301587301,3.7936507936507935,745.8413654618474,1002,22.0,0.021484375,543.2785571142284,3.030060120240481,654.0239043824702,1001,12.0,0.011846001974333662,473.85515873015873,1.9563492063492065,594.047619047619,1008,3.0,0.002967359050445104,562.7784522003035,3.1305007587253413,579.9392097264438,1317,3.0,0.0022727272727272726,394.0384615384616,3.246794871794872,377.88461538461536,624,2.0,0.003194888178913738,389.8931506849315,3.2054794520547945,384.3956043956044,729,8.0,0.010854816824966078,413.1269349845201,1.7801857585139318,565.9006211180124,645,5.0,0.007692307692307693,850.0444444444445,2.536111111111111,671.900826446281,723,6.0,0.00823045267489712,351.97333333333336,1.0773333333333333,390.1595744680851,751,8.0,0.010540184453227932,564.0816326530612,4.003401360544218,538.1818181818181,591,8.0,0.01335559265442404,424.3718592964824,2.040201005025126,520.9571788413098,795,1.0,0.001256281407035176
256,202409,13,512.2986425339367,3.633484162895928,611.2925170068028,883,9.0,0.010089686098654708,559.8987138263666,1.9188102893890675,551.566265060241,2489,9.0,0.003602882305844676,486.10858585858585,2.261363636363636,423.4047919293821,1585,6.0,0.003771213073538655,577.8387096774194,4.708064516129032,446.9905956112853,1258,5.0,0.00395882818685669,792.6870748299319,6.350340136054422,717.9522184300341,587,1.0,0.0017006802721088435,549.972972972973,2.516087516087516,517.3935483870968,1552,7.0,0.004490057729313663,568.6949941792782,3.860302677532014,545.4736842105264,1714,11.0,0.006376811594202898,951.3692722371968,3.38544474393531,640.0544959128065,738,2.0,0.002702702702702703,175.1642857142857,0.8,140.57142857142858,280,7.0,0.024390243902439025,626.8558951965066,5.115720524017467,502.6637554585153,916,8.0,0.008658008658008658,484.8721804511278,2.3278195488721805,527.2205438066466,1327,7.0,0.005247376311844078,553.4389204545455,5.5852272727272725,634.2492917847026,1410,10.0,0.007042253521126761,616.8617332035053,2.9591041869522883,601.1089494163424,2055,6.0,0.002911208151382824,648.2443609022556,2.1663533834586466,666.2889518413598,2123,12.0,0.005620608899297424,526.695810564663,2.4517304189435336,600.7650273224044,2196,12.0,0.005434782608695652,641.8697916666666,1.7213541666666667,563.4124513618677,1539,5.0,0.003238341968911917,779.1952662721893,7.991124260355029,1081.7857142857142,674,3.0,0.004431314623338257,390.9137055837563,1.137055837563452,665.5919395465995,791,2.0,0.0025220680958385876,428.2352941176471,2.929971988795518,437.8151260504202,714,1.0,0.0013986013986013986,499.3185108583247,2.5201654601861425,469.0062111801242,1933,12.0,0.006169665809768638,466.5551839464883,1.1889632107023411,382.5882352941176,1193,14.0,0.0115990057995029,323.22200392927306,1.7956777996070727,482.3031496062992,2034,14.0,0.0068359375,245.31365313653137,1.2214022140221403,315.5268022181146,1083,5.0,0.004595588235294118,400.1564356435644,2.5623762376237624,505.0653465346535,1010,3.0,0.0029615004935834156,468.508064516129,2.252016129032258,448.7903225806452,992,13.0,0.012935323383084577,424.08247422680415,2.1463917525773195,453.3264887063655,972,6.0,0.006134969325153374,507.9652567975831,2.1706948640483383,657.3636363636364,1322,6.0,0.004518072289156626,354.2122186495177,2.215434083601286,453.8709677419355,621,5.0,0.007987220447284345,452.2880434782609,3.244565217391304,578.2702702702703,738,6.0,0.008064516129032258,452.5391849529781,1.862068965517241,277.2413793103448,638,0.0,0.0,818.7267605633803,5.487323943661972,1028.9325842696628,711,3.0,0.004201680672268907,323.84656084656086,1.4814814814814814,218.0371352785146,755,6.0,0.00788436268068331,628.3892617449665,3.2248322147651005,401.6161616161616,595,2.0,0.0033500837520938024,438.030303030303,2.3737373737373737,442.5757575757576,792,4.0,0.005025125628140704
257,202409,14,260.77748691099475,2.9973821989528795,376.3636363636364,767,4.0,0.005188067444876783,435.7595048629531,2.3616268788682584,604.1835834068844,2264,5.0,0.0022036139268400176,326.10177705977384,2.5234248788368334,264.1935483870968,1239,2.0,0.0016116035455278,264.6718146718147,3.5984555984555984,322.13592233009706,1033,6.0,0.005774783445620789,319.5359712230216,2.194244604316547,541.0830324909747,555,3.0,0.005376344086021506,395.8915857605178,3.653721682847896,493.8164251207729,1239,3.0,0.0024154589371980675,463.62534818941504,3.704735376044568,515.0911640953717,1431,7.0,0.004867872044506259,591.6029962546817,3.599250936329588,273.83458646616543,533,3.0,0.005597014925373134,532.276923076923,1.853846153846154,364.1538461538461,260,1.0,0.0038314176245210726,289.7435897435897,2.358974358974359,317.948717948718,702,3.0,0.00425531914893617,346.6162570888469,2.2060491493383743,322.07547169811323,1059,5.0,0.004699248120300752,373.3457249070632,4.451672862453532,292.4719101123595,1072,6.0,0.0055658627087198514,455.4251497005988,2.731736526946108,375.3053892215569,1670,4.0,0.0023894862604540022,391.52131147540985,3.140983606557377,445.0491803278688,1830,6.0,0.0032679738562091504,437.3114754098361,1.92896174863388,406.8646864686469,1824,10.0,0.0054525627044711015,422.5582922824302,1.9688013136289,358.08388157894734,1217,2.0,0.0016406890894175555,295.26813880126184,2.9337539432176656,554.1955835962145,634,3.0,0.004709576138147566,350.03460207612454,1.1557093425605536,316.25,577,2.0,0.0034542314335060447,478.31640625,5.515625,404.124513618677,513,1.0,0.0019455252918287938,303.4425,2.33125,322.06982543640896,1602,6.0,0.0037313432835820895,451.58986175115206,2.9516129032258065,390.75514874141874,871,1.0,0.0011467889908256881,294.3609022556391,2.055137844611529,359.2490613266583,1597,5.0,0.003121098626716604,258.79194630872485,1.2527964205816555,277.5838926174497,894,1.0,0.0011173184357541898,258.63227513227514,2.5396825396825395,312.6878306878307,756,3.0,0.003952569169960474,250.13192612137203,2.153034300791557,220.57894736842104,759,8.0,0.010430247718383311,358.8037634408602,1.8091397849462365,298.7027027027027,742,3.0,0.004026845637583893,498.1818181818182,3.5646853146853146,577.1875,1148,3.0,0.0026064291920069507,319.601593625498,1.9840637450199203,423.1075697211155,502,0.0,0.0,349.6950819672131,2.577049180327869,260.4590163934426,610,4.0,0.006514657980456026,308.7058823529412,2.066666666666667,255.05882352941177,510,0.0,0.0,519.5483870967741,4.096774193548387,512.589928057554,557,4.0,0.0071301247771836,278.7645502645503,1.3227513227513228,204.2374670184697,757,2.0,0.002635046113306983,366.9565217391304,2.460144927536232,348.4782608695652,552,3.0,0.005405405405405406,167.80082987551867,1.2489626556016598,282.22222222222223,484,1.0,0.002061855670103093
258,202409,15,571.2931818181818,6.3931818181818185,475.8904109589041,878,3.0,0.00340522133938706,702.8920972644377,2.977203647416413,605.2511415525114,2630,7.0,0.0026545316647705727,890.0829081632653,2.5114795918367347,747.9745222929936,1569,10.0,0.006333122229259025,634.0785498489425,3.868580060422961,576.2052877138414,1305,6.0,0.004576659038901602,717.8252427184466,1.83495145631068,687.8846153846154,621,1.0,0.001607717041800643,542.6160714285714,2.1198979591836733,490.2813299232736,1566,4.0,0.0025477707006369425,762.0313588850174,3.3484320557491287,884.2396313364055,1729,7.0,0.004032258064516129,778.7547169811321,3.9353099730458223,572.16,746,4.0,0.005333333333333333,586.184,1.016,810.352,250,2.0,0.007936507936507936,431.4977973568282,3.288546255506608,433.978021978022,909,3.0,0.003289473684210526,671.1441307578009,1.797919762258544,704.6676514032496,1350,3.0,0.0022172949002217295,989.4483734087696,5.099009900990099,1008.4255319148936,1412,11.0,0.007730147575544624,537.5101645692159,2.641819941916747,550.4448742746615,2067,5.0,0.002413127413127413,1365.8003748828492,9.227741330834114,1483.3614232209738,2135,28.0,0.012944983818770227,422.7420526793824,2.102633969118983,491.8264014466546,2207,9.0,0.004061371841155234,526.3158567774937,1.6278772378516624,427.0769230769231,1562,7.0,0.004461440407903123,448.40356083086056,2.320474777448071,654.3529411764706,677,1.0,0.0014749262536873156,729.030612244898,2.201530612244898,523.5805626598466,783,3.0,0.003816793893129771,495.2815013404826,2.640750670241287,528.0965147453084,746,1.0,0.0013386880856760374,860.0222446916077,2.969666329625885,753.015228426396,1974,9.0,0.0045385779122541605,713.0348258706467,2.3814262023217245,835.5371900826447,1208,6.0,0.004942339373970346,1099.7076023391812,4.7251461988304095,902.8097560975608,2051,16.0,0.0077406869859700045,830.1505576208178,1.9646840148698883,749.8336414048059,1079,4.0,0.003693444136657433,587.0565302144249,2.1578947368421053,624.5825242718447,1028,2.0,0.001941747572815534,636.0707269155206,2.68565815324165,430.8661417322834,1017,4.0,0.0039177277179236044,732.8372549019608,2.125490196078432,670.996062992126,1018,8.0,0.007797270955165692,561.4503703703704,2.234074074074074,477.4107142857143,1347,5.0,0.0036982248520710057,457.1612903225807,2.5258064516129037,672.0,620,1.0,0.001610305958132045,496.6846361185984,2.6819407008086253,421.6216216216216,741,2.0,0.0026917900403768506,944.816513761468,2.470948012232416,813.8650306748466,653,2.0,0.0030534351145038168,617.7085561497327,3.176470588235294,755.2,749,0.0,0.0,455.0813008130081,1.100271002710027,402.0485175202156,740,4.0,0.005376344086021506,655.9459459459459,3.3682432432432434,547.2240802675585,595,1.0,0.0016778523489932886,556.1218836565097,1.81994459833795,689.7506925207756,722,1.0,0.0013831258644536654
259,202409,16,320.3340909090909,2.65,408.46153846153845,882,3.0,0.003389830508474576,543.3012048192771,1.836144578313253,676.2540192926045,2489,6.0,0.002404809619238477,474.5652724968314,3.005069708491762,555.929203539823,1580,7.0,0.004410838059231254,425.0717703349282,4.012759170653908,337.4162679425837,1254,3.0,0.002386634844868735,531.2206896551725,1.8103448275862069,404.5360824742268,581,1.0,0.001718213058419244,432.6903225806452,2.2270967741935483,516.2772785622593,1554,5.0,0.003207184092366902,532.1465416178195,2.899179366940211,439.6248534583822,1706,6.0,0.0035046728971962616,1051.7820163487738,3.544959128065395,805.0136239782016,734,6.0,0.008108108108108109,650.0073529411765,0.7426470588235294,641.1029411764706,272,9.0,0.03202846975088968,662.2319474835887,6.409190371991247,480.929203539823,909,9.0,0.00980392156862745,542.072072072072,1.6711711711711712,501.78517397882,1327,3.0,0.002255639097744361,1207.8287769784172,7.176978417266187,1249.3617021276596,1400,19.0,0.013389711064129669,451.1111111111111,1.715399610136452,390.3515625,2050,3.0,0.0014612761811982464,656.635761589404,3.2469252601702934,848.2797731568999,2115,22.0,0.010294805802526907,433.0136736554239,2.332725615314494,426.2956204379562,2193,15.0,0.006793478260869565,310.9360313315927,1.8798955613577024,222.6109660574413,1532,2.0,0.001303780964797914,521.6577380952381,2.6547619047619047,642.8059701492538,671,4.0,0.005925925925925926,503.030303030303,2.196969696969697,575.2405063291139,791,2.0,0.0025220680958385876,483.0924369747899,2.8683473389355743,402.3033707865168,713,2.0,0.002797202797202797,573.4507772020726,3.233160621761658,517.3361082206036,1926,14.0,0.007216494845360825,555.2542372881356,2.805084745762712,752.542372881356,1180,2.0,0.001692047377326565,757.4703557312253,3.8932806324110674,620.7326732673267,2022,14.0,0.0068762278978389,598.8994413407821,2.521415270018622,529.8324022346369,1074,4.0,0.0037105751391465678,460.5756972111554,2.8764940239043826,516.5737051792829,1004,4.0,0.003968253968253968,471.4112903225807,2.495967741935484,431.05263157894734,990,8.0,0.008016032064128256,294.6862348178138,1.8785425101214572,495.5421686746988,992,4.0,0.004016064257028112,747.7283763277693,2.420333839150228,598.7234042553191,1317,8.0,0.0060377358490566035,560.395498392283,3.1061093247588425,771.1254019292604,622,0.0,0.0,762.844262295082,3.685792349726776,659.5054945054945,730,4.0,0.005449591280653951,554.7634069400631,2.542586750788644,436.6561514195584,634,0.0,0.0,775.4871794871794,3.3447293447293447,705.0,703,4.0,0.005657708628005658,334.10994764397907,1.1047120418848169,265.28795811518324,764,4.0,0.005208333333333333,435.2027027027027,2.010135135135135,436.0535117056856,595,1.0,0.0016778523489932886,342.27272727272725,1.2803030303030305,323.7878787878788,792,2.0,0.0025188916876574307
260,202409,17,359.5797101449276,2.420289855072464,389.4202898550725,828,7.0,0.008383233532934131,477.1129170230967,2.3122326775021387,471.6709511568124,2336,6.0,0.0025619128949615714,450.9266055045872,2.570336391437309,388.4792626728111,1305,4.0,0.0030557677616501145,499.5272727272727,6.063636363636364,386.7992766726944,1103,3.0,0.0027124773960217,402.641975308642,1.5267489711934157,373.7704918032787,487,2.0,0.00408997955010225,350.70203488372096,2.879360465116279,318.61471861471864,1381,3.0,0.002167630057803468,309.9842931937173,3.769633507853403,428.9763779527559,1526,5.0,0.0032658393207054214,494.9550561797753,4.745318352059925,552.5475285171103,530,7.0,0.01303538175046555,631.6016260162602,1.4552845528455285,388.2926829268293,246,6.0,0.023809523809523808,425.78823529411767,4.334117647058823,584.5433255269321,852,7.0,0.008149010477299184,379.6791443850268,2.45632798573975,413.7857142857143,1121,2.0,0.0017809439002671415,1117.2416356877322,5.949814126394052,662.1111111111111,1078,9.0,0.00827966881324747,398.5430463576159,0.9757174392935982,361.25412541254127,1815,6.0,0.0032948929159802307,996.5325506937032,5.919957310565635,936.6915688367128,1874,14.0,0.007415254237288136,462.6117404737384,1.987641606591143,502.94300518134713,1936,13.0,0.006670087224217547,394.6450151057402,1.897280966767372,308.42900302114805,1324,5.0,0.003762227238525207,256.6831683168317,1.6897689768976898,487.1523178807947,605,3.0,0.004934210526315789,298.73873873873873,1.1891891891891893,278.1981981981982,666,7.0,0.010401188707280832,165.7483443708609,3.334437086092715,545.5445544554456,605,0.0,0.0,397.1090047393365,2.9158767772511847,427.0212765957447,1690,6.0,0.003537735849056604,401.578947368421,2.642543859649123,327.57111597374177,913,0.0,0.0,407.694090382387,2.5295480880648897,308.8888888888889,1727,6.0,0.003462204270051933,627.1852631578947,5.054736842105263,588.781512605042,951,3.0,0.0031446540880503146,417.50961538461536,2.0841346153846154,387.8468899521531,834,1.0,0.0011976047904191617,300.8845208845209,2.3046683046683047,446.5356265356265,814,4.0,0.004889975550122249,529.3468899521531,1.9593301435406696,351.90384615384613,834,4.0,0.00477326968973747,295.2242063492063,1.386904761904762,445.4761904761905,1008,5.0,0.004935834155972359,204.23076923076923,3.4923076923076923,304.86486486486484,519,0.0,0.0,727.5015873015873,3.123809523809524,494.43037974683546,631,6.0,0.009419152276295133,480.0,2.422641509433962,299.7735849056604,530,3.0,0.005628517823639775,592.433734939759,2.21285140562249,334.97975708502025,496,1.0,0.002012072434607646,406.8351648351649,1.1978021978021978,190.05494505494505,728,1.0,0.0013717421124828531,314.006968641115,1.825783972125436,392.9370629370629,573,3.0,0.005208333333333333,206.1734693877551,1.3239795918367347,271.2244897959184,784,0.0,0.0
261,202409,18,393.68585131894486,3.52757793764988,372.8057553956834,834,4.0,0.00477326968973747,370.0051282051282,1.7726495726495726,346.5128205128205,2340,7.0,0.002982530890498509,372.3186646433991,1.7389984825493172,244.1881638846737,1318,7.0,0.005283018867924529,390.6382978723405,4.24822695035461,319.4366197183099,1132,1.0,0.00088261253309797,322.63157894736844,1.097165991902834,245.1012145748988,494,0.0,0.0,766.2654232424677,5.384505021520804,560.2031930333817,1386,8.0,0.005738880918220947,383.7795071335928,2.6446173800259403,347.9377431906615,1542,5.0,0.003232062055591467,622.7,4.666666666666667,475.2985074626866,538,2.0,0.003703703703703704,413.4117647058824,1.286764705882353,303.97058823529414,272,6.0,0.02158273381294964,461.3986013986014,7.317016317016317,346.646511627907,859,2.0,0.0023228803716608595,412.2241681260946,1.754816112084063,448.2661996497373,1142,1.0,0.0008748906386701663,545.1171171171171,5.47927927927928,492.8571428571428,1101,4.0,0.0036199095022624436,424.7316538882804,1.1106243154435926,323.263964950712,1826,5.0,0.002730748225013654,376.0842754367934,3.0020554984583763,490.84086242299793,1947,8.0,0.004092071611253197,353.23415132924333,2.0388548057259714,473.2179226069246,1960,11.0,0.005580923389142567,374.4871406959153,1.9183055975794248,313.6300751879699,1326,1.0,0.0007535795026375283,200.72368421052636,2.2796052631578947,447.7524429967427,611,2.0,0.0032626427406199023,274.6706586826347,0.9101796407185628,303.3928571428572,670,2.0,0.002976190476190476,229.73684210526315,2.671052631578948,247.8947368421053,608,1.0,0.0016420361247947454,417.88980070339977,2.325908558030481,551.4654161781946,1706,6.0,0.0035046728971962616,351.6923076923077,1.6087912087912088,281.1428571428572,910,3.0,0.0032858707557502738,469.98857142857145,2.8182857142857145,356.5028571428571,1750,12.0,0.00681044267877412,341.64271047227925,1.4229979466119096,455.1639344262295,975,7.0,0.007128309572301426,259.57377049180326,2.6861826697892277,296.2079439252336,855,5.0,0.005813953488372093,364.80629539951576,1.8644067796610169,564.2335766423357,824,13.0,0.015531660692951015,243.72300469483568,2.171361502347418,199.1549295774648,852,3.0,0.0035087719298245615,353.65346534653463,2.0455445544554456,397.9133858267717,1013,5.0,0.004911591355599214,250.3448275862069,3.1494252873563218,284.8854961832061,523,0.0,0.0,740.8509316770186,4.9937888198757765,837.0,642,3.0,0.004651162790697674,376.5441176470589,1.900735294117647,538.0073800738007,543,3.0,0.005494505494505495,353.84705882352944,3.1137254901960785,554.1732283464567,509,0.0,0.0,367.2316076294278,1.11716621253406,208.61035422343323,734,2.0,0.002717391304347826,317.83216783216784,2.223776223776224,348.041958041958,572,3.0,0.0052173913043478265,266.9113924050633,2.569620253164557,475.44303797468353,790,0.0,0.0
262,202409,19,513.285393258427,2.867415730337078,426.3228699551569,891,4.0,0.004469273743016759,574.702416918429,1.8746223564954685,610.1210287443267,2646,3.0,0.0011325028312570782,656.5232120451694,2.1066499372647427,677.593984962406,1595,10.0,0.006230529595015576,807.239263803681,5.217791411042945,719.537750385208,1301,1.0,0.0007680491551459293,440.7641196013289,1.302325581395349,508.1063122923588,602,2.0,0.0033112582781456954,2364.301404853129,9.159642401021712,1300.9195402298851,1566,17.0,0.010739102969046115,698.6604215456674,3.268149882903981,626.7132867132867,1712,6.0,0.0034924330616996507,847.9209809264305,3.310626702997275,658.5286103542235,734,4.0,0.005420054200542005,661.469696969697,1.9166666666666667,335.7251908396947,263,0.0,0.0,709.1028446389497,3.824945295404814,639.3013100436681,915,3.0,0.0032679738562091504,610.7046476761619,1.5292353823088456,702.125748502994,1335,9.0,0.006696428571428571,746.2727272727273,6.0,821.9914651493599,1407,5.0,0.0035410764872521247,624.6439024390244,0.9668292682926828,726.6146341463415,2050,2.0,0.0009746588693957114,421.5047080979284,2.7033898305084745,578.8899341486359,2125,5.0,0.002347417840375587,669.3315266485998,1.87353206865402,754.0306582506763,2216,14.0,0.006278026905829596,614.1735218508998,1.7763496143958868,496.2371134020619,1554,4.0,0.0025673940949935813,661.144578313253,3.6897590361445785,975.3614457831326,664,8.0,0.011904761904761904,653.0653266331658,1.0,622.2727272727273,794,1.0,0.0012578616352201257,570.7134831460675,3.202247191011236,584.7887323943662,711,3.0,0.004201680672268907,822.0554984583762,2.7934224049331964,916.905737704918,1949,17.0,0.008646998982706003,2133.378151260504,2.904201680672269,1672.9173693086004,1188,4.0,0.003355704697986577,839.7616683217477,2.6196623634558094,801.8613861386139,2017,12.0,0.005914243469689502,658.3024574669187,1.67296786389414,735.5681818181819,1057,5.0,0.004708097928436911,519.454011741683,2.228962818003914,522.516699410609,1020,1.0,0.0009794319294809011,702.6312625250501,2.112224448897796,630.6586826347306,1000,11.0,0.010880316518298714,515.4114173228346,3.057086614173228,508.1656804733728,1015,3.0,0.0029469548133595285,597.7352496217852,1.6565809379727685,542.0814479638009,1324,4.0,0.0030120481927710845,432.0,1.5047619047619047,544.0255591054313,628,3.0,0.004754358161648178,539.9808743169399,2.459016393442623,674.2622950819672,732,3.0,0.004081632653061225,1004.5555555555557,2.3796296296296298,788.9164086687307,647,4.0,0.006144393241167435,1290.4127423822715,7.786703601108033,1654.0,721,4.0,0.005517241379310344,281.73118279569894,1.021505376344086,345.96774193548384,744,0.0,0.0,569.4949494949495,3.023569023569024,886.510067114094,595,4.0,0.00667779632721202,528.939393939394,2.121212121212121,494.54545454545456,792,4.0,0.005025125628140704
263,202409,20,903.2224719101124,2.9078651685393258,661.4765100671141,892,7.0,0.00778642936596218,596.1291098636729,1.7449879711307137,642.7682437850842,2494,13.0,0.005185480654168329,911.5383647798742,2.260377358490566,785.4818523153942,1594,4.0,0.0025031289111389237,699.3852327447833,3.1990369181380416,576.4521193092621,1260,8.0,0.006309148264984227,441.98976109215016,1.658703071672355,554.3835616438356,585,1.0,0.0017064846416382253,2118.1339285714284,5.608418367346939,2071.850899742931,1562,10.0,0.006361323155216285,1001.8337236533956,3.392271662763466,929.0823529411764,1704,11.0,0.00641399416909621,945.4755434782608,2.5489130434782608,672.0652173913044,736,9.0,0.012080536912751677,389.8518518518519,1.0296296296296297,207.35294117647055,271,14.0,0.04912280701754386,1031.2663755458516,3.897379912663756,1044.0522875816994,917,4.0,0.004343105320304018,527.8733031674208,1.665158371040724,590.7132018209409,1322,15.0,0.011219147344801795,706.2677053824362,4.205382436260623,739.7457627118644,1414,13.0,0.009110021023125438,619.0882638215325,0.8971871968962173,617.3099415204679,2057,9.0,0.004356243949661181,533.4683663833805,2.691218130311615,799.1296121097446,2116,13.0,0.0061061531235321745,913.2219178082192,3.1187214611872145,1064.5761166818595,2192,28.0,0.012612612612612612,810.6788036410924,1.894668400520156,728.5045513654096,1538,8.0,0.00517464424320828,465.88988095238096,1.2351190476190477,503.75,672,3.0,0.0044444444444444444,558.0741687979539,1.3631713554987213,728.2442748091603,784,2.0,0.002544529262086514,843.5782122905028,3.955307262569832,825.4189944134079,716,3.0,0.004172461752433936,1043.6860706860707,4.122661122661123,1033.3889468196037,1921,21.0,0.010813594232749742,2294.7723440134905,3.858347386172007,2001.9289340101525,1184,7.0,0.005877413937867338,1250.1377952755906,2.445866141732284,1264.9355797819624,2025,18.0,0.00881057268722467,817.7384044526901,1.8274582560296848,631.2222222222222,1079,8.0,0.007359705611775529,556.9900793650794,2.406746031746032,587.4308300395257,1010,1.0,0.0009891196834817012,697.887323943662,1.955734406438632,822.9435483870968,993,14.0,0.013902681231380337,835.591093117409,1.9331983805668016,548.1376518218624,988,4.0,0.004032258064516129,613.7673716012084,1.4833836858006042,499.3051359516616,1324,4.0,0.0030120481927710845,867.6774193548387,1.5612903225806452,1423.4615384615386,622,6.0,0.009554140127388535,493.4523160762943,1.9754768392370567,737.983651226158,734,6.0,0.008108108108108109,1224.3037974683543,2.7848101265822787,1068.571428571429,631,6.0,0.009419152276295133,927.9293785310734,1.7457627118644068,770.0,708,6.0,0.008403361344537815,406.5275590551181,1.440944881889764,333.59375,765,1.0,0.0013054830287206266,789.0909090909091,2.8417508417508417,852.3232323232323,594,1.0,0.0016806722689075631,723.1818181818181,2.207070707070707,701.8181818181819,792,2.0,0.0025188916876574307
264,202409,21,337.91623036649213,2.8272251308900525,403.0809399477807,765,5.0,0.006493506493506494,550.3123336291038,2.11357586512866,660.9026548672566,2257,10.0,0.004411116012351125,620.29307568438,2.579710144927536,508.5024154589372,1242,4.0,0.0032102728731942215,556.8278529980657,3.839458413926499,754.9323017408124,1034,2.0,0.0019305019305019305,350.9068100358423,1.6200716845878136,363.66906474820144,557,0.0,0.0,825.9048387096774,4.370967741935484,680.0322580645161,1240,4.0,0.003215434083601286,455.2918994413408,2.6689944134078214,431.2921348314607,1428,5.0,0.0034891835310537334,520.8880597014926,3.824626865671642,512.0300751879699,534,0.0,0.0,741.6377952755905,1.047244094488189,691.1811023622047,254,6.0,0.023076923076923078,448.29545454545456,4.153409090909091,359.4886363636364,704,1.0,0.0014184397163120568,441.8285714285714,1.575238095238095,424.0986717267552,1052,7.0,0.0066100094428706326,563.5844155844156,4.024118738404453,399.06716417910445,1075,8.0,0.007386888273314866,413.748502994012,0.7341317365269461,389.85645933014354,1671,3.0,0.0017921146953405018,768.7255762897914,3.661909989023052,920.4818880351262,1822,9.0,0.004915346805024577,668.8779956427015,2.1862745098039214,698.2894736842105,1830,14.0,0.007592190889370932,467.51147540983607,2.380327868852459,332.9508196721312,1220,3.0,0.0024529844644317253,376.59424920127793,1.9520766773162936,359.04458598726114,627,0.0,0.0,683.9722222222222,2.28125,436.7832167832168,574,2.0,0.003472222222222222,443.703125,3.4375,629.4163424124514,513,5.0,0.009652509652509652,495.0,3.06625,413.9325842696629,1601,6.0,0.00373366521468575,483.6111111111111,2.2939814814814814,499.9538106235566,865,3.0,0.0034562211981566822,534.2785445420326,2.401505646173149,443.8047559449312,1596,12.0,0.007462686567164179,631.0782997762864,1.9910514541387023,530.3355704697987,894,1.0,0.0011173184357541898,614.2486910994764,4.979057591623037,790.9947643979058,764,3.0,0.003911342894393742,451.1811023622048,2.3123359580052494,305.6544502617801,763,4.0,0.005215123859191656,669.7154471544716,2.34959349593496,841.0867208672087,738,10.0,0.013368983957219251,329.73821989528795,1.6073298429319371,280.2426343154246,1150,2.0,0.001736111111111111,367.2,2.584,638.00796812749,501,1.0,0.00199203187250996,717.9081967213115,4.301639344262295,740.0688524590164,610,3.0,0.004893964110929853,602.578125,4.34375,481.40625,512,2.0,0.0038910505836575876,298.97857142857146,1.5321428571428573,245.14285714285717,560,3.0,0.0053285968028419185,406.7677595628416,1.1256830601092895,411.4754098360656,732,6.0,0.008130081300813009,889.8561151079136,2.672661870503597,691.6245487364621,555,3.0,0.005376344086021506,450.39330543933056,2.9790794979079496,334.89539748953973,478,1.0,0.0020876826722338203
265,202409,22,809.2729306487696,8.771812080536913,1088.9041095890411,885,6.0,0.006734006734006734,967.7225170583775,2.645185746777862,880.3644646924829,2636,18.0,0.006782215523737754,827.5247148288973,2.446134347275032,662.2109275730622,1576,15.0,0.009428032683846637,689.9834586466166,2.5443609022556397,662.3076923076923,1315,4.0,0.003032600454890068,473.262987012987,1.1590909090909092,617.749196141479,619,1.0,0.0016129032258064516,863.2512626262626,3.758838383838384,789.746192893401,1580,8.0,0.005037783375314861,840.766081871345,2.52046783625731,889.8034682080925,1720,9.0,0.005205320994794679,917.4811827956988,2.553763440860215,565.6451612903226,744,6.0,0.008,937.1186440677966,2.2457627118644066,494.87179487179486,235,11.0,0.044715447154471545,763.2743362831858,3.754424778761062,717.7533039647577,906,4.0,0.004395604395604396,593.4918276374443,1.5408618127786031,603.7278106508876,1349,15.0,0.010997067448680353,735.7400568181819,3.140625,696.5957446808511,1409,5.0,0.003536067892503536,657.2120038722169,1.0687318489835431,674.2166344294004,2067,4.0,0.001931434089811685,1032.6950420954165,4.065481758652947,1132.7281191806333,2143,22.0,0.010161662817551964,988.9179580674568,2.884229717411121,867.8502722323049,2199,14.0,0.0063262539539087215,807.9770408163265,1.9260204081632653,556.9323979591836,1568,5.0,0.003178639542275906,395.8961424332344,1.6053412462908012,321.05263157894734,679,1.0,0.0014705882352941176,561.1764705882352,1.1074168797953965,595.6812339331619,780,6.0,0.007633587786259542,506.008,3.984,822.9173333333333,750,0.0,0.0,1020.2860040567952,3.209939148073022,943.3808553971488,1968,21.0,0.010558069381598794,755.4,1.5116666666666667,748.7171052631579,1208,8.0,0.006578947368421052,858.0525803310613,2.2083739045764363,874.4868035190616,2050,13.0,0.006301502666020358,864.8981481481482,1.4851851851851852,726.8761552680222,1081,3.0,0.0027675276752767526,520.826171875,1.97265625,742.8235294117648,1022,4.0,0.003898635477582846,684.7760314341847,2.801571709233792,762.2003929273085,1018,8.0,0.007797270955165692,806.4625984251968,2.4645669291338583,922.7960784313724,1018,7.0,0.006829268292682927,559.1045655375552,1.6053019145802652,738.475073313783,1361,5.0,0.0036603221083455345,619.871382636656,2.273311897106109,780.7741935483871,621,1.0,0.001607717041800643,543.7994579945799,2.823848238482385,645.2432432432432,739,2.0,0.002699055330634278,793.6363636363636,2.393939393939394,753.2727272727273,660,4.0,0.006024096385542169,551.1823056300268,1.324396782841823,493.368700265252,750,0.0,0.0,239.7683923705722,0.8474114441416893,145.17711171662123,734,2.0,0.002717391304347826,690.8053691275168,2.3221476510067114,741.4141414141415,595,4.0,0.00667779632721202,931.2243243243244,7.254054054054054,830.9090909090909,733,2.0,0.0027210884353741495
266,202409,23,389.2420814479638,4.323529411764706,685.2702702702703,886,8.0,0.008948545861297539,1397.1296296296296,6.497584541062802,1116.1927710843374,2487,16.0,0.006392329204954055,724.9861635220126,2.1157232704402515,841.7424242424242,1587,10.0,0.006261740763932373,412.3566878980892,2.549363057324841,453.1854199683043,1259,3.0,0.002377179080824089,572.71875,1.2534722222222223,474.375,576,11.0,0.018739352640545145,1120.0090322580645,2.9496774193548387,832.9587628865979,1551,10.0,0.0064061499039077515,852.2266824085006,2.373081463990555,736.2085308056872,1691,11.0,0.006462984723854289,833.121546961326,3.574585635359116,520.3814713896458,729,2.0,0.0027359781121751026,422.50387596899225,0.6666666666666666,681.09375,257,3.0,0.011538461538461539,1007.7922077922078,12.116883116883116,687.964989059081,919,15.0,0.016059957173447537,628.3734939759037,1.914156626506024,724.7201210287443,1325,8.0,0.006001500375093774,586.0653409090909,5.107954545454546,681.8028169014085,1414,8.0,0.005625879043600563,613.4110787172011,0.9543245869776482,720.3495145631068,2059,6.0,0.0029055690072639223,793.8523809523809,3.020952380952381,746.6348903717826,2099,8.0,0.0037968675842429997,565.4850407978241,2.374433363553944,494.8773841961853,2204,10.0,0.004516711833785004,560.6238532110092,2.525557011795544,530.4313725490196,1528,3.0,0.001959503592423253,454.626112759644,1.7566765578635015,375.2694610778443,671,1.0,0.001488095238095238,763.1818181818181,2.6035353535353534,819.0379746835443,791,4.0,0.005031446540880503,475.5393258426967,3.724719101123596,528.370786516854,712,0.0,0.0,862.734375,3.230208333333333,877.3277661795407,1918,21.0,0.010830324909747292,589.9142367066895,1.3567753001715266,761.2307692307693,1168,9.0,0.0076465590484282074,667.3069306930693,2.783168316831683,717.202380952381,2018,13.0,0.006400787789266372,645.3798882681564,1.7318435754189945,813.6312849162011,1074,2.0,0.0018587360594795538,596.8990099009901,3.3544554455445543,693.8998035363458,1014,4.0,0.003929273084479371,650.4435483870968,3.0100806451612905,749.3951612903226,992,3.0,0.003015075376884422,634.8668032786885,3.8524590163934422,701.7551020408164,978,9.0,0.00911854103343465,630.2530303030303,2.1,627.4468085106383,1318,8.0,0.006033182503770739,660.7692307692307,2.503205128205128,769.774919614148,623,7.0,0.011111111111111112,943.8378378378378,7.075675675675676,606.7397260273973,735,10.0,0.013422818791946308,1303.5849056603774,4.773584905660377,1339.433962264151,636,6.0,0.009345794392523364,641.4886363636364,1.8011363636363635,555.0,704,1.0,0.0014184397163120568,639.2865013774104,1.3636363636363635,434.21487603305786,726,3.0,0.00411522633744856,747.1621621621622,2.4121621621621623,668.428093645485,595,3.0,0.005016722408026756,319.6969696969697,1.244949494949495,461.969696969697,792,0.0,0.0
267,202409,24,298.31971153846155,4.329326923076923,357.536231884058,830,6.0,0.007177033492822967,510.5085763293311,3.1457975986277877,469.19382504288166,2332,9.0,0.003844510892780863,425.02453987730064,1.911042944785276,402.7914110429448,1304,10.0,0.0076103500761035,431.4076782449726,4.228519195612432,282.13235294117646,1091,4.0,0.0036529680365296802,434.6762295081968,0.8524590163934426,470.6938775510204,489,3.0,0.006097560975609756,349.167638483965,2.7682215743440235,388.90882778581766,1377,12.0,0.008639308855291577,457.53876478318,3.78580814717477,396.8199737187911,1522,15.0,0.009759271307742356,947.1385767790264,4.692883895131086,671.6349809885932,530,14.0,0.025735294117647058,354.4496124031008,1.2325581395348837,488.7022900763359,260,1.0,0.0038314176245210726,518.2710280373832,4.364485981308412,339.344262295082,855,14.0,0.01611047180667434,461.8928571428572,2.521428571428572,679.3960923623446,1123,6.0,0.005314437555358724,913.0611111111112,6.525925925925926,538.2222222222222,1080,11.0,0.01008249312557287,420.86092715231786,1.4282560706401766,355.03858875413454,1813,2.0,0.0011019283746556473,471.70828848223897,2.9892357373519918,302.7831715210356,1856,5.0,0.0026867275658248252,696.8802889576883,3.90092879256966,698.4472049689441,1935,22.0,0.011241696474195196,464.6449165402124,3.473444613050076,399.0950226244344,1322,13.0,0.009737827715355805,198.16556291390728,1.5132450331125828,370.9271523178808,604,1.0,0.001652892561983471,516.2162162162163,2.7417417417417416,373.2934131736527,667,4.0,0.005961251862891207,686.3476821192053,8.013245033112582,771.0299003322259,603,6.0,0.009852216748768473,346.9385342789598,2.2990543735224587,372.2695035460993,1692,17.0,0.00994733762434172,262.26666666666665,1.18,371.9205298013245,903,1.0,0.0011061946902654867,220.0232018561485,2.023201856148492,218.23870220162223,1725,9.0,0.005190311418685121,278.4842105263158,0.8926315789473684,574.9367088607595,949,4.0,0.004197271773347324,895.3990498812351,5.505938242280285,908.3254716981132,845,3.0,0.003537735849056604,705.5882352941177,4.225490196078432,496.9117647058824,816,16.0,0.019230769230769232,608.133971291866,2.4138755980861246,735.5769230769231,834,3.0,0.0035842293906810036,482.45742574257423,1.4554455445544554,318.20359281437123,1006,3.0,0.002973240832507433,212.8957528957529,3.888030888030888,307.90697674418607,517,2.0,0.0038535645472061657,682.5488958990536,5.3627760252365935,382.1451104100946,634,10.0,0.015527950310559006,345.1127819548872,1.973684210526316,221.05263157894737,532,8.0,0.014814814814814815,341.8433734939759,1.4417670682730923,232.32,499,0.0,0.0,317.92328767123286,1.523287671232877,265.42622950819674,731,13.0,0.01747311827956989,719.7916666666666,2.3229166666666665,484.0,573,3.0,0.005208333333333333,195.1530612244898,1.625,178.01526717557252,785,2.0,0.0025412960609911056
268,202409,25,493.31654676259,3.7673860911270975,470.4578313253012,832,17.0,0.020023557126030624,963.3136752136752,4.154700854700855,721.0247651579846,2341,11.0,0.00467687074829932,439.6054628224583,1.611532625189681,518.0909090909091,1319,6.0,0.004528301886792453,381.779359430605,2.4519572953736657,341.4487632508834,1128,1.0,0.0008857395925597874,1626.2918454935625,6.210300429184549,1395.483870967742,481,44.0,0.0838095238095238,785.3557142857143,2.587142857142857,505.0072358900145,1391,11.0,0.007845934379457917,617.6175710594315,4.10077519379845,496.3565891472868,1548,20.0,0.012755102040816327,777.3082706766917,3.424812030075188,435.7303370786517,533,10.0,0.01841620626151013,552.4233576642335,1.197080291970803,448.029197080292,274,1.0,0.0036363636363636364,1031.3551401869158,5.799065420560748,679.9065420560747,856,24.0,0.02727272727272727,898.3128295254833,4.31634446397188,916.5734265734266,1141,18.0,0.015530629853321829,1079.994555353902,4.987295825771325,1152.2878228782288,1093,23.0,0.02060931899641577,2839.2752992383025,13.388465723612622,2703.384193194292,1830,34.0,0.018240343347639486,398.7600827300931,2.55635987590486,331.7391304347826,1933,5.0,0.0025799793601651187,540.0564681724846,1.7792607802874745,405.27624872579,1955,16.0,0.008117706747843734,588.8489425981874,2.382175226586103,430.9004524886878,1325,9.0,0.006746626686656672,1100.0034364261169,8.323024054982818,1115.0,579,32.0,0.05237315875613748,725.0450450450451,3.021021021021021,770.5357142857143,669,3.0,0.004464285714285714,550.0098684210526,3.3848684210526314,571.2871287128713,607,3.0,0.004918032786885246,471.9522700814901,2.0069848661233998,313.05263157894734,1714,14.0,0.008101851851851851,273.0396475770925,1.7665198237885462,296.1674008810573,908,3.0,0.003293084522502744,383.013698630137,2.434931506849315,301.30285714285714,1751,7.0,0.003981797497155859,353.4389233954452,1.0973084886128364,315.74380165289256,967,2.0,0.0020639834881320948,1031.7470997679814,3.96983758700696,1153.0720930232558,861,9.0,0.010344827586206896,689.6650602409638,2.7518072289156628,515.2173913043479,829,22.0,0.025851938895417155,725.7757009345794,2.0654205607476634,738.8290398126463,855,7.0,0.008120649651972157,1130.102766798419,3.952569169960474,787.4409448818898,1014,8.0,0.007827788649706457,689.7692307692307,3.2,612.0,520,4.0,0.007633587786259542,799.4433962264151,3.5628930817610063,547.6635514018692,639,14.0,0.021439509954058193,561.0978260869565,1.786231884057971,398.0434782608696,552,2.0,0.0036101083032490976,1324.1484375,6.65234375,1171.5175097276265,513,7.0,0.013461538461538462,173.30140845070423,0.9492957746478872,185.74647887323945,710,3.0,0.004207573632538569,690.3135888501743,3.70383275261324,471.48936170212767,569,6.0,0.010434782608695653,464.1943734015345,1.805626598465473,539.3908629441624,785,4.0,0.005069708491761723
269,202409,26,1654.9044289044289,3.5874125874125875,1136.0839160839162,858,46.0,0.05088495575221239,698.9324116743471,3.4078341013824884,721.4791987673343,2600,53.0,0.01997738409347908,443.953692115144,1.9261576971214016,508.9447236180905,1595,20.0,0.01238390092879257,511.0153846153846,2.54,450.7361963190184,1302,23.0,0.017358490566037735,1631.8032786885246,3.60655737704918,735.223880597015,128,344.0,0.7288135593220338,962.5404699738904,4.685378590078329,977.8590078328982,1532,45.0,0.028535193405199746,556.0521945432978,4.555160142348755,619.4306049822064,1686,35.0,0.02033701336432307,954.2528735632184,6.7298850574712645,532.543352601156,694,24.0,0.033426183844011144,352.31007751937983,2.1705426356589146,186.09375,257,1.0,0.003875968992248062,827.6274944567627,3.920177383592018,777.8571428571429,899,29.0,0.03125,645.7361963190184,3.016871165644172,760.4629629629629,1300,50.0,0.037037037037037035,1590.058914728682,6.367441860465116,1331.398176291793,1303,148.0,0.1019986216402481,1160.5585392051555,3.316863587540279,991.9148936170212,1871,182.0,0.08865075499269362,477.9230769230769,2.4240384615384616,567.2622478386168,2081,29.0,0.013744075829383886,694.1013698630137,2.9105022831050227,638.6459286367796,2188,61.0,0.02712316585148955,707.4211229946524,2.232620320855615,593.1635388739946,1494,39.0,0.025440313111545987,2552.132701421801,21.606635071090047,1451.5942028985507,418,205.0,0.3290529695024077,662.148337595908,2.639386189258312,601.7010309278351,779,11.0,0.013924050632911392,556.3702623906705,3.626822157434402,552.8823529411765,683,8.0,0.011577424023154847,664.9557613168724,3.125514403292181,619.2813141683778,1946,36.0,0.018163471241170535,660.7070707070707,1.9814814814814812,577.0797962648556,1183,26.0,0.021505376344086023,715.6640625,2.8623046875,879.66796875,2048,26.0,0.01253616200578592,392.4209523809524,1.413333333333333,600.5736137667304,1048,9.0,0.008514664143803218,762.328629032258,3.741935483870968,790.766129032258,992,31.0,0.030303030303030304,680.008281573499,3.153209109730849,698.9256198347107,967,41.0,0.040674603174603176,558.9859719438878,1.9458917835671343,642.1095334685598,992,12.0,0.01195219123505976,1562.7942664418213,8.128161888701518,781.9323671497584,1214,126.0,0.09402985074626866,565.5405405405405,3.043918918918919,756.7808219178082,588,17.0,0.02809917355371901,735.7270194986072,3.1754874651810585,982.1408450704224,714,28.0,0.03773584905660377,606.0861538461538,1.84,833.3126934984521,648,12.0,0.01818181818181818,1668.1118881118882,8.41958041958042,1518.2142857142858,566,69.0,0.10866141732283464,274.87664041994753,1.7769028871391075,284.1269841269841,759,7.0,0.009138381201044387,1027.5524475524476,6.6573426573426575,819.2307692307693,572,33.0,0.05454545454545454,704.4750656167979,3.695538057742782,584.4502617801047,763,38.0,0.04744069912609238
270,202409,27,1089.5823665893272,3.663573085846868,1030.1601830663617,868,44.0,0.04824561403508772,753.6181520850367,2.524121013900245,881.0885458976442,2454,50.0,0.019968051118210862,709.6598984771574,1.815989847715736,784.8994974874372,1584,15.0,0.009380863039399626,525.9886914378029,2.6365105008077543,544.7169811320755,1255,20.0,0.01568627450980392,2105.422310756972,1.3266932270916334,2601.7297297297296,436,137.0,0.23909249563699825,1059.558940397351,2.985430463576159,999.5963060686016,1513,67.0,0.04240506329113924,653.026066350711,3.238151658767773,625.0588235294117,1694,21.0,0.012244897959183673,2256.9515669515667,4.361823361823362,1648.6440677966102,705,32.0,0.04341926729986431,378.99242424242425,0.8106060606060606,255.5909090909091,264,11.0,0.04,1456.6177777777775,6.477777777777778,1472.099322799097,893,89.0,0.09063136456211812,826.3926940639269,1.843226788432268,881.0622154779969,1316,37.0,0.027346637102734665,4509.084980237154,4.932806324110672,4069.920948616601,1012,585.0,0.36631183469004386,1820.713536201469,2.073452256033578,1936.830031282586,1912,191.0,0.09082263433190679,761.0312796208531,2.304265402843602,832.2611163670766,2112,16.0,0.007518796992481203,1143.9217311233886,3.1224677716390423,966.0164083865088,2183,74.0,0.03278688524590164,1089.172274562584,2.262449528936743,1050.7746666666667,1493,43.0,0.027994791666666668,1088.2752293577985,2.302752293577982,1302.2769230769231,652,28.0,0.041176470588235294,887.6020408163265,2.38265306122449,753.4848484848485,788,5.0,0.006305170239596469,970.4812680115274,5.884726224783861,751.0285714285715,697,21.0,0.02924791086350975,970.9034267912772,2.7995846313603323,844.0330920372286,1930,26.0,0.013292433537832311,1778.9949748743718,1.780569514237856,1692.3025210084031,1192,20.0,0.0165016501650165,983.3720930232558,2.184108527131783,1025.1794374393792,2063,37.0,0.017619047619047618,639.622641509434,1.230188679245283,617.4011299435028,1061,12.0,0.011183597390493943,1397.2282828282828,5.442424242424242,1500.6504065040651,987,52.0,0.05004812319538017,2199.01646090535,16.66872427983539,1754.5302713987471,965,79.0,0.07567049808429119,921.5337423312884,2.32719836400818,881.1740890688259,983,19.0,0.018962075848303395,1339.1710730948678,1.9875583203732503,1573.672131147541,1253,111.0,0.0813782991202346,1015.4054982817868,2.6391752577319587,1434.983277591973,590,14.0,0.023178807947019868,2060.6339285714284,6.068452380952381,2224.153392330384,675,72.0,0.0963855421686747,1432.8526645768025,2.761755485893417,1403.5514018691588,640,8.0,0.012345679012345678,2069.75,4.701807228915663,1948.9156626506024,664,36.0,0.05142857142857143,580.5579514824798,1.0350404312668464,492.9380053908356,742,14.0,0.018518518518518517,1041.0416666666667,5.204861111111111,765.5102040816327,582,19.0,0.03161397670549085,694.5358090185676,2.40053050397878,815.5613577023498,760,41.0,0.05118601747815231
271,202409,28,859.7493472584856,9.556135770234986,526.1538461538462,760,16.0,0.020618556701030927,548.7731316725979,2.367437722419929,595.417406749556,2250,15.0,0.006622516556291391,362.2791068580542,1.3397129186602872,469.31637519872817,1256,2.0,0.001589825119236884,494.33526011560696,1.682080924855491,384.6718146718147,1037,5.0,0.0047984644913627635,638.0212014134275,0.7985865724381626,508.5211267605634,567,11.0,0.01903114186851211,671.9235668789809,1.6480891719745223,638.0861244019138,1255,4.0,0.003177124702144559,561.9088359046283,2.8569424964936885,509.5345557122708,1422,8.0,0.005594405594405594,943.7660377358492,5.369811320754717,541.8045112781955,531,9.0,0.016666666666666666,478.75396825396825,2.761904761904762,295.7142857142857,252,4.0,0.015625,387.78753541076486,3.3541076487252126,435.1274787535411,706,10.0,0.013966480446927373,422.3204419889503,1.0,385.99817518248176,1091,16.0,0.014453477868112014,687.3195266272189,2.773175542406312,743.2604373757455,1010,115.0,0.10222222222222223,699.41567695962,1.338479809976247,628.6863905325444,1687,31.0,0.018044237485448197,340.06709956709955,2.305194805194805,449.85129310344826,1852,7.0,0.0037654653039268424,542.0767590618337,2.567164179104477,477.99033297529536,1869,26.0,0.013720316622691292,416.1065573770492,2.30327868852459,477.7377049180328,1220,11.0,0.008935824532900082,574.9318885448916,1.7306501547987616,602.2429906542056,644,6.0,0.009230769230769232,647.0103092783505,1.5395189003436427,850.8904109589041,583,2.0,0.003418803418803419,332.1828793774319,3.964980544747082,444.6511627906977,515,1.0,0.001937984496124031,486.0891089108911,1.8836633663366336,556.3975155279503,1613,12.0,0.0073846153846153844,435.2752293577981,1.353211009174312,440.6802721088436,877,1.0,0.0011389521640091116,484.3978102189781,3.627737226277372,453.535844471446,1645,11.0,0.006642512077294686,438.0719101123596,1.4202247191011237,441.2641083521445,888,0.0,0.0,502.3490813648294,2.57742782152231,468.91076115485566,762,12.0,0.015503875968992248,640.1005025125628,3.1532663316582914,746.1654135338346,797,10.0,0.012391573729863693,480.3064516129032,1.596774193548387,435.2432432432432,742,3.0,0.004026845637583893,577.6165803108809,1.7392055267702935,671.0580204778157,1165,7.0,0.005972696245733789,641.2048192771084,3.124497991967872,1144.1129032258063,497,1.0,0.002008032128514056,816.1749174917492,2.594059405940594,912.8712871287128,606,12.0,0.019417475728155338,524.1860465116279,2.182170542635659,436.3424124513619,515,2.0,0.0038684719535783366,759.8384879725086,2.278350515463917,786.986301369863,583,2.0,0.003418803418803419,317.11621621621623,0.9324324324324323,334.66937669376694,739,4.0,0.005383580080753701,1254.4086021505375,5.121863799283154,1084.5323741007194,557,4.0,0.0071301247771836,468.9075630252101,1.3109243697478992,533.9748953974895,477,8.0,0.016494845360824743
272,202409,29,1249.9954954954956,5.563063063063063,976.5842696629212,889,14.0,0.015503875968992248,848.7475285171103,2.735361216730038,861.4318354912415,2628,16.0,0.006051437216338881,808.8994974874372,1.798994974874372,737.5314861460957,1590,7.0,0.004383218534752661,533.8757396449704,2.1405325443786984,562.8658536585366,1332,9.0,0.006711409395973154,953.5645161290324,0.8935483870967742,789.2604501607717,621,6.0,0.009569377990430622,518.7478042659975,2.4855708908406524,447.9635220125786,1592,4.0,0.002506265664160401,667.4289044289044,2.8764568764568765,603.9446366782007,1725,9.0,0.005190311418685121,1049.319783197832,4.997289972899729,833.4959349593496,738,12.0,0.016,805.5677966101695,2.457627118644068,508.2051282051282,235,2.0,0.008438818565400843,532.6637554585153,3.2554585152838427,504.2888402625821,915,5.0,0.005434782608695652,578.5022026431718,1.4273127753303965,840.0874635568513,1367,14.0,0.010137581462708182,904.366515837104,3.1945701357466065,1197.2072072072071,1329,81.0,0.0574468085106383,672.2222222222222,1.5146198830409356,667.8793774319066,2054,22.0,0.010597302504816955,616.4855813953488,2.5906976744186045,644.0407784986098,2154,15.0,0.006915629322268326,641.298277425204,2.71260199456029,655.7647058823529,2208,22.0,0.009865470852017937,751.9070063694268,2.543949044585988,646.3427109974425,1567,4.0,0.002546148949713558,503.27433628318585,0.9587020648967552,449.73760932944606,682,7.0,0.010159651669085631,597.873417721519,2.19746835443038,853.3503836317135,786,4.0,0.005063291139240506,523.4746666666666,3.490666666666667,593.7765957446809,751,0.0,0.0,804.5277497477296,1.927346115035318,838.7221095334686,1977,18.0,0.009022556390977444,906.029654036244,1.8665568369028007,1077.2413793103449,1216,12.0,0.009771986970684038,1050.7766059443911,2.541706615532119,1060.9980806142034,2085,22.0,0.01044138585666825,589.952741020794,2.659735349716446,587.5706214689266,1060,6.0,0.005628517823639775,621.6627906976744,2.6763565891472867,888.3868471953579,1033,11.0,0.01053639846743295,948.75,2.58984375,912.0703125,1024,6.0,0.005825242718446602,536.9805068226121,1.5828460038986354,567.485380116959,1026,2.0,0.0019455252918287938,671.193215339233,1.1283185840707963,677.6366322008863,1355,2.0,0.0014738393515106854,707.2131147540983,2.554098360655738,748.7128712871287,608,9.0,0.014586709886547812,655.1129032258065,2.577956989247312,1109.8387096774193,744,5.0,0.006675567423230975,1411.3666666666666,4.027272727272727,1281.144578313253,662,12.0,0.017804154302670624,1142.811170212766,2.7047872340425534,950.5851063829788,752,5.0,0.0066050198150594455,620.5613079019074,0.8828337874659401,604.5283018867924,738,2.0,0.002702702702702703,911.3131313131312,2.5454545454545454,749.5973154362416,595,3.0,0.005016722408026756,841.3296398891966,5.049861495844875,744.5983379501386,722,8.0,0.010958904109589041
273,202409,30,421.1545253863135,4.76158940397351,361.8666666666667,903,7.0,0.007692307692307693,529.2717041800643,2.147106109324759,536.3344051446945,2488,12.0,0.0048,714.9407313997478,2.312736443883985,715.6763590391909,1584,15.0,0.009380863039399626,248.85400313971743,2.3846153846153846,316.24413145539904,1276,7.0,0.005455962587685113,534.8493150684932,1.1917808219178083,384.5733788395904,585,5.0,0.00847457627118644,617.1176470588235,3.130434782608696,655.6209987195903,1563,2.0,0.0012779552715654952,616.3234597156398,2.5023696682464456,574.8271752085816,1683,5.0,0.002962085308056872,983.0054945054944,3.760989010989011,597.7173913043479,732,2.0,0.0027247956403269754,971.448,1.192,762.7868852459017,247,4.0,0.01593625498007968,310.2597402597403,4.097402597402597,465.45454545454544,924,3.0,0.003236245954692557,393.8392857142857,1.4955357142857142,367.2645739910314,1341,13.0,0.009601181683899557,831.3795093795094,3.932178932178932,935.8798283261802,1392,43.0,0.029965156794425088,482.5116504854369,1.3776699029126214,577.7109602327837,2061,12.0,0.005788712011577424,355.28706326723324,2.2691218130311617,568.2611163670766,2116,9.0,0.0042352941176470585,589.1668169522092,2.1370604147880976,516.0107816711591,2222,15.0,0.006705409029950827,670.2313725490196,2.2705882352941176,713.9449541284404,1528,10.0,0.006501950585175552,440.06489675516224,1.9174041297935105,629.9115044247787,678,3.0,0.004405286343612335,642.6633165829146,1.9422110552763816,712.8,798,0.0,0.0,413.8636363636364,2.9545454545454546,370.2272727272728,704,3.0,0.004243281471004243,656.3196300102775,3.304213771839671,572.716049382716,1945,8.0,0.00409626216077829,762.0401337792642,2.1839464882943145,964.5847176079734,1200,3.0,0.0024937655860349127,649.7192642787996,2.1355275895450143,848.2295719844358,2061,7.0,0.0033849129593810446,545.5787476280835,2.781783681214421,437.6470588235294,1054,0.0,0.0,392.46153846153845,2.6508875739644973,375.0891089108911,1012,5.0,0.004916420845624385,409.2420634920635,2.484126984126984,586.5208747514911,1007,5.0,0.004940711462450593,386.8893360160966,1.5090543259557343,454.6292585170341,996,4.0,0.004,687.3438914027149,1.3861236802413273,492.90225563909775,1328,6.0,0.004497751124437781,424.0384615384616,2.743589743589744,498.2692307692308,624,2.0,0.003194888178913738,593.2756756756756,4.34054054054054,546.0326086956521,738,3.0,0.004048582995951417,1620.5078369905957,2.536050156739812,1638.6335403726707,641,3.0,0.004658385093167702,701.2486033519554,1.558659217877095,631.8333333333334,718,1.0,0.0013908205841446453,358.8523316062176,1.860103626943005,282.2976501305483,769,2.0,0.0025940337224383916,392.33898305084745,2.701694915254237,568.2828282828283,592,2.0,0.003367003367003367,208.78172588832487,1.6649746192893402,209.6954314720812,788,1.0,0.0012674271229404308
