iata,lat,lon,Timezone
SPY,4.746717,-6.66081,Africa/Abidjan
HGO,9.387183,-5.55666,Africa/Abidjan
ABJ,5.261386,-3.92629,Africa/Abidjan
BYK,7.7388,-5.07366,Africa/Abidjan
ACC,5.605186,-0.16678,Africa/Accra
TKD,4.896056,-1.77475,Africa/Accra
TML,9.557192,-0.86321,Africa/Accra
KMS,6.714564,-1.59081,Africa/Accra
AWA,7.095,38.398335,Africa/Addis_Ababa
GOB,7.119172,40.045189,Africa/Addis_Ababa
DSE,11.111111,39.724998,Africa/Addis_Ababa
GMB,8.128764,34.563129,Africa/Addis_Ababa
ADD,8.977889,38.799309,Africa/Addis_Ababa
AMH,6.039389,37.59045,Africa/Addis_Ababa
GDE,5.935128,43.578568,Africa/Addis_Ababa
DIR,9.6247,41.854198,Africa/Addis_Ababa
BCO,5.747689,36.563217,Africa/Addis_Ababa
LLI,11.97501,38.979961,Africa/Addis_Ababa
JIM,7.666094,36.816631,Africa/Addis_Ababa
MQX,13.46736,39.533459,Africa/Addis_Ababa
JIJ,9.330292,42.910881,Africa/Addis_Ababa
ASO,10.01855,34.58625,Africa/Addis_Ababa
SZE,11.789622,40.989609,Africa/Addis_Ababa
BJR,11.60807,37.32164,Africa/Addis_Ababa
AXU,14.14675,38.772831,Africa/Addis_Ababa
GDQ,12.5199,37.43404,Africa/Addis_Ababa
TLM,35.016659,-1.45,Africa/Algiers
LOO,33.764381,2.928344,Africa/Algiers
TMX,29.236679,0.276205,Africa/Algiers
ALG,36.69101,3.215408,Africa/Algiers
BSK,34.793282,5.738231,Africa/Algiers
HME,31.67297,6.140444,Africa/Algiers
GHA,32.384102,3.794114,Africa/Algiers
TMR,22.81146,5.451075,Africa/Algiers
TIN,27.700371,-8.1671,Africa/Algiers
BLJ,35.759167,6.3225,Africa/Algiers
CBH,31.645412,-2.279816,Africa/Algiers
AZR,27.83758,-0.18641,Africa/Algiers
ORN,35.623852,-0.62118,Africa/Algiers
CZL,36.27602,6.620386,Africa/Algiers
DJG,24.292761,9.452444,Africa/Algiers
OGX,31.917219,5.412778,Africa/Algiers
CFK,36.212223,1.331667,Africa/Algiers
BJA,36.71199,5.069922,Africa/Algiers
GJL,36.795132,5.873608,Africa/Algiers
VVZ,26.72353,8.622653,Africa/Algiers
AAE,36.82222,7.809167,Africa/Algiers
QSF,36.17812,5.324494,Africa/Algiers
ELU,33.511391,6.776794,Africa/Algiers
ASM,15.29185,38.91066,Africa/Asmara
GAQ,16.24843,-0.00545,Africa/Bamako
BKO,12.53354,-7.94994,Africa/Bamako
BGF,4.398475,18.51878,Africa/Bangui
BIV,6.527778,21.989441,Africa/Bangui
BJL,13.33796,-16.652201,Africa/Banjul
OXB,11.8947,-15.6536,Africa/Bissau
LLW,-13.7893,33.780998,Africa/Blantyre
BLZ,-15.679,34.97401,Africa/Blantyre
PNR,-4.81602,11.88659,Africa/Brazzaville
BZV,-4.2517,15.25303,Africa/Brazzaville
BJM,-3.32401,29.31851,Africa/Bujumbura
SPX,30.109722,30.894444,Africa/Cairo
CCE,30.07222,31.83333,Africa/Cairo
MUH,31.32535,27.22168,Africa/Cairo
RMF,25.55711,34.58371,Africa/Cairo
LXR,25.671021,32.706581,Africa/Cairo
HBE,30.91766,29.6964,Africa/Cairo
CAI,30.121941,31.40555,Africa/Cairo
ASW,23.96435,32.819969,Africa/Cairo
HRG,27.17831,33.799431,Africa/Cairo
ABS,22.37595,31.611719,Africa/Cairo
DBB,30.924444,28.46139,Africa/Cairo
TCP,29.58777,34.778049,Africa/Cairo
ATZ,27.046499,31.01198,Africa/Cairo
PSD,31.27944,32.240002,Africa/Cairo
SSH,27.97728,34.394951,Africa/Cairo
HMB,26.339918,31.73933,Africa/Cairo
ERH,31.9475,-4.39833,Africa/Casablanca
TTU,35.59433,-5.32001,Africa/Casablanca
TNG,35.72691,-5.91688,Africa/Casablanca
OZG,30.267143,-5.852456,Africa/Casablanca
GLN,29.016666,-10.067778,Africa/Casablanca
CMN,33.367458,-7.58996,Africa/Casablanca
RAK,31.60688,-8.0363,Africa/Casablanca
RBA,34.05146,-6.75151,Africa/Casablanca
AGA,30.324989,-9.41306,Africa/Casablanca
TTA,28.448191,-11.1613,Africa/Casablanca
ESU,31.397499,-9.681667,Africa/Casablanca
AHU,35.177101,-3.83952,Africa/Casablanca
NDR,34.988888,-3.028333,Africa/Casablanca
BEM,32.400002,-6.316667,Africa/Casablanca
UAR,32.514172,-1.98167,Africa/Casablanca
FEZ,33.927261,-4.97795,Africa/Casablanca
OUD,34.787151,-1.92398,Africa/Casablanca
OZZ,30.939051,-6.90943,Africa/Casablanca
JCU,35.892799,-5.30639,Africa/Ceuta
MLN,35.279812,-2.95625,Africa/Ceuta
CKY,9.576889,-13.6119,Africa/Conakry
DKR,14.7397,-17.4902,Africa/Dakar
DSS,14.671111,-17.066944,Africa/Dakar
ZIG,12.55561,-16.2817,Africa/Dakar
CSK,12.394692,-16.747387,Africa/Dakar
ZNZ,-6.22202,39.22488,Africa/Dar_es_Salaam
MUZ,-1.5025,33.801941,Africa/Dar_es_Salaam
MBI,-8.922018,33.274021,Africa/Dar_es_Salaam
MWZ,-2.44448,32.932659,Africa/Dar_es_Salaam
SGX,-10.683,35.583,Africa/Dar_es_Salaam
SEU,-2.4567,34.821545,Africa/Dar_es_Salaam
PMA,-5.25726,39.811409,Africa/Dar_es_Salaam
MYW,-10.339,40.181782,Africa/Dar_es_Salaam
DOD,-6.17043,35.752571,Africa/Dar_es_Salaam
NPY,-6.355285,31.084045,Africa/Dar_es_Salaam
TBO,-5.07638,32.833328,Africa/Dar_es_Salaam
BKZ,-1.330269,31.818968,Africa/Dar_es_Salaam
LKY,-3.375889,35.82021,Africa/Dar_es_Salaam
ARK,-3.36779,36.633331,Africa/Dar_es_Salaam
KIY,-8.933,39.516998,Africa/Dar_es_Salaam
IRI,-7.66863,35.75211,Africa/Dar_es_Salaam
JRO,-3.4294,37.074459,Africa/Dar_es_Salaam
MFA,-7.9175,39.668331,Africa/Dar_es_Salaam
DAR,-6.87811,39.202621,Africa/Dar_es_Salaam
TKQ,-4.88638,29.67083,Africa/Dar_es_Salaam
TGT,-5.09235,39.071152,Africa/Dar_es_Salaam
JIB,11.54733,43.159481,Africa/Djibouti
MVR,10.45139,14.25736,Africa/Douala
BFX,5.536919,10.35458,Africa/Douala
NSI,3.722556,11.55326,Africa/Douala
BPC,6.039239,10.12263,Africa/Douala
DLA,4.006081,9.719481,Africa/Douala
BTA,4.548611,13.72611,Africa/Douala
NGE,7.357011,13.55924,Africa/Douala
KBI,2.873889,9.977778,Africa/Douala
GOU,9.335892,13.3701,Africa/Douala
VIL,23.713333,-15.935,Africa/El_Aaiun
EUN,27.151661,-13.2191,Africa/El_Aaiun
KBS,7.95,-11.767,Africa/Freetown
FNA,8.616444,-13.1954,Africa/Freetown
MUB,-19.9725,23.43108,Africa/Gaborone
BBK,-17.8328,25.162399,Africa/Gaborone
FRW,-21.1591,27.468296,Africa/Gaborone
GBE,-24.555201,25.9182,Africa/Gaborone
BUQ,-20.017401,28.617861,Africa/Harare
VFA,-18.0958,25.839001,Africa/Harare
HRE,-17.931801,31.09284,Africa/Harare
CPT,-33.964802,18.60166,Africa/Johannesburg
GRJ,-34.005501,22.37888,Africa/Johannesburg
MBD,-25.798401,25.548,Africa/Johannesburg
MGH,-30.857401,30.34301,Africa/Johannesburg
HDS,-24.368601,31.04874,Africa/Johannesburg
QAS,-71.672386,-2.824861,Africa/Johannesburg
SIS,-27.6486,22.999269,Africa/Johannesburg
PHW,-23.937099,31.15539,Africa/Johannesburg
PZB,-29.648899,30.398661,Africa/Johannesburg
UTN,-28.399,21.260229,Africa/Johannesburg
PBZ,-34.088226,23.328588,Africa/Johannesburg
DUR,-29.616667,31.108334,Africa/Johannesburg
ELS,-33.0355,27.82593,Africa/Johannesburg
KIM,-28.802799,24.76516,Africa/Johannesburg
UTT,-31.547899,28.67428,Africa/Johannesburg
PLZ,-33.984901,25.61727,Africa/Johannesburg
HLA,-25.938499,27.92613,Africa/Johannesburg
JNB,-26.139099,28.246,Africa/Johannesburg
NTY,-25.333799,27.173349,Africa/Johannesburg
PRY,-25.653799,28.22423,Africa/Johannesburg
NLP,-25.5007,30.913469,Africa/Johannesburg
BFN,-29.092699,26.302441,Africa/Johannesburg
MQP,-25.383101,31.1056,Africa/Johannesburg
RCB,-28.740999,32.09211,Africa/Johannesburg
PTG,-23.845301,29.458611,Africa/Johannesburg
SZK,-24.960899,31.58873,Africa/Johannesburg
MAK,9.558969,31.652241,Africa/Juba
JUB,4.872006,31.60111,Africa/Juba
RBX,6.831093,29.669044,Africa/Juba
WUU,7.725737,27.974674,Africa/Juba
EBB,0.042386,32.443501,Africa/Kampala
UYL,12.05347,24.956169,Africa/Khartoum
PZU,19.43363,37.23407,Africa/Khartoum
ELF,13.61489,25.32465,Africa/Khartoum
KRT,15.58949,32.553162,Africa/Khartoum
KSL,15.38749,36.328838,Africa/Khartoum
EGN,13.48166,22.46722,Africa/Khartoum
EBD,13.15321,30.23267,Africa/Khartoum
KME,-2.46224,28.907949,Africa/Kigali
KGL,-1.96862,30.13945,Africa/Kigali
FIH,-4.38575,15.44456,Africa/Kinshasa
KRZ,-1.435,19.024,Africa/Kinshasa
KGN,-6.583333,16.816668,Africa/Kinshasa
CBQ,4.976019,8.347196,Africa/Lagos
SKO,12.91632,5.207189,Africa/Lagos
ENU,6.474272,7.561961,Africa/Lagos
ABB,6.203055,6.667222,Africa/Lagos
GMO,10.298056,10.898889,Africa/Lagos
BNI,6.316981,5.599503,Africa/Lagos
PHC,5.015494,6.949594,Africa/Lagos
YOL,9.257553,12.43042,Africa/Lagos
IBA,7.362458,3.978333,Africa/Lagos
LOS,6.577369,3.321156,Africa/Lagos
QOW,5.427056,7.206031,Africa/Lagos
ABV,9.006792,7.263172,Africa/Lagos
AKR,7.246739,5.301008,Africa/Lagos
JOS,9.639828,8.86905,Africa/Lagos
KAD,10.69602,7.320114,Africa/Lagos
KAN,12.04758,8.524622,Africa/Lagos
ILR,8.440211,4.493919,Africa/Lagos
QUO,4.876463,8.085693,Africa/Lagos
MIU,11.85534,13.08095,Africa/Lagos
QRW,5.594487,5.819282,Africa/Lagos
LBV,0.4586,9.412283,Africa/Libreville
POG,-0.71173,8.754383,Africa/Libreville
LFW,6.165611,1.254511,Africa/Lome
SDD,-14.9247,13.57502,Africa/Luanda
CBT,-12.4791,13.48694,Africa/Luanda
NOV,-12.8088,15.76054,Africa/Luanda
VPE,-17.043417,15.683861,Africa/Luanda
CAB,-5.59699,12.18835,Africa/Luanda
SPP,-14.6575,17.71983,Africa/Luanda
SVP,-12.4046,16.947411,Africa/Luanda
LAD,-8.85837,13.23117,Africa/Luanda
VHC,-9.68906,20.43187,Africa/Luanda
SZA,-6.14108,12.37176,Africa/Luanda
KND,-2.91917,25.915359,Africa/Lubumbashi
FKI,0.481639,25.337971,Africa/Lubumbashi
FBM,-11.5913,27.53088,Africa/Lubumbashi
FMI,-5.87555,29.25,Africa/Lubumbashi
BUX,1.565719,30.220831,Africa/Lubumbashi
BKY,-2.30897,28.8088,Africa/Lubumbashi
MJM,-6.12123,23.569,Africa/Lubumbashi
BNC,0.576373,29.47238,Africa/Lubumbashi
GOM,-1.67081,29.238461,Africa/Lubumbashi
KWZ,-10.76639,25.508223,Africa/Lubumbashi
IRP,2.827606,27.588249,Africa/Lubumbashi
KMN,-8.64202,25.25289,Africa/Lubumbashi
KGA,-5.90005,22.46916,Africa/Lubumbashi
NLA,-12.961792,28.517223,Africa/Lusaka
LVI,-17.821699,25.822689,Africa/Lusaka
KAA,-10.217,31.132999,Africa/Lusaka
LUN,-15.3308,28.45262,Africa/Lusaka
MFU,-13.259051,31.935701,Africa/Lusaka
BSG,1.905469,9.805681,Africa/Malabo
SSG,3.755267,8.708717,Africa/Malabo
VPY,-19.133333,33.483334,Africa/Maputo
MPM,-25.920799,32.572601,Africa/Maputo
VXC,-13.2739,35.266258,Africa/Maputo
APL,-15.1056,39.281799,Africa/Maputo
VNX,-22.0184,35.31329,Africa/Maputo
MNC,-14.4882,40.71225,Africa/Maputo
BEW,-19.7964,34.907551,Africa/Maputo
POL,-12.9867,40.522491,Africa/Maputo
TET,-16.104799,33.640179,Africa/Maputo
INH,-23.8764,35.408539,Africa/Maputo
UEL,-17.855499,36.869099,Africa/Maputo
MSU,-29.4622,27.5525,Africa/Maseru
SHO,-26.356667,31.716944,Africa/Mbabane
MTS,-26.528999,31.30751,Africa/Mbabane
HGA,9.518167,44.088749,Africa/Mogadishu
MGQ,2.014444,45.304722,Africa/Mogadishu
KMU,-0.37735,42.459229,Africa/Mogadishu
GLK,6.780833,47.45472,Africa/Mogadishu
GGR,8.460833,48.572224,Africa/Mogadishu
BSA,11.283333,49.150002,Africa/Mogadishu
BBO,10.38916,44.941101,Africa/Mogadishu
ROB,6.233789,-10.3623,Africa/Monrovia
ASV,-2.633,37.25,Africa/Nairobi
LAU,-2.25241,40.91309,Africa/Nairobi
WIL,-1.32171,36.814831,Africa/Nairobi
UKA,-4.29333,39.571098,Africa/Nairobi
KEU,-1.586377,35.257462,Africa/Nairobi
NBO,-1.31924,36.927769,Africa/Nairobi
WJR,1.733239,40.091599,Africa/Nairobi
MRE,-1.406111,35.008057,Africa/Nairobi
MYD,-3.2293,40.101662,Africa/Nairobi
LOK,3.121967,35.608688,Africa/Nairobi
JJM,0.165006,38.195026,Africa/Nairobi
UAS,0.533,37.533001,Africa/Nairobi
KEY,-0.417,35.25,Africa/Nairobi
EDL,0.404458,35.238918,Africa/Nairobi
MBA,-4.03483,39.59425,Africa/Nairobi
KIS,-0.08613,34.728889,Africa/Nairobi
KTL,0.971989,34.958549,Africa/Nairobi
NYK,-0.067,37.033001,Africa/Nairobi
GAS,-0.4635,39.648289,Africa/Nairobi
NDJ,12.13368,15.03401,Africa/Ndjamena
AJY,16.96599,8.000114,Africa/Niamey
NIM,13.48154,2.183614,Africa/Niamey
NKC,18.306103,-15.964665,Africa/Nouakchott
OUZ,22.75638,-12.4836,Africa/Nouakchott
NDB,20.93306,-17.0299,Africa/Nouakchott
OUA,12.35319,-1.51241,Africa/Ouagadougou
COO,6.357228,2.384353,Africa/Porto-Novo
PCP,1.662528,7.411034,Africa/Sao_Tome
TMS,0.378175,6.712153,Africa/Sao_Tome
WAX,32.933334,12.083333,Africa/Tripoli
MRA,32.325558,15.059722,Africa/Tripoli
MJI,32.889999,13.27,Africa/Tripoli
BEN,32.096779,20.26947,Africa/Tripoli
LAQ,32.788612,21.964167,Africa/Tripoli
TOB,31.854666,23.896267,Africa/Tripoli
ZIS,31.775,12.25,Africa/Tripoli
TIP,32.66354,13.15901,Africa/Tripoli
GHT,25.145559,10.14264,Africa/Tripoli
SEB,26.986959,14.47252,Africa/Tripoli
GAE,33.734165,9.921366,Africa/Tunis
TUN,36.851028,10.22721,Africa/Tunis
SFA,34.717949,10.69097,Africa/Tunis
MIR,35.758049,10.75472,Africa/Tunis
NBE,36.091946,10.413889,Africa/Tunis
DJE,33.875031,10.77546,Africa/Tunis
TBJ,36.98,8.876944,Africa/Tunis
TOE,33.93972,8.110556,Africa/Tunis
OMD,-28.5847,16.446659,Africa/Windhoek
WDH,-22.479799,17.470949,Africa/Windhoek
WVB,-22.979799,14.64533,Africa/Windhoek
SWP,-22.661943,14.568677,Africa/Windhoek
ERS,-22.6122,17.080441,Africa/Windhoek
SZM,-24.512403,15.746901,Africa/Windhoek
OND,-17.878201,15.9526,Africa/Windhoek
MPA,-17.633333,24.180555,Africa/Windhoek
LUD,-26.6873,15.24286,Africa/Windhoek
ADK,51.87796,-176.645996,America/Adak
WNA,60.6903,-161.979004,America/Anchorage
NUL,64.729134,-158.074646,America/Anchorage
EDF,61.251339,-149.806,America/Anchorage
KNW,59.449902,-157.328003,America/Anchorage
GAL,64.73616,-156.936996,America/Anchorage
ORV,66.817375,-161.023102,America/Anchorage
MRI,61.213539,-149.843994,America/Anchorage
AKP,68.129997,-151.740005,America/Anchorage
CIK,66.644997,-143.740005,America/Anchorage
ANC,61.174358,-149.996002,America/Anchorage
TKA,62.321156,-150.093002,America/Anchorage
ABL,67.087502,-157.84584,America/Anchorage
NUI,70.209724,-151.005554,America/Anchorage
PKA,60.7029,-161.778,America/Anchorage
MLY,64.988113,-150.647461,America/Anchorage
AET,66.551804,-152.621994,America/Anchorage
KNK,59.433201,-154.804001,America/Anchorage
ADQ,57.749962,-152.492996,America/Anchorage
OBU,66.9123,-156.897003,America/Anchorage
AIN,70.638,-159.994003,America/Anchorage
AKN,58.676769,-156.649002,America/Anchorage
BKC,65.978889,-161.126663,America/Anchorage
WWA,61.571701,-149.539993,America/Anchorage
IAN,66.974754,-160.441208,America/Anchorage
ENA,60.573299,-151.244003,America/Anchorage
HUS,66.029999,-154.259995,America/Anchorage
KAL,64.319099,-158.740997,America/Anchorage
KLG,61.536301,-160.341003,America/Anchorage
CDV,60.491772,-145.477005,America/Anchorage
HSL,65.702499,-156.375,America/Anchorage
ILI,59.753799,-154.910004,America/Anchorage
CXF,67.252197,-150.203995,America/Anchorage
YAK,,,America/Anchorage
KGK,59.726738,-157.267105,America/Anchorage
KKA,64.939445,-161.149994,America/Anchorage
KYU,64.876099,-157.727005,America/Anchorage
AKI,60.902901,-161.231003,America/Anchorage
TKJ,63.329506,-142.953568,America/Anchorage
LMA,63.885136,-152.30394,America/Anchorage
KGX,62.895279,-160.0625,America/Anchorage
BET,60.77977,-161.837997,America/Anchorage
BTT,66.91394,-151.529007,America/Anchorage
SCC,70.194748,-148.464996,America/Anchorage
MCG,62.952751,-155.604996,America/Anchorage
KBC,66.27504,-145.817902,America/Anchorage
TAL,65.174393,-152.108994,America/Anchorage
KMO,58.9902,-159.050003,America/Anchorage
CLP,58.833698,-158.529007,America/Anchorage
UNK,63.889484,-160.800583,America/Anchorage
VDZ,61.133949,-146.248001,America/Anchorage
HCR,62.190693,-159.773468,America/Anchorage
VEE,67.008698,-146.365997,America/Anchorage
HOM,59.64555,-151.475998,America/Anchorage
KWT,60.790298,-161.444,America/Anchorage
UUK,70.330803,-149.598007,America/Anchorage
BTI,70.131943,-143.623886,America/Anchorage
BRW,71.285439,-156.766006,America/Anchorage
TOG,59.049999,-160.389999,America/Anchorage
SKK,64.324165,-161.138885,America/Anchorage
PTU,59.011391,-161.81694,America/Anchorage
SHG,66.888054,-157.162506,America/Anchorage
PTH,56.956669,-158.637497,America/Anchorage
PAQ,61.592255,-149.087402,America/Anchorage
SXQ,60.474918,-151.034775,America/Anchorage
ANI,61.581669,-159.54306,America/Anchorage
ANV,62.647778,-160.188889,America/Anchorage
ARC,68.110001,-145.570007,America/Anchorage
SHX,62.692299,-159.569,America/Anchorage
FYU,66.571487,-145.25,America/Anchorage
SWD,60.1269,-149.419006,America/Anchorage
EAA,64.778168,-141.150497,America/Anchorage
RBY,64.730003,-155.460831,America/Anchorage
PIP,57.580399,-157.572006,America/Anchorage
FAI,64.815109,-147.856003,America/Anchorage
RSH,61.775002,-161.319443,America/Anchorage
SOV,59.442501,-151.704163,America/Anchorage
ATK,70.5,-157.333328,America/Anchorage
WLK,66.602776,-159.983337,America/Anchorage
DLG,59.044659,-158.505005,America/Anchorage
KWN,59.761112,-161.833328,America/Anchorage
SDP,55.31369,-160.520996,America/Anchorage
SLQ,61.705002,-157.166672,America/Anchorage
CHU,61.583435,-159.238815,America/Anchorage
AXA,18.20483,-63.055,America/Anguilla
ANU,17.13674,-61.792599,America/Antigua
PMW,-10.29,-48.349998,America/Araguaina
GRP,-11.7396,-49.132198,America/Araguaina
AUX,-7.227867,-48.240467,America/Araguaina
BHI,-38.724899,-62.1693,America/Argentina/Buenos_Aires
MDQ,-37.934101,-57.573299,America/Argentina/Buenos_Aires
EZE,-34.822201,-58.535801,America/Argentina/Buenos_Aires
QAE,-34.453449,-58.589581,America/Argentina/Buenos_Aires
EPA,-34.610001,-58.612499,America/Argentina/Buenos_Aires
VLG,-37.235401,-57.029202,America/Argentina/Buenos_Aires
AEP,-34.559101,-58.4156,America/Argentina/Buenos_Aires
LPG,-34.971283,-57.893612,America/Argentina/Buenos_Aires
CRD,-45.785301,-67.4655,America/Argentina/Catamarca
REL,-43.210499,-65.270302,America/Argentina/Catamarca
CTC,-28.593201,-65.7509,America/Argentina/Catamarca
EQS,-42.907902,-71.139397,America/Argentina/Catamarca
PMY,-42.759102,-65.102699,America/Argentina/Catamarca
RHD,-27.450001,-64.879997,America/Argentina/Cordoba
SFN,-31.711599,-60.8116,America/Argentina/Cordoba
ROS,-32.903599,-60.785,America/Argentina/Cordoba
RES,-27.4499,-59.056099,America/Argentina/Cordoba
PRA,-31.794701,-60.480301,America/Argentina/Cordoba
PSS,-27.385799,-55.970699,America/Argentina/Cordoba
SDE,-27.7656,-64.310097,America/Argentina/Cordoba
RCU,-33.085098,-64.261299,America/Argentina/Cordoba
CNQ,-27.445499,-58.761799,America/Argentina/Cordoba
RCQ,-29.210278,-59.68,America/Argentina/Cordoba
FMA,-26.2127,-58.2281,America/Argentina/Cordoba
COR,-31.323601,-64.207901,America/Argentina/Cordoba
IGR,-25.7372,-54.4734,America/Argentina/Cordoba
JUJ,-24.3927,-65.097702,America/Argentina/Jujuy
IRJ,-29.381599,-66.795799,America/Argentina/La_Rioja
MDZ,-32.831699,-68.792801,America/Argentina/Mendoza
AFA,-34.588299,-68.403801,America/Argentina/Mendoza
LGS,-35.4935,-69.574203,America/Argentina/Mendoza
FTE,-50.2803,-72.053101,America/Argentina/Rio_Gallegos
RGL,-51.608799,-69.312599,America/Argentina/Rio_Gallegos
CPC,-40.075298,-71.137199,America/Argentina/Salta
RSA,-36.588299,-64.275597,America/Argentina/Salta
NQN,-38.949001,-68.155701,America/Argentina/Salta
BRC,-41.1511,-71.157501,America/Argentina/Salta
VDM,-40.869202,-63.000301,America/Argentina/Salta
SLA,-24.8559,-65.486099,America/Argentina/Salta
UAQ,-31.5714,-68.418098,America/Argentina/San_Juan
LUQ,-33.273102,-66.3564,America/Argentina/San_Luis
RLO,-32.3843,-65.1856,America/Argentina/San_Luis
TUC,-26.840799,-65.104897,America/Argentina/Tucuman
USH,-54.843201,-68.2957,America/Argentina/Ushuaia
RGA,-53.777599,-67.749298,America/Argentina/Ushuaia
AUA,12.50138,-70.015198,America/Aruba
ASU,-25.239799,-57.5191,America/Asuncion
AGT,-25.455278,-54.843334,America/Asuncion
YEU,79.99472,-85.814102,America/Atikokan
YPL,51.446381,-90.214104,America/Atikokan
YZS,64.193329,-83.359398,America/Atikokan
GNM,-14.2082,-42.746101,America/Bahia
UNA,-15.353333,-38.997223,America/Bahia
PAV,-9.40087,-38.2505,America/Bahia
BPS,-16.438601,-39.080898,America/Bahia
LEC,-12.4823,-41.277,America/Bahia
VAL,-13.2965,-38.992401,America/Bahia
VDC,-14.909978,-40.917465,America/Bahia
IOS,-14.8159,-39.0331,America/Bahia
BRA,-12.073056,-45.008331,America/Bahia
FEC,-12.2003,-38.906799,America/Bahia
TXF,-17.524166,-39.669724,America/Bahia
SSA,-12.9109,-38.331001,America/Bahia
BGI,13.0746,-59.492401,America/Barbados
CKS,-6.114749,-50.001945,America/Belem
BEL,-1.37925,-48.4762,America/Belem
MCP,0.050664,-51.072102,America/Belem
TUR,-3.786,-49.7202,America/Belem
OPP,-0.696944,-47.337776,America/Belem
PTQ,-1.74145,-52.236099,America/Belem
JPE,-3.019722,-47.316387,America/Belem
MAB,-5.36858,-49.138,America/Belem
BVS,-1.636789,-50.443901,America/Belem
PND,16.102222,-88.80806,America/Belize
TZA,17.516512,-88.194695,America/Belize
DGA,16.982389,-88.231003,America/Belize
CZH,18.382221,-88.410835,America/Belize
SPR,17.91,-87.970001,America/Belize
BZE,17.539141,-88.308197,America/Belize
CUK,17.735001,-88.029442,America/Belize
PLJ,16.537222,-88.361115,America/Belize
YBX,51.439999,-57.18,America/Blanc-Sablon
YNA,50.189999,-61.789101,America/Blanc-Sablon
YHR,50.468933,-59.636696,America/Blanc-Sablon
YIF,51.209721,-58.657501,America/Blanc-Sablon
BVB,2.846311,-60.689999,America/Boa_Vista
BUN,3.819592,-76.989601,America/Bogota
MGN,9.284739,-74.846001,America/Bogota
BOG,4.703056,-74.138298,America/Bogota
NVA,2.950422,-75.2939,America/Bogota
CTG,10.4425,-75.512703,America/Bogota
EBG,7.59647,-74.808899,America/Bogota
MZL,5.029992,-75.465103,America/Bogota
APO,7.817678,-76.717659,America/Bogota
PVA,13.35694,-81.358299,America/Bogota
CZU,9.333333,-75.283302,America/Bogota
PUU,0.505,-76.500801,America/Bogota
IPI,0.861972,-77.6717,America/Bogota
RCH,11.52355,-72.927101,America/Bogota
NQU,5.709722,-77.262497,America/Bogota
CUC,7.931389,-72.514099,America/Bogota
BAQ,10.88946,-74.780602,America/Bogota
VVC,4.167875,-73.613701,America/Bogota
EJA,7.024331,-73.806801,America/Bogota
CLO,3.543056,-76.381599,America/Bogota
VGZ,0.982159,-76.604057,America/Bogota
SJE,2.579683,-72.639404,America/Bogota
IBE,4.421333,-75.1325,America/Bogota
UIB,5.690797,-76.641197,America/Bogota
EYP,5.320729,-72.386284,America/Bogota
VUP,10.43507,-73.249397,America/Bogota
LET,-4.19314,-69.942596,America/Bogota
LQM,-0.3,-74.583336,America/Bogota
AXM,4.453333,-75.7658,America/Bogota
RVE,6.95,-71.849998,America/Bogota
PDA,3.85426,-67.906395,America/Bogota
MSK,3.751532,-71.45623,America/Bogota
BGA,7.126944,-73.184998,America/Bogota
PCR,6.1875,-67.496597,America/Bogota
LMC,2.179109,-73.787636,America/Bogota
FLA,1.588989,-75.563797,America/Bogota
HAY,8.246203,-73.579628,America/Bogota
RON,5.764497,-73.105652,America/Bogota
TME,6.451036,-71.759903,America/Bogota
GPI,2.570133,-77.898598,America/Bogota
EOH,6.219958,-75.5905,America/Bogota
MDE,6.164444,-75.422997,America/Bogota
TCO,1.814294,-78.749298,America/Bogota
TLU,9.509513,-75.585793,America/Bogota
AUC,7.068889,-70.7369,America/Bogota
SMR,11.11972,-74.230797,America/Bogota
MTR,8.823678,-75.825897,America/Bogota
PTX,1.85777,-76.085701,America/Bogota
CAQ,7.96847,-75.198502,America/Bogota
MVP,1.253531,-70.234001,America/Bogota
MMP,9.259722,-74.437775,America/Bogota
ADZ,12.58368,-81.710899,America/Bogota
PEI,4.812778,-75.739403,America/Bogota
PSO,1.396247,-77.291397,America/Bogota
BSC,6.202936,-77.394798,America/Bogota
SVI,2.152595,-74.766754,America/Bogota
PPN,2.45455,-76.609001,America/Bogota
MYL,44.89267,-116.103989,America/Boise
RXE,43.8339,-111.805,America/Boise
SUN,43.5,-114.290001,America/Boise
BOI,43.564362,-116.222,America/Boise
BYI,42.542599,-113.772003,America/Boise
TWF,42.4818,-114.487,America/Boise
ONO,44.022778,-117.013885,America/Boise
IDA,43.513721,-112.07,America/Boise
PIH,42.909801,-112.595001,America/Boise
YBB,68.534439,-89.807999,America/Cambridge_Bay
YYH,69.546661,-93.576599,America/Cambridge_Bay
YHK,68.635551,-95.849701,America/Cambridge_Bay
YCO,67.816658,-115.142998,America/Cambridge_Bay
YCB,69.108047,-105.138,America/Cambridge_Bay
CGR,-20.468599,-54.672501,America/Campo_Grande
DOU,-22.202778,-54.925556,America/Campo_Grande
CMG,-19.0119,-57.673,America/Campo_Grande
TJL,-20.753641,-51.681252,America/Campo_Grande
PMG,-22.549601,-55.702599,America/Campo_Grande
BYO,-21.247299,-56.452499,America/Campo_Grande
CZM,20.5224,-86.925598,America/Cancun
CUN,21.03652,-86.876999,America/Cancun
CTM,18.50466,-88.326797,America/Cancun
TUV,9.088994,-62.094101,America/Caracas
CAJ,6.232096,-62.854851,America/Caracas
MUN,9.749067,-63.1534,America/Caracas
BNS,8.619575,-70.220802,America/Caracas
LFR,8.239167,-72.271004,America/Caracas
CBL,8.121898,-63.5373,America/Caracas
CUM,10.45033,-64.130402,America/Caracas
LRV,11.95,-66.669998,America/Caracas
CZE,11.41486,-69.681602,America/Caracas
VIG,8.6333,-71.650002,America/Caracas
PZO,8.286533,-62.759136,America/Caracas
LSP,11.78077,-70.151398,America/Caracas
MAR,10.5582,-71.727798,America/Caracas
CCS,10.60311,-66.990501,America/Caracas
STD,7.565111,-72.035103,America/Caracas
ICC,10.794541,-63.981449,America/Caracas
VLN,10.14973,-67.928398,America/Caracas
PMV,10.91292,-63.967499,America/Caracas
BLA,10.10713,-64.689102,America/Caracas
BRM,10.04274,-69.358597,America/Caracas
PBL,10.4805,-68.072998,America/Caracas
CAY,4.819722,-52.3619,America/Cayenne
CYB,19.686979,-79.882698,America/Cayman
GCM,19.29277,-81.357697,America/Cayman
LYB,19.660271,-80.090202,America/Cayman
CEW,30.77883,-86.522102,America/Chicago
ELD,33.22097,-92.813202,America/Chicago
ETS,31.2997,-85.899902,America/Chicago
COU,38.818089,-92.219597,America/Chicago
CXO,30.35236,-95.414497,America/Chicago
HON,44.385189,-98.2285,America/Chicago
CRP,27.770361,-97.501198,America/Chicago
QTA,29.506092,-95.476753,America/Chicago
CBF,41.259201,-95.760597,America/Chicago
WDG,36.3792,-97.7911,America/Chicago
IWS,29.816668,-95.666664,America/Chicago
HUJ,34.032429,-95.542038,America/Chicago
CKN,47.841702,-96.621597,America/Chicago
HTV,30.716667,-95.550003,America/Chicago
ELK,35.430801,-99.394302,America/Chicago
CRS,32.027225,-96.39785,America/Chicago
OLU,41.447224,-97.341667,America/Chicago
HOU,29.645411,-95.278801,America/Chicago
COT,28.45669,-99.2183,America/Chicago
UBS,33.46452,-88.380753,America/Chicago
HSV,34.637192,-86.775002,America/Chicago
HUT,38.068054,-97.861115,America/Chicago
DVL,48.113056,-98.907501,America/Chicago
CSV,35.951302,-85.084999,America/Chicago
FYM,35.0597,-86.564003,America/Chicago
FYV,36.005089,-94.169998,America/Chicago
FAM,37.761101,-90.428596,America/Chicago
DRT,29.374201,-100.927002,America/Chicago
DBQ,42.400002,-90.699997,America/Chicago
FBL,44.327831,-93.31144,America/Chicago
QTG,30.677477,-97.678467,America/Chicago
FFM,46.285618,-96.151375,America/Chicago
DCU,34.652699,-86.945396,America/Chicago
FAR,46.92065,-96.815697,America/Chicago
INL,48.565578,-93.4021,America/Chicago
QTK,27.204731,-98.122398,America/Chicago
DEC,39.830002,-88.860001,America/Chicago
FRM,43.643902,-94.415604,America/Chicago
GTR,33.450329,-88.591301,America/Chicago
QTQ,30.460573,-87.876991,America/Chicago
QTU,33.254257,-97.580498,America/Chicago
IDP,37.158401,-95.778397,America/Chicago
FLD,43.771198,-88.488403,America/Chicago
GCK,37.927521,-100.723999,America/Chicago
FDR,34.352001,-98.983902,America/Chicago
FTW,32.819771,-97.362396,America/Chicago
DTL,46.826389,-95.886108,America/Chicago
AFW,32.98,-97.309998,America/Chicago
VPS,30.48333,-86.525299,America/Chicago
FST,30.914251,-102.917603,America/Chicago
FET,41.4491,-96.520203,America/Chicago
GAD,33.97361,-86.087219,America/Chicago
FSM,35.336578,-94.367401,America/Chicago
GLE,33.651402,-97.196999,America/Chicago
FOD,42.551189,-94.191803,America/Chicago
GLS,29.265329,-94.860397,America/Chicago
DSI,30.399591,-86.470879,America/Chicago
DDC,37.763119,-99.965401,America/Chicago
DSM,41.53397,-93.663002,America/Chicago
DHN,31.321329,-85.4496,America/Chicago
QQD,33.200832,-97.198059,America/Chicago
DLH,46.842079,-92.193604,America/Chicago
GFK,47.949249,-97.176102,America/Chicago
DUC,34.472221,-97.959724,America/Chicago
GRI,40.967541,-98.309601,America/Chicago
HRL,26.2285,-97.654297,America/Chicago
RBD,32.680832,-96.868332,America/Chicago
HRO,36.26152,-93.154701,America/Chicago
HSI,40.605556,-98.426941,America/Chicago
HBG,31.264999,-89.252777,America/Chicago
PIB,31.467501,-89.33667,America/Chicago
HYS,38.846111,-99.27417,America/Chicago
ADS,32.959999,-96.830002,America/Chicago
HYR,46.024445,-91.444443,America/Chicago
HIB,47.386589,-92.838898,America/Chicago
DHT,36.022579,-102.546997,America/Chicago
HDE,40.452602,-99.337372,America/Chicago
HOT,34.478889,-93.096107,America/Chicago
HUM,29.566944,-90.660835,America/Chicago
DWH,30.059999,-95.550003,America/Chicago
EFD,29.6073,-95.158699,America/Chicago
IAH,29.98443,-95.3414,America/Chicago
DAL,32.847111,-96.8517,America/Chicago
EAU,44.860001,-91.480003,America/Chicago
HPT,42.72472,-93.226334,America/Chicago
DNV,40.197224,-87.596947,America/Chicago
GRM,47.838333,-90.383057,America/Chicago
GPZ,47.214443,-93.511108,America/Chicago
EVM,47.426388,-92.495834,America/Chicago
EVV,38.036991,-87.532303,America/Chicago
GBD,38.34425,-98.8591,America/Chicago
IKK,41.074471,-87.845665,America/Chicago
GRB,44.484631,-88.1297,America/Chicago
GVT,33.067829,-96.0653,America/Chicago
DUA,33.942299,-96.394501,America/Chicago
GLH,33.484444,-90.985001,America/Chicago
GWO,33.49432,-90.084702,America/Chicago
DVN,41.610298,-90.588303,America/Chicago
QTD,35.996822,-89.407188,America/Chicago
GUF,30.290501,-87.671799,America/Chicago
GPT,30.407261,-89.07,America/Chicago
GOK,35.8498,-97.415604,America/Chicago
GUY,36.682777,-101.507774,America/Chicago
EGV,45.929169,-89.265831,America/Chicago
DFW,32.89682,-97.037903,America/Chicago
QQA,45.145,-93.210281,America/Chicago
JAN,32.311161,-90.075798,America/Chicago
SLN,38.790958,-97.6521,America/Chicago
SJT,31.35775,-100.496002,America/Chicago
SAT,29.533689,-98.469704,America/Chicago
SKF,29.372971,-98.570969,America/Chicago
SSF,29.337084,-98.46936,America/Chicago
HYI,29.892778,-97.863052,America/Chicago
SCB,41.613956,-96.630768,America/Chicago
SRC,35.25,-91.73333,America/Chicago
SEM,32.343941,-86.987801,America/Chicago
SBM,43.764751,-87.850708,America/Chicago
PNX,33.714169,-96.673615,America/Chicago
DTN,32.540199,-93.745003,America/Chicago
SHV,32.446609,-93.8256,America/Chicago
SIK,36.898319,-89.562042,America/Chicago
SLG,36.191898,-94.489998,America/Chicago
FSD,43.582008,-96.741898,America/Chicago
SUX,42.402599,-96.3843,America/Chicago
MQY,36.0,-86.519997,America/Chicago
SNK,32.690289,-100.948814,America/Chicago
SPW,43.163891,-95.200836,America/Chicago
SUS,38.66,-90.650002,America/Chicago
SPZ,36.176388,-94.119164,America/Chicago
SPI,39.844101,-89.677803,America/Chicago
SGF,37.245659,-93.388603,America/Chicago
STC,45.546665,-94.059998,America/Chicago
SLO,38.645061,-88.966003,America/Chicago
STJ,39.771942,-94.909706,America/Chicago
RSN,32.516666,-92.633331,America/Chicago
ROX,48.856598,-95.6978,America/Chicago
PPA,35.609921,-100.993813,America/Chicago
ECP,30.35,-85.790001,America/Chicago
PGR,36.062496,-90.508263,America/Chicago
PRX,33.636665,-95.450279,America/Chicago
PKD,46.898335,-95.071671,America/Chicago
PTN,29.710308,-91.340652,America/Chicago
PEQ,31.379999,-103.510002,America/Chicago
PLR,33.558437,-86.249222,America/Chicago
PNS,30.473419,-87.1866,America/Chicago
PIA,40.6642,-89.693199,America/Chicago
VYS,41.351944,-89.153053,America/Chicago
PIR,44.38269,-100.285004,America/Chicago
CPS,38.573383,-90.146217,America/Chicago
PTS,37.446667,-94.730553,America/Chicago
PNC,36.731911,-97.099701,America/Chicago
POF,36.773216,-90.324875,America/Chicago
PTT,37.716667,-98.75,America/Chicago
UIN,39.944168,-91.19722,America/Chicago
RAC,42.760555,-87.815277,America/Chicago
RHI,45.631191,-89.4674,America/Chicago
RIE,45.415775,-91.772942,America/Chicago
RST,43.908272,-92.5,America/Chicago
RKP,28.086111,-97.04361,America/Chicago
ROG,36.372223,-94.106667,America/Chicago
VIH,38.127743,-91.772751,America/Chicago
LOT,41.607224,-88.096107,America/Chicago
PVW,34.169098,-101.716148,America/Chicago
PSN,31.776972,-95.706375,America/Chicago
STL,38.748692,-90.370003,America/Chicago
SEP,32.21574,-98.177963,America/Chicago
ACT,31.61128,-97.230499,America/Chicago
CNW,31.6378,-97.074097,America/Chicago
ARG,36.124668,-90.92511,America/Chicago
RRT,48.940216,-95.346519,America/Chicago
ALO,42.549999,-92.400002,America/Chicago
ATY,44.913971,-97.154701,America/Chicago
UES,43.038914,-88.237747,America/Chicago
CWA,44.777611,-89.666702,America/Chicago
AUW,44.926281,-89.626999,America/Chicago
TBN,37.741631,-92.140701,America/Chicago
WEA,32.744705,-97.682434,America/Chicago
ETB,43.422199,-88.127899,America/Chicago
AWM,35.135101,-90.234398,America/Chicago
WWR,36.438,-99.522667,America/Chicago
WHT,29.254299,-96.154404,America/Chicago
BEC,37.6945,-97.214996,America/Chicago
ICT,37.64994,-97.432999,America/Chicago
KIP,33.8578,-98.490402,America/Chicago
SPS,33.988789,-98.491798,America/Chicago
XWA,48.251793,-103.74942,America/Chicago
ILL,45.117748,-95.132271,America/Chicago
ONA,44.079567,-91.711517,America/Chicago
ISW,44.360664,-89.838181,America/Chicago
YKN,42.917255,-97.386177,America/Chicago
QTW,31.486238,-97.318207,America/Chicago
VCT,28.85111,-96.914444,America/Chicago
VLA,38.991467,-89.166191,America/Chicago
VPZ,41.452404,-87.006912,America/Chicago
SQI,41.740002,-89.680832,America/Chicago
STE,44.545277,-89.53083,America/Chicago
SWO,36.15889,-97.085556,America/Chicago
SUE,44.843887,-87.421387,America/Chicago
SGT,34.5,-91.533333,America/Chicago
SGR,29.611597,-95.647827,America/Chicago
SLR,33.160034,-95.621101,America/Chicago
SUW,46.691113,-92.103333,America/Chicago
ASN,33.57135,-86.052193,America/Chicago
TPL,31.150278,-97.409164,America/Chicago
TRL,32.709351,-96.267082,America/Chicago
TXK,33.45372,-93.990997,America/Chicago
STP,44.933334,-93.066666,America/Chicago
TVF,48.066113,-96.184998,America/Chicago
FOE,38.950939,-95.663597,America/Chicago
TOI,31.799999,-85.966667,America/Chicago
THA,35.3801,-86.246399,America/Chicago
TUL,36.19838,-95.8881,America/Chicago
RVS,36.039707,-95.984764,America/Chicago
UTM,34.683304,-90.349075,America/Chicago
TUP,34.258888,-88.76722,America/Chicago
TCL,33.220001,-87.610001,America/Chicago
TYR,32.35413,-95.402298,America/Chicago
UCY,36.379642,-88.985718,America/Chicago
UVA,29.21139,-99.743614,America/Chicago
VTN,42.849998,-100.540001,America/Chicago
TOP,39.069721,-95.622498,America/Chicago
PAH,37.06028,-88.772903,America/Chicago
UOX,34.380001,-89.535294,America/Chicago
OWB,37.73,-87.160004,America/Chicago
LRD,27.543791,-99.461502,America/Chicago
LUL,31.666668,-89.166664,America/Chicago
LWC,39.009167,-95.217499,America/Chicago
LAW,34.560001,-98.410004,America/Chicago
QQL,38.959721,-94.371391,America/Chicago
LBL,37.044167,-100.959999,America/Chicago
LNK,40.850971,-96.759201,America/Chicago
LIT,34.729439,-92.224297,America/Chicago
GGG,32.38401,-94.711403,America/Chicago
LMS,33.146198,-89.0625,America/Chicago
LBB,33.663631,-101.821999,America/Chicago
LFK,31.234011,-94.75,America/Chicago
DXE,32.441071,-90.104126,America/Chicago
MSN,43.139851,-89.337502,America/Chicago
MAW,36.600601,-89.992203,America/Chicago
MHK,39.140968,-96.670799,America/Chicago
MXA,35.894444,-90.154442,America/Chicago
MTW,44.129723,-87.68222,America/Chicago
MKT,44.22361,-93.918335,America/Chicago
MRF,30.371111,-104.017502,America/Chicago
MWA,37.751945,-89.016388,America/Chicago
ASL,32.5205,-94.3078,America/Chicago
MML,44.447224,-95.817497,America/Chicago
MCW,43.156944,-93.329445,America/Chicago
MLC,34.882401,-95.783401,America/Chicago
AIZ,38.098331,-92.547218,America/Chicago
LJN,29.11092,-95.459457,America/Chicago
LCH,30.12608,-93.223396,America/Chicago
CWF,30.220827,-93.153191,America/Chicago
HKS,32.333675,-90.222298,America/Chicago
MKL,35.59988,-88.915604,America/Chicago
MJQ,43.650002,-94.986664,America/Chicago
JKV,31.869329,-95.217407,America/Chicago
JMS,46.919998,-98.669998,America/Chicago
JVL,42.618595,-89.041603,America/Chicago
JAS,30.8857,-94.034897,America/Chicago
JEF,38.59222,-92.156387,America/Chicago
JOT,41.517776,-88.175552,America/Chicago
JBR,35.831699,-90.6464,America/Chicago
JLN,37.15181,-94.498199,America/Chicago
JCT,30.510845,-99.76442,America/Chicago
MFE,26.175831,-98.238602,America/Chicago
UNU,43.427029,-88.70076,America/Chicago
MCI,39.2976,-94.713898,America/Chicago
OJC,38.849998,-94.73333,America/Chicago
JCI,38.830002,-94.889999,America/Chicago
EAR,40.728333,-98.998886,America/Chicago
KNT,36.225899,-90.036598,America/Chicago
ENW,42.595699,-87.927803,America/Chicago
ERV,29.976667,-99.085556,America/Chicago
GRK,31.067249,-97.828903,America/Chicago
IRK,40.092499,-92.543892,America/Chicago
OSX,33.090057,-89.541763,America/Chicago
LSE,43.879261,-91.256599,America/Chicago
LFT,30.20525,-91.987602,America/Chicago
MKC,39.123249,-94.592697,America/Chicago
MCK,40.206268,-100.592003,America/Chicago
QQT,33.178055,-96.590553,America/Chicago
MEM,35.042412,-89.976601,America/Chicago
WMH,36.3689,-92.470497,America/Chicago
MUT,41.366669,-91.144997,America/Chicago
MSL,34.740002,-87.610001,America/Chicago
MKO,35.653721,-95.358253,America/Chicago
OCH,31.578176,-94.709999,America/Chicago
BNA,36.12447,-86.678101,America/Chicago
QQN,36.18222,-86.886665,America/Chicago
HEZ,31.614721,-91.296387,America/Chicago
QQZ,29.703056,-98.041115,America/Chicago
ARA,30.03775,-91.883797,America/Chicago
NEW,30.039444,-90.026665,America/Chicago
MSY,29.99338,-90.258003,America/Chicago
MVN,38.323055,-88.858612,America/Chicago
RNH,45.149738,-92.539536,America/Chicago
TNU,41.674442,-93.021667,America/Chicago
OFK,41.984165,-97.434166,America/Chicago
OUN,35.241978,-97.468529,America/Chicago
LBF,41.126202,-100.683601,America/Chicago
ONL,42.450001,-98.650002,America/Chicago
PWA,35.534161,-97.647003,America/Chicago
OKC,35.393082,-97.6007,America/Chicago
OLV,34.978306,-89.788452,America/Chicago
OMA,41.303162,-95.893997,America/Chicago
MIQ,41.195122,-96.112099,America/Chicago
OSH,43.983891,-88.556946,America/Chicago
OTM,41.106602,-92.447899,America/Chicago
EWK,38.058201,-97.274498,America/Chicago
IOW,41.639198,-91.546501,America/Chicago
QTH,39.332706,-94.309555,America/Chicago
MXO,42.22028,-91.16333,America/Chicago
UMZ,34.545277,-94.202782,America/Chicago
MEI,32.337223,-88.749168,America/Chicago
MIO,36.908009,-94.887489,America/Chicago
MDD,32.033176,-102.098862,America/Chicago
MAF,31.94252,-102.200996,America/Chicago
NQA,35.356659,-89.870201,America/Chicago
MKE,42.94722,-87.8965,America/Chicago
MWC,43.110638,-88.033295,America/Chicago
QQJ,42.886944,-90.236664,America/Chicago
MWL,32.781601,-98.060097,America/Chicago
MRC,35.553375,-87.177437,America/Chicago
MIC,45.061943,-93.353889,America/Chicago
MOX,45.583332,-95.916664,America/Chicago
FCM,44.827221,-93.457222,America/Chicago
ARV,45.924168,-89.732224,America/Chicago
MOT,48.257629,-101.278,America/Chicago
MHE,43.775276,-98.038055,America/Chicago
MBY,39.46389,-92.426666,America/Chicago
BFM,30.620049,-88.065941,America/Chicago
MOB,30.69141,-88.242798,America/Chicago
MBG,45.544731,-100.406876,America/Chicago
MLI,41.448879,-90.504738,America/Chicago
MLU,32.51086,-92.037598,America/Chicago
MVC,31.458,-87.350998,America/Chicago
MVE,44.950001,-95.716667,America/Chicago
MGM,32.300629,-86.393898,America/Chicago
MSP,44.88195,-93.221703,America/Chicago
CLL,30.588579,-96.3638,America/Chicago
QQG,32.66,-97.089996,America/Chicago
BMT,30.0707,-94.215797,America/Chicago
BWG,36.962223,-86.422218,America/Chicago
ADT,34.804298,-96.671303,America/Chicago
BRD,46.397221,-94.137497,America/Chicago
BKG,36.532082,-93.2005,America/Chicago
CID,41.884682,-91.710701,America/Chicago
ORD,41.978142,-87.9058,America/Chicago
ATW,44.258091,-88.518997,America/Chicago
ALI,27.740879,-98.026901,America/Chicago
AUS,30.194521,-97.6698,America/Chicago
EDC,30.389999,-97.559998,America/Chicago
CKM,34.299702,-90.512299,America/Chicago
CMI,40.039665,-88.269051,America/Chicago
AUM,43.663853,-92.933189,America/Chicago
AXN,45.867222,-95.394165,America/Chicago
AEX,31.32737,-92.5485,America/Chicago
BBW,41.436436,-99.642082,America/Chicago
ALX,32.933334,-85.949997,America/Chicago
BKX,44.303333,-96.811111,America/Chicago
BRO,25.90683,-97.425797,America/Chicago
BWD,31.794722,-98.956665,America/Chicago
XNA,36.28186,-94.306801,America/Chicago
QTN,33.761425,-90.757881,America/Chicago
CFD,30.715691,-96.331299,America/Chicago
QTV,36.345627,-94.219337,America/Chicago
CZT,28.52236,-99.823753,America/Chicago
CKV,36.621899,-87.415001,America/Chicago
QQK,41.691113,-93.566391,America/Chicago
BPT,29.95083,-94.020599,America/Chicago
BVO,36.762501,-96.0112,America/Chicago
QQI,41.535,-87.529442,America/Chicago
GYY,41.610001,-87.410004,America/Chicago
RFD,42.195278,-89.097221,America/Chicago
UGN,42.422161,-87.867897,America/Chicago
PWK,42.114166,-87.901665,America/Chicago
DPA,41.90694,-88.248199,America/Chicago
AUZ,41.7719,-88.4757,America/Chicago
ANB,33.588161,-85.858101,America/Chicago
BTR,30.5329,-91.149803,America/Chicago
AMW,41.992001,-93.621803,America/Chicago
BYH,35.96434,-89.943901,America/Chicago
BDE,48.728382,-94.612091,America/Chicago
CDS,34.433781,-100.287003,America/Chicago
ADM,34.303009,-97.0196,America/Chicago
TDW,35.169899,-101.825996,America/Chicago
ABR,45.439999,-98.419998,America/Chicago
AMA,35.21936,-101.705002,America/Chicago
HPY,29.785995,-94.952606,America/Chicago
ALN,38.890301,-90.045998,America/Chicago
BMI,40.477112,-88.915901,America/Chicago
BVX,35.7262,-91.647301,America/Chicago
BGD,35.700901,-101.393997,America/Chicago
ABI,32.411301,-99.681801,America/Chicago
BIE,40.299999,-96.75,America/Chicago
BIS,46.774479,-100.758209,America/Chicago
BHM,33.563881,-86.752296,America/Chicago
AUO,32.615101,-85.433998,America/Chicago
MDH,37.778099,-89.251999,America/Chicago
BJI,47.509998,-94.93,America/Chicago
MDW,41.785969,-87.752403,America/Chicago
CBK,39.42614,-101.050301,America/Chicago
BRL,40.78611,-91.123337,America/Chicago
QQU,42.691944,-88.303886,America/Chicago
CGI,37.225311,-89.570702,America/Chicago
BLV,38.54517,-89.835098,America/Chicago
CUU,28.702869,-105.963997,America/Chihuahua
CJS,31.636129,-106.428001,America/Ciudad_Juarez
LIO,9.958056,-83.021896,America/Costa_Rica
FON,10.478,-84.634499,America/Costa_Rica
GLF,8.653775,-83.180496,America/Costa_Rica
TMU,9.740862,-85.018578,America/Costa_Rica
PJM,8.533333,-83.300003,America/Costa_Rica
TTQ,10.568889,-83.514999,America/Costa_Rica
XQP,9.443164,-84.1297,America/Costa_Rica
DRK,8.718889,-83.639046,America/Costa_Rica
SYQ,9.957165,-84.139854,America/Costa_Rica
SJO,9.993903,-84.208801,America/Costa_Rica
TNO,10.314661,-85.815399,America/Costa_Rica
LIR,10.59301,-85.545502,America/Costa_Rica
BBA,-45.916,-71.6894,America/Coyhaique
TGQ,-14.662,-57.443501,America/Cuiaba
AIR,-10.186673,-59.457531,America/Cuiaba
CFO,-10.6344,-51.563599,America/Cuiaba
JIA,-11.41936,-58.709908,America/Cuiaba
SXO,-11.632526,-50.689453,America/Cuiaba
CGB,-15.6529,-56.116699,America/Cuiaba
ROO,-16.585278,-54.724167,America/Cuiaba
BPG,-15.8613,-52.388802,America/Cuiaba
AFL,-9.86609,-56.106201,America/Cuiaba
GGB,-14.019444,-52.152222,America/Cuiaba
OPS,-11.878573,-55.581558,America/Cuiaba
SMT,-12.479939,-55.674873,America/Cuiaba
CUR,12.18885,-68.959801,America/Curacao
YOC,67.570274,-139.839096,America/Dawson
YDA,64.043053,-139.127625,America/Dawson
YDQ,55.742329,-120.182999,America/Dawson_Creek
YXJ,56.238049,-120.739998,America/Dawson_Creek
YCQ,55.687344,-121.625969,America/Dawson_Creek
SGU,37.029999,-113.510002,America/Denver
PWY,42.79726,-109.810715,America/Denver
LND,42.833332,-108.73333,America/Denver
DMN,32.262989,-107.721733,America/Denver
WRL,43.963177,-107.952713,America/Denver
GCC,44.346355,-105.532684,America/Denver
FMN,36.741249,-108.228996,America/Denver
LAA,38.060001,-102.68,America/Denver
GGW,48.212776,-106.615555,America/Denver
LAR,41.31361,-105.673058,America/Denver
WBU,40.039398,-105.225998,America/Denver
ASE,39.22316,-106.867996,America/Denver
TEX,37.953888,-107.908607,America/Denver
RAP,44.04533,-103.056999,America/Denver
SVC,32.631943,-108.153893,America/Denver
LIC,39.269482,-103.664658,America/Denver
CDC,37.700958,-113.098,America/Denver
GLD,39.370277,-101.699448,America/Denver
MTJ,38.509789,-107.893997,America/Denver
BIL,45.807659,-108.542,America/Denver
BDG,37.583233,-109.483215,America/Denver
BZN,45.777458,-111.152,America/Denver
FNL,40.45182,-105.011002,America/Denver
DIK,46.797329,-102.801003,America/Denver
SHR,44.774166,-106.977219,America/Denver
GUP,35.511112,-108.786667,America/Denver
LXV,39.22028,-106.316109,America/Denver
SPF,44.480278,-103.783058,America/Denver
RKS,41.59639,-109.065834,America/Denver
BTM,45.951111,-112.493889,America/Denver
RIL,39.526268,-107.725487,America/Denver
RIW,43.064445,-108.456947,America/Denver
LVM,45.69788,-110.445969,America/Denver
TSM,36.458199,-105.671997,America/Denver
SNY,41.099445,-102.982498,America/Denver
XPR,43.022499,-102.511002,America/Denver
OGD,41.196388,-112.010834,America/Denver
CEZ,37.302776,-108.62722,America/Denver
LVS,35.654167,-105.142502,America/Denver
SDY,47.70686,-104.192001,America/Denver
ATS,32.852501,-104.468002,America/Denver
LRU,32.290833,-106.921669,America/Denver
BJC,39.900002,-105.110001,America/Denver
DEN,39.858784,-104.673882,America/Denver
QQH,39.785278,-104.543053,America/Denver
APA,39.57011,-104.848999,America/Denver
LGU,41.787498,-111.855003,America/Denver
BTF,40.8694,-111.927002,America/Denver
LWT,47.051109,-109.471107,America/Denver
CDR,42.834999,-103.097778,America/Denver
DLN,45.255402,-112.553001,America/Denver
DRO,37.151508,-107.752998,America/Denver
AIA,42.053219,-102.803001,America/Denver
EAN,42.049999,-104.966667,America/Denver
RUI,33.462776,-105.534721,America/Denver
SLT,38.538334,-106.048615,America/Denver
CTB,48.608349,-112.375999,America/Denver
COD,44.52,-109.019997,America/Denver
ALM,32.845833,-105.985275,America/Denver
ALS,37.43491,-105.865997,America/Denver
TCS,33.236938,-107.271004,America/Denver
HOB,32.687519,-103.217003,America/Denver
PUC,39.609722,-110.752777,America/Denver
TCC,35.18277,-103.602997,America/Denver
SAA,41.445,-106.809998,America/Denver
MSO,46.916302,-114.089996,America/Denver
QTL,38.94595,-104.571159,America/Denver
AFO,42.711201,-110.942001,America/Denver
QTE,45.274384,-111.648827,America/Denver
COS,38.805801,-104.699997,America/Denver
BFF,41.87402,-103.595001,America/Denver
ABQ,35.040218,-106.609001,America/Denver
CNM,32.337471,-104.263,America/Denver
CIG,40.495201,-107.522003,America/Denver
CVN,34.427223,-103.078888,America/Denver
HVR,48.542969,-109.762001,America/Denver
IML,40.5093,-101.621002,America/Denver
HDN,40.481159,-107.217003,America/Denver
ELP,31.807249,-106.376999,America/Denver
BIF,31.849501,-106.379997,America/Denver
HLN,46.6068,-111.982002,America/Denver
VEL,40.438889,-109.510277,America/Denver
CNY,38.759445,-109.746109,America/Denver
SBS,40.516666,-106.862503,America/Denver
QQE,40.010277,-105.048058,America/Denver
TAD,37.260162,-104.336952,America/Denver
SAF,35.6171,-106.088997,America/Denver
GDV,47.13871,-104.806999,America/Denver
OLF,48.09,-105.57,America/Denver
RTN,36.74139,-104.501114,America/Denver
GJT,39.12241,-108.526001,America/Denver
RWL,41.804443,-107.201385,America/Denver
PWD,48.788734,-104.52375,America/Denver
GNT,35.169025,-107.90316,America/Denver
GTF,47.482651,-111.370003,America/Denver
ROW,33.301552,-104.529999,America/Denver
WYS,44.688381,-111.116997,America/Denver
GXY,40.427757,-104.636864,America/Denver
PVU,40.218056,-111.722221,America/Denver
PGO,37.288059,-107.055023,America/Denver
EGE,39.642551,-106.917,America/Denver
BMC,41.549168,-112.062225,America/Denver
FCA,48.310555,-114.256111,America/Denver
PUB,38.289131,-104.496002,America/Denver
SLC,40.78838,-111.976997,America/Denver
ECS,43.884514,-104.314651,America/Denver
GUC,38.533939,-106.932999,America/Denver
CYS,41.155628,-104.809998,America/Denver
JAC,43.60733,-110.737,America/Denver
CPR,42.908001,-106.463997,America/Denver
ENV,40.718689,-114.029999,America/Denver
MLS,46.430557,-105.880554,America/Denver
PTK,42.665062,-83.420082,America/Detroit
QTM,45.304722,-85.275276,America/Detroit
CAD,44.276066,-85.420662,America/Detroit
MBL,44.273888,-86.253334,America/Detroit
LDM,43.962502,-86.407776,America/Detroit
BTL,42.307301,-85.251503,America/Detroit
ESC,45.72266,-87.093697,America/Detroit
JXN,42.258888,-84.461388,America/Detroit
MCD,45.866669,-84.633331,America/Detroit
FNT,42.96542,-83.743599,America/Detroit
SSM,46.479164,-84.368279,America/Detroit
GLR,45.009998,-84.699997,America/Detroit
MBS,43.531818,-84.082169,America/Detroit
DET,42.409191,-83.009804,America/Detroit
DTW,42.21244,-83.353302,America/Detroit
YIP,42.23772,-83.529999,America/Detroit
APN,45.081669,-83.555832,America/Detroit
LAN,42.778091,-84.586815,America/Detroit
BEH,42.128601,-86.428497,America/Detroit
CIU,46.25,-84.470001,America/Detroit
PHN,42.910969,-82.528801,America/Detroit
MKG,43.169479,-86.238197,America/Detroit
ARB,42.223057,-83.74556,America/Detroit
OSC,44.450001,-83.389999,America/Detroit
GRR,42.880829,-85.522797,America/Detroit
PLN,45.570831,-84.792778,America/Detroit
CMX,47.168411,-88.488998,America/Detroit
AZO,42.23,-85.550003,America/Detroit
QQM,41.93935,-83.434921,America/Detroit
ADG,41.86607,-84.078293,America/Detroit
ACB,44.988602,-85.198402,America/Detroit
QTB,42.742935,-86.106941,America/Detroit
MQT,46.35363,-87.395302,America/Detroit
QTX,45.304722,-85.275276,America/Detroit
MOP,43.621422,-84.735214,America/Detroit
TVC,44.74139,-85.582222,America/Detroit
DCF,15.33671,-61.3922,America/Dominica
DOM,15.54702,-61.299999,America/Dominica
YLB,54.770302,-112.031998,America/Edmonton
YSM,60.020271,-111.960999,America/Edmonton
YZH,55.293049,-114.777,America/Edmonton
YQU,55.179722,-118.885002,America/Edmonton
YEG,53.309719,-113.579002,America/Edmonton
YQL,49.630268,-112.799004,America/Edmonton
YQF,52.18222,-113.893997,America/Edmonton
YMM,56.653332,-111.221001,America/Edmonton
HZP,57.381668,-111.701111,America/Edmonton
YFI,57.275833,-110.976669,America/Edmonton
JHL,57.2239,-111.418999,America/Edmonton
ZHP,55.3936,-116.474998,America/Edmonton
YLL,53.309158,-110.071999,America/Edmonton
YOA,64.699448,-110.614441,America/Edmonton
YZF,62.462769,-114.440002,America/Edmonton
YXC,49.612221,-115.780998,America/Edmonton
YPE,56.22694,-117.446999,America/Edmonton
YHY,60.839722,-115.781998,America/Edmonton
YOJ,58.62138,-117.164001,America/Edmonton
YPY,58.76722,-111.116997,America/Edmonton
YYC,51.11388,-114.019997,America/Edmonton
YZU,54.14389,-115.786003,America/Edmonton
YBY,54.299999,-110.739998,America/Edmonton
YXH,50.01889,-110.720001,America/Edmonton
ERN,-6.639178,-69.879814,America/Eirunepe
SAL,13.44094,-89.055702,America/El_Salvador
ILS,13.699471,-89.119781,America/El_Salvador
YYE,58.83638,-122.596001,America/Fort_Nelson
JPO,-7.038944,-37.25177,America/Fortaleza
ARX,-4.56861,-37.804722,America/Fortaleza
PHB,-2.894273,-41.730507,America/Fortaleza
IMP,-5.53129,-47.459999,America/Fortaleza
JSB,-4.042755,-40.892803,America/Fortaleza
SLZ,-2.58536,-44.2341,America/Fortaleza
JPA,-7.14838,-34.9506,America/Fortaleza
THE,-5.05994,-42.823399,America/Fortaleza
NSR,-9.082863,-42.645153,America/Fortaleza
MVF,-5.20192,-37.3643,America/Fortaleza
BRB,-2.756628,-42.802662,America/Fortaleza
CPV,-7.26991,-35.896301,America/Fortaleza
JDO,-7.218333,-39.271667,America/Fortaleza
NAT,-5.768056,-35.37611,America/Fortaleza
FOR,-3.77628,-38.532501,America/Fortaleza
QIG,-6.346533,-39.294209,America/Fortaleza
JJD,-2.906667,-40.358055,America/Fortaleza
YPS,45.657928,-61.376122,America/Glace_Bay
YQY,46.161381,-60.047699,America/Glace_Bay
YSO,54.910278,-59.785278,America/Goose_Bay
ZUM,53.562778,-64.109169,America/Goose_Bay
YDP,56.548573,-61.685467,America/Goose_Bay
YMN,55.077221,-59.187778,America/Goose_Bay
YRG,54.179443,-58.457222,America/Goose_Bay
YHO,55.450001,-60.233002,America/Goose_Bay
YNP,55.913891,-61.184444,America/Goose_Bay
YWK,52.92194,-66.864403,America/Goose_Bay
YYR,53.31916,-60.4258,America/Goose_Bay
YRF,53.682999,-57.033001,America/Goose_Bay
GDT,21.44453,-71.142303,America/Grand_Turk
PLS,21.773621,-72.2658,America/Grand_Turk
XSC,21.51573,-71.528503,America/Grand_Turk
GND,12.00424,-61.786098,America/Grenada
PTP,16.26416,-61.525799,America/Guadeloupe
SFC,16.257799,-61.262501,America/Guadeloupe
GUA,14.58327,-90.527397,America/Guatemala
PBR,15.7309,-88.583801,America/Guatemala
RER,14.521208,-91.697296,America/Guatemala
AAZ,14.86556,-91.501938,America/Guatemala
FRS,16.913811,-89.866302,America/Guatemala
CUE,-2.88946,-78.984299,America/Guayaquil
GYE,-2.15741,-79.883499,America/Guayaquil
ESM,0.978519,-79.626602,America/Guayaquil
SNC,-2.20499,-80.9888,America/Guayaquil
LOH,-3.99589,-79.371902,America/Guayaquil
UIO,-0.1133,-78.358597,America/Guayaquil
ETR,-3.442069,-79.996864,America/Guayaquil
MEC,-0.94607,-80.678802,America/Guayaquil
OCC,-0.46288,-76.986801,America/Guayaquil
LTX,-0.9,-78.610001,America/Guayaquil
OGL,6.807733,-58.105209,America/Guyana
LTM,3.372761,-59.789333,America/Guyana
GEO,6.498553,-58.254101,America/Guyana
YGR,47.424721,-61.778,America/Halifax
YHZ,44.880829,-63.508598,America/Halifax
YYG,46.290001,-63.121101,America/Halifax
YQI,43.833332,-66.083336,America/Halifax
MZO,20.28817,-77.089302,America/Havana
HAV,22.989149,-82.408997,America/Havana
HOG,20.78558,-76.315102,America/Havana
GER,21.834801,-82.783669,America/Havana
GAO,20.085409,-75.158302,America/Havana
SCU,19.969761,-75.835403,America/Havana
CMW,21.42042,-77.847397,America/Havana
VRA,23.034439,-81.435204,America/Havana
CFG,22.15,-80.414101,America/Havana
CCC,22.461111,-78.328613,America/Havana
SNU,22.492189,-79.943604,America/Havana
CYO,21.616449,-81.545898,America/Havana
CEN,27.39263,-109.833,America/Hermosillo
HMO,29.09585,-111.046997,America/Hermosillo
GYM,27.968981,-110.925003,America/Hermosillo
FWA,40.97847,-85.195099,America/Indiana/Indianapolis
TYQ,40.029999,-86.25,America/Indiana/Indianapolis
IND,39.717289,-86.294601,America/Indiana/Indianapolis
QQQ,39.843613,-85.896942,America/Indiana/Indianapolis
IMS,38.759998,-85.464722,America/Indiana/Indianapolis
SBN,41.706268,-86.316742,America/Indiana/Indianapolis
LAF,40.411945,-86.933609,America/Indiana/Indianapolis
SIV,39.11425,-87.448326,America/Indiana/Indianapolis
QTJ,39.974781,-86.92086,America/Indiana/Indianapolis
BMG,39.139999,-86.610001,America/Indiana/Indianapolis
EKI,41.719398,-86.003197,America/Indiana/Indianapolis
OKK,40.52972,-86.05806,America/Indiana/Indianapolis
ANQ,41.639702,-85.083504,America/Indiana/Indianapolis
HUF,39.451462,-87.307503,America/Indiana/Indianapolis
AID,40.108665,-85.613815,America/Indiana/Indianapolis
QTY,39.830833,-86.294441,America/Indiana/Indianapolis
RID,39.756111,-84.842781,America/Indiana/Indianapolis
MZZ,40.489899,-85.679703,America/Indiana/Indianapolis
CLU,39.261902,-85.896301,America/Indiana/Indianapolis
MIE,40.239723,-85.394447,America/Indiana/Indianapolis
RCR,41.065601,-86.181702,America/Indiana/Indianapolis
GSH,41.52639,-85.794167,America/Indiana/Indianapolis
HNB,38.299999,-86.949997,America/Indiana/Vincennes
LAK,68.223297,-135.005997,America/Inuvik
YGH,66.240555,-128.645752,America/Inuvik
YVQ,65.281609,-126.797997,America/Inuvik
ZFN,64.909637,-125.570702,America/Inuvik
YFS,61.760151,-121.236511,America/Inuvik
YWJ,65.211006,-123.434807,America/Inuvik
YEV,68.304161,-133.481995,America/Inuvik
YVM,67.54583,-64.031303,America/Iqaluit
YCY,70.486107,-68.516602,America/Iqaluit
YUX,68.776108,-81.243599,America/Iqaluit
YSK,56.537769,-79.246597,America/Iqaluit
YLT,82.517776,-62.280556,America/Iqaluit
YGZ,76.426109,-82.909103,America/Iqaluit
YXP,66.144989,-65.7136,America/Iqaluit
YFB,63.75639,-68.555801,America/Iqaluit
YIK,62.417221,-77.891945,America/Iqaluit
YIO,72.689995,-77.968529,America/Iqaluit
YTE,64.230003,-76.526604,America/Iqaluit
YGT,69.364441,-81.816299,America/Iqaluit
MBJ,18.50371,-77.9133,America/Jamaica
OCJ,18.40424,-76.969002,America/Jamaica
KIN,17.935659,-76.787498,America/Jamaica
HNS,59.245834,-135.51889,America/Juneau
SGY,59.46006,-135.315002,America/Juneau
JNU,58.354969,-134.576004,America/Juneau
GST,58.427502,-135.705002,America/Juneau
HNH,58.098057,-135.403336,America/Juneau
LOU,38.228001,-85.663696,America/Kentucky/Louisville
SDF,38.17408,-85.736397,America/Kentucky/Louisville
BON,12.13104,-68.268501,America/Kralendijk
SAB,17.645,-63.220001,America/Kralendijk
EUX,17.49649,-62.979401,America/Kralendijk
UYU,-20.459999,-66.830002,America/La_Paz
GYA,-10.8216,-65.345802,America/La_Paz
BYC,-21.960899,-63.6516,America/La_Paz
SRE,-19.246836,-65.149612,America/La_Paz
LPB,-16.5133,-68.1922,America/La_Paz
CCA,-16.98975,-65.141502,America/La_Paz
ORU,-17.963202,-67.075462,America/La_Paz
TJA,-21.5557,-64.701302,America/La_Paz
TDD,-14.8187,-64.917999,America/La_Paz
SRZ,-17.811501,-63.171398,America/La_Paz
POI,-19.542959,-65.723442,America/La_Paz
RBQ,-14.4275,-67.498001,America/La_Paz
VVI,-17.644699,-63.1353,America/La_Paz
CIJ,-11.0404,-68.782898,America/La_Paz
CBB,-17.421,-66.177101,America/La_Paz
BVK,-13.606223,-63.879143,America/La_Paz
RIB,-11.0105,-66.116669,America/La_Paz
TRU,-8.08141,-79.108704,America/Lima
ILQ,-17.695,-71.344002,America/Lima
CJA,-7.13918,-78.489403,America/Lima
JAU,-11.783333,-75.47361,America/Lima
JUL,-15.4671,-70.158096,America/Lima
IQT,-3.78473,-73.3088,America/Lima
HUU,-9.866667,-76.216667,America/Lima
RIJ,-6.067903,-77.159744,America/Lima
CUZ,-13.5357,-71.938698,America/Lima
AQP,-16.341,-71.583,America/Lima
PEM,-12.6136,-69.2286,America/Lima
JAE,-5.594444,-78.773621,America/Lima
LIM,-12.0218,-77.114304,America/Lima
PCL,-8.37793,-74.574203,America/Lima
SMG,-12.391389,-76.755836,America/Lima
TYL,-4.57663,-81.254097,America/Lima
NZC,-14.854167,-74.961777,America/Lima
PIO,-13.7448,-76.2202,America/Lima
TBP,-3.55252,-80.381302,America/Lima
PIU,-5.20575,-80.616402,America/Lima
TPP,-6.50874,-76.373199,America/Lima
AYP,-13.1548,-74.204399,America/Lima
CHH,-6.2018,-77.856003,America/Lima
CIX,-6.78747,-79.828003,America/Lima
PTL,-4.08703,-81.025757,America/Lima
TCQ,-18.053301,-70.275803,America/Lima
TGI,-9.28916,-76.004997,America/Lima
CXL,32.667458,-115.517677,America/Los_Angeles
MFR,42.374222,-122.873001,America/Los_Angeles
VCV,34.597469,-117.383003,America/Los_Angeles
MMV,45.194439,-123.135002,America/Los_Angeles
OLM,46.97361,-122.903336,America/Los_Angeles
PUW,46.74472,-117.105003,America/Los_Angeles
TOA,33.803047,-118.338974,America/Los_Angeles
WJF,34.740314,-118.218185,America/Los_Angeles
IYK,35.656666,-117.82917,America/Los_Angeles
TVL,38.894169,-119.994446,America/Los_Angeles
SHN,47.233601,-123.147552,America/Los_Angeles
TRM,33.626884,-116.155937,America/Los_Angeles
EAT,47.399723,-120.207779,America/Los_Angeles
SCK,37.894161,-121.237999,America/Los_Angeles
SQL,37.511944,-122.249443,America/Los_Angeles
ONT,34.056,-117.600998,America/Los_Angeles
XSD,37.798801,-116.780998,America/Los_Angeles
RBG,43.238827,-123.358009,America/Los_Angeles
GEG,47.619862,-117.532997,America/Los_Angeles
LGD,45.289722,-118.004997,America/Los_Angeles
BWC,32.992901,-115.516998,America/Los_Angeles
POC,34.091648,-117.781776,America/Los_Angeles
MCE,37.284721,-120.512779,America/Los_Angeles
SBD,34.095268,-117.235001,America/Los_Angeles
MWH,47.20858,-119.319,America/Los_Angeles
VNY,34.209721,-118.489998,America/Los_Angeles
OXR,34.200756,-119.207245,America/Los_Angeles
QTC,34.213715,-119.090408,America/Los_Angeles
IPL,32.834785,-115.574524,America/Los_Angeles
TPH,38.06028,-117.08667,America/Los_Angeles
SFF,47.682812,-117.321999,America/Los_Angeles
OTK,45.418201,-123.814003,America/Los_Angeles
OMK,48.461575,-119.517174,America/Los_Angeles
APV,34.575298,-117.185997,America/Los_Angeles
MCC,38.667629,-121.400002,America/Los_Angeles
MEV,39.0,-119.75,America/Los_Angeles
CPM,33.889999,-118.244003,America/Los_Angeles
PTV,36.02972,-119.062775,America/Los_Angeles
CEC,41.779999,-124.235832,America/Los_Angeles
AST,46.159721,-123.879997,America/Los_Angeles
COE,47.773605,-116.824165,America/Los_Angeles
STS,38.508888,-122.811668,America/Los_Angeles
MOD,37.625809,-120.954002,America/Los_Angeles
PSC,46.26469,-119.119003,America/Los_Angeles
CCB,34.111599,-117.688004,America/Los_Angeles
HLI,36.893333,-121.410278,America/Los_Angeles
PRB,35.669998,-120.620003,America/Los_Angeles
HHR,33.922993,-118.331543,America/Los_Angeles
MHV,35.066666,-118.150002,America/Los_Angeles
CSN,39.1922,-119.734001,America/Los_Angeles
SQA,34.606945,-120.075554,America/Los_Angeles
HIO,45.540001,-122.949997,America/Los_Angeles
KLS,46.118694,-122.899208,America/Los_Angeles
CVO,44.501186,-123.285698,America/Los_Angeles
SAC,38.51252,-121.492996,America/Los_Angeles
HES,45.828667,-119.257973,America/Los_Angeles
BUR,34.200661,-118.358002,America/Los_Angeles
UKI,39.125816,-123.202164,America/Los_Angeles
ALW,46.09,-118.279999,America/Los_Angeles
PDX,45.588718,-122.597,America/Los_Angeles
SMF,38.695412,-121.589996,America/Los_Angeles
PDT,45.698334,-118.836113,America/Los_Angeles
MHR,38.55526,-121.296997,America/Los_Angeles
HWD,37.65889,-122.121666,America/Los_Angeles
UDD,33.747524,-116.273651,America/Los_Angeles
MRY,36.587002,-121.842003,America/Los_Angeles
SLE,44.909443,-123.002502,America/Los_Angeles
CLM,48.121883,-123.49511,America/Los_Angeles
BKE,44.837299,-117.808998,America/Los_Angeles
CCR,37.988888,-122.055557,America/Los_Angeles
PSP,33.829659,-116.505997,America/Los_Angeles
VCB,38.369999,-121.959999,America/Los_Angeles
AVX,33.404999,-118.415833,America/Los_Angeles
PMD,34.629379,-118.084,America/Los_Angeles
PAO,37.461102,-122.114998,America/Los_Angeles
SMX,34.898911,-120.457001,America/Los_Angeles
TTD,45.549442,-122.401108,America/Los_Angeles
SNS,36.664909,-121.610428,America/Los_Angeles
BFL,35.433861,-119.056999,America/Los_Angeles
QQW,48.160831,-122.15889,America/Los_Angeles
SMO,34.017735,-118.449646,America/Los_Angeles
LMT,42.156132,-121.733002,America/Los_Angeles
VIS,36.319443,-119.39389,America/Los_Angeles
HAF,37.513401,-122.500999,America/Los_Angeles
TKF,39.31789,-120.140503,America/Los_Angeles
SEA,47.4482,-122.311203,America/Los_Angeles
BFI,47.5341,-122.305901,America/Los_Angeles
WVI,36.935699,-121.790001,America/Los_Angeles
QQO,36.31665,-119.627647,America/Los_Angeles
BLI,48.79269,-122.537003,America/Los_Angeles
HQM,46.971111,-123.935555,America/Los_Angeles
NUQ,37.416142,-122.049004,America/Los_Angeles
MVW,48.472748,-122.417976,America/Los_Angeles
SZP,34.346943,-119.061668,America/Los_Angeles
TLR,36.156303,-119.326004,America/Los_Angeles
EMT,34.085583,-118.035095,America/Los_Angeles
PWT,47.485001,-122.763336,America/Los_Angeles
FUL,33.872013,-117.979782,America/Los_Angeles
CLS,46.676998,-122.983002,America/Los_Angeles
LWS,46.3745,-117.014999,America/Los_Angeles
AUN,38.9548,-121.082001,America/Los_Angeles
WMC,40.904331,-117.806946,America/Los_Angeles
QTR,38.486874,-121.102745,America/Los_Angeles
SNA,33.675659,-117.867996,America/Los_Angeles
CNO,33.974701,-117.637001,America/Los_Angeles
SUU,38.262661,-121.927002,America/Los_Angeles
MMH,37.631111,-118.851387,America/Los_Angeles
RBL,40.154999,-122.252464,America/Los_Angeles
PAE,47.9077,-122.282799,America/Los_Angeles
SBA,34.426182,-119.841003,America/Los_Angeles
EKA,40.805,-124.114998,America/Los_Angeles
EUG,44.12458,-123.210999,America/Los_Angeles
ONP,44.580276,-124.057777,America/Los_Angeles
OAK,37.721272,-122.220001,America/Los_Angeles
RDD,40.508999,-122.292999,America/Los_Angeles
RDM,44.254051,-121.149002,America/Los_Angeles
APC,38.212223,-122.279999,America/Los_Angeles
MYV,39.098057,-121.569725,America/Los_Angeles
BIH,,,America/Los_Angeles
BLH,33.616505,-114.716782,America/Los_Angeles
NOT,38.143333,-122.555832,America/Los_Angeles
FRD,48.524807,-123.026497,America/Los_Angeles
VGT,36.210171,-115.190826,America/Los_Angeles
RAL,33.952236,-117.443581,America/Los_Angeles
LVK,37.69389,-121.817223,America/Los_Angeles
SFO,37.618969,-122.374001,America/Los_Angeles
RIV,33.881283,-117.259819,America/Los_Angeles
QTO,40.553776,-124.132385,America/Los_Angeles
RIR,33.98888,-117.40947,America/Los_Angeles
OTH,43.418888,-124.239998,America/Los_Angeles
ACV,40.978111,-124.108002,America/Los_Angeles
MYF,32.815449,-117.135635,America/Los_Angeles
OAR,36.6819,-121.762001,America/Los_Angeles
LGB,33.817719,-118.151001,America/Los_Angeles
CLD,33.12825,-117.279999,America/Los_Angeles
LAX,33.94252,-118.406998,America/Los_Angeles
SAN,32.733551,-117.189003,America/Los_Angeles
WHP,34.259323,-118.413429,America/Los_Angeles
LSN,37.06266,-120.869095,America/Los_Angeles
QTZ,48.299442,-116.559998,America/Los_Angeles
FCH,36.73214,-119.820335,America/Los_Angeles
FAT,36.776192,-119.718002,America/Los_Angeles
BLD,35.946777,-114.856377,America/Los_Angeles
ESD,48.708332,-122.912498,America/Los_Angeles
SJC,37.362659,-121.929001,America/Los_Angeles
SVE,40.375557,-120.572777,America/Los_Angeles
YKM,46.560001,-120.540001,America/Los_Angeles
RNO,39.499111,-119.767998,America/Los_Angeles
RHV,37.332779,-121.819725,America/Los_Angeles
OCN,33.217804,-117.3526,America/Los_Angeles
RNT,47.493301,-122.215698,America/Los_Angeles
RLD,46.308334,-119.305557,America/Los_Angeles
CIC,39.79538,-121.858002,America/Los_Angeles
ELY,39.301945,-114.841942,America/Los_Angeles
ELN,47.033001,-120.530998,America/Los_Angeles
EKO,40.824909,-115.791,America/Los_Angeles
TIW,47.267632,-122.576477,America/Los_Angeles
BAM,40.599747,-116.875999,America/Los_Angeles
MAE,36.989124,-120.113167,America/Los_Angeles
LAS,36.080051,-115.152,America/Los_Angeles
MER,37.380482,-120.568001,America/Los_Angeles
SEE,32.826111,-116.972221,America/Los_Angeles
HSH,35.970001,-115.129997,America/Los_Angeles
SBP,35.237259,-120.641998,America/Los_Angeles
DLS,45.6185,-121.167,America/Los_Angeles
SDM,32.572224,-116.980003,America/Los_Angeles
WLW,39.516399,-122.218002,America/Los_Angeles
SXM,18.040951,-63.108898,America/Lower_Princes
MCZ,-9.5108,-35.791599,America/Maceio
AJU,-10.984,-37.070301,America/Maceio
MGA,12.14149,-86.168098,America/Managua
BEF,11.99096,-83.774002,America/Managua
LBR,-7.27897,-64.769501,America/Manaus
PIN,-2.669208,-56.770027,America/Manaus
MBZ,-3.37217,-57.7248,America/Manaus
IUP,-7.1727,-59.839409,America/Manaus
PLL,-3.14604,-59.986301,America/Manaus
MAO,-3.03861,-60.049702,America/Manaus
CIZ,-4.1341,-63.134789,America/Manaus
TFF,-3.38294,-64.723999,America/Manaus
CAF,-4.87152,-66.897499,America/Manaus
TBT,-4.25566,-69.935799,America/Manaus
BAZ,-0.98,-62.91,America/Manaus
SFG,18.100555,-63.048889,America/Marigot
FDF,14.59222,-60.9963,America/Martinique
PDS,28.62739,-100.535004,America/Matamoros
REX,26.0089,-98.2285,America/Matamoros
NLD,27.443911,-99.570396,America/Matamoros
MAM,25.76989,-97.525299,America/Matamoros
TPQ,21.419451,-104.842003,America/Mazatlan
MZT,23.16135,-106.265999,America/Mazatlan
CUL,24.76454,-107.473999,America/Mazatlan
LAP,24.072689,-110.362,America/Mazatlan
LTO,25.989189,-111.348,America/Mazatlan
CSL,22.947701,-109.936996,America/Mazatlan
LMM,25.68519,-109.080002,America/Mazatlan
CUA,25.053801,-111.614998,America/Mazatlan
SJD,23.15185,-109.721001,America/Mazatlan
MNM,45.126652,-87.638397,America/Menominee
IMT,45.818352,-88.114502,America/Menominee
IWD,46.525555,-90.131668,America/Menominee
CME,18.65373,-91.799004,America/Merida
MID,20.936979,-89.6576,America/Merida
CPE,19.81679,-90.500298,America/Merida
AGU,21.705549,-102.317001,America/Mexico_City
MLM,19.849939,-101.025002,America/Mexico_City
PBC,19.15814,-98.371399,America/Mexico_City
MTT,18.103411,-94.580597,America/Mexico_City
BJX,20.99346,-101.480003,America/Mexico_City
TLC,19.33707,-99.566002,America/Mexico_City
CLQ,19.27701,-103.577003,America/Mexico_City
ZLO,19.14477,-104.557999,America/Mexico_City
TAP,14.79433,-92.370003,America/Mexico_City
HUX,15.77531,-96.262497,America/Mexico_City
LZC,18.00173,-102.220001,America/Mexico_City
SLP,22.254299,-100.93,America/Mexico_City
CVJ,18.834761,-99.261299,America/Mexico_City
JAL,19.472221,-96.781944,America/Mexico_City
ZIH,17.601561,-101.459999,America/Mexico_City
VER,19.145929,-96.187202,America/Mexico_City
TGZ,16.561819,-93.026001,America/Mexico_City
VSA,17.997,-92.817299,America/Mexico_City
QRO,20.617279,-100.184998,America/Mexico_City
PVR,20.68008,-105.253998,America/Mexico_City
ACA,16.757059,-99.753899,America/Mexico_City
MEX,19.4363,-99.071999,America/Mexico_City
NLU,19.755301,-99.016403,America/Mexico_City
OAX,16.999901,-96.726601,America/Mexico_City
IZT,16.449301,-95.093697,America/Mexico_City
GDL,20.521799,-103.310997,America/Mexico_City
PAZ,20.602671,-97.4608,America/Mexico_City
ZCL,22.89711,-102.685997,America/Mexico_City
UPN,19.39669,-102.039001,America/Mexico_City
PXM,15.87686,-97.089104,America/Mexico_City
FSP,46.76305,-56.174099,America/Miquelon
YCH,47.007771,-65.449097,America/Moncton
YCL,47.990829,-66.3302,America/Moncton
YQM,46.112221,-64.678596,America/Moncton
ZBF,47.629719,-65.7388,America/Moncton
YSJ,45.316109,-65.890198,America/Moncton
YFC,45.868881,-66.537201,America/Moncton
DGO,24.124189,-104.528,America/Monterrey
LOV,26.95573,-101.470001,America/Monterrey
TAM,22.29645,-97.865898,America/Monterrey
SLW,25.54949,-100.928001,America/Monterrey
NTR,25.86557,-100.237,America/Monterrey
MTY,25.778481,-100.106003,America/Monterrey
CVM,23.703329,-98.956398,America/Monterrey
TRC,25.56827,-103.410004,America/Monterrey
MVD,-34.838402,-56.0308,America/Montevideo
PDP,-34.855099,-55.0942,America/Montevideo
MNI,16.791109,-62.193001,America/Montserrat
AXP,22.44182,-73.970802,America/Nassau
TBI,24.315001,-75.453613,America/Nassau
ASD,24.69828,-77.795601,America/Nassau
CRI,22.75,-74.150002,America/Nassau
TZN,24.158367,-77.588799,America/Nassau
ZSA,24.063271,-74.523903,America/Nassau
NAS,25.03895,-77.466202,America/Nassau
TYM,24.1691,-76.439102,America/Nassau
IGA,20.975,-73.666801,America/Nassau
WKR,27.259695,-78.400375,America/Nassau
ELH,25.474859,-76.683403,America/Nassau
MYG,22.37952,-73.013496,America/Nassau
NMC,24.594299,-76.820198,America/Nassau
FPO,26.55868,-78.695503,America/Nassau
MHH,26.5114,-77.083397,America/Nassau
WTD,26.68527,-78.974998,America/Nassau
LGI,23.17901,-75.093498,America/Nassau
TCB,26.745331,-77.391197,America/Nassau
BIM,25.699881,-79.264603,America/Nassau
SML,23.58144,-75.270401,America/Nassau
CCZ,25.417101,-77.880798,America/Nassau
CXY,25.554428,-79.275352,America/Nassau
GHB,25.2847,-76.331001,America/Nassau
ATC,24.628611,-75.671387,America/Nassau
RSD,24.891701,-76.177696,America/Nassau
GGT,23.56263,-75.877899,America/Nassau
SAQ,25.05381,-78.048897,America/Nassau
GHC,25.7383,-77.840103,America/Nassau
PNE,40.08194,-75.010498,America/New_York
SFB,28.776699,-81.235497,America/New_York
PHL,39.871941,-75.241096,America/New_York
MCO,28.42939,-81.308899,America/New_York
PHF,37.131889,-76.492897,America/New_York
LEB,43.62611,-72.3041,America/New_York
AGC,40.349998,-79.93,America/New_York
BDR,41.163471,-73.126099,America/New_York
LGA,40.777248,-73.872597,America/New_York
LCI,43.571388,-71.421112,America/New_York
PIT,40.49147,-80.232803,America/New_York
PSF,42.426666,-73.291664,America/New_York
ORL,28.54546,-81.332901,America/New_York
BGE,30.972855,-84.635307,America/New_York
MAC,32.822266,-83.562706,America/New_York
BBX,40.137501,-75.265099,America/New_York
OCE,38.316666,-75.116669,America/New_York
MSV,41.701389,-74.794998,America/New_York
PVL,37.560715,-82.569359,America/New_York
LQK,34.809811,-82.702606,America/New_York
TOC,34.590805,-83.298256,America/New_York
EWB,41.676945,-70.959167,America/New_York
SWF,41.504108,-74.104797,America/New_York
AAF,29.733334,-84.98333,America/New_York
SUA,27.182892,-80.22168,America/New_York
BTP,40.776901,-79.949699,America/New_York
JST,40.310001,-78.830002,America/New_York
MGJ,41.516666,-74.26667,America/New_York
COI,28.3416,-80.685501,America/New_York
LEE,28.833332,-81.816666,America/New_York
PBG,44.65094,-73.468102,America/New_York
TMB,25.647881,-80.432701,America/New_York
ACK,41.253052,-70.060097,America/New_York
TIX,28.512222,-80.799446,America/New_York
EWR,40.692501,-74.168602,America/New_York
OCF,29.174091,-82.221596,America/New_York
ABE,40.652302,-75.440399,America/New_York
MSS,44.935829,-74.845497,America/New_York
JFK,40.639751,-73.7789,America/New_York
MCN,32.692848,-83.6492,America/New_York
MVL,44.537231,-72.614136,America/New_York
LZU,33.978577,-83.961205,America/New_York
LWM,42.717499,-71.122498,America/New_York
BFD,41.802223,-78.639442,America/New_York
SME,37.0532,-84.616112,America/New_York
LNS,40.12236,-76.294296,America/New_York
CGS,38.980598,-76.922302,America/New_York
HVN,41.263748,-72.886803,America/New_York
ITH,42.49107,-76.458443,America/New_York
TVI,30.9025,-83.880554,America/New_York
OGS,44.681862,-75.4655,America/New_York
EWN,35.072971,-77.0429,America/New_York
ISP,40.79525,-73.100197,America/New_York
VNC,27.077822,-82.438751,America/New_York
OBE,27.25,-80.833336,America/New_York
LBE,40.274601,-79.4067,America/New_York
SGH,39.840279,-83.840279,America/New_York
PPM,26.25,-80.116669,America/New_York
BED,42.469952,-71.289001,America/New_York
BFP,40.772499,-80.391403,America/New_York
BKW,37.784916,-81.125198,America/New_York
GON,41.328888,-72.046387,America/New_York
MOR,36.180321,-83.375557,America/New_York
MYR,33.679749,-78.928299,America/New_York
MMU,40.799168,-74.415833,America/New_York
GKT,35.8578,-83.528702,America/New_York
MRN,35.82,-81.610001,America/New_York
VLD,30.780001,-83.269997,America/New_York
JHW,42.150555,-79.258057,America/New_York
PYM,41.90889,-70.728889,America/New_York
LGC,33.0075,-85.070831,America/New_York
JAX,30.494049,-81.687798,America/New_York
JRB,40.70121,-74.009003,America/New_York
CRG,30.3363,-81.514397,America/New_York
MGW,39.642776,-79.915833,America/New_York
TEB,40.850101,-74.060799,America/New_York
OGB,33.5,-80.866669,America/New_York
OAJ,34.830441,-77.605835,America/New_York
BCT,26.3785,-80.107597,America/New_York
LCQ,30.181883,-82.575287,America/New_York
SUM,33.993317,-80.361992,America/New_York
QQB,29.055555,-80.948891,America/New_York
MFV,37.647095,-75.76091,America/New_York
MLB,28.102751,-80.645203,America/New_York
LAL,27.98917,-82.014038,America/New_York
TMA,31.433332,-83.48333,America/New_York
UST,29.959324,-81.337852,America/New_York
VQQ,30.218679,-81.876602,America/New_York
BRY,37.814301,-85.499603,America/New_York
MTH,24.726206,-81.050934,America/New_York
LYH,37.325378,-79.200401,America/New_York
BID,41.169434,-71.579613,America/New_York
SCH,42.853489,-73.92849,America/New_York
QQS,28.615,-80.694504,America/New_York
TTN,40.276691,-74.8134,America/New_York
PKB,39.345554,-81.438889,America/New_York
MPO,41.133331,-75.366669,America/New_York
SAV,32.127579,-81.202103,America/New_York
EYW,24.55611,-81.759499,America/New_York
ASH,42.778889,-71.509445,America/New_York
MFD,40.82,-82.512779,America/New_York
OWD,42.192123,-71.176788,America/New_York
BUF,42.940521,-78.732101,America/New_York
AOH,40.706902,-84.026703,America/New_York
BVY,42.584202,-70.916496,America/New_York
MIV,39.367802,-75.072197,America/New_York
AND,34.494579,-82.709297,America/New_York
BOS,42.362968,-71.006401,America/New_York
LOW,38.009941,-77.969009,America/New_York
MLJ,33.154213,-83.241035,America/New_York
LNA,26.59304,-80.084999,America/New_York
PIE,27.91,-82.687401,America/New_York
ORF,36.894611,-76.201202,America/New_York
LOZ,37.087223,-84.076942,America/New_York
MEO,35.919167,-75.695274,America/New_York
TBR,32.4827,-81.7369,America/New_York
MRK,25.999664,-81.674171,America/New_York
ISM,28.29093,-81.435013,America/New_York
CRE,33.811699,-78.7239,America/New_York
QQX,35.963863,-83.873535,America/New_York
IKB,36.222801,-81.098297,America/New_York
QTS,32.609016,-82.369804,America/New_York
TYS,35.81097,-83.994003,America/New_York
SEF,27.457996,-81.344421,America/New_York
ISO,35.326668,-77.616669,America/New_York
BQK,31.258801,-81.4664,America/New_York
RSW,26.53616,-81.755096,America/New_York
SVH,35.765121,-80.951424,America/New_York
BCB,37.2076,-80.407799,America/New_York
SSI,31.15,-81.389999,America/New_York
MXE,34.792423,-79.369392,America/New_York
EDE,36.027699,-76.567101,America/New_York
LDJ,40.616669,-74.25,America/New_York
SHD,38.263889,-78.896667,America/New_York
ANP,38.942902,-76.568398,America/New_York
APF,26.152201,-81.775703,America/New_York
ABY,31.535509,-84.194397,America/New_York
MIA,25.793249,-80.290497,America/New_York
LEX,38.036499,-84.605797,America/New_York
ALB,42.749111,-73.801903,America/New_York
MVY,41.389336,-70.611816,America/New_York
PHK,26.816668,-80.666664,America/New_York
BOW,27.943333,-81.783333,America/New_York
QTP,32.510502,-83.767303,America/New_York
LBT,34.61404,-79.060112,America/New_York
MWO,39.529251,-84.394165,America/New_York
MNZ,38.721943,-77.518059,America/New_York
MTP,41.074444,-71.923615,America/New_York
MJX,39.928093,-74.293053,America/New_York
SLK,44.382778,-74.206665,America/New_York
MRB,39.401669,-77.985001,America/New_York
EFK,44.889606,-72.228043,America/New_York
QQY,36.048611,-79.474998,America/New_York
BTV,44.471859,-73.153198,America/New_York
NPT,41.532398,-71.281502,America/New_York
TLH,30.396521,-84.350304,America/New_York
PTB,37.184521,-77.505821,America/New_York
TOL,41.580002,-83.800003,America/New_York
OPF,25.907,-80.278297,America/New_York
SCE,40.84927,-77.848602,America/New_York
OXC,41.479168,-73.136391,America/New_York
AOO,40.296371,-78.32,America/New_York
SYR,43.111179,-76.1063,America/New_York
SPA,34.916687,-81.95549,America/New_York
LFN,36.0233,-78.330299,America/New_York
SOP,35.23761,-79.388794,America/New_York
LLY,39.94278,-74.845833,America/New_York
EEN,42.898399,-72.270798,America/New_York
IAG,43.10733,-78.946098,America/New_York
TRI,36.47522,-82.407402,America/New_York
TPF,27.915571,-82.446686,America/New_York
BFT,32.410831,-80.635002,America/New_York
SFZ,41.920761,-71.491302,America/New_York
TPA,27.97547,-82.533203,America/New_York
VDF,28.010859,-82.342102,America/New_York
LWB,37.859722,-80.398613,America/New_York
BWI,39.175362,-76.668297,America/New_York
MTN,39.321667,-76.411667,America/New_York
QQF,29.467501,-81.20639,America/New_York
BGR,44.807442,-68.828102,America/New_York
SEG,40.849998,-76.849998,America/New_York
MHT,42.9328,-71.435699,America/New_York
CLW,27.9767,-82.758698,America/New_York
MGR,31.069445,-83.80278,America/New_York
SRQ,27.395439,-82.554298,America/New_York
SPG,27.76511,-82.6269,America/New_York
TDZ,41.564899,-83.4823,America/New_York
CEF,42.194012,-72.534698,America/New_York
CLT,35.214001,-80.9431,America/New_York
FAY,34.990002,-78.879997,America/New_York
FDK,39.417599,-77.374298,America/New_York
DAN,36.572899,-79.336098,America/New_York
GDC,34.75,-82.370003,America/New_York
FKL,41.379166,-79.859718,America/New_York
RDU,35.877628,-78.787399,America/New_York
GMU,34.848057,-82.349998,America/New_York
ACY,39.457581,-74.577103,America/New_York
POU,41.626598,-73.884201,America/New_York
POB,35.170834,-79.014442,America/New_York
FDY,41.011944,-83.66861,America/New_York
AHN,33.95195,-83.324722,America/New_York
PTW,40.239445,-75.556664,America/New_York
QTI,42.553902,-71.759102,America/New_York
FFT,38.18,-84.900002,America/New_York
DAY,39.90237,-84.219299,America/New_York
MGY,39.58889,-84.224998,America/New_York
QQC,34.310555,-84.423889,America/New_York
PGV,35.63525,-77.3853,America/New_York
DAB,29.185192,-81.060829,America/New_York
ISS,43.961399,-69.712601,America/New_York
RMG,34.349998,-85.150002,America/New_York
DXR,41.371666,-73.482224,America/New_York
GCY,36.193001,-82.815102,America/New_York
QTT,35.582787,-79.101196,America/New_York
ESN,38.802776,-76.06778,America/New_York
FRY,43.9911,-70.947899,America/New_York
INT,36.13372,-80.222,America/New_York
CLE,41.410252,-81.853897,America/New_York
CGF,41.565182,-81.488052,America/New_York
WST,41.350193,-71.8069,America/New_York
WSG,40.136501,-80.290199,America/New_York
CRW,38.373508,-81.596146,America/New_York
GSO,36.097752,-79.937302,America/New_York
BKL,41.516945,-81.683334,America/New_York
ZZV,39.944401,-81.892097,America/New_York
BGM,42.208611,-75.979698,America/New_York
SBY,38.340519,-75.510201,America/New_York
CBE,39.615398,-78.760902,America/New_York
CKB,39.295555,-80.229446,America/New_York
JPX,40.959442,-72.251663,America/New_York
FRG,40.728889,-73.41333,America/New_York
DNN,34.723057,-84.870277,America/New_York
SRW,35.647892,-80.522339,America/New_York
CEU,34.671902,-82.886497,America/New_York
SFM,43.39389,-70.708054,America/New_York
HGR,39.708519,-77.726265,America/New_York
GSP,34.89566,-82.218803,America/New_York
FXE,26.197269,-80.1707,America/New_York
DOV,39.129501,-75.466003,America/New_York
WWD,39.008499,-74.908203,America/New_York
YNG,41.260731,-80.679001,America/New_York
RKH,34.987778,-81.05722,America/New_York
PMH,38.840141,-82.847328,America/New_York
FTY,33.777195,-84.521141,America/New_York
PDK,33.869999,-84.300003,America/New_York
ROC,43.118858,-77.672302,America/New_York
RKD,44.059166,-69.098053,America/New_York
PWM,43.64616,-70.309196,America/New_York
AIK,33.649399,-81.684998,America/New_York
HKY,35.741138,-81.389503,America/New_York
BJJ,40.874802,-81.888298,America/New_York
RBW,32.921112,-80.640556,America/New_York
PSM,43.078056,-70.823334,America/New_York
CHA,35.035191,-85.203499,America/New_York
FLO,34.18536,-79.723801,America/New_York
PVC,42.071991,-70.221298,America/New_York
HHH,32.223343,-80.698006,America/New_York
THV,39.916943,-76.873055,America/New_York
DUJ,41.178169,-78.89875,America/New_York
QQR,34.013058,-84.59861,America/New_York
FLL,26.07258,-80.152702,America/New_York
GRD,34.248699,-82.159103,America/New_York
CVG,39.048828,-84.667801,America/New_York
QTF,33.357475,-84.572121,America/New_York
LUK,39.103329,-84.418602,America/New_York
ERI,42.082001,-80.176201,America/New_York
DBN,32.5644,-82.985298,America/New_York
CHO,38.138638,-78.452858,America/New_York
FPR,27.4951,-80.368301,America/New_York
PSK,37.137222,-80.678612,America/New_York
RWI,35.854443,-77.890556,America/New_York
FMY,26.586611,-81.863197,America/New_York
FME,39.088482,-76.753716,America/New_York
RME,43.233799,-75.406998,America/New_York
PVD,41.724056,-71.426224,America/New_York
ATO,39.210999,-82.2314,America/New_York
ATL,33.636719,-84.428001,America/New_York
HWO,26.001221,-80.2407,America/New_York
ORH,42.269169,-71.874443,America/New_York
MMI,35.397221,-84.5625,America/New_York
DYL,40.333,-75.122299,America/New_York
PBI,26.683161,-80.095497,America/New_York
RIC,37.505161,-77.319603,America/New_York
GIF,28.062901,-81.753304,America/New_York
BAF,42.157955,-72.715622,America/New_York
WGO,39.143501,-78.144402,America/New_York
AGS,33.369942,-81.9645,America/New_York
HAO,39.360001,-84.519997,America/New_York
QQV,34.123055,-84.84861,America/New_York
IMM,26.433201,-81.401001,America/New_York
HAR,40.217129,-76.851402,America/New_York
MDT,40.193489,-76.763397,America/New_York
WDR,33.982777,-83.667503,America/New_York
PGD,26.918888,-81.990829,America/New_York
AUG,44.320648,-69.797302,America/New_York
BLM,40.186668,-74.124443,America/New_York
CDK,29.134064,-83.050781,America/New_York
CON,43.202702,-71.502296,America/New_York
HPN,41.06694,-73.707497,America/New_York
DNL,33.468098,-82.0392,America/New_York
USA,35.385139,-80.711189,America/New_York
HFD,41.736721,-72.649399,America/New_York
ELM,42.16304,-76.895859,America/New_York
EKX,37.688889,-85.92778,America/New_York
LCK,39.813782,-82.927803,America/New_York
ILG,39.678719,-75.606499,America/New_York
VDI,32.192047,-82.368858,America/New_York
ART,43.99192,-76.021698,America/New_York
WVL,44.53389,-69.675835,America/New_York
IPT,41.241829,-76.920998,America/New_York
BHB,44.449699,-68.361504,America/New_York
CDW,40.875004,-74.280212,America/New_York
VRB,27.65555,-80.4179,America/New_York
PQI,46.688969,-68.0448,America/New_York
GED,38.688332,-75.357498,America/New_York
GGE,33.311699,-79.319603,America/New_York
GAI,39.168331,-77.166,America/New_York
HIE,44.365833,-71.548615,America/New_York
GFL,43.341202,-73.610298,America/New_York
LNN,41.683998,-81.389702,America/New_York
CAE,33.938831,-81.119499,America/New_York
QQP,36.665558,-76.320557,America/New_York
CMH,39.997971,-82.8918,America/New_York
CSG,32.516331,-84.938797,America/New_York
ILN,39.428055,-83.792221,America/New_York
OSU,40.079723,-83.073059,America/New_York
ILM,34.27066,-77.902496,America/New_York
CUB,33.970501,-80.995201,America/New_York
ECG,36.260578,-76.1745,America/New_York
AVP,41.33847,-75.723297,America/New_York
GNV,29.69005,-82.271698,America/New_York
CGE,38.539299,-76.030403,America/New_York
CAK,40.91608,-81.442101,America/New_York
CHS,32.898628,-80.040497,America/New_York
CTH,39.979,-75.865501,America/New_York
HYA,41.665833,-70.280556,America/New_York
ADW,38.809425,-76.867081,America/New_York
RUT,43.529446,-72.948334,America/New_York
FOK,40.843651,-72.631699,America/New_York
AVL,35.436192,-82.541801,America/New_York
CTY,29.6355,-83.104797,America/New_York
BDL,41.938881,-72.683197,America/New_York
AYS,31.2491,-82.3955,America/New_York
ZPH,28.228201,-82.155899,America/New_York
VJI,36.686111,-82.033333,America/New_York
HTS,38.360001,-82.550003,America/New_York
IAD,38.947441,-77.4599,America/New_York
DCA,38.852081,-77.037697,America/New_York
RDG,40.378613,-75.96389,America/New_York
ROA,37.32,-79.970001,America/New_York
LEW,44.048611,-70.283607,America/New_York
HLG,40.176743,-80.646057,America/New_York
JZI,32.700001,-80.0,America/New_York
AKC,41.037498,-81.466904,America/New_York
GVL,34.273369,-83.831322,America/New_York
SHH,66.249557,-166.089005,America/Nome
TNK,60.56908,-165.246185,America/Nome
WBB,63.515984,-162.27803,America/Nome
MLL,61.864185,-162.026169,America/Nome
VAK,61.540901,-165.600494,America/Nome
OME,64.512199,-165.445007,America/Nome
KTS,65.331299,-166.466003,America/Nome
SCM,61.845299,-165.570999,America/Nome
MOU,62.095402,-163.682007,America/Nome
NME,60.471046,-164.700836,America/Nome
ELI,64.6147,-162.272003,America/Nome
WTK,67.563057,-162.984161,America/Nome
KKH,59.966667,-162.75,America/Nome
KSM,62.060001,-163.300003,America/Nome
KVL,67.736198,-164.563004,America/Nome
WAA,65.622581,-168.093994,America/Nome
KWK,59.876389,-163.16861,America/Nome
KUK,60.869999,-162.520004,America/Nome
KPN,59.933334,-164.050003,America/Nome
OOK,60.541401,-165.087006,America/Nome
DUT,53.900131,-166.542999,America/Nome
SMK,63.490002,-162.110275,America/Nome
CDB,55.206059,-162.725006,America/Nome
CYF,60.216667,-164.199997,America/Nome
RDB,68.032097,-162.899002,America/Nome
HPB,61.525078,-166.145859,America/Nome
SVA,63.68639,-170.492004,America/Nome
DRG,66.071198,-162.759888,America/Nome
MYU,60.37278,-166.268051,America/Nome
EMK,62.776943,-164.520828,America/Nome
EEK,60.213673,-162.043884,America/Nome
KVC,55.116299,-162.266006,America/Nome
AUK,62.683056,-164.722198,America/Nome
GLV,64.550499,-163.007004,America/Nome
KOT,63.030602,-163.533005,America/Nome
PIZ,69.732094,-163.011002,America/Nome
WMO,64.689201,-163.412994,America/Nome
WWT,60.939419,-164.641541,America/Nome
GAM,63.766762,-171.731995,America/Nome
TLA,65.240402,-166.339005,America/Nome
SNP,57.167332,-170.220001,America/Nome
STG,56.575466,-169.664078,America/Nome
PHO,68.349998,-166.800003,America/Nome
OTZ,66.884689,-162.598007,America/Nome
FEN,-3.85492,-32.423302,America/Noronha
JSU,65.41246,-52.9394,America/Nuuk
UAK,61.160709,-45.425598,America/Nuuk
JHS,66.951279,-53.729301,America/Nuuk
JFR,61.992222,-49.662498,America/Nuuk
JAV,69.24321,-51.057098,America/Nuuk
JEG,68.72184,-52.784698,America/Nuuk
SFJ,67.01696,-50.689301,America/Nuuk
KUS,65.573608,-37.1236,America/Nuuk
JUV,72.790176,-56.130501,America/Nuuk
XMS,83.699997,-34.5,America/Nuuk
GOH,64.190918,-51.678001,America/Nuuk
JQA,70.73423,-52.696201,America/Nuuk
PAC,8.973339,-79.555496,America/Panama
CHX,9.458636,-82.5168,America/Panama
RIH,8.371162,-80.127876,America/Panama
PTY,9.071364,-79.3834,America/Panama
DAV,8.391003,-82.434898,America/Panama
ONX,9.356639,-79.867401,America/Panama
CTD,7.98784,-80.409698,America/Panama
BLB,8.914011,-79.598091,America/Panama
BOC,9.340853,-82.250801,America/Panama
ORG,5.811083,-55.190701,America/Paramaribo
PBM,5.452831,-55.187698,America/Paramaribo
PGA,36.926083,-111.448357,America/Phoenix
AZA,33.299999,-111.650002,America/Phoenix
SCF,33.619999,-111.910004,America/Phoenix
PRC,34.654469,-112.418999,America/Phoenix
INW,35.024166,-110.724998,America/Phoenix
SAD,32.853333,-109.636772,America/Phoenix
GCN,35.951942,-112.147499,America/Phoenix
OLS,31.417721,-110.847,America/Phoenix
PHX,33.434269,-112.011002,America/Phoenix
GYR,33.42469,-112.373993,America/Phoenix
GCW,35.990398,-113.816002,America/Phoenix
FLG,35.140308,-111.668999,America/Phoenix
DVT,33.688332,-112.082497,America/Phoenix
SDX,34.866669,-111.76667,America/Phoenix
SOW,34.2654,-110.0056,America/Phoenix
IFP,35.155972,-114.558998,America/Phoenix
MZJ,32.510601,-111.328003,America/Phoenix
HII,34.569695,-114.359726,America/Phoenix
YUM,32.652176,-114.611572,America/Phoenix
IGM,35.25,-113.93,America/Phoenix
FHU,31.58847,-110.344002,America/Phoenix
MSC,33.4608,-111.727997,America/Phoenix
PJB,34.256542,-111.339584,America/Phoenix
TUS,32.116081,-110.941002,America/Phoenix
CGZ,32.955158,-111.766068,America/Phoenix
AVW,32.407604,-111.215614,America/Phoenix
CYA,18.271099,-73.7883,America/Port-au-Prince
CAP,19.732981,-72.194702,America/Port-au-Prince
PAP,18.58005,-72.292503,America/Port-au-Prince
POS,10.59536,-61.3372,America/Port_of_Spain
TAB,11.14965,-60.8321,America/Port_of_Spain
OAL,-11.496,-61.450802,America/Porto_Velho
JPR,-10.870556,-61.846668,America/Porto_Velho
BVH,-12.6943,-60.098202,America/Porto_Velho
PVH,-8.70929,-63.902199,America/Porto_Velho
AQM,-9.880993,-63.047237,America/Porto_Velho
PBQ,-11.6416,-61.1791,America/Porto_Velho
MAZ,18.25569,-67.148399,America/Puerto_Rico
CPX,18.31328,-65.304298,America/Puerto_Rico
PSE,,,America/Puerto_Rico
SJU,18.439409,-66.001801,America/Puerto_Rico
BQN,,,America/Puerto_Rico
VQS,18.134809,-65.493599,America/Puerto_Rico
SIG,18.45682,-66.098099,America/Puerto_Rico
NRR,18.250284,-65.63575,America/Puerto_Rico
PUQ,-53.002602,-70.8545,America/Punta_Arenas
PNT,-51.669998,-72.519997,America/Punta_Arenas
WPR,-53.2537,-70.319199,America/Punta_Arenas
TNM,-62.1908,-58.986698,America/Punta_Arenas
WPU,-54.93111,-67.626389,America/Punta_Arenas
YEK,61.094158,-94.070801,America/Rankin_Inlet
YBK,64.298882,-96.077698,America/Rankin_Inlet
YRT,62.81139,-92.115799,America/Rankin_Inlet
YXN,62.233002,-92.599998,America/Rankin_Inlet
YAB,73.006386,-85.047218,America/Rankin_Inlet
YUT,66.521378,-86.224701,America/Rankin_Inlet
REC,-8.12679,-34.923,America/Recife
SET,-8.062396,-38.328785,America/Recife
QGP,-8.83428,-36.4716,America/Recife
PNZ,-9.36241,-40.569,America/Recife
CAU,-8.28239,-36.0135,America/Recife
JAW,-7.5864,-40.5354,America/Recife
YXE,52.17083,-106.698997,America/Regina
YKC,58.236099,-103.678001,America/Regina
ZFD,59.334209,-107.18119,America/Regina
ZWL,58.106743,-103.168297,America/Regina
YKJ,57.2561,-105.617996,America/Regina
YMJ,50.330269,-105.558998,America/Regina
YNL,58.275002,-104.081108,America/Regina
YPA,53.214161,-105.671997,America/Regina
YSF,59.25,-105.841003,America/Regina
YVC,55.15139,-105.261002,America/Regina
YVT,55.841942,-108.417,America/Regina
YBE,59.561401,-108.481003,America/Regina
YQR,50.431938,-104.665001,America/Regina
YRB,74.716942,-94.969398,America/Resolute
RBR,-9.86915,-67.893997,America/Rio_Branco
CZS,-7.5999,-72.769402,America/Rio_Branco
OBI,2.224521,-55.944553,America/Santarem
ATM,-3.2539,-52.253899,America/Santarem
GGF,-1.479167,-52.578056,America/Santarem
STM,-2.42243,-54.792702,America/Santarem
ITB,-4.283333,-55.983334,America/Santarem
JRT,-2.186667,-56.090279,America/Santarem
MEU,-0.889839,-52.6022,America/Santarem
MTE,-1.9958,-54.0742,America/Santarem
TMT,-1.484444,-56.399166,America/Santarem
SCL,-33.392899,-70.785797,America/Santiago
PMC,-41.438801,-73.093903,America/Santiago
MHC,-42.346111,-73.71389,America/Santiago
ARI,-18.348499,-70.338699,America/Santiago
ZOS,-40.611198,-73.060997,America/Santiago
ZCO,-38.930801,-72.653603,America/Santiago
IQQ,-20.5352,-70.181198,America/Santiago
ANF,-23.444401,-70.445099,America/Santiago
CPO,-27.261248,-70.779221,America/Santiago
LSC,-29.916201,-71.199501,America/Santiago
CCP,-36.772598,-73.063103,America/Santiago
CJC,-22.4981,-68.903503,America/Santiago
ZAL,-39.649723,-73.086113,America/Santiago
KNA,-32.949581,-71.478516,America/Santiago
POP,19.7579,-70.57,America/Santo_Domingo
BRX,18.251459,-71.120399,America/Santo_Domingo
SDQ,18.429661,-69.6689,America/Santo_Domingo
PUJ,18.56736,-68.363403,America/Santo_Domingo
AZS,19.267,-69.741997,America/Santo_Domingo
LRM,18.45071,-68.911797,America/Santo_Domingo
STI,19.40609,-70.604599,America/Santo_Domingo
JBQ,18.575556,-69.981392,America/Santo_Domingo
PTO,-26.2178,-52.694302,America/Sao_Paulo
GDR,-22.975279,-44.30722,America/Sao_Paulo
CCM,-28.725834,-49.424721,America/Sao_Paulo
JBS,-28.6549,-56.034599,America/Sao_Paulo
VCP,-23.007299,-47.134499,America/Sao_Paulo
CFB,-22.92,-42.07,America/Sao_Paulo
CXJ,-29.197001,-51.1875,America/Sao_Paulo
JHF,-23.426945,-47.165833,America/Sao_Paulo
CGH,-23.6266,-46.6553,America/Sao_Paulo
BGX,-31.390499,-54.112202,America/Sao_Paulo
CBW,-24.009199,-52.3568,America/Sao_Paulo
CAW,-21.698299,-41.301601,America/Sao_Paulo
GRU,-23.431999,-46.469501,America/Sao_Paulo
PYT,-17.242722,-46.882969,America/Sao_Paulo
CWB,-25.5284,-49.175701,America/Sao_Paulo
JOI,-26.2244,-48.797298,America/Sao_Paulo
TEC,-24.317331,-50.651772,America/Sao_Paulo
VCC,-28.432123,-51.024284,America/Sao_Paulo
VIX,-20.257999,-40.286301,America/Sao_Paulo
CEL,-29.370556,-50.832222,America/Sao_Paulo
IZA,-21.513056,-43.173058,America/Sao_Paulo
JTC,-22.157778,-49.068333,America/Sao_Paulo
PFB,-28.2439,-52.3265,America/Sao_Paulo
QDV,-23.181379,-46.943768,America/Sao_Paulo
APU,-23.609501,-51.384499,America/Sao_Paulo
SOD,-23.478001,-47.490002,America/Sao_Paulo
FBE,-26.059431,-53.063942,America/Sao_Paulo
BFH,-25.4025,-49.233891,America/Sao_Paulo
FRC,-20.592199,-47.3829,America/Sao_Paulo
RAO,-21.1341,-47.774101,America/Sao_Paulo
CKO,-23.1525,-50.602501,America/Sao_Paulo
CLV,-17.724722,-48.610001,America/Sao_Paulo
IPN,-19.470699,-42.487499,America/Sao_Paulo
MEA,-22.341843,-41.76405,America/Sao_Paulo
VAG,-21.59,-45.473301,America/Sao_Paulo
BSB,-15.8711,-47.918598,America/Sao_Paulo
SRA,-27.906267,-54.519985,America/Sao_Paulo
TTY,-24.161144,-46.788765,America/Sao_Paulo
SJP,-20.8165,-49.406502,America/Sao_Paulo
LAJ,-27.782101,-50.281502,America/Sao_Paulo
SJK,-23.2281,-45.862701,America/Sao_Paulo
GYN,-16.632,-49.2206,America/Sao_Paulo
PGZ,-25.1847,-50.1441,America/Sao_Paulo
EEA,-27.634167,-50.358334,America/Sao_Paulo
ERM,-27.663158,-52.272152,America/Sao_Paulo
CSU,-29.684099,-52.412201,America/Sao_Paulo
MOC,-16.7069,-43.818901,America/Sao_Paulo
JJG,-28.675467,-49.059551,America/Sao_Paulo
PNG,-25.5401,-48.5312,America/Sao_Paulo
PPB,-22.174999,-51.424599,America/Sao_Paulo
RTE,-23.509495,-46.634411,America/Sao_Paulo
ARU,-21.1413,-50.424702,America/Sao_Paulo
XAP,-27.134199,-52.656502,America/Sao_Paulo
ALQ,-29.8127,-55.893398,America/Sao_Paulo
GVR,-18.896944,-41.986111,America/Sao_Paulo
PLU,-19.851101,-43.9506,America/Sao_Paulo
CNF,-19.633699,-43.9688,America/Sao_Paulo
QSC,-21.871481,-47.903568,America/Sao_Paulo
IGU,-25.5961,-54.487202,America/Sao_Paulo
TOW,-24.6863,-53.697498,America/Sao_Paulo
APS,-16.22714,-48.963783,America/Sao_Paulo
GGH,-23.691668,-52.642223,America/Sao_Paulo
GGJ,-24.0811,-54.1917,America/Sao_Paulo
GPB,-25.387985,-51.522659,America/Sao_Paulo
RIA,-29.711111,-53.688057,America/Sao_Paulo
UVI,-26.232273,-51.067307,America/Sao_Paulo
POA,-29.9944,-51.171398,America/Sao_Paulo
CAC,-25.000299,-53.500702,America/Sao_Paulo
FLN,-27.670401,-48.5471,America/Sao_Paulo
DIQ,-20.1807,-44.870899,America/Sao_Paulo
LDB,-23.333599,-51.130001,America/Sao_Paulo
MGF,-23.476299,-52.016399,America/Sao_Paulo
MII,-22.197001,-49.93,America/Sao_Paulo
PET,-31.7183,-52.327599,America/Sao_Paulo
AAX,-19.562658,-46.961014,America/Sao_Paulo
RVD,-17.834723,-50.956112,America/Sao_Paulo
UDI,-18.882799,-48.225498,America/Sao_Paulo
UBA,-19.764999,-47.964699,America/Sao_Paulo
SDU,-22.9104,-43.163101,America/Sao_Paulo
POJ,-18.671667,-46.490833,America/Sao_Paulo
RRJ,-22.986769,-43.372169,America/Sao_Paulo
GIG,-22.808901,-43.243599,America/Sao_Paulo
AQA,-21.812,-48.132999,America/Sao_Paulo
NVT,-26.8799,-48.651299,America/Sao_Paulo
UMU,-23.7987,-53.313801,America/Sao_Paulo
APX,-23.3529,-51.491699,America/Sao_Paulo
GEL,-28.281601,-54.169102,America/Sao_Paulo
URG,-29.782101,-57.038101,America/Sao_Paulo
CNP,70.743332,-22.6605,America/Scoresbysund
KLW,55.555,-133.100006,America/Sitka
PSG,56.801666,-132.945267,America/Sitka
WRG,56.484444,-132.36972,America/Sitka
SIT,57.047131,-135.360992,America/Sitka
KTN,55.354069,-131.710999,America/Sitka
SBH,17.90444,-62.843601,America/St_Barthelemy
YDF,49.210831,-57.3913,America/St_Johns
YBI,53.469398,-55.785,America/St_Johns
YYT,47.61861,-52.7519,America/St_Johns
YQX,48.936939,-54.568001,America/St_Johns
YMH,52.302799,-55.847198,America/St_Johns
YHA,52.528099,-56.286098,America/St_Johns
YJT,48.544159,-58.5499,America/St_Johns
YHG,52.765457,-56.118263,America/St_Johns
YAY,51.391941,-56.083,America/St_Johns
YWM,52.566898,-55.784698,America/St_Johns
SKB,17.31119,-62.718601,America/St_Kitts
NEV,17.205,-62.592499,America/St_Kitts
SLU,14.02022,-60.992901,America/St_Lucia
UVF,13.73319,-60.952499,America/St_Lucia
STX,17.70155,-64.801697,America/St_Thomas
STT,,,America/St_Thomas
CIW,12.69904,-61.3424,America/St_Vincent
SVD,13.156389,-61.150276,America/St_Vincent
MQS,12.88794,-61.180099,America/St_Vincent
UNI,12.6,-61.410999,America/St_Vincent
BQU,12.9884,-61.262001,America/St_Vincent
YLJ,54.125271,-108.522003,America/Swift_Current
SAP,15.45263,-87.9235,America/Tegucigalpa
XPL,14.3824,-87.621201,America/Tegucigalpa
TGU,14.06088,-87.217102,America/Tegucigalpa
UII,16.113235,-86.880447,America/Tegucigalpa
RTB,16.316811,-86.522903,America/Tegucigalpa
LCE,15.74248,-86.852997,America/Tegucigalpa
THU,76.533333,-68.699997,America/Thule
NAQ,77.488647,-69.388702,America/Thule
ESE,31.79528,-116.601997,America/Tijuana
TIJ,32.541061,-116.970001,America/Tijuana
MXL,32.63063,-115.240997,America/Tijuana
YMO,51.291111,-80.607697,America/Toronto
YUY,48.206108,-78.835503,America/Toronto
YCM,43.1917,-79.1717,America/Toronto
YQB,46.791111,-71.393303,America/Toronto
YNS,51.691101,-76.135597,America/Toronto
YQC,61.046543,-69.617676,America/Toronto
YAT,52.919998,-82.43,America/Toronto
YNM,49.761635,-77.802521,America/Toronto
YXR,47.697742,-79.846527,America/Toronto
YLK,44.48605,-79.555603,America/Toronto
YGQ,49.778332,-86.9394,America/Toronto
YER,56.0177,-87.677505,America/Toronto
YYB,46.363609,-79.422699,America/Toronto
SUR,52.715279,-88.547501,America/Toronto
YYY,48.608608,-68.208,America/Toronto
YSC,45.43861,-71.691299,America/Toronto
YTQ,58.667778,-69.955833,America/Toronto
YMT,49.771938,-74.528,America/Toronto
YQA,44.97472,-79.303299,America/Toronto
YLH,52.183334,-87.93,America/Toronto
YXU,43.033051,-81.1511,America/Toronto
YBG,48.330551,-70.9963,America/Toronto
YQG,42.275551,-82.955498,America/Toronto
YVB,48.07111,-65.460281,America/Toronto
YRJ,48.52,-72.265503,America/Toronto
YXK,48.477734,-68.496071,America/Toronto
YZG,62.179443,-75.667221,America/Toronto
XCM,42.306335,-82.081604,America/Toronto
YFA,52.241669,-81.591667,America/Toronto
YMX,45.681938,-74.005203,America/Toronto
YUL,45.470551,-73.740799,America/Toronto
YSB,46.625,-80.798798,America/Toronto
YHU,45.517502,-73.416901,America/Toronto
YRI,47.764439,-69.584702,America/Toronto
YFH,51.559345,-87.897957,America/Toronto
YTM,46.409168,-74.779999,America/Toronto
YGP,48.775269,-64.4786,America/Toronto
YND,45.52169,-75.563499,America/Toronto
YEY,48.564838,-78.249146,America/Toronto
YVO,48.053329,-77.7827,America/Toronto
YOW,45.322498,-75.669098,America/Toronto
YGK,44.225269,-76.596901,America/Toronto
YKF,43.460831,-80.378601,America/Toronto
YKL,54.805271,-66.805199,America/Toronto
YVP,58.096111,-68.426903,America/Toronto
YTA,45.863415,-77.250923,America/Toronto
YGW,55.28138,-77.758003,America/Toronto
YZR,42.999439,-82.3088,America/Toronto
YKQ,51.47361,-78.758003,America/Toronto
YHM,43.173611,-79.934998,America/Toronto
YGV,50.281944,-63.611111,America/Toronto
YAH,53.7547,-73.675301,America/Toronto
YPQ,44.23,-78.363297,America/Toronto
YOO,43.916668,-78.900002,America/Toronto
YPN,49.83638,-64.288597,America/Toronto
YGL,53.625271,-77.704102,America/Toronto
XGR,58.709999,-65.989998,America/Toronto
YKG,60.023083,-70.004601,America/Toronto
YAM,46.485001,-84.509399,America/Toronto
YAU,61.662201,-73.321404,America/Toronto
YWB,61.588612,-71.929443,America/Toronto
YTS,48.569721,-81.376602,America/Toronto
YBC,49.1325,-68.204399,America/Toronto
YTZ,43.627491,-79.396103,America/Toronto
YYZ,43.680634,-79.627007,America/Toronto
YKZ,43.862221,-79.370003,America/Toronto
YNC,53.0,-78.816666,America/Toronto
ZKE,52.279999,-81.669998,America/Toronto
YWP,52.950001,-87.360001,America/Toronto
YPH,58.471661,-78.077202,America/Toronto
AKV,60.818611,-78.148613,America/Toronto
YPJ,59.296665,-69.599724,America/Toronto
YUD,56.53611,-76.518333,America/Toronto
ZBM,45.290798,-72.741402,America/Toronto
YRQ,46.362202,-72.675591,America/Toronto
YTF,48.509655,-71.642715,America/Toronto
YXZ,47.966869,-84.786263,America/Toronto
YYU,49.413879,-82.467499,America/Toronto
YPX,60.052223,-77.287498,America/Toronto
YZV,50.223331,-66.265503,America/Toronto
YQT,48.371941,-89.323799,America/Toronto
EIS,18.44483,-64.5429,America/Tortola
NGD,18.727394,-64.330055,America/Tortola
VIJ,18.446381,-64.427498,America/Tortola
YGB,49.700001,-124.533333,America/Vancouver
YPW,49.834167,-124.500275,America/Vancouver
YAZ,49.082218,-125.772003,America/Vancouver
YCW,49.152771,-121.938004,America/Vancouver
YRV,50.962223,-118.184441,America/Vancouver
YXS,53.889439,-122.678001,America/Vancouver
YPR,54.28611,-130.444,America/Vancouver
YZP,53.25433,-131.813004,America/Vancouver
YZZ,49.066666,-117.599998,America/Vancouver
YCG,49.296379,-117.632004,America/Vancouver
YLW,49.956108,-119.376999,America/Vancouver
YYD,54.824718,-127.181999,America/Vancouver
YYF,49.463051,-119.601997,America/Vancouver
YXX,49.025269,-122.360001,America/Vancouver
YQQ,49.710831,-124.886002,America/Vancouver
XQU,49.337223,-124.39389,America/Vancouver
YPZ,54.376427,-125.951256,America/Vancouver
YDT,49.077572,-123.006126,America/Vancouver
YDL,58.422218,-130.031998,America/Vancouver
CXH,49.290829,-123.117966,America/Vancouver
YWL,52.183048,-122.054001,America/Vancouver
YVR,49.193878,-123.183998,America/Vancouver
YLY,49.1008,-122.630997,America/Vancouver
YKA,50.702221,-120.444,America/Vancouver
YYJ,48.646938,-123.425003,America/Vancouver
YQZ,53.026112,-122.510002,America/Vancouver
YCD,49.054443,-123.870003,America/Vancouver
ZMT,54.02,-132.119995,America/Vancouver
YWH,48.424988,-123.38887,America/Vancouver
YVE,50.246315,-119.330231,America/Vancouver
QBC,52.387501,-126.595833,America/Vancouver
ZNA,49.169918,-123.934952,America/Vancouver
YXT,54.468498,-128.576004,America/Vancouver
YZT,50.68055,-127.365997,America/Vancouver
YBL,49.950829,-125.269997,America/Vancouver
YXY,60.709549,-135.067001,America/Whitehorse
YPM,51.817375,-93.97287,America/Winnipeg
YHD,49.831661,-92.744102,America/Winnipeg
XBE,53.950001,-90.98333,America/Winnipeg
YIV,53.856998,-94.653999,America/Winnipeg
KEW,52.992222,-92.83889,America/Winnipeg
YAG,48.650002,-93.43,America/Winnipeg
YYQ,58.739159,-94.065002,America/Winnipeg
YTL,53.817501,-89.896896,America/Winnipeg
YBT,57.889439,-101.678001,America/Winnipeg
YQK,49.78833,-94.362999,America/Winnipeg
YFO,54.678051,-101.681,America/Winnipeg
MSA,53.816666,-91.98333,America/Winnipeg
YVZ,52.666668,-94.5,America/Winnipeg
YXL,50.11388,-91.905197,America/Winnipeg
WNN,52.916668,-89.166664,America/Winnipeg
ZRJ,52.950001,-91.316666,America/Winnipeg
XTL,58.707954,-98.513443,America/Winnipeg
YHP,52.1133,-94.2556,America/Winnipeg
ZPB,53.890556,-92.195274,America/Winnipeg
YYL,56.86388,-101.075996,America/Winnipeg
YRL,51.060001,-93.790001,America/Winnipeg
YRS,54.167568,-93.557617,America/Winnipeg
YST,53.84,-94.849998,America/Winnipeg
YCR,54.61306,-97.751442,America/Winnipeg
XKS,53.52,-88.646667,America/Winnipeg
KIF,53.013889,-89.849998,America/Winnipeg
YBV,52.358696,-97.021408,America/Winnipeg
YNO,52.490002,-92.9711,America/Winnipeg
YAX,53.251945,-89.565002,America/Winnipeg
ZGI,54.839142,-94.079651,America/Winnipeg
YGO,54.557701,-94.491173,America/Winnipeg
YOH,54.934242,-95.27668,America/Winnipeg
YAC,51.716667,-91.816666,America/Winnipeg
YQD,53.971378,-101.091003,America/Winnipeg
ZSJ,53.033333,-93.23333,America/Winnipeg
YNE,53.954166,-97.845833,America/Winnipeg
XLB,58.610001,-101.459999,America/Winnipeg
YBR,49.91,-99.951897,America/Winnipeg
YWG,49.91003,-97.239799,America/Winnipeg
YGX,56.358051,-94.708,America/Winnipeg
ZTM,55.858505,-92.080353,America/Winnipeg
YTH,55.801109,-97.864098,America/Winnipeg
QAD,-68.469635,78.790894,Antarctica/Davis
QAI,-77.853889,166.468613,Antarctica/McMurdo
QAW,-77.8675,167.056671,Antarctica/McMurdo
QAX,-77.956429,166.766663,Antarctica/McMurdo
QAR,-67.567612,-68.127083,Antarctica/Rothera
QAF,-71.51667,8.8,Antarctica/Troll
QAT,-71.957222,2.466667,Antarctica/Troll
QAP,-71.957375,23.220125,Antarctica/Troll
QAO,-70.824242,11.628652,Antarctica/Troll
QAA,78.92778,11.874722,Arctic/Longyearbyen
LYR,78.246109,15.46555,Arctic/Longyearbyen
RIY,14.66263,49.375019,Asia/Aden
SAH,15.47625,44.21973,Asia/Aden
SCT,12.63067,53.905769,Asia/Aden
ADE,12.82954,45.02879,Asia/Aden
GXF,15.961794,48.787086,Asia/Aden
ALA,43.35207,77.040497,Asia/Almaty
KOV,53.330002,69.596664,Asia/Almaty
UZR,47.091038,81.66468,Asia/Almaty
USJ,46.190765,80.830925,Asia/Almaty
HSA,43.311111,68.550278,Asia/Almaty
PPK,54.774349,69.18399,Asia/Almaty
BXH,46.893299,75.004997,Asia/Almaty
TDK,45.109287,78.441322,Asia/Almaty
PWQ,52.195,77.073883,Asia/Almaty
UKK,50.036591,82.494179,Asia/Almaty
KGF,49.67083,73.334442,Asia/Almaty
DMB,42.853611,71.303612,Asia/Almaty
DZN,47.708328,67.73333,Asia/Almaty
CIT,42.364159,69.478882,Asia/Almaty
NQZ,51.022221,71.466942,Asia/Almaty
PLX,50.351299,80.23436,Asia/Almaty
ADJ,31.9727,35.991562,Asia/Amman
AMM,31.722549,35.99321,Asia/Amman
AQJ,29.61161,35.018059,Asia/Amman
DYR,64.730003,177.740005,Asia/Anadyr
KPW,67.846947,166.138885,Asia/Anadyr
PWE,69.783302,170.597,Asia/Anadyr
SCO,43.86005,51.091969,Asia/Aqtau
AKX,50.245831,57.206661,Asia/Aqtobe
ASB,37.986809,58.360958,Asia/Ashgabat
MYP,37.6194,61.896702,Asia/Ashgabat
KEA,37.808887,65.212502,Asia/Ashgabat
KRW,40.063332,53.007221,Asia/Ashgabat
TAZ,41.761101,59.826698,Asia/Ashgabat
CRZ,38.930832,63.563889,Asia/Ashgabat
GUW,47.121941,51.821381,Asia/Atyrau
KIK,35.469292,44.347012,Asia/Baghdad
EBL,36.240482,43.946671,Asia/Baghdad
BGW,33.262501,44.234444,Asia/Baghdad
BSR,30.549061,47.66214,Asia/Baghdad
NJF,31.991667,44.404167,Asia/Baghdad
ISU,35.560799,45.314716,Asia/Baghdad
BAH,26.27083,50.63361,Asia/Bahrain
KHB,26.034721,50.524445,Asia/Bahrain
FZL,39.594398,47.196602,Asia/Baku
ZZE,39.114498,46.744015,Asia/Baku
LLK,38.742031,48.824093,Asia/Baku
GBB,40.799999,47.720001,Asia/Baku
GYD,40.467499,50.046661,Asia/Baku
NAJ,39.18861,45.458332,Asia/Baku
GNJ,40.737778,46.317501,Asia/Baku
DIN,21.397499,103.008003,Asia/Bangkok
VII,18.73,105.669998,Asia/Bangkok
LPT,18.270929,99.504158,Asia/Bangkok
HAN,21.221189,105.807098,Asia/Bangkok
CEI,19.952339,99.882919,Asia/Bangkok
URT,9.132603,99.135582,Asia/Bangkok
NAW,6.519922,101.743401,Asia/Bangkok
VDH,17.514999,106.590553,Asia/Bangkok
KBV,8.095969,98.988762,Asia/Bangkok
UTH,17.386431,102.7882,Asia/Bangkok
HGN,19.301661,97.974998,Asia/Bangkok
MAQ,16.700369,98.544533,Asia/Bangkok
UBP,15.25127,104.870201,Asia/Bangkok
BTZ,5.79019,101.151016,Asia/Bangkok
KKC,16.466619,102.7836,Asia/Bangkok
HDY,6.933206,100.392899,Asia/Bangkok
CNX,18.76684,98.962639,Asia/Bangkok
NNT,18.799999,100.783333,Asia/Bangkok
BFV,15.2295,103.252998,Asia/Bangkok
UTP,12.67994,101.004997,Asia/Bangkok
USM,9.547794,100.062202,Asia/Bangkok
PHS,16.78293,100.279099,Asia/Bangkok
TST,7.508744,99.61657,Asia/Bangkok
THS,17.223057,99.82222,Asia/Bangkok
SNO,17.195141,104.118599,Asia/Bangkok
VDO,21.117779,107.414169,Asia/Bangkok
SGZ,7.18656,100.608002,Asia/Bangkok
HPH,20.823315,106.727325,Asia/Bangkok
BKK,13.6811,100.7472,Asia/Bangkok
UNN,9.7775,98.585281,Asia/Bangkok
PRH,18.13216,100.164597,Asia/Bangkok
HKT,8.1132,98.316872,Asia/Bangkok
LOE,17.439131,101.722,Asia/Bangkok
TDX,12.27457,102.318901,Asia/Bangkok
NST,8.539444,99.944725,Asia/Bangkok
NAK,14.94949,102.312698,Asia/Bangkok
KOP,17.383789,104.642998,Asia/Bangkok
CJM,10.71,99.360001,Asia/Bangkok
THD,19.901667,105.467781,Asia/Bangkok
HHQ,12.63622,99.95153,Asia/Bangkok
DMK,13.9125,100.606697,Asia/Bangkok
ROI,16.1168,103.774002,Asia/Bangkok
BAX,53.36377,83.538528,Asia/Barnaul
RGK,51.969166,85.836388,Asia/Barnaul
BEY,33.82093,35.48838,Asia/Beirut
OSS,40.608978,72.793259,Asia/Bishkek
FRU,43.061298,74.477547,Asia/Bishkek
IKU,42.588055,76.713058,Asia/Bishkek
BWN,4.9442,114.928299,Asia/Brunei
HTA,52.02631,113.305496,Asia/Chita
JAF,9.792331,80.070084,Asia/Colombo
KCT,5.994024,80.320923,Asia/Colombo
RML,6.821994,79.8862,Asia/Colombo
BTC,7.705388,81.67762,Asia/Colombo
HRI,6.284778,81.12455,Asia/Colombo
CMB,7.181139,79.883789,Asia/Colombo
KAC,37.031025,41.205559,Asia/Damascus
DAM,33.410629,36.514259,Asia/Damascus
LTK,35.401089,35.948681,Asia/Damascus
ALP,36.180672,37.22435,Asia/Damascus
CXB,21.45219,91.963882,Asia/Dhaka
JSR,23.1838,89.160828,Asia/Dhaka
ZYL,24.96324,91.866783,Asia/Dhaka
RJH,24.43721,88.616508,Asia/Dhaka
CGP,22.249611,91.813278,Asia/Dhaka
SPD,25.75922,88.908859,Asia/Dhaka
BZL,22.798943,90.301445,Asia/Dhaka
DAC,23.84333,90.397781,Asia/Dhaka
UAI,-9.30331,125.287003,Asia/Dili
OEC,-9.19806,124.343002,Asia/Dili
DIL,-8.54641,125.524803,Asia/Dili
DXB,25.252769,55.364441,Asia/Dubai
NHD,25.0268,55.366199,Asia/Dubai
ZDY,24.508333,52.335278,Asia/Dubai
AZI,24.428329,54.45808,Asia/Dubai
DHF,24.248199,54.547699,Asia/Dubai
AAN,24.26166,55.609161,Asia/Dubai
DWC,24.88611,55.172222,Asia/Dubai
SHJ,25.328569,55.517151,Asia/Dubai
AUH,24.43297,54.651131,Asia/Dubai
RKT,25.61348,55.938808,Asia/Dubai
FJR,25.112221,56.323959,Asia/Dubai
XSB,24.283974,52.583874,Asia/Dubai
KQT,37.866337,68.864517,Asia/Dushanbe
DYU,38.543331,68.824997,Asia/Dushanbe
LBD,40.215279,69.694725,Asia/Dushanbe
TJU,37.988335,69.805,Asia/Dushanbe
ECN,35.155071,33.502117,Asia/Famagusta
VCL,15.4033,108.706001,Asia/Ho_Chi_Minh
SGN,10.81879,106.651802,Asia/Ho_Chi_Minh
CAH,9.177667,105.17778,Asia/Ho_Chi_Minh
VCS,8.7325,106.628891,Asia/Ho_Chi_Minh
BMV,12.66831,108.120201,Asia/Ho_Chi_Minh
HUI,16.401489,107.702599,Asia/Ho_Chi_Minh
PXU,14.006346,108.008957,Asia/Ho_Chi_Minh
CXR,11.993611,109.224998,Asia/Ho_Chi_Minh
TBB,13.04955,109.333702,Asia/Ho_Chi_Minh
PQC,10.171667,103.991112,Asia/Ho_Chi_Minh
DLI,11.75056,108.373611,Asia/Ho_Chi_Minh
UIH,13.955,109.042221,Asia/Ho_Chi_Minh
VCA,10.08,105.709999,Asia/Ho_Chi_Minh
DAD,16.043909,108.199303,Asia/Ho_Chi_Minh
VKG,9.958056,105.1325,Asia/Ho_Chi_Minh
HKG,22.309616,113.916237,Asia/Hong_Kong
ULO,50.067345,91.937103,Asia/Hovd
HVD,47.954121,91.626938,Asia/Hovd
ULG,48.991669,89.919724,Asia/Hovd
BTK,56.370548,101.698303,Asia/Irkutsk
IKT,52.268021,104.388901,Asia/Irkutsk
UUD,51.807758,107.437599,Asia/Irkutsk
UIK,58.136101,102.565002,Asia/Irkutsk
KCK,57.77,108.050003,Asia/Irkutsk
ODO,57.860001,114.239998,Asia/Irkutsk
UKX,56.849998,105.720001,Asia/Irkutsk
SUP,-7.0242,113.890228,Asia/Jakarta
SRG,-6.97144,110.3741,Asia/Jakarta
BKS,-3.8637,102.338997,Asia/Jakarta
BTH,1.121028,104.118698,Asia/Jakarta
RGT,-0.3528,102.3349,Asia/Jakarta
KNO,3.642222,98.878334,Asia/Jakarta
DJB,-1.63801,103.644302,Asia/Jakarta
SOC,-7.51608,110.756798,Asia/Jakarta
NTX,3.90871,108.388,Asia/Jakarta
TJQ,-2.74572,107.754898,Asia/Jakarta
SUB,-7.37983,112.786797,Asia/Jakarta
LLJ,-3.284167,102.91333,Asia/Jakarta
TNJ,0.922683,104.532303,Asia/Jakarta
SBG,5.874131,95.339668,Asia/Jakarta
JBB,-8.241111,113.693886,Asia/Jakarta
GNS,1.166381,97.704681,Asia/Jakarta
CGK,-6.12556,106.6558,Asia/Jakarta
HLP,-6.2666,106.891098,Asia/Jakarta
BTJ,5.523522,95.420372,Asia/Jakarta
TKG,-5.2425,105.178886,Asia/Jakarta
LSW,5.22668,96.950302,Asia/Jakarta
JOG,-7.78818,110.431702,Asia/Jakarta
MLG,-7.92655,112.7145,Asia/Jakarta
PWL,-7.461667,109.416664,Asia/Jakarta
TSY,-7.3466,108.246002,Asia/Jakarta
DUM,1.609194,101.433502,Asia/Jakarta
FLZ,1.555833,98.888885,Asia/Jakarta
BDO,-6.90062,107.576202,Asia/Jakarta
KJT,-6.651352,108.157249,Asia/Jakarta
PGK,-2.1622,106.139,Asia/Jakarta
YIA,-7.903947,110.055779,Asia/Jakarta
PCB,-6.33696,106.764503,Asia/Jakarta
BUU,-1.5425,102.182777,Asia/Jakarta
MWK,3.34812,106.258003,Asia/Jakarta
DTB,2.259722,98.995277,Asia/Jakarta
PKU,0.460786,101.444504,Asia/Jakarta
PLM,-2.89825,104.699898,Asia/Jakarta
BWX,-8.31,114.340279,Asia/Jakarta
PDG,-0.787734,100.281273,Asia/Jakarta
ZRI,-1.828632,136.063309,Asia/Jayapura
FKQ,-2.92019,132.266998,Asia/Jayapura
SXK,-7.988139,131.304825,Asia/Jayapura
BXB,-2.53224,133.438797,Asia/Jayapura
DJJ,-2.57695,140.516296,Asia/Jayapura
SOQ,-0.894167,131.288895,Asia/Jayapura
OTI,2.045992,128.324707,Asia/Jayapura
TMH,-6.1,140.300003,Asia/Jayapura
OKL,-4.833,140.600006,Asia/Jayapura
DEX,-4.853996,139.485672,Asia/Jayapura
MKW,-0.89183,134.049103,Asia/Jayapura
LUV,-5.760405,132.759552,Asia/Jayapura
BIK,-1.19001,136.107895,Asia/Jayapura
KAZ,1.187747,127.896027,Asia/Jayapura
LAH,-0.635259,127.501999,Asia/Jayapura
AMQ,-3.71026,128.089096,Asia/Jayapura
KNG,-3.64451,133.695496,Asia/Jayapura
NBX,-3.36818,135.496399,Asia/Jayapura
TTE,0.831414,127.381401,Asia/Jayapura
TIM,-4.52827,136.887299,Asia/Jayapura
WMX,-4.097298,138.952438,Asia/Jayapura
MKQ,-8.52029,140.418396,Asia/Jayapura
DOB,-5.77376,134.209427,Asia/Jayapura
KEQ,-0.8,133.050003,Asia/Jayapura
TLV,32.011379,34.886662,Asia/Jerusalem
HFA,32.809441,35.043049,Asia/Jerusalem
ETM,29.723694,35.011417,Asia/Jerusalem
BST,31.55901,64.36409,Asia/Kabul
ZAJ,30.96916,61.86702,Asia/Kabul
FAH,32.365601,62.165138,Asia/Kabul
TII,32.866669,65.633331,Asia/Kabul
KDH,31.51363,65.861053,Asia/Kabul
MZR,36.706909,67.209671,Asia/Kabul
CCN,34.526661,65.27166,Asia/Kabul
JAA,34.400002,70.497223,Asia/Kabul
KBL,34.565842,69.21241,Asia/Kabul
HEA,34.209999,62.228329,Asia/Kabul
PKC,53.167881,158.453598,Asia/Kamchatka
SKT,32.535557,74.363892,Asia/Karachi
ISB,33.549084,72.825653,Asia/Karachi
KCF,27.200146,69.152832,Asia/Karachi
MJD,27.33515,68.143051,Asia/Karachi
PZH,31.358379,69.4636,Asia/Karachi
KDU,35.335499,75.536041,Asia/Karachi
PEW,33.993912,71.51458,Asia/Karachi
KHI,24.90654,67.160789,Asia/Karachi
GWD,25.233299,62.329491,Asia/Karachi
RYK,28.3839,70.279572,Asia/Karachi
CJL,35.886112,71.794441,Asia/Karachi
UET,30.25136,66.937759,Asia/Karachi
TUK,25.983334,63.066666,Asia/Karachi
MUX,30.20322,71.419113,Asia/Karachi
GIL,35.918781,74.333641,Asia/Karachi
BDN,24.841511,68.838402,Asia/Karachi
LYP,31.365009,72.994843,Asia/Karachi
LHE,31.521561,74.403587,Asia/Karachi
DEA,29.961,70.485901,Asia/Karachi
BHV,29.348057,71.717781,Asia/Karachi
SKZ,27.721979,68.791679,Asia/Karachi
TMI,27.299999,87.199997,Asia/Kathmandu
IMK,29.9711,81.818901,Asia/Kathmandu
PPL,27.517788,86.584457,Asia/Kathmandu
RJB,26.508841,86.737251,Asia/Kathmandu
DOP,28.985701,82.819099,Asia/Kathmandu
KTM,27.696581,85.3591,Asia/Kathmandu
JMO,28.780426,83.723,Asia/Kathmandu
PKR,28.200001,83.981659,Asia/Kathmandu
SIF,27.159451,84.980118,Asia/Kathmandu
DHI,28.753332,80.581947,Asia/Kathmandu
BIR,26.484159,87.264442,Asia/Kathmandu
LUA,27.687771,86.731377,Asia/Kathmandu
JKR,26.708332,85.923889,Asia/Kathmandu
SKH,28.586,81.636002,Asia/Kathmandu
BDP,26.570801,88.079597,Asia/Kathmandu
KEP,28.103611,81.666946,Asia/Kathmandu
BGL,28.212799,83.666298,Asia/Kathmandu
JUM,29.2742,82.193298,Asia/Kathmandu
BHR,27.678049,84.429443,Asia/Kathmandu
BWA,27.505657,83.416466,Asia/Kathmandu
HBX,15.361049,75.084618,Asia/Kolkata
IXZ,11.64116,92.729736,Asia/Kolkata
BDQ,22.336161,73.22628,Asia/Kolkata
BOM,19.08868,72.867912,Asia/Kolkata
JDH,26.251089,73.048859,Asia/Kolkata
RUP,26.141512,89.907173,Asia/Kolkata
PYG,27.227777,88.586945,Asia/Kolkata
CCJ,11.13785,75.950905,Asia/Kolkata
RRK,22.256552,84.814903,Asia/Kolkata
PNY,11.9687,79.810097,Asia/Kolkata
IXW,22.813803,86.169601,Asia/Kolkata
VNS,25.45208,82.862297,Asia/Kolkata
JGA,22.465521,70.01255,Asia/Kolkata
IXJ,32.68914,74.837379,Asia/Kolkata
COK,10.15199,76.401901,Asia/Kolkata
HYD,17.23,78.431946,Asia/Kolkata
JLG,20.961945,75.626663,Asia/Kolkata
JSA,26.888651,70.86496,Asia/Kolkata
JAI,26.82419,75.812157,Asia/Kolkata
VGA,16.53043,80.796837,Asia/Kolkata
JGB,19.066668,82.033333,Asia/Kolkata
GBI,17.307777,76.958054,Asia/Kolkata
CJB,11.03003,77.043381,Asia/Kolkata
SXV,11.7833,78.065598,Asia/Kolkata
SXR,33.987129,74.774246,Asia/Kolkata
BLR,13.198889,77.705559,Asia/Kolkata
VDY,15.174076,76.635162,Asia/Kolkata
JLR,23.177811,80.05204,Asia/Kolkata
IXU,19.86272,75.398109,Asia/Kolkata
IMF,24.759951,93.89669,Asia/Kolkata
IDR,22.721781,75.801079,Asia/Kolkata
PYB,18.879755,82.552406,Asia/Kolkata
JRG,21.913334,84.050278,Asia/Kolkata
PBD,21.64867,69.657211,Asia/Kolkata
GOX,15.744402,73.860626,Asia/Kolkata
GOI,15.38083,73.831421,Asia/Kolkata
AIP,31.433056,75.760559,Asia/Kolkata
GAU,26.106091,91.58593,Asia/Kolkata
IXG,15.85928,74.618294,Asia/Kolkata
IXT,28.068472,95.334526,Asia/Kolkata
GWL,26.293329,78.227753,Asia/Kolkata
DMU,25.879816,93.772865,Asia/Kolkata
AGR,27.15583,77.960892,Asia/Kolkata
ATQ,31.709591,74.797256,Asia/Kolkata
KNU,26.402779,80.412224,Asia/Kolkata
SLV,31.081667,77.068054,Asia/Kolkata
DIB,27.48385,95.016922,Asia/Kolkata
DHM,32.165001,76.263,Asia/Kolkata
NDC,19.18194,77.318611,Asia/Kolkata
SDW,16.002501,73.531113,Asia/Kolkata
KQH,26.591726,74.814255,Asia/Kolkata
KJB,15.706111,78.160835,Asia/Kolkata
VTZ,17.721161,83.22448,Asia/Kolkata
CNN,11.918396,75.547485,Asia/Kolkata
IXC,30.67346,76.788544,Asia/Kolkata
TEZ,26.709925,92.784569,Asia/Kolkata
DGH,24.446871,86.706619,Asia/Kolkata
IXY,23.112711,70.100281,Asia/Kolkata
MAA,12.99441,80.180511,Asia/Kolkata
KBK,26.77,83.908058,Asia/Kolkata
NAG,21.09219,79.04718,Asia/Kolkata
DIU,20.716667,70.916664,Asia/Kolkata
GDB,21.524944,80.288483,Asia/Kolkata
IXK,21.31706,70.270401,Asia/Kolkata
HJR,24.81719,79.918587,Asia/Kolkata
TCR,8.724167,78.025833,Asia/Kolkata
RDP,23.621389,87.243332,Asia/Kolkata
IXP,32.233768,75.634621,Asia/Kolkata
PAT,25.591311,85.08799,Asia/Kolkata
IXD,25.439886,81.734406,Asia/Kolkata
IXE,12.96126,74.89006,Asia/Kolkata
STV,21.114059,72.741791,Asia/Kolkata
SHL,25.704872,91.975983,Asia/Kolkata
ISK,20.119444,73.913612,Asia/Kolkata
TIR,13.63249,79.543251,Asia/Kolkata
UDR,24.617689,73.896103,Asia/Kolkata
IXM,9.834508,78.093369,Asia/Kolkata
TRZ,10.76536,78.709717,Asia/Kolkata
AMD,23.07724,72.634651,Asia/Kolkata
IXL,34.135872,77.546509,Asia/Kolkata
GOP,26.739445,83.449448,Asia/Kolkata
PNQ,18.582109,73.919693,Asia/Kolkata
LUH,30.854679,75.952591,Asia/Kolkata
AGX,10.82365,72.176041,Asia/Kolkata
IXB,26.6812,88.32856,Asia/Kolkata
KLH,16.66465,74.289352,Asia/Kolkata
IXX,17.908081,77.487144,Asia/Kolkata
RAJ,22.309179,70.779518,Asia/Kolkata
IXS,24.91292,92.978737,Asia/Kolkata
DBR,26.194721,85.917503,Asia/Kolkata
TRV,8.482122,76.920113,Asia/Kolkata
KUU,31.876699,77.154358,Asia/Kolkata
IXA,23.886971,91.240448,Asia/Kolkata
RPR,21.180401,81.738747,Asia/Kolkata
PAB,21.988333,82.111115,Asia/Kolkata
CDP,14.512493,78.771278,Asia/Kolkata
SAG,19.68861,74.378891,Asia/Kolkata
BHO,23.28746,77.337372,Asia/Kolkata
RJA,17.110359,81.818199,Asia/Kolkata
BHU,21.752199,72.185181,Asia/Kolkata
BHJ,23.287821,69.670143,Asia/Kolkata
BBI,20.24436,85.81778,Asia/Kolkata
GAY,24.744301,84.951172,Asia/Kolkata
JRH,26.73152,94.175529,Asia/Kolkata
BKB,28.070601,73.207199,Asia/Kolkata
BUP,30.2701,74.755798,Asia/Kolkata
BEK,28.422232,79.450691,Asia/Kolkata
AJL,23.838442,92.620361,Asia/Kolkata
IXI,27.29549,94.097649,Asia/Kolkata
MYQ,12.229991,76.653,Asia/Kolkata
DED,30.18968,78.180252,Asia/Kolkata
CCU,22.65473,88.446716,Asia/Kolkata
QAH,28.707708,77.359734,Asia/Kolkata
LKO,26.76059,80.889328,Asia/Kolkata
DEL,28.5665,77.103081,Asia/Kolkata
TEI,27.941219,96.134438,Asia/Kolkata
PGH,29.0334,79.47374,Asia/Kolkata
IXR,23.314251,85.321671,Asia/Kolkata
HTG,71.978104,102.490997,Asia/Krasnoyarsk
ABA,53.740002,91.385002,Asia/Krasnoyarsk
THX,65.797218,87.93528,Asia/Krasnoyarsk
KYZ,51.669441,94.400551,Asia/Krasnoyarsk
NSK,69.31105,87.332176,Asia/Krasnoyarsk
KJA,56.172939,92.493271,Asia/Krasnoyarsk
TGP,61.59,89.979446,Asia/Krasnoyarsk
DKS,73.517807,80.379669,Asia/Krasnoyarsk
IAA,67.437202,86.621902,Asia/Krasnoyarsk
TGG,5.382639,103.103302,Asia/Kuala_Lumpur
JHB,1.641308,103.669601,Asia/Kuala_Lumpur
AOR,6.189667,100.398102,Asia/Kuala_Lumpur
IPH,4.567972,101.092102,Asia/Kuala_Lumpur
KUL,2.745578,101.7099,Asia/Kuala_Lumpur
RDN,5.765045,103.004967,Asia/Kuala_Lumpur
SZB,3.130583,101.549301,Asia/Kuala_Lumpur
KTE,4.537222,103.426697,Asia/Kuala_Lumpur
MKZ,2.263361,102.251503,Asia/Kuala_Lumpur
TOD,2.818012,104.159958,Asia/Kuala_Lumpur
LGK,6.329728,99.728661,Asia/Kuala_Lumpur
KUA,3.775389,103.209,Asia/Kuala_Lumpur
KBR,6.16685,102.292999,Asia/Kuala_Lumpur
PEN,5.297139,100.276802,Asia/Kuala_Lumpur
MZV,4.05,114.800003,Asia/Kuching
BKM,3.973691,115.617157,Asia/Kuching
BBN,3.736944,115.469398,Asia/Kuching
MKM,2.906944,112.074997,Asia/Kuching
SBW,2.261603,111.985298,Asia/Kuching
SDK,5.900897,118.059402,Asia/Kuching
LWY,4.849359,115.407928,Asia/Kuching
LBU,5.300683,115.250099,Asia/Kuching
TWU,4.313369,118.121902,Asia/Kuching
KUD,6.923954,116.837067,Asia/Kuching
MUR,4.1775,114.321899,Asia/Kuching
TGC,2.177778,111.201942,Asia/Kuching
LDU,5.032247,118.323997,Asia/Kuching
LKH,3.3,114.782997,Asia/Kuching
MYY,4.322014,113.986801,Asia/Kuching
ODN,3.976111,115.063301,Asia/Kuching
KCH,1.484697,110.346901,Asia/Kuching
BKI,5.937208,116.051102,Asia/Kuching
BTU,3.12385,113.020401,Asia/Kuching
LGL,3.421,115.153999,Asia/Kuching
LMN,4.808303,115.010399,Asia/Kuching
KWI,29.226561,47.968922,Asia/Kuwait
MFM,22.149549,113.591499,Asia/Macau
ITU,45.259148,147.954056,Asia/Magadan
GDX,59.91098,150.720398,Asia/Magadan
DEE,43.958401,145.682999,Asia/Magadan
BTW,-3.41241,115.995003,Asia/Makassar
LLO,-3.084722,120.245277,Asia/Makassar
PLW,-0.91854,119.909599,Asia/Makassar
KXB,-4.339275,121.523979,Asia/Makassar
SAU,-10.492352,121.848183,Asia/Makassar
KDI,-4.0816,122.418198,Asia/Makassar
KBU,-3.293738,116.165283,Asia/Makassar
LWE,-8.36278,123.437782,Asia/Makassar
LUW,-1.03891,122.771896,Asia/Makassar
BMU,-8.53964,118.687302,Asia/Makassar
SWQ,-8.489621,117.41217,Asia/Makassar
BEJ,2.155278,117.43222,Asia/Makassar
BJW,-8.7125,121.0625,Asia/Makassar
MNA,4.006944,126.672997,Asia/Makassar
MOF,-8.64064,122.236801,Asia/Makassar
TMC,-9.40971,119.2444,Asia/Makassar
KSR,-6.178611,120.437225,Asia/Makassar
NAH,3.68321,125.528,Asia/Makassar
MJU,-2.586667,119.029167,Asia/Makassar
MDC,1.549447,124.925797,Asia/Makassar
NNX,4.136772,117.667145,Asia/Makassar
ARD,-8.13234,124.597,Asia/Makassar
LKA,-8.274544,123.002327,Asia/Makassar
LNU,3.576389,116.618332,Asia/Makassar
TRT,-3.185833,119.917747,Asia/Makassar
LBJ,-8.48665,119.889,Asia/Makassar
TRK,3.326694,117.565498,Asia/Makassar
KOE,-10.1715,123.671097,Asia/Makassar
LOP,-8.757322,116.276672,Asia/Makassar
BDJ,-3.44235,114.762497,Asia/Makassar
TJS,2.836389,117.373596,Asia/Makassar
UPG,-5.06163,119.554001,Asia/Makassar
BUW,-5.48687,122.569,Asia/Makassar
WGP,-9.66921,120.302002,Asia/Makassar
UOL,1.1027,121.414101,Asia/Makassar
ENE,-8.84929,121.660599,Asia/Makassar
RTG,-8.596098,120.478027,Asia/Makassar
RTI,-10.767597,123.073303,Asia/Makassar
AAP,-0.373611,117.255554,Asia/Makassar
ABU,-9.07444,124.904404,Asia/Makassar
DPS,-8.74816,115.167099,Asia/Makassar
RAQ,-4.763597,122.56459,Asia/Makassar
GTO,0.637119,122.8498,Asia/Makassar
BPN,-1.26827,116.894402,Asia/Makassar
SFS,14.79416,120.270836,Asia/Manila
MBT,12.369444,123.629166,Asia/Manila
MRQ,13.361,121.825996,Asia/Manila
DVO,7.125522,125.645699,Asia/Manila
BAG,16.375099,120.619598,Asia/Manila
SWL,10.525,119.273888,Asia/Manila
PAG,7.82,123.449997,Asia/Manila
RXS,11.60066,122.748817,Asia/Manila
ENI,11.2025,119.416115,Asia/Manila
OZC,8.181967,123.845413,Asia/Manila
ZAM,6.922419,122.059601,Asia/Manila
SUG,9.760528,125.481812,Asia/Manila
OMC,11.058,124.565002,Asia/Manila
EUQ,10.767873,121.932968,Asia/Manila
DGT,9.333714,123.3004,Asia/Manila
LAO,18.178057,120.53167,Asia/Manila
SJI,12.36151,121.0466,Asia/Manila
MNL,14.50864,121.019501,Asia/Manila
VRC,13.583333,124.199997,Asia/Manila
DRP,13.112326,123.677307,Asia/Manila
DPL,8.601389,123.334442,Asia/Manila
MBO,13.20809,120.605301,Asia/Manila
CGM,9.253611,124.706947,Asia/Manila
BSO,20.453056,121.977776,Asia/Manila
ILO,10.8325,122.493057,Asia/Manila
IAO,9.858889,126.013885,Asia/Manila
TWT,5.044251,119.740982,Asia/Manila
TBH,12.31612,122.080559,Asia/Manila
GES,6.058056,125.096107,Asia/Manila
TAG,9.573668,123.770844,Asia/Manila
BPA,11.67484,125.479462,Asia/Manila
CRK,15.18598,120.560303,Asia/Manila
WNP,13.587222,123.269997,Asia/Manila
TAC,11.22762,125.027702,Asia/Manila
BXU,8.951322,125.477898,Asia/Manila
KLO,11.67943,122.376198,Asia/Manila
CRM,12.483333,124.583336,Asia/Manila
MPH,11.92,121.949997,Asia/Manila
PPS,9.742119,118.758698,Asia/Manila
CYZ,16.93,121.753059,Asia/Manila
BCD,10.776905,123.018394,Asia/Manila
CYP,12.075833,124.543053,Asia/Manila
CEB,10.30754,123.979401,Asia/Manila
USU,12.121458,120.100029,Asia/Manila
CGY,8.6125,124.457222,Asia/Manila
TUG,17.638332,121.730553,Asia/Manila
CYU,10.8581,121.069,Asia/Manila
CBO,7.165242,124.209602,Asia/Manila
KHS,26.17098,56.240559,Asia/Muscat
SLL,17.03871,54.09129,Asia/Muscat
DQM,19.499168,57.641865,Asia/Muscat
OMM,18.138243,55.180038,Asia/Muscat
OHS,24.391844,56.622639,Asia/Muscat
MCT,23.593269,58.284439,Asia/Muscat
AKT,34.590336,32.987949,Asia/Nicosia
PFO,34.718277,32.484398,Asia/Nicosia
LCA,34.875111,33.624851,Asia/Nicosia
NOZ,53.811378,86.87722,Asia/Novokuznetsk
KEJ,55.270088,86.107201,Asia/Novokuznetsk
OVB,55.012619,82.65065,Asia/Novosibirsk
OMS,54.967041,73.310509,Asia/Omsk
URA,51.150829,51.543049,Asia/Oral
KOS,10.57968,103.636803,Asia/Phnom_Penh
REP,13.41066,103.812798,Asia/Phnom_Penh
PNH,11.54655,104.844101,Asia/Phnom_Penh
PNK,-0.15071,109.403801,Asia/Pontianak
SMQ,-2.499167,112.974998,Asia/Pontianak
PKN,-2.70519,111.673203,Asia/Pontianak
HMS,-1.025762,114.928772,Asia/Pontianak
KTG,-1.81663,109.963402,Asia/Pontianak
PSU,0.833333,112.933334,Asia/Pontianak
NPO,-0.348869,111.748001,Asia/Pontianak
SQG,0.083333,111.583336,Asia/Pontianak
PKY,-2.22512,113.942596,Asia/Pontianak
FNJ,39.22406,125.670097,Asia/Pyongyang
DOH,25.272524,51.608604,Asia/Qatar
XJD,25.114941,51.316105,Asia/Qatar
DIA,25.261059,51.565094,Asia/Qatar
KSN,53.20694,63.55027,Asia/Qostanay
KZO,44.70694,65.592499,Asia/Qyzylorda
RAE,30.90658,41.13821,Asia/Riyadh
DMM,26.471161,49.79789,Asia/Riyadh
AJF,29.788668,40.101486,Asia/Riyadh
YNB,24.144239,38.063606,Asia/Riyadh
RUH,24.95764,46.698769,Asia/Riyadh
ULH,26.480862,38.116653,Asia/Riyadh
JED,21.67956,39.156528,Asia/Riyadh
EJH,26.198334,36.476112,Asia/Riyadh
URY,31.41194,37.279461,Asia/Riyadh
GIZ,16.90111,42.585831,Asia/Riyadh
ABT,20.296129,41.63427,Asia/Riyadh
DWD,24.445545,44.1287,Asia/Riyadh
ELQ,26.30282,43.773911,Asia/Riyadh
AQI,28.33519,46.125061,Asia/Riyadh
RAH,29.62641,43.490608,Asia/Riyadh
HOF,25.294783,49.487461,Asia/Riyadh
HAS,27.43791,41.686291,Asia/Riyadh
AHB,18.24036,42.65662,Asia/Riyadh
SHW,17.466869,47.121429,Asia/Riyadh
TUI,31.69268,38.731201,Asia/Riyadh
WAE,20.5,45.189999,Asia/Riyadh
EAM,17.611429,44.419159,Asia/Riyadh
MED,24.553419,39.705059,Asia/Riyadh
TUU,28.36541,36.618881,Asia/Riyadh
BHH,19.98435,42.62088,Asia/Riyadh
NUM,27.917212,35.294044,Asia/Riyadh
TIF,21.48341,40.544331,Asia/Riyadh
UUS,46.888672,142.717499,Asia/Sakhalin
NGK,51.799999,143.166672,Asia/Sakhalin
OHH,53.509998,142.880005,Asia/Sakhalin
EKS,49.189602,142.085464,Asia/Sakhalin
MOK,43.754902,59.03178,Asia/Samarkand
NVI,40.117771,65.175003,Asia/Samarkand
TMJ,37.280502,67.318954,Asia/Samarkand
NCU,42.488411,59.623249,Asia/Samarkand
UGC,41.584835,60.63303,Asia/Samarkand
KSQ,38.803333,65.773331,Asia/Samarkand
BHK,39.775002,64.48333,Asia/Samarkand
SKD,39.700539,66.983818,Asia/Samarkand
RSU,34.842319,127.616798,Asia/Seoul
KWJ,35.126381,126.8088,Asia/Seoul
ICN,37.46907,126.4505,Asia/Seoul
KPO,35.98785,129.420395,Asia/Seoul
MWX,34.991379,126.382698,Asia/Seoul
CJU,33.511299,126.492996,Asia/Seoul
CJJ,36.716599,127.4991,Asia/Seoul
KUV,35.90361,126.615829,Asia/Seoul
GMP,37.558311,126.790497,Asia/Seoul
YNY,38.06131,128.669098,Asia/Seoul
HIN,35.092628,128.086761,Asia/Seoul
PUS,35.17952,128.938202,Asia/Seoul
TAE,35.8941,128.658798,Asia/Seoul
USN,35.593491,129.3517,Asia/Seoul
WJU,37.43,127.959999,Asia/Seoul
KWE,26.538521,106.800697,Asia/Shanghai
JMJ,22.415833,99.786392,Asia/Shanghai
JJN,24.797356,118.589439,Asia/Shanghai
WEH,37.188141,122.236069,Asia/Shanghai
GZG,31.7575,99.554169,Asia/Shanghai
WEF,36.646702,119.119003,Asia/Shanghai
CGQ,43.996208,125.685303,Asia/Shanghai
GYU,36.07,106.209999,Asia/Shanghai
CGD,28.91888,111.640198,Asia/Shanghai
HAK,19.934851,110.4589,Asia/Shanghai
LHW,36.51524,103.620697,Asia/Shanghai
CSX,28.191599,113.223534,Asia/Shanghai
HLD,49.20499,119.824997,Asia/Shanghai
HDG,36.523888,114.43,Asia/Shanghai
HGH,30.2295,120.434402,Asia/Shanghai
HZG,33.063599,107.008003,Asia/Shanghai
HRB,45.623402,126.250298,Asia/Shanghai
HFE,31.986345,116.970474,Asia/Shanghai
SYM,22.79657,100.962219,Asia/Shanghai
KWL,25.2181,110.039101,Asia/Shanghai
JIQ,29.5175,108.82917,Asia/Shanghai
TAO,36.369564,120.085068,Asia/Shanghai
WGN,26.805294,110.640793,Asia/Shanghai
THQ,34.558334,105.861115,Asia/Shanghai
BPX,30.55361,97.10833,Asia/Shanghai
IQN,35.799702,107.602997,Asia/Shanghai
BPE,39.666389,119.058891,Asia/Shanghai
HSC,24.976419,113.421494,Asia/Shanghai
NZH,49.560001,117.32,Asia/Shanghai
GOQ,36.4006,94.786102,Asia/Shanghai
TSN,39.124352,117.3461,Asia/Shanghai
DSN,39.493889,109.862221,Asia/Shanghai
CAN,23.392429,113.298698,Asia/Shanghai
DIG,27.793333,99.67733,Asia/Shanghai
SHP,39.968102,119.731003,Asia/Shanghai
SQD,28.39212,117.961327,Asia/Shanghai
GMQ,34.415833,100.311111,Asia/Shanghai
PVG,31.14337,121.805199,Asia/Shanghai
BAR,19.13969,110.455772,Asia/Shanghai
MIG,31.43111,104.738052,Asia/Shanghai
WNZ,27.909035,120.852585,Asia/Shanghai
SHA,31.19787,121.336304,Asia/Shanghai
WNH,23.374907,104.242561,Asia/Shanghai
GYS,32.389999,105.693336,Asia/Shanghai
HEK,50.171619,127.308884,Asia/Shanghai
NDG,47.227825,123.915375,Asia/Shanghai
MXZ,24.268999,116.103996,Asia/Shanghai
HNY,26.721945,112.618057,Asia/Shanghai
AEB,23.719469,106.967773,Asia/Shanghai
JGD,50.371086,124.11763,Asia/Shanghai
NKG,31.742041,118.862,Asia/Shanghai
JMU,46.845394,130.455414,Asia/Shanghai
JSJ,47.108055,132.656387,Asia/Shanghai
JGN,39.830002,98.410004,Asia/Shanghai
SWA,23.5525,116.505836,Asia/Shanghai
NBS,42.088055,127.548889,Asia/Shanghai
BFJ,27.266666,105.479164,Asia/Shanghai
NAO,30.793888,106.159721,Asia/Shanghai
TNA,36.857208,117.215897,Asia/Shanghai
JIC,38.541943,102.347778,Asia/Shanghai
JDZ,29.33861,117.175797,Asia/Shanghai
JHG,21.973421,100.766457,Asia/Shanghai
KHN,28.865,115.900002,Asia/Shanghai
SHS,30.293116,112.44828,Asia/Shanghai
JNG,35.290001,116.339996,Asia/Shanghai
JNZ,40.936111,121.276947,Asia/Shanghai
JIU,29.469999,115.800003,Asia/Shanghai
JXA,45.293587,131.190811,Asia/Shanghai
PZI,26.542315,101.798515,Asia/Shanghai
KJH,26.974167,107.980553,Asia/Shanghai
KGT,30.13176,101.747536,Asia/Shanghai
UCB,41.129723,113.108055,Asia/Shanghai
HLH,46.194439,122.008598,Asia/Shanghai
JGS,26.899721,114.737503,Asia/Shanghai
WXN,30.799679,108.426949,Asia/Shanghai
NNG,22.608259,108.172401,Asia/Shanghai
NTG,32.072922,120.975601,Asia/Shanghai
HZA,35.212982,115.736923,Asia/Shanghai
NAY,39.782501,116.387779,Asia/Shanghai
HET,40.851421,111.824097,Asia/Shanghai
HUO,45.486439,119.410568,Asia/Shanghai
AHJ,32.527401,102.357399,Asia/Shanghai
PKX,39.509167,116.410553,Asia/Shanghai
KOW,25.851667,114.776665,Asia/Shanghai
BAV,40.55999,109.996902,Asia/Shanghai
BSD,25.055182,99.16143,Asia/Shanghai
CWJ,23.273478,99.369987,Asia/Shanghai
HIA,33.777222,119.147781,Asia/Shanghai
KMG,25.101944,102.929169,Asia/Shanghai
SYX,18.302891,109.412201,Asia/Shanghai
HJJ,27.441389,109.699722,Asia/Shanghai
TXN,29.73333,118.255798,Asia/Shanghai
TNH,42.047733,125.733467,Asia/Shanghai
HYN,28.56222,121.428596,Asia/Shanghai
HUZ,23.050419,114.596863,Asia/Shanghai
NNY,32.98,112.610001,Asia/Shanghai
TGO,43.55666,122.199699,Asia/Shanghai
TEN,27.883333,109.308891,Asia/Shanghai
PEK,40.084152,116.592735,Asia/Shanghai
JZH,32.856667,103.68306,Asia/Shanghai
AKA,32.708099,108.931046,Asia/Shanghai
DBC,45.50528,123.019722,Asia/Shanghai
BHY,21.53944,109.2938,Asia/Shanghai
BZX,31.738056,106.64389,Asia/Shanghai
CHG,41.538101,120.434998,Asia/Shanghai
HPG,31.633612,110.338058,Asia/Shanghai
HXD,37.125,97.268608,Asia/Shanghai
YUS,32.839466,97.037788,Asia/Shanghai
YCU,35.116669,111.039719,Asia/Shanghai
LNL,33.787998,105.796997,Asia/Shanghai
UYN,38.358749,109.591835,Asia/Shanghai
YLX,22.438057,110.120834,Asia/Shanghai
YYA,29.312778,113.28167,Asia/Shanghai
AQG,30.582222,117.050278,Asia/Shanghai
LLF,26.338661,111.610046,Asia/Shanghai
CKG,29.71921,106.641602,Asia/Shanghai
TVS,39.718784,117.99791,Asia/Shanghai
RIZ,35.399723,119.316666,Asia/Shanghai
OHE,52.921131,122.420593,Asia/Shanghai
YIW,29.34273,120.031601,Asia/Shanghai
DOY,37.510277,118.784447,Asia/Shanghai
INC,38.322769,106.393303,Asia/Shanghai
JUH,30.740278,117.686668,Asia/Shanghai
YIC,27.803333,114.30806,Asia/Shanghai
LDS,47.751827,129.01799,Asia/Shanghai
YIH,30.556473,111.479942,Asia/Shanghai
YBP,28.797659,104.543953,Asia/Shanghai
LZH,24.2075,109.391098,Asia/Shanghai
LPF,26.609417,104.978996,Asia/Shanghai
LUM,24.405279,98.531898,Asia/Shanghai
HZH,26.320213,109.153809,Asia/Shanghai
LYI,35.046112,118.411667,Asia/Shanghai
YKH,40.540833,122.35833,Asia/Shanghai
LFQ,36.131668,111.658058,Asia/Shanghai
AVA,26.260555,105.873337,Asia/Shanghai
NGB,29.826679,121.461899,Asia/Shanghai
ZYI,27.811167,107.245972,Asia/Shanghai
WMT,27.968056,106.438889,Asia/Shanghai
ZUH,22.00666,113.376297,Asia/Shanghai
TYN,37.746891,112.628403,Asia/Shanghai
HSN,29.9342,122.362,Asia/Shanghai
ZHY,37.568935,105.152527,Asia/Shanghai
CGO,34.519669,113.840797,Asia/Shanghai
ZAT,27.327763,103.756699,Asia/Shanghai
ZHA,21.484119,110.593475,Asia/Shanghai
YZY,38.801945,100.675003,Asia/Shanghai
LLV,37.683334,111.142776,Asia/Shanghai
ZQZ,40.739227,114.931458,Asia/Shanghai
NLH,27.542559,100.759323,Asia/Shanghai
LZO,29.030001,105.470001,Asia/Shanghai
DLU,25.649401,100.319,Asia/Shanghai
LYA,34.741112,112.388298,Asia/Shanghai
DLC,38.96566,121.538597,Asia/Shanghai
DDG,40.025551,124.286598,Asia/Shanghai
YIE,47.310555,119.911942,Asia/Shanghai
DCY,29.323055,100.053329,Asia/Shanghai
AOG,41.103523,122.855835,Asia/Shanghai
DQA,46.748684,125.139725,Asia/Shanghai
DAT,40.055538,113.481361,Asia/Shanghai
DYG,29.107121,110.445686,Asia/Shanghai
DZH,31.047243,107.435455,Asia/Shanghai
LCX,25.6747,116.747002,Asia/Shanghai
NZL,47.869061,122.76841,Asia/Shanghai
LNJ,23.738333,100.025002,Asia/Shanghai
DNH,40.16111,94.809158,Asia/Shanghai
YNJ,42.885662,129.439362,Asia/Shanghai
LZY,29.309076,94.335884,Asia/Shanghai
RKZ,29.351944,89.309998,Asia/Shanghai
YNT,37.657223,120.987221,Asia/Shanghai
WUZ,23.401388,111.09861,Asia/Shanghai
TCZ,24.939379,98.482025,Asia/Shanghai
WUS,27.716667,117.966667,Asia/Shanghai
WUX,31.492889,120.424377,Asia/Shanghai
WSK,31.06889,109.709167,Asia/Shanghai
HCZ,25.753263,112.845192,Asia/Shanghai
TFU,30.319,104.445,Asia/Shanghai
CTU,30.57852,103.946999,Asia/Shanghai
CDE,41.122501,118.073891,Asia/Shanghai
XIY,34.447109,108.751503,Asia/Shanghai
SZX,22.63925,113.8106,Asia/Shanghai
WHA,31.104519,118.667046,Asia/Shanghai
WUH,30.783751,114.208099,Asia/Shanghai
SHE,41.639839,123.483398,Asia/Shanghai
WUA,39.791943,106.803329,Asia/Shanghai
FUO,23.0825,113.070831,Asia/Shanghai
SQJ,26.428211,117.836914,Asia/Shanghai
FUG,32.882156,115.734367,Asia/Shanghai
FYJ,48.199493,134.36644,Asia/Shanghai
JUZ,28.966757,118.899734,Asia/Shanghai
FOC,25.934599,119.663368,Asia/Shanghai
CZX,31.91972,119.778603,Asia/Shanghai
CIH,36.247501,113.125801,Asia/Shanghai
CQW,29.466768,107.693855,Asia/Shanghai
GXH,34.810555,102.644722,Asia/Shanghai
EHU,30.341,115.039101,Asia/Shanghai
LLB,25.452499,107.96167,Asia/Shanghai
WDS,32.591667,110.907776,Asia/Shanghai
RLK,40.926388,107.738892,Asia/Shanghai
YNZ,33.431339,120.208015,Asia/Shanghai
LJG,26.683332,100.25,Asia/Shanghai
CIF,42.154861,118.834618,Asia/Shanghai
ENY,36.480263,109.463882,Asia/Shanghai
XMN,24.544029,118.127701,Asia/Shanghai
YTY,32.563057,119.718887,Asia/Shanghai
MDG,44.52,129.559998,Asia/Shanghai
LYG,34.571659,118.873596,Asia/Shanghai
ERL,43.422501,112.096664,Asia/Shanghai
ENH,30.320278,109.485001,Asia/Shanghai
XNN,36.525322,102.037537,Asia/Shanghai
XFN,32.150551,112.290802,Asia/Shanghai
XIC,27.98908,102.184303,Asia/Shanghai
LXA,29.29777,90.911942,Asia/Shanghai
WUT,38.599167,112.967781,Asia/Shanghai
XAI,32.541389,114.077782,Asia/Shanghai
SJW,38.274376,114.694427,Asia/Shanghai
XUZ,34.052925,117.554077,Asia/Shanghai
ACX,25.08639,104.959442,Asia/Shanghai
XIL,43.91555,115.963799,Asia/Shanghai
SIN,1.350189,103.9944,Asia/Singapore
XSP,1.416006,103.867081,Asia/Singapore
SEK,67.479218,153.735001,Asia/Srednekolymsk
MQJ,66.455833,143.253052,Asia/Srednekolymsk
BGN,68.556946,146.234726,Asia/Srednekolymsk
ZKP,65.738335,150.707779,Asia/Srednekolymsk
CKH,70.6231,147.901993,Asia/Srednekolymsk
LZN,26.1597,119.958397,Asia/Taipei
GNI,22.672998,121.466316,Asia/Taipei
WOT,23.368959,119.50354,Asia/Taipei
KHH,22.577089,120.349998,Asia/Taipei
HUN,24.02372,121.616898,Asia/Taipei
CYI,23.461769,120.392799,Asia/Taipei
CMJ,23.213091,119.417564,Asia/Taipei
MZG,23.568661,119.628304,Asia/Taipei
MFK,26.223888,120.002502,Asia/Taipei
TNN,22.950359,120.205704,Asia/Taipei
TPE,25.07773,121.232803,Asia/Taipei
RMQ,24.26466,120.620499,Asia/Taipei
KYD,22.02874,121.533607,Asia/Taipei
KNH,24.427891,118.3591,Asia/Taipei
TTT,22.75498,121.101601,Asia/Taipei
TSA,25.069719,121.552498,Asia/Taipei
AZN,40.72773,72.294006,Asia/Tashkent
FEG,40.358761,71.745018,Asia/Tashkent
NMA,40.98457,71.55674,Asia/Tashkent
TAS,41.257858,69.281181,Asia/Tashkent
KUT,42.169998,42.48,Asia/Tbilisi
TBS,41.669159,44.95472,Asia/Tbilisi
BUS,41.610271,41.599689,Asia/Tbilisi
KLM,37.38327,55.452034,Asia/Tehran
LRR,27.669689,54.382759,Asia/Tehran
GCH,30.336399,50.831657,Asia/Tehran
JWN,36.774418,48.369854,Asia/Tehran
IHR,27.234579,60.720428,Asia/Tehran
BJB,37.489719,57.308849,Asia/Tehran
AEU,25.8757,55.033001,Asia/Tehran
ACZ,31.087694,61.542244,Asia/Tehran
SDG,35.24585,47.009239,Asia/Tehran
PYK,35.776085,50.826694,Asia/Tehran
RJN,30.297701,56.051102,Asia/Tehran
CKT,36.501202,61.064899,Asia/Tehran
ADU,38.323826,48.421249,Asia/Tehran
GSM,26.757778,55.905277,Asia/Tehran
LFM,27.374121,53.190926,Asia/Tehran
GBT,36.909401,54.401299,Asia/Tehran
ZAH,29.475679,60.906181,Asia/Tehran
IFN,32.750832,51.861259,Asia/Tehran
IIL,33.586601,46.4048,Asia/Tehran
XBJ,32.898048,59.266109,Asia/Tehran
JAR,28.5867,53.579102,Asia/Tehran
AWZ,31.337429,48.761951,Asia/Tehran
ABD,30.371111,48.228329,Asia/Tehran
HDM,34.867146,48.537319,Asia/Tehran
ZBR,25.44335,60.382111,Asia/Tehran
AKW,30.7444,49.6772,Asia/Tehran
BDH,26.532,54.824841,Asia/Tehran
RUD,36.425301,55.104198,Asia/Tehran
MHD,36.235191,59.640968,Asia/Tehran
JYR,28.726944,57.670277,Asia/Tehran
ACP,37.348,46.127899,Asia/Tehran
PGU,27.383959,52.735516,Asia/Tehran
BUZ,28.944811,50.834629,Asia/Tehran
CQD,32.297199,50.842201,Asia/Tehran
RZR,36.909901,50.679581,Asia/Tehran
OMH,37.668121,45.068699,Asia/Tehran
BND,27.218309,56.37785,Asia/Tehran
SYZ,29.53924,52.589779,Asia/Tehran
THR,35.689159,51.313412,Asia/Tehran
NSH,36.6633,51.464699,Asia/Tehran
IKA,35.416111,51.152222,Asia/Tehran
YES,30.700556,51.544998,Asia/Tehran
BXR,29.084208,58.449783,Asia/Tehran
SYJ,29.5509,55.672699,Asia/Tehran
AZD,31.9049,54.276501,Asia/Tehran
LVP,26.810301,53.3563,Asia/Tehran
KER,30.274441,56.951111,Asia/Tehran
KSH,34.345852,47.158119,Asia/Tehran
TBZ,38.133881,46.235001,Asia/Tehran
PFQ,39.606892,47.877522,Asia/Tehran
IMQ,39.192501,44.925278,Asia/Tehran
KHK,29.2603,50.323898,Asia/Tehran
KHD,33.43861,48.280834,Asia/Tehran
KHY,38.427502,44.973598,Asia/Tehran
DEF,32.438828,48.384682,Asia/Tehran
SRY,36.635727,53.197277,Asia/Tehran
AFZ,36.168098,57.5952,Asia/Tehran
RAS,37.32531,49.605808,Asia/Tehran
MRX,30.55619,49.151871,Asia/Tehran
KIH,26.52615,53.980209,Asia/Tehran
AJK,34.1381,49.847301,Asia/Tehran
SXI,25.908899,54.539398,Asia/Tehran
KKS,33.895329,51.577053,Asia/Tehran
TCX,33.667801,56.8927,Asia/Tehran
YON,27.25639,91.514442,Asia/Thimphu
BUT,27.562956,90.746101,Asia/Thimphu
PBH,27.403191,89.424599,Asia/Thimphu
GLU,26.88348,90.465965,Asia/Thimphu
HNA,39.428612,141.135193,Asia/Tokyo
OBO,42.73333,143.217194,Asia/Tokyo
TKN,27.83638,128.881195,Asia/Tokyo
IKI,33.74902,129.7854,Asia/Tokyo
AXT,39.615551,140.218597,Asia/Tokyo
MMY,24.782829,125.295097,Asia/Tokyo
TKS,34.132801,134.606598,Asia/Tokyo
HND,35.55225,139.779602,Asia/Tokyo
KMI,31.87722,131.448593,Asia/Tokyo
NRT,35.764721,140.386307,Asia/Tokyo
KUH,43.040958,144.192902,Asia/Tokyo
SDJ,38.139721,140.916901,Asia/Tokyo
OKO,35.748489,139.348404,Asia/Tokyo
OIT,33.479439,131.737198,Asia/Tokyo
HIJ,34.436111,132.919403,Asia/Tokyo
MYE,34.072659,139.560043,Asia/Tokyo
YGJ,35.492222,133.236298,Asia/Tokyo
OGN,24.46694,122.977699,Asia/Tokyo
WKJ,45.40416,141.800797,Asia/Tokyo
NTQ,37.293098,136.961853,Asia/Tokyo
ASJ,28.43063,129.712494,Asia/Tokyo
TAK,34.214161,134.015503,Asia/Tokyo
UEO,26.363501,126.713799,Asia/Tokyo
KMJ,32.837311,130.854996,Asia/Tokyo
DNA,26.356916,127.766441,Asia/Tokyo
HKD,41.77,140.821899,Asia/Tokyo
SHI,24.82666,125.144699,Asia/Tokyo
OKE,27.425501,128.701004,Asia/Tokyo
OIR,42.071533,139.433075,Asia/Tokyo
GAJ,38.411888,140.371307,Asia/Tokyo
KIJ,37.955891,139.120697,Asia/Tokyo
OKI,36.181122,133.324799,Asia/Tokyo
IBR,36.181667,140.414719,Asia/Tokyo
MBE,44.303909,143.404007,Asia/Tokyo
FKS,37.227428,140.430603,Asia/Tokyo
FSZ,34.796108,138.189407,Asia/Tokyo
KUM,30.385559,130.658997,Asia/Tokyo
FUK,33.585941,130.450607,Asia/Tokyo
FUJ,32.66626,128.832794,Asia/Tokyo
MSJ,40.70322,141.368301,Asia/Tokyo
TRA,24.6539,124.675003,Asia/Tokyo
RIS,45.242001,141.186401,Asia/Tokyo
AOJ,40.734718,140.690796,Asia/Tokyo
KIX,34.427299,135.244003,Asia/Tokyo
AKJ,43.67083,142.447495,Asia/Tokyo
OKJ,34.756939,133.855194,Asia/Tokyo
OIM,34.782028,139.360306,Asia/Tokyo
MMB,43.8806,144.164001,Asia/Tokyo
HAC,33.115002,139.785797,Asia/Tokyo
TNE,30.605061,130.991196,Asia/Tokyo
OKA,26.19581,127.645798,Asia/Tokyo
AXJ,32.483261,130.15564,Asia/Tokyo
ITM,34.785519,135.438202,Asia/Tokyo
RNJ,27.043961,128.401505,Asia/Tokyo
KOJ,31.803391,130.719406,Asia/Tokyo
OKD,43.1143,141.383102,Asia/Tokyo
TTJ,35.53006,134.166504,Asia/Tokyo
CTS,42.7752,141.6922,Asia/Tokyo
KTD,25.944719,131.326904,Asia/Tokyo
NKM,35.25,136.919998,Asia/Tokyo
HSG,33.153828,130.30278,Asia/Tokyo
KKJ,33.84594,131.034607,Asia/Tokyo
IZO,35.413609,132.889893,Asia/Tokyo
NGO,34.85841,136.805405,Asia/Tokyo
TSJ,34.284882,129.330505,Asia/Tokyo
UKB,34.632771,135.223801,Asia/Tokyo
KCZ,33.546108,133.669403,Asia/Tokyo
IWJ,34.676388,131.790283,Asia/Tokyo
KMQ,36.394611,136.406494,Asia/Tokyo
TJH,35.512798,134.787003,Asia/Tokyo
TOY,36.648331,137.1875,Asia/Tokyo
NGS,32.916939,129.913605,Asia/Tokyo
ONJ,40.196415,140.373825,Asia/Tokyo
SYO,38.809444,139.790558,Asia/Tokyo
SHB,43.577499,144.960007,Asia/Tokyo
KKX,28.321301,129.927994,Asia/Tokyo
MMJ,36.166752,137.922607,Asia/Tokyo
MYJ,33.827221,132.699707,Asia/Tokyo
UBJ,33.93,131.278595,Asia/Tokyo
ISG,24.396389,124.245003,Asia/Tokyo
IWK,34.135277,132.23555,Asia/Tokyo
SHM,33.66222,135.364395,Asia/Tokyo
TOF,56.383331,85.21167,Asia/Tomsk
SWT,60.7094,77.660004,Asia/Tomsk
UBN,47.646942,106.819725,Asia/Ulaanbaatar
MXV,49.6633,100.098999,Asia/Ulaanbaatar
ULN,47.843048,106.766602,Asia/Ulaanbaatar
LTI,46.650002,96.416664,Asia/Ulaanbaatar
ULZ,47.709301,96.525803,Asia/Ulaanbaatar
KCA,41.718056,82.986946,Asia/Urumqi
YIN,43.955833,81.330276,Asia/Urumqi
TCG,46.666668,83.333336,Asia/Urumqi
KHG,39.542919,76.019951,Asia/Urumqi
HMI,42.842499,93.669441,Asia/Urumqi
BPL,44.895,82.299721,Asia/Urumqi
KRL,41.689999,86.120003,Asia/Urumqi
QSZ,38.244999,77.059998,Asia/Urumqi
AAT,47.750362,88.084442,Asia/Urumqi
TLQ,43.030754,89.102272,Asia/Urumqi
SHF,44.241669,85.891113,Asia/Urumqi
YTW,36.808224,81.779541,Asia/Urumqi
IQM,38.149399,85.532799,Asia/Urumqi
KJI,48.221111,86.998055,Asia/Urumqi
NLT,43.43222,83.382225,Asia/Urumqi
AKU,41.262501,80.291664,Asia/Urumqi
URC,43.907101,87.474243,Asia/Urumqi
ZFL,43.088333,81.224442,Asia/Urumqi
HTN,37.038521,79.864929,Asia/Urumqi
KRY,45.466389,84.952499,Asia/Urumqi
FYN,46.804222,89.511978,Asia/Urumqi
ZVK,16.556589,104.759499,Asia/Vientiane
ODY,20.681999,101.993103,Asia/Vientiane
XKH,19.449989,103.158302,Asia/Vientiane
LPQ,19.897909,102.160698,Asia/Vientiane
LXG,21.049999,101.466667,Asia/Vientiane
HOE,20.260511,100.436783,Asia/Vientiane
VTE,17.988319,102.563202,Asia/Vientiane
PKZ,15.13205,105.781403,Asia/Vientiane
NEI,45.083057,136.590561,Asia/Vladivostok
KXK,50.400002,136.929993,Asia/Vladivostok
KVR,44.271873,135.030991,Asia/Vladivostok
VVO,43.398949,132.147995,Asia/Vladivostok
DPT,69.392555,139.89537,Asia/Vladivostok
BQJ,67.648888,134.695007,Asia/Vladivostok
NLI,53.154167,140.651108,Asia/Vladivostok
UKG,70.011002,135.645004,Asia/Vladivostok
GVN,48.925301,140.036697,Asia/Vladivostok
KHV,48.528042,135.188293,Asia/Vladivostok
PYJ,66.410004,112.050003,Asia/Yakutsk
TLK,59.876389,111.044441,Asia/Yakutsk
IKS,71.697701,128.903,Asia/Yakutsk
YKS,62.09325,129.770599,Asia/Yakutsk
NER,56.913334,124.911667,Asia/Yakutsk
SUY,62.184723,117.636108,Asia/Yakutsk
BQS,50.425388,127.412399,Asia/Yakutsk
OLZ,60.399166,120.464165,Asia/Yakutsk
ULK,60.720554,114.825836,Asia/Yakutsk
NYR,63.297222,118.346947,Asia/Yakutsk
ADH,58.602772,125.408798,Asia/Yakutsk
MJZ,62.534679,114.038902,Asia/Yakutsk
MNU,16.4447,97.660698,Asia/Yangon
NYT,19.622499,96.201385,Asia/Yangon
VBC,21.940538,96.089584,Asia/Yangon
PBU,27.32992,97.426262,Asia/Yangon
SNW,18.46073,94.30011,Asia/Yangon
NYU,21.175343,94.928322,Asia/Yangon
MDL,21.70215,95.977921,Asia/Yangon
AKY,20.1327,92.87262,Asia/Yangon
HOX,24.899599,94.914001,Asia/Yangon
NYW,22.22151,95.093979,Asia/Yangon
LIW,19.6915,97.214798,Asia/Yangon
TVY,14.1,98.199997,Asia/Yangon
KMV,23.188801,94.051102,Asia/Yangon
LSH,22.97788,97.752182,Asia/Yangon
HEH,20.74703,96.792038,Asia/Yangon
VBA,19.770643,94.026405,Asia/Yangon
KHM,25.9883,95.6744,Asia/Yangon
MYT,25.383631,97.351913,Asia/Yangon
KYP,19.426439,93.534828,Asia/Yangon
THL,20.483829,99.935349,Asia/Yangon
BMO,24.268354,97.249054,Asia/Yangon
KET,21.301611,99.635986,Asia/Yangon
MGZ,12.43979,98.621468,Asia/Yangon
KAW,10.049258,98.53801,Asia/Yangon
RGN,16.907301,96.133217,Asia/Yangon
CEK,55.305828,61.50333,Asia/Yekaterinburg
PEE,57.914509,56.02121,Asia/Yekaterinburg
BVJ,70.315277,68.333611,Asia/Yekaterinburg
SLY,66.590752,66.611038,Asia/Yekaterinburg
SBT,71.216118,72.049713,Asia/Yekaterinburg
SGC,61.343689,73.40184,Asia/Yekaterinburg
EZV,63.924583,65.044853,Asia/Yekaterinburg
REN,51.79578,55.456741,Asia/Yekaterinburg
EYK,63.683056,66.68306,Asia/Yekaterinburg
URJ,60.116669,64.833336,Asia/Yekaterinburg
NYM,65.481659,72.698883,Asia/Yekaterinburg
KKQ,65.718483,82.455429,Asia/Yekaterinburg
NUX,66.069443,76.520271,Asia/Yekaterinburg
TQL,64.921341,77.797356,Asia/Yekaterinburg
OVS,61.32,63.604401,Asia/Yekaterinburg
MQF,53.393131,58.755661,Asia/Yekaterinburg
NYA,62.110001,65.610001,Asia/Yekaterinburg
KRO,55.475269,65.41555,Asia/Yekaterinburg
SVX,56.743099,60.802719,Asia/Yekaterinburg
NOJ,63.183056,75.269165,Asia/Yekaterinburg
OSW,51.071667,58.596668,Asia/Yekaterinburg
UFA,54.55751,55.874409,Asia/Yekaterinburg
TJM,57.18956,65.324287,Asia/Yekaterinburg
KGP,62.195831,74.533607,Asia/Yekaterinburg
IRM,63.200756,64.433945,Asia/Yekaterinburg
HMA,61.028332,69.08667,Asia/Yekaterinburg
RMZ,58.058334,68.34861,Asia/Yekaterinburg
NJC,60.949268,76.483612,Asia/Yekaterinburg
LWN,40.75,43.849998,Asia/Yerevan
EVN,40.14727,44.395882,Asia/Yerevan
GRW,39.092159,-28.0298,Atlantic/Azores
TER,38.761841,-27.0907,Atlantic/Azores
SJZ,38.665501,-28.1758,Atlantic/Azores
FLW,39.455269,-31.1313,Atlantic/Azores
PIX,38.554329,-28.441299,Atlantic/Azores
HOR,38.51989,-28.715799,Atlantic/Azores
SMA,36.97139,-25.170601,Atlantic/Azores
CVU,39.671379,-31.1166,Atlantic/Azores
PDL,37.74118,-25.6978,Atlantic/Azores
BDA,32.36404,-64.678703,Atlantic/Bermuda
TFN,28.482651,-16.341499,Atlantic/Canary
TFS,28.04447,-16.572399,Atlantic/Canary
VDE,27.81484,-17.886999,Atlantic/Canary
ACE,28.945459,-13.6052,Atlantic/Canary
FUE,28.452709,-13.8637,Atlantic/Canary
GMZ,28.029608,-17.21468,Atlantic/Canary
SPC,28.626471,-17.7556,Atlantic/Canary
LPA,27.931881,-15.3865,Atlantic/Canary
SFL,14.88583,-24.480844,Atlantic/Cape_Verde
SNE,16.588556,-24.284063,Atlantic/Cape_Verde
MMO,15.15592,-23.213699,Atlantic/Cape_Verde
SID,16.741381,-22.9494,Atlantic/Cape_Verde
BVC,16.13653,-22.8888,Atlantic/Cape_Verde
RAI,14.941771,-23.48436,Atlantic/Cape_Verde
VXE,16.833679,-25.0546,Atlantic/Cape_Verde
FAE,62.063622,-7.27721,Atlantic/Faroe
FNC,32.69788,-16.774401,Atlantic/Madeira
PXO,33.07338,-16.349899,Atlantic/Madeira
SIJ,66.133331,-18.916599,Atlantic/Reykjavik
AEY,65.658607,-18.072201,Atlantic/Reykjavik
GRY,66.54583,-18.016666,Atlantic/Reykjavik
HZK,65.952499,-17.4258,Atlantic/Reykjavik
NOR,65.131943,-13.7463,Atlantic/Reykjavik
THO,66.21833,-15.3347,Atlantic/Reykjavik
BLO,65.644997,-20.2875,Atlantic/Reykjavik
VEY,63.424999,-20.2791,Atlantic/Reykjavik
RKV,64.12999,-21.9405,Atlantic/Reykjavik
BIU,65.641388,-23.54611,Atlantic/Reykjavik
GJR,65.9953,-21.3269,Atlantic/Reykjavik
IFJ,66.058052,-23.135201,Atlantic/Reykjavik
HFN,64.295547,-15.2272,Atlantic/Reykjavik
KEF,63.985001,-22.605499,Atlantic/Reykjavik
VPN,65.720551,-14.8505,Atlantic/Reykjavik
EGS,65.283333,-14.4013,Atlantic/Reykjavik
ASI,-7.9696,-14.3937,Atlantic/St_Helena
HLE,-15.959167,-5.645833,Atlantic/St_Helena
PSY,-51.685699,-57.777599,Atlantic/Stanley
MPN,-51.822701,-58.447201,Atlantic/Stanley
CED,-32.130554,133.709717,Australia/Adelaide
ADL,-34.945,138.530502,Australia/Adelaide
CPD,-29.039942,134.720154,Australia/Adelaide
PUG,-32.506943,137.71666,Australia/Adelaide
WUD,-33.043301,135.447006,Australia/Adelaide
WYA,-33.058887,137.51445,Australia/Adelaide
MGB,-37.740002,140.779999,Australia/Adelaide
NAC,-36.985298,140.725006,Australia/Adelaide
PXH,-29.716667,135.521667,Australia/Adelaide
PLO,-34.605278,135.88028,Australia/Adelaide
OLP,-30.485001,136.876663,Australia/Adelaide
KGC,-35.71389,137.521667,Australia/Adelaide
MOO,-28.0994,140.197006,Australia/Adelaide
PPI,-33.238899,137.994995,Australia/Adelaide
BEU,-24.345043,139.459488,Australia/Brisbane
PPP,-20.495001,148.5522,Australia/Brisbane
ROK,-23.381901,150.475204,Australia/Brisbane
GYP,-26.282801,152.701996,Australia/Brisbane
WTB,-27.558332,151.793335,Australia/Brisbane
SGO,-28.053333,148.593887,Australia/Brisbane
RCM,-20.7019,143.1147,Australia/Brisbane
MOV,-22.058332,148.078339,Australia/Brisbane
BQL,-22.9,139.899994,Australia/Brisbane
ONG,-16.66,139.169998,Australia/Brisbane
TWB,-27.542221,151.913895,Australia/Brisbane
CMA,-28.031389,145.616104,Australia/Brisbane
CNC,-10.05,143.070007,Australia/Brisbane
HVB,-25.3188,152.880203,Australia/Brisbane
MCY,-26.6033,153.091095,Australia/Brisbane
IFL,-17.559401,146.011993,Australia/Brisbane
SYU,-10.2083,142.824997,Australia/Brisbane
TSV,-19.252501,146.765198,Australia/Brisbane
MRG,-17.069201,145.419006,Australia/Brisbane
CUD,-26.799999,153.100006,Australia/Brisbane
CCL,-26.775,150.617004,Australia/Brisbane
UBB,-9.95,142.182999,Australia/Brisbane
DMD,-17.940001,138.820007,Australia/Brisbane
BNE,-27.3841,153.117493,Australia/Brisbane
ABM,-10.9508,142.459396,Australia/Brisbane
IRG,-12.788889,143.3125,Australia/Brisbane
CNJ,-20.668905,140.508514,Australia/Brisbane
OKR,-9.75703,143.410995,Australia/Brisbane
XMY,-9.90111,142.776001,Australia/Brisbane
BVI,-25.898333,139.343338,Australia/Brisbane
TQP,-21.839603,140.893768,Australia/Brisbane
NTN,-17.68,141.070007,Australia/Brisbane
XTO,-25.801701,149.899994,Australia/Brisbane
EDR,-14.8967,141.608994,Australia/Brisbane
SHQ,-27.915001,153.373001,Australia/Brisbane
JCK,-20.66,141.720001,Australia/Brisbane
EMD,-23.559999,148.169998,Australia/Brisbane
BBL,-27.408333,141.808334,Australia/Brisbane
PHQ,-21.811666,139.92334,Australia/Brisbane
BDD,-10.15,142.173401,Australia/Brisbane
GLT,-23.871469,151.223511,Australia/Brisbane
WLE,-26.809168,150.164993,Australia/Brisbane
BKQ,-24.4277,145.428604,Australia/Brisbane
CNS,-16.885799,145.755203,Australia/Brisbane
NLF,-9.58333,143.766998,Australia/Brisbane
CTN,-15.443333,145.183334,Australia/Brisbane
CTL,-26.4133,146.262497,Australia/Brisbane
WIN,-22.35,143.066666,Australia/Brisbane
KWM,-15.4875,141.748337,Australia/Brisbane
SBR,-9.37833,142.625,Australia/Brisbane
GIC,-9.233333,142.21666,Australia/Brisbane
CUQ,-13.763889,143.113327,Australia/Brisbane
ISA,-20.663799,139.488602,Australia/Brisbane
WNR,-25.416668,142.666672,Australia/Brisbane
ULP,-26.633333,144.300003,Australia/Brisbane
HID,-10.586389,142.289993,Australia/Brisbane
BCI,-23.559168,145.301941,Australia/Brisbane
KRB,-17.456699,140.830002,Australia/Brisbane
OOL,-28.156067,153.502426,Australia/Brisbane
PMK,-18.755301,146.580994,Australia/Brisbane
MBH,-25.5133,152.714996,Australia/Brisbane
KUG,-10.225,142.218002,Australia/Brisbane
AUU,-13.353889,141.72084,Australia/Brisbane
BDB,-24.898708,152.321869,Australia/Brisbane
HGD,-20.809999,144.220001,Australia/Brisbane
MKY,-21.1716,149.179703,Australia/Brisbane
DBY,-27.1553,151.266998,Australia/Brisbane
WEI,-12.6786,141.925201,Australia/Brisbane
MYI,-9.91667,144.054993,Australia/Brisbane
LRE,-23.434099,144.280197,Australia/Brisbane
MMM,-22.8025,148.705002,Australia/Brisbane
RMA,-26.545,148.774719,Australia/Brisbane
LYT,-24.116667,152.71666,Australia/Brisbane
BHQ,-31.998983,141.468567,Australia/Broken_Hill
SNB,-11.4228,130.654007,Australia/Darwin
ELC,-12.019817,135.569794,Australia/Darwin
MNG,-12.05492,134.232269,Australia/Darwin
GTS,-20.548332,130.350006,Australia/Darwin
GOV,-12.271392,136.82016,Australia/Darwin
KFG,-17.4319,130.807999,Australia/Darwin
DRW,-12.4147,130.876663,Australia/Darwin
BRT,-11.7692,130.619995,Australia/Darwin
KTR,-14.5211,132.378006,Australia/Darwin
GTE,-13.972356,136.458435,Australia/Darwin
MGT,-12.093703,134.893524,Australia/Darwin
AYQ,-25.1861,130.975494,Australia/Darwin
TCA,-19.634399,134.182999,Australia/Darwin
MCV,-16.466667,136.095001,Australia/Darwin
ASP,-23.806601,133.902206,Australia/Darwin
DPO,-41.169724,146.430283,Australia/Hobart
SRN,-42.154999,145.292007,Australia/Hobart
LST,-41.5452,147.214096,Australia/Hobart
KNS,-39.877499,143.878326,Australia/Hobart
BWT,-40.99889,145.73111,Australia/Hobart
FLS,-40.095001,147.996674,Australia/Hobart
HBA,-42.836102,147.510193,Australia/Hobart
HTI,-20.358,148.951599,Australia/Lindeman
LDH,-31.540808,159.078156,Australia/Lord_Howe
MQL,-34.229099,142.085495,Australia/Melbourne
SWH,-35.375801,143.533005,Australia/Melbourne
WMB,-38.2953,142.447006,Australia/Melbourne
WGT,-36.415798,146.307007,Australia/Melbourne
SXE,-38.090828,146.965332,Australia/Melbourne
PTJ,-38.318054,141.471115,Australia/Melbourne
MEB,-37.731159,144.901306,Australia/Melbourne
HSM,-36.669701,142.173004,Australia/Melbourne
AVV,-38.039398,144.469406,Australia/Melbourne
MEL,-37.673302,144.843307,Australia/Melbourne
BSJ,-37.887501,147.567993,Australia/Melbourne
BLN,-36.551899,146.007004,Australia/Melbourne
MBW,-37.9758,145.102203,Australia/Melbourne
TGN,-38.207199,146.470001,Australia/Melbourne
ECH,-36.1572,144.761993,Australia/Melbourne
BXG,-36.739399,144.330002,Australia/Melbourne
WRN,-30.032337,119.38649,Australia/Perth
WYN,-15.5114,128.153,Australia/Perth
LNO,-28.870001,121.300003,Australia/Perth
DRB,-17.370001,123.661003,Australia/Perth
ZNE,-23.4177,119.802696,Australia/Perth
KNX,-15.778,128.707504,Australia/Perth
EPR,-33.68,121.82,Australia/Perth
PHE,-20.377701,118.626297,Australia/Perth
MQZ,-33.930599,115.099998,Australia/Perth
IBM,-21.287792,118.882927,Australia/Perth
MKR,-26.610001,118.540001,Australia/Perth
GYL,-16.629999,128.449997,Australia/Perth
OOD,-22.503927,119.076187,Australia/Perth
SLJ,-22.253553,117.848686,Australia/Perth
BQB,-33.687222,115.400276,Australia/Perth
KAX,-27.690001,114.261597,Australia/Perth
TEF,-21.715,122.228996,Australia/Perth
KGI,-30.7894,121.461601,Australia/Perth
CJF,-22.965,118.809998,Australia/Perth
UBU,-14.2883,126.632004,Australia/Perth
PBO,-23.171101,117.745201,Australia/Perth
JAD,-32.09,115.879997,Australia/Perth
PER,-31.940201,115.966904,Australia/Perth
KTA,-20.7122,116.7733,Australia/Perth
BME,-17.9447,122.231598,Australia/Perth
ALH,-34.939999,117.800003,Australia/Perth
BUY,-33.378056,115.676941,Australia/Perth
LER,-27.84,120.699997,Australia/Perth
BWB,-20.864401,115.405998,Australia/Perth
KFE,-22.292,119.437225,Australia/Perth
RTS,-32.006699,115.540001,Australia/Perth
ONS,-21.668926,115.111984,Australia/Perth
OCM,-22.540001,117.275002,Australia/Perth
BYP,-22.673889,119.166115,Australia/Perth
TTX,-14.089722,126.380836,Australia/Perth
GBW,-22.5816,120.036255,Australia/Perth
RVT,-33.779999,120.199997,Australia/Perth
WWI,-21.641859,121.188019,Australia/Perth
MJK,-25.893333,113.576668,Australia/Perth
MJP,-34.265301,116.139999,Australia/Perth
GET,-28.796078,114.702049,Australia/Perth
WUI,-28.704733,121.890511,Australia/Perth
WME,-27.2864,120.555,Australia/Perth
CKW,-22.355556,119.652222,Australia/Perth
WLP,-23.135729,118.70739,Australia/Perth
MMG,-28.110001,117.839996,Australia/Perth
HCQ,-18.23,127.660004,Australia/Perth
LVO,-28.6136,122.423798,Australia/Perth
WUN,-26.620001,120.220001,Australia/Perth
WCD,-30.1737,122.322098,Australia/Perth
CVQ,-24.880501,113.672203,Australia/Perth
LEA,-22.2355,114.0886,Australia/Perth
DCN,-17.580511,123.828598,Australia/Perth
FIZ,-18.1819,125.558998,Australia/Perth
NIF,-21.6717,121.586998,Australia/Perth
ARM,-30.528334,151.616669,Australia/Sydney
WOL,-34.562637,150.787903,Australia/Sydney
WGE,-30.032801,148.126007,Australia/Sydney
TMW,-31.083799,150.846603,Australia/Sydney
TEM,-34.421398,147.511993,Australia/Sydney
ABX,-36.067699,146.957993,Australia/Sydney
TCW,-35.811699,145.608002,Australia/Sydney
WGA,-35.165199,147.466293,Australia/Sydney
SYD,-33.946098,151.1772,Australia/Sydney
TRO,-31.879999,152.509995,Australia/Sydney
CRB,-29.5217,148.582001,Australia/Sydney
MRZ,-29.496346,149.850189,Australia/Sydney
CBR,-35.3069,149.195007,Australia/Sydney
CDU,-34.040199,150.687195,Australia/Sydney
OAG,-33.381668,149.133057,Australia/Sydney
MIM,-36.9086,149.901306,Australia/Sydney
BWU,-33.9244,150.988297,Australia/Sydney
DBO,-32.216599,148.574707,Australia/Sydney
GFN,-29.75,153.029999,Australia/Sydney
LSY,-28.8302,153.259995,Australia/Sydney
CWW,-35.994701,146.356995,Australia/Sydney
PKE,-33.13139,148.239166,Australia/Sydney
CAZ,-31.530001,145.789993,Australia/Sydney
OOM,-36.299999,148.970001,Australia/Sydney
KPS,-31.0744,152.76973,Australia/Sydney
CFS,-30.320499,153.116302,Australia/Sydney
NRA,-34.702221,146.512222,Australia/Sydney
IVR,-29.8883,151.143997,Australia/Sydney
BRK,-30.0392,145.951996,Australia/Sydney
CES,-32.787498,151.341995,Australia/Sydney
BEO,-33.06591,151.646133,Australia/Sydney
NTL,-32.794998,151.834396,Australia/Sydney
HXX,-34.531399,144.830002,Australia/Sydney
MYA,-35.897701,150.144394,Australia/Sydney
BNK,-28.833799,153.5625,Australia/Sydney
PQQ,-31.435801,152.863297,Australia/Sydney
BHS,-33.400002,149.649994,Australia/Sydney
NAA,-30.318291,149.829117,Australia/Sydney
MTL,-32.7033,151.488007,Australia/Sydney
GFF,-34.251667,146.059998,Australia/Sydney
DGE,-32.5625,149.610992,Australia/Sydney
UGL,-79.777687,-83.320404,Etc/GMT+6
QAN,-70.633331,-8.263333,Etc/UTC
LEY,52.4603,5.52722,Europe/Amsterdam
QHT,52.242867,6.051045,Europe/Amsterdam
AMS,52.308609,4.763889,Europe/Amsterdam
DHR,52.923351,4.780625,Europe/Amsterdam
EIN,51.45013,5.374528,Europe/Amsterdam
QHB,51.2561,5.601917,Europe/Amsterdam
QHS,51.554962,4.553187,Europe/Amsterdam
MST,50.911652,5.770144,Europe/Amsterdam
RTM,51.95694,4.437222,Europe/Amsterdam
ENS,52.27441,6.885969,Europe/Amsterdam
GRQ,53.11972,6.579444,Europe/Amsterdam
WOE,51.4491,4.34203,Europe/Amsterdam
ASF,46.283329,48.006271,Europe/Astrakhan
MLO,36.69611,24.477501,Europe/Athens
KIT,36.27425,23.01697,Europe/Athens
AOK,35.421398,27.146,Europe/Athens
KZS,36.14167,29.576376,Europe/Athens
JMK,37.43512,25.348101,Europe/Athens
KLX,37.06831,22.02552,Europe/Athens
JTR,36.399158,25.47933,Europe/Athens
EFL,38.12006,20.500481,Europe/Athens
HER,35.33971,25.18029,Europe/Athens
JNX,37.080551,25.36805,Europe/Athens
VOL,39.219608,22.794331,Europe/Athens
JSY,37.423611,24.950001,Europe/Athens
GPA,38.151112,21.42555,Europe/Athens
PAS,37.019958,25.113379,Europe/Athens
MJT,39.05666,26.59833,Europe/Athens
JIK,37.666668,26.333332,Europe/Athens
JKH,38.34317,26.14057,Europe/Athens
JSH,35.216099,26.10132,Europe/Athens
SKG,40.519718,22.970949,Europe/Athens
SKU,38.967548,24.487221,Europe/Athens
JTY,36.579887,26.375822,Europe/Athens
KVA,40.9133,24.619221,Europe/Athens
CHQ,35.531738,24.14967,Europe/Athens
IOA,39.696381,20.8225,Europe/Athens
ATH,37.936352,23.94446,Europe/Athens
SMI,37.689991,26.911659,Europe/Athens
KSO,40.446289,21.282181,Europe/Athens
CFU,39.60194,19.911659,Europe/Athens
LRS,37.184898,26.80028,Europe/Athens
LXS,39.917068,25.2363,Europe/Athens
JSI,39.177101,23.50367,Europe/Athens
KGS,36.793331,27.09166,Europe/Athens
RHO,36.405411,28.086189,Europe/Athens
JKL,36.963329,26.940556,Europe/Athens
AXD,40.855862,25.956261,Europe/Athens
PVK,38.925461,20.76531,Europe/Athens
KSJ,35.421349,26.91004,Europe/Athens
KZI,40.28611,21.84083,Europe/Athens
ZTH,37.750851,20.884251,Europe/Athens
BEG,44.818439,20.30913,Europe/Belgrade
PRN,42.572769,21.03583,Europe/Belgrade
INI,43.33728,21.85372,Europe/Belgrade
KVO,43.818611,20.585278,Europe/Belgrade
HDF,53.87825,14.138242,Europe/Berlin
GKE,50.960865,6.042386,Europe/Berlin
HAJ,52.461048,9.685078,Europe/Berlin
QCB,49.921146,10.915216,Europe/Berlin
BER,52.362877,13.503722,Europe/Berlin
ESS,51.402328,6.937333,Europe/Berlin
QCL,47.858948,10.01436,Europe/Berlin
FRF,52.038055,11.205556,Europe/Berlin
WVN,53.504829,8.053333,Europe/Berlin
BMR,53.724724,7.373333,Europe/Berlin
QCS,49.303154,8.452496,Europe/Berlin
XFW,53.529999,9.83,Europe/Berlin
VAC,52.908333,8.040556,Europe/Berlin
QCJ,52.629208,11.820399,Europe/Berlin
KEL,54.379501,10.14516,Europe/Berlin
SPM,49.976028,6.697822,Europe/Berlin
EME,53.391178,7.227408,Europe/Berlin
BRE,53.047501,8.786667,Europe/Berlin
HAM,53.630379,9.988228,Europe/Berlin
ZNO,52.18111,9.946944,Europe/Berlin
ERF,50.979809,10.9581,Europe/Berlin
NUE,49.498699,11.06689,Europe/Berlin
REB,53.306389,12.752222,Europe/Berlin
WBG,54.457157,9.51221,Europe/Berlin
NOD,53.633007,7.190385,Europe/Berlin
LGO,53.7425,7.497778,Europe/Berlin
FRA,50.037796,8.555783,Europe/Berlin
HEI,54.154999,8.903333,Europe/Berlin
EIB,50.992779,10.472778,Europe/Berlin
QEF,49.961109,8.643611,Europe/Berlin
WIE,50.049801,8.3254,Europe/Berlin
LHA,48.369301,7.82772,Europe/Berlin
FLF,54.773335,9.378889,Europe/Berlin
QCW,49.606548,8.368438,Europe/Berlin
SGE,50.707699,8.08297,Europe/Berlin
HGL,54.185268,7.915833,Europe/Berlin
HHN,49.948669,7.263892,Europe/Berlin
QCK,51.296703,14.127755,Europe/Berlin
PAD,51.614079,8.616317,Europe/Berlin
MUC,48.353779,11.78608,Europe/Berlin
FMO,52.13464,7.684831,Europe/Berlin
QCP,49.118382,9.783259,Europe/Berlin
SZW,53.426991,11.78343,Europe/Berlin
OBF,48.08136,11.28306,Europe/Berlin
JUI,53.68111,7.056389,Europe/Berlin
QEV,51.995277,6.843333,Europe/Berlin
QCQ,53.036091,8.505381,Europe/Berlin
NRD,53.706821,7.230247,Europe/Berlin
QEJ,53.271873,7.443994,Europe/Berlin
QCT,51.944511,7.774341,Europe/Berlin
QCC,52.59111,10.022222,Europe/Berlin
FDH,47.67131,9.511486,Europe/Berlin
AGE,53.783001,7.917,Europe/Berlin
BWE,52.31916,10.55611,Europe/Berlin
QCF,48.022652,7.832583,Europe/Berlin
LEJ,51.432442,12.24163,Europe/Berlin
PEF,54.15778,13.774444,Europe/Berlin
BMK,53.595501,6.709167,Europe/Berlin
QCE,48.395996,12.721446,Europe/Berlin
QEX,54.220001,9.599444,Europe/Berlin
IGS,48.715557,11.533889,Europe/Berlin
QER,50.335888,8.878789,Europe/Berlin
QCA,47.835518,10.870574,Europe/Berlin
RMS,49.436909,7.600283,Europe/Berlin
QCD,52.585564,8.340962,Europe/Berlin
GWT,54.91325,8.340472,Europe/Berlin
QED,52.487595,8.185209,Europe/Berlin
MHG,49.472698,8.514264,Europe/Berlin
FNB,53.602238,13.305836,Europe/Berlin
BBJ,49.945332,6.565,Europe/Berlin
QHU,54.515278,9.144722,Europe/Berlin
QEN,47.97662,8.905584,Europe/Berlin
PSH,54.308887,8.686944,Europe/Berlin
BFE,51.964722,8.544444,Europe/Berlin
FMM,47.988609,10.239444,Europe/Berlin
NRN,51.602409,6.142172,Europe/Berlin
BYU,49.984421,11.63856,Europe/Berlin
QYP,51.577148,14.137252,Europe/Berlin
IES,51.29361,13.356111,Europe/Berlin
AAH,50.823051,6.186111,Europe/Berlin
CGN,50.866001,7.143,Europe/Berlin
SCN,49.21455,7.109508,Europe/Berlin
ZQW,49.209518,7.400647,Europe/Berlin
QCZ,52.203888,13.16,Europe/Berlin
GTI,54.383331,13.325556,Europe/Berlin
QCX,53.128338,9.348345,Europe/Berlin
QEK,52.631828,13.770219,Europe/Berlin
QET,49.863335,6.788056,Europe/Berlin
RLG,53.917999,12.278,Europe/Berlin
IZE,53.994228,9.578198,Europe/Berlin
KSF,51.420834,9.392222,Europe/Berlin
QCI,50.325493,7.528571,Europe/Berlin
QEZ,49.967499,8.147222,Europe/Berlin
LBC,53.805359,10.71922,Europe/Berlin
FCN,53.7677,8.6585,Europe/Berlin
QCH,50.76889,7.163333,Europe/Berlin
EUM,54.079445,9.941389,Europe/Berlin
AGB,48.425152,10.93176,Europe/Berlin
AOC,50.981812,12.50636,Europe/Berlin
GHF,49.648056,9.966389,Europe/Berlin
DUS,51.289452,6.766775,Europe/Berlin
QEE,52.826389,13.701182,Europe/Berlin
QCN,54.312244,9.538163,Europe/Berlin
QEQ,51.035713,8.679523,Europe/Berlin
QES,52.580013,13.915923,Europe/Berlin
HOQ,50.28883,11.85491,Europe/Berlin
MGL,51.23035,6.504494,Europe/Berlin
DRS,51.132759,13.76716,Europe/Berlin
DTM,51.518311,7.612242,Europe/Berlin
STR,48.689869,9.221964,Europe/Berlin
FKB,48.77935,8.0805,Europe/Berlin
BBH,54.338089,12.714172,Europe/Berlin
QCM,48.053753,9.372239,Europe/Berlin
QCO,47.973747,8.52224,Europe/Berlin
RBM,48.900833,12.516667,Europe/Berlin
SLD,48.637829,19.1341,Europe/Bratislava
TAT,49.073589,20.24114,Europe/Bratislava
BTS,48.170158,17.21266,Europe/Bratislava
ILZ,49.231522,18.613501,Europe/Bratislava
PZY,48.62524,17.82844,Europe/Bratislava
KSC,48.663052,21.24111,Europe/Bratislava
CRL,50.459999,4.452778,Europe/Brussels
ANR,51.189442,4.460278,Europe/Brussels
LGG,50.636379,5.442778,Europe/Brussels
KJK,50.8172,3.20472,Europe/Brussels
OST,51.198879,2.862222,Europe/Brussels
BRU,50.901379,4.484444,Europe/Brussels
OTP,44.572159,26.102171,Europe/Bucharest
CND,44.362221,28.488331,Europe/Bucharest
CLJ,46.785091,23.68611,Europe/Bucharest
TGM,46.467709,24.412519,Europe/Bucharest
OMR,47.025269,21.9025,Europe/Bucharest
CSB,45.42004,22.252792,Europe/Bucharest
SBZ,45.785789,24.091181,Europe/Bucharest
BAY,47.658379,23.47002,Europe/Bucharest
CRA,44.31813,23.888611,Europe/Bucharest
BBU,44.503189,26.10211,Europe/Bucharest
SUJ,47.70327,22.8857,Europe/Bucharest
BCM,46.521938,26.910271,Europe/Bucharest
TCE,45.06321,28.71431,Europe/Bucharest
ARW,46.176552,21.26202,Europe/Bucharest
IAS,47.17849,27.62063,Europe/Bucharest
TSR,45.80986,21.33786,Europe/Bucharest
SCV,47.6875,26.35405,Europe/Bucharest
GHV,45.706043,25.52339,Europe/Bucharest
PEV,45.990833,18.240833,Europe/Budapest
QEB,47.450832,18.980556,Europe/Budapest
QEG,47.582779,16.845278,Europe/Budapest
QEY,47.983891,21.692223,Europe/Budapest
QGY,47.624443,17.81361,Europe/Budapest
BUD,47.436932,19.25559,Europe/Budapest
QEU,46.250832,20.089167,Europe/Budapest
DEB,47.488911,21.61533,Europe/Budapest
SOB,46.686378,17.15905,Europe/Budapest
KIV,46.927738,28.930969,Europe/Chisinau
BLL,55.740318,9.151778,Europe/Copenhagen
CNL,57.503502,10.2294,Europe/Copenhagen
AAL,57.092781,9.849164,Europe/Copenhagen
KRP,56.297451,9.124628,Europe/Copenhagen
BYR,57.276943,10.999722,Europe/Copenhagen
SGD,54.964359,9.791731,Europe/Copenhagen
RNN,55.063259,14.75955,Europe/Copenhagen
RKE,55.58556,12.13142,Europe/Copenhagen
AAR,56.300011,10.619,Europe/Copenhagen
ODE,55.476662,10.33093,Europe/Copenhagen
STA,55.99012,8.353906,Europe/Copenhagen
SQW,56.550201,9.17298,Europe/Copenhagen
QEA,56.151993,10.247725,Europe/Copenhagen
SKS,55.225552,9.263931,Europe/Copenhagen
MRW,54.699299,11.4401,Europe/Copenhagen
CPH,55.616959,12.645637,Europe/Copenhagen
QEC,55.691055,12.600377,Europe/Copenhagen
QCV,55.436264,9.330965,Europe/Copenhagen
EBJ,55.52594,8.553403,Europe/Copenhagen
TED,57.068802,8.705224,Europe/Copenhagen
SXL,54.280209,-8.5992,Europe/Dublin
CFN,55.044189,-8.341,Europe/Dublin
ORK,51.841381,-8.49111,Europe/Dublin
WAT,52.187199,-7.08696,Europe/Dublin
SNN,52.701969,-8.92481,Europe/Dublin
NOC,53.91029,-8.81849,Europe/Dublin
DUB,53.421379,-6.27,Europe/Dublin
QIW,53.352337,-6.488054,Europe/Dublin
KIR,52.18087,-9.52378,Europe/Dublin
GIB,36.151211,-5.34966,Europe/Gibraltar
GCI,49.434952,-2.60196,Europe/Guernsey
ACI,49.706108,-2.21472,Europe/Guernsey
KAJ,64.285469,27.69241,Europe/Helsinki
RVN,66.562805,25.82658,Europe/Helsinki
KOK,63.721169,23.143129,Europe/Helsinki
IVL,68.607262,27.405319,Europe/Helsinki
TMP,61.415272,23.58777,Europe/Helsinki
KTT,67.701019,24.846849,Europe/Helsinki
KUO,63.007149,27.79775,Europe/Helsinki
HEL,60.317219,24.963329,Europe/Helsinki
KAO,65.987572,29.23938,Europe/Helsinki
KEM,65.781883,24.5991,Europe/Helsinki
LPP,61.044552,28.14439,Europe/Helsinki
HYV,60.6544,24.8811,Europe/Helsinki
OUL,64.929161,25.355551,Europe/Helsinki
JOE,62.662899,29.60755,Europe/Helsinki
VAA,63.050652,21.762171,Europe/Helsinki
POR,61.461681,21.79998,Europe/Helsinki
ENF,68.362579,23.42432,Europe/Helsinki
TKU,60.514141,22.2628,Europe/Helsinki
SVL,61.943062,28.945129,Europe/Helsinki
SJY,62.692108,22.832319,Europe/Helsinki
JYV,62.399448,25.678249,Europe/Helsinki
IOM,54.083328,-4.62388,Europe/Isle_of_Man
TEQ,41.138332,27.919167,Europe/Istanbul
USQ,38.681469,29.47167,Europe/Istanbul
MZH,40.829369,35.521992,Europe/Istanbul
SAW,40.898548,29.30921,Europe/Istanbul
VAN,38.468208,43.332298,Europe/Istanbul
ISL,40.976921,28.8146,Europe/Istanbul
ISE,37.866112,30.382221,Europe/Istanbul
AJI,39.65456,43.027149,Europe/Istanbul
BJV,37.25061,27.66431,Europe/Istanbul
ADB,38.292389,27.15695,Europe/Istanbul
MLX,38.435341,38.091,Europe/Istanbul
KCO,40.735027,30.083336,Europe/Istanbul
KSY,40.562222,43.115002,Europe/Istanbul
IGD,39.983055,43.86639,Europe/Istanbul
MSR,38.747761,41.661228,Europe/Istanbul
MQM,37.223331,40.63166,Europe/Istanbul
YEI,40.255001,29.5625,Europe/Istanbul
BGG,38.861111,40.592499,Europe/Istanbul
CKZ,40.137718,26.426769,Europe/Istanbul
TZX,40.995098,39.789719,Europe/Istanbul
ESB,40.128078,32.995079,Europe/Istanbul
KCM,37.534401,36.9505,Europe/Istanbul
AYT,36.898731,30.800461,Europe/Istanbul
IST,41.267052,28.729757,Europe/Istanbul
VAS,39.81382,36.903488,Europe/Istanbul
GZT,36.947182,37.47868,Europe/Istanbul
SXZ,37.978901,41.840401,Europe/Istanbul
ADA,36.982159,35.28038,Europe/Istanbul
SZF,41.254478,36.567101,Europe/Istanbul
ERC,39.710201,39.527,Europe/Istanbul
ERZ,39.956501,41.170158,Europe/Istanbul
AOE,39.811401,30.527,Europe/Istanbul
RZV,41.180119,40.849251,Europe/Istanbul
HTY,36.362778,36.282223,Europe/Istanbul
DIY,37.89389,40.201012,Europe/Istanbul
DLM,36.713051,28.7925,Europe/Istanbul
ASR,38.770378,35.495419,Europe/Istanbul
OGU,40.966667,38.066666,Europe/Istanbul
GZP,36.299,32.299999,Europe/Istanbul
YKO,37.545242,44.255165,Europe/Istanbul
EZS,38.606918,39.291409,Europe/Istanbul
BAL,37.928959,41.116581,Europe/Istanbul
DNZ,37.785561,29.70129,Europe/Istanbul
ONQ,41.508461,32.090023,Europe/Istanbul
TJK,40.321861,36.379726,Europe/Istanbul
ADF,37.731361,38.468929,Europe/Istanbul
KYA,37.979,32.561859,Europe/Istanbul
GNY,37.450001,38.900002,Europe/Istanbul
NKT,37.363888,42.060001,Europe/Istanbul
NOP,42.019001,35.079189,Europe/Istanbul
KFS,41.314167,33.795555,Europe/Istanbul
KZR,39.111389,30.129999,Europe/Istanbul
NAV,38.76889,34.52639,Europe/Istanbul
EDO,39.549999,27.01,Europe/Istanbul
JER,49.207939,-2.1955,Europe/Jersey
KGD,54.890049,20.59263,Europe/Kaliningrad
KVX,58.503052,49.347221,Europe/Kirov
ODS,46.426762,30.67646,Europe/Kyiv
KBP,50.345001,30.89472,Europe/Kyiv
DOK,48.073608,37.739719,Europe/Kyiv
HRK,49.924782,36.289982,Europe/Kyiv
CWC,48.259319,25.980829,Europe/Kyiv
IEV,50.401691,30.44969,Europe/Kyiv
KHE,46.672394,32.507988,Europe/Kyiv
PLV,49.5686,34.397202,Europe/Kyiv
VIN,49.243427,28.6112,Europe/Kyiv
GML,50.603611,30.191944,Europe/Kyiv
UDJ,48.63427,22.26335,Europe/Kyiv
DNK,48.35722,35.100552,Europe/Kyiv
ZTR,50.270023,28.73999,Europe/Kyiv
OZH,47.867001,35.315689,Europe/Kyiv
NLV,47.057899,31.9198,Europe/Kyiv
IFO,48.884159,24.68611,Europe/Kyiv
RWN,50.599998,26.15,Europe/Kyiv
KWG,48.043301,33.209999,Europe/Kyiv
LWO,49.8125,23.95611,Europe/Kyiv
AVR,38.884068,-9.029201,Europe/Lisbon
LIS,38.781311,-9.13591,Europe/Lisbon
QPS,39.211723,-8.057656,Europe/Lisbon
FAO,37.01442,-7.96591,Europe/Lisbon
CHV,41.722324,-7.46315,Europe/Lisbon
BGZ,41.587101,-8.44514,Europe/Lisbon
BGC,41.8578,-6.70712,Europe/Lisbon
BYJ,38.078888,-7.9325,Europe/Lisbon
PRM,37.1493,-8.58396,Europe/Lisbon
OPO,41.248051,-8.68138,Europe/Lisbon
VRL,41.27433,-7.72047,Europe/Lisbon
CBP,40.1572,-8.47,Europe/Lisbon
VSE,40.725498,-7.88899,Europe/Lisbon
CAT,38.725555,-9.355278,Europe/Lisbon
QPV,38.533463,-7.889648,Europe/Lisbon
LJU,46.223679,14.45761,Europe/Ljubljana
POW,45.473351,13.61497,Europe/Ljubljana
MBX,46.479858,15.68613,Europe/Ljubljana
INV,57.5425,-4.0475,Europe/London
BZZ,51.749962,-1.58361,Europe/London
LHR,51.471626,-0.467081,Europe/London
QCY,53.09301,-0.16601,Europe/London
QKD,51.588451,-0.512884,Europe/London
LYX,50.956108,0.939167,Europe/London
LGW,51.148048,-0.19027,Europe/London
QKE,51.655834,-0.325833,Europe/London
BEX,51.616402,-1.09583,Europe/London
LCY,51.505268,0.055278,Europe/London
BQH,51.33083,0.0325,Europe/London
COL,56.601898,-6.61778,Europe/London
ISC,49.91333,-6.29166,Europe/London
CSA,56.057499,-6.24306,Europe/London
LSI,59.87888,-1.29555,Europe/London
ILY,55.681938,-6.25666,Europe/London
QKT,52.072224,-0.616667,Europe/London
HUY,53.57444,-0.35083,Europe/London
KOI,58.957771,-2.905,Europe/London
LDY,55.04277,-7.16111,Europe/London
MAN,53.353741,-2.27495,Europe/London
QKX,52.613022,-0.476046,Europe/London
WTN,53.166111,-0.523889,Europe/London
CBG,52.205002,0.175,Europe/London
QKR,53.280556,-0.951389,Europe/London
SQZ,53.3078,-0.550833,Europe/London
SWS,51.605331,-4.06783,Europe/London
ESH,50.835548,-0.29722,Europe/London
BLK,53.772106,-3.038085,Europe/London
BBS,51.323879,-0.8475,Europe/London
SEN,51.571381,0.695556,Europe/London
NHT,51.553001,-0.41816,Europe/London
NDY,59.250278,-2.576667,Europe/London
MHZ,52.361931,0.486406,Europe/London
LMO,57.705212,-3.33916,Europe/London
OXF,51.836941,-1.32,Europe/London
LKZ,52.409302,0.561,Europe/London
QKY,53.030277,-0.483333,Europe/London
RCS,51.351898,0.503333,Europe/London
CAL,55.43,-5.68,Europe/London
KRH,51.2136,-0.138611,Europe/London
CVT,52.36972,-1.47972,Europe/London
BHX,52.45385,-1.74802,Europe/London
LTN,51.874722,-0.36833,Europe/London
STN,51.884998,0.235,Europe/London
BRS,51.38266,-2.71908,Europe/London
DSA,53.47472,-1.00444,Europe/London
CAX,54.9375,-2.80916,Europe/London
LEQ,50.102791,-5.670205,Europe/London
ABZ,57.201939,-2.19777,Europe/London
BRR,57.016998,-7.433,Europe/London
BWF,54.131161,-3.26366,Europe/London
VLY,53.240002,-4.53,Europe/London
LWK,60.190247,-1.244494,Europe/London
EMA,52.831108,-1.32805,Europe/London
NQT,52.919998,-1.07917,Europe/London
NWI,52.675831,1.282778,Europe/London
QKS,52.241524,-2.882913,Europe/London
ORM,52.305302,-0.793056,Europe/London
QKN,51.721455,0.154339,Europe/London
NRL,59.3675,-2.434444,Europe/London
DGX,51.404106,-3.439235,Europe/London
OBN,56.463501,-5.39967,Europe/London
BHD,54.61805,-5.8725,Europe/London
WIC,58.458881,-3.09305,Europe/London
SOU,50.95026,-1.3568,Europe/London
GLA,55.871941,-4.43305,Europe/London
PIK,55.509441,-4.58666,Europe/London
GLO,51.894161,-2.16722,Europe/London
QKM,53.834442,-1.195556,Europe/London
NQY,50.440552,-4.9954,Europe/London
NCL,55.037498,-1.69166,Europe/London
QKL,51.187199,-1.0335,Europe/London
LBA,53.865891,-1.66056,Europe/London
WRY,59.349998,-2.95,Europe/London
BOH,50.779999,-1.8425,Europe/London
QKW,52.629444,-3.1525,Europe/London
BFS,54.657501,-6.21583,Europe/London
CWL,51.396469,-3.33753,Europe/London
QKF,51.348045,-0.558713,Europe/London
WRT,53.744999,-2.883889,Europe/London
SOY,59.154053,-2.640495,Europe/London
DND,56.452492,-3.02583,Europe/London
QKU,50.860638,-3.233885,Europe/London
QKC,53.101665,-4.3375,Europe/London
SYY,58.215549,-6.33111,Europe/London
EOI,59.191422,-2.77168,Europe/London
EDI,55.950001,-3.3725,Europe/London
QUG,50.859402,-0.759167,Europe/London
PSL,56.439201,-3.37222,Europe/London
QKP,51.71389,-4.312265,Europe/London
HAW,51.833099,-4.96111,Europe/London
ENK,54.39888,-7.65166,Europe/London
LPL,53.333611,-2.84972,Europe/London
SCS,60.432777,-1.296111,Europe/London
HYC,51.611698,-0.808333,Europe/London
TRE,56.499161,-6.86916,Europe/London
EXT,50.73444,-3.41388,Europe/London
QKH,52.517555,-2.259615,Europe/London
GBA,51.668056,-2.056944,Europe/London
PPW,59.351265,-2.898974,Europe/London
MME,54.509178,-1.4294,Europe/London
FAB,51.275829,-0.77633,Europe/London
BEB,57.48111,-7.36277,Europe/London
BBP,50.678055,-1.109444,Europe/London
FIE,59.530926,-1.608972,Europe/London
FFD,51.683544,-1.790277,Europe/London
CEG,53.178051,-2.97777,Europe/London
LUX,49.623329,6.204444,Europe/Luxembourg
TEV,40.411945,-1.2175,Europe/Madrid
XRY,36.744621,-6.06011,Europe/Madrid
QYH,36.128887,-5.441111,Europe/Madrid
VLL,41.706108,-4.85194,Europe/Madrid
VLC,39.489311,-0.48162,Europe/Madrid
LEI,36.843929,-2.37009,Europe/Madrid
ABC,38.948502,-1.86352,Europe/Madrid
RJL,42.460953,-2.322235,Europe/Madrid
ALC,38.282162,-0.55815,Europe/Madrid
LEN,42.58889,-5.655556,Europe/Madrid
RGS,42.357498,-3.613611,Europe/Madrid
ILD,41.726925,0.539164,Europe/Madrid
LCG,43.302059,-8.37725,Europe/Madrid
SVQ,37.41795,-5.892757,Europe/Madrid
VGO,42.2318,-8.62677,Europe/Madrid
CDT,40.209721,0.069722,Europe/Madrid
BJZ,38.891251,-6.82133,Europe/Madrid
IBZ,38.872849,1.373117,Europe/Madrid
SCQ,42.896332,-8.41514,Europe/Madrid
HSK,42.080833,-0.323333,Europe/Madrid
REU,41.147388,1.167172,Europe/Madrid
SDR,43.427059,-3.82,Europe/Madrid
RMU,37.803268,-1.124536,Europe/Madrid
VIT,42.882832,-2.72446,Europe/Madrid
OZP,37.174774,-5.615983,Europe/Madrid
LEU,42.34058,1.410326,Europe/Madrid
EAS,43.35651,-1.79061,Europe/Madrid
CQM,38.85638,-3.97,Europe/Madrid
BIO,43.30109,-2.9106,Europe/Madrid
ODB,37.841999,-4.84887,Europe/Madrid
ZAZ,41.666241,-1.04155,Europe/Madrid
SLM,40.95211,-5.50198,Europe/Madrid
AGP,36.679596,-4.496117,Europe/Madrid
GRX,37.188728,-3.77735,Europe/Madrid
MAD,40.488701,-3.57,Europe/Madrid
MAH,39.862591,4.218647,Europe/Madrid
GRO,41.900959,2.760547,Europe/Madrid
OVD,43.56356,-6.03462,Europe/Madrid
QYU,40.370556,-3.785,Europe/Madrid
PNA,42.770031,-1.64633,Europe/Madrid
PMI,39.55167,2.738808,Europe/Madrid
ROZ,36.645199,-6.34946,Europe/Madrid
QYS,41.521362,2.104412,Europe/Madrid
BCN,41.29707,2.078463,Europe/Madrid
TOJ,40.498768,-3.439534,Europe/Madrid
QYM,40.296906,-3.719975,Europe/Madrid
MLA,35.857491,14.4775,Europe/Malta
MHQ,60.1222,19.898149,Europe/Mariehamn
MSQ,53.882462,28.030729,Europe/Minsk
GME,52.52702,31.016689,Europe/Minsk
BQT,52.116669,23.883333,Europe/Minsk
GNA,53.605801,24.053905,Europe/Minsk
MVQ,53.954899,30.0951,Europe/Minsk
VTB,55.126499,30.34963,Europe/Minsk
MCM,43.725552,7.420278,Europe/Monaco
ARH,64.600281,40.71666,Europe/Moscow
ROV,47.493889,39.924721,Europe/Moscow
PES,61.885159,34.154739,Europe/Moscow
GRV,43.388199,45.699684,Europe/Moscow
IAR,57.560001,40.150002,Europe/Moscow
KMW,57.796902,41.019402,Europe/Moscow
SCW,61.647049,50.845051,Europe/Moscow
AER,43.449921,39.956581,Europe/Moscow
NAL,43.513332,43.638332,Europe/Moscow
NBC,55.564125,52.103409,Europe/Moscow
EIK,46.683498,38.2145,Europe/Moscow
MMK,68.78167,32.75082,Europe/Moscow
VOZ,51.814209,39.22958,Europe/Moscow
NNM,67.639999,53.121941,Europe/Moscow
URS,51.75,36.266666,Europe/Moscow
ESL,46.370594,44.332966,Europe/Moscow
INA,66.054832,60.110321,Europe/Moscow
UUA,54.630001,52.790001,Europe/Moscow
IGT,43.3223,45.0126,Europe/Moscow
CSY,56.09,47.34,Europe/Moscow
CEE,59.276669,38.028332,Europe/Moscow
KZN,55.606178,49.278721,Europe/Moscow
TBW,52.806099,41.4828,Europe/Moscow
PEZ,53.11055,45.021111,Europe/Moscow
TGK,47.198318,38.849041,Europe/Moscow
UCT,63.56694,53.804722,Europe/Moscow
GDZ,44.566666,38.016666,Europe/Moscow
SKX,54.125,45.215,Europe/Moscow
IWA,56.9394,40.9408,Europe/Moscow
GOJ,56.23011,43.784039,Europe/Moscow
MCX,42.816818,47.65229,Europe/Moscow
PEX,65.121101,57.130798,Europe/Moscow
BZK,53.214191,34.176441,Europe/Moscow
PKV,57.785,28.398333,Europe/Moscow
LPK,52.702801,39.5378,Europe/Moscow
KRR,45.034679,39.170528,Europe/Moscow
VKT,67.488609,63.99305,Europe/Moscow
OGZ,43.205002,44.606667,Europe/Moscow
MRV,44.225071,43.081879,Europe/Moscow
STW,45.109161,42.11277,Europe/Moscow
KSZ,61.235802,46.697498,Europe/Moscow
LED,59.800289,30.262501,Europe/Moscow
JOK,56.700558,47.90472,Europe/Moscow
UTS,65.433334,52.200001,Europe/Moscow
KVK,67.463303,33.588299,Europe/Moscow
VGD,59.282501,39.944401,Europe/Moscow
USK,66.004723,57.367222,Europe/Moscow
EGO,50.639999,36.59,Europe/Moscow
AAQ,45.00209,37.347271,Europe/Moscow
KLF,54.549999,36.366669,Europe/Moscow
ZIA,55.553333,38.151669,Europe/Moscow
CKL,55.8783,38.061699,Europe/Moscow
DME,55.408779,37.906311,Europe/Moscow
VKO,55.59153,37.261478,Europe/Moscow
SVO,55.972641,37.414581,Europe/Moscow
OSF,55.5075,37.502499,Europe/Moscow
RRS,62.578411,11.34234,Europe/Oslo
TRF,59.186699,10.25862,Europe/Oslo
KRS,58.204208,8.085369,Europe/Oslo
TRD,63.45755,10.92425,Europe/Oslo
KSU,63.111778,7.824522,Europe/Oslo
RVK,64.838333,11.146111,Europe/Oslo
VDB,61.015549,9.288056,Europe/Oslo
BNN,65.461113,12.2175,Europe/Oslo
KKN,69.725777,29.891291,Europe/Oslo
QCG,58.518326,8.707467,Europe/Oslo
AES,62.560371,6.110164,Europe/Oslo
TOS,69.683327,18.918909,Europe/Oslo
OLA,63.698898,9.604003,Europe/Oslo
RET,67.527771,12.10333,Europe/Oslo
SDN,61.830002,6.109444,Europe/Oslo
QCR,59.39679,11.347708,Europe/Oslo
EVE,68.491302,16.678101,Europe/Oslo
SSJ,65.956818,12.46894,Europe/Oslo
VAW,70.354721,31.045555,Europe/Oslo
HAU,59.345261,5.208364,Europe/Oslo
OSY,64.467003,11.583,Europe/Oslo
SKN,68.580833,15.02611,Europe/Oslo
LKN,68.152496,13.60944,Europe/Oslo
MEH,71.02916,27.826111,Europe/Oslo
HMR,60.818054,11.068056,Europe/Oslo
HFT,70.679527,23.667839,Europe/Oslo
MJF,65.783989,13.21491,Europe/Oslo
HAA,70.486671,22.13974,Europe/Oslo
SOG,61.156109,7.136614,Europe/Oslo
LKL,70.06881,24.97348,Europe/Oslo
MQN,66.363876,14.30138,Europe/Oslo
BGO,60.293381,5.218142,Europe/Oslo
BVG,70.871384,29.034161,Europe/Oslo
SVG,58.87677,5.637856,Europe/Oslo
ANX,69.292503,16.144159,Europe/Oslo
HVG,71.00972,25.98361,Europe/Oslo
SRP,59.79192,5.34085,Europe/Oslo
VDS,70.065269,29.844721,Europe/Oslo
MOL,62.74472,7.2625,Europe/Oslo
ALF,69.976112,23.37166,Europe/Oslo
SOJ,69.786827,20.95944,Europe/Oslo
SKE,59.185001,9.566944,Europe/Oslo
FRO,61.583611,5.024722,Europe/Oslo
RYG,59.378929,10.78538,Europe/Oslo
OSL,60.193909,11.10036,Europe/Oslo
FDE,61.391109,5.756944,Europe/Oslo
BDU,69.055748,18.54035,Europe/Oslo
HOV,62.182999,6.067,Europe/Oslo
SVJ,68.243332,14.66916,Europe/Oslo
NTB,59.565701,9.21222,Europe/Oslo
BOO,67.269157,14.36527,Europe/Oslo
VRY,67.655403,12.727,Europe/Oslo
BJF,70.600273,29.692499,Europe/Oslo
CLY,42.520359,8.793028,Europe/Paris
CNG,45.657669,-0.314753,Europe/Paris
CVF,45.39666,6.633611,Europe/Paris
CSF,49.253609,2.519167,Europe/Paris
VHY,46.17178,3.404033,Europe/Paris
VNE,47.719238,-2.72337,Europe/Paris
CEQ,43.546379,6.954167,Europe/Paris
AJA,41.923882,8.8025,Europe/Paris
CFR,49.173279,-0.44987,Europe/Paris
CMR,48.110352,7.359147,Europe/Paris
IDY,46.717098,-2.391925,Europe/Paris
ZAO,44.35183,1.476396,Europe/Paris
QYV,50.326458,3.458615,Europe/Paris
VAF,44.91555,4.968744,Europe/Paris
BVE,45.040031,1.487762,Europe/Paris
FSC,41.50222,9.096667,Europe/Paris
CFE,45.785831,3.1625,Europe/Paris
CER,49.650829,-1.47527,Europe/Paris
CHR,46.860271,1.721111,Europe/Paris
EVX,49.028702,1.21986,Europe/Paris
GAT,44.455002,6.03778,Europe/Paris
EPL,48.325001,6.066742,Europe/Paris
CMF,45.639069,5.880086,Europe/Paris
BYF,49.9715,2.69766,Europe/Paris
CQF,50.96093,1.951433,Europe/Paris
GNB,45.362926,5.332563,Europe/Paris
LBI,43.913269,2.11675,Europe/Paris
DCM,43.554958,2.290592,Europe/Paris
DLE,47.04277,5.435,Europe/Paris
CET,47.081902,-0.87721,Europe/Paris
DNR,48.587769,-2.08,Europe/Paris
DIJ,47.265831,5.095,Europe/Paris
AGF,44.174709,0.590619,Europe/Paris
CCF,43.215809,2.308544,Europe/Paris
DOL,49.363331,0.16,Europe/Paris
QXB,43.50528,5.367222,Europe/Paris
QYT,48.321609,4.016622,Europe/Paris
GFR,48.883099,-1.56417,Europe/Paris
SBK,48.537491,-2.85654,Europe/Paris
LVA,48.032249,-0.74278,Europe/Paris
NCY,45.930771,6.106289,Europe/Paris
BOU,47.064449,2.378953,Europe/Paris
QYA,46.19194,6.269444,Europe/Paris
NVS,47.003731,3.110742,Europe/Paris
NCE,43.665272,7.215,Europe/Paris
FNI,43.7575,4.416389,Europe/Paris
LTQ,50.514839,1.627578,Europe/Paris
LPY,45.083332,3.766667,Europe/Paris
LME,47.94849,0.201647,Europe/Paris
NIT,46.313419,-0.39443,Europe/Paris
LEH,49.533878,0.088056,Europe/Paris
CTT,43.25222,5.786111,Europe/Paris
QYX,46.253483,3.588642,Europe/Paris
LAI,48.75489,-3.47448,Europe/Paris
BIA,42.549999,9.484722,Europe/Paris
BSL,47.5989,7.5283,Europe/Paris
OUI,48.463181,-5.06355,Europe/Paris
BVA,49.454441,2.112778,Europe/Paris
CDG,49.012516,2.555752,Europe/Paris
LBG,48.958801,2.4336,Europe/Paris
ORY,48.723331,2.379444,Europe/Paris
XCR,48.759998,4.2,Europe/Paris
VIY,48.774399,2.20154,Europe/Paris
QYY,46.202198,5.291796,Europe/Paris
NTE,47.15694,-1.60777,Europe/Paris
ENC,48.692081,6.22605,Europe/Paris
XMU,46.534443,3.421667,Europe/Paris
LRT,47.760529,-3.43995,Europe/Paris
BOD,44.828609,-0.71527,Europe/Paris
LYN,45.729511,4.938844,Europe/Paris
LYS,45.719643,5.089108,Europe/Paris
LDE,43.185551,-0.00277,Europe/Paris
QYO,47.678616,1.208735,Europe/Paris
MRS,43.436661,5.215,Europe/Paris
BIQ,43.468391,-1.523171,Europe/Paris
MEN,44.504082,3.527633,Europe/Paris
HZB,50.618401,2.64224,Europe/Paris
ETZ,48.978329,6.246667,Europe/Paris
PUF,43.380001,-0.41861,Europe/Paris
SXB,48.538326,7.628381,Europe/Paris
QYB,47.2066,6.08368,Europe/Paris
EGC,44.824429,0.520525,Europe/Paris
BIC,47.325184,-3.201334,Europe/Paris
MCU,46.223827,2.363722,Europe/Paris
LIG,45.860828,1.180278,Europe/Paris
LIL,50.563332,3.086944,Europe/Paris
MPL,43.58028,3.96744,Europe/Paris
MXN,48.600739,-3.81666,Europe/Paris
SYT,46.412498,4.01326,Europe/Paris
ANE,47.56028,-0.312222,Europe/Paris
ANG,45.729469,0.219153,Europe/Paris
BZR,43.323421,3.353397,Europe/Paris
PGX,45.197479,0.815217,Europe/Paris
ORE,47.897499,2.164167,Europe/Paris
EDM,46.702381,-1.38175,Europe/Paris
RCO,45.889519,-0.98239,Europe/Paris
AVN,43.906582,4.902028,Europe/Paris
AUF,47.846321,3.496578,Europe/Paris
AUR,44.897579,2.416719,Europe/Paris
XAC,44.59861,-1.11472,Europe/Paris
UIP,47.974998,-4.16777,Europe/Paris
TLN,43.09734,6.146031,Europe/Paris
POX,49.096619,2.040722,Europe/Paris
RYN,45.631161,-0.97548,Europe/Paris
URO,49.390831,1.183889,Europe/Paris
BES,48.44722,-4.42166,Europe/Paris
LRH,46.179211,-1.19523,Europe/Paris
RHE,49.3102,4.050747,Europe/Paris
QYR,49.208611,4.156667,Europe/Paris
RNS,48.071941,-1.73222,Europe/Paris
RNE,46.052711,3.999614,Europe/Paris
QYD,47.698708,-2.037918,Europe/Paris
PIS,46.587502,0.306667,Europe/Paris
RDZ,44.407501,2.483333,Europe/Paris
TUF,47.431938,0.723056,Europe/Paris
TLS,43.628101,1.367263,Europe/Paris
LTT,43.205399,6.482,Europe/Paris
PGF,42.740829,2.869722,Europe/Paris
TNF,48.749748,2.111178,Europe/Paris
QYF,43.545696,1.36722,Europe/Paris
LBY,47.288422,-2.347248,Europe/Paris
SNR,47.310551,-2.15666,Europe/Paris
EBU,45.53405,4.297311,Europe/Paris
TGD,42.35939,19.25189,Europe/Podgorica
TIV,42.404659,18.72328,Europe/Podgorica
BRQ,49.15126,16.694429,Europe/Prague
KLV,50.202969,12.91498,Europe/Prague
PED,50.013409,15.73864,Europe/Prague
OSR,49.696289,18.11105,Europe/Prague
QEH,50.255554,15.845278,Europe/Prague
JCL,48.946388,14.428056,Europe/Prague
UHE,49.0294,17.439699,Europe/Prague
QEP,49.71822,14.094813,Europe/Prague
PRG,50.10083,14.26,Europe/Prague
PRV,49.425831,17.40472,Europe/Prague
VOD,50.216389,14.395,Europe/Prague
RIX,56.923611,23.971109,Europe/Riga
LPX,56.517502,21.096939,Europe/Riga
VNT,57.349998,21.540001,Europe/Riga
QIV,45.742035,8.888105,Europe/Rome
BGY,45.668304,9.704209,Europe/Rome
AOI,43.616341,13.36231,Europe/Rome
QSR,40.620148,14.92084,Europe/Rome
QIO,45.472023,10.927932,Europe/Rome
CIY,36.990002,14.6,Europe/Rome
VCE,45.505268,12.35194,Europe/Rome
TSF,45.648399,12.19442,Europe/Rome
MXP,45.6306,8.728111,Europe/Rome
BLQ,44.535439,11.28866,Europe/Rome
QIU,41.952232,12.502346,Europe/Rome
FCO,41.80447,12.25079,Europe/Rome
QIC,45.495239,8.102928,Europe/Rome
VRN,45.395699,10.88853,Europe/Rome
LIN,45.445099,9.276739,Europe/Rome
NAP,40.886028,14.29078,Europe/Rome
CRV,38.997219,17.08016,Europe/Rome
PMF,44.824478,10.29636,Europe/Rome
EBA,42.760269,10.23944,Europe/Rome
PEG,43.095901,12.51322,Europe/Rome
PSR,42.431648,14.18106,Europe/Rome
PNL,36.816509,11.96886,Europe/Rome
PMO,38.175949,13.09101,Europe/Rome
QIP,45.395832,11.847766,Europe/Rome
PSA,43.68391,10.39275,Europe/Rome
FLR,43.809952,11.2051,Europe/Rome
FOG,41.432911,15.53502,Europe/Rome
AOT,45.738499,7.36872,Europe/Rome
FRL,44.194752,12.07009,Europe/Rome
BZO,46.46019,11.32638,Europe/Rome
CIA,41.799358,12.59493,Europe/Rome
FNU,39.895416,8.642592,Europe/Rome
OLB,40.898659,9.517628,Europe/Rome
GOA,44.41333,8.8375,Europe/Rome
SAY,43.256279,11.25503,Europe/Rome
NSY,37.401661,14.92235,Europe/Rome
AVB,46.031879,12.59647,Europe/Rome
CTA,37.466782,15.0664,Europe/Rome
RAN,44.36433,12.225415,Europe/Rome
GRS,42.759739,11.07189,Europe/Rome
REG,38.071201,15.65155,Europe/Rome
QIE,44.697876,10.665618,Europe/Rome
RMI,44.02029,12.61174,Europe/Rome
AHO,40.63213,8.290772,Europe/Rome
CUF,44.547009,7.623217,Europe/Rome
BRI,41.138851,16.76059,Europe/Rome
LCV,43.828201,10.5781,Europe/Rome
TPS,37.9114,12.48796,Europe/Rome
SUF,38.905392,16.24226,Europe/Rome
QIB,45.539577,9.202372,Europe/Rome
QAQ,42.380039,13.309296,Europe/Rome
QIA,45.0863,7.603904,Europe/Rome
BDS,40.657631,17.947029,Europe/Rome
LMP,35.49791,12.61808,Europe/Rome
TRN,45.20076,7.649631,Europe/Rome
TAR,40.517509,17.40321,Europe/Rome
QIL,42.573364,12.584465,Europe/Rome
CAG,39.251461,9.054283,Europe/Rome
VBS,45.428879,10.33055,Europe/Rome
QIT,46.022636,11.124957,Europe/Rome
ALL,44.050598,8.127428,Europe/Rome
TRS,45.827499,13.47222,Europe/Rome
IJK,56.828049,53.4575,Europe/Samara
KUF,53.504848,50.16433,Europe/Samara
OMO,43.282902,17.845869,Europe/Sarajevo
SJJ,43.824581,18.331461,Europe/Sarajevo
TZL,44.458649,18.724779,Europe/Sarajevo
BNX,44.941441,17.297501,Europe/Sarajevo
GSV,51.716667,46.166668,Europe/Saratov
SIP,45.052219,33.975128,Europe/Simferopol
SKP,41.96162,21.62138,Europe/Skopje
OHD,41.179951,20.742319,Europe/Skopje
PDV,42.067799,24.85083,Europe/Sofia
GOZ,43.15144,25.712879,Europe/Sofia
VAR,43.232071,27.8251,Europe/Sofia
JAM,42.454304,26.353537,Europe/Sofia
SOF,42.69519,23.40616,Europe/Sofia
BOJ,42.56958,27.51523,Europe/Sofia
ORB,59.223728,15.03795,Europe/Stockholm
GEV,67.132401,20.814631,Europe/Stockholm
PJA,67.246666,23.075001,Europe/Stockholm
OSD,63.194118,14.502,Europe/Stockholm
BLE,60.422009,15.51521,Europe/Stockholm
VST,59.589439,16.63361,Europe/Stockholm
JKG,57.757591,14.06873,Europe/Stockholm
OER,63.408329,18.99003,Europe/Stockholm
MXX,60.957901,14.51138,Europe/Stockholm
GVX,60.5933,16.951401,Europe/Stockholm
LDK,58.4655,13.1744,Europe/Stockholm
KLR,56.685532,16.287571,Europe/Stockholm
HAD,56.69112,12.82021,Europe/Stockholm
HFS,60.020061,13.5789,Europe/Stockholm
KSK,59.345901,14.4959,Europe/Stockholm
KVB,58.456402,13.9727,Europe/Stockholm
SFT,64.624771,21.076891,Europe/Stockholm
LPI,58.406151,15.6805,Europe/Stockholm
NYO,58.788631,16.91218,Europe/Stockholm
KSD,59.44471,13.33736,Europe/Stockholm
UME,63.791821,20.282749,Europe/Stockholm
GOT,57.66283,12.27981,Europe/Stockholm
GSE,57.774719,11.87037,Europe/Stockholm
QEI,58.401375,15.525439,Europe/Stockholm
ARN,59.653545,17.939816,Europe/Stockholm
NRK,58.58625,16.25062,Europe/Stockholm
BMA,59.35437,17.94165,Europe/Stockholm
QEM,59.733612,18.698334,Europe/Stockholm
HMV,65.806107,15.08277,Europe/Stockholm
VBY,57.662788,18.34621,Europe/Stockholm
AGH,56.29607,12.84713,Europe/Stockholm
SDL,62.528118,17.44392,Europe/Stockholm
SCR,61.159,12.84,Europe/Stockholm
LLA,65.543747,22.121981,Europe/Stockholm
AJR,65.590271,19.28194,Europe/Stockholm
LYC,64.548317,18.716209,Europe/Stockholm
VVK,57.779999,16.5236,Europe/Stockholm
VXO,56.929138,14.72799,Europe/Stockholm
RNB,56.266659,15.265,Europe/Stockholm
TYF,60.157619,12.99126,Europe/Stockholm
THN,58.31805,12.345,Europe/Stockholm
KRF,63.048592,17.76885,Europe/Stockholm
KID,55.92168,14.08553,Europe/Stockholm
QEL,56.082779,13.2125,Europe/Stockholm
MMX,55.53019,13.37163,Europe/Stockholm
KRN,67.821983,20.33676,Europe/Stockholm
HLF,57.525799,15.8233,Europe/Stockholm
EKT,59.351101,16.708401,Europe/Stockholm
EVG,62.04781,14.42295,Europe/Stockholm
VHM,64.579079,16.83357,Europe/Stockholm
TAY,58.307461,26.69042,Europe/Tallinn
URE,58.229881,22.509489,Europe/Tallinn
TLL,59.413311,24.83284,Europe/Tallinn
EPU,58.418999,24.472799,Europe/Tallinn
KDL,58.990749,22.83073,Europe/Tallinn
TIA,41.414742,19.72056,Europe/Tirane
KFZ,42.032833,20.414944,Europe/Tirane
ULY,54.400002,48.799999,Europe/Ulyanovsk
ULV,54.275555,48.243057,Europe/Ulyanovsk
KLU,46.642509,14.33773,Europe/Vienna
GRZ,46.991058,15.43962,Europe/Vienna
QYJ,47.52021,12.449533,Europe/Vienna
SZG,47.794266,13.003386,Europe/Vienna
HOH,47.384579,9.699903,Europe/Vienna
INN,47.260208,11.34396,Europe/Vienna
QYI,48.403057,13.448161,Europe/Vienna
VIE,48.110271,16.569719,Europe/Vienna
LNZ,48.233212,14.18751,Europe/Vienna
QEW,47.843334,16.26,Europe/Vienna
QYW,47.291489,12.790566,Europe/Vienna
VNO,54.63707,25.2878,Europe/Vilnius
KUN,54.963909,24.08477,Europe/Vilnius
SQQ,55.893879,23.39497,Europe/Vilnius
PLQ,55.973221,21.093849,Europe/Vilnius
VOG,48.78252,44.345539,Europe/Volgograd
OSZ,54.0425,16.2656,Europe/Warsaw
CZW,50.884998,19.2047,Europe/Warsaw
SZY,53.481899,20.9377,Europe/Warsaw
WRO,51.10268,16.88583,Europe/Warsaw
IEG,52.138512,15.79855,Europe/Warsaw
QPD,51.551472,21.891415,Europe/Warsaw
QPK,50.896793,20.731529,Europe/Warsaw
QPO,54.579674,18.517136,Europe/Warsaw
GDN,54.37756,18.466221,Europe/Warsaw
POZ,52.421028,16.826321,Europe/Warsaw
QPP,51.382603,19.688614,Europe/Warsaw
RZE,50.109951,22.018999,Europe/Warsaw
KRK,50.077728,19.78483,Europe/Warsaw
LUZ,51.240002,22.713333,Europe/Warsaw
KTW,50.474251,19.080009,Europe/Warsaw
SZZ,53.584728,14.9022,Europe/Warsaw
QPB,52.269184,20.907217,Europe/Warsaw
BZG,53.096802,17.977659,Europe/Warsaw
WAW,52.165749,20.967119,Europe/Warsaw
WMI,52.451111,20.651667,Europe/Warsaw
BXP,52.003056,23.143612,Europe/Warsaw
LCJ,51.721882,19.39813,Europe/Warsaw
RDO,51.389034,21.212797,Europe/Warsaw
QPM,50.322224,21.462221,Europe/Warsaw
ZAG,45.742931,16.068769,Europe/Zagreb
LSZ,44.5658,14.3931,Europe/Zagreb
SPU,43.53894,16.29796,Europe/Zagreb
ZAD,44.108261,15.34669,Europe/Zagreb
OSI,45.462662,18.81015,Europe/Zagreb
DBV,42.561352,18.26824,Europe/Zagreb
RJK,45.216881,14.57026,Europe/Zagreb
PUY,44.893532,13.92219,Europe/Zagreb
BWK,43.285702,16.679701,Europe/Zagreb
QYE,46.755207,7.075892,Europe/Zurich
VIP,46.844105,6.916415,Europe/Zurich
GVA,46.23806,6.10895,Europe/Zurich
QYC,47.083889,6.792778,Europe/Zurich
SIR,46.219589,7.326764,Europe/Zurich
QYL,46.545277,6.616667,Europe/Zurich
QYG,47.181389,7.416944,Europe/Zurich
SMV,46.534069,9.884106,Europe/Zurich
BRN,46.914101,7.497153,Europe/Zurich
BXO,46.974445,8.396944,Europe/Zurich
QYQ,46.513058,8.689444,Europe/Zurich
QYN,46.486286,7.246536,Europe/Zurich
QYZ,46.165298,8.8778,Europe/Zurich
ACH,47.485031,9.560775,Europe/Zurich
LUG,46.004269,8.910578,Europe/Zurich
ZRH,47.464722,8.549167,Europe/Zurich
TLE,-23.383301,43.728451,Indian/Antananarivo
SMS,-17.0938,49.81583,Indian/Antananarivo
TNR,-18.7969,47.478802,Indian/Antananarivo
NOS,-13.312,48.314819,Indian/Antananarivo
DIE,-12.3494,49.29174,Indian/Antananarivo
MOQ,-20.2847,44.317612,Indian/Antananarivo
FTU,-25.038,46.956108,Indian/Antananarivo
WMN,-15.4366,49.688332,Indian/Antananarivo
MJN,-15.6671,46.351822,Indian/Antananarivo
TTS,-16.75,47.617001,Indian/Antananarivo
TMM,-18.109501,49.392529,Indian/Antananarivo
SVB,-14.2786,50.174721,Indian/Antananarivo
XCH,-10.450556,105.690277,Indian/Christmas
CCK,-12.188611,96.830559,Indian/Cocos
HAH,-11.5336,43.271851,Indian/Comoro
AJN,-12.1316,44.430271,Indian/Comoro
PRI,-4.31929,55.69141,Indian/Mahe
SEZ,-4.67434,55.521832,Indian/Mahe
KDO,1.85,73.510002,Indian/Maldives
NMF,5.822222,73.474724,Indian/Maldives
IFU,5.708056,73.025002,Indian/Maldives
MLE,4.191833,73.529121,Indian/Maldives
HRF,6.980556,72.895836,Indian/Maldives
GAN,-0.693333,73.155556,Indian/Maldives
TMF,2.212456,73.152817,Indian/Maldives
VAM,3.47,72.830002,Indian/Maldives
HAQ,6.74,73.160004,Indian/Maldives
DDD,2.667222,72.892776,Indian/Maldives
DRV,5.15,73.129997,Indian/Maldives
GKK,0.73,73.43,Indian/Maldives
FVM,-0.309444,73.432503,Indian/Maldives
RUL,0.336667,73.511391,Indian/Maldives
HDK,6.632705,73.067566,Indian/Maldives
KDM,0.48,72.989998,Indian/Maldives
FND,6.161111,73.287224,Indian/Maldives
RRG,-19.757601,63.360981,Indian/Mauritius
MRU,-20.430201,57.683601,Indian/Mauritius
DZA,-12.8066,45.280548,Indian/Mayotte
ZSE,-21.3216,55.425549,Indian/Reunion
RUN,-20.889999,55.51638,Indian/Reunion
APW,-13.8296,-171.996994,Pacific/Apia
NSN,-41.298302,173.2211,Pacific/Auckland
KKE,-35.262699,173.911896,Pacific/Auckland
IVC,-46.415001,168.320007,Pacific/Auckland
AMZ,-37.029701,174.973007,Pacific/Auckland
PMR,-40.320499,175.616898,Pacific/Auckland
KAT,-35.07,173.285202,Pacific/Auckland
WLG,-41.327202,174.805206,Pacific/Auckland
WSZ,-41.737999,171.580795,Pacific/Auckland
TUO,-38.7397,176.084396,Pacific/Auckland
ZQN,-45.021099,168.739105,Pacific/Auckland
AKL,-37.007999,174.791595,Pacific/Auckland
CHC,-43.489399,172.534393,Pacific/Auckland
GBZ,-36.241402,175.472,Pacific/Auckland
PPQ,-40.904701,174.989105,Pacific/Auckland
TRG,-37.672001,176.195999,Pacific/Auckland
TWZ,-44.238228,170.119171,Pacific/Auckland
TEU,-45.533001,167.649994,Pacific/Auckland
WTZ,-36.830273,175.679947,Pacific/Auckland
WKA,-44.722198,169.245499,Pacific/Auckland
PCN,-41.348301,173.9552,Pacific/Auckland
GIS,-38.6633,177.978302,Pacific/Auckland
WRE,-35.768299,174.364899,Pacific/Auckland
KTF,-40.813301,172.774994,Pacific/Auckland
HKK,-42.7136,170.985199,Pacific/Auckland
GMN,-42.4617,171.190002,Pacific/Auckland
BHE,-41.518299,173.870193,Pacific/Auckland
NPL,-39.008598,174.179092,Pacific/Auckland
WHK,-37.920502,176.914093,Pacific/Auckland
ROT,-38.1091,176.3172,Pacific/Auckland
DUD,-45.928001,170.198303,Pacific/Auckland
WIK,-36.808899,175.085999,Pacific/Auckland
HLZ,-37.866299,175.335205,Pacific/Auckland
TIU,-44.3027,171.225204,Pacific/Auckland
WAG,-39.963383,175.024185,Pacific/Auckland
NPE,-39.465801,176.869995,Pacific/Auckland
KIE,-6.303994,155.727005,Pacific/Bougainville
BUA,-5.42232,154.673004,Pacific/Bougainville
CHT,-43.812897,-176.469711,Pacific/Chatham
YAP,9.498912,138.082397,Pacific/Chuuk
TKK,7.461893,151.843002,Pacific/Chuuk
IPC,-27.1647,-109.420998,Pacific/Easter
TGH,-16.8911,168.5513,Pacific/Efate
SON,-15.5057,167.221298,Pacific/Efate
TAH,-19.458445,169.22821,Pacific/Efate
VLI,-17.699301,168.319702,Pacific/Efate
FTA,-19.5163,170.231903,Pacific/Efate
SVU,-16.8027,179.3405,Pacific/Fiji
YAS,-16.7589,177.544998,Pacific/Fiji
SUV,-18.0432,178.559204,Pacific/Fiji
KDV,-19.053968,178.156067,Pacific/Fiji
RTA,-12.4825,177.071106,Pacific/Fiji
TVU,-16.6905,-179.876007,Pacific/Fiji
LBS,-16.4667,179.339798,Pacific/Fiji
PTF,-17.777901,177.196701,Pacific/Fiji
NAN,-17.755301,177.443298,Pacific/Fiji
MNF,-17.6731,177.098007,Pacific/Fiji
CST,-17.733299,177.126907,Pacific/Fiji
FUN,-8.525,179.196304,Pacific/Funafuti
SCY,-0.910278,-89.6175,Pacific/Galapagos
GPS,-0.45375,-90.2659,Pacific/Galapagos
GMR,-23.0833,-134.882996,Pacific/Gambier
MUA,-8.32796,157.263,Pacific/Guadalcanal
HIR,-9.428,160.054703,Pacific/Guadalcanal
GZO,-8.09777,156.863602,Pacific/Guadalcanal
KGE,-7.333,157.582993,Pacific/Guadalcanal
GUM,,,Pacific/Guam
KOA,19.73876,-156.044998,Pacific/Honolulu
LIH,21.975981,-159.337997,Pacific/Honolulu
HNM,20.79563,-156.014008,Pacific/Honolulu
JRF,21.305307,-158.071228,Pacific/Honolulu
OGG,20.898649,-156.429993,Pacific/Honolulu
MKK,21.15288,-157.095993,Pacific/Honolulu
LUP,21.211111,-156.974442,Pacific/Honolulu
ITO,19.720261,-155.048004,Pacific/Honolulu
LNY,20.78561,-156.951004,Pacific/Honolulu
JHM,20.962931,-156.673004,Pacific/Honolulu
HNL,21.31868,-157.921997,Pacific/Honolulu
MUE,20.00132,-155.667999,Pacific/Honolulu
CXI,1.986161,-157.348999,Pacific/Kiritimati
KSA,5.356975,162.958298,Pacific/Kosrae
KWA,8.720122,167.731598,Pacific/Kwajalein
MAJ,7.06498,171.272003,Pacific/Majuro
AUQ,-9.76879,-139.011002,Pacific/Marquesas
UAP,-9.35166,-140.076996,Pacific/Marquesas
NHV,-8.79472,-140.223007,Pacific/Marquesas
UAH,-8.93611,-139.552002,Pacific/Marquesas
INU,-0.54745,166.919098,Pacific/Nauru
IUE,-19.08,-169.925003,Pacific/Niue
NLK,-29.041599,167.938705,Pacific/Norfolk
LIF,-20.775,167.2397,Pacific/Noumea
NOU,-22.0163,166.216095,Pacific/Noumea
TGJ,-21.0961,167.803802,Pacific/Noumea
GEA,-22.258301,166.472702,Pacific/Noumea
KOC,-20.546301,164.255493,Pacific/Noumea
UVE,-20.640499,166.572693,Pacific/Noumea
MEE,-21.4816,168.037506,Pacific/Noumea
KNQ,-21.053301,164.837708,Pacific/Noumea
ILP,-22.5888,167.455795,Pacific/Noumea
TOU,-20.790001,165.259399,Pacific/Noumea
PPG,-14.3316,-170.710999,Pacific/Pago_Pago
ROR,7.367303,134.544205,Pacific/Palau
PNI,6.9851,158.208893,Pacific/Pohnpei
UNG,-6.12571,141.281998,Pacific/Port_Moresby
GKA,-6.08168,145.3918,Pacific/Port_Moresby
MAG,-5.20708,145.788696,Pacific/Port_Moresby
VAI,-2.69717,141.302002,Pacific/Port_Moresby
MIS,-10.6892,152.837997,Pacific/Port_Moresby
WWK,-3.58382,143.669098,Pacific/Port_Moresby
HKN,-5.46216,150.404907,Pacific/Port_Moresby
KCJ,-7.2714,143.5952,Pacific/Port_Moresby
KOM,-6.0682,142.859802,Pacific/Port_Moresby
MXH,-6.36333,143.238007,Pacific/Port_Moresby
RMN,-5.897222,141.271667,Pacific/Port_Moresby
MAS,-2.06189,147.423996,Pacific/Port_Moresby
KVG,-2.5794,150.807999,Pacific/Port_Moresby
HGU,-5.82678,144.295807,Pacific/Port_Moresby
GUR,-10.3115,150.334,Pacific/Port_Moresby
KRI,-7.425146,144.250656,Pacific/Port_Moresby
PNP,-8.80454,148.309006,Pacific/Port_Moresby
POM,-9.44338,147.220001,Pacific/Port_Moresby
WBM,-5.633776,143.891006,Pacific/Port_Moresby
TIZ,-5.845,142.947998,Pacific/Port_Moresby
KMR,-6.4921,144.822998,Pacific/Port_Moresby
TFI,-9.076038,149.31987,Pacific/Port_Moresby
DAU,-9.08676,143.207993,Pacific/Port_Moresby
LAE,-6.56982,146.726196,Pacific/Port_Moresby
TBG,-5.27861,141.225998,Pacific/Port_Moresby
KMA,-7.96361,145.770996,Pacific/Port_Moresby
RAB,-4.34045,152.379593,Pacific/Port_Moresby
LNV,-3.04,152.619995,Pacific/Port_Moresby
AIT,-18.8309,-159.764008,Pacific/Rarotonga
RAR,-21.2027,-159.804993,Pacific/Rarotonga
SPN,15.119,145.729294,Pacific/Saipan
ROP,14.17435,145.241104,Pacific/Saipan
TIQ,14.999211,145.618576,Pacific/Saipan
NAU,-14.1767,-141.266998,Pacific/Tahiti
AHE,-14.42759,-146.255981,Pacific/Tahiti
HOI,-18.0748,-140.945007,Pacific/Tahiti
NIU,-16.121988,-146.373245,Pacific/Tahiti
TIH,-15.1196,-148.229996,Pacific/Tahiti
XMH,-14.4375,-146.070007,Pacific/Tahiti
TUB,-23.365299,-149.524002,Pacific/Tahiti
RUR,-22.434,-151.360001,Pacific/Tahiti
MOZ,-17.489901,-149.761002,Pacific/Tahiti
KHZ,-15.7808,-145.123993,Pacific/Tahiti
MKP,-16.5839,-143.658005,Pacific/Tahiti
HUH,-16.688,-151.026001,Pacific/Tahiti
KKR,-15.6674,-146.886002,Pacific/Tahiti
TKV,-17.3552,-138.445007,Pacific/Tahiti
BOB,-16.4443,-151.751007,Pacific/Tahiti
RGI,-14.9552,-147.656998,Pacific/Tahiti
MAU,-16.4263,-152.242996,Pacific/Tahiti
PPT,-17.556601,-149.610992,Pacific/Tahiti
RFP,-16.722799,-151.464996,Pacific/Tahiti
AXR,-15.2463,-146.619995,Pacific/Tahiti
TKX,-14.4558,-145.026001,Pacific/Tahiti
FAV,-16.0541,-145.656006,Pacific/Tahiti
RMT,-22.629999,-152.800003,Pacific/Tahiti
MVT,-14.8694,-148.712997,Pacific/Tahiti
MZK,2.058707,173.271896,Pacific/Tarawa
TBF,-1.224996,174.776611,Pacific/Tarawa
TRW,1.381636,173.147003,Pacific/Tarawa
BBG,3.086669,172.81221,Pacific/Tarawa
TBU,-21.238001,-175.136993,Pacific/Tongatapu
VAV,-18.5846,-173.968002,Pacific/Tongatapu
EUA,-21.378,-174.957993,Pacific/Tongatapu
AWK,19.283333,166.633331,Pacific/Wake
FUT,-14.3113,-178.065994,Pacific/Wallis
WLS,-13.2383,-176.197998,Pacific/Wallis
